snapshot_utc,snapshot_park_datetime,snapshot_park_date,snapshot_timezone,park_id,park_name,land,ride_id,ride_name,is_open,wait_time_minutes,source_last_updated_utc,source_last_updated_park_datetime,source_url
2026-10-05T14:30:36.433Z,2026-10-05 07:30:36,2026-10-05,America/Los_Angeles,disneyland,Disneyland,Adventureland,12428,Adventureland Treehouse inspired by Walt Disney’s Swiss Family Robinson,FALSE,0,2026-10-05T14:25:34.000Z,2026-10-05 07:25:34,https://queue-times.com/parks/16/queue_times.json
2026-10-05T14:30:36.433Z,2026-10-05 07:30:36,2026-10-05,America/Los_Angeles,disneyland,Disneyland,Adventureland,326,Indiana Jones™ Adventure,FALSE,0,2026-10-05T14:25:34.000Z,2026-10-05 07:25:34,https://queue-times.com/parks/16/queue_times.json
2026-10-05T14:30:36.433Z,2026-10-05 07:30:36,2026-10-05,America/Los_Angeles,disneyland,Disneyland,Adventureland,296,Jungle Cruise,FALSE,0,2026-10-05T14:25:34.000Z,2026-10-05 07:25:34,https://queue-times.com/parks/16/queue_times.json
2026-10-05T14:30:36.433Z,2026-10-05 07:30:36,2026-10-05,America/Los_Angeles,disneyland,Disneyland,Adventureland,288,Walt Disney's Enchanted Tiki Room,FALSE,0,2026-10-05T14:25:34.000Z,2026-10-05 07:25:34,https://queue-times.com/parks/16/queue_times.json
2026-10-05T14:30:36.433Z,2026-10-05 07:30:36,2026-10-05,America/Los_Angeles,disneyland,Disneyland,Bayou Country,304,Davy Crockett's Explorer Canoes,FALSE,0,2026-10-05T14:25:34.000Z,2026-10-05 07:25:34,https://queue-times.com/parks/16/queue_times.json
2026-10-05T14:30:36.433Z,2026-10-05 07:30:36,2026-10-05,America/Los_Angeles,disneyland,Disneyland,Bayou Country,306,The Many Adventures of Winnie the Pooh,FALSE,0,2026-10-05T14:25:34.000Z,2026-10-05 07:25:34,https://queue-times.com/parks/16/queue_times.json
2026-10-05T14:30:36.433Z,2026-10-05 07:30:36,2026-10-05,America/Los_Angeles,disneyland,Disneyland,Bayou Country,14168,Tiana's Bayou Adventure,FALSE,0,2026-10-05T14:25:34.000Z,2026-10-05 07:25:34,https://queue-times.com/parks/16/queue_times.json
2026-10-05T14:30:36.433Z,2026-10-05 07:30:36,2026-10-05,America/Los_Angeles,disneyland,Disneyland,Bayou Country,14326,Tiana's Bayou Adventure Single Rider,FALSE,0,2026-10-05T14:25:34.000Z,2026-10-05 07:25:34,https://queue-times.com/parks/16/queue_times.json
2026-10-05T14:30:36.433Z,2026-10-05 07:30:36,2026-10-05,America/Los_Angeles,disneyland,Disneyland,Fantasyland,307,"""it's a small world""",FALSE,0,2026-10-05T14:25:34.000Z,2026-10-05 07:25:34,https://queue-times.com/parks/16/queue_times.json
2026-10-05T14:30:36.433Z,2026-10-05 07:30:36,2026-10-05,America/Los_Angeles,disneyland,Disneyland,Fantasyland,285,Alice in Wonderland,FALSE,0,2026-10-05T14:25:34.000Z,2026-10-05 07:25:34,https://queue-times.com/parks/16/queue_times.json
2026-10-05T14:30:36.433Z,2026-10-05 07:30:36,2026-10-05,America/Los_Angeles,disneyland,Disneyland,Fantasyland,16254,Bluey’s Best Day Ever! at Fantasyland Theatre,TRUE,0,2026-10-05T14:25:34.000Z,2026-10-05 07:25:34,https://queue-times.com/parks/16/queue_times.json
2026-10-05T14:30:36.433Z,2026-10-05 07:30:36,2026-10-05,America/Los_Angeles,disneyland,Disneyland,Fantasyland,303,Casey Jr. Circus Train,FALSE,0,2026-10-05T14:25:34.000Z,2026-10-05 07:25:34,https://queue-times.com/parks/16/queue_times.json
2026-10-05T14:30:36.433Z,2026-10-05 07:30:36,2026-10-05,America/Los_Angeles,disneyland,Disneyland,Fantasyland,275,Dumbo the Flying Elephant,FALSE,0,2026-10-05T14:25:34.000Z,2026-10-05 07:25:34,https://queue-times.com/parks/16/queue_times.json
2026-10-05T14:30:36.433Z,2026-10-05 07:30:36,2026-10-05,America/Los_Angeles,disneyland,Disneyland,Fantasyland,277,King Arthur Carrousel,FALSE,0,2026-10-05T14:25:34.000Z,2026-10-05 07:25:34,https://queue-times.com/parks/16/queue_times.json
2026-10-05T14:30:36.433Z,2026-10-05 07:30:36,2026-10-05,America/Los_Angeles,disneyland,Disneyland,Fantasyland,278,Mad Tea Party,FALSE,0,2026-10-05T14:25:34.000Z,2026-10-05 07:25:34,https://queue-times.com/parks/16/queue_times.json
2026-10-05T14:30:36.433Z,2026-10-05 07:30:36,2026-10-05,America/Los_Angeles,disneyland,Disneyland,Fantasyland,279,Matterhorn Bobsleds,FALSE,0,2026-10-05T14:25:34.000Z,2026-10-05 07:25:34,https://queue-times.com/parks/16/queue_times.json
2026-10-05T14:30:36.433Z,2026-10-05 07:30:36,2026-10-05,America/Los_Angeles,disneyland,Disneyland,Fantasyland,6711,Meet Disney Princesses at Royal Hall,FALSE,0,2026-10-05T14:25:34.000Z,2026-10-05 07:25:34,https://queue-times.com/parks/16/queue_times.json
2026-10-05T14:30:36.433Z,2026-10-05 07:30:36,2026-10-05,America/Los_Angeles,disneyland,Disneyland,Fantasyland,280,Mr. Toad's Wild Ride,FALSE,0,2026-10-05T14:25:34.000Z,2026-10-05 07:25:34,https://queue-times.com/parks/16/queue_times.json
2026-10-05T14:30:36.433Z,2026-10-05 07:30:36,2026-10-05,America/Los_Angeles,disneyland,Disneyland,Fantasyland,281,Peter Pan's Flight,FALSE,0,2026-10-05T14:25:34.000Z,2026-10-05 07:25:34,https://queue-times.com/parks/16/queue_times.json
2026-10-05T14:30:36.433Z,2026-10-05 07:30:36,2026-10-05,America/Los_Angeles,disneyland,Disneyland,Fantasyland,282,Pinocchio's Daring Journey,FALSE,0,2026-10-05T14:25:34.000Z,2026-10-05 07:25:34,https://queue-times.com/parks/16/queue_times.json
2026-10-05T14:30:36.433Z,2026-10-05 07:30:36,2026-10-05,America/Los_Angeles,disneyland,Disneyland,Fantasyland,687,Sleeping Beauty Castle Walkthrough,FALSE,0,2026-10-05T14:25:34.000Z,2026-10-05 07:25:34,https://queue-times.com/parks/16/queue_times.json
2026-10-05T14:30:36.433Z,2026-10-05 07:30:36,2026-10-05,America/Los_Angeles,disneyland,Disneyland,Fantasyland,283,Snow White's Enchanted Wish,FALSE,0,2026-10-05T14:25:34.000Z,2026-10-05 07:25:34,https://queue-times.com/parks/16/queue_times.json
2026-10-05T14:30:36.433Z,2026-10-05 07:30:36,2026-10-05,America/Los_Angeles,disneyland,Disneyland,Fantasyland,305,Storybook Land Canal Boats,FALSE,0,2026-10-05T14:25:34.000Z,2026-10-05 07:25:34,https://queue-times.com/parks/16/queue_times.json
2026-10-05T14:30:36.433Z,2026-10-05 07:30:36,2026-10-05,America/Los_Angeles,disneyland,Disneyland,Frontierland,323,Big Thunder Mountain Railroad,FALSE,0,2026-10-05T14:25:34.000Z,2026-10-05 07:25:34,https://queue-times.com/parks/16/queue_times.json
2026-10-05T14:30:36.433Z,2026-10-05 07:30:36,2026-10-05,America/Los_Angeles,disneyland,Disneyland,Frontierland,679,Frontierland Shootin' Exposition,FALSE,0,2026-10-05T14:25:34.000Z,2026-10-05 07:25:34,https://queue-times.com/parks/16/queue_times.json
2026-10-05T14:30:36.433Z,2026-10-05 07:30:36,2026-10-05,America/Los_Angeles,disneyland,Disneyland,Frontierland,456,Mark Twain Riverboat,FALSE,0,2026-10-05T14:25:34.000Z,2026-10-05 07:25:34,https://queue-times.com/parks/16/queue_times.json
2026-10-05T14:30:36.433Z,2026-10-05 07:30:36,2026-10-05,America/Los_Angeles,disneyland,Disneyland,Frontierland,331,Pirate's Lair on Tom Sawyer Island,FALSE,0,2026-10-05T14:25:34.000Z,2026-10-05 07:25:34,https://queue-times.com/parks/16/queue_times.json
2026-10-05T14:30:36.433Z,2026-10-05 07:30:36,2026-10-05,America/Los_Angeles,disneyland,Disneyland,Frontierland,328,Sailing Ship Columbia,FALSE,0,2026-10-05T14:25:34.000Z,2026-10-05 07:25:34,https://queue-times.com/parks/16/queue_times.json
2026-10-05T14:30:36.433Z,2026-10-05 07:30:36,2026-10-05,America/Los_Angeles,disneyland,Disneyland,Main Street U.S.A,674,Disneyland Railroad,FALSE,0,2026-10-05T14:25:34.000Z,2026-10-05 07:25:34,https://queue-times.com/parks/16/queue_times.json
2026-10-05T14:30:36.433Z,2026-10-05 07:30:36,2026-10-05,America/Los_Angeles,disneyland,Disneyland,Main Street U.S.A,690,Great Moments with Mr. Lincoln,FALSE,0,2026-10-05T14:25:34.000Z,2026-10-05 07:25:34,https://queue-times.com/parks/16/queue_times.json
2026-10-05T14:30:36.433Z,2026-10-05 07:30:36,2026-10-05,America/Los_Angeles,disneyland,Disneyland,Main Street U.S.A,686,Main Street Cinema,FALSE,0,2026-10-05T14:25:34.000Z,2026-10-05 07:25:34,https://queue-times.com/parks/16/queue_times.json
2026-10-05T14:30:36.433Z,2026-10-05 07:30:36,2026-10-05,America/Los_Angeles,disneyland,Disneyland,Main Street U.S.A,691,Main Street Vehicles,FALSE,0,2026-10-05T14:25:34.000Z,2026-10-05 07:25:34,https://queue-times.com/parks/16/queue_times.json
2026-10-05T14:30:36.433Z,2026-10-05 07:30:36,2026-10-05,America/Los_Angeles,disneyland,Disneyland,Main Street U.S.A,14915,Opera House - Walt Disney - A Magical Life,FALSE,0,2026-10-05T14:25:34.000Z,2026-10-05 07:25:34,https://queue-times.com/parks/16/queue_times.json
2026-10-05T14:30:36.433Z,2026-10-05 07:30:36,2026-10-05,America/Los_Angeles,disneyland,Disneyland,Main Street U.S.A,695,The Disney Gallery,FALSE,0,2026-10-05T14:25:34.000Z,2026-10-05 07:25:34,https://queue-times.com/parks/16/queue_times.json
2026-10-05T14:30:36.433Z,2026-10-05 07:30:36,2026-10-05,America/Los_Angeles,disneyland,Disneyland,Main Street U.S.A,14923,Walt Disney - A Magical Life,FALSE,0,2026-10-05T14:25:34.000Z,2026-10-05 07:25:34,https://queue-times.com/parks/16/queue_times.json
2026-10-05T14:30:36.433Z,2026-10-05 07:30:36,2026-10-05,America/Los_Angeles,disneyland,Disneyland,Mickey's Toontown,324,Chip 'n' Dale's GADGETcoaster,FALSE,0,2026-10-05T14:25:34.000Z,2026-10-05 07:25:34,https://queue-times.com/parks/16/queue_times.json
2026-10-05T14:30:36.433Z,2026-10-05 07:30:36,2026-10-05,America/Los_Angeles,disneyland,Disneyland,Mickey's Toontown,13814,Donald's Duck Pond,FALSE,0,2026-10-05T14:25:34.000Z,2026-10-05 07:25:34,https://queue-times.com/parks/16/queue_times.json
2026-10-05T14:30:36.433Z,2026-10-05 07:30:36,2026-10-05,America/Los_Angeles,disneyland,Disneyland,Mickey's Toontown,11980,Goofy's How-to-Play Yard,FALSE,0,2026-10-05T14:25:34.000Z,2026-10-05 07:25:34,https://queue-times.com/parks/16/queue_times.json
2026-10-05T14:30:36.433Z,2026-10-05 07:30:36,2026-10-05,America/Los_Angeles,disneyland,Disneyland,Mickey's Toontown,11526,Mickey & Minnie's Runaway Railway,FALSE,0,2026-10-05T14:25:34.000Z,2026-10-05 07:25:34,https://queue-times.com/parks/16/queue_times.json
2026-10-05T14:30:36.433Z,2026-10-05 07:30:36,2026-10-05,America/Los_Angeles,disneyland,Disneyland,Mickey's Toontown,709,Mickey's House and Meet Mickey Mouse,FALSE,0,2026-10-05T14:25:34.000Z,2026-10-05 07:25:34,https://queue-times.com/parks/16/queue_times.json
2026-10-05T14:30:36.433Z,2026-10-05 07:30:36,2026-10-05,America/Los_Angeles,disneyland,Disneyland,Mickey's Toontown,684,Minnie's House,FALSE,0,2026-10-05T14:25:34.000Z,2026-10-05 07:25:34,https://queue-times.com/parks/16/queue_times.json
2026-10-05T14:30:36.433Z,2026-10-05 07:30:36,2026-10-05,America/Los_Angeles,disneyland,Disneyland,Mickey's Toontown,332,Roger Rabbit's Car Toon Spin,FALSE,0,2026-10-05T14:25:34.000Z,2026-10-05 07:25:34,https://queue-times.com/parks/16/queue_times.json
2026-10-05T14:30:36.433Z,2026-10-05 07:30:36,2026-10-05,America/Los_Angeles,disneyland,Disneyland,New Orleans Square,325,Haunted Mansion Holiday,FALSE,0,2026-10-05T14:25:34.000Z,2026-10-05 07:25:34,https://queue-times.com/parks/16/queue_times.json
2026-10-05T14:30:36.433Z,2026-10-05 07:30:36,2026-10-05,America/Los_Angeles,disneyland,Disneyland,New Orleans Square,289,Pirates of the Caribbean,FALSE,0,2026-10-05T14:25:34.000Z,2026-10-05 07:25:34,https://queue-times.com/parks/16/queue_times.json
2026-10-05T14:30:36.433Z,2026-10-05 07:30:36,2026-10-05,America/Los_Angeles,disneyland,Disneyland,Star Wars: Galaxy's Edge,6339,Millennium Falcon: Smugglers Run,FALSE,0,2026-10-05T14:25:34.000Z,2026-10-05 07:25:34,https://queue-times.com/parks/16/queue_times.json
2026-10-05T14:30:36.433Z,2026-10-05 07:30:36,2026-10-05,America/Los_Angeles,disneyland,Disneyland,Star Wars: Galaxy's Edge,10903,Millennium Falcon: Smugglers Run Single Rider,FALSE,0,2026-10-05T14:25:34.000Z,2026-10-05 07:25:34,https://queue-times.com/parks/16/queue_times.json
2026-10-05T14:30:36.433Z,2026-10-05 07:30:36,2026-10-05,America/Los_Angeles,disneyland,Disneyland,Star Wars: Galaxy's Edge,6340,Star Wars: Rise of the Resistance,FALSE,0,2026-10-05T14:25:34.000Z,2026-10-05 07:25:34,https://queue-times.com/parks/16/queue_times.json
2026-10-05T14:30:36.433Z,2026-10-05 07:30:36,2026-10-05,America/Los_Angeles,disneyland,Disneyland,Tomorrowland,287,Astro Orbitor,FALSE,0,2026-10-05T14:25:34.000Z,2026-10-05 07:25:34,https://queue-times.com/parks/16/queue_times.json
2026-10-05T14:30:36.433Z,2026-10-05 07:30:36,2026-10-05,America/Los_Angeles,disneyland,Disneyland,Tomorrowland,317,Autopia,FALSE,0,2026-10-05T14:25:34.000Z,2026-10-05 07:25:34,https://queue-times.com/parks/16/queue_times.json
2026-10-05T14:30:36.433Z,2026-10-05 07:30:36,2026-10-05,America/Los_Angeles,disneyland,Disneyland,Tomorrowland,273,Buzz Lightyear Astro Blasters,FALSE,0,2026-10-05T14:25:34.000Z,2026-10-05 07:25:34,https://queue-times.com/parks/16/queue_times.json
2026-10-05T14:30:36.433Z,2026-10-05 07:30:36,2026-10-05,America/Los_Angeles,disneyland,Disneyland,Tomorrowland,274,Disneyland Monorail,FALSE,0,2026-10-05T14:25:34.000Z,2026-10-05 07:25:34,https://queue-times.com/parks/16/queue_times.json
2026-10-05T14:30:36.433Z,2026-10-05 07:30:36,2026-10-05,America/Los_Angeles,disneyland,Disneyland,Tomorrowland,276,Finding Nemo Submarine Voyage,FALSE,0,2026-10-05T14:25:34.000Z,2026-10-05 07:25:34,https://queue-times.com/parks/16/queue_times.json
2026-10-05T14:30:36.433Z,2026-10-05 07:30:36,2026-10-05,America/Los_Angeles,disneyland,Disneyland,Tomorrowland,16627,Pixar Short Film Spotlight,FALSE,0,2026-10-05T14:25:34.000Z,2026-10-05 07:25:34,https://queue-times.com/parks/16/queue_times.json
2026-10-05T14:30:36.433Z,2026-10-05 07:30:36,2026-10-05,America/Los_Angeles,disneyland,Disneyland,Tomorrowland,284,Space Mountain,FALSE,0,2026-10-05T14:25:34.000Z,2026-10-05 07:25:34,https://queue-times.com/parks/16/queue_times.json
2026-10-05T14:30:36.433Z,2026-10-05 07:30:36,2026-10-05,America/Los_Angeles,disneyland,Disneyland,Tomorrowland,286,Star Tours - The Adventures Continue,FALSE,0,2026-10-05T14:25:34.000Z,2026-10-05 07:25:34,https://queue-times.com/parks/16/queue_times.json
2026-10-05T14:30:36.433Z,2026-10-05 07:30:36,2026-10-05,America/Los_Angeles,dca,Disney California Adventure,Avengers Campus,329,Guardians of the Galaxy - Mission: BREAKOUT!,FALSE,0,2026-10-05T14:25:37.000Z,2026-10-05 07:25:37,https://queue-times.com/parks/17/queue_times.json
2026-10-05T14:30:36.433Z,2026-10-05 07:30:36,2026-10-05,America/Los_Angeles,dca,Disney California Adventure,Avengers Campus,8843,WEB SLINGERS: A Spider-Man Adventure,FALSE,0,2026-10-05T14:25:37.000Z,2026-10-05 07:25:37,https://queue-times.com/parks/17/queue_times.json
2026-10-05T14:30:36.433Z,2026-10-05 07:30:36,2026-10-05,America/Los_Angeles,dca,Disney California Adventure,Avengers Campus,10907,WEB SLINGERS: A Spider-Man Adventure Single Rider,FALSE,0,2026-10-05T14:25:37.000Z,2026-10-05 07:25:37,https://queue-times.com/parks/17/queue_times.json
2026-10-05T14:30:36.433Z,2026-10-05 07:30:36,2026-10-05,America/Los_Angeles,dca,Disney California Adventure,Cars Land,2608,Luigi's Honkin' Haul-O-Ween,FALSE,0,2026-10-05T14:25:37.000Z,2026-10-05 07:25:37,https://queue-times.com/parks/17/queue_times.json
2026-10-05T14:30:36.433Z,2026-10-05 07:30:36,2026-10-05,America/Los_Angeles,dca,Disney California Adventure,Cars Land,295,Radiator Springs Racers,FALSE,0,2026-10-05T14:25:37.000Z,2026-10-05 07:25:37,https://queue-times.com/parks/17/queue_times.json
2026-10-05T14:30:36.433Z,2026-10-05 07:30:36,2026-10-05,America/Los_Angeles,dca,Disney California Adventure,Cars Land,10904,Radiator Springs Racers Single Rider,FALSE,0,2026-10-05T14:25:37.000Z,2026-10-05 07:25:37,https://queue-times.com/parks/17/queue_times.json
2026-10-05T14:30:36.433Z,2026-10-05 07:30:36,2026-10-05,America/Los_Angeles,dca,Disney California Adventure,Grizzly Peak,302,Grizzly River Run,FALSE,0,2026-10-05T14:25:37.000Z,2026-10-05 07:25:37,https://queue-times.com/parks/17/queue_times.json
2026-10-05T14:30:36.433Z,2026-10-05 07:30:36,2026-10-05,America/Los_Angeles,dca,Disney California Adventure,Grizzly Peak,293,Redwood Creek Challenge Trail,FALSE,0,2026-10-05T14:25:37.000Z,2026-10-05 07:25:37,https://queue-times.com/parks/17/queue_times.json
2026-10-05T14:30:36.433Z,2026-10-05 07:30:36,2026-10-05,America/Los_Angeles,dca,Disney California Adventure,Grizzly Peak,17129,Soarin’ Across America,FALSE,0,2026-10-05T14:25:37.000Z,2026-10-05 07:25:37,https://queue-times.com/parks/17/queue_times.json
2026-10-05T14:30:36.433Z,2026-10-05 07:30:36,2026-10-05,America/Los_Angeles,dca,Disney California Adventure,Hollywood Land,321,Animation Academy,FALSE,0,2026-10-05T14:25:37.000Z,2026-10-05 07:25:37,https://queue-times.com/parks/17/queue_times.json
2026-10-05T14:30:36.433Z,2026-10-05 07:30:36,2026-10-05,America/Los_Angeles,dca,Disney California Adventure,Hollywood Land,6440,Mickey's PhilharMagic,FALSE,0,2026-10-05T14:25:37.000Z,2026-10-05 07:25:37,https://queue-times.com/parks/17/queue_times.json
2026-10-05T14:30:36.433Z,2026-10-05 07:30:36,2026-10-05,America/Los_Angeles,dca,Disney California Adventure,Hollywood Land,291,"Monsters, Inc. Mike & Sulley to the Rescue!",FALSE,0,2026-10-05T14:25:37.000Z,2026-10-05 07:25:37,https://queue-times.com/parks/17/queue_times.json
2026-10-05T14:30:36.433Z,2026-10-05 07:30:36,2026-10-05,America/Los_Angeles,dca,Disney California Adventure,Hollywood Land,868,Sorcerer's Workshop,FALSE,0,2026-10-05T14:25:37.000Z,2026-10-05 07:25:37,https://queue-times.com/parks/17/queue_times.json
2026-10-05T14:30:36.433Z,2026-10-05 07:30:36,2026-10-05,America/Los_Angeles,dca,Disney California Adventure,Hollywood Land,294,Turtle Talk with Crush,FALSE,0,2026-10-05T14:25:37.000Z,2026-10-05 07:25:37,https://queue-times.com/parks/17/queue_times.json
2026-10-05T14:30:36.433Z,2026-10-05 07:30:36,2026-10-05,America/Los_Angeles,dca,Disney California Adventure,Pacific Wharf,869,The Bakery Tour,FALSE,0,2026-10-05T14:25:37.000Z,2026-10-05 07:25:37,https://queue-times.com/parks/17/queue_times.json
2026-10-05T14:30:36.433Z,2026-10-05 07:30:36,2026-10-05,America/Los_Angeles,dca,Disney California Adventure,Paradise Gardens Park,298,Golden Zephyr,FALSE,0,2026-10-05T14:25:37.000Z,2026-10-05 07:25:37,https://queue-times.com/parks/17/queue_times.json
2026-10-05T14:30:36.433Z,2026-10-05 07:30:36,2026-10-05,America/Los_Angeles,dca,Disney California Adventure,Paradise Gardens Park,319,Goofy's Sky School,FALSE,0,2026-10-05T14:25:37.000Z,2026-10-05 07:25:37,https://queue-times.com/parks/17/queue_times.json
2026-10-05T14:30:36.433Z,2026-10-05 07:30:36,2026-10-05,America/Los_Angeles,dca,Disney California Adventure,Paradise Gardens Park,301,Silly Symphony Swings,FALSE,0,2026-10-05T14:25:37.000Z,2026-10-05 07:25:37,https://queue-times.com/parks/17/queue_times.json
2026-10-05T14:30:36.433Z,2026-10-05 07:30:36,2026-10-05,America/Los_Angeles,dca,Disney California Adventure,Paradise Gardens Park,10905,Silly Symphony Swings Single Rider,FALSE,0,2026-10-05T14:25:37.000Z,2026-10-05 07:25:37,https://queue-times.com/parks/17/queue_times.json
2026-10-05T14:30:36.433Z,2026-10-05 07:30:36,2026-10-05,America/Los_Angeles,dca,Disney California Adventure,Paradise Gardens Park,316,The Little Mermaid - Ariel's Undersea Adventure,FALSE,0,2026-10-05T14:25:37.000Z,2026-10-05 07:25:37,https://queue-times.com/parks/17/queue_times.json
2026-10-05T14:30:36.433Z,2026-10-05 07:30:36,2026-10-05,America/Los_Angeles,dca,Disney California Adventure,Paradise Gardens Park,11528,World of Color – ONE,TRUE,0,2026-10-05T14:25:37.000Z,2026-10-05 07:25:37,https://queue-times.com/parks/17/queue_times.json
2026-10-05T14:30:36.433Z,2026-10-05 07:30:36,2026-10-05,America/Los_Angeles,dca,Disney California Adventure,Pixar Pier,866,Games of Pixar Pier,FALSE,0,2026-10-05T14:25:37.000Z,2026-10-05 07:25:37,https://queue-times.com/parks/17/queue_times.json
2026-10-05T14:30:36.433Z,2026-10-05 07:30:36,2026-10-05,America/Los_Angeles,dca,Disney California Adventure,Pixar Pier,322,Incredicoaster,FALSE,0,2026-10-05T14:25:37.000Z,2026-10-05 07:25:37,https://queue-times.com/parks/17/queue_times.json
2026-10-05T14:30:36.433Z,2026-10-05 07:30:36,2026-10-05,America/Los_Angeles,dca,Disney California Adventure,Pixar Pier,10906,Incredicoaster Single Rider,FALSE,0,2026-10-05T14:25:37.000Z,2026-10-05 07:25:37,https://queue-times.com/parks/17/queue_times.json
2026-10-05T14:30:36.433Z,2026-10-05 07:30:36,2026-10-05,America/Los_Angeles,dca,Disney California Adventure,Pixar Pier,6643,Inside Out Emotional Whirlwind,FALSE,0,2026-10-05T14:25:37.000Z,2026-10-05 07:25:37,https://queue-times.com/parks/17/queue_times.json
2026-10-05T14:30:36.433Z,2026-10-05 07:30:36,2026-10-05,America/Los_Angeles,dca,Disney California Adventure,Pixar Pier,310,Jessie's Critter Carousel,FALSE,0,2026-10-05T14:25:37.000Z,2026-10-05 07:25:37,https://queue-times.com/parks/17/queue_times.json
2026-10-05T14:30:36.433Z,2026-10-05 07:30:36,2026-10-05,America/Los_Angeles,dca,Disney California Adventure,Pixar Pier,300,Jumpin' Jellyfish,FALSE,0,2026-10-05T14:25:37.000Z,2026-10-05 07:25:37,https://queue-times.com/parks/17/queue_times.json
2026-10-05T14:30:36.433Z,2026-10-05 07:30:36,2026-10-05,America/Los_Angeles,dca,Disney California Adventure,Pixar Pier,311,Pixar Pal-A-Round - Swinging,FALSE,0,2026-10-05T14:25:37.000Z,2026-10-05 07:25:37,https://queue-times.com/parks/17/queue_times.json
2026-10-05T14:30:36.433Z,2026-10-05 07:30:36,2026-10-05,America/Los_Angeles,dca,Disney California Adventure,Pixar Pier,5557,Pixar Pal-A-Round – Non-Swinging,FALSE,0,2026-10-05T14:25:37.000Z,2026-10-05 07:25:37,https://queue-times.com/parks/17/queue_times.json
2026-10-05T14:30:36.433Z,2026-10-05 07:30:36,2026-10-05,America/Los_Angeles,dca,Disney California Adventure,Pixar Pier,313,Toy Story Midway Mania!,FALSE,0,2026-10-05T14:25:37.000Z,2026-10-05 07:25:37,https://queue-times.com/parks/17/queue_times.json
2026-10-05T14:30:36.433Z,2026-10-05 07:30:36,2026-10-05,America/Los_Angeles,dca,Disney California Adventure,Halloween,5146,Guardians of the Galaxy - Monsters After Dark,FALSE,0,2026-10-05T14:25:37.000Z,2026-10-05 07:25:37,https://queue-times.com/parks/17/queue_times.json
2026-10-05T14:30:36.433Z,2026-10-05 07:30:36,2026-10-05,America/Los_Angeles,dca,Disney California Adventure,Halloween,4723,Mater's Graveyard JamBOOree,FALSE,0,2026-10-05T14:25:37.000Z,2026-10-05 07:25:37,https://queue-times.com/parks/17/queue_times.json
2026-10-05T14:30:36.433Z,2026-10-05 07:30:36,2026-10-05,America/Los_Angeles,dca,Disney California Adventure,Halloween,7292,Villains Grove at Oogie Boogie Bash,FALSE,0,2026-10-05T14:25:37.000Z,2026-10-05 07:25:37,https://queue-times.com/parks/17/queue_times.json
2026-10-05T14:45:36.452Z,2026-10-05 07:45:36,2026-10-05,America/Los_Angeles,disneyland,Disneyland,Adventureland,12428,Adventureland Treehouse inspired by Walt Disney’s Swiss Family Robinson,FALSE,0,2026-10-05T14:40:34.000Z,2026-10-05 07:40:34,https://queue-times.com/parks/16/queue_times.json
2026-10-05T14:45:36.452Z,2026-10-05 07:45:36,2026-10-05,America/Los_Angeles,disneyland,Disneyland,Adventureland,326,Indiana Jones™ Adventure,FALSE,0,2026-10-05T14:40:34.000Z,2026-10-05 07:40:34,https://queue-times.com/parks/16/queue_times.json
2026-10-05T14:45:36.452Z,2026-10-05 07:45:36,2026-10-05,America/Los_Angeles,disneyland,Disneyland,Adventureland,296,Jungle Cruise,FALSE,0,2026-10-05T14:40:34.000Z,2026-10-05 07:40:34,https://queue-times.com/parks/16/queue_times.json
2026-10-05T14:45:36.452Z,2026-10-05 07:45:36,2026-10-05,America/Los_Angeles,disneyland,Disneyland,Adventureland,288,Walt Disney's Enchanted Tiki Room,FALSE,0,2026-10-05T14:40:34.000Z,2026-10-05 07:40:34,https://queue-times.com/parks/16/queue_times.json
2026-10-05T14:45:36.452Z,2026-10-05 07:45:36,2026-10-05,America/Los_Angeles,disneyland,Disneyland,Bayou Country,304,Davy Crockett's Explorer Canoes,FALSE,0,2026-10-05T14:40:34.000Z,2026-10-05 07:40:34,https://queue-times.com/parks/16/queue_times.json
2026-10-05T14:45:36.452Z,2026-10-05 07:45:36,2026-10-05,America/Los_Angeles,disneyland,Disneyland,Bayou Country,306,The Many Adventures of Winnie the Pooh,FALSE,0,2026-10-05T14:40:34.000Z,2026-10-05 07:40:34,https://queue-times.com/parks/16/queue_times.json
2026-10-05T14:45:36.452Z,2026-10-05 07:45:36,2026-10-05,America/Los_Angeles,disneyland,Disneyland,Bayou Country,14168,Tiana's Bayou Adventure,FALSE,0,2026-10-05T14:40:34.000Z,2026-10-05 07:40:34,https://queue-times.com/parks/16/queue_times.json
2026-10-05T14:45:36.452Z,2026-10-05 07:45:36,2026-10-05,America/Los_Angeles,disneyland,Disneyland,Bayou Country,14326,Tiana's Bayou Adventure Single Rider,FALSE,0,2026-10-05T14:40:34.000Z,2026-10-05 07:40:34,https://queue-times.com/parks/16/queue_times.json
2026-10-05T14:45:36.452Z,2026-10-05 07:45:36,2026-10-05,America/Los_Angeles,disneyland,Disneyland,Fantasyland,307,"""it's a small world""",FALSE,0,2026-10-05T14:40:34.000Z,2026-10-05 07:40:34,https://queue-times.com/parks/16/queue_times.json
2026-10-05T14:45:36.452Z,2026-10-05 07:45:36,2026-10-05,America/Los_Angeles,disneyland,Disneyland,Fantasyland,285,Alice in Wonderland,FALSE,0,2026-10-05T14:40:34.000Z,2026-10-05 07:40:34,https://queue-times.com/parks/16/queue_times.json
2026-10-05T14:45:36.452Z,2026-10-05 07:45:36,2026-10-05,America/Los_Angeles,disneyland,Disneyland,Fantasyland,16254,Bluey’s Best Day Ever! at Fantasyland Theatre,TRUE,0,2026-10-05T14:40:34.000Z,2026-10-05 07:40:34,https://queue-times.com/parks/16/queue_times.json
2026-10-05T14:45:36.452Z,2026-10-05 07:45:36,2026-10-05,America/Los_Angeles,disneyland,Disneyland,Fantasyland,303,Casey Jr. Circus Train,FALSE,0,2026-10-05T14:40:34.000Z,2026-10-05 07:40:34,https://queue-times.com/parks/16/queue_times.json
2026-10-05T14:45:36.452Z,2026-10-05 07:45:36,2026-10-05,America/Los_Angeles,disneyland,Disneyland,Fantasyland,275,Dumbo the Flying Elephant,FALSE,0,2026-10-05T14:40:34.000Z,2026-10-05 07:40:34,https://queue-times.com/parks/16/queue_times.json
2026-10-05T14:45:36.452Z,2026-10-05 07:45:36,2026-10-05,America/Los_Angeles,disneyland,Disneyland,Fantasyland,277,King Arthur Carrousel,FALSE,0,2026-10-05T14:40:34.000Z,2026-10-05 07:40:34,https://queue-times.com/parks/16/queue_times.json
2026-10-05T14:45:36.452Z,2026-10-05 07:45:36,2026-10-05,America/Los_Angeles,disneyland,Disneyland,Fantasyland,278,Mad Tea Party,FALSE,0,2026-10-05T14:40:34.000Z,2026-10-05 07:40:34,https://queue-times.com/parks/16/queue_times.json
2026-10-05T14:45:36.452Z,2026-10-05 07:45:36,2026-10-05,America/Los_Angeles,disneyland,Disneyland,Fantasyland,279,Matterhorn Bobsleds,FALSE,0,2026-10-05T14:40:34.000Z,2026-10-05 07:40:34,https://queue-times.com/parks/16/queue_times.json
2026-10-05T14:45:36.452Z,2026-10-05 07:45:36,2026-10-05,America/Los_Angeles,disneyland,Disneyland,Fantasyland,6711,Meet Disney Princesses at Royal Hall,FALSE,0,2026-10-05T14:40:34.000Z,2026-10-05 07:40:34,https://queue-times.com/parks/16/queue_times.json
2026-10-05T14:45:36.452Z,2026-10-05 07:45:36,2026-10-05,America/Los_Angeles,disneyland,Disneyland,Fantasyland,280,Mr. Toad's Wild Ride,FALSE,0,2026-10-05T14:40:34.000Z,2026-10-05 07:40:34,https://queue-times.com/parks/16/queue_times.json
2026-10-05T14:45:36.452Z,2026-10-05 07:45:36,2026-10-05,America/Los_Angeles,disneyland,Disneyland,Fantasyland,281,Peter Pan's Flight,FALSE,0,2026-10-05T14:40:34.000Z,2026-10-05 07:40:34,https://queue-times.com/parks/16/queue_times.json
2026-10-05T14:45:36.452Z,2026-10-05 07:45:36,2026-10-05,America/Los_Angeles,disneyland,Disneyland,Fantasyland,282,Pinocchio's Daring Journey,FALSE,0,2026-10-05T14:40:34.000Z,2026-10-05 07:40:34,https://queue-times.com/parks/16/queue_times.json
2026-10-05T14:45:36.452Z,2026-10-05 07:45:36,2026-10-05,America/Los_Angeles,disneyland,Disneyland,Fantasyland,687,Sleeping Beauty Castle Walkthrough,FALSE,0,2026-10-05T14:40:34.000Z,2026-10-05 07:40:34,https://queue-times.com/parks/16/queue_times.json
2026-10-05T14:45:36.452Z,2026-10-05 07:45:36,2026-10-05,America/Los_Angeles,disneyland,Disneyland,Fantasyland,283,Snow White's Enchanted Wish,FALSE,0,2026-10-05T14:40:34.000Z,2026-10-05 07:40:34,https://queue-times.com/parks/16/queue_times.json
2026-10-05T14:45:36.452Z,2026-10-05 07:45:36,2026-10-05,America/Los_Angeles,disneyland,Disneyland,Fantasyland,305,Storybook Land Canal Boats,FALSE,0,2026-10-05T14:40:34.000Z,2026-10-05 07:40:34,https://queue-times.com/parks/16/queue_times.json
2026-10-05T14:45:36.452Z,2026-10-05 07:45:36,2026-10-05,America/Los_Angeles,disneyland,Disneyland,Frontierland,323,Big Thunder Mountain Railroad,FALSE,0,2026-10-05T14:40:34.000Z,2026-10-05 07:40:34,https://queue-times.com/parks/16/queue_times.json
2026-10-05T14:45:36.452Z,2026-10-05 07:45:36,2026-10-05,America/Los_Angeles,disneyland,Disneyland,Frontierland,679,Frontierland Shootin' Exposition,FALSE,0,2026-10-05T14:40:34.000Z,2026-10-05 07:40:34,https://queue-times.com/parks/16/queue_times.json
2026-10-05T14:45:36.452Z,2026-10-05 07:45:36,2026-10-05,America/Los_Angeles,disneyland,Disneyland,Frontierland,456,Mark Twain Riverboat,FALSE,0,2026-10-05T14:40:34.000Z,2026-10-05 07:40:34,https://queue-times.com/parks/16/queue_times.json
2026-10-05T14:45:36.452Z,2026-10-05 07:45:36,2026-10-05,America/Los_Angeles,disneyland,Disneyland,Frontierland,331,Pirate's Lair on Tom Sawyer Island,FALSE,0,2026-10-05T14:40:34.000Z,2026-10-05 07:40:34,https://queue-times.com/parks/16/queue_times.json
2026-10-05T14:45:36.452Z,2026-10-05 07:45:36,2026-10-05,America/Los_Angeles,disneyland,Disneyland,Frontierland,328,Sailing Ship Columbia,FALSE,0,2026-10-05T14:40:34.000Z,2026-10-05 07:40:34,https://queue-times.com/parks/16/queue_times.json
2026-10-05T14:45:36.452Z,2026-10-05 07:45:36,2026-10-05,America/Los_Angeles,disneyland,Disneyland,Main Street U.S.A,674,Disneyland Railroad,FALSE,0,2026-10-05T14:40:34.000Z,2026-10-05 07:40:34,https://queue-times.com/parks/16/queue_times.json
2026-10-05T14:45:36.452Z,2026-10-05 07:45:36,2026-10-05,America/Los_Angeles,disneyland,Disneyland,Main Street U.S.A,690,Great Moments with Mr. Lincoln,FALSE,0,2026-10-05T14:40:34.000Z,2026-10-05 07:40:34,https://queue-times.com/parks/16/queue_times.json
2026-10-05T14:45:36.452Z,2026-10-05 07:45:36,2026-10-05,America/Los_Angeles,disneyland,Disneyland,Main Street U.S.A,686,Main Street Cinema,FALSE,0,2026-10-05T14:40:34.000Z,2026-10-05 07:40:34,https://queue-times.com/parks/16/queue_times.json
2026-10-05T14:45:36.452Z,2026-10-05 07:45:36,2026-10-05,America/Los_Angeles,disneyland,Disneyland,Main Street U.S.A,691,Main Street Vehicles,FALSE,0,2026-10-05T14:40:34.000Z,2026-10-05 07:40:34,https://queue-times.com/parks/16/queue_times.json
2026-10-05T14:45:36.452Z,2026-10-05 07:45:36,2026-10-05,America/Los_Angeles,disneyland,Disneyland,Main Street U.S.A,14915,Opera House - Walt Disney - A Magical Life,FALSE,0,2026-10-05T14:40:34.000Z,2026-10-05 07:40:34,https://queue-times.com/parks/16/queue_times.json
2026-10-05T14:45:36.452Z,2026-10-05 07:45:36,2026-10-05,America/Los_Angeles,disneyland,Disneyland,Main Street U.S.A,695,The Disney Gallery,FALSE,0,2026-10-05T14:40:34.000Z,2026-10-05 07:40:34,https://queue-times.com/parks/16/queue_times.json
2026-10-05T14:45:36.452Z,2026-10-05 07:45:36,2026-10-05,America/Los_Angeles,disneyland,Disneyland,Main Street U.S.A,14923,Walt Disney - A Magical Life,FALSE,0,2026-10-05T14:40:34.000Z,2026-10-05 07:40:34,https://queue-times.com/parks/16/queue_times.json
2026-10-05T14:45:36.452Z,2026-10-05 07:45:36,2026-10-05,America/Los_Angeles,disneyland,Disneyland,Mickey's Toontown,324,Chip 'n' Dale's GADGETcoaster,FALSE,0,2026-10-05T14:40:34.000Z,2026-10-05 07:40:34,https://queue-times.com/parks/16/queue_times.json
2026-10-05T14:45:36.452Z,2026-10-05 07:45:36,2026-10-05,America/Los_Angeles,disneyland,Disneyland,Mickey's Toontown,13814,Donald's Duck Pond,FALSE,0,2026-10-05T14:40:34.000Z,2026-10-05 07:40:34,https://queue-times.com/parks/16/queue_times.json
2026-10-05T14:45:36.452Z,2026-10-05 07:45:36,2026-10-05,America/Los_Angeles,disneyland,Disneyland,Mickey's Toontown,11980,Goofy's How-to-Play Yard,FALSE,0,2026-10-05T14:40:34.000Z,2026-10-05 07:40:34,https://queue-times.com/parks/16/queue_times.json
2026-10-05T14:45:36.452Z,2026-10-05 07:45:36,2026-10-05,America/Los_Angeles,disneyland,Disneyland,Mickey's Toontown,11526,Mickey & Minnie's Runaway Railway,FALSE,0,2026-10-05T14:40:34.000Z,2026-10-05 07:40:34,https://queue-times.com/parks/16/queue_times.json
2026-10-05T14:45:36.452Z,2026-10-05 07:45:36,2026-10-05,America/Los_Angeles,disneyland,Disneyland,Mickey's Toontown,709,Mickey's House and Meet Mickey Mouse,FALSE,0,2026-10-05T14:40:34.000Z,2026-10-05 07:40:34,https://queue-times.com/parks/16/queue_times.json
2026-10-05T14:45:36.452Z,2026-10-05 07:45:36,2026-10-05,America/Los_Angeles,disneyland,Disneyland,Mickey's Toontown,684,Minnie's House,FALSE,0,2026-10-05T14:40:34.000Z,2026-10-05 07:40:34,https://queue-times.com/parks/16/queue_times.json
2026-10-05T14:45:36.452Z,2026-10-05 07:45:36,2026-10-05,America/Los_Angeles,disneyland,Disneyland,Mickey's Toontown,332,Roger Rabbit's Car Toon Spin,FALSE,0,2026-10-05T14:40:34.000Z,2026-10-05 07:40:34,https://queue-times.com/parks/16/queue_times.json
2026-10-05T14:45:36.452Z,2026-10-05 07:45:36,2026-10-05,America/Los_Angeles,disneyland,Disneyland,New Orleans Square,325,Haunted Mansion Holiday,FALSE,0,2026-10-05T14:40:34.000Z,2026-10-05 07:40:34,https://queue-times.com/parks/16/queue_times.json
2026-10-05T14:45:36.452Z,2026-10-05 07:45:36,2026-10-05,America/Los_Angeles,disneyland,Disneyland,New Orleans Square,289,Pirates of the Caribbean,FALSE,0,2026-10-05T14:40:34.000Z,2026-10-05 07:40:34,https://queue-times.com/parks/16/queue_times.json
2026-10-05T14:45:36.452Z,2026-10-05 07:45:36,2026-10-05,America/Los_Angeles,disneyland,Disneyland,Star Wars: Galaxy's Edge,6339,Millennium Falcon: Smugglers Run,FALSE,0,2026-10-05T14:40:34.000Z,2026-10-05 07:40:34,https://queue-times.com/parks/16/queue_times.json
2026-10-05T14:45:36.452Z,2026-10-05 07:45:36,2026-10-05,America/Los_Angeles,disneyland,Disneyland,Star Wars: Galaxy's Edge,10903,Millennium Falcon: Smugglers Run Single Rider,FALSE,0,2026-10-05T14:40:34.000Z,2026-10-05 07:40:34,https://queue-times.com/parks/16/queue_times.json
2026-10-05T14:45:36.452Z,2026-10-05 07:45:36,2026-10-05,America/Los_Angeles,disneyland,Disneyland,Star Wars: Galaxy's Edge,6340,Star Wars: Rise of the Resistance,FALSE,0,2026-10-05T14:40:34.000Z,2026-10-05 07:40:34,https://queue-times.com/parks/16/queue_times.json
2026-10-05T14:45:36.452Z,2026-10-05 07:45:36,2026-10-05,America/Los_Angeles,disneyland,Disneyland,Tomorrowland,287,Astro Orbitor,FALSE,0,2026-10-05T14:40:34.000Z,2026-10-05 07:40:34,https://queue-times.com/parks/16/queue_times.json
2026-10-05T14:45:36.452Z,2026-10-05 07:45:36,2026-10-05,America/Los_Angeles,disneyland,Disneyland,Tomorrowland,317,Autopia,FALSE,0,2026-10-05T14:40:34.000Z,2026-10-05 07:40:34,https://queue-times.com/parks/16/queue_times.json
2026-10-05T14:45:36.452Z,2026-10-05 07:45:36,2026-10-05,America/Los_Angeles,disneyland,Disneyland,Tomorrowland,273,Buzz Lightyear Astro Blasters,FALSE,0,2026-10-05T14:40:34.000Z,2026-10-05 07:40:34,https://queue-times.com/parks/16/queue_times.json
2026-10-05T14:45:36.452Z,2026-10-05 07:45:36,2026-10-05,America/Los_Angeles,disneyland,Disneyland,Tomorrowland,274,Disneyland Monorail,FALSE,0,2026-10-05T14:40:34.000Z,2026-10-05 07:40:34,https://queue-times.com/parks/16/queue_times.json
2026-10-05T14:45:36.452Z,2026-10-05 07:45:36,2026-10-05,America/Los_Angeles,disneyland,Disneyland,Tomorrowland,276,Finding Nemo Submarine Voyage,FALSE,0,2026-10-05T14:40:34.000Z,2026-10-05 07:40:34,https://queue-times.com/parks/16/queue_times.json
2026-10-05T14:45:36.452Z,2026-10-05 07:45:36,2026-10-05,America/Los_Angeles,disneyland,Disneyland,Tomorrowland,16627,Pixar Short Film Spotlight,FALSE,0,2026-10-05T14:40:34.000Z,2026-10-05 07:40:34,https://queue-times.com/parks/16/queue_times.json
2026-10-05T14:45:36.452Z,2026-10-05 07:45:36,2026-10-05,America/Los_Angeles,disneyland,Disneyland,Tomorrowland,284,Space Mountain,FALSE,0,2026-10-05T14:40:34.000Z,2026-10-05 07:40:34,https://queue-times.com/parks/16/queue_times.json
2026-10-05T14:45:36.452Z,2026-10-05 07:45:36,2026-10-05,America/Los_Angeles,disneyland,Disneyland,Tomorrowland,286,Star Tours - The Adventures Continue,FALSE,0,2026-10-05T14:40:34.000Z,2026-10-05 07:40:34,https://queue-times.com/parks/16/queue_times.json
2026-10-05T14:45:36.452Z,2026-10-05 07:45:36,2026-10-05,America/Los_Angeles,dca,Disney California Adventure,Avengers Campus,329,Guardians of the Galaxy - Mission: BREAKOUT!,FALSE,0,2026-10-05T14:40:38.000Z,2026-10-05 07:40:38,https://queue-times.com/parks/17/queue_times.json
2026-10-05T14:45:36.452Z,2026-10-05 07:45:36,2026-10-05,America/Los_Angeles,dca,Disney California Adventure,Avengers Campus,8843,WEB SLINGERS: A Spider-Man Adventure,FALSE,0,2026-10-05T14:40:38.000Z,2026-10-05 07:40:38,https://queue-times.com/parks/17/queue_times.json
2026-10-05T14:45:36.452Z,2026-10-05 07:45:36,2026-10-05,America/Los_Angeles,dca,Disney California Adventure,Avengers Campus,10907,WEB SLINGERS: A Spider-Man Adventure Single Rider,FALSE,0,2026-10-05T14:40:38.000Z,2026-10-05 07:40:38,https://queue-times.com/parks/17/queue_times.json
2026-10-05T14:45:36.452Z,2026-10-05 07:45:36,2026-10-05,America/Los_Angeles,dca,Disney California Adventure,Cars Land,2608,Luigi's Honkin' Haul-O-Ween,FALSE,0,2026-10-05T14:40:38.000Z,2026-10-05 07:40:38,https://queue-times.com/parks/17/queue_times.json
2026-10-05T14:45:36.452Z,2026-10-05 07:45:36,2026-10-05,America/Los_Angeles,dca,Disney California Adventure,Cars Land,295,Radiator Springs Racers,FALSE,0,2026-10-05T14:40:38.000Z,2026-10-05 07:40:38,https://queue-times.com/parks/17/queue_times.json
2026-10-05T14:45:36.452Z,2026-10-05 07:45:36,2026-10-05,America/Los_Angeles,dca,Disney California Adventure,Cars Land,10904,Radiator Springs Racers Single Rider,FALSE,0,2026-10-05T14:40:38.000Z,2026-10-05 07:40:38,https://queue-times.com/parks/17/queue_times.json
2026-10-05T14:45:36.452Z,2026-10-05 07:45:36,2026-10-05,America/Los_Angeles,dca,Disney California Adventure,Grizzly Peak,302,Grizzly River Run,FALSE,0,2026-10-05T14:40:38.000Z,2026-10-05 07:40:38,https://queue-times.com/parks/17/queue_times.json
2026-10-05T14:45:36.452Z,2026-10-05 07:45:36,2026-10-05,America/Los_Angeles,dca,Disney California Adventure,Grizzly Peak,293,Redwood Creek Challenge Trail,FALSE,0,2026-10-05T14:40:38.000Z,2026-10-05 07:40:38,https://queue-times.com/parks/17/queue_times.json
2026-10-05T14:45:36.452Z,2026-10-05 07:45:36,2026-10-05,America/Los_Angeles,dca,Disney California Adventure,Grizzly Peak,17129,Soarin’ Across America,FALSE,0,2026-10-05T14:40:38.000Z,2026-10-05 07:40:38,https://queue-times.com/parks/17/queue_times.json
2026-10-05T14:45:36.452Z,2026-10-05 07:45:36,2026-10-05,America/Los_Angeles,dca,Disney California Adventure,Hollywood Land,321,Animation Academy,FALSE,0,2026-10-05T14:40:38.000Z,2026-10-05 07:40:38,https://queue-times.com/parks/17/queue_times.json
2026-10-05T14:45:36.452Z,2026-10-05 07:45:36,2026-10-05,America/Los_Angeles,dca,Disney California Adventure,Hollywood Land,6440,Mickey's PhilharMagic,FALSE,0,2026-10-05T14:40:38.000Z,2026-10-05 07:40:38,https://queue-times.com/parks/17/queue_times.json
2026-10-05T14:45:36.452Z,2026-10-05 07:45:36,2026-10-05,America/Los_Angeles,dca,Disney California Adventure,Hollywood Land,291,"Monsters, Inc. Mike & Sulley to the Rescue!",FALSE,0,2026-10-05T14:40:38.000Z,2026-10-05 07:40:38,https://queue-times.com/parks/17/queue_times.json
2026-10-05T14:45:36.452Z,2026-10-05 07:45:36,2026-10-05,America/Los_Angeles,dca,Disney California Adventure,Hollywood Land,868,Sorcerer's Workshop,FALSE,0,2026-10-05T14:40:38.000Z,2026-10-05 07:40:38,https://queue-times.com/parks/17/queue_times.json
2026-10-05T14:45:36.452Z,2026-10-05 07:45:36,2026-10-05,America/Los_Angeles,dca,Disney California Adventure,Hollywood Land,294,Turtle Talk with Crush,FALSE,0,2026-10-05T14:40:38.000Z,2026-10-05 07:40:38,https://queue-times.com/parks/17/queue_times.json
2026-10-05T14:45:36.452Z,2026-10-05 07:45:36,2026-10-05,America/Los_Angeles,dca,Disney California Adventure,Pacific Wharf,869,The Bakery Tour,FALSE,0,2026-10-05T14:40:38.000Z,2026-10-05 07:40:38,https://queue-times.com/parks/17/queue_times.json
2026-10-05T14:45:36.452Z,2026-10-05 07:45:36,2026-10-05,America/Los_Angeles,dca,Disney California Adventure,Paradise Gardens Park,298,Golden Zephyr,FALSE,0,2026-10-05T14:40:38.000Z,2026-10-05 07:40:38,https://queue-times.com/parks/17/queue_times.json
2026-10-05T14:45:36.452Z,2026-10-05 07:45:36,2026-10-05,America/Los_Angeles,dca,Disney California Adventure,Paradise Gardens Park,319,Goofy's Sky School,FALSE,0,2026-10-05T14:40:38.000Z,2026-10-05 07:40:38,https://queue-times.com/parks/17/queue_times.json
2026-10-05T14:45:36.452Z,2026-10-05 07:45:36,2026-10-05,America/Los_Angeles,dca,Disney California Adventure,Paradise Gardens Park,301,Silly Symphony Swings,FALSE,0,2026-10-05T14:40:38.000Z,2026-10-05 07:40:38,https://queue-times.com/parks/17/queue_times.json
2026-10-05T14:45:36.452Z,2026-10-05 07:45:36,2026-10-05,America/Los_Angeles,dca,Disney California Adventure,Paradise Gardens Park,10905,Silly Symphony Swings Single Rider,FALSE,0,2026-10-05T14:40:38.000Z,2026-10-05 07:40:38,https://queue-times.com/parks/17/queue_times.json
2026-10-05T14:45:36.452Z,2026-10-05 07:45:36,2026-10-05,America/Los_Angeles,dca,Disney California Adventure,Paradise Gardens Park,316,The Little Mermaid - Ariel's Undersea Adventure,FALSE,0,2026-10-05T14:40:38.000Z,2026-10-05 07:40:38,https://queue-times.com/parks/17/queue_times.json
2026-10-05T14:45:36.452Z,2026-10-05 07:45:36,2026-10-05,America/Los_Angeles,dca,Disney California Adventure,Paradise Gardens Park,11528,World of Color – ONE,TRUE,0,2026-10-05T14:40:38.000Z,2026-10-05 07:40:38,https://queue-times.com/parks/17/queue_times.json
2026-10-05T14:45:36.452Z,2026-10-05 07:45:36,2026-10-05,America/Los_Angeles,dca,Disney California Adventure,Pixar Pier,866,Games of Pixar Pier,FALSE,0,2026-10-05T14:40:38.000Z,2026-10-05 07:40:38,https://queue-times.com/parks/17/queue_times.json
2026-10-05T14:45:36.452Z,2026-10-05 07:45:36,2026-10-05,America/Los_Angeles,dca,Disney California Adventure,Pixar Pier,322,Incredicoaster,FALSE,0,2026-10-05T14:40:38.000Z,2026-10-05 07:40:38,https://queue-times.com/parks/17/queue_times.json
2026-10-05T14:45:36.452Z,2026-10-05 07:45:36,2026-10-05,America/Los_Angeles,dca,Disney California Adventure,Pixar Pier,10906,Incredicoaster Single Rider,FALSE,0,2026-10-05T14:40:38.000Z,2026-10-05 07:40:38,https://queue-times.com/parks/17/queue_times.json
2026-10-05T14:45:36.452Z,2026-10-05 07:45:36,2026-10-05,America/Los_Angeles,dca,Disney California Adventure,Pixar Pier,6643,Inside Out Emotional Whirlwind,FALSE,0,2026-10-05T14:40:38.000Z,2026-10-05 07:40:38,https://queue-times.com/parks/17/queue_times.json
2026-10-05T14:45:36.452Z,2026-10-05 07:45:36,2026-10-05,America/Los_Angeles,dca,Disney California Adventure,Pixar Pier,310,Jessie's Critter Carousel,FALSE,0,2026-10-05T14:40:38.000Z,2026-10-05 07:40:38,https://queue-times.com/parks/17/queue_times.json
2026-10-05T14:45:36.452Z,2026-10-05 07:45:36,2026-10-05,America/Los_Angeles,dca,Disney California Adventure,Pixar Pier,300,Jumpin' Jellyfish,FALSE,0,2026-10-05T14:40:38.000Z,2026-10-05 07:40:38,https://queue-times.com/parks/17/queue_times.json
2026-10-05T14:45:36.452Z,2026-10-05 07:45:36,2026-10-05,America/Los_Angeles,dca,Disney California Adventure,Pixar Pier,311,Pixar Pal-A-Round - Swinging,FALSE,0,2026-10-05T14:40:38.000Z,2026-10-05 07:40:38,https://queue-times.com/parks/17/queue_times.json
2026-10-05T14:45:36.452Z,2026-10-05 07:45:36,2026-10-05,America/Los_Angeles,dca,Disney California Adventure,Pixar Pier,5557,Pixar Pal-A-Round – Non-Swinging,FALSE,0,2026-10-05T14:40:38.000Z,2026-10-05 07:40:38,https://queue-times.com/parks/17/queue_times.json
2026-10-05T14:45:36.452Z,2026-10-05 07:45:36,2026-10-05,America/Los_Angeles,dca,Disney California Adventure,Pixar Pier,313,Toy Story Midway Mania!,FALSE,0,2026-10-05T14:40:38.000Z,2026-10-05 07:40:38,https://queue-times.com/parks/17/queue_times.json
2026-10-05T14:45:36.452Z,2026-10-05 07:45:36,2026-10-05,America/Los_Angeles,dca,Disney California Adventure,Halloween,5146,Guardians of the Galaxy - Monsters After Dark,FALSE,0,2026-10-05T14:40:38.000Z,2026-10-05 07:40:38,https://queue-times.com/parks/17/queue_times.json
2026-10-05T14:45:36.452Z,2026-10-05 07:45:36,2026-10-05,America/Los_Angeles,dca,Disney California Adventure,Halloween,4723,Mater's Graveyard JamBOOree,FALSE,0,2026-10-05T14:40:38.000Z,2026-10-05 07:40:38,https://queue-times.com/parks/17/queue_times.json
2026-10-05T14:45:36.452Z,2026-10-05 07:45:36,2026-10-05,America/Los_Angeles,dca,Disney California Adventure,Halloween,7292,Villains Grove at Oogie Boogie Bash,FALSE,0,2026-10-05T14:40:38.000Z,2026-10-05 07:40:38,https://queue-times.com/parks/17/queue_times.json
2026-10-05T15:00:48.891Z,2026-10-05 08:00:48,2026-10-05,America/Los_Angeles,disneyland,Disneyland,Adventureland,12428,Adventureland Treehouse inspired by Walt Disney’s Swiss Family Robinson,FALSE,0,2026-10-05T14:55:37.000Z,2026-10-05 07:55:37,https://queue-times.com/parks/16/queue_times.json
2026-10-05T15:00:48.891Z,2026-10-05 08:00:48,2026-10-05,America/Los_Angeles,disneyland,Disneyland,Adventureland,326,Indiana Jones™ Adventure,FALSE,0,2026-10-05T14:55:37.000Z,2026-10-05 07:55:37,https://queue-times.com/parks/16/queue_times.json
2026-10-05T15:00:48.891Z,2026-10-05 08:00:48,2026-10-05,America/Los_Angeles,disneyland,Disneyland,Adventureland,296,Jungle Cruise,FALSE,0,2026-10-05T14:55:37.000Z,2026-10-05 07:55:37,https://queue-times.com/parks/16/queue_times.json
2026-10-05T15:00:48.891Z,2026-10-05 08:00:48,2026-10-05,America/Los_Angeles,disneyland,Disneyland,Adventureland,288,Walt Disney's Enchanted Tiki Room,FALSE,0,2026-10-05T14:55:37.000Z,2026-10-05 07:55:37,https://queue-times.com/parks/16/queue_times.json
2026-10-05T15:00:48.891Z,2026-10-05 08:00:48,2026-10-05,America/Los_Angeles,disneyland,Disneyland,Bayou Country,304,Davy Crockett's Explorer Canoes,FALSE,0,2026-10-05T14:55:37.000Z,2026-10-05 07:55:37,https://queue-times.com/parks/16/queue_times.json
2026-10-05T15:00:48.891Z,2026-10-05 08:00:48,2026-10-05,America/Los_Angeles,disneyland,Disneyland,Bayou Country,306,The Many Adventures of Winnie the Pooh,FALSE,0,2026-10-05T14:55:37.000Z,2026-10-05 07:55:37,https://queue-times.com/parks/16/queue_times.json
2026-10-05T15:00:48.891Z,2026-10-05 08:00:48,2026-10-05,America/Los_Angeles,disneyland,Disneyland,Bayou Country,14168,Tiana's Bayou Adventure,FALSE,0,2026-10-05T14:55:37.000Z,2026-10-05 07:55:37,https://queue-times.com/parks/16/queue_times.json
2026-10-05T15:00:48.891Z,2026-10-05 08:00:48,2026-10-05,America/Los_Angeles,disneyland,Disneyland,Bayou Country,14326,Tiana's Bayou Adventure Single Rider,FALSE,0,2026-10-05T14:55:37.000Z,2026-10-05 07:55:37,https://queue-times.com/parks/16/queue_times.json
2026-10-05T15:00:48.891Z,2026-10-05 08:00:48,2026-10-05,America/Los_Angeles,disneyland,Disneyland,Fantasyland,307,"""it's a small world""",FALSE,0,2026-10-05T14:55:37.000Z,2026-10-05 07:55:37,https://queue-times.com/parks/16/queue_times.json
2026-10-05T15:00:48.891Z,2026-10-05 08:00:48,2026-10-05,America/Los_Angeles,disneyland,Disneyland,Fantasyland,285,Alice in Wonderland,FALSE,0,2026-10-05T14:55:37.000Z,2026-10-05 07:55:37,https://queue-times.com/parks/16/queue_times.json
2026-10-05T15:00:48.891Z,2026-10-05 08:00:48,2026-10-05,America/Los_Angeles,disneyland,Disneyland,Fantasyland,16254,Bluey’s Best Day Ever! at Fantasyland Theatre,TRUE,0,2026-10-05T14:55:37.000Z,2026-10-05 07:55:37,https://queue-times.com/parks/16/queue_times.json
2026-10-05T15:00:48.891Z,2026-10-05 08:00:48,2026-10-05,America/Los_Angeles,disneyland,Disneyland,Fantasyland,303,Casey Jr. Circus Train,FALSE,0,2026-10-05T14:55:37.000Z,2026-10-05 07:55:37,https://queue-times.com/parks/16/queue_times.json
2026-10-05T15:00:48.891Z,2026-10-05 08:00:48,2026-10-05,America/Los_Angeles,disneyland,Disneyland,Fantasyland,275,Dumbo the Flying Elephant,FALSE,0,2026-10-05T14:55:37.000Z,2026-10-05 07:55:37,https://queue-times.com/parks/16/queue_times.json
2026-10-05T15:00:48.891Z,2026-10-05 08:00:48,2026-10-05,America/Los_Angeles,disneyland,Disneyland,Fantasyland,277,King Arthur Carrousel,FALSE,0,2026-10-05T14:55:37.000Z,2026-10-05 07:55:37,https://queue-times.com/parks/16/queue_times.json
2026-10-05T15:00:48.891Z,2026-10-05 08:00:48,2026-10-05,America/Los_Angeles,disneyland,Disneyland,Fantasyland,278,Mad Tea Party,FALSE,0,2026-10-05T14:55:37.000Z,2026-10-05 07:55:37,https://queue-times.com/parks/16/queue_times.json
2026-10-05T15:00:48.891Z,2026-10-05 08:00:48,2026-10-05,America/Los_Angeles,disneyland,Disneyland,Fantasyland,279,Matterhorn Bobsleds,FALSE,0,2026-10-05T14:55:37.000Z,2026-10-05 07:55:37,https://queue-times.com/parks/16/queue_times.json
2026-10-05T15:00:48.891Z,2026-10-05 08:00:48,2026-10-05,America/Los_Angeles,disneyland,Disneyland,Fantasyland,6711,Meet Disney Princesses at Royal Hall,FALSE,0,2026-10-05T14:55:37.000Z,2026-10-05 07:55:37,https://queue-times.com/parks/16/queue_times.json
2026-10-05T15:00:48.891Z,2026-10-05 08:00:48,2026-10-05,America/Los_Angeles,disneyland,Disneyland,Fantasyland,280,Mr. Toad's Wild Ride,FALSE,0,2026-10-05T14:55:37.000Z,2026-10-05 07:55:37,https://queue-times.com/parks/16/queue_times.json
2026-10-05T15:00:48.891Z,2026-10-05 08:00:48,2026-10-05,America/Los_Angeles,disneyland,Disneyland,Fantasyland,281,Peter Pan's Flight,FALSE,0,2026-10-05T14:55:37.000Z,2026-10-05 07:55:37,https://queue-times.com/parks/16/queue_times.json
2026-10-05T15:00:48.891Z,2026-10-05 08:00:48,2026-10-05,America/Los_Angeles,disneyland,Disneyland,Fantasyland,282,Pinocchio's Daring Journey,FALSE,0,2026-10-05T14:55:37.000Z,2026-10-05 07:55:37,https://queue-times.com/parks/16/queue_times.json
2026-10-05T15:00:48.891Z,2026-10-05 08:00:48,2026-10-05,America/Los_Angeles,disneyland,Disneyland,Fantasyland,687,Sleeping Beauty Castle Walkthrough,FALSE,0,2026-10-05T14:55:37.000Z,2026-10-05 07:55:37,https://queue-times.com/parks/16/queue_times.json
2026-10-05T15:00:48.891Z,2026-10-05 08:00:48,2026-10-05,America/Los_Angeles,disneyland,Disneyland,Fantasyland,283,Snow White's Enchanted Wish,FALSE,0,2026-10-05T14:55:37.000Z,2026-10-05 07:55:37,https://queue-times.com/parks/16/queue_times.json
2026-10-05T15:00:48.891Z,2026-10-05 08:00:48,2026-10-05,America/Los_Angeles,disneyland,Disneyland,Fantasyland,305,Storybook Land Canal Boats,FALSE,0,2026-10-05T14:55:37.000Z,2026-10-05 07:55:37,https://queue-times.com/parks/16/queue_times.json
2026-10-05T15:00:48.891Z,2026-10-05 08:00:48,2026-10-05,America/Los_Angeles,disneyland,Disneyland,Frontierland,323,Big Thunder Mountain Railroad,FALSE,0,2026-10-05T14:55:37.000Z,2026-10-05 07:55:37,https://queue-times.com/parks/16/queue_times.json
2026-10-05T15:00:48.891Z,2026-10-05 08:00:48,2026-10-05,America/Los_Angeles,disneyland,Disneyland,Frontierland,679,Frontierland Shootin' Exposition,FALSE,0,2026-10-05T14:55:37.000Z,2026-10-05 07:55:37,https://queue-times.com/parks/16/queue_times.json
2026-10-05T15:00:48.891Z,2026-10-05 08:00:48,2026-10-05,America/Los_Angeles,disneyland,Disneyland,Frontierland,456,Mark Twain Riverboat,FALSE,0,2026-10-05T14:55:37.000Z,2026-10-05 07:55:37,https://queue-times.com/parks/16/queue_times.json
2026-10-05T15:00:48.891Z,2026-10-05 08:00:48,2026-10-05,America/Los_Angeles,disneyland,Disneyland,Frontierland,331,Pirate's Lair on Tom Sawyer Island,FALSE,0,2026-10-05T14:55:37.000Z,2026-10-05 07:55:37,https://queue-times.com/parks/16/queue_times.json
2026-10-05T15:00:48.891Z,2026-10-05 08:00:48,2026-10-05,America/Los_Angeles,disneyland,Disneyland,Frontierland,328,Sailing Ship Columbia,FALSE,0,2026-10-05T14:55:37.000Z,2026-10-05 07:55:37,https://queue-times.com/parks/16/queue_times.json
2026-10-05T15:00:48.891Z,2026-10-05 08:00:48,2026-10-05,America/Los_Angeles,disneyland,Disneyland,Main Street U.S.A,674,Disneyland Railroad,FALSE,0,2026-10-05T14:55:37.000Z,2026-10-05 07:55:37,https://queue-times.com/parks/16/queue_times.json
2026-10-05T15:00:48.891Z,2026-10-05 08:00:48,2026-10-05,America/Los_Angeles,disneyland,Disneyland,Main Street U.S.A,690,Great Moments with Mr. Lincoln,FALSE,0,2026-10-05T14:55:37.000Z,2026-10-05 07:55:37,https://queue-times.com/parks/16/queue_times.json
2026-10-05T15:00:48.891Z,2026-10-05 08:00:48,2026-10-05,America/Los_Angeles,disneyland,Disneyland,Main Street U.S.A,686,Main Street Cinema,FALSE,0,2026-10-05T14:55:37.000Z,2026-10-05 07:55:37,https://queue-times.com/parks/16/queue_times.json
2026-10-05T15:00:48.891Z,2026-10-05 08:00:48,2026-10-05,America/Los_Angeles,disneyland,Disneyland,Main Street U.S.A,691,Main Street Vehicles,FALSE,0,2026-10-05T14:55:37.000Z,2026-10-05 07:55:37,https://queue-times.com/parks/16/queue_times.json
2026-10-05T15:00:48.891Z,2026-10-05 08:00:48,2026-10-05,America/Los_Angeles,disneyland,Disneyland,Main Street U.S.A,14915,Opera House - Walt Disney - A Magical Life,FALSE,0,2026-10-05T14:55:37.000Z,2026-10-05 07:55:37,https://queue-times.com/parks/16/queue_times.json
2026-10-05T15:00:48.891Z,2026-10-05 08:00:48,2026-10-05,America/Los_Angeles,disneyland,Disneyland,Main Street U.S.A,695,The Disney Gallery,FALSE,0,2026-10-05T14:55:37.000Z,2026-10-05 07:55:37,https://queue-times.com/parks/16/queue_times.json
2026-10-05T15:00:48.891Z,2026-10-05 08:00:48,2026-10-05,America/Los_Angeles,disneyland,Disneyland,Main Street U.S.A,14923,Walt Disney - A Magical Life,FALSE,0,2026-10-05T14:55:37.000Z,2026-10-05 07:55:37,https://queue-times.com/parks/16/queue_times.json
2026-10-05T15:00:48.891Z,2026-10-05 08:00:48,2026-10-05,America/Los_Angeles,disneyland,Disneyland,Mickey's Toontown,324,Chip 'n' Dale's GADGETcoaster,FALSE,0,2026-10-05T14:55:37.000Z,2026-10-05 07:55:37,https://queue-times.com/parks/16/queue_times.json
2026-10-05T15:00:48.891Z,2026-10-05 08:00:48,2026-10-05,America/Los_Angeles,disneyland,Disneyland,Mickey's Toontown,13814,Donald's Duck Pond,FALSE,0,2026-10-05T14:55:37.000Z,2026-10-05 07:55:37,https://queue-times.com/parks/16/queue_times.json
2026-10-05T15:00:48.891Z,2026-10-05 08:00:48,2026-10-05,America/Los_Angeles,disneyland,Disneyland,Mickey's Toontown,11980,Goofy's How-to-Play Yard,FALSE,0,2026-10-05T14:55:37.000Z,2026-10-05 07:55:37,https://queue-times.com/parks/16/queue_times.json
2026-10-05T15:00:48.891Z,2026-10-05 08:00:48,2026-10-05,America/Los_Angeles,disneyland,Disneyland,Mickey's Toontown,11526,Mickey & Minnie's Runaway Railway,FALSE,0,2026-10-05T14:55:37.000Z,2026-10-05 07:55:37,https://queue-times.com/parks/16/queue_times.json
2026-10-05T15:00:48.891Z,2026-10-05 08:00:48,2026-10-05,America/Los_Angeles,disneyland,Disneyland,Mickey's Toontown,709,Mickey's House and Meet Mickey Mouse,FALSE,0,2026-10-05T14:55:37.000Z,2026-10-05 07:55:37,https://queue-times.com/parks/16/queue_times.json
2026-10-05T15:00:48.891Z,2026-10-05 08:00:48,2026-10-05,America/Los_Angeles,disneyland,Disneyland,Mickey's Toontown,684,Minnie's House,FALSE,0,2026-10-05T14:55:37.000Z,2026-10-05 07:55:37,https://queue-times.com/parks/16/queue_times.json
2026-10-05T15:00:48.891Z,2026-10-05 08:00:48,2026-10-05,America/Los_Angeles,disneyland,Disneyland,Mickey's Toontown,332,Roger Rabbit's Car Toon Spin,FALSE,0,2026-10-05T14:55:37.000Z,2026-10-05 07:55:37,https://queue-times.com/parks/16/queue_times.json
2026-10-05T15:00:48.891Z,2026-10-05 08:00:48,2026-10-05,America/Los_Angeles,disneyland,Disneyland,New Orleans Square,325,Haunted Mansion Holiday,FALSE,0,2026-10-05T14:55:37.000Z,2026-10-05 07:55:37,https://queue-times.com/parks/16/queue_times.json
2026-10-05T15:00:48.891Z,2026-10-05 08:00:48,2026-10-05,America/Los_Angeles,disneyland,Disneyland,New Orleans Square,289,Pirates of the Caribbean,FALSE,0,2026-10-05T14:55:37.000Z,2026-10-05 07:55:37,https://queue-times.com/parks/16/queue_times.json
2026-10-05T15:00:48.891Z,2026-10-05 08:00:48,2026-10-05,America/Los_Angeles,disneyland,Disneyland,Star Wars: Galaxy's Edge,6339,Millennium Falcon: Smugglers Run,FALSE,0,2026-10-05T14:55:37.000Z,2026-10-05 07:55:37,https://queue-times.com/parks/16/queue_times.json
2026-10-05T15:00:48.891Z,2026-10-05 08:00:48,2026-10-05,America/Los_Angeles,disneyland,Disneyland,Star Wars: Galaxy's Edge,10903,Millennium Falcon: Smugglers Run Single Rider,FALSE,0,2026-10-05T14:55:37.000Z,2026-10-05 07:55:37,https://queue-times.com/parks/16/queue_times.json
2026-10-05T15:00:48.891Z,2026-10-05 08:00:48,2026-10-05,America/Los_Angeles,disneyland,Disneyland,Star Wars: Galaxy's Edge,6340,Star Wars: Rise of the Resistance,FALSE,0,2026-10-05T14:55:37.000Z,2026-10-05 07:55:37,https://queue-times.com/parks/16/queue_times.json
2026-10-05T15:00:48.891Z,2026-10-05 08:00:48,2026-10-05,America/Los_Angeles,disneyland,Disneyland,Tomorrowland,287,Astro Orbitor,FALSE,0,2026-10-05T14:55:37.000Z,2026-10-05 07:55:37,https://queue-times.com/parks/16/queue_times.json
2026-10-05T15:00:48.891Z,2026-10-05 08:00:48,2026-10-05,America/Los_Angeles,disneyland,Disneyland,Tomorrowland,317,Autopia,FALSE,0,2026-10-05T14:55:37.000Z,2026-10-05 07:55:37,https://queue-times.com/parks/16/queue_times.json
2026-10-05T15:00:48.891Z,2026-10-05 08:00:48,2026-10-05,America/Los_Angeles,disneyland,Disneyland,Tomorrowland,273,Buzz Lightyear Astro Blasters,FALSE,0,2026-10-05T14:55:37.000Z,2026-10-05 07:55:37,https://queue-times.com/parks/16/queue_times.json
2026-10-05T15:00:48.891Z,2026-10-05 08:00:48,2026-10-05,America/Los_Angeles,disneyland,Disneyland,Tomorrowland,274,Disneyland Monorail,FALSE,0,2026-10-05T14:55:37.000Z,2026-10-05 07:55:37,https://queue-times.com/parks/16/queue_times.json
2026-10-05T15:00:48.891Z,2026-10-05 08:00:48,2026-10-05,America/Los_Angeles,disneyland,Disneyland,Tomorrowland,276,Finding Nemo Submarine Voyage,FALSE,0,2026-10-05T14:55:37.000Z,2026-10-05 07:55:37,https://queue-times.com/parks/16/queue_times.json
2026-10-05T15:00:48.891Z,2026-10-05 08:00:48,2026-10-05,America/Los_Angeles,disneyland,Disneyland,Tomorrowland,16627,Pixar Short Film Spotlight,FALSE,0,2026-10-05T14:55:37.000Z,2026-10-05 07:55:37,https://queue-times.com/parks/16/queue_times.json
2026-10-05T15:00:48.891Z,2026-10-05 08:00:48,2026-10-05,America/Los_Angeles,disneyland,Disneyland,Tomorrowland,284,Space Mountain,FALSE,0,2026-10-05T14:55:37.000Z,2026-10-05 07:55:37,https://queue-times.com/parks/16/queue_times.json
2026-10-05T15:00:48.891Z,2026-10-05 08:00:48,2026-10-05,America/Los_Angeles,disneyland,Disneyland,Tomorrowland,286,Star Tours - The Adventures Continue,FALSE,0,2026-10-05T14:55:37.000Z,2026-10-05 07:55:37,https://queue-times.com/parks/16/queue_times.json
2026-10-05T15:00:48.891Z,2026-10-05 08:00:48,2026-10-05,America/Los_Angeles,dca,Disney California Adventure,Avengers Campus,329,Guardians of the Galaxy - Mission: BREAKOUT!,FALSE,0,2026-10-05T14:55:41.000Z,2026-10-05 07:55:41,https://queue-times.com/parks/17/queue_times.json
2026-10-05T15:00:48.891Z,2026-10-05 08:00:48,2026-10-05,America/Los_Angeles,dca,Disney California Adventure,Avengers Campus,8843,WEB SLINGERS: A Spider-Man Adventure,FALSE,0,2026-10-05T14:55:41.000Z,2026-10-05 07:55:41,https://queue-times.com/parks/17/queue_times.json
2026-10-05T15:00:48.891Z,2026-10-05 08:00:48,2026-10-05,America/Los_Angeles,dca,Disney California Adventure,Avengers Campus,10907,WEB SLINGERS: A Spider-Man Adventure Single Rider,FALSE,0,2026-10-05T14:55:41.000Z,2026-10-05 07:55:41,https://queue-times.com/parks/17/queue_times.json
2026-10-05T15:00:48.891Z,2026-10-05 08:00:48,2026-10-05,America/Los_Angeles,dca,Disney California Adventure,Cars Land,2608,Luigi's Honkin' Haul-O-Ween,FALSE,0,2026-10-05T14:55:41.000Z,2026-10-05 07:55:41,https://queue-times.com/parks/17/queue_times.json
2026-10-05T15:00:48.891Z,2026-10-05 08:00:48,2026-10-05,America/Los_Angeles,dca,Disney California Adventure,Cars Land,295,Radiator Springs Racers,FALSE,0,2026-10-05T14:55:41.000Z,2026-10-05 07:55:41,https://queue-times.com/parks/17/queue_times.json
2026-10-05T15:00:48.891Z,2026-10-05 08:00:48,2026-10-05,America/Los_Angeles,dca,Disney California Adventure,Cars Land,10904,Radiator Springs Racers Single Rider,FALSE,0,2026-10-05T14:55:41.000Z,2026-10-05 07:55:41,https://queue-times.com/parks/17/queue_times.json
2026-10-05T15:00:48.891Z,2026-10-05 08:00:48,2026-10-05,America/Los_Angeles,dca,Disney California Adventure,Grizzly Peak,302,Grizzly River Run,FALSE,0,2026-10-05T14:55:41.000Z,2026-10-05 07:55:41,https://queue-times.com/parks/17/queue_times.json
2026-10-05T15:00:48.891Z,2026-10-05 08:00:48,2026-10-05,America/Los_Angeles,dca,Disney California Adventure,Grizzly Peak,293,Redwood Creek Challenge Trail,FALSE,0,2026-10-05T14:55:41.000Z,2026-10-05 07:55:41,https://queue-times.com/parks/17/queue_times.json
2026-10-05T15:00:48.891Z,2026-10-05 08:00:48,2026-10-05,America/Los_Angeles,dca,Disney California Adventure,Grizzly Peak,17129,Soarin’ Across America,FALSE,0,2026-10-05T14:55:41.000Z,2026-10-05 07:55:41,https://queue-times.com/parks/17/queue_times.json
2026-10-05T15:00:48.891Z,2026-10-05 08:00:48,2026-10-05,America/Los_Angeles,dca,Disney California Adventure,Hollywood Land,321,Animation Academy,FALSE,0,2026-10-05T14:55:41.000Z,2026-10-05 07:55:41,https://queue-times.com/parks/17/queue_times.json
2026-10-05T15:00:48.891Z,2026-10-05 08:00:48,2026-10-05,America/Los_Angeles,dca,Disney California Adventure,Hollywood Land,6440,Mickey's PhilharMagic,FALSE,0,2026-10-05T14:55:41.000Z,2026-10-05 07:55:41,https://queue-times.com/parks/17/queue_times.json
2026-10-05T15:00:48.891Z,2026-10-05 08:00:48,2026-10-05,America/Los_Angeles,dca,Disney California Adventure,Hollywood Land,291,"Monsters, Inc. Mike & Sulley to the Rescue!",FALSE,0,2026-10-05T14:55:41.000Z,2026-10-05 07:55:41,https://queue-times.com/parks/17/queue_times.json
2026-10-05T15:00:48.891Z,2026-10-05 08:00:48,2026-10-05,America/Los_Angeles,dca,Disney California Adventure,Hollywood Land,868,Sorcerer's Workshop,FALSE,0,2026-10-05T14:55:41.000Z,2026-10-05 07:55:41,https://queue-times.com/parks/17/queue_times.json
2026-10-05T15:00:48.891Z,2026-10-05 08:00:48,2026-10-05,America/Los_Angeles,dca,Disney California Adventure,Hollywood Land,294,Turtle Talk with Crush,FALSE,0,2026-10-05T14:55:41.000Z,2026-10-05 07:55:41,https://queue-times.com/parks/17/queue_times.json
2026-10-05T15:00:48.891Z,2026-10-05 08:00:48,2026-10-05,America/Los_Angeles,dca,Disney California Adventure,Pacific Wharf,869,The Bakery Tour,FALSE,0,2026-10-05T14:55:41.000Z,2026-10-05 07:55:41,https://queue-times.com/parks/17/queue_times.json
2026-10-05T15:00:48.891Z,2026-10-05 08:00:48,2026-10-05,America/Los_Angeles,dca,Disney California Adventure,Paradise Gardens Park,298,Golden Zephyr,FALSE,0,2026-10-05T14:55:41.000Z,2026-10-05 07:55:41,https://queue-times.com/parks/17/queue_times.json
2026-10-05T15:00:48.891Z,2026-10-05 08:00:48,2026-10-05,America/Los_Angeles,dca,Disney California Adventure,Paradise Gardens Park,319,Goofy's Sky School,FALSE,0,2026-10-05T14:55:41.000Z,2026-10-05 07:55:41,https://queue-times.com/parks/17/queue_times.json
2026-10-05T15:00:48.891Z,2026-10-05 08:00:48,2026-10-05,America/Los_Angeles,dca,Disney California Adventure,Paradise Gardens Park,301,Silly Symphony Swings,FALSE,0,2026-10-05T14:55:41.000Z,2026-10-05 07:55:41,https://queue-times.com/parks/17/queue_times.json
2026-10-05T15:00:48.891Z,2026-10-05 08:00:48,2026-10-05,America/Los_Angeles,dca,Disney California Adventure,Paradise Gardens Park,10905,Silly Symphony Swings Single Rider,FALSE,0,2026-10-05T14:55:41.000Z,2026-10-05 07:55:41,https://queue-times.com/parks/17/queue_times.json
2026-10-05T15:00:48.891Z,2026-10-05 08:00:48,2026-10-05,America/Los_Angeles,dca,Disney California Adventure,Paradise Gardens Park,316,The Little Mermaid - Ariel's Undersea Adventure,FALSE,0,2026-10-05T14:55:41.000Z,2026-10-05 07:55:41,https://queue-times.com/parks/17/queue_times.json
2026-10-05T15:00:48.891Z,2026-10-05 08:00:48,2026-10-05,America/Los_Angeles,dca,Disney California Adventure,Paradise Gardens Park,11528,World of Color – ONE,TRUE,0,2026-10-05T14:55:41.000Z,2026-10-05 07:55:41,https://queue-times.com/parks/17/queue_times.json
2026-10-05T15:00:48.891Z,2026-10-05 08:00:48,2026-10-05,America/Los_Angeles,dca,Disney California Adventure,Pixar Pier,866,Games of Pixar Pier,FALSE,0,2026-10-05T14:55:41.000Z,2026-10-05 07:55:41,https://queue-times.com/parks/17/queue_times.json
2026-10-05T15:00:48.891Z,2026-10-05 08:00:48,2026-10-05,America/Los_Angeles,dca,Disney California Adventure,Pixar Pier,322,Incredicoaster,FALSE,0,2026-10-05T14:55:41.000Z,2026-10-05 07:55:41,https://queue-times.com/parks/17/queue_times.json
2026-10-05T15:00:48.891Z,2026-10-05 08:00:48,2026-10-05,America/Los_Angeles,dca,Disney California Adventure,Pixar Pier,10906,Incredicoaster Single Rider,FALSE,0,2026-10-05T14:55:41.000Z,2026-10-05 07:55:41,https://queue-times.com/parks/17/queue_times.json
2026-10-05T15:00:48.891Z,2026-10-05 08:00:48,2026-10-05,America/Los_Angeles,dca,Disney California Adventure,Pixar Pier,6643,Inside Out Emotional Whirlwind,FALSE,0,2026-10-05T14:55:41.000Z,2026-10-05 07:55:41,https://queue-times.com/parks/17/queue_times.json
2026-10-05T15:00:48.891Z,2026-10-05 08:00:48,2026-10-05,America/Los_Angeles,dca,Disney California Adventure,Pixar Pier,310,Jessie's Critter Carousel,FALSE,0,2026-10-05T14:55:41.000Z,2026-10-05 07:55:41,https://queue-times.com/parks/17/queue_times.json
2026-10-05T15:00:48.891Z,2026-10-05 08:00:48,2026-10-05,America/Los_Angeles,dca,Disney California Adventure,Pixar Pier,300,Jumpin' Jellyfish,FALSE,0,2026-10-05T14:55:41.000Z,2026-10-05 07:55:41,https://queue-times.com/parks/17/queue_times.json
2026-10-05T15:00:48.891Z,2026-10-05 08:00:48,2026-10-05,America/Los_Angeles,dca,Disney California Adventure,Pixar Pier,311,Pixar Pal-A-Round - Swinging,FALSE,0,2026-10-05T14:55:41.000Z,2026-10-05 07:55:41,https://queue-times.com/parks/17/queue_times.json
2026-10-05T15:00:48.891Z,2026-10-05 08:00:48,2026-10-05,America/Los_Angeles,dca,Disney California Adventure,Pixar Pier,5557,Pixar Pal-A-Round – Non-Swinging,FALSE,0,2026-10-05T14:55:41.000Z,2026-10-05 07:55:41,https://queue-times.com/parks/17/queue_times.json
2026-10-05T15:00:48.891Z,2026-10-05 08:00:48,2026-10-05,America/Los_Angeles,dca,Disney California Adventure,Pixar Pier,313,Toy Story Midway Mania!,FALSE,0,2026-10-05T14:55:41.000Z,2026-10-05 07:55:41,https://queue-times.com/parks/17/queue_times.json
2026-10-05T15:00:48.891Z,2026-10-05 08:00:48,2026-10-05,America/Los_Angeles,dca,Disney California Adventure,Halloween,5146,Guardians of the Galaxy - Monsters After Dark,FALSE,0,2026-10-05T14:55:41.000Z,2026-10-05 07:55:41,https://queue-times.com/parks/17/queue_times.json
2026-10-05T15:00:48.891Z,2026-10-05 08:00:48,2026-10-05,America/Los_Angeles,dca,Disney California Adventure,Halloween,4723,Mater's Graveyard JamBOOree,FALSE,0,2026-10-05T14:55:41.000Z,2026-10-05 07:55:41,https://queue-times.com/parks/17/queue_times.json
2026-10-05T15:00:48.891Z,2026-10-05 08:00:48,2026-10-05,America/Los_Angeles,dca,Disney California Adventure,Halloween,7292,Villains Grove at Oogie Boogie Bash,FALSE,0,2026-10-05T14:55:41.000Z,2026-10-05 07:55:41,https://queue-times.com/parks/17/queue_times.json
2026-10-05T15:15:38.061Z,2026-10-05 08:15:38,2026-10-05,America/Los_Angeles,disneyland,Disneyland,Adventureland,12428,Adventureland Treehouse inspired by Walt Disney’s Swiss Family Robinson,TRUE,0,2026-10-05T15:10:37.000Z,2026-10-05 08:10:37,https://queue-times.com/parks/16/queue_times.json
2026-10-05T15:15:38.061Z,2026-10-05 08:15:38,2026-10-05,America/Los_Angeles,disneyland,Disneyland,Adventureland,326,Indiana Jones™ Adventure,FALSE,0,2026-10-05T15:10:37.000Z,2026-10-05 08:10:37,https://queue-times.com/parks/16/queue_times.json
2026-10-05T15:15:38.061Z,2026-10-05 08:15:38,2026-10-05,America/Los_Angeles,disneyland,Disneyland,Adventureland,296,Jungle Cruise,TRUE,5,2026-10-05T15:10:37.000Z,2026-10-05 08:10:37,https://queue-times.com/parks/16/queue_times.json
2026-10-05T15:15:38.061Z,2026-10-05 08:15:38,2026-10-05,America/Los_Angeles,disneyland,Disneyland,Adventureland,288,Walt Disney's Enchanted Tiki Room,FALSE,0,2026-10-05T15:10:37.000Z,2026-10-05 08:10:37,https://queue-times.com/parks/16/queue_times.json
2026-10-05T15:15:38.061Z,2026-10-05 08:15:38,2026-10-05,America/Los_Angeles,disneyland,Disneyland,Bayou Country,304,Davy Crockett's Explorer Canoes,FALSE,0,2026-10-05T15:10:37.000Z,2026-10-05 08:10:37,https://queue-times.com/parks/16/queue_times.json
2026-10-05T15:15:38.061Z,2026-10-05 08:15:38,2026-10-05,America/Los_Angeles,disneyland,Disneyland,Bayou Country,306,The Many Adventures of Winnie the Pooh,TRUE,5,2026-10-05T15:10:37.000Z,2026-10-05 08:10:37,https://queue-times.com/parks/16/queue_times.json
2026-10-05T15:15:38.061Z,2026-10-05 08:15:38,2026-10-05,America/Los_Angeles,disneyland,Disneyland,Bayou Country,14168,Tiana's Bayou Adventure,TRUE,5,2026-10-05T15:10:37.000Z,2026-10-05 08:10:37,https://queue-times.com/parks/16/queue_times.json
2026-10-05T15:15:38.061Z,2026-10-05 08:15:38,2026-10-05,America/Los_Angeles,disneyland,Disneyland,Bayou Country,14326,Tiana's Bayou Adventure Single Rider,TRUE,0,2026-10-05T15:10:37.000Z,2026-10-05 08:10:37,https://queue-times.com/parks/16/queue_times.json
2026-10-05T15:15:38.061Z,2026-10-05 08:15:38,2026-10-05,America/Los_Angeles,disneyland,Disneyland,Fantasyland,307,"""it's a small world""",TRUE,5,2026-10-05T15:10:37.000Z,2026-10-05 08:10:37,https://queue-times.com/parks/16/queue_times.json
2026-10-05T15:15:38.061Z,2026-10-05 08:15:38,2026-10-05,America/Los_Angeles,disneyland,Disneyland,Fantasyland,285,Alice in Wonderland,TRUE,10,2026-10-05T15:10:37.000Z,2026-10-05 08:10:37,https://queue-times.com/parks/16/queue_times.json
2026-10-05T15:15:38.061Z,2026-10-05 08:15:38,2026-10-05,America/Los_Angeles,disneyland,Disneyland,Fantasyland,16254,Bluey’s Best Day Ever! at Fantasyland Theatre,TRUE,0,2026-10-05T15:10:37.000Z,2026-10-05 08:10:37,https://queue-times.com/parks/16/queue_times.json
2026-10-05T15:15:38.061Z,2026-10-05 08:15:38,2026-10-05,America/Los_Angeles,disneyland,Disneyland,Fantasyland,303,Casey Jr. Circus Train,TRUE,5,2026-10-05T15:10:37.000Z,2026-10-05 08:10:37,https://queue-times.com/parks/16/queue_times.json
2026-10-05T15:15:38.061Z,2026-10-05 08:15:38,2026-10-05,America/Los_Angeles,disneyland,Disneyland,Fantasyland,275,Dumbo the Flying Elephant,TRUE,5,2026-10-05T15:10:37.000Z,2026-10-05 08:10:37,https://queue-times.com/parks/16/queue_times.json
2026-10-05T15:15:38.061Z,2026-10-05 08:15:38,2026-10-05,America/Los_Angeles,disneyland,Disneyland,Fantasyland,277,King Arthur Carrousel,TRUE,5,2026-10-05T15:10:37.000Z,2026-10-05 08:10:37,https://queue-times.com/parks/16/queue_times.json
2026-10-05T15:15:38.061Z,2026-10-05 08:15:38,2026-10-05,America/Los_Angeles,disneyland,Disneyland,Fantasyland,278,Mad Tea Party,FALSE,0,2026-10-05T15:10:37.000Z,2026-10-05 08:10:37,https://queue-times.com/parks/16/queue_times.json
2026-10-05T15:15:38.061Z,2026-10-05 08:15:38,2026-10-05,America/Los_Angeles,disneyland,Disneyland,Fantasyland,279,Matterhorn Bobsleds,TRUE,5,2026-10-05T15:10:37.000Z,2026-10-05 08:10:37,https://queue-times.com/parks/16/queue_times.json
2026-10-05T15:15:38.061Z,2026-10-05 08:15:38,2026-10-05,America/Los_Angeles,disneyland,Disneyland,Fantasyland,6711,Meet Disney Princesses at Royal Hall,FALSE,0,2026-10-05T15:10:37.000Z,2026-10-05 08:10:37,https://queue-times.com/parks/16/queue_times.json
2026-10-05T15:15:38.061Z,2026-10-05 08:15:38,2026-10-05,America/Los_Angeles,disneyland,Disneyland,Fantasyland,280,Mr. Toad's Wild Ride,TRUE,5,2026-10-05T15:10:37.000Z,2026-10-05 08:10:37,https://queue-times.com/parks/16/queue_times.json
2026-10-05T15:15:38.061Z,2026-10-05 08:15:38,2026-10-05,America/Los_Angeles,disneyland,Disneyland,Fantasyland,281,Peter Pan's Flight,TRUE,40,2026-10-05T15:10:37.000Z,2026-10-05 08:10:37,https://queue-times.com/parks/16/queue_times.json
2026-10-05T15:15:38.061Z,2026-10-05 08:15:38,2026-10-05,America/Los_Angeles,disneyland,Disneyland,Fantasyland,282,Pinocchio's Daring Journey,TRUE,5,2026-10-05T15:10:37.000Z,2026-10-05 08:10:37,https://queue-times.com/parks/16/queue_times.json
2026-10-05T15:15:38.061Z,2026-10-05 08:15:38,2026-10-05,America/Los_Angeles,disneyland,Disneyland,Fantasyland,687,Sleeping Beauty Castle Walkthrough,FALSE,0,2026-10-05T15:10:37.000Z,2026-10-05 08:10:37,https://queue-times.com/parks/16/queue_times.json
2026-10-05T15:15:38.061Z,2026-10-05 08:15:38,2026-10-05,America/Los_Angeles,disneyland,Disneyland,Fantasyland,283,Snow White's Enchanted Wish,TRUE,10,2026-10-05T15:10:37.000Z,2026-10-05 08:10:37,https://queue-times.com/parks/16/queue_times.json
2026-10-05T15:15:38.061Z,2026-10-05 08:15:38,2026-10-05,America/Los_Angeles,disneyland,Disneyland,Fantasyland,305,Storybook Land Canal Boats,TRUE,5,2026-10-05T15:10:37.000Z,2026-10-05 08:10:37,https://queue-times.com/parks/16/queue_times.json
2026-10-05T15:15:38.061Z,2026-10-05 08:15:38,2026-10-05,America/Los_Angeles,disneyland,Disneyland,Frontierland,323,Big Thunder Mountain Railroad,TRUE,10,2026-10-05T15:10:37.000Z,2026-10-05 08:10:37,https://queue-times.com/parks/16/queue_times.json
2026-10-05T15:15:38.061Z,2026-10-05 08:15:38,2026-10-05,America/Los_Angeles,disneyland,Disneyland,Frontierland,679,Frontierland Shootin' Exposition,TRUE,0,2026-10-05T15:10:37.000Z,2026-10-05 08:10:37,https://queue-times.com/parks/16/queue_times.json
2026-10-05T15:15:38.061Z,2026-10-05 08:15:38,2026-10-05,America/Los_Angeles,disneyland,Disneyland,Frontierland,456,Mark Twain Riverboat,FALSE,0,2026-10-05T15:10:37.000Z,2026-10-05 08:10:37,https://queue-times.com/parks/16/queue_times.json
2026-10-05T15:15:38.061Z,2026-10-05 08:15:38,2026-10-05,America/Los_Angeles,disneyland,Disneyland,Frontierland,331,Pirate's Lair on Tom Sawyer Island,FALSE,0,2026-10-05T15:10:37.000Z,2026-10-05 08:10:37,https://queue-times.com/parks/16/queue_times.json
2026-10-05T15:15:38.061Z,2026-10-05 08:15:38,2026-10-05,America/Los_Angeles,disneyland,Disneyland,Frontierland,328,Sailing Ship Columbia,FALSE,0,2026-10-05T15:10:37.000Z,2026-10-05 08:10:37,https://queue-times.com/parks/16/queue_times.json
2026-10-05T15:15:38.061Z,2026-10-05 08:15:38,2026-10-05,America/Los_Angeles,disneyland,Disneyland,Main Street U.S.A,674,Disneyland Railroad,FALSE,0,2026-10-05T15:10:37.000Z,2026-10-05 08:10:37,https://queue-times.com/parks/16/queue_times.json
2026-10-05T15:15:38.061Z,2026-10-05 08:15:38,2026-10-05,America/Los_Angeles,disneyland,Disneyland,Main Street U.S.A,690,Great Moments with Mr. Lincoln,TRUE,0,2026-10-05T15:10:37.000Z,2026-10-05 08:10:37,https://queue-times.com/parks/16/queue_times.json
2026-10-05T15:15:38.061Z,2026-10-05 08:15:38,2026-10-05,America/Los_Angeles,disneyland,Disneyland,Main Street U.S.A,686,Main Street Cinema,TRUE,0,2026-10-05T15:10:37.000Z,2026-10-05 08:10:37,https://queue-times.com/parks/16/queue_times.json
2026-10-05T15:15:38.061Z,2026-10-05 08:15:38,2026-10-05,America/Los_Angeles,disneyland,Disneyland,Main Street U.S.A,691,Main Street Vehicles,TRUE,0,2026-10-05T15:10:37.000Z,2026-10-05 08:10:37,https://queue-times.com/parks/16/queue_times.json
2026-10-05T15:15:38.061Z,2026-10-05 08:15:38,2026-10-05,America/Los_Angeles,disneyland,Disneyland,Main Street U.S.A,14915,Opera House - Walt Disney - A Magical Life,TRUE,0,2026-10-05T15:10:37.000Z,2026-10-05 08:10:37,https://queue-times.com/parks/16/queue_times.json
2026-10-05T15:15:38.061Z,2026-10-05 08:15:38,2026-10-05,America/Los_Angeles,disneyland,Disneyland,Main Street U.S.A,695,The Disney Gallery,TRUE,0,2026-10-05T15:10:37.000Z,2026-10-05 08:10:37,https://queue-times.com/parks/16/queue_times.json
2026-10-05T15:15:38.061Z,2026-10-05 08:15:38,2026-10-05,America/Los_Angeles,disneyland,Disneyland,Main Street U.S.A,14923,Walt Disney - A Magical Life,FALSE,0,2026-10-05T15:10:37.000Z,2026-10-05 08:10:37,https://queue-times.com/parks/16/queue_times.json
2026-10-05T15:15:38.061Z,2026-10-05 08:15:38,2026-10-05,America/Los_Angeles,disneyland,Disneyland,Mickey's Toontown,324,Chip 'n' Dale's GADGETcoaster,TRUE,5,2026-10-05T15:10:37.000Z,2026-10-05 08:10:37,https://queue-times.com/parks/16/queue_times.json
2026-10-05T15:15:38.061Z,2026-10-05 08:15:38,2026-10-05,America/Los_Angeles,disneyland,Disneyland,Mickey's Toontown,13814,Donald's Duck Pond,TRUE,0,2026-10-05T15:10:37.000Z,2026-10-05 08:10:37,https://queue-times.com/parks/16/queue_times.json
2026-10-05T15:15:38.061Z,2026-10-05 08:15:38,2026-10-05,America/Los_Angeles,disneyland,Disneyland,Mickey's Toontown,11980,Goofy's How-to-Play Yard,TRUE,0,2026-10-05T15:10:37.000Z,2026-10-05 08:10:37,https://queue-times.com/parks/16/queue_times.json
2026-10-05T15:15:38.061Z,2026-10-05 08:15:38,2026-10-05,America/Los_Angeles,disneyland,Disneyland,Mickey's Toontown,11526,Mickey & Minnie's Runaway Railway,FALSE,0,2026-10-05T15:10:37.000Z,2026-10-05 08:10:37,https://queue-times.com/parks/16/queue_times.json
2026-10-05T15:15:38.061Z,2026-10-05 08:15:38,2026-10-05,America/Los_Angeles,disneyland,Disneyland,Mickey's Toontown,709,Mickey's House and Meet Mickey Mouse,TRUE,0,2026-10-05T15:10:37.000Z,2026-10-05 08:10:37,https://queue-times.com/parks/16/queue_times.json
2026-10-05T15:15:38.061Z,2026-10-05 08:15:38,2026-10-05,America/Los_Angeles,disneyland,Disneyland,Mickey's Toontown,684,Minnie's House,FALSE,0,2026-10-05T15:10:37.000Z,2026-10-05 08:10:37,https://queue-times.com/parks/16/queue_times.json
2026-10-05T15:15:38.061Z,2026-10-05 08:15:38,2026-10-05,America/Los_Angeles,disneyland,Disneyland,Mickey's Toontown,332,Roger Rabbit's Car Toon Spin,TRUE,5,2026-10-05T15:10:37.000Z,2026-10-05 08:10:37,https://queue-times.com/parks/16/queue_times.json
2026-10-05T15:15:38.061Z,2026-10-05 08:15:38,2026-10-05,America/Los_Angeles,disneyland,Disneyland,New Orleans Square,325,Haunted Mansion Holiday,TRUE,13,2026-10-05T15:10:37.000Z,2026-10-05 08:10:37,https://queue-times.com/parks/16/queue_times.json
2026-10-05T15:15:38.061Z,2026-10-05 08:15:38,2026-10-05,America/Los_Angeles,disneyland,Disneyland,New Orleans Square,289,Pirates of the Caribbean,TRUE,5,2026-10-05T15:10:37.000Z,2026-10-05 08:10:37,https://queue-times.com/parks/16/queue_times.json
2026-10-05T15:15:38.061Z,2026-10-05 08:15:38,2026-10-05,America/Los_Angeles,disneyland,Disneyland,Star Wars: Galaxy's Edge,6339,Millennium Falcon: Smugglers Run,TRUE,5,2026-10-05T15:10:37.000Z,2026-10-05 08:10:37,https://queue-times.com/parks/16/queue_times.json
2026-10-05T15:15:38.061Z,2026-10-05 08:15:38,2026-10-05,America/Los_Angeles,disneyland,Disneyland,Star Wars: Galaxy's Edge,10903,Millennium Falcon: Smugglers Run Single Rider,TRUE,0,2026-10-05T15:10:37.000Z,2026-10-05 08:10:37,https://queue-times.com/parks/16/queue_times.json
2026-10-05T15:15:38.061Z,2026-10-05 08:15:38,2026-10-05,America/Los_Angeles,disneyland,Disneyland,Star Wars: Galaxy's Edge,6340,Star Wars: Rise of the Resistance,TRUE,5,2026-10-05T15:10:37.000Z,2026-10-05 08:10:37,https://queue-times.com/parks/16/queue_times.json
2026-10-05T15:15:38.061Z,2026-10-05 08:15:38,2026-10-05,America/Los_Angeles,disneyland,Disneyland,Tomorrowland,287,Astro Orbitor,TRUE,5,2026-10-05T15:10:37.000Z,2026-10-05 08:10:37,https://queue-times.com/parks/16/queue_times.json
2026-10-05T15:15:38.061Z,2026-10-05 08:15:38,2026-10-05,America/Los_Angeles,disneyland,Disneyland,Tomorrowland,317,Autopia,TRUE,5,2026-10-05T15:10:37.000Z,2026-10-05 08:10:37,https://queue-times.com/parks/16/queue_times.json
2026-10-05T15:15:38.061Z,2026-10-05 08:15:38,2026-10-05,America/Los_Angeles,disneyland,Disneyland,Tomorrowland,273,Buzz Lightyear Astro Blasters,TRUE,5,2026-10-05T15:10:37.000Z,2026-10-05 08:10:37,https://queue-times.com/parks/16/queue_times.json
2026-10-05T15:15:38.061Z,2026-10-05 08:15:38,2026-10-05,America/Los_Angeles,disneyland,Disneyland,Tomorrowland,274,Disneyland Monorail,TRUE,0,2026-10-05T15:10:37.000Z,2026-10-05 08:10:37,https://queue-times.com/parks/16/queue_times.json
2026-10-05T15:15:38.061Z,2026-10-05 08:15:38,2026-10-05,America/Los_Angeles,disneyland,Disneyland,Tomorrowland,276,Finding Nemo Submarine Voyage,TRUE,5,2026-10-05T15:10:37.000Z,2026-10-05 08:10:37,https://queue-times.com/parks/16/queue_times.json
2026-10-05T15:15:38.061Z,2026-10-05 08:15:38,2026-10-05,America/Los_Angeles,disneyland,Disneyland,Tomorrowland,16627,Pixar Short Film Spotlight,FALSE,0,2026-10-05T15:10:37.000Z,2026-10-05 08:10:37,https://queue-times.com/parks/16/queue_times.json
2026-10-05T15:15:38.061Z,2026-10-05 08:15:38,2026-10-05,America/Los_Angeles,disneyland,Disneyland,Tomorrowland,284,Space Mountain,TRUE,15,2026-10-05T15:10:37.000Z,2026-10-05 08:10:37,https://queue-times.com/parks/16/queue_times.json
2026-10-05T15:15:38.061Z,2026-10-05 08:15:38,2026-10-05,America/Los_Angeles,disneyland,Disneyland,Tomorrowland,286,Star Tours - The Adventures Continue,TRUE,5,2026-10-05T15:10:37.000Z,2026-10-05 08:10:37,https://queue-times.com/parks/16/queue_times.json
2026-10-05T15:15:38.061Z,2026-10-05 08:15:38,2026-10-05,America/Los_Angeles,dca,Disney California Adventure,Avengers Campus,329,Guardians of the Galaxy - Mission: BREAKOUT!,TRUE,55,2026-10-05T15:10:45.000Z,2026-10-05 08:10:45,https://queue-times.com/parks/17/queue_times.json
2026-10-05T15:15:38.061Z,2026-10-05 08:15:38,2026-10-05,America/Los_Angeles,dca,Disney California Adventure,Avengers Campus,8843,WEB SLINGERS: A Spider-Man Adventure,TRUE,15,2026-10-05T15:10:45.000Z,2026-10-05 08:10:45,https://queue-times.com/parks/17/queue_times.json
2026-10-05T15:15:38.061Z,2026-10-05 08:15:38,2026-10-05,America/Los_Angeles,dca,Disney California Adventure,Avengers Campus,10907,WEB SLINGERS: A Spider-Man Adventure Single Rider,TRUE,0,2026-10-05T15:10:45.000Z,2026-10-05 08:10:45,https://queue-times.com/parks/17/queue_times.json
2026-10-05T15:15:38.061Z,2026-10-05 08:15:38,2026-10-05,America/Los_Angeles,dca,Disney California Adventure,Cars Land,2608,Luigi's Honkin' Haul-O-Ween,TRUE,5,2026-10-05T15:10:45.000Z,2026-10-05 08:10:45,https://queue-times.com/parks/17/queue_times.json
2026-10-05T15:15:38.061Z,2026-10-05 08:15:38,2026-10-05,America/Los_Angeles,dca,Disney California Adventure,Cars Land,295,Radiator Springs Racers,TRUE,60,2026-10-05T15:10:45.000Z,2026-10-05 08:10:45,https://queue-times.com/parks/17/queue_times.json
2026-10-05T15:15:38.061Z,2026-10-05 08:15:38,2026-10-05,America/Los_Angeles,dca,Disney California Adventure,Cars Land,10904,Radiator Springs Racers Single Rider,TRUE,0,2026-10-05T15:10:45.000Z,2026-10-05 08:10:45,https://queue-times.com/parks/17/queue_times.json
2026-10-05T15:15:38.061Z,2026-10-05 08:15:38,2026-10-05,America/Los_Angeles,dca,Disney California Adventure,Grizzly Peak,302,Grizzly River Run,TRUE,5,2026-10-05T15:10:45.000Z,2026-10-05 08:10:45,https://queue-times.com/parks/17/queue_times.json
2026-10-05T15:15:38.061Z,2026-10-05 08:15:38,2026-10-05,America/Los_Angeles,dca,Disney California Adventure,Grizzly Peak,293,Redwood Creek Challenge Trail,FALSE,0,2026-10-05T15:10:45.000Z,2026-10-05 08:10:45,https://queue-times.com/parks/17/queue_times.json
2026-10-05T15:15:38.061Z,2026-10-05 08:15:38,2026-10-05,America/Los_Angeles,dca,Disney California Adventure,Grizzly Peak,17129,Soarin’ Across America,TRUE,10,2026-10-05T15:10:45.000Z,2026-10-05 08:10:45,https://queue-times.com/parks/17/queue_times.json
2026-10-05T15:15:38.061Z,2026-10-05 08:15:38,2026-10-05,America/Los_Angeles,dca,Disney California Adventure,Hollywood Land,321,Animation Academy,TRUE,0,2026-10-05T15:10:45.000Z,2026-10-05 08:10:45,https://queue-times.com/parks/17/queue_times.json
2026-10-05T15:15:38.061Z,2026-10-05 08:15:38,2026-10-05,America/Los_Angeles,dca,Disney California Adventure,Hollywood Land,6440,Mickey's PhilharMagic,FALSE,0,2026-10-05T15:10:45.000Z,2026-10-05 08:10:45,https://queue-times.com/parks/17/queue_times.json
2026-10-05T15:15:38.061Z,2026-10-05 08:15:38,2026-10-05,America/Los_Angeles,dca,Disney California Adventure,Hollywood Land,291,"Monsters, Inc. Mike & Sulley to the Rescue!",TRUE,0,2026-10-05T15:10:45.000Z,2026-10-05 08:10:45,https://queue-times.com/parks/17/queue_times.json
2026-10-05T15:15:38.061Z,2026-10-05 08:15:38,2026-10-05,America/Los_Angeles,dca,Disney California Adventure,Hollywood Land,868,Sorcerer's Workshop,TRUE,0,2026-10-05T15:10:45.000Z,2026-10-05 08:10:45,https://queue-times.com/parks/17/queue_times.json
2026-10-05T15:15:38.061Z,2026-10-05 08:15:38,2026-10-05,America/Los_Angeles,dca,Disney California Adventure,Hollywood Land,294,Turtle Talk with Crush,TRUE,0,2026-10-05T15:10:45.000Z,2026-10-05 08:10:45,https://queue-times.com/parks/17/queue_times.json
2026-10-05T15:15:38.061Z,2026-10-05 08:15:38,2026-10-05,America/Los_Angeles,dca,Disney California Adventure,Pacific Wharf,869,The Bakery Tour,TRUE,0,2026-10-05T15:10:45.000Z,2026-10-05 08:10:45,https://queue-times.com/parks/17/queue_times.json
2026-10-05T15:15:38.061Z,2026-10-05 08:15:38,2026-10-05,America/Los_Angeles,dca,Disney California Adventure,Paradise Gardens Park,298,Golden Zephyr,TRUE,5,2026-10-05T15:10:45.000Z,2026-10-05 08:10:45,https://queue-times.com/parks/17/queue_times.json
2026-10-05T15:15:38.061Z,2026-10-05 08:15:38,2026-10-05,America/Los_Angeles,dca,Disney California Adventure,Paradise Gardens Park,319,Goofy's Sky School,FALSE,0,2026-10-05T15:10:45.000Z,2026-10-05 08:10:45,https://queue-times.com/parks/17/queue_times.json
2026-10-05T15:15:38.061Z,2026-10-05 08:15:38,2026-10-05,America/Los_Angeles,dca,Disney California Adventure,Paradise Gardens Park,301,Silly Symphony Swings,TRUE,5,2026-10-05T15:10:45.000Z,2026-10-05 08:10:45,https://queue-times.com/parks/17/queue_times.json
2026-10-05T15:15:38.061Z,2026-10-05 08:15:38,2026-10-05,America/Los_Angeles,dca,Disney California Adventure,Paradise Gardens Park,10905,Silly Symphony Swings Single Rider,TRUE,0,2026-10-05T15:10:45.000Z,2026-10-05 08:10:45,https://queue-times.com/parks/17/queue_times.json
2026-10-05T15:15:38.061Z,2026-10-05 08:15:38,2026-10-05,America/Los_Angeles,dca,Disney California Adventure,Paradise Gardens Park,316,The Little Mermaid - Ariel's Undersea Adventure,FALSE,0,2026-10-05T15:10:45.000Z,2026-10-05 08:10:45,https://queue-times.com/parks/17/queue_times.json
2026-10-05T15:15:38.061Z,2026-10-05 08:15:38,2026-10-05,America/Los_Angeles,dca,Disney California Adventure,Paradise Gardens Park,11528,World of Color – ONE,TRUE,0,2026-10-05T15:10:45.000Z,2026-10-05 08:10:45,https://queue-times.com/parks/17/queue_times.json
2026-10-05T15:15:38.061Z,2026-10-05 08:15:38,2026-10-05,America/Los_Angeles,dca,Disney California Adventure,Pixar Pier,866,Games of Pixar Pier,TRUE,0,2026-10-05T15:10:45.000Z,2026-10-05 08:10:45,https://queue-times.com/parks/17/queue_times.json
2026-10-05T15:15:38.061Z,2026-10-05 08:15:38,2026-10-05,America/Los_Angeles,dca,Disney California Adventure,Pixar Pier,322,Incredicoaster,FALSE,0,2026-10-05T15:10:45.000Z,2026-10-05 08:10:45,https://queue-times.com/parks/17/queue_times.json
2026-10-05T15:15:38.061Z,2026-10-05 08:15:38,2026-10-05,America/Los_Angeles,dca,Disney California Adventure,Pixar Pier,10906,Incredicoaster Single Rider,FALSE,0,2026-10-05T15:10:45.000Z,2026-10-05 08:10:45,https://queue-times.com/parks/17/queue_times.json
2026-10-05T15:15:38.061Z,2026-10-05 08:15:38,2026-10-05,America/Los_Angeles,dca,Disney California Adventure,Pixar Pier,6643,Inside Out Emotional Whirlwind,TRUE,5,2026-10-05T15:10:45.000Z,2026-10-05 08:10:45,https://queue-times.com/parks/17/queue_times.json
2026-10-05T15:15:38.061Z,2026-10-05 08:15:38,2026-10-05,America/Los_Angeles,dca,Disney California Adventure,Pixar Pier,310,Jessie's Critter Carousel,TRUE,5,2026-10-05T15:10:45.000Z,2026-10-05 08:10:45,https://queue-times.com/parks/17/queue_times.json
2026-10-05T15:15:38.061Z,2026-10-05 08:15:38,2026-10-05,America/Los_Angeles,dca,Disney California Adventure,Pixar Pier,300,Jumpin' Jellyfish,TRUE,5,2026-10-05T15:10:45.000Z,2026-10-05 08:10:45,https://queue-times.com/parks/17/queue_times.json
2026-10-05T15:15:38.061Z,2026-10-05 08:15:38,2026-10-05,America/Los_Angeles,dca,Disney California Adventure,Pixar Pier,311,Pixar Pal-A-Round - Swinging,TRUE,5,2026-10-05T15:10:45.000Z,2026-10-05 08:10:45,https://queue-times.com/parks/17/queue_times.json
2026-10-05T15:15:38.061Z,2026-10-05 08:15:38,2026-10-05,America/Los_Angeles,dca,Disney California Adventure,Pixar Pier,5557,Pixar Pal-A-Round – Non-Swinging,TRUE,5,2026-10-05T15:10:45.000Z,2026-10-05 08:10:45,https://queue-times.com/parks/17/queue_times.json
2026-10-05T15:15:38.061Z,2026-10-05 08:15:38,2026-10-05,America/Los_Angeles,dca,Disney California Adventure,Pixar Pier,313,Toy Story Midway Mania!,FALSE,0,2026-10-05T15:10:45.000Z,2026-10-05 08:10:45,https://queue-times.com/parks/17/queue_times.json
2026-10-05T15:15:38.061Z,2026-10-05 08:15:38,2026-10-05,America/Los_Angeles,dca,Disney California Adventure,Halloween,5146,Guardians of the Galaxy - Monsters After Dark,FALSE,0,2026-10-05T15:10:45.000Z,2026-10-05 08:10:45,https://queue-times.com/parks/17/queue_times.json
2026-10-05T15:15:38.061Z,2026-10-05 08:15:38,2026-10-05,America/Los_Angeles,dca,Disney California Adventure,Halloween,4723,Mater's Graveyard JamBOOree,TRUE,5,2026-10-05T15:10:45.000Z,2026-10-05 08:10:45,https://queue-times.com/parks/17/queue_times.json
2026-10-05T15:15:38.061Z,2026-10-05 08:15:38,2026-10-05,America/Los_Angeles,dca,Disney California Adventure,Halloween,7292,Villains Grove at Oogie Boogie Bash,FALSE,0,2026-10-05T15:10:45.000Z,2026-10-05 08:10:45,https://queue-times.com/parks/17/queue_times.json
2026-10-05T15:30:40.750Z,2026-10-05 08:30:40,2026-10-05,America/Los_Angeles,disneyland,Disneyland,Adventureland,12428,Adventureland Treehouse inspired by Walt Disney’s Swiss Family Robinson,TRUE,0,2026-10-05T15:25:33.000Z,2026-10-05 08:25:33,https://queue-times.com/parks/16/queue_times.json
2026-10-05T15:30:40.750Z,2026-10-05 08:30:40,2026-10-05,America/Los_Angeles,disneyland,Disneyland,Adventureland,326,Indiana Jones™ Adventure,FALSE,0,2026-10-05T15:25:33.000Z,2026-10-05 08:25:33,https://queue-times.com/parks/16/queue_times.json
2026-10-05T15:30:40.750Z,2026-10-05 08:30:40,2026-10-05,America/Los_Angeles,disneyland,Disneyland,Adventureland,296,Jungle Cruise,TRUE,10,2026-10-05T15:25:33.000Z,2026-10-05 08:25:33,https://queue-times.com/parks/16/queue_times.json
2026-10-05T15:30:40.750Z,2026-10-05 08:30:40,2026-10-05,America/Los_Angeles,disneyland,Disneyland,Adventureland,288,Walt Disney's Enchanted Tiki Room,TRUE,0,2026-10-05T15:25:33.000Z,2026-10-05 08:25:33,https://queue-times.com/parks/16/queue_times.json
2026-10-05T15:30:40.750Z,2026-10-05 08:30:40,2026-10-05,America/Los_Angeles,disneyland,Disneyland,Bayou Country,304,Davy Crockett's Explorer Canoes,FALSE,0,2026-10-05T15:25:33.000Z,2026-10-05 08:25:33,https://queue-times.com/parks/16/queue_times.json
2026-10-05T15:30:40.750Z,2026-10-05 08:30:40,2026-10-05,America/Los_Angeles,disneyland,Disneyland,Bayou Country,306,The Many Adventures of Winnie the Pooh,TRUE,5,2026-10-05T15:25:33.000Z,2026-10-05 08:25:33,https://queue-times.com/parks/16/queue_times.json
2026-10-05T15:30:40.750Z,2026-10-05 08:30:40,2026-10-05,America/Los_Angeles,disneyland,Disneyland,Bayou Country,14168,Tiana's Bayou Adventure,FALSE,0,2026-10-05T15:25:33.000Z,2026-10-05 08:25:33,https://queue-times.com/parks/16/queue_times.json
2026-10-05T15:30:40.750Z,2026-10-05 08:30:40,2026-10-05,America/Los_Angeles,disneyland,Disneyland,Bayou Country,14326,Tiana's Bayou Adventure Single Rider,FALSE,0,2026-10-05T15:25:33.000Z,2026-10-05 08:25:33,https://queue-times.com/parks/16/queue_times.json
2026-10-05T15:30:40.750Z,2026-10-05 08:30:40,2026-10-05,America/Los_Angeles,disneyland,Disneyland,Fantasyland,307,"""it's a small world""",TRUE,5,2026-10-05T15:25:33.000Z,2026-10-05 08:25:33,https://queue-times.com/parks/16/queue_times.json
2026-10-05T15:30:40.750Z,2026-10-05 08:30:40,2026-10-05,America/Los_Angeles,disneyland,Disneyland,Fantasyland,285,Alice in Wonderland,TRUE,20,2026-10-05T15:25:33.000Z,2026-10-05 08:25:33,https://queue-times.com/parks/16/queue_times.json
2026-10-05T15:30:40.750Z,2026-10-05 08:30:40,2026-10-05,America/Los_Angeles,disneyland,Disneyland,Fantasyland,16254,Bluey’s Best Day Ever! at Fantasyland Theatre,TRUE,0,2026-10-05T15:25:33.000Z,2026-10-05 08:25:33,https://queue-times.com/parks/16/queue_times.json
2026-10-05T15:30:40.750Z,2026-10-05 08:30:40,2026-10-05,America/Los_Angeles,disneyland,Disneyland,Fantasyland,303,Casey Jr. Circus Train,TRUE,5,2026-10-05T15:25:33.000Z,2026-10-05 08:25:33,https://queue-times.com/parks/16/queue_times.json
2026-10-05T15:30:40.750Z,2026-10-05 08:30:40,2026-10-05,America/Los_Angeles,disneyland,Disneyland,Fantasyland,275,Dumbo the Flying Elephant,TRUE,10,2026-10-05T15:25:33.000Z,2026-10-05 08:25:33,https://queue-times.com/parks/16/queue_times.json
2026-10-05T15:30:40.750Z,2026-10-05 08:30:40,2026-10-05,America/Los_Angeles,disneyland,Disneyland,Fantasyland,277,King Arthur Carrousel,TRUE,5,2026-10-05T15:25:33.000Z,2026-10-05 08:25:33,https://queue-times.com/parks/16/queue_times.json
2026-10-05T15:30:40.750Z,2026-10-05 08:30:40,2026-10-05,America/Los_Angeles,disneyland,Disneyland,Fantasyland,278,Mad Tea Party,FALSE,0,2026-10-05T15:25:33.000Z,2026-10-05 08:25:33,https://queue-times.com/parks/16/queue_times.json
2026-10-05T15:30:40.750Z,2026-10-05 08:30:40,2026-10-05,America/Los_Angeles,disneyland,Disneyland,Fantasyland,279,Matterhorn Bobsleds,TRUE,10,2026-10-05T15:25:33.000Z,2026-10-05 08:25:33,https://queue-times.com/parks/16/queue_times.json
2026-10-05T15:30:40.750Z,2026-10-05 08:30:40,2026-10-05,America/Los_Angeles,disneyland,Disneyland,Fantasyland,6711,Meet Disney Princesses at Royal Hall,FALSE,0,2026-10-05T15:25:33.000Z,2026-10-05 08:25:33,https://queue-times.com/parks/16/queue_times.json
2026-10-05T15:30:40.750Z,2026-10-05 08:30:40,2026-10-05,America/Los_Angeles,disneyland,Disneyland,Fantasyland,280,Mr. Toad's Wild Ride,TRUE,10,2026-10-05T15:25:33.000Z,2026-10-05 08:25:33,https://queue-times.com/parks/16/queue_times.json
2026-10-05T15:30:40.750Z,2026-10-05 08:30:40,2026-10-05,America/Los_Angeles,disneyland,Disneyland,Fantasyland,281,Peter Pan's Flight,TRUE,40,2026-10-05T15:25:33.000Z,2026-10-05 08:25:33,https://queue-times.com/parks/16/queue_times.json
2026-10-05T15:30:40.750Z,2026-10-05 08:30:40,2026-10-05,America/Los_Angeles,disneyland,Disneyland,Fantasyland,282,Pinocchio's Daring Journey,TRUE,5,2026-10-05T15:25:33.000Z,2026-10-05 08:25:33,https://queue-times.com/parks/16/queue_times.json
2026-10-05T15:30:40.750Z,2026-10-05 08:30:40,2026-10-05,America/Los_Angeles,disneyland,Disneyland,Fantasyland,687,Sleeping Beauty Castle Walkthrough,FALSE,0,2026-10-05T15:25:33.000Z,2026-10-05 08:25:33,https://queue-times.com/parks/16/queue_times.json
2026-10-05T15:30:40.750Z,2026-10-05 08:30:40,2026-10-05,America/Los_Angeles,disneyland,Disneyland,Fantasyland,283,Snow White's Enchanted Wish,TRUE,15,2026-10-05T15:25:33.000Z,2026-10-05 08:25:33,https://queue-times.com/parks/16/queue_times.json
2026-10-05T15:30:40.750Z,2026-10-05 08:30:40,2026-10-05,America/Los_Angeles,disneyland,Disneyland,Fantasyland,305,Storybook Land Canal Boats,TRUE,5,2026-10-05T15:25:33.000Z,2026-10-05 08:25:33,https://queue-times.com/parks/16/queue_times.json
2026-10-05T15:30:40.750Z,2026-10-05 08:30:40,2026-10-05,America/Los_Angeles,disneyland,Disneyland,Frontierland,323,Big Thunder Mountain Railroad,TRUE,10,2026-10-05T15:25:33.000Z,2026-10-05 08:25:33,https://queue-times.com/parks/16/queue_times.json
2026-10-05T15:30:40.750Z,2026-10-05 08:30:40,2026-10-05,America/Los_Angeles,disneyland,Disneyland,Frontierland,679,Frontierland Shootin' Exposition,TRUE,0,2026-10-05T15:25:33.000Z,2026-10-05 08:25:33,https://queue-times.com/parks/16/queue_times.json
2026-10-05T15:30:40.750Z,2026-10-05 08:30:40,2026-10-05,America/Los_Angeles,disneyland,Disneyland,Frontierland,456,Mark Twain Riverboat,FALSE,0,2026-10-05T15:25:33.000Z,2026-10-05 08:25:33,https://queue-times.com/parks/16/queue_times.json
2026-10-05T15:30:40.750Z,2026-10-05 08:30:40,2026-10-05,America/Los_Angeles,disneyland,Disneyland,Frontierland,331,Pirate's Lair on Tom Sawyer Island,FALSE,0,2026-10-05T15:25:33.000Z,2026-10-05 08:25:33,https://queue-times.com/parks/16/queue_times.json
2026-10-05T15:30:40.750Z,2026-10-05 08:30:40,2026-10-05,America/Los_Angeles,disneyland,Disneyland,Frontierland,328,Sailing Ship Columbia,FALSE,0,2026-10-05T15:25:33.000Z,2026-10-05 08:25:33,https://queue-times.com/parks/16/queue_times.json
2026-10-05T15:30:40.750Z,2026-10-05 08:30:40,2026-10-05,America/Los_Angeles,disneyland,Disneyland,Main Street U.S.A,674,Disneyland Railroad,TRUE,5,2026-10-05T15:25:33.000Z,2026-10-05 08:25:33,https://queue-times.com/parks/16/queue_times.json
2026-10-05T15:30:40.750Z,2026-10-05 08:30:40,2026-10-05,America/Los_Angeles,disneyland,Disneyland,Main Street U.S.A,690,Great Moments with Mr. Lincoln,TRUE,0,2026-10-05T15:25:33.000Z,2026-10-05 08:25:33,https://queue-times.com/parks/16/queue_times.json
2026-10-05T15:30:40.750Z,2026-10-05 08:30:40,2026-10-05,America/Los_Angeles,disneyland,Disneyland,Main Street U.S.A,686,Main Street Cinema,TRUE,0,2026-10-05T15:25:33.000Z,2026-10-05 08:25:33,https://queue-times.com/parks/16/queue_times.json
2026-10-05T15:30:40.750Z,2026-10-05 08:30:40,2026-10-05,America/Los_Angeles,disneyland,Disneyland,Main Street U.S.A,691,Main Street Vehicles,TRUE,0,2026-10-05T15:25:33.000Z,2026-10-05 08:25:33,https://queue-times.com/parks/16/queue_times.json
2026-10-05T15:30:40.750Z,2026-10-05 08:30:40,2026-10-05,America/Los_Angeles,disneyland,Disneyland,Main Street U.S.A,14915,Opera House - Walt Disney - A Magical Life,TRUE,0,2026-10-05T15:25:33.000Z,2026-10-05 08:25:33,https://queue-times.com/parks/16/queue_times.json
2026-10-05T15:30:40.750Z,2026-10-05 08:30:40,2026-10-05,America/Los_Angeles,disneyland,Disneyland,Main Street U.S.A,695,The Disney Gallery,TRUE,0,2026-10-05T15:25:33.000Z,2026-10-05 08:25:33,https://queue-times.com/parks/16/queue_times.json
2026-10-05T15:30:40.750Z,2026-10-05 08:30:40,2026-10-05,America/Los_Angeles,disneyland,Disneyland,Main Street U.S.A,14923,Walt Disney - A Magical Life,FALSE,0,2026-10-05T15:25:33.000Z,2026-10-05 08:25:33,https://queue-times.com/parks/16/queue_times.json
2026-10-05T15:30:40.750Z,2026-10-05 08:30:40,2026-10-05,America/Los_Angeles,disneyland,Disneyland,Mickey's Toontown,324,Chip 'n' Dale's GADGETcoaster,TRUE,5,2026-10-05T15:25:33.000Z,2026-10-05 08:25:33,https://queue-times.com/parks/16/queue_times.json
2026-10-05T15:30:40.750Z,2026-10-05 08:30:40,2026-10-05,America/Los_Angeles,disneyland,Disneyland,Mickey's Toontown,13814,Donald's Duck Pond,TRUE,0,2026-10-05T15:25:33.000Z,2026-10-05 08:25:33,https://queue-times.com/parks/16/queue_times.json
2026-10-05T15:30:40.750Z,2026-10-05 08:30:40,2026-10-05,America/Los_Angeles,disneyland,Disneyland,Mickey's Toontown,11980,Goofy's How-to-Play Yard,TRUE,0,2026-10-05T15:25:33.000Z,2026-10-05 08:25:33,https://queue-times.com/parks/16/queue_times.json
2026-10-05T15:30:40.750Z,2026-10-05 08:30:40,2026-10-05,America/Los_Angeles,disneyland,Disneyland,Mickey's Toontown,11526,Mickey & Minnie's Runaway Railway,FALSE,0,2026-10-05T15:25:33.000Z,2026-10-05 08:25:33,https://queue-times.com/parks/16/queue_times.json
2026-10-05T15:30:40.750Z,2026-10-05 08:30:40,2026-10-05,America/Los_Angeles,disneyland,Disneyland,Mickey's Toontown,709,Mickey's House and Meet Mickey Mouse,TRUE,0,2026-10-05T15:25:33.000Z,2026-10-05 08:25:33,https://queue-times.com/parks/16/queue_times.json
2026-10-05T15:30:40.750Z,2026-10-05 08:30:40,2026-10-05,America/Los_Angeles,disneyland,Disneyland,Mickey's Toontown,684,Minnie's House,FALSE,0,2026-10-05T15:25:33.000Z,2026-10-05 08:25:33,https://queue-times.com/parks/16/queue_times.json
2026-10-05T15:30:40.750Z,2026-10-05 08:30:40,2026-10-05,America/Los_Angeles,disneyland,Disneyland,Mickey's Toontown,332,Roger Rabbit's Car Toon Spin,TRUE,5,2026-10-05T15:25:33.000Z,2026-10-05 08:25:33,https://queue-times.com/parks/16/queue_times.json
2026-10-05T15:30:40.750Z,2026-10-05 08:30:40,2026-10-05,America/Los_Angeles,disneyland,Disneyland,New Orleans Square,325,Haunted Mansion Holiday,TRUE,25,2026-10-05T15:25:33.000Z,2026-10-05 08:25:33,https://queue-times.com/parks/16/queue_times.json
2026-10-05T15:30:40.750Z,2026-10-05 08:30:40,2026-10-05,America/Los_Angeles,disneyland,Disneyland,New Orleans Square,289,Pirates of the Caribbean,FALSE,0,2026-10-05T15:25:33.000Z,2026-10-05 08:25:33,https://queue-times.com/parks/16/queue_times.json
2026-10-05T15:30:40.750Z,2026-10-05 08:30:40,2026-10-05,America/Los_Angeles,disneyland,Disneyland,Star Wars: Galaxy's Edge,6339,Millennium Falcon: Smugglers Run,TRUE,5,2026-10-05T15:25:33.000Z,2026-10-05 08:25:33,https://queue-times.com/parks/16/queue_times.json
2026-10-05T15:30:40.750Z,2026-10-05 08:30:40,2026-10-05,America/Los_Angeles,disneyland,Disneyland,Star Wars: Galaxy's Edge,10903,Millennium Falcon: Smugglers Run Single Rider,TRUE,0,2026-10-05T15:25:33.000Z,2026-10-05 08:25:33,https://queue-times.com/parks/16/queue_times.json
2026-10-05T15:30:40.750Z,2026-10-05 08:30:40,2026-10-05,America/Los_Angeles,disneyland,Disneyland,Star Wars: Galaxy's Edge,6340,Star Wars: Rise of the Resistance,TRUE,25,2026-10-05T15:25:33.000Z,2026-10-05 08:25:33,https://queue-times.com/parks/16/queue_times.json
2026-10-05T15:30:40.750Z,2026-10-05 08:30:40,2026-10-05,America/Los_Angeles,disneyland,Disneyland,Tomorrowland,287,Astro Orbitor,TRUE,5,2026-10-05T15:25:33.000Z,2026-10-05 08:25:33,https://queue-times.com/parks/16/queue_times.json
2026-10-05T15:30:40.750Z,2026-10-05 08:30:40,2026-10-05,America/Los_Angeles,disneyland,Disneyland,Tomorrowland,317,Autopia,TRUE,5,2026-10-05T15:25:33.000Z,2026-10-05 08:25:33,https://queue-times.com/parks/16/queue_times.json
2026-10-05T15:30:40.750Z,2026-10-05 08:30:40,2026-10-05,America/Los_Angeles,disneyland,Disneyland,Tomorrowland,273,Buzz Lightyear Astro Blasters,TRUE,5,2026-10-05T15:25:33.000Z,2026-10-05 08:25:33,https://queue-times.com/parks/16/queue_times.json
2026-10-05T15:30:40.750Z,2026-10-05 08:30:40,2026-10-05,America/Los_Angeles,disneyland,Disneyland,Tomorrowland,274,Disneyland Monorail,TRUE,0,2026-10-05T15:25:33.000Z,2026-10-05 08:25:33,https://queue-times.com/parks/16/queue_times.json
2026-10-05T15:30:40.750Z,2026-10-05 08:30:40,2026-10-05,America/Los_Angeles,disneyland,Disneyland,Tomorrowland,276,Finding Nemo Submarine Voyage,TRUE,5,2026-10-05T15:25:33.000Z,2026-10-05 08:25:33,https://queue-times.com/parks/16/queue_times.json
2026-10-05T15:30:40.750Z,2026-10-05 08:30:40,2026-10-05,America/Los_Angeles,disneyland,Disneyland,Tomorrowland,16627,Pixar Short Film Spotlight,FALSE,0,2026-10-05T15:25:33.000Z,2026-10-05 08:25:33,https://queue-times.com/parks/16/queue_times.json
2026-10-05T15:30:40.750Z,2026-10-05 08:30:40,2026-10-05,America/Los_Angeles,disneyland,Disneyland,Tomorrowland,284,Space Mountain,TRUE,30,2026-10-05T15:25:33.000Z,2026-10-05 08:25:33,https://queue-times.com/parks/16/queue_times.json
2026-10-05T15:30:40.750Z,2026-10-05 08:30:40,2026-10-05,America/Los_Angeles,disneyland,Disneyland,Tomorrowland,286,Star Tours - The Adventures Continue,TRUE,5,2026-10-05T15:25:33.000Z,2026-10-05 08:25:33,https://queue-times.com/parks/16/queue_times.json
2026-10-05T15:30:40.750Z,2026-10-05 08:30:40,2026-10-05,America/Los_Angeles,dca,Disney California Adventure,Avengers Campus,329,Guardians of the Galaxy - Mission: BREAKOUT!,TRUE,25,2026-10-05T15:25:38.000Z,2026-10-05 08:25:38,https://queue-times.com/parks/17/queue_times.json
2026-10-05T15:30:40.750Z,2026-10-05 08:30:40,2026-10-05,America/Los_Angeles,dca,Disney California Adventure,Avengers Campus,8843,WEB SLINGERS: A Spider-Man Adventure,TRUE,30,2026-10-05T15:25:38.000Z,2026-10-05 08:25:38,https://queue-times.com/parks/17/queue_times.json
2026-10-05T15:30:40.750Z,2026-10-05 08:30:40,2026-10-05,America/Los_Angeles,dca,Disney California Adventure,Avengers Campus,10907,WEB SLINGERS: A Spider-Man Adventure Single Rider,TRUE,0,2026-10-05T15:25:38.000Z,2026-10-05 08:25:38,https://queue-times.com/parks/17/queue_times.json
2026-10-05T15:30:40.750Z,2026-10-05 08:30:40,2026-10-05,America/Los_Angeles,dca,Disney California Adventure,Cars Land,2608,Luigi's Honkin' Haul-O-Ween,TRUE,5,2026-10-05T15:25:38.000Z,2026-10-05 08:25:38,https://queue-times.com/parks/17/queue_times.json
2026-10-05T15:30:40.750Z,2026-10-05 08:30:40,2026-10-05,America/Los_Angeles,dca,Disney California Adventure,Cars Land,295,Radiator Springs Racers,TRUE,80,2026-10-05T15:25:38.000Z,2026-10-05 08:25:38,https://queue-times.com/parks/17/queue_times.json
2026-10-05T15:30:40.750Z,2026-10-05 08:30:40,2026-10-05,America/Los_Angeles,dca,Disney California Adventure,Cars Land,10904,Radiator Springs Racers Single Rider,TRUE,0,2026-10-05T15:25:38.000Z,2026-10-05 08:25:38,https://queue-times.com/parks/17/queue_times.json
2026-10-05T15:30:40.750Z,2026-10-05 08:30:40,2026-10-05,America/Los_Angeles,dca,Disney California Adventure,Grizzly Peak,302,Grizzly River Run,TRUE,5,2026-10-05T15:25:38.000Z,2026-10-05 08:25:38,https://queue-times.com/parks/17/queue_times.json
2026-10-05T15:30:40.750Z,2026-10-05 08:30:40,2026-10-05,America/Los_Angeles,dca,Disney California Adventure,Grizzly Peak,293,Redwood Creek Challenge Trail,FALSE,0,2026-10-05T15:25:38.000Z,2026-10-05 08:25:38,https://queue-times.com/parks/17/queue_times.json
2026-10-05T15:30:40.750Z,2026-10-05 08:30:40,2026-10-05,America/Los_Angeles,dca,Disney California Adventure,Grizzly Peak,17129,Soarin’ Across America,TRUE,35,2026-10-05T15:25:38.000Z,2026-10-05 08:25:38,https://queue-times.com/parks/17/queue_times.json
2026-10-05T15:30:40.750Z,2026-10-05 08:30:40,2026-10-05,America/Los_Angeles,dca,Disney California Adventure,Hollywood Land,321,Animation Academy,TRUE,0,2026-10-05T15:25:38.000Z,2026-10-05 08:25:38,https://queue-times.com/parks/17/queue_times.json
2026-10-05T15:30:40.750Z,2026-10-05 08:30:40,2026-10-05,America/Los_Angeles,dca,Disney California Adventure,Hollywood Land,6440,Mickey's PhilharMagic,FALSE,0,2026-10-05T15:25:38.000Z,2026-10-05 08:25:38,https://queue-times.com/parks/17/queue_times.json
2026-10-05T15:30:40.750Z,2026-10-05 08:30:40,2026-10-05,America/Los_Angeles,dca,Disney California Adventure,Hollywood Land,291,"Monsters, Inc. Mike & Sulley to the Rescue!",TRUE,5,2026-10-05T15:25:38.000Z,2026-10-05 08:25:38,https://queue-times.com/parks/17/queue_times.json
2026-10-05T15:30:40.750Z,2026-10-05 08:30:40,2026-10-05,America/Los_Angeles,dca,Disney California Adventure,Hollywood Land,868,Sorcerer's Workshop,TRUE,0,2026-10-05T15:25:38.000Z,2026-10-05 08:25:38,https://queue-times.com/parks/17/queue_times.json
2026-10-05T15:30:40.750Z,2026-10-05 08:30:40,2026-10-05,America/Los_Angeles,dca,Disney California Adventure,Hollywood Land,294,Turtle Talk with Crush,TRUE,0,2026-10-05T15:25:38.000Z,2026-10-05 08:25:38,https://queue-times.com/parks/17/queue_times.json
2026-10-05T15:30:40.750Z,2026-10-05 08:30:40,2026-10-05,America/Los_Angeles,dca,Disney California Adventure,Pacific Wharf,869,The Bakery Tour,TRUE,0,2026-10-05T15:25:38.000Z,2026-10-05 08:25:38,https://queue-times.com/parks/17/queue_times.json
2026-10-05T15:30:40.750Z,2026-10-05 08:30:40,2026-10-05,America/Los_Angeles,dca,Disney California Adventure,Paradise Gardens Park,298,Golden Zephyr,TRUE,5,2026-10-05T15:25:38.000Z,2026-10-05 08:25:38,https://queue-times.com/parks/17/queue_times.json
2026-10-05T15:30:40.750Z,2026-10-05 08:30:40,2026-10-05,America/Los_Angeles,dca,Disney California Adventure,Paradise Gardens Park,319,Goofy's Sky School,FALSE,0,2026-10-05T15:25:38.000Z,2026-10-05 08:25:38,https://queue-times.com/parks/17/queue_times.json
2026-10-05T15:30:40.750Z,2026-10-05 08:30:40,2026-10-05,America/Los_Angeles,dca,Disney California Adventure,Paradise Gardens Park,301,Silly Symphony Swings,TRUE,5,2026-10-05T15:25:38.000Z,2026-10-05 08:25:38,https://queue-times.com/parks/17/queue_times.json
2026-10-05T15:30:40.750Z,2026-10-05 08:30:40,2026-10-05,America/Los_Angeles,dca,Disney California Adventure,Paradise Gardens Park,10905,Silly Symphony Swings Single Rider,TRUE,0,2026-10-05T15:25:38.000Z,2026-10-05 08:25:38,https://queue-times.com/parks/17/queue_times.json
2026-10-05T15:30:40.750Z,2026-10-05 08:30:40,2026-10-05,America/Los_Angeles,dca,Disney California Adventure,Paradise Gardens Park,316,The Little Mermaid - Ariel's Undersea Adventure,FALSE,0,2026-10-05T15:25:38.000Z,2026-10-05 08:25:38,https://queue-times.com/parks/17/queue_times.json
2026-10-05T15:30:40.750Z,2026-10-05 08:30:40,2026-10-05,America/Los_Angeles,dca,Disney California Adventure,Paradise Gardens Park,11528,World of Color – ONE,TRUE,0,2026-10-05T15:25:38.000Z,2026-10-05 08:25:38,https://queue-times.com/parks/17/queue_times.json
2026-10-05T15:30:40.750Z,2026-10-05 08:30:40,2026-10-05,America/Los_Angeles,dca,Disney California Adventure,Pixar Pier,866,Games of Pixar Pier,TRUE,0,2026-10-05T15:25:38.000Z,2026-10-05 08:25:38,https://queue-times.com/parks/17/queue_times.json
2026-10-05T15:30:40.750Z,2026-10-05 08:30:40,2026-10-05,America/Los_Angeles,dca,Disney California Adventure,Pixar Pier,322,Incredicoaster,TRUE,5,2026-10-05T15:25:38.000Z,2026-10-05 08:25:38,https://queue-times.com/parks/17/queue_times.json
2026-10-05T15:30:40.750Z,2026-10-05 08:30:40,2026-10-05,America/Los_Angeles,dca,Disney California Adventure,Pixar Pier,10906,Incredicoaster Single Rider,TRUE,0,2026-10-05T15:25:38.000Z,2026-10-05 08:25:38,https://queue-times.com/parks/17/queue_times.json
2026-10-05T15:30:40.750Z,2026-10-05 08:30:40,2026-10-05,America/Los_Angeles,dca,Disney California Adventure,Pixar Pier,6643,Inside Out Emotional Whirlwind,TRUE,5,2026-10-05T15:25:38.000Z,2026-10-05 08:25:38,https://queue-times.com/parks/17/queue_times.json
2026-10-05T15:30:40.750Z,2026-10-05 08:30:40,2026-10-05,America/Los_Angeles,dca,Disney California Adventure,Pixar Pier,310,Jessie's Critter Carousel,TRUE,5,2026-10-05T15:25:38.000Z,2026-10-05 08:25:38,https://queue-times.com/parks/17/queue_times.json
2026-10-05T15:30:40.750Z,2026-10-05 08:30:40,2026-10-05,America/Los_Angeles,dca,Disney California Adventure,Pixar Pier,300,Jumpin' Jellyfish,TRUE,5,2026-10-05T15:25:38.000Z,2026-10-05 08:25:38,https://queue-times.com/parks/17/queue_times.json
2026-10-05T15:30:40.750Z,2026-10-05 08:30:40,2026-10-05,America/Los_Angeles,dca,Disney California Adventure,Pixar Pier,311,Pixar Pal-A-Round - Swinging,TRUE,5,2026-10-05T15:25:38.000Z,2026-10-05 08:25:38,https://queue-times.com/parks/17/queue_times.json
2026-10-05T15:30:40.750Z,2026-10-05 08:30:40,2026-10-05,America/Los_Angeles,dca,Disney California Adventure,Pixar Pier,5557,Pixar Pal-A-Round – Non-Swinging,TRUE,5,2026-10-05T15:25:38.000Z,2026-10-05 08:25:38,https://queue-times.com/parks/17/queue_times.json
2026-10-05T15:30:40.750Z,2026-10-05 08:30:40,2026-10-05,America/Los_Angeles,dca,Disney California Adventure,Pixar Pier,313,Toy Story Midway Mania!,FALSE,0,2026-10-05T15:25:38.000Z,2026-10-05 08:25:38,https://queue-times.com/parks/17/queue_times.json
2026-10-05T15:30:40.750Z,2026-10-05 08:30:40,2026-10-05,America/Los_Angeles,dca,Disney California Adventure,Halloween,5146,Guardians of the Galaxy - Monsters After Dark,FALSE,0,2026-10-05T15:25:38.000Z,2026-10-05 08:25:38,https://queue-times.com/parks/17/queue_times.json
2026-10-05T15:30:40.750Z,2026-10-05 08:30:40,2026-10-05,America/Los_Angeles,dca,Disney California Adventure,Halloween,4723,Mater's Graveyard JamBOOree,TRUE,5,2026-10-05T15:25:38.000Z,2026-10-05 08:25:38,https://queue-times.com/parks/17/queue_times.json
2026-10-05T15:30:40.750Z,2026-10-05 08:30:40,2026-10-05,America/Los_Angeles,dca,Disney California Adventure,Halloween,7292,Villains Grove at Oogie Boogie Bash,FALSE,0,2026-10-05T15:25:38.000Z,2026-10-05 08:25:38,https://queue-times.com/parks/17/queue_times.json
2026-10-05T15:46:10.842Z,2026-10-05 08:46:10,2026-10-05,America/Los_Angeles,disneyland,Disneyland,Adventureland,12428,Adventureland Treehouse inspired by Walt Disney’s Swiss Family Robinson,TRUE,0,2026-10-05T15:40:33.000Z,2026-10-05 08:40:33,https://queue-times.com/parks/16/queue_times.json
2026-10-05T15:46:10.842Z,2026-10-05 08:46:10,2026-10-05,America/Los_Angeles,disneyland,Disneyland,Adventureland,326,Indiana Jones™ Adventure,FALSE,0,2026-10-05T15:40:33.000Z,2026-10-05 08:40:33,https://queue-times.com/parks/16/queue_times.json
2026-10-05T15:46:10.842Z,2026-10-05 08:46:10,2026-10-05,America/Los_Angeles,disneyland,Disneyland,Adventureland,296,Jungle Cruise,TRUE,10,2026-10-05T15:40:33.000Z,2026-10-05 08:40:33,https://queue-times.com/parks/16/queue_times.json
2026-10-05T15:46:10.842Z,2026-10-05 08:46:10,2026-10-05,America/Los_Angeles,disneyland,Disneyland,Adventureland,288,Walt Disney's Enchanted Tiki Room,TRUE,0,2026-10-05T15:40:33.000Z,2026-10-05 08:40:33,https://queue-times.com/parks/16/queue_times.json
2026-10-05T15:46:10.842Z,2026-10-05 08:46:10,2026-10-05,America/Los_Angeles,disneyland,Disneyland,Bayou Country,304,Davy Crockett's Explorer Canoes,FALSE,0,2026-10-05T15:40:33.000Z,2026-10-05 08:40:33,https://queue-times.com/parks/16/queue_times.json
2026-10-05T15:46:10.842Z,2026-10-05 08:46:10,2026-10-05,America/Los_Angeles,disneyland,Disneyland,Bayou Country,306,The Many Adventures of Winnie the Pooh,TRUE,5,2026-10-05T15:40:33.000Z,2026-10-05 08:40:33,https://queue-times.com/parks/16/queue_times.json
2026-10-05T15:46:10.842Z,2026-10-05 08:46:10,2026-10-05,America/Los_Angeles,disneyland,Disneyland,Bayou Country,14168,Tiana's Bayou Adventure,FALSE,0,2026-10-05T15:40:33.000Z,2026-10-05 08:40:33,https://queue-times.com/parks/16/queue_times.json
2026-10-05T15:46:10.842Z,2026-10-05 08:46:10,2026-10-05,America/Los_Angeles,disneyland,Disneyland,Bayou Country,14326,Tiana's Bayou Adventure Single Rider,FALSE,0,2026-10-05T15:40:33.000Z,2026-10-05 08:40:33,https://queue-times.com/parks/16/queue_times.json
2026-10-05T15:46:10.842Z,2026-10-05 08:46:10,2026-10-05,America/Los_Angeles,disneyland,Disneyland,Fantasyland,307,"""it's a small world""",TRUE,5,2026-10-05T15:40:33.000Z,2026-10-05 08:40:33,https://queue-times.com/parks/16/queue_times.json
2026-10-05T15:46:10.842Z,2026-10-05 08:46:10,2026-10-05,America/Los_Angeles,disneyland,Disneyland,Fantasyland,285,Alice in Wonderland,TRUE,20,2026-10-05T15:40:33.000Z,2026-10-05 08:40:33,https://queue-times.com/parks/16/queue_times.json
2026-10-05T15:46:10.842Z,2026-10-05 08:46:10,2026-10-05,America/Los_Angeles,disneyland,Disneyland,Fantasyland,16254,Bluey’s Best Day Ever! at Fantasyland Theatre,TRUE,0,2026-10-05T15:40:33.000Z,2026-10-05 08:40:33,https://queue-times.com/parks/16/queue_times.json
2026-10-05T15:46:10.842Z,2026-10-05 08:46:10,2026-10-05,America/Los_Angeles,disneyland,Disneyland,Fantasyland,303,Casey Jr. Circus Train,TRUE,5,2026-10-05T15:40:33.000Z,2026-10-05 08:40:33,https://queue-times.com/parks/16/queue_times.json
2026-10-05T15:46:10.842Z,2026-10-05 08:46:10,2026-10-05,America/Los_Angeles,disneyland,Disneyland,Fantasyland,275,Dumbo the Flying Elephant,TRUE,20,2026-10-05T15:40:33.000Z,2026-10-05 08:40:33,https://queue-times.com/parks/16/queue_times.json
2026-10-05T15:46:10.842Z,2026-10-05 08:46:10,2026-10-05,America/Los_Angeles,disneyland,Disneyland,Fantasyland,277,King Arthur Carrousel,TRUE,5,2026-10-05T15:40:33.000Z,2026-10-05 08:40:33,https://queue-times.com/parks/16/queue_times.json
2026-10-05T15:46:10.842Z,2026-10-05 08:46:10,2026-10-05,America/Los_Angeles,disneyland,Disneyland,Fantasyland,278,Mad Tea Party,FALSE,0,2026-10-05T15:40:33.000Z,2026-10-05 08:40:33,https://queue-times.com/parks/16/queue_times.json
2026-10-05T15:46:10.842Z,2026-10-05 08:46:10,2026-10-05,America/Los_Angeles,disneyland,Disneyland,Fantasyland,279,Matterhorn Bobsleds,TRUE,15,2026-10-05T15:40:33.000Z,2026-10-05 08:40:33,https://queue-times.com/parks/16/queue_times.json
2026-10-05T15:46:10.842Z,2026-10-05 08:46:10,2026-10-05,America/Los_Angeles,disneyland,Disneyland,Fantasyland,6711,Meet Disney Princesses at Royal Hall,FALSE,0,2026-10-05T15:40:33.000Z,2026-10-05 08:40:33,https://queue-times.com/parks/16/queue_times.json
2026-10-05T15:46:10.842Z,2026-10-05 08:46:10,2026-10-05,America/Los_Angeles,disneyland,Disneyland,Fantasyland,280,Mr. Toad's Wild Ride,TRUE,15,2026-10-05T15:40:33.000Z,2026-10-05 08:40:33,https://queue-times.com/parks/16/queue_times.json
2026-10-05T15:46:10.842Z,2026-10-05 08:46:10,2026-10-05,America/Los_Angeles,disneyland,Disneyland,Fantasyland,281,Peter Pan's Flight,TRUE,40,2026-10-05T15:40:33.000Z,2026-10-05 08:40:33,https://queue-times.com/parks/16/queue_times.json
2026-10-05T15:46:10.842Z,2026-10-05 08:46:10,2026-10-05,America/Los_Angeles,disneyland,Disneyland,Fantasyland,282,Pinocchio's Daring Journey,TRUE,5,2026-10-05T15:40:33.000Z,2026-10-05 08:40:33,https://queue-times.com/parks/16/queue_times.json
2026-10-05T15:46:10.842Z,2026-10-05 08:46:10,2026-10-05,America/Los_Angeles,disneyland,Disneyland,Fantasyland,687,Sleeping Beauty Castle Walkthrough,FALSE,0,2026-10-05T15:40:33.000Z,2026-10-05 08:40:33,https://queue-times.com/parks/16/queue_times.json
2026-10-05T15:46:10.842Z,2026-10-05 08:46:10,2026-10-05,America/Los_Angeles,disneyland,Disneyland,Fantasyland,283,Snow White's Enchanted Wish,TRUE,10,2026-10-05T15:40:33.000Z,2026-10-05 08:40:33,https://queue-times.com/parks/16/queue_times.json
2026-10-05T15:46:10.842Z,2026-10-05 08:46:10,2026-10-05,America/Los_Angeles,disneyland,Disneyland,Fantasyland,305,Storybook Land Canal Boats,TRUE,5,2026-10-05T15:40:33.000Z,2026-10-05 08:40:33,https://queue-times.com/parks/16/queue_times.json
2026-10-05T15:46:10.842Z,2026-10-05 08:46:10,2026-10-05,America/Los_Angeles,disneyland,Disneyland,Frontierland,323,Big Thunder Mountain Railroad,TRUE,20,2026-10-05T15:40:33.000Z,2026-10-05 08:40:33,https://queue-times.com/parks/16/queue_times.json
2026-10-05T15:46:10.842Z,2026-10-05 08:46:10,2026-10-05,America/Los_Angeles,disneyland,Disneyland,Frontierland,679,Frontierland Shootin' Exposition,TRUE,0,2026-10-05T15:40:33.000Z,2026-10-05 08:40:33,https://queue-times.com/parks/16/queue_times.json
2026-10-05T15:46:10.842Z,2026-10-05 08:46:10,2026-10-05,America/Los_Angeles,disneyland,Disneyland,Frontierland,456,Mark Twain Riverboat,FALSE,0,2026-10-05T15:40:33.000Z,2026-10-05 08:40:33,https://queue-times.com/parks/16/queue_times.json
2026-10-05T15:46:10.842Z,2026-10-05 08:46:10,2026-10-05,America/Los_Angeles,disneyland,Disneyland,Frontierland,331,Pirate's Lair on Tom Sawyer Island,FALSE,0,2026-10-05T15:40:33.000Z,2026-10-05 08:40:33,https://queue-times.com/parks/16/queue_times.json
2026-10-05T15:46:10.842Z,2026-10-05 08:46:10,2026-10-05,America/Los_Angeles,disneyland,Disneyland,Frontierland,328,Sailing Ship Columbia,FALSE,0,2026-10-05T15:40:33.000Z,2026-10-05 08:40:33,https://queue-times.com/parks/16/queue_times.json
2026-10-05T15:46:10.842Z,2026-10-05 08:46:10,2026-10-05,America/Los_Angeles,disneyland,Disneyland,Main Street U.S.A,674,Disneyland Railroad,TRUE,5,2026-10-05T15:40:33.000Z,2026-10-05 08:40:33,https://queue-times.com/parks/16/queue_times.json
2026-10-05T15:46:10.842Z,2026-10-05 08:46:10,2026-10-05,America/Los_Angeles,disneyland,Disneyland,Main Street U.S.A,690,Great Moments with Mr. Lincoln,TRUE,0,2026-10-05T15:40:33.000Z,2026-10-05 08:40:33,https://queue-times.com/parks/16/queue_times.json
2026-10-05T15:46:10.842Z,2026-10-05 08:46:10,2026-10-05,America/Los_Angeles,disneyland,Disneyland,Main Street U.S.A,686,Main Street Cinema,TRUE,0,2026-10-05T15:40:33.000Z,2026-10-05 08:40:33,https://queue-times.com/parks/16/queue_times.json
2026-10-05T15:46:10.842Z,2026-10-05 08:46:10,2026-10-05,America/Los_Angeles,disneyland,Disneyland,Main Street U.S.A,691,Main Street Vehicles,TRUE,0,2026-10-05T15:40:33.000Z,2026-10-05 08:40:33,https://queue-times.com/parks/16/queue_times.json
2026-10-05T15:46:10.842Z,2026-10-05 08:46:10,2026-10-05,America/Los_Angeles,disneyland,Disneyland,Main Street U.S.A,14915,Opera House - Walt Disney - A Magical Life,TRUE,0,2026-10-05T15:40:33.000Z,2026-10-05 08:40:33,https://queue-times.com/parks/16/queue_times.json
2026-10-05T15:46:10.842Z,2026-10-05 08:46:10,2026-10-05,America/Los_Angeles,disneyland,Disneyland,Main Street U.S.A,695,The Disney Gallery,TRUE,0,2026-10-05T15:40:33.000Z,2026-10-05 08:40:33,https://queue-times.com/parks/16/queue_times.json
2026-10-05T15:46:10.842Z,2026-10-05 08:46:10,2026-10-05,America/Los_Angeles,disneyland,Disneyland,Main Street U.S.A,14923,Walt Disney - A Magical Life,FALSE,0,2026-10-05T15:40:33.000Z,2026-10-05 08:40:33,https://queue-times.com/parks/16/queue_times.json
2026-10-05T15:46:10.842Z,2026-10-05 08:46:10,2026-10-05,America/Los_Angeles,disneyland,Disneyland,Mickey's Toontown,324,Chip 'n' Dale's GADGETcoaster,TRUE,5,2026-10-05T15:40:33.000Z,2026-10-05 08:40:33,https://queue-times.com/parks/16/queue_times.json
2026-10-05T15:46:10.842Z,2026-10-05 08:46:10,2026-10-05,America/Los_Angeles,disneyland,Disneyland,Mickey's Toontown,13814,Donald's Duck Pond,TRUE,0,2026-10-05T15:40:33.000Z,2026-10-05 08:40:33,https://queue-times.com/parks/16/queue_times.json
2026-10-05T15:46:10.842Z,2026-10-05 08:46:10,2026-10-05,America/Los_Angeles,disneyland,Disneyland,Mickey's Toontown,11980,Goofy's How-to-Play Yard,TRUE,0,2026-10-05T15:40:33.000Z,2026-10-05 08:40:33,https://queue-times.com/parks/16/queue_times.json
2026-10-05T15:46:10.842Z,2026-10-05 08:46:10,2026-10-05,America/Los_Angeles,disneyland,Disneyland,Mickey's Toontown,11526,Mickey & Minnie's Runaway Railway,FALSE,0,2026-10-05T15:40:33.000Z,2026-10-05 08:40:33,https://queue-times.com/parks/16/queue_times.json
2026-10-05T15:46:10.842Z,2026-10-05 08:46:10,2026-10-05,America/Los_Angeles,disneyland,Disneyland,Mickey's Toontown,709,Mickey's House and Meet Mickey Mouse,TRUE,0,2026-10-05T15:40:33.000Z,2026-10-05 08:40:33,https://queue-times.com/parks/16/queue_times.json
2026-10-05T15:46:10.842Z,2026-10-05 08:46:10,2026-10-05,America/Los_Angeles,disneyland,Disneyland,Mickey's Toontown,684,Minnie's House,FALSE,0,2026-10-05T15:40:33.000Z,2026-10-05 08:40:33,https://queue-times.com/parks/16/queue_times.json
2026-10-05T15:46:10.842Z,2026-10-05 08:46:10,2026-10-05,America/Los_Angeles,disneyland,Disneyland,Mickey's Toontown,332,Roger Rabbit's Car Toon Spin,TRUE,5,2026-10-05T15:40:33.000Z,2026-10-05 08:40:33,https://queue-times.com/parks/16/queue_times.json
2026-10-05T15:46:10.842Z,2026-10-05 08:46:10,2026-10-05,America/Los_Angeles,disneyland,Disneyland,New Orleans Square,325,Haunted Mansion Holiday,TRUE,35,2026-10-05T15:40:33.000Z,2026-10-05 08:40:33,https://queue-times.com/parks/16/queue_times.json
2026-10-05T15:46:10.842Z,2026-10-05 08:46:10,2026-10-05,America/Los_Angeles,disneyland,Disneyland,New Orleans Square,289,Pirates of the Caribbean,FALSE,0,2026-10-05T15:40:33.000Z,2026-10-05 08:40:33,https://queue-times.com/parks/16/queue_times.json
2026-10-05T15:46:10.842Z,2026-10-05 08:46:10,2026-10-05,America/Los_Angeles,disneyland,Disneyland,Star Wars: Galaxy's Edge,6339,Millennium Falcon: Smugglers Run,TRUE,5,2026-10-05T15:40:33.000Z,2026-10-05 08:40:33,https://queue-times.com/parks/16/queue_times.json
2026-10-05T15:46:10.842Z,2026-10-05 08:46:10,2026-10-05,America/Los_Angeles,disneyland,Disneyland,Star Wars: Galaxy's Edge,10903,Millennium Falcon: Smugglers Run Single Rider,TRUE,0,2026-10-05T15:40:33.000Z,2026-10-05 08:40:33,https://queue-times.com/parks/16/queue_times.json
2026-10-05T15:46:10.842Z,2026-10-05 08:46:10,2026-10-05,America/Los_Angeles,disneyland,Disneyland,Star Wars: Galaxy's Edge,6340,Star Wars: Rise of the Resistance,TRUE,65,2026-10-05T15:40:33.000Z,2026-10-05 08:40:33,https://queue-times.com/parks/16/queue_times.json
2026-10-05T15:46:10.842Z,2026-10-05 08:46:10,2026-10-05,America/Los_Angeles,disneyland,Disneyland,Tomorrowland,287,Astro Orbitor,TRUE,5,2026-10-05T15:40:33.000Z,2026-10-05 08:40:33,https://queue-times.com/parks/16/queue_times.json
2026-10-05T15:46:10.842Z,2026-10-05 08:46:10,2026-10-05,America/Los_Angeles,disneyland,Disneyland,Tomorrowland,317,Autopia,TRUE,5,2026-10-05T15:40:33.000Z,2026-10-05 08:40:33,https://queue-times.com/parks/16/queue_times.json
2026-10-05T15:46:10.842Z,2026-10-05 08:46:10,2026-10-05,America/Los_Angeles,disneyland,Disneyland,Tomorrowland,273,Buzz Lightyear Astro Blasters,TRUE,5,2026-10-05T15:40:33.000Z,2026-10-05 08:40:33,https://queue-times.com/parks/16/queue_times.json
2026-10-05T15:46:10.842Z,2026-10-05 08:46:10,2026-10-05,America/Los_Angeles,disneyland,Disneyland,Tomorrowland,274,Disneyland Monorail,TRUE,0,2026-10-05T15:40:33.000Z,2026-10-05 08:40:33,https://queue-times.com/parks/16/queue_times.json
2026-10-05T15:46:10.842Z,2026-10-05 08:46:10,2026-10-05,America/Los_Angeles,disneyland,Disneyland,Tomorrowland,276,Finding Nemo Submarine Voyage,TRUE,5,2026-10-05T15:40:33.000Z,2026-10-05 08:40:33,https://queue-times.com/parks/16/queue_times.json
2026-10-05T15:46:10.842Z,2026-10-05 08:46:10,2026-10-05,America/Los_Angeles,disneyland,Disneyland,Tomorrowland,16627,Pixar Short Film Spotlight,FALSE,0,2026-10-05T15:40:33.000Z,2026-10-05 08:40:33,https://queue-times.com/parks/16/queue_times.json
2026-10-05T15:46:10.842Z,2026-10-05 08:46:10,2026-10-05,America/Los_Angeles,disneyland,Disneyland,Tomorrowland,284,Space Mountain,FALSE,0,2026-10-05T15:40:33.000Z,2026-10-05 08:40:33,https://queue-times.com/parks/16/queue_times.json
2026-10-05T15:46:10.842Z,2026-10-05 08:46:10,2026-10-05,America/Los_Angeles,disneyland,Disneyland,Tomorrowland,286,Star Tours - The Adventures Continue,TRUE,5,2026-10-05T15:40:33.000Z,2026-10-05 08:40:33,https://queue-times.com/parks/16/queue_times.json
2026-10-05T15:46:10.842Z,2026-10-05 08:46:10,2026-10-05,America/Los_Angeles,dca,Disney California Adventure,Avengers Campus,329,Guardians of the Galaxy - Mission: BREAKOUT!,TRUE,40,2026-10-05T15:45:42.000Z,2026-10-05 08:45:42,https://queue-times.com/parks/17/queue_times.json
2026-10-05T15:46:10.842Z,2026-10-05 08:46:10,2026-10-05,America/Los_Angeles,dca,Disney California Adventure,Avengers Campus,8843,WEB SLINGERS: A Spider-Man Adventure,TRUE,40,2026-10-05T15:45:42.000Z,2026-10-05 08:45:42,https://queue-times.com/parks/17/queue_times.json
2026-10-05T15:46:10.842Z,2026-10-05 08:46:10,2026-10-05,America/Los_Angeles,dca,Disney California Adventure,Avengers Campus,10907,WEB SLINGERS: A Spider-Man Adventure Single Rider,TRUE,0,2026-10-05T15:45:42.000Z,2026-10-05 08:45:42,https://queue-times.com/parks/17/queue_times.json
2026-10-05T15:46:10.842Z,2026-10-05 08:46:10,2026-10-05,America/Los_Angeles,dca,Disney California Adventure,Cars Land,2608,Luigi's Honkin' Haul-O-Ween,TRUE,10,2026-10-05T15:45:42.000Z,2026-10-05 08:45:42,https://queue-times.com/parks/17/queue_times.json
2026-10-05T15:46:10.842Z,2026-10-05 08:46:10,2026-10-05,America/Los_Angeles,dca,Disney California Adventure,Cars Land,295,Radiator Springs Racers,TRUE,80,2026-10-05T15:45:42.000Z,2026-10-05 08:45:42,https://queue-times.com/parks/17/queue_times.json
2026-10-05T15:46:10.842Z,2026-10-05 08:46:10,2026-10-05,America/Los_Angeles,dca,Disney California Adventure,Cars Land,10904,Radiator Springs Racers Single Rider,TRUE,0,2026-10-05T15:45:42.000Z,2026-10-05 08:45:42,https://queue-times.com/parks/17/queue_times.json
2026-10-05T15:46:10.842Z,2026-10-05 08:46:10,2026-10-05,America/Los_Angeles,dca,Disney California Adventure,Grizzly Peak,302,Grizzly River Run,TRUE,5,2026-10-05T15:45:42.000Z,2026-10-05 08:45:42,https://queue-times.com/parks/17/queue_times.json
2026-10-05T15:46:10.842Z,2026-10-05 08:46:10,2026-10-05,America/Los_Angeles,dca,Disney California Adventure,Grizzly Peak,293,Redwood Creek Challenge Trail,FALSE,0,2026-10-05T15:45:42.000Z,2026-10-05 08:45:42,https://queue-times.com/parks/17/queue_times.json
2026-10-05T15:46:10.842Z,2026-10-05 08:46:10,2026-10-05,America/Los_Angeles,dca,Disney California Adventure,Grizzly Peak,17129,Soarin’ Across America,TRUE,40,2026-10-05T15:45:42.000Z,2026-10-05 08:45:42,https://queue-times.com/parks/17/queue_times.json
2026-10-05T15:46:10.842Z,2026-10-05 08:46:10,2026-10-05,America/Los_Angeles,dca,Disney California Adventure,Hollywood Land,321,Animation Academy,TRUE,0,2026-10-05T15:45:42.000Z,2026-10-05 08:45:42,https://queue-times.com/parks/17/queue_times.json
2026-10-05T15:46:10.842Z,2026-10-05 08:46:10,2026-10-05,America/Los_Angeles,dca,Disney California Adventure,Hollywood Land,6440,Mickey's PhilharMagic,FALSE,0,2026-10-05T15:45:42.000Z,2026-10-05 08:45:42,https://queue-times.com/parks/17/queue_times.json
2026-10-05T15:46:10.842Z,2026-10-05 08:46:10,2026-10-05,America/Los_Angeles,dca,Disney California Adventure,Hollywood Land,291,"Monsters, Inc. Mike & Sulley to the Rescue!",TRUE,30,2026-10-05T15:45:42.000Z,2026-10-05 08:45:42,https://queue-times.com/parks/17/queue_times.json
2026-10-05T15:46:10.842Z,2026-10-05 08:46:10,2026-10-05,America/Los_Angeles,dca,Disney California Adventure,Hollywood Land,868,Sorcerer's Workshop,TRUE,0,2026-10-05T15:45:42.000Z,2026-10-05 08:45:42,https://queue-times.com/parks/17/queue_times.json
2026-10-05T15:46:10.842Z,2026-10-05 08:46:10,2026-10-05,America/Los_Angeles,dca,Disney California Adventure,Hollywood Land,294,Turtle Talk with Crush,TRUE,0,2026-10-05T15:45:42.000Z,2026-10-05 08:45:42,https://queue-times.com/parks/17/queue_times.json
2026-10-05T15:46:10.842Z,2026-10-05 08:46:10,2026-10-05,America/Los_Angeles,dca,Disney California Adventure,Pacific Wharf,869,The Bakery Tour,TRUE,0,2026-10-05T15:45:42.000Z,2026-10-05 08:45:42,https://queue-times.com/parks/17/queue_times.json
2026-10-05T15:46:10.842Z,2026-10-05 08:46:10,2026-10-05,America/Los_Angeles,dca,Disney California Adventure,Paradise Gardens Park,298,Golden Zephyr,TRUE,5,2026-10-05T15:45:42.000Z,2026-10-05 08:45:42,https://queue-times.com/parks/17/queue_times.json
2026-10-05T15:46:10.842Z,2026-10-05 08:46:10,2026-10-05,America/Los_Angeles,dca,Disney California Adventure,Paradise Gardens Park,319,Goofy's Sky School,FALSE,0,2026-10-05T15:45:42.000Z,2026-10-05 08:45:42,https://queue-times.com/parks/17/queue_times.json
2026-10-05T15:46:10.842Z,2026-10-05 08:46:10,2026-10-05,America/Los_Angeles,dca,Disney California Adventure,Paradise Gardens Park,301,Silly Symphony Swings,TRUE,5,2026-10-05T15:45:42.000Z,2026-10-05 08:45:42,https://queue-times.com/parks/17/queue_times.json
2026-10-05T15:46:10.842Z,2026-10-05 08:46:10,2026-10-05,America/Los_Angeles,dca,Disney California Adventure,Paradise Gardens Park,10905,Silly Symphony Swings Single Rider,TRUE,0,2026-10-05T15:45:42.000Z,2026-10-05 08:45:42,https://queue-times.com/parks/17/queue_times.json
2026-10-05T15:46:10.842Z,2026-10-05 08:46:10,2026-10-05,America/Los_Angeles,dca,Disney California Adventure,Paradise Gardens Park,316,The Little Mermaid - Ariel's Undersea Adventure,FALSE,0,2026-10-05T15:45:42.000Z,2026-10-05 08:45:42,https://queue-times.com/parks/17/queue_times.json
2026-10-05T15:46:10.842Z,2026-10-05 08:46:10,2026-10-05,America/Los_Angeles,dca,Disney California Adventure,Paradise Gardens Park,11528,World of Color – ONE,TRUE,0,2026-10-05T15:45:42.000Z,2026-10-05 08:45:42,https://queue-times.com/parks/17/queue_times.json
2026-10-05T15:46:10.842Z,2026-10-05 08:46:10,2026-10-05,America/Los_Angeles,dca,Disney California Adventure,Pixar Pier,866,Games of Pixar Pier,TRUE,0,2026-10-05T15:45:42.000Z,2026-10-05 08:45:42,https://queue-times.com/parks/17/queue_times.json
2026-10-05T15:46:10.842Z,2026-10-05 08:46:10,2026-10-05,America/Los_Angeles,dca,Disney California Adventure,Pixar Pier,322,Incredicoaster,TRUE,35,2026-10-05T15:45:42.000Z,2026-10-05 08:45:42,https://queue-times.com/parks/17/queue_times.json
2026-10-05T15:46:10.842Z,2026-10-05 08:46:10,2026-10-05,America/Los_Angeles,dca,Disney California Adventure,Pixar Pier,10906,Incredicoaster Single Rider,TRUE,0,2026-10-05T15:45:42.000Z,2026-10-05 08:45:42,https://queue-times.com/parks/17/queue_times.json
2026-10-05T15:46:10.842Z,2026-10-05 08:46:10,2026-10-05,America/Los_Angeles,dca,Disney California Adventure,Pixar Pier,6643,Inside Out Emotional Whirlwind,TRUE,5,2026-10-05T15:45:42.000Z,2026-10-05 08:45:42,https://queue-times.com/parks/17/queue_times.json
2026-10-05T15:46:10.842Z,2026-10-05 08:46:10,2026-10-05,America/Los_Angeles,dca,Disney California Adventure,Pixar Pier,310,Jessie's Critter Carousel,TRUE,5,2026-10-05T15:45:42.000Z,2026-10-05 08:45:42,https://queue-times.com/parks/17/queue_times.json
2026-10-05T15:46:10.842Z,2026-10-05 08:46:10,2026-10-05,America/Los_Angeles,dca,Disney California Adventure,Pixar Pier,300,Jumpin' Jellyfish,TRUE,5,2026-10-05T15:45:42.000Z,2026-10-05 08:45:42,https://queue-times.com/parks/17/queue_times.json
2026-10-05T15:46:10.842Z,2026-10-05 08:46:10,2026-10-05,America/Los_Angeles,dca,Disney California Adventure,Pixar Pier,311,Pixar Pal-A-Round - Swinging,TRUE,5,2026-10-05T15:45:42.000Z,2026-10-05 08:45:42,https://queue-times.com/parks/17/queue_times.json
2026-10-05T15:46:10.842Z,2026-10-05 08:46:10,2026-10-05,America/Los_Angeles,dca,Disney California Adventure,Pixar Pier,5557,Pixar Pal-A-Round – Non-Swinging,TRUE,5,2026-10-05T15:45:42.000Z,2026-10-05 08:45:42,https://queue-times.com/parks/17/queue_times.json
2026-10-05T15:46:10.842Z,2026-10-05 08:46:10,2026-10-05,America/Los_Angeles,dca,Disney California Adventure,Pixar Pier,313,Toy Story Midway Mania!,FALSE,0,2026-10-05T15:45:42.000Z,2026-10-05 08:45:42,https://queue-times.com/parks/17/queue_times.json
2026-10-05T15:46:10.842Z,2026-10-05 08:46:10,2026-10-05,America/Los_Angeles,dca,Disney California Adventure,Halloween,5146,Guardians of the Galaxy - Monsters After Dark,FALSE,0,2026-10-05T15:45:42.000Z,2026-10-05 08:45:42,https://queue-times.com/parks/17/queue_times.json
2026-10-05T15:46:10.842Z,2026-10-05 08:46:10,2026-10-05,America/Los_Angeles,dca,Disney California Adventure,Halloween,4723,Mater's Graveyard JamBOOree,TRUE,25,2026-10-05T15:45:42.000Z,2026-10-05 08:45:42,https://queue-times.com/parks/17/queue_times.json
2026-10-05T15:46:10.842Z,2026-10-05 08:46:10,2026-10-05,America/Los_Angeles,dca,Disney California Adventure,Halloween,7292,Villains Grove at Oogie Boogie Bash,FALSE,0,2026-10-05T15:45:42.000Z,2026-10-05 08:45:42,https://queue-times.com/parks/17/queue_times.json
2026-10-05T16:00:39.849Z,2026-10-05 09:00:39,2026-10-05,America/Los_Angeles,disneyland,Disneyland,Adventureland,12428,Adventureland Treehouse inspired by Walt Disney’s Swiss Family Robinson,TRUE,0,2026-10-05T15:55:34.000Z,2026-10-05 08:55:34,https://queue-times.com/parks/16/queue_times.json
2026-10-05T16:00:39.849Z,2026-10-05 09:00:39,2026-10-05,America/Los_Angeles,disneyland,Disneyland,Adventureland,326,Indiana Jones™ Adventure,FALSE,0,2026-10-05T15:55:34.000Z,2026-10-05 08:55:34,https://queue-times.com/parks/16/queue_times.json
2026-10-05T16:00:39.849Z,2026-10-05 09:00:39,2026-10-05,America/Los_Angeles,disneyland,Disneyland,Adventureland,296,Jungle Cruise,TRUE,20,2026-10-05T15:55:34.000Z,2026-10-05 08:55:34,https://queue-times.com/parks/16/queue_times.json
2026-10-05T16:00:39.849Z,2026-10-05 09:00:39,2026-10-05,America/Los_Angeles,disneyland,Disneyland,Adventureland,288,Walt Disney's Enchanted Tiki Room,TRUE,0,2026-10-05T15:55:34.000Z,2026-10-05 08:55:34,https://queue-times.com/parks/16/queue_times.json
2026-10-05T16:00:39.849Z,2026-10-05 09:00:39,2026-10-05,America/Los_Angeles,disneyland,Disneyland,Bayou Country,304,Davy Crockett's Explorer Canoes,FALSE,0,2026-10-05T15:55:34.000Z,2026-10-05 08:55:34,https://queue-times.com/parks/16/queue_times.json
2026-10-05T16:00:39.849Z,2026-10-05 09:00:39,2026-10-05,America/Los_Angeles,disneyland,Disneyland,Bayou Country,306,The Many Adventures of Winnie the Pooh,TRUE,5,2026-10-05T15:55:34.000Z,2026-10-05 08:55:34,https://queue-times.com/parks/16/queue_times.json
2026-10-05T16:00:39.849Z,2026-10-05 09:00:39,2026-10-05,America/Los_Angeles,disneyland,Disneyland,Bayou Country,14168,Tiana's Bayou Adventure,FALSE,0,2026-10-05T15:55:34.000Z,2026-10-05 08:55:34,https://queue-times.com/parks/16/queue_times.json
2026-10-05T16:00:39.849Z,2026-10-05 09:00:39,2026-10-05,America/Los_Angeles,disneyland,Disneyland,Bayou Country,14326,Tiana's Bayou Adventure Single Rider,FALSE,0,2026-10-05T15:55:34.000Z,2026-10-05 08:55:34,https://queue-times.com/parks/16/queue_times.json
2026-10-05T16:00:39.849Z,2026-10-05 09:00:39,2026-10-05,America/Los_Angeles,disneyland,Disneyland,Fantasyland,307,"""it's a small world""",TRUE,5,2026-10-05T15:55:34.000Z,2026-10-05 08:55:34,https://queue-times.com/parks/16/queue_times.json
2026-10-05T16:00:39.849Z,2026-10-05 09:00:39,2026-10-05,America/Los_Angeles,disneyland,Disneyland,Fantasyland,285,Alice in Wonderland,TRUE,20,2026-10-05T15:55:34.000Z,2026-10-05 08:55:34,https://queue-times.com/parks/16/queue_times.json
2026-10-05T16:00:39.849Z,2026-10-05 09:00:39,2026-10-05,America/Los_Angeles,disneyland,Disneyland,Fantasyland,16254,Bluey’s Best Day Ever! at Fantasyland Theatre,TRUE,0,2026-10-05T15:55:34.000Z,2026-10-05 08:55:34,https://queue-times.com/parks/16/queue_times.json
2026-10-05T16:00:39.849Z,2026-10-05 09:00:39,2026-10-05,America/Los_Angeles,disneyland,Disneyland,Fantasyland,303,Casey Jr. Circus Train,TRUE,10,2026-10-05T15:55:34.000Z,2026-10-05 08:55:34,https://queue-times.com/parks/16/queue_times.json
2026-10-05T16:00:39.849Z,2026-10-05 09:00:39,2026-10-05,America/Los_Angeles,disneyland,Disneyland,Fantasyland,275,Dumbo the Flying Elephant,TRUE,35,2026-10-05T15:55:34.000Z,2026-10-05 08:55:34,https://queue-times.com/parks/16/queue_times.json
2026-10-05T16:00:39.849Z,2026-10-05 09:00:39,2026-10-05,America/Los_Angeles,disneyland,Disneyland,Fantasyland,277,King Arthur Carrousel,TRUE,5,2026-10-05T15:55:34.000Z,2026-10-05 08:55:34,https://queue-times.com/parks/16/queue_times.json
2026-10-05T16:00:39.849Z,2026-10-05 09:00:39,2026-10-05,America/Los_Angeles,disneyland,Disneyland,Fantasyland,278,Mad Tea Party,FALSE,0,2026-10-05T15:55:34.000Z,2026-10-05 08:55:34,https://queue-times.com/parks/16/queue_times.json
2026-10-05T16:00:39.849Z,2026-10-05 09:00:39,2026-10-05,America/Los_Angeles,disneyland,Disneyland,Fantasyland,279,Matterhorn Bobsleds,TRUE,20,2026-10-05T15:55:34.000Z,2026-10-05 08:55:34,https://queue-times.com/parks/16/queue_times.json
2026-10-05T16:00:39.849Z,2026-10-05 09:00:39,2026-10-05,America/Los_Angeles,disneyland,Disneyland,Fantasyland,6711,Meet Disney Princesses at Royal Hall,FALSE,0,2026-10-05T15:55:34.000Z,2026-10-05 08:55:34,https://queue-times.com/parks/16/queue_times.json
2026-10-05T16:00:39.849Z,2026-10-05 09:00:39,2026-10-05,America/Los_Angeles,disneyland,Disneyland,Fantasyland,280,Mr. Toad's Wild Ride,TRUE,20,2026-10-05T15:55:34.000Z,2026-10-05 08:55:34,https://queue-times.com/parks/16/queue_times.json
2026-10-05T16:00:39.849Z,2026-10-05 09:00:39,2026-10-05,America/Los_Angeles,disneyland,Disneyland,Fantasyland,281,Peter Pan's Flight,TRUE,35,2026-10-05T15:55:34.000Z,2026-10-05 08:55:34,https://queue-times.com/parks/16/queue_times.json
2026-10-05T16:00:39.849Z,2026-10-05 09:00:39,2026-10-05,America/Los_Angeles,disneyland,Disneyland,Fantasyland,282,Pinocchio's Daring Journey,TRUE,10,2026-10-05T15:55:34.000Z,2026-10-05 08:55:34,https://queue-times.com/parks/16/queue_times.json
2026-10-05T16:00:39.849Z,2026-10-05 09:00:39,2026-10-05,America/Los_Angeles,disneyland,Disneyland,Fantasyland,687,Sleeping Beauty Castle Walkthrough,FALSE,0,2026-10-05T15:55:34.000Z,2026-10-05 08:55:34,https://queue-times.com/parks/16/queue_times.json
2026-10-05T16:00:39.849Z,2026-10-05 09:00:39,2026-10-05,America/Los_Angeles,disneyland,Disneyland,Fantasyland,283,Snow White's Enchanted Wish,TRUE,10,2026-10-05T15:55:34.000Z,2026-10-05 08:55:34,https://queue-times.com/parks/16/queue_times.json
2026-10-05T16:00:39.849Z,2026-10-05 09:00:39,2026-10-05,America/Los_Angeles,disneyland,Disneyland,Fantasyland,305,Storybook Land Canal Boats,TRUE,5,2026-10-05T15:55:34.000Z,2026-10-05 08:55:34,https://queue-times.com/parks/16/queue_times.json
2026-10-05T16:00:39.849Z,2026-10-05 09:00:39,2026-10-05,America/Los_Angeles,disneyland,Disneyland,Frontierland,323,Big Thunder Mountain Railroad,TRUE,35,2026-10-05T15:55:34.000Z,2026-10-05 08:55:34,https://queue-times.com/parks/16/queue_times.json
2026-10-05T16:00:39.849Z,2026-10-05 09:00:39,2026-10-05,America/Los_Angeles,disneyland,Disneyland,Frontierland,679,Frontierland Shootin' Exposition,TRUE,0,2026-10-05T15:55:34.000Z,2026-10-05 08:55:34,https://queue-times.com/parks/16/queue_times.json
2026-10-05T16:00:39.849Z,2026-10-05 09:00:39,2026-10-05,America/Los_Angeles,disneyland,Disneyland,Frontierland,456,Mark Twain Riverboat,FALSE,0,2026-10-05T15:55:34.000Z,2026-10-05 08:55:34,https://queue-times.com/parks/16/queue_times.json
2026-10-05T16:00:39.849Z,2026-10-05 09:00:39,2026-10-05,America/Los_Angeles,disneyland,Disneyland,Frontierland,331,Pirate's Lair on Tom Sawyer Island,FALSE,0,2026-10-05T15:55:34.000Z,2026-10-05 08:55:34,https://queue-times.com/parks/16/queue_times.json
2026-10-05T16:00:39.849Z,2026-10-05 09:00:39,2026-10-05,America/Los_Angeles,disneyland,Disneyland,Frontierland,328,Sailing Ship Columbia,FALSE,0,2026-10-05T15:55:34.000Z,2026-10-05 08:55:34,https://queue-times.com/parks/16/queue_times.json
2026-10-05T16:00:39.849Z,2026-10-05 09:00:39,2026-10-05,America/Los_Angeles,disneyland,Disneyland,Main Street U.S.A,674,Disneyland Railroad,TRUE,5,2026-10-05T15:55:34.000Z,2026-10-05 08:55:34,https://queue-times.com/parks/16/queue_times.json
2026-10-05T16:00:39.849Z,2026-10-05 09:00:39,2026-10-05,America/Los_Angeles,disneyland,Disneyland,Main Street U.S.A,690,Great Moments with Mr. Lincoln,TRUE,0,2026-10-05T15:55:34.000Z,2026-10-05 08:55:34,https://queue-times.com/parks/16/queue_times.json
2026-10-05T16:00:39.849Z,2026-10-05 09:00:39,2026-10-05,America/Los_Angeles,disneyland,Disneyland,Main Street U.S.A,686,Main Street Cinema,TRUE,0,2026-10-05T15:55:34.000Z,2026-10-05 08:55:34,https://queue-times.com/parks/16/queue_times.json
2026-10-05T16:00:39.849Z,2026-10-05 09:00:39,2026-10-05,America/Los_Angeles,disneyland,Disneyland,Main Street U.S.A,691,Main Street Vehicles,TRUE,0,2026-10-05T15:55:34.000Z,2026-10-05 08:55:34,https://queue-times.com/parks/16/queue_times.json
2026-10-05T16:00:39.849Z,2026-10-05 09:00:39,2026-10-05,America/Los_Angeles,disneyland,Disneyland,Main Street U.S.A,14915,Opera House - Walt Disney - A Magical Life,TRUE,0,2026-10-05T15:55:34.000Z,2026-10-05 08:55:34,https://queue-times.com/parks/16/queue_times.json
2026-10-05T16:00:39.849Z,2026-10-05 09:00:39,2026-10-05,America/Los_Angeles,disneyland,Disneyland,Main Street U.S.A,695,The Disney Gallery,TRUE,0,2026-10-05T15:55:34.000Z,2026-10-05 08:55:34,https://queue-times.com/parks/16/queue_times.json
2026-10-05T16:00:39.849Z,2026-10-05 09:00:39,2026-10-05,America/Los_Angeles,disneyland,Disneyland,Main Street U.S.A,14923,Walt Disney - A Magical Life,FALSE,0,2026-10-05T15:55:34.000Z,2026-10-05 08:55:34,https://queue-times.com/parks/16/queue_times.json
2026-10-05T16:00:39.849Z,2026-10-05 09:00:39,2026-10-05,America/Los_Angeles,disneyland,Disneyland,Mickey's Toontown,324,Chip 'n' Dale's GADGETcoaster,TRUE,5,2026-10-05T15:55:34.000Z,2026-10-05 08:55:34,https://queue-times.com/parks/16/queue_times.json
2026-10-05T16:00:39.849Z,2026-10-05 09:00:39,2026-10-05,America/Los_Angeles,disneyland,Disneyland,Mickey's Toontown,13814,Donald's Duck Pond,TRUE,0,2026-10-05T15:55:34.000Z,2026-10-05 08:55:34,https://queue-times.com/parks/16/queue_times.json
2026-10-05T16:00:39.849Z,2026-10-05 09:00:39,2026-10-05,America/Los_Angeles,disneyland,Disneyland,Mickey's Toontown,11980,Goofy's How-to-Play Yard,TRUE,0,2026-10-05T15:55:34.000Z,2026-10-05 08:55:34,https://queue-times.com/parks/16/queue_times.json
2026-10-05T16:00:39.849Z,2026-10-05 09:00:39,2026-10-05,America/Los_Angeles,disneyland,Disneyland,Mickey's Toontown,11526,Mickey & Minnie's Runaway Railway,TRUE,5,2026-10-05T15:55:34.000Z,2026-10-05 08:55:34,https://queue-times.com/parks/16/queue_times.json
2026-10-05T16:00:39.849Z,2026-10-05 09:00:39,2026-10-05,America/Los_Angeles,disneyland,Disneyland,Mickey's Toontown,709,Mickey's House and Meet Mickey Mouse,TRUE,0,2026-10-05T15:55:34.000Z,2026-10-05 08:55:34,https://queue-times.com/parks/16/queue_times.json
2026-10-05T16:00:39.849Z,2026-10-05 09:00:39,2026-10-05,America/Los_Angeles,disneyland,Disneyland,Mickey's Toontown,684,Minnie's House,FALSE,0,2026-10-05T15:55:34.000Z,2026-10-05 08:55:34,https://queue-times.com/parks/16/queue_times.json
2026-10-05T16:00:39.849Z,2026-10-05 09:00:39,2026-10-05,America/Los_Angeles,disneyland,Disneyland,Mickey's Toontown,332,Roger Rabbit's Car Toon Spin,TRUE,5,2026-10-05T15:55:34.000Z,2026-10-05 08:55:34,https://queue-times.com/parks/16/queue_times.json
2026-10-05T16:00:39.849Z,2026-10-05 09:00:39,2026-10-05,America/Los_Angeles,disneyland,Disneyland,New Orleans Square,325,Haunted Mansion Holiday,TRUE,35,2026-10-05T15:55:34.000Z,2026-10-05 08:55:34,https://queue-times.com/parks/16/queue_times.json
2026-10-05T16:00:39.849Z,2026-10-05 09:00:39,2026-10-05,America/Los_Angeles,disneyland,Disneyland,New Orleans Square,289,Pirates of the Caribbean,FALSE,0,2026-10-05T15:55:34.000Z,2026-10-05 08:55:34,https://queue-times.com/parks/16/queue_times.json
2026-10-05T16:00:39.849Z,2026-10-05 09:00:39,2026-10-05,America/Los_Angeles,disneyland,Disneyland,Star Wars: Galaxy's Edge,6339,Millennium Falcon: Smugglers Run,TRUE,5,2026-10-05T15:55:34.000Z,2026-10-05 08:55:34,https://queue-times.com/parks/16/queue_times.json
2026-10-05T16:00:39.849Z,2026-10-05 09:00:39,2026-10-05,America/Los_Angeles,disneyland,Disneyland,Star Wars: Galaxy's Edge,10903,Millennium Falcon: Smugglers Run Single Rider,TRUE,0,2026-10-05T15:55:34.000Z,2026-10-05 08:55:34,https://queue-times.com/parks/16/queue_times.json
2026-10-05T16:00:39.849Z,2026-10-05 09:00:39,2026-10-05,America/Los_Angeles,disneyland,Disneyland,Star Wars: Galaxy's Edge,6340,Star Wars: Rise of the Resistance,TRUE,50,2026-10-05T15:55:34.000Z,2026-10-05 08:55:34,https://queue-times.com/parks/16/queue_times.json
2026-10-05T16:00:39.849Z,2026-10-05 09:00:39,2026-10-05,America/Los_Angeles,disneyland,Disneyland,Tomorrowland,287,Astro Orbitor,TRUE,10,2026-10-05T15:55:34.000Z,2026-10-05 08:55:34,https://queue-times.com/parks/16/queue_times.json
2026-10-05T16:00:39.849Z,2026-10-05 09:00:39,2026-10-05,America/Los_Angeles,disneyland,Disneyland,Tomorrowland,317,Autopia,TRUE,15,2026-10-05T15:55:34.000Z,2026-10-05 08:55:34,https://queue-times.com/parks/16/queue_times.json
2026-10-05T16:00:39.849Z,2026-10-05 09:00:39,2026-10-05,America/Los_Angeles,disneyland,Disneyland,Tomorrowland,273,Buzz Lightyear Astro Blasters,TRUE,5,2026-10-05T15:55:34.000Z,2026-10-05 08:55:34,https://queue-times.com/parks/16/queue_times.json
2026-10-05T16:00:39.849Z,2026-10-05 09:00:39,2026-10-05,America/Los_Angeles,disneyland,Disneyland,Tomorrowland,274,Disneyland Monorail,TRUE,0,2026-10-05T15:55:34.000Z,2026-10-05 08:55:34,https://queue-times.com/parks/16/queue_times.json
2026-10-05T16:00:39.849Z,2026-10-05 09:00:39,2026-10-05,America/Los_Angeles,disneyland,Disneyland,Tomorrowland,276,Finding Nemo Submarine Voyage,TRUE,5,2026-10-05T15:55:34.000Z,2026-10-05 08:55:34,https://queue-times.com/parks/16/queue_times.json
2026-10-05T16:00:39.849Z,2026-10-05 09:00:39,2026-10-05,America/Los_Angeles,disneyland,Disneyland,Tomorrowland,16627,Pixar Short Film Spotlight,FALSE,0,2026-10-05T15:55:34.000Z,2026-10-05 08:55:34,https://queue-times.com/parks/16/queue_times.json
2026-10-05T16:00:39.849Z,2026-10-05 09:00:39,2026-10-05,America/Los_Angeles,disneyland,Disneyland,Tomorrowland,284,Space Mountain,FALSE,0,2026-10-05T15:55:34.000Z,2026-10-05 08:55:34,https://queue-times.com/parks/16/queue_times.json
2026-10-05T16:00:39.849Z,2026-10-05 09:00:39,2026-10-05,America/Los_Angeles,disneyland,Disneyland,Tomorrowland,286,Star Tours - The Adventures Continue,TRUE,15,2026-10-05T15:55:34.000Z,2026-10-05 08:55:34,https://queue-times.com/parks/16/queue_times.json
2026-10-05T16:00:39.849Z,2026-10-05 09:00:39,2026-10-05,America/Los_Angeles,dca,Disney California Adventure,Avengers Campus,329,Guardians of the Galaxy - Mission: BREAKOUT!,TRUE,40,2026-10-05T15:55:41.000Z,2026-10-05 08:55:41,https://queue-times.com/parks/17/queue_times.json
2026-10-05T16:00:39.849Z,2026-10-05 09:00:39,2026-10-05,America/Los_Angeles,dca,Disney California Adventure,Avengers Campus,8843,WEB SLINGERS: A Spider-Man Adventure,TRUE,40,2026-10-05T15:55:41.000Z,2026-10-05 08:55:41,https://queue-times.com/parks/17/queue_times.json
2026-10-05T16:00:39.849Z,2026-10-05 09:00:39,2026-10-05,America/Los_Angeles,dca,Disney California Adventure,Avengers Campus,10907,WEB SLINGERS: A Spider-Man Adventure Single Rider,TRUE,0,2026-10-05T15:55:41.000Z,2026-10-05 08:55:41,https://queue-times.com/parks/17/queue_times.json
2026-10-05T16:00:39.849Z,2026-10-05 09:00:39,2026-10-05,America/Los_Angeles,dca,Disney California Adventure,Cars Land,2608,Luigi's Honkin' Haul-O-Ween,TRUE,20,2026-10-05T15:55:41.000Z,2026-10-05 08:55:41,https://queue-times.com/parks/17/queue_times.json
2026-10-05T16:00:39.849Z,2026-10-05 09:00:39,2026-10-05,America/Los_Angeles,dca,Disney California Adventure,Cars Land,295,Radiator Springs Racers,TRUE,80,2026-10-05T15:55:41.000Z,2026-10-05 08:55:41,https://queue-times.com/parks/17/queue_times.json
2026-10-05T16:00:39.849Z,2026-10-05 09:00:39,2026-10-05,America/Los_Angeles,dca,Disney California Adventure,Cars Land,10904,Radiator Springs Racers Single Rider,TRUE,0,2026-10-05T15:55:41.000Z,2026-10-05 08:55:41,https://queue-times.com/parks/17/queue_times.json
2026-10-05T16:00:39.849Z,2026-10-05 09:00:39,2026-10-05,America/Los_Angeles,dca,Disney California Adventure,Grizzly Peak,302,Grizzly River Run,TRUE,5,2026-10-05T15:55:41.000Z,2026-10-05 08:55:41,https://queue-times.com/parks/17/queue_times.json
2026-10-05T16:00:39.849Z,2026-10-05 09:00:39,2026-10-05,America/Los_Angeles,dca,Disney California Adventure,Grizzly Peak,293,Redwood Creek Challenge Trail,FALSE,0,2026-10-05T15:55:41.000Z,2026-10-05 08:55:41,https://queue-times.com/parks/17/queue_times.json
2026-10-05T16:00:39.849Z,2026-10-05 09:00:39,2026-10-05,America/Los_Angeles,dca,Disney California Adventure,Grizzly Peak,17129,Soarin’ Across America,TRUE,40,2026-10-05T15:55:41.000Z,2026-10-05 08:55:41,https://queue-times.com/parks/17/queue_times.json
2026-10-05T16:00:39.849Z,2026-10-05 09:00:39,2026-10-05,America/Los_Angeles,dca,Disney California Adventure,Hollywood Land,321,Animation Academy,TRUE,0,2026-10-05T15:55:41.000Z,2026-10-05 08:55:41,https://queue-times.com/parks/17/queue_times.json
2026-10-05T16:00:39.849Z,2026-10-05 09:00:39,2026-10-05,America/Los_Angeles,dca,Disney California Adventure,Hollywood Land,6440,Mickey's PhilharMagic,FALSE,0,2026-10-05T15:55:41.000Z,2026-10-05 08:55:41,https://queue-times.com/parks/17/queue_times.json
2026-10-05T16:00:39.849Z,2026-10-05 09:00:39,2026-10-05,America/Los_Angeles,dca,Disney California Adventure,Hollywood Land,291,"Monsters, Inc. Mike & Sulley to the Rescue!",TRUE,45,2026-10-05T15:55:41.000Z,2026-10-05 08:55:41,https://queue-times.com/parks/17/queue_times.json
2026-10-05T16:00:39.849Z,2026-10-05 09:00:39,2026-10-05,America/Los_Angeles,dca,Disney California Adventure,Hollywood Land,868,Sorcerer's Workshop,TRUE,0,2026-10-05T15:55:41.000Z,2026-10-05 08:55:41,https://queue-times.com/parks/17/queue_times.json
2026-10-05T16:00:39.849Z,2026-10-05 09:00:39,2026-10-05,America/Los_Angeles,dca,Disney California Adventure,Hollywood Land,294,Turtle Talk with Crush,TRUE,0,2026-10-05T15:55:41.000Z,2026-10-05 08:55:41,https://queue-times.com/parks/17/queue_times.json
2026-10-05T16:00:39.849Z,2026-10-05 09:00:39,2026-10-05,America/Los_Angeles,dca,Disney California Adventure,Pacific Wharf,869,The Bakery Tour,TRUE,0,2026-10-05T15:55:41.000Z,2026-10-05 08:55:41,https://queue-times.com/parks/17/queue_times.json
2026-10-05T16:00:39.849Z,2026-10-05 09:00:39,2026-10-05,America/Los_Angeles,dca,Disney California Adventure,Paradise Gardens Park,298,Golden Zephyr,TRUE,5,2026-10-05T15:55:41.000Z,2026-10-05 08:55:41,https://queue-times.com/parks/17/queue_times.json
2026-10-05T16:00:39.849Z,2026-10-05 09:00:39,2026-10-05,America/Los_Angeles,dca,Disney California Adventure,Paradise Gardens Park,319,Goofy's Sky School,FALSE,0,2026-10-05T15:55:41.000Z,2026-10-05 08:55:41,https://queue-times.com/parks/17/queue_times.json
2026-10-05T16:00:39.849Z,2026-10-05 09:00:39,2026-10-05,America/Los_Angeles,dca,Disney California Adventure,Paradise Gardens Park,301,Silly Symphony Swings,TRUE,5,2026-10-05T15:55:41.000Z,2026-10-05 08:55:41,https://queue-times.com/parks/17/queue_times.json
2026-10-05T16:00:39.849Z,2026-10-05 09:00:39,2026-10-05,America/Los_Angeles,dca,Disney California Adventure,Paradise Gardens Park,10905,Silly Symphony Swings Single Rider,TRUE,0,2026-10-05T15:55:41.000Z,2026-10-05 08:55:41,https://queue-times.com/parks/17/queue_times.json
2026-10-05T16:00:39.849Z,2026-10-05 09:00:39,2026-10-05,America/Los_Angeles,dca,Disney California Adventure,Paradise Gardens Park,316,The Little Mermaid - Ariel's Undersea Adventure,FALSE,0,2026-10-05T15:55:41.000Z,2026-10-05 08:55:41,https://queue-times.com/parks/17/queue_times.json
2026-10-05T16:00:39.849Z,2026-10-05 09:00:39,2026-10-05,America/Los_Angeles,dca,Disney California Adventure,Paradise Gardens Park,11528,World of Color – ONE,TRUE,0,2026-10-05T15:55:41.000Z,2026-10-05 08:55:41,https://queue-times.com/parks/17/queue_times.json
2026-10-05T16:00:39.849Z,2026-10-05 09:00:39,2026-10-05,America/Los_Angeles,dca,Disney California Adventure,Pixar Pier,866,Games of Pixar Pier,TRUE,0,2026-10-05T15:55:41.000Z,2026-10-05 08:55:41,https://queue-times.com/parks/17/queue_times.json
2026-10-05T16:00:39.849Z,2026-10-05 09:00:39,2026-10-05,America/Los_Angeles,dca,Disney California Adventure,Pixar Pier,322,Incredicoaster,TRUE,45,2026-10-05T15:55:41.000Z,2026-10-05 08:55:41,https://queue-times.com/parks/17/queue_times.json
2026-10-05T16:00:39.849Z,2026-10-05 09:00:39,2026-10-05,America/Los_Angeles,dca,Disney California Adventure,Pixar Pier,10906,Incredicoaster Single Rider,TRUE,0,2026-10-05T15:55:41.000Z,2026-10-05 08:55:41,https://queue-times.com/parks/17/queue_times.json
2026-10-05T16:00:39.849Z,2026-10-05 09:00:39,2026-10-05,America/Los_Angeles,dca,Disney California Adventure,Pixar Pier,6643,Inside Out Emotional Whirlwind,TRUE,5,2026-10-05T15:55:41.000Z,2026-10-05 08:55:41,https://queue-times.com/parks/17/queue_times.json
2026-10-05T16:00:39.849Z,2026-10-05 09:00:39,2026-10-05,America/Los_Angeles,dca,Disney California Adventure,Pixar Pier,310,Jessie's Critter Carousel,TRUE,5,2026-10-05T15:55:41.000Z,2026-10-05 08:55:41,https://queue-times.com/parks/17/queue_times.json
2026-10-05T16:00:39.849Z,2026-10-05 09:00:39,2026-10-05,America/Los_Angeles,dca,Disney California Adventure,Pixar Pier,300,Jumpin' Jellyfish,TRUE,5,2026-10-05T15:55:41.000Z,2026-10-05 08:55:41,https://queue-times.com/parks/17/queue_times.json
2026-10-05T16:00:39.849Z,2026-10-05 09:00:39,2026-10-05,America/Los_Angeles,dca,Disney California Adventure,Pixar Pier,311,Pixar Pal-A-Round - Swinging,TRUE,5,2026-10-05T15:55:41.000Z,2026-10-05 08:55:41,https://queue-times.com/parks/17/queue_times.json
2026-10-05T16:00:39.849Z,2026-10-05 09:00:39,2026-10-05,America/Los_Angeles,dca,Disney California Adventure,Pixar Pier,5557,Pixar Pal-A-Round – Non-Swinging,TRUE,5,2026-10-05T15:55:41.000Z,2026-10-05 08:55:41,https://queue-times.com/parks/17/queue_times.json
2026-10-05T16:00:39.849Z,2026-10-05 09:00:39,2026-10-05,America/Los_Angeles,dca,Disney California Adventure,Pixar Pier,313,Toy Story Midway Mania!,FALSE,0,2026-10-05T15:55:41.000Z,2026-10-05 08:55:41,https://queue-times.com/parks/17/queue_times.json
2026-10-05T16:00:39.849Z,2026-10-05 09:00:39,2026-10-05,America/Los_Angeles,dca,Disney California Adventure,Halloween,5146,Guardians of the Galaxy - Monsters After Dark,FALSE,0,2026-10-05T15:55:41.000Z,2026-10-05 08:55:41,https://queue-times.com/parks/17/queue_times.json
2026-10-05T16:00:39.849Z,2026-10-05 09:00:39,2026-10-05,America/Los_Angeles,dca,Disney California Adventure,Halloween,4723,Mater's Graveyard JamBOOree,TRUE,20,2026-10-05T15:55:41.000Z,2026-10-05 08:55:41,https://queue-times.com/parks/17/queue_times.json
2026-10-05T16:00:39.849Z,2026-10-05 09:00:39,2026-10-05,America/Los_Angeles,dca,Disney California Adventure,Halloween,7292,Villains Grove at Oogie Boogie Bash,FALSE,0,2026-10-05T15:55:41.000Z,2026-10-05 08:55:41,https://queue-times.com/parks/17/queue_times.json
2026-10-05T16:15:39.386Z,2026-10-05 09:15:39,2026-10-05,America/Los_Angeles,disneyland,Disneyland,Adventureland,12428,Adventureland Treehouse inspired by Walt Disney’s Swiss Family Robinson,TRUE,0,2026-10-05T16:10:33.000Z,2026-10-05 09:10:33,https://queue-times.com/parks/16/queue_times.json
2026-10-05T16:15:39.386Z,2026-10-05 09:15:39,2026-10-05,America/Los_Angeles,disneyland,Disneyland,Adventureland,326,Indiana Jones™ Adventure,FALSE,0,2026-10-05T16:10:33.000Z,2026-10-05 09:10:33,https://queue-times.com/parks/16/queue_times.json
2026-10-05T16:15:39.386Z,2026-10-05 09:15:39,2026-10-05,America/Los_Angeles,disneyland,Disneyland,Adventureland,296,Jungle Cruise,TRUE,35,2026-10-05T16:10:33.000Z,2026-10-05 09:10:33,https://queue-times.com/parks/16/queue_times.json
2026-10-05T16:15:39.386Z,2026-10-05 09:15:39,2026-10-05,America/Los_Angeles,disneyland,Disneyland,Adventureland,288,Walt Disney's Enchanted Tiki Room,TRUE,0,2026-10-05T16:10:33.000Z,2026-10-05 09:10:33,https://queue-times.com/parks/16/queue_times.json
2026-10-05T16:15:39.386Z,2026-10-05 09:15:39,2026-10-05,America/Los_Angeles,disneyland,Disneyland,Bayou Country,304,Davy Crockett's Explorer Canoes,FALSE,0,2026-10-05T16:10:33.000Z,2026-10-05 09:10:33,https://queue-times.com/parks/16/queue_times.json
2026-10-05T16:15:39.386Z,2026-10-05 09:15:39,2026-10-05,America/Los_Angeles,disneyland,Disneyland,Bayou Country,306,The Many Adventures of Winnie the Pooh,TRUE,5,2026-10-05T16:10:33.000Z,2026-10-05 09:10:33,https://queue-times.com/parks/16/queue_times.json
2026-10-05T16:15:39.386Z,2026-10-05 09:15:39,2026-10-05,America/Los_Angeles,disneyland,Disneyland,Bayou Country,14168,Tiana's Bayou Adventure,FALSE,0,2026-10-05T16:10:33.000Z,2026-10-05 09:10:33,https://queue-times.com/parks/16/queue_times.json
2026-10-05T16:15:39.386Z,2026-10-05 09:15:39,2026-10-05,America/Los_Angeles,disneyland,Disneyland,Bayou Country,14326,Tiana's Bayou Adventure Single Rider,FALSE,0,2026-10-05T16:10:33.000Z,2026-10-05 09:10:33,https://queue-times.com/parks/16/queue_times.json
2026-10-05T16:15:39.386Z,2026-10-05 09:15:39,2026-10-05,America/Los_Angeles,disneyland,Disneyland,Fantasyland,307,"""it's a small world""",TRUE,5,2026-10-05T16:10:33.000Z,2026-10-05 09:10:33,https://queue-times.com/parks/16/queue_times.json
2026-10-05T16:15:39.386Z,2026-10-05 09:15:39,2026-10-05,America/Los_Angeles,disneyland,Disneyland,Fantasyland,285,Alice in Wonderland,TRUE,20,2026-10-05T16:10:33.000Z,2026-10-05 09:10:33,https://queue-times.com/parks/16/queue_times.json
2026-10-05T16:15:39.386Z,2026-10-05 09:15:39,2026-10-05,America/Los_Angeles,disneyland,Disneyland,Fantasyland,16254,Bluey’s Best Day Ever! at Fantasyland Theatre,TRUE,0,2026-10-05T16:10:33.000Z,2026-10-05 09:10:33,https://queue-times.com/parks/16/queue_times.json
2026-10-05T16:15:39.386Z,2026-10-05 09:15:39,2026-10-05,America/Los_Angeles,disneyland,Disneyland,Fantasyland,303,Casey Jr. Circus Train,TRUE,10,2026-10-05T16:10:33.000Z,2026-10-05 09:10:33,https://queue-times.com/parks/16/queue_times.json
2026-10-05T16:15:39.386Z,2026-10-05 09:15:39,2026-10-05,America/Los_Angeles,disneyland,Disneyland,Fantasyland,275,Dumbo the Flying Elephant,TRUE,35,2026-10-05T16:10:33.000Z,2026-10-05 09:10:33,https://queue-times.com/parks/16/queue_times.json
2026-10-05T16:15:39.386Z,2026-10-05 09:15:39,2026-10-05,America/Los_Angeles,disneyland,Disneyland,Fantasyland,277,King Arthur Carrousel,TRUE,5,2026-10-05T16:10:33.000Z,2026-10-05 09:10:33,https://queue-times.com/parks/16/queue_times.json
2026-10-05T16:15:39.386Z,2026-10-05 09:15:39,2026-10-05,America/Los_Angeles,disneyland,Disneyland,Fantasyland,278,Mad Tea Party,FALSE,0,2026-10-05T16:10:33.000Z,2026-10-05 09:10:33,https://queue-times.com/parks/16/queue_times.json
2026-10-05T16:15:39.386Z,2026-10-05 09:15:39,2026-10-05,America/Los_Angeles,disneyland,Disneyland,Fantasyland,279,Matterhorn Bobsleds,TRUE,25,2026-10-05T16:10:33.000Z,2026-10-05 09:10:33,https://queue-times.com/parks/16/queue_times.json
2026-10-05T16:15:39.386Z,2026-10-05 09:15:39,2026-10-05,America/Los_Angeles,disneyland,Disneyland,Fantasyland,6711,Meet Disney Princesses at Royal Hall,FALSE,0,2026-10-05T16:10:33.000Z,2026-10-05 09:10:33,https://queue-times.com/parks/16/queue_times.json
2026-10-05T16:15:39.386Z,2026-10-05 09:15:39,2026-10-05,America/Los_Angeles,disneyland,Disneyland,Fantasyland,280,Mr. Toad's Wild Ride,TRUE,20,2026-10-05T16:10:33.000Z,2026-10-05 09:10:33,https://queue-times.com/parks/16/queue_times.json
2026-10-05T16:15:39.386Z,2026-10-05 09:15:39,2026-10-05,America/Los_Angeles,disneyland,Disneyland,Fantasyland,281,Peter Pan's Flight,TRUE,35,2026-10-05T16:10:33.000Z,2026-10-05 09:10:33,https://queue-times.com/parks/16/queue_times.json
2026-10-05T16:15:39.386Z,2026-10-05 09:15:39,2026-10-05,America/Los_Angeles,disneyland,Disneyland,Fantasyland,282,Pinocchio's Daring Journey,TRUE,10,2026-10-05T16:10:33.000Z,2026-10-05 09:10:33,https://queue-times.com/parks/16/queue_times.json
2026-10-05T16:15:39.386Z,2026-10-05 09:15:39,2026-10-05,America/Los_Angeles,disneyland,Disneyland,Fantasyland,687,Sleeping Beauty Castle Walkthrough,FALSE,0,2026-10-05T16:10:33.000Z,2026-10-05 09:10:33,https://queue-times.com/parks/16/queue_times.json
2026-10-05T16:15:39.386Z,2026-10-05 09:15:39,2026-10-05,America/Los_Angeles,disneyland,Disneyland,Fantasyland,283,Snow White's Enchanted Wish,TRUE,15,2026-10-05T16:10:33.000Z,2026-10-05 09:10:33,https://queue-times.com/parks/16/queue_times.json
2026-10-05T16:15:39.386Z,2026-10-05 09:15:39,2026-10-05,America/Los_Angeles,disneyland,Disneyland,Fantasyland,305,Storybook Land Canal Boats,TRUE,15,2026-10-05T16:10:33.000Z,2026-10-05 09:10:33,https://queue-times.com/parks/16/queue_times.json
2026-10-05T16:15:39.386Z,2026-10-05 09:15:39,2026-10-05,America/Los_Angeles,disneyland,Disneyland,Frontierland,323,Big Thunder Mountain Railroad,TRUE,20,2026-10-05T16:10:33.000Z,2026-10-05 09:10:33,https://queue-times.com/parks/16/queue_times.json
2026-10-05T16:15:39.386Z,2026-10-05 09:15:39,2026-10-05,America/Los_Angeles,disneyland,Disneyland,Frontierland,679,Frontierland Shootin' Exposition,TRUE,0,2026-10-05T16:10:33.000Z,2026-10-05 09:10:33,https://queue-times.com/parks/16/queue_times.json
2026-10-05T16:15:39.386Z,2026-10-05 09:15:39,2026-10-05,America/Los_Angeles,disneyland,Disneyland,Frontierland,456,Mark Twain Riverboat,TRUE,10,2026-10-05T16:10:33.000Z,2026-10-05 09:10:33,https://queue-times.com/parks/16/queue_times.json
2026-10-05T16:15:39.386Z,2026-10-05 09:15:39,2026-10-05,America/Los_Angeles,disneyland,Disneyland,Frontierland,331,Pirate's Lair on Tom Sawyer Island,TRUE,0,2026-10-05T16:10:33.000Z,2026-10-05 09:10:33,https://queue-times.com/parks/16/queue_times.json
2026-10-05T16:15:39.386Z,2026-10-05 09:15:39,2026-10-05,America/Los_Angeles,disneyland,Disneyland,Frontierland,328,Sailing Ship Columbia,FALSE,0,2026-10-05T16:10:33.000Z,2026-10-05 09:10:33,https://queue-times.com/parks/16/queue_times.json
2026-10-05T16:15:39.386Z,2026-10-05 09:15:39,2026-10-05,America/Los_Angeles,disneyland,Disneyland,Main Street U.S.A,674,Disneyland Railroad,TRUE,5,2026-10-05T16:10:33.000Z,2026-10-05 09:10:33,https://queue-times.com/parks/16/queue_times.json
2026-10-05T16:15:39.386Z,2026-10-05 09:15:39,2026-10-05,America/Los_Angeles,disneyland,Disneyland,Main Street U.S.A,690,Great Moments with Mr. Lincoln,TRUE,0,2026-10-05T16:10:33.000Z,2026-10-05 09:10:33,https://queue-times.com/parks/16/queue_times.json
2026-10-05T16:15:39.386Z,2026-10-05 09:15:39,2026-10-05,America/Los_Angeles,disneyland,Disneyland,Main Street U.S.A,686,Main Street Cinema,TRUE,0,2026-10-05T16:10:33.000Z,2026-10-05 09:10:33,https://queue-times.com/parks/16/queue_times.json
2026-10-05T16:15:39.386Z,2026-10-05 09:15:39,2026-10-05,America/Los_Angeles,disneyland,Disneyland,Main Street U.S.A,691,Main Street Vehicles,TRUE,0,2026-10-05T16:10:33.000Z,2026-10-05 09:10:33,https://queue-times.com/parks/16/queue_times.json
2026-10-05T16:15:39.386Z,2026-10-05 09:15:39,2026-10-05,America/Los_Angeles,disneyland,Disneyland,Main Street U.S.A,14915,Opera House - Walt Disney - A Magical Life,TRUE,0,2026-10-05T16:10:33.000Z,2026-10-05 09:10:33,https://queue-times.com/parks/16/queue_times.json
2026-10-05T16:15:39.386Z,2026-10-05 09:15:39,2026-10-05,America/Los_Angeles,disneyland,Disneyland,Main Street U.S.A,695,The Disney Gallery,TRUE,0,2026-10-05T16:10:33.000Z,2026-10-05 09:10:33,https://queue-times.com/parks/16/queue_times.json
2026-10-05T16:15:39.386Z,2026-10-05 09:15:39,2026-10-05,America/Los_Angeles,disneyland,Disneyland,Main Street U.S.A,14923,Walt Disney - A Magical Life,FALSE,0,2026-10-05T16:10:33.000Z,2026-10-05 09:10:33,https://queue-times.com/parks/16/queue_times.json
2026-10-05T16:15:39.386Z,2026-10-05 09:15:39,2026-10-05,America/Los_Angeles,disneyland,Disneyland,Mickey's Toontown,324,Chip 'n' Dale's GADGETcoaster,TRUE,5,2026-10-05T16:10:33.000Z,2026-10-05 09:10:33,https://queue-times.com/parks/16/queue_times.json
2026-10-05T16:15:39.386Z,2026-10-05 09:15:39,2026-10-05,America/Los_Angeles,disneyland,Disneyland,Mickey's Toontown,13814,Donald's Duck Pond,TRUE,0,2026-10-05T16:10:33.000Z,2026-10-05 09:10:33,https://queue-times.com/parks/16/queue_times.json
2026-10-05T16:15:39.386Z,2026-10-05 09:15:39,2026-10-05,America/Los_Angeles,disneyland,Disneyland,Mickey's Toontown,11980,Goofy's How-to-Play Yard,TRUE,0,2026-10-05T16:10:33.000Z,2026-10-05 09:10:33,https://queue-times.com/parks/16/queue_times.json
2026-10-05T16:15:39.386Z,2026-10-05 09:15:39,2026-10-05,America/Los_Angeles,disneyland,Disneyland,Mickey's Toontown,11526,Mickey & Minnie's Runaway Railway,TRUE,5,2026-10-05T16:10:33.000Z,2026-10-05 09:10:33,https://queue-times.com/parks/16/queue_times.json
2026-10-05T16:15:39.386Z,2026-10-05 09:15:39,2026-10-05,America/Los_Angeles,disneyland,Disneyland,Mickey's Toontown,709,Mickey's House and Meet Mickey Mouse,TRUE,0,2026-10-05T16:10:33.000Z,2026-10-05 09:10:33,https://queue-times.com/parks/16/queue_times.json
2026-10-05T16:15:39.386Z,2026-10-05 09:15:39,2026-10-05,America/Los_Angeles,disneyland,Disneyland,Mickey's Toontown,684,Minnie's House,TRUE,0,2026-10-05T16:10:33.000Z,2026-10-05 09:10:33,https://queue-times.com/parks/16/queue_times.json
2026-10-05T16:15:39.386Z,2026-10-05 09:15:39,2026-10-05,America/Los_Angeles,disneyland,Disneyland,Mickey's Toontown,332,Roger Rabbit's Car Toon Spin,TRUE,5,2026-10-05T16:10:33.000Z,2026-10-05 09:10:33,https://queue-times.com/parks/16/queue_times.json
2026-10-05T16:15:39.386Z,2026-10-05 09:15:39,2026-10-05,America/Los_Angeles,disneyland,Disneyland,New Orleans Square,325,Haunted Mansion Holiday,TRUE,35,2026-10-05T16:10:33.000Z,2026-10-05 09:10:33,https://queue-times.com/parks/16/queue_times.json
2026-10-05T16:15:39.386Z,2026-10-05 09:15:39,2026-10-05,America/Los_Angeles,disneyland,Disneyland,New Orleans Square,289,Pirates of the Caribbean,FALSE,0,2026-10-05T16:10:33.000Z,2026-10-05 09:10:33,https://queue-times.com/parks/16/queue_times.json
2026-10-05T16:15:39.386Z,2026-10-05 09:15:39,2026-10-05,America/Los_Angeles,disneyland,Disneyland,Star Wars: Galaxy's Edge,6339,Millennium Falcon: Smugglers Run,TRUE,10,2026-10-05T16:10:33.000Z,2026-10-05 09:10:33,https://queue-times.com/parks/16/queue_times.json
2026-10-05T16:15:39.386Z,2026-10-05 09:15:39,2026-10-05,America/Los_Angeles,disneyland,Disneyland,Star Wars: Galaxy's Edge,10903,Millennium Falcon: Smugglers Run Single Rider,TRUE,0,2026-10-05T16:10:33.000Z,2026-10-05 09:10:33,https://queue-times.com/parks/16/queue_times.json
2026-10-05T16:15:39.386Z,2026-10-05 09:15:39,2026-10-05,America/Los_Angeles,disneyland,Disneyland,Star Wars: Galaxy's Edge,6340,Star Wars: Rise of the Resistance,TRUE,50,2026-10-05T16:10:33.000Z,2026-10-05 09:10:33,https://queue-times.com/parks/16/queue_times.json
2026-10-05T16:15:39.386Z,2026-10-05 09:15:39,2026-10-05,America/Los_Angeles,disneyland,Disneyland,Tomorrowland,287,Astro Orbitor,TRUE,10,2026-10-05T16:10:33.000Z,2026-10-05 09:10:33,https://queue-times.com/parks/16/queue_times.json
2026-10-05T16:15:39.386Z,2026-10-05 09:15:39,2026-10-05,America/Los_Angeles,disneyland,Disneyland,Tomorrowland,317,Autopia,TRUE,20,2026-10-05T16:10:33.000Z,2026-10-05 09:10:33,https://queue-times.com/parks/16/queue_times.json
2026-10-05T16:15:39.386Z,2026-10-05 09:15:39,2026-10-05,America/Los_Angeles,disneyland,Disneyland,Tomorrowland,273,Buzz Lightyear Astro Blasters,TRUE,5,2026-10-05T16:10:33.000Z,2026-10-05 09:10:33,https://queue-times.com/parks/16/queue_times.json
2026-10-05T16:15:39.386Z,2026-10-05 09:15:39,2026-10-05,America/Los_Angeles,disneyland,Disneyland,Tomorrowland,274,Disneyland Monorail,TRUE,0,2026-10-05T16:10:33.000Z,2026-10-05 09:10:33,https://queue-times.com/parks/16/queue_times.json
2026-10-05T16:15:39.386Z,2026-10-05 09:15:39,2026-10-05,America/Los_Angeles,disneyland,Disneyland,Tomorrowland,276,Finding Nemo Submarine Voyage,TRUE,5,2026-10-05T16:10:33.000Z,2026-10-05 09:10:33,https://queue-times.com/parks/16/queue_times.json
2026-10-05T16:15:39.386Z,2026-10-05 09:15:39,2026-10-05,America/Los_Angeles,disneyland,Disneyland,Tomorrowland,16627,Pixar Short Film Spotlight,FALSE,0,2026-10-05T16:10:33.000Z,2026-10-05 09:10:33,https://queue-times.com/parks/16/queue_times.json
2026-10-05T16:15:39.386Z,2026-10-05 09:15:39,2026-10-05,America/Los_Angeles,disneyland,Disneyland,Tomorrowland,284,Space Mountain,FALSE,0,2026-10-05T16:10:33.000Z,2026-10-05 09:10:33,https://queue-times.com/parks/16/queue_times.json
2026-10-05T16:15:39.386Z,2026-10-05 09:15:39,2026-10-05,America/Los_Angeles,disneyland,Disneyland,Tomorrowland,286,Star Tours - The Adventures Continue,TRUE,10,2026-10-05T16:10:33.000Z,2026-10-05 09:10:33,https://queue-times.com/parks/16/queue_times.json
2026-10-05T16:15:39.386Z,2026-10-05 09:15:39,2026-10-05,America/Los_Angeles,dca,Disney California Adventure,Avengers Campus,329,Guardians of the Galaxy - Mission: BREAKOUT!,TRUE,35,2026-10-05T16:10:36.000Z,2026-10-05 09:10:36,https://queue-times.com/parks/17/queue_times.json
2026-10-05T16:15:39.386Z,2026-10-05 09:15:39,2026-10-05,America/Los_Angeles,dca,Disney California Adventure,Avengers Campus,8843,WEB SLINGERS: A Spider-Man Adventure,TRUE,40,2026-10-05T16:10:36.000Z,2026-10-05 09:10:36,https://queue-times.com/parks/17/queue_times.json
2026-10-05T16:15:39.386Z,2026-10-05 09:15:39,2026-10-05,America/Los_Angeles,dca,Disney California Adventure,Avengers Campus,10907,WEB SLINGERS: A Spider-Man Adventure Single Rider,TRUE,0,2026-10-05T16:10:36.000Z,2026-10-05 09:10:36,https://queue-times.com/parks/17/queue_times.json
2026-10-05T16:15:39.386Z,2026-10-05 09:15:39,2026-10-05,America/Los_Angeles,dca,Disney California Adventure,Cars Land,2608,Luigi's Honkin' Haul-O-Ween,TRUE,30,2026-10-05T16:10:36.000Z,2026-10-05 09:10:36,https://queue-times.com/parks/17/queue_times.json
2026-10-05T16:15:39.386Z,2026-10-05 09:15:39,2026-10-05,America/Los_Angeles,dca,Disney California Adventure,Cars Land,295,Radiator Springs Racers,FALSE,0,2026-10-05T16:10:36.000Z,2026-10-05 09:10:36,https://queue-times.com/parks/17/queue_times.json
2026-10-05T16:15:39.386Z,2026-10-05 09:15:39,2026-10-05,America/Los_Angeles,dca,Disney California Adventure,Cars Land,10904,Radiator Springs Racers Single Rider,FALSE,0,2026-10-05T16:10:36.000Z,2026-10-05 09:10:36,https://queue-times.com/parks/17/queue_times.json
2026-10-05T16:15:39.386Z,2026-10-05 09:15:39,2026-10-05,America/Los_Angeles,dca,Disney California Adventure,Grizzly Peak,302,Grizzly River Run,TRUE,5,2026-10-05T16:10:36.000Z,2026-10-05 09:10:36,https://queue-times.com/parks/17/queue_times.json
2026-10-05T16:15:39.386Z,2026-10-05 09:15:39,2026-10-05,America/Los_Angeles,dca,Disney California Adventure,Grizzly Peak,293,Redwood Creek Challenge Trail,FALSE,0,2026-10-05T16:10:36.000Z,2026-10-05 09:10:36,https://queue-times.com/parks/17/queue_times.json
2026-10-05T16:15:39.386Z,2026-10-05 09:15:39,2026-10-05,America/Los_Angeles,dca,Disney California Adventure,Grizzly Peak,17129,Soarin’ Across America,TRUE,45,2026-10-05T16:10:36.000Z,2026-10-05 09:10:36,https://queue-times.com/parks/17/queue_times.json
2026-10-05T16:15:39.386Z,2026-10-05 09:15:39,2026-10-05,America/Los_Angeles,dca,Disney California Adventure,Hollywood Land,321,Animation Academy,TRUE,0,2026-10-05T16:10:36.000Z,2026-10-05 09:10:36,https://queue-times.com/parks/17/queue_times.json
2026-10-05T16:15:39.386Z,2026-10-05 09:15:39,2026-10-05,America/Los_Angeles,dca,Disney California Adventure,Hollywood Land,6440,Mickey's PhilharMagic,TRUE,10,2026-10-05T16:10:36.000Z,2026-10-05 09:10:36,https://queue-times.com/parks/17/queue_times.json
2026-10-05T16:15:39.386Z,2026-10-05 09:15:39,2026-10-05,America/Los_Angeles,dca,Disney California Adventure,Hollywood Land,291,"Monsters, Inc. Mike & Sulley to the Rescue!",TRUE,40,2026-10-05T16:10:36.000Z,2026-10-05 09:10:36,https://queue-times.com/parks/17/queue_times.json
2026-10-05T16:15:39.386Z,2026-10-05 09:15:39,2026-10-05,America/Los_Angeles,dca,Disney California Adventure,Hollywood Land,868,Sorcerer's Workshop,TRUE,0,2026-10-05T16:10:36.000Z,2026-10-05 09:10:36,https://queue-times.com/parks/17/queue_times.json
2026-10-05T16:15:39.386Z,2026-10-05 09:15:39,2026-10-05,America/Los_Angeles,dca,Disney California Adventure,Hollywood Land,294,Turtle Talk with Crush,TRUE,0,2026-10-05T16:10:36.000Z,2026-10-05 09:10:36,https://queue-times.com/parks/17/queue_times.json
2026-10-05T16:15:39.386Z,2026-10-05 09:15:39,2026-10-05,America/Los_Angeles,dca,Disney California Adventure,Pacific Wharf,869,The Bakery Tour,TRUE,0,2026-10-05T16:10:36.000Z,2026-10-05 09:10:36,https://queue-times.com/parks/17/queue_times.json
2026-10-05T16:15:39.386Z,2026-10-05 09:15:39,2026-10-05,America/Los_Angeles,dca,Disney California Adventure,Paradise Gardens Park,298,Golden Zephyr,TRUE,5,2026-10-05T16:10:36.000Z,2026-10-05 09:10:36,https://queue-times.com/parks/17/queue_times.json
2026-10-05T16:15:39.386Z,2026-10-05 09:15:39,2026-10-05,America/Los_Angeles,dca,Disney California Adventure,Paradise Gardens Park,319,Goofy's Sky School,FALSE,0,2026-10-05T16:10:36.000Z,2026-10-05 09:10:36,https://queue-times.com/parks/17/queue_times.json
2026-10-05T16:15:39.386Z,2026-10-05 09:15:39,2026-10-05,America/Los_Angeles,dca,Disney California Adventure,Paradise Gardens Park,301,Silly Symphony Swings,TRUE,5,2026-10-05T16:10:36.000Z,2026-10-05 09:10:36,https://queue-times.com/parks/17/queue_times.json
2026-10-05T16:15:39.386Z,2026-10-05 09:15:39,2026-10-05,America/Los_Angeles,dca,Disney California Adventure,Paradise Gardens Park,10905,Silly Symphony Swings Single Rider,TRUE,0,2026-10-05T16:10:36.000Z,2026-10-05 09:10:36,https://queue-times.com/parks/17/queue_times.json
2026-10-05T16:15:39.386Z,2026-10-05 09:15:39,2026-10-05,America/Los_Angeles,dca,Disney California Adventure,Paradise Gardens Park,316,The Little Mermaid - Ariel's Undersea Adventure,FALSE,0,2026-10-05T16:10:36.000Z,2026-10-05 09:10:36,https://queue-times.com/parks/17/queue_times.json
2026-10-05T16:15:39.386Z,2026-10-05 09:15:39,2026-10-05,America/Los_Angeles,dca,Disney California Adventure,Paradise Gardens Park,11528,World of Color – ONE,TRUE,0,2026-10-05T16:10:36.000Z,2026-10-05 09:10:36,https://queue-times.com/parks/17/queue_times.json
2026-10-05T16:15:39.386Z,2026-10-05 09:15:39,2026-10-05,America/Los_Angeles,dca,Disney California Adventure,Pixar Pier,866,Games of Pixar Pier,TRUE,0,2026-10-05T16:10:36.000Z,2026-10-05 09:10:36,https://queue-times.com/parks/17/queue_times.json
2026-10-05T16:15:39.386Z,2026-10-05 09:15:39,2026-10-05,America/Los_Angeles,dca,Disney California Adventure,Pixar Pier,322,Incredicoaster,TRUE,40,2026-10-05T16:10:36.000Z,2026-10-05 09:10:36,https://queue-times.com/parks/17/queue_times.json
2026-10-05T16:15:39.386Z,2026-10-05 09:15:39,2026-10-05,America/Los_Angeles,dca,Disney California Adventure,Pixar Pier,10906,Incredicoaster Single Rider,TRUE,0,2026-10-05T16:10:36.000Z,2026-10-05 09:10:36,https://queue-times.com/parks/17/queue_times.json
2026-10-05T16:15:39.386Z,2026-10-05 09:15:39,2026-10-05,America/Los_Angeles,dca,Disney California Adventure,Pixar Pier,6643,Inside Out Emotional Whirlwind,TRUE,5,2026-10-05T16:10:36.000Z,2026-10-05 09:10:36,https://queue-times.com/parks/17/queue_times.json
2026-10-05T16:15:39.386Z,2026-10-05 09:15:39,2026-10-05,America/Los_Angeles,dca,Disney California Adventure,Pixar Pier,310,Jessie's Critter Carousel,TRUE,5,2026-10-05T16:10:36.000Z,2026-10-05 09:10:36,https://queue-times.com/parks/17/queue_times.json
2026-10-05T16:15:39.386Z,2026-10-05 09:15:39,2026-10-05,America/Los_Angeles,dca,Disney California Adventure,Pixar Pier,300,Jumpin' Jellyfish,FALSE,0,2026-10-05T16:10:36.000Z,2026-10-05 09:10:36,https://queue-times.com/parks/17/queue_times.json
2026-10-05T16:15:39.386Z,2026-10-05 09:15:39,2026-10-05,America/Los_Angeles,dca,Disney California Adventure,Pixar Pier,311,Pixar Pal-A-Round - Swinging,TRUE,5,2026-10-05T16:10:36.000Z,2026-10-05 09:10:36,https://queue-times.com/parks/17/queue_times.json
2026-10-05T16:15:39.386Z,2026-10-05 09:15:39,2026-10-05,America/Los_Angeles,dca,Disney California Adventure,Pixar Pier,5557,Pixar Pal-A-Round – Non-Swinging,TRUE,5,2026-10-05T16:10:36.000Z,2026-10-05 09:10:36,https://queue-times.com/parks/17/queue_times.json
2026-10-05T16:15:39.386Z,2026-10-05 09:15:39,2026-10-05,America/Los_Angeles,dca,Disney California Adventure,Pixar Pier,313,Toy Story Midway Mania!,TRUE,5,2026-10-05T16:10:36.000Z,2026-10-05 09:10:36,https://queue-times.com/parks/17/queue_times.json
2026-10-05T16:15:39.386Z,2026-10-05 09:15:39,2026-10-05,America/Los_Angeles,dca,Disney California Adventure,Halloween,5146,Guardians of the Galaxy - Monsters After Dark,FALSE,0,2026-10-05T16:10:36.000Z,2026-10-05 09:10:36,https://queue-times.com/parks/17/queue_times.json
2026-10-05T16:15:39.386Z,2026-10-05 09:15:39,2026-10-05,America/Los_Angeles,dca,Disney California Adventure,Halloween,4723,Mater's Graveyard JamBOOree,TRUE,20,2026-10-05T16:10:36.000Z,2026-10-05 09:10:36,https://queue-times.com/parks/17/queue_times.json
2026-10-05T16:15:39.386Z,2026-10-05 09:15:39,2026-10-05,America/Los_Angeles,dca,Disney California Adventure,Halloween,7292,Villains Grove at Oogie Boogie Bash,FALSE,0,2026-10-05T16:10:36.000Z,2026-10-05 09:10:36,https://queue-times.com/parks/17/queue_times.json
2026-10-05T16:30:39.897Z,2026-10-05 09:30:39,2026-10-05,America/Los_Angeles,disneyland,Disneyland,Adventureland,12428,Adventureland Treehouse inspired by Walt Disney’s Swiss Family Robinson,TRUE,0,2026-10-05T16:25:35.000Z,2026-10-05 09:25:35,https://queue-times.com/parks/16/queue_times.json
2026-10-05T16:30:39.897Z,2026-10-05 09:30:39,2026-10-05,America/Los_Angeles,disneyland,Disneyland,Adventureland,326,Indiana Jones™ Adventure,FALSE,0,2026-10-05T16:25:35.000Z,2026-10-05 09:25:35,https://queue-times.com/parks/16/queue_times.json
2026-10-05T16:30:39.897Z,2026-10-05 09:30:39,2026-10-05,America/Los_Angeles,disneyland,Disneyland,Adventureland,296,Jungle Cruise,TRUE,45,2026-10-05T16:25:35.000Z,2026-10-05 09:25:35,https://queue-times.com/parks/16/queue_times.json
2026-10-05T16:30:39.897Z,2026-10-05 09:30:39,2026-10-05,America/Los_Angeles,disneyland,Disneyland,Adventureland,288,Walt Disney's Enchanted Tiki Room,TRUE,0,2026-10-05T16:25:35.000Z,2026-10-05 09:25:35,https://queue-times.com/parks/16/queue_times.json
2026-10-05T16:30:39.897Z,2026-10-05 09:30:39,2026-10-05,America/Los_Angeles,disneyland,Disneyland,Bayou Country,304,Davy Crockett's Explorer Canoes,FALSE,0,2026-10-05T16:25:35.000Z,2026-10-05 09:25:35,https://queue-times.com/parks/16/queue_times.json
2026-10-05T16:30:39.897Z,2026-10-05 09:30:39,2026-10-05,America/Los_Angeles,disneyland,Disneyland,Bayou Country,306,The Many Adventures of Winnie the Pooh,TRUE,5,2026-10-05T16:25:35.000Z,2026-10-05 09:25:35,https://queue-times.com/parks/16/queue_times.json
2026-10-05T16:30:39.897Z,2026-10-05 09:30:39,2026-10-05,America/Los_Angeles,disneyland,Disneyland,Bayou Country,14168,Tiana's Bayou Adventure,TRUE,10,2026-10-05T16:25:35.000Z,2026-10-05 09:25:35,https://queue-times.com/parks/16/queue_times.json
2026-10-05T16:30:39.897Z,2026-10-05 09:30:39,2026-10-05,America/Los_Angeles,disneyland,Disneyland,Bayou Country,14326,Tiana's Bayou Adventure Single Rider,TRUE,0,2026-10-05T16:25:35.000Z,2026-10-05 09:25:35,https://queue-times.com/parks/16/queue_times.json
2026-10-05T16:30:39.897Z,2026-10-05 09:30:39,2026-10-05,America/Los_Angeles,disneyland,Disneyland,Fantasyland,307,"""it's a small world""",TRUE,5,2026-10-05T16:25:35.000Z,2026-10-05 09:25:35,https://queue-times.com/parks/16/queue_times.json
2026-10-05T16:30:39.897Z,2026-10-05 09:30:39,2026-10-05,America/Los_Angeles,disneyland,Disneyland,Fantasyland,285,Alice in Wonderland,TRUE,20,2026-10-05T16:25:35.000Z,2026-10-05 09:25:35,https://queue-times.com/parks/16/queue_times.json
2026-10-05T16:30:39.897Z,2026-10-05 09:30:39,2026-10-05,America/Los_Angeles,disneyland,Disneyland,Fantasyland,16254,Bluey’s Best Day Ever! at Fantasyland Theatre,TRUE,0,2026-10-05T16:25:35.000Z,2026-10-05 09:25:35,https://queue-times.com/parks/16/queue_times.json
2026-10-05T16:30:39.897Z,2026-10-05 09:30:39,2026-10-05,America/Los_Angeles,disneyland,Disneyland,Fantasyland,303,Casey Jr. Circus Train,TRUE,10,2026-10-05T16:25:35.000Z,2026-10-05 09:25:35,https://queue-times.com/parks/16/queue_times.json
2026-10-05T16:30:39.897Z,2026-10-05 09:30:39,2026-10-05,America/Los_Angeles,disneyland,Disneyland,Fantasyland,275,Dumbo the Flying Elephant,TRUE,30,2026-10-05T16:25:35.000Z,2026-10-05 09:25:35,https://queue-times.com/parks/16/queue_times.json
2026-10-05T16:30:39.897Z,2026-10-05 09:30:39,2026-10-05,America/Los_Angeles,disneyland,Disneyland,Fantasyland,277,King Arthur Carrousel,TRUE,5,2026-10-05T16:25:35.000Z,2026-10-05 09:25:35,https://queue-times.com/parks/16/queue_times.json
2026-10-05T16:30:39.897Z,2026-10-05 09:30:39,2026-10-05,America/Los_Angeles,disneyland,Disneyland,Fantasyland,278,Mad Tea Party,FALSE,0,2026-10-05T16:25:35.000Z,2026-10-05 09:25:35,https://queue-times.com/parks/16/queue_times.json
2026-10-05T16:30:39.897Z,2026-10-05 09:30:39,2026-10-05,America/Los_Angeles,disneyland,Disneyland,Fantasyland,279,Matterhorn Bobsleds,TRUE,30,2026-10-05T16:25:35.000Z,2026-10-05 09:25:35,https://queue-times.com/parks/16/queue_times.json
2026-10-05T16:30:39.897Z,2026-10-05 09:30:39,2026-10-05,America/Los_Angeles,disneyland,Disneyland,Fantasyland,6711,Meet Disney Princesses at Royal Hall,FALSE,0,2026-10-05T16:25:35.000Z,2026-10-05 09:25:35,https://queue-times.com/parks/16/queue_times.json
2026-10-05T16:30:39.897Z,2026-10-05 09:30:39,2026-10-05,America/Los_Angeles,disneyland,Disneyland,Fantasyland,280,Mr. Toad's Wild Ride,TRUE,20,2026-10-05T16:25:35.000Z,2026-10-05 09:25:35,https://queue-times.com/parks/16/queue_times.json
2026-10-05T16:30:39.897Z,2026-10-05 09:30:39,2026-10-05,America/Los_Angeles,disneyland,Disneyland,Fantasyland,281,Peter Pan's Flight,TRUE,35,2026-10-05T16:25:35.000Z,2026-10-05 09:25:35,https://queue-times.com/parks/16/queue_times.json
2026-10-05T16:30:39.897Z,2026-10-05 09:30:39,2026-10-05,America/Los_Angeles,disneyland,Disneyland,Fantasyland,282,Pinocchio's Daring Journey,TRUE,10,2026-10-05T16:25:35.000Z,2026-10-05 09:25:35,https://queue-times.com/parks/16/queue_times.json
2026-10-05T16:30:39.897Z,2026-10-05 09:30:39,2026-10-05,America/Los_Angeles,disneyland,Disneyland,Fantasyland,687,Sleeping Beauty Castle Walkthrough,FALSE,0,2026-10-05T16:25:35.000Z,2026-10-05 09:25:35,https://queue-times.com/parks/16/queue_times.json
2026-10-05T16:30:39.897Z,2026-10-05 09:30:39,2026-10-05,America/Los_Angeles,disneyland,Disneyland,Fantasyland,283,Snow White's Enchanted Wish,TRUE,10,2026-10-05T16:25:35.000Z,2026-10-05 09:25:35,https://queue-times.com/parks/16/queue_times.json
2026-10-05T16:30:39.897Z,2026-10-05 09:30:39,2026-10-05,America/Los_Angeles,disneyland,Disneyland,Fantasyland,305,Storybook Land Canal Boats,TRUE,15,2026-10-05T16:25:35.000Z,2026-10-05 09:25:35,https://queue-times.com/parks/16/queue_times.json
2026-10-05T16:30:39.897Z,2026-10-05 09:30:39,2026-10-05,America/Los_Angeles,disneyland,Disneyland,Frontierland,323,Big Thunder Mountain Railroad,TRUE,20,2026-10-05T16:25:35.000Z,2026-10-05 09:25:35,https://queue-times.com/parks/16/queue_times.json
2026-10-05T16:30:39.897Z,2026-10-05 09:30:39,2026-10-05,America/Los_Angeles,disneyland,Disneyland,Frontierland,679,Frontierland Shootin' Exposition,TRUE,0,2026-10-05T16:25:35.000Z,2026-10-05 09:25:35,https://queue-times.com/parks/16/queue_times.json
2026-10-05T16:30:39.897Z,2026-10-05 09:30:39,2026-10-05,America/Los_Angeles,disneyland,Disneyland,Frontierland,456,Mark Twain Riverboat,TRUE,10,2026-10-05T16:25:35.000Z,2026-10-05 09:25:35,https://queue-times.com/parks/16/queue_times.json
2026-10-05T16:30:39.897Z,2026-10-05 09:30:39,2026-10-05,America/Los_Angeles,disneyland,Disneyland,Frontierland,331,Pirate's Lair on Tom Sawyer Island,TRUE,5,2026-10-05T16:25:35.000Z,2026-10-05 09:25:35,https://queue-times.com/parks/16/queue_times.json
2026-10-05T16:30:39.897Z,2026-10-05 09:30:39,2026-10-05,America/Los_Angeles,disneyland,Disneyland,Frontierland,328,Sailing Ship Columbia,FALSE,0,2026-10-05T16:25:35.000Z,2026-10-05 09:25:35,https://queue-times.com/parks/16/queue_times.json
2026-10-05T16:30:39.897Z,2026-10-05 09:30:39,2026-10-05,America/Los_Angeles,disneyland,Disneyland,Main Street U.S.A,674,Disneyland Railroad,TRUE,5,2026-10-05T16:25:35.000Z,2026-10-05 09:25:35,https://queue-times.com/parks/16/queue_times.json
2026-10-05T16:30:39.897Z,2026-10-05 09:30:39,2026-10-05,America/Los_Angeles,disneyland,Disneyland,Main Street U.S.A,690,Great Moments with Mr. Lincoln,TRUE,0,2026-10-05T16:25:35.000Z,2026-10-05 09:25:35,https://queue-times.com/parks/16/queue_times.json
2026-10-05T16:30:39.897Z,2026-10-05 09:30:39,2026-10-05,America/Los_Angeles,disneyland,Disneyland,Main Street U.S.A,686,Main Street Cinema,TRUE,0,2026-10-05T16:25:35.000Z,2026-10-05 09:25:35,https://queue-times.com/parks/16/queue_times.json
2026-10-05T16:30:39.897Z,2026-10-05 09:30:39,2026-10-05,America/Los_Angeles,disneyland,Disneyland,Main Street U.S.A,691,Main Street Vehicles,TRUE,0,2026-10-05T16:25:35.000Z,2026-10-05 09:25:35,https://queue-times.com/parks/16/queue_times.json
2026-10-05T16:30:39.897Z,2026-10-05 09:30:39,2026-10-05,America/Los_Angeles,disneyland,Disneyland,Main Street U.S.A,14915,Opera House - Walt Disney - A Magical Life,TRUE,0,2026-10-05T16:25:35.000Z,2026-10-05 09:25:35,https://queue-times.com/parks/16/queue_times.json
2026-10-05T16:30:39.897Z,2026-10-05 09:30:39,2026-10-05,America/Los_Angeles,disneyland,Disneyland,Main Street U.S.A,695,The Disney Gallery,TRUE,0,2026-10-05T16:25:35.000Z,2026-10-05 09:25:35,https://queue-times.com/parks/16/queue_times.json
2026-10-05T16:30:39.897Z,2026-10-05 09:30:39,2026-10-05,America/Los_Angeles,disneyland,Disneyland,Main Street U.S.A,14923,Walt Disney - A Magical Life,FALSE,0,2026-10-05T16:25:35.000Z,2026-10-05 09:25:35,https://queue-times.com/parks/16/queue_times.json
2026-10-05T16:30:39.897Z,2026-10-05 09:30:39,2026-10-05,America/Los_Angeles,disneyland,Disneyland,Mickey's Toontown,324,Chip 'n' Dale's GADGETcoaster,TRUE,5,2026-10-05T16:25:35.000Z,2026-10-05 09:25:35,https://queue-times.com/parks/16/queue_times.json
2026-10-05T16:30:39.897Z,2026-10-05 09:30:39,2026-10-05,America/Los_Angeles,disneyland,Disneyland,Mickey's Toontown,13814,Donald's Duck Pond,TRUE,0,2026-10-05T16:25:35.000Z,2026-10-05 09:25:35,https://queue-times.com/parks/16/queue_times.json
2026-10-05T16:30:39.897Z,2026-10-05 09:30:39,2026-10-05,America/Los_Angeles,disneyland,Disneyland,Mickey's Toontown,11980,Goofy's How-to-Play Yard,TRUE,0,2026-10-05T16:25:35.000Z,2026-10-05 09:25:35,https://queue-times.com/parks/16/queue_times.json
2026-10-05T16:30:39.897Z,2026-10-05 09:30:39,2026-10-05,America/Los_Angeles,disneyland,Disneyland,Mickey's Toontown,11526,Mickey & Minnie's Runaway Railway,TRUE,30,2026-10-05T16:25:35.000Z,2026-10-05 09:25:35,https://queue-times.com/parks/16/queue_times.json
2026-10-05T16:30:39.897Z,2026-10-05 09:30:39,2026-10-05,America/Los_Angeles,disneyland,Disneyland,Mickey's Toontown,709,Mickey's House and Meet Mickey Mouse,TRUE,20,2026-10-05T16:25:35.000Z,2026-10-05 09:25:35,https://queue-times.com/parks/16/queue_times.json
2026-10-05T16:30:39.897Z,2026-10-05 09:30:39,2026-10-05,America/Los_Angeles,disneyland,Disneyland,Mickey's Toontown,684,Minnie's House,TRUE,0,2026-10-05T16:25:35.000Z,2026-10-05 09:25:35,https://queue-times.com/parks/16/queue_times.json
2026-10-05T16:30:39.897Z,2026-10-05 09:30:39,2026-10-05,America/Los_Angeles,disneyland,Disneyland,Mickey's Toontown,332,Roger Rabbit's Car Toon Spin,TRUE,20,2026-10-05T16:25:35.000Z,2026-10-05 09:25:35,https://queue-times.com/parks/16/queue_times.json
2026-10-05T16:30:39.897Z,2026-10-05 09:30:39,2026-10-05,America/Los_Angeles,disneyland,Disneyland,New Orleans Square,325,Haunted Mansion Holiday,TRUE,35,2026-10-05T16:25:35.000Z,2026-10-05 09:25:35,https://queue-times.com/parks/16/queue_times.json
2026-10-05T16:30:39.897Z,2026-10-05 09:30:39,2026-10-05,America/Los_Angeles,disneyland,Disneyland,New Orleans Square,289,Pirates of the Caribbean,FALSE,0,2026-10-05T16:25:35.000Z,2026-10-05 09:25:35,https://queue-times.com/parks/16/queue_times.json
2026-10-05T16:30:39.897Z,2026-10-05 09:30:39,2026-10-05,America/Los_Angeles,disneyland,Disneyland,Star Wars: Galaxy's Edge,6339,Millennium Falcon: Smugglers Run,TRUE,20,2026-10-05T16:25:35.000Z,2026-10-05 09:25:35,https://queue-times.com/parks/16/queue_times.json
2026-10-05T16:30:39.897Z,2026-10-05 09:30:39,2026-10-05,America/Los_Angeles,disneyland,Disneyland,Star Wars: Galaxy's Edge,10903,Millennium Falcon: Smugglers Run Single Rider,TRUE,0,2026-10-05T16:25:35.000Z,2026-10-05 09:25:35,https://queue-times.com/parks/16/queue_times.json
2026-10-05T16:30:39.897Z,2026-10-05 09:30:39,2026-10-05,America/Los_Angeles,disneyland,Disneyland,Star Wars: Galaxy's Edge,6340,Star Wars: Rise of the Resistance,TRUE,50,2026-10-05T16:25:35.000Z,2026-10-05 09:25:35,https://queue-times.com/parks/16/queue_times.json
2026-10-05T16:30:39.897Z,2026-10-05 09:30:39,2026-10-05,America/Los_Angeles,disneyland,Disneyland,Tomorrowland,287,Astro Orbitor,TRUE,20,2026-10-05T16:25:35.000Z,2026-10-05 09:25:35,https://queue-times.com/parks/16/queue_times.json
2026-10-05T16:30:39.897Z,2026-10-05 09:30:39,2026-10-05,America/Los_Angeles,disneyland,Disneyland,Tomorrowland,317,Autopia,TRUE,15,2026-10-05T16:25:35.000Z,2026-10-05 09:25:35,https://queue-times.com/parks/16/queue_times.json
2026-10-05T16:30:39.897Z,2026-10-05 09:30:39,2026-10-05,America/Los_Angeles,disneyland,Disneyland,Tomorrowland,273,Buzz Lightyear Astro Blasters,TRUE,5,2026-10-05T16:25:35.000Z,2026-10-05 09:25:35,https://queue-times.com/parks/16/queue_times.json
2026-10-05T16:30:39.897Z,2026-10-05 09:30:39,2026-10-05,America/Los_Angeles,disneyland,Disneyland,Tomorrowland,274,Disneyland Monorail,TRUE,0,2026-10-05T16:25:35.000Z,2026-10-05 09:25:35,https://queue-times.com/parks/16/queue_times.json
2026-10-05T16:30:39.897Z,2026-10-05 09:30:39,2026-10-05,America/Los_Angeles,disneyland,Disneyland,Tomorrowland,276,Finding Nemo Submarine Voyage,TRUE,5,2026-10-05T16:25:35.000Z,2026-10-05 09:25:35,https://queue-times.com/parks/16/queue_times.json
2026-10-05T16:30:39.897Z,2026-10-05 09:30:39,2026-10-05,America/Los_Angeles,disneyland,Disneyland,Tomorrowland,16627,Pixar Short Film Spotlight,FALSE,0,2026-10-05T16:25:35.000Z,2026-10-05 09:25:35,https://queue-times.com/parks/16/queue_times.json
2026-10-05T16:30:39.897Z,2026-10-05 09:30:39,2026-10-05,America/Los_Angeles,disneyland,Disneyland,Tomorrowland,284,Space Mountain,FALSE,0,2026-10-05T16:25:35.000Z,2026-10-05 09:25:35,https://queue-times.com/parks/16/queue_times.json
2026-10-05T16:30:39.897Z,2026-10-05 09:30:39,2026-10-05,America/Los_Angeles,disneyland,Disneyland,Tomorrowland,286,Star Tours - The Adventures Continue,TRUE,10,2026-10-05T16:25:35.000Z,2026-10-05 09:25:35,https://queue-times.com/parks/16/queue_times.json
2026-10-05T16:30:39.897Z,2026-10-05 09:30:39,2026-10-05,America/Los_Angeles,dca,Disney California Adventure,Avengers Campus,329,Guardians of the Galaxy - Mission: BREAKOUT!,TRUE,45,2026-10-05T16:25:35.000Z,2026-10-05 09:25:35,https://queue-times.com/parks/17/queue_times.json
2026-10-05T16:30:39.897Z,2026-10-05 09:30:39,2026-10-05,America/Los_Angeles,dca,Disney California Adventure,Avengers Campus,8843,WEB SLINGERS: A Spider-Man Adventure,TRUE,35,2026-10-05T16:25:35.000Z,2026-10-05 09:25:35,https://queue-times.com/parks/17/queue_times.json
2026-10-05T16:30:39.897Z,2026-10-05 09:30:39,2026-10-05,America/Los_Angeles,dca,Disney California Adventure,Avengers Campus,10907,WEB SLINGERS: A Spider-Man Adventure Single Rider,TRUE,0,2026-10-05T16:25:35.000Z,2026-10-05 09:25:35,https://queue-times.com/parks/17/queue_times.json
2026-10-05T16:30:39.897Z,2026-10-05 09:30:39,2026-10-05,America/Los_Angeles,dca,Disney California Adventure,Cars Land,2608,Luigi's Honkin' Haul-O-Ween,TRUE,35,2026-10-05T16:25:35.000Z,2026-10-05 09:25:35,https://queue-times.com/parks/17/queue_times.json
2026-10-05T16:30:39.897Z,2026-10-05 09:30:39,2026-10-05,America/Los_Angeles,dca,Disney California Adventure,Cars Land,295,Radiator Springs Racers,FALSE,0,2026-10-05T16:25:35.000Z,2026-10-05 09:25:35,https://queue-times.com/parks/17/queue_times.json
2026-10-05T16:30:39.897Z,2026-10-05 09:30:39,2026-10-05,America/Los_Angeles,dca,Disney California Adventure,Cars Land,10904,Radiator Springs Racers Single Rider,FALSE,0,2026-10-05T16:25:35.000Z,2026-10-05 09:25:35,https://queue-times.com/parks/17/queue_times.json
2026-10-05T16:30:39.897Z,2026-10-05 09:30:39,2026-10-05,America/Los_Angeles,dca,Disney California Adventure,Grizzly Peak,302,Grizzly River Run,TRUE,5,2026-10-05T16:25:35.000Z,2026-10-05 09:25:35,https://queue-times.com/parks/17/queue_times.json
2026-10-05T16:30:39.897Z,2026-10-05 09:30:39,2026-10-05,America/Los_Angeles,dca,Disney California Adventure,Grizzly Peak,293,Redwood Creek Challenge Trail,FALSE,0,2026-10-05T16:25:35.000Z,2026-10-05 09:25:35,https://queue-times.com/parks/17/queue_times.json
2026-10-05T16:30:39.897Z,2026-10-05 09:30:39,2026-10-05,America/Los_Angeles,dca,Disney California Adventure,Grizzly Peak,17129,Soarin’ Across America,TRUE,65,2026-10-05T16:25:35.000Z,2026-10-05 09:25:35,https://queue-times.com/parks/17/queue_times.json
2026-10-05T16:30:39.897Z,2026-10-05 09:30:39,2026-10-05,America/Los_Angeles,dca,Disney California Adventure,Hollywood Land,321,Animation Academy,TRUE,0,2026-10-05T16:25:35.000Z,2026-10-05 09:25:35,https://queue-times.com/parks/17/queue_times.json
2026-10-05T16:30:39.897Z,2026-10-05 09:30:39,2026-10-05,America/Los_Angeles,dca,Disney California Adventure,Hollywood Land,6440,Mickey's PhilharMagic,TRUE,10,2026-10-05T16:25:35.000Z,2026-10-05 09:25:35,https://queue-times.com/parks/17/queue_times.json
2026-10-05T16:30:39.897Z,2026-10-05 09:30:39,2026-10-05,America/Los_Angeles,dca,Disney California Adventure,Hollywood Land,291,"Monsters, Inc. Mike & Sulley to the Rescue!",TRUE,30,2026-10-05T16:25:35.000Z,2026-10-05 09:25:35,https://queue-times.com/parks/17/queue_times.json
2026-10-05T16:30:39.897Z,2026-10-05 09:30:39,2026-10-05,America/Los_Angeles,dca,Disney California Adventure,Hollywood Land,868,Sorcerer's Workshop,TRUE,0,2026-10-05T16:25:35.000Z,2026-10-05 09:25:35,https://queue-times.com/parks/17/queue_times.json
2026-10-05T16:30:39.897Z,2026-10-05 09:30:39,2026-10-05,America/Los_Angeles,dca,Disney California Adventure,Hollywood Land,294,Turtle Talk with Crush,TRUE,0,2026-10-05T16:25:35.000Z,2026-10-05 09:25:35,https://queue-times.com/parks/17/queue_times.json
2026-10-05T16:30:39.897Z,2026-10-05 09:30:39,2026-10-05,America/Los_Angeles,dca,Disney California Adventure,Pacific Wharf,869,The Bakery Tour,TRUE,0,2026-10-05T16:25:35.000Z,2026-10-05 09:25:35,https://queue-times.com/parks/17/queue_times.json
2026-10-05T16:30:39.897Z,2026-10-05 09:30:39,2026-10-05,America/Los_Angeles,dca,Disney California Adventure,Paradise Gardens Park,298,Golden Zephyr,TRUE,5,2026-10-05T16:25:35.000Z,2026-10-05 09:25:35,https://queue-times.com/parks/17/queue_times.json
2026-10-05T16:30:39.897Z,2026-10-05 09:30:39,2026-10-05,America/Los_Angeles,dca,Disney California Adventure,Paradise Gardens Park,319,Goofy's Sky School,FALSE,0,2026-10-05T16:25:35.000Z,2026-10-05 09:25:35,https://queue-times.com/parks/17/queue_times.json
2026-10-05T16:30:39.897Z,2026-10-05 09:30:39,2026-10-05,America/Los_Angeles,dca,Disney California Adventure,Paradise Gardens Park,301,Silly Symphony Swings,TRUE,5,2026-10-05T16:25:35.000Z,2026-10-05 09:25:35,https://queue-times.com/parks/17/queue_times.json
2026-10-05T16:30:39.897Z,2026-10-05 09:30:39,2026-10-05,America/Los_Angeles,dca,Disney California Adventure,Paradise Gardens Park,10905,Silly Symphony Swings Single Rider,TRUE,0,2026-10-05T16:25:35.000Z,2026-10-05 09:25:35,https://queue-times.com/parks/17/queue_times.json
2026-10-05T16:30:39.897Z,2026-10-05 09:30:39,2026-10-05,America/Los_Angeles,dca,Disney California Adventure,Paradise Gardens Park,316,The Little Mermaid - Ariel's Undersea Adventure,FALSE,0,2026-10-05T16:25:35.000Z,2026-10-05 09:25:35,https://queue-times.com/parks/17/queue_times.json
2026-10-05T16:30:39.897Z,2026-10-05 09:30:39,2026-10-05,America/Los_Angeles,dca,Disney California Adventure,Paradise Gardens Park,11528,World of Color – ONE,TRUE,0,2026-10-05T16:25:35.000Z,2026-10-05 09:25:35,https://queue-times.com/parks/17/queue_times.json
2026-10-05T16:30:39.897Z,2026-10-05 09:30:39,2026-10-05,America/Los_Angeles,dca,Disney California Adventure,Pixar Pier,866,Games of Pixar Pier,TRUE,5,2026-10-05T16:25:35.000Z,2026-10-05 09:25:35,https://queue-times.com/parks/17/queue_times.json
2026-10-05T16:30:39.897Z,2026-10-05 09:30:39,2026-10-05,America/Los_Angeles,dca,Disney California Adventure,Pixar Pier,322,Incredicoaster,TRUE,25,2026-10-05T16:25:35.000Z,2026-10-05 09:25:35,https://queue-times.com/parks/17/queue_times.json
2026-10-05T16:30:39.897Z,2026-10-05 09:30:39,2026-10-05,America/Los_Angeles,dca,Disney California Adventure,Pixar Pier,10906,Incredicoaster Single Rider,TRUE,0,2026-10-05T16:25:35.000Z,2026-10-05 09:25:35,https://queue-times.com/parks/17/queue_times.json
2026-10-05T16:30:39.897Z,2026-10-05 09:30:39,2026-10-05,America/Los_Angeles,dca,Disney California Adventure,Pixar Pier,6643,Inside Out Emotional Whirlwind,TRUE,5,2026-10-05T16:25:35.000Z,2026-10-05 09:25:35,https://queue-times.com/parks/17/queue_times.json
2026-10-05T16:30:39.897Z,2026-10-05 09:30:39,2026-10-05,America/Los_Angeles,dca,Disney California Adventure,Pixar Pier,310,Jessie's Critter Carousel,TRUE,5,2026-10-05T16:25:35.000Z,2026-10-05 09:25:35,https://queue-times.com/parks/17/queue_times.json
2026-10-05T16:30:39.897Z,2026-10-05 09:30:39,2026-10-05,America/Los_Angeles,dca,Disney California Adventure,Pixar Pier,300,Jumpin' Jellyfish,TRUE,5,2026-10-05T16:25:35.000Z,2026-10-05 09:25:35,https://queue-times.com/parks/17/queue_times.json
2026-10-05T16:30:39.897Z,2026-10-05 09:30:39,2026-10-05,America/Los_Angeles,dca,Disney California Adventure,Pixar Pier,311,Pixar Pal-A-Round - Swinging,TRUE,5,2026-10-05T16:25:35.000Z,2026-10-05 09:25:35,https://queue-times.com/parks/17/queue_times.json
2026-10-05T16:30:39.897Z,2026-10-05 09:30:39,2026-10-05,America/Los_Angeles,dca,Disney California Adventure,Pixar Pier,5557,Pixar Pal-A-Round – Non-Swinging,TRUE,5,2026-10-05T16:25:35.000Z,2026-10-05 09:25:35,https://queue-times.com/parks/17/queue_times.json
2026-10-05T16:30:39.897Z,2026-10-05 09:30:39,2026-10-05,America/Los_Angeles,dca,Disney California Adventure,Pixar Pier,313,Toy Story Midway Mania!,TRUE,50,2026-10-05T16:25:35.000Z,2026-10-05 09:25:35,https://queue-times.com/parks/17/queue_times.json
2026-10-05T16:30:39.897Z,2026-10-05 09:30:39,2026-10-05,America/Los_Angeles,dca,Disney California Adventure,Halloween,5146,Guardians of the Galaxy - Monsters After Dark,FALSE,0,2026-10-05T16:25:35.000Z,2026-10-05 09:25:35,https://queue-times.com/parks/17/queue_times.json
2026-10-05T16:30:39.897Z,2026-10-05 09:30:39,2026-10-05,America/Los_Angeles,dca,Disney California Adventure,Halloween,4723,Mater's Graveyard JamBOOree,TRUE,20,2026-10-05T16:25:35.000Z,2026-10-05 09:25:35,https://queue-times.com/parks/17/queue_times.json
2026-10-05T16:30:39.897Z,2026-10-05 09:30:39,2026-10-05,America/Los_Angeles,dca,Disney California Adventure,Halloween,7292,Villains Grove at Oogie Boogie Bash,FALSE,0,2026-10-05T16:25:35.000Z,2026-10-05 09:25:35,https://queue-times.com/parks/17/queue_times.json
2026-10-05T16:45:35.396Z,2026-10-05 09:45:35,2026-10-05,America/Los_Angeles,disneyland,Disneyland,Adventureland,12428,Adventureland Treehouse inspired by Walt Disney’s Swiss Family Robinson,TRUE,0,2026-10-05T16:40:33.000Z,2026-10-05 09:40:33,https://queue-times.com/parks/16/queue_times.json
2026-10-05T16:45:35.396Z,2026-10-05 09:45:35,2026-10-05,America/Los_Angeles,disneyland,Disneyland,Adventureland,326,Indiana Jones™ Adventure,FALSE,0,2026-10-05T16:40:33.000Z,2026-10-05 09:40:33,https://queue-times.com/parks/16/queue_times.json
2026-10-05T16:45:35.396Z,2026-10-05 09:45:35,2026-10-05,America/Los_Angeles,disneyland,Disneyland,Adventureland,296,Jungle Cruise,TRUE,45,2026-10-05T16:40:33.000Z,2026-10-05 09:40:33,https://queue-times.com/parks/16/queue_times.json
2026-10-05T16:45:35.396Z,2026-10-05 09:45:35,2026-10-05,America/Los_Angeles,disneyland,Disneyland,Adventureland,288,Walt Disney's Enchanted Tiki Room,TRUE,0,2026-10-05T16:40:33.000Z,2026-10-05 09:40:33,https://queue-times.com/parks/16/queue_times.json
2026-10-05T16:45:35.396Z,2026-10-05 09:45:35,2026-10-05,America/Los_Angeles,disneyland,Disneyland,Bayou Country,304,Davy Crockett's Explorer Canoes,FALSE,0,2026-10-05T16:40:33.000Z,2026-10-05 09:40:33,https://queue-times.com/parks/16/queue_times.json
2026-10-05T16:45:35.396Z,2026-10-05 09:45:35,2026-10-05,America/Los_Angeles,disneyland,Disneyland,Bayou Country,306,The Many Adventures of Winnie the Pooh,TRUE,5,2026-10-05T16:40:33.000Z,2026-10-05 09:40:33,https://queue-times.com/parks/16/queue_times.json
2026-10-05T16:45:35.396Z,2026-10-05 09:45:35,2026-10-05,America/Los_Angeles,disneyland,Disneyland,Bayou Country,14168,Tiana's Bayou Adventure,TRUE,25,2026-10-05T16:40:33.000Z,2026-10-05 09:40:33,https://queue-times.com/parks/16/queue_times.json
2026-10-05T16:45:35.396Z,2026-10-05 09:45:35,2026-10-05,America/Los_Angeles,disneyland,Disneyland,Bayou Country,14326,Tiana's Bayou Adventure Single Rider,TRUE,0,2026-10-05T16:40:33.000Z,2026-10-05 09:40:33,https://queue-times.com/parks/16/queue_times.json
2026-10-05T16:45:35.396Z,2026-10-05 09:45:35,2026-10-05,America/Los_Angeles,disneyland,Disneyland,Fantasyland,307,"""it's a small world""",TRUE,5,2026-10-05T16:40:33.000Z,2026-10-05 09:40:33,https://queue-times.com/parks/16/queue_times.json
2026-10-05T16:45:35.396Z,2026-10-05 09:45:35,2026-10-05,America/Los_Angeles,disneyland,Disneyland,Fantasyland,285,Alice in Wonderland,TRUE,20,2026-10-05T16:40:33.000Z,2026-10-05 09:40:33,https://queue-times.com/parks/16/queue_times.json
2026-10-05T16:45:35.396Z,2026-10-05 09:45:35,2026-10-05,America/Los_Angeles,disneyland,Disneyland,Fantasyland,16254,Bluey’s Best Day Ever! at Fantasyland Theatre,TRUE,0,2026-10-05T16:40:33.000Z,2026-10-05 09:40:33,https://queue-times.com/parks/16/queue_times.json
2026-10-05T16:45:35.396Z,2026-10-05 09:45:35,2026-10-05,America/Los_Angeles,disneyland,Disneyland,Fantasyland,303,Casey Jr. Circus Train,TRUE,10,2026-10-05T16:40:33.000Z,2026-10-05 09:40:33,https://queue-times.com/parks/16/queue_times.json
2026-10-05T16:45:35.396Z,2026-10-05 09:45:35,2026-10-05,America/Los_Angeles,disneyland,Disneyland,Fantasyland,275,Dumbo the Flying Elephant,TRUE,30,2026-10-05T16:40:33.000Z,2026-10-05 09:40:33,https://queue-times.com/parks/16/queue_times.json
2026-10-05T16:45:35.396Z,2026-10-05 09:45:35,2026-10-05,America/Los_Angeles,disneyland,Disneyland,Fantasyland,277,King Arthur Carrousel,TRUE,5,2026-10-05T16:40:33.000Z,2026-10-05 09:40:33,https://queue-times.com/parks/16/queue_times.json
2026-10-05T16:45:35.396Z,2026-10-05 09:45:35,2026-10-05,America/Los_Angeles,disneyland,Disneyland,Fantasyland,278,Mad Tea Party,FALSE,0,2026-10-05T16:40:33.000Z,2026-10-05 09:40:33,https://queue-times.com/parks/16/queue_times.json
2026-10-05T16:45:35.396Z,2026-10-05 09:45:35,2026-10-05,America/Los_Angeles,disneyland,Disneyland,Fantasyland,279,Matterhorn Bobsleds,TRUE,25,2026-10-05T16:40:33.000Z,2026-10-05 09:40:33,https://queue-times.com/parks/16/queue_times.json
2026-10-05T16:45:35.396Z,2026-10-05 09:45:35,2026-10-05,America/Los_Angeles,disneyland,Disneyland,Fantasyland,6711,Meet Disney Princesses at Royal Hall,FALSE,0,2026-10-05T16:40:33.000Z,2026-10-05 09:40:33,https://queue-times.com/parks/16/queue_times.json
2026-10-05T16:45:35.396Z,2026-10-05 09:45:35,2026-10-05,America/Los_Angeles,disneyland,Disneyland,Fantasyland,280,Mr. Toad's Wild Ride,TRUE,20,2026-10-05T16:40:33.000Z,2026-10-05 09:40:33,https://queue-times.com/parks/16/queue_times.json
2026-10-05T16:45:35.396Z,2026-10-05 09:45:35,2026-10-05,America/Los_Angeles,disneyland,Disneyland,Fantasyland,281,Peter Pan's Flight,TRUE,30,2026-10-05T16:40:33.000Z,2026-10-05 09:40:33,https://queue-times.com/parks/16/queue_times.json
2026-10-05T16:45:35.396Z,2026-10-05 09:45:35,2026-10-05,America/Los_Angeles,disneyland,Disneyland,Fantasyland,282,Pinocchio's Daring Journey,TRUE,10,2026-10-05T16:40:33.000Z,2026-10-05 09:40:33,https://queue-times.com/parks/16/queue_times.json
2026-10-05T16:45:35.396Z,2026-10-05 09:45:35,2026-10-05,America/Los_Angeles,disneyland,Disneyland,Fantasyland,687,Sleeping Beauty Castle Walkthrough,FALSE,0,2026-10-05T16:40:33.000Z,2026-10-05 09:40:33,https://queue-times.com/parks/16/queue_times.json
2026-10-05T16:45:35.396Z,2026-10-05 09:45:35,2026-10-05,America/Los_Angeles,disneyland,Disneyland,Fantasyland,283,Snow White's Enchanted Wish,TRUE,10,2026-10-05T16:40:33.000Z,2026-10-05 09:40:33,https://queue-times.com/parks/16/queue_times.json
2026-10-05T16:45:35.396Z,2026-10-05 09:45:35,2026-10-05,America/Los_Angeles,disneyland,Disneyland,Fantasyland,305,Storybook Land Canal Boats,TRUE,15,2026-10-05T16:40:33.000Z,2026-10-05 09:40:33,https://queue-times.com/parks/16/queue_times.json
2026-10-05T16:45:35.396Z,2026-10-05 09:45:35,2026-10-05,America/Los_Angeles,disneyland,Disneyland,Frontierland,323,Big Thunder Mountain Railroad,TRUE,25,2026-10-05T16:40:33.000Z,2026-10-05 09:40:33,https://queue-times.com/parks/16/queue_times.json
2026-10-05T16:45:35.396Z,2026-10-05 09:45:35,2026-10-05,America/Los_Angeles,disneyland,Disneyland,Frontierland,679,Frontierland Shootin' Exposition,TRUE,0,2026-10-05T16:40:33.000Z,2026-10-05 09:40:33,https://queue-times.com/parks/16/queue_times.json
2026-10-05T16:45:35.396Z,2026-10-05 09:45:35,2026-10-05,America/Los_Angeles,disneyland,Disneyland,Frontierland,456,Mark Twain Riverboat,TRUE,10,2026-10-05T16:40:33.000Z,2026-10-05 09:40:33,https://queue-times.com/parks/16/queue_times.json
2026-10-05T16:45:35.396Z,2026-10-05 09:45:35,2026-10-05,America/Los_Angeles,disneyland,Disneyland,Frontierland,331,Pirate's Lair on Tom Sawyer Island,TRUE,5,2026-10-05T16:40:33.000Z,2026-10-05 09:40:33,https://queue-times.com/parks/16/queue_times.json
2026-10-05T16:45:35.396Z,2026-10-05 09:45:35,2026-10-05,America/Los_Angeles,disneyland,Disneyland,Frontierland,328,Sailing Ship Columbia,FALSE,0,2026-10-05T16:40:33.000Z,2026-10-05 09:40:33,https://queue-times.com/parks/16/queue_times.json
2026-10-05T16:45:35.396Z,2026-10-05 09:45:35,2026-10-05,America/Los_Angeles,disneyland,Disneyland,Main Street U.S.A,674,Disneyland Railroad,TRUE,5,2026-10-05T16:40:33.000Z,2026-10-05 09:40:33,https://queue-times.com/parks/16/queue_times.json
2026-10-05T16:45:35.396Z,2026-10-05 09:45:35,2026-10-05,America/Los_Angeles,disneyland,Disneyland,Main Street U.S.A,690,Great Moments with Mr. Lincoln,TRUE,0,2026-10-05T16:40:33.000Z,2026-10-05 09:40:33,https://queue-times.com/parks/16/queue_times.json
2026-10-05T16:45:35.396Z,2026-10-05 09:45:35,2026-10-05,America/Los_Angeles,disneyland,Disneyland,Main Street U.S.A,686,Main Street Cinema,TRUE,0,2026-10-05T16:40:33.000Z,2026-10-05 09:40:33,https://queue-times.com/parks/16/queue_times.json
2026-10-05T16:45:35.396Z,2026-10-05 09:45:35,2026-10-05,America/Los_Angeles,disneyland,Disneyland,Main Street U.S.A,691,Main Street Vehicles,TRUE,0,2026-10-05T16:40:33.000Z,2026-10-05 09:40:33,https://queue-times.com/parks/16/queue_times.json
2026-10-05T16:45:35.396Z,2026-10-05 09:45:35,2026-10-05,America/Los_Angeles,disneyland,Disneyland,Main Street U.S.A,14915,Opera House - Walt Disney - A Magical Life,TRUE,0,2026-10-05T16:40:33.000Z,2026-10-05 09:40:33,https://queue-times.com/parks/16/queue_times.json
2026-10-05T16:45:35.396Z,2026-10-05 09:45:35,2026-10-05,America/Los_Angeles,disneyland,Disneyland,Main Street U.S.A,695,The Disney Gallery,TRUE,0,2026-10-05T16:40:33.000Z,2026-10-05 09:40:33,https://queue-times.com/parks/16/queue_times.json
2026-10-05T16:45:35.396Z,2026-10-05 09:45:35,2026-10-05,America/Los_Angeles,disneyland,Disneyland,Main Street U.S.A,14923,Walt Disney - A Magical Life,FALSE,0,2026-10-05T16:40:33.000Z,2026-10-05 09:40:33,https://queue-times.com/parks/16/queue_times.json
2026-10-05T16:45:35.396Z,2026-10-05 09:45:35,2026-10-05,America/Los_Angeles,disneyland,Disneyland,Mickey's Toontown,324,Chip 'n' Dale's GADGETcoaster,TRUE,20,2026-10-05T16:40:33.000Z,2026-10-05 09:40:33,https://queue-times.com/parks/16/queue_times.json
2026-10-05T16:45:35.396Z,2026-10-05 09:45:35,2026-10-05,America/Los_Angeles,disneyland,Disneyland,Mickey's Toontown,13814,Donald's Duck Pond,TRUE,0,2026-10-05T16:40:33.000Z,2026-10-05 09:40:33,https://queue-times.com/parks/16/queue_times.json
2026-10-05T16:45:35.396Z,2026-10-05 09:45:35,2026-10-05,America/Los_Angeles,disneyland,Disneyland,Mickey's Toontown,11980,Goofy's How-to-Play Yard,TRUE,0,2026-10-05T16:40:33.000Z,2026-10-05 09:40:33,https://queue-times.com/parks/16/queue_times.json
2026-10-05T16:45:35.396Z,2026-10-05 09:45:35,2026-10-05,America/Los_Angeles,disneyland,Disneyland,Mickey's Toontown,11526,Mickey & Minnie's Runaway Railway,TRUE,35,2026-10-05T16:40:33.000Z,2026-10-05 09:40:33,https://queue-times.com/parks/16/queue_times.json
2026-10-05T16:45:35.396Z,2026-10-05 09:45:35,2026-10-05,America/Los_Angeles,disneyland,Disneyland,Mickey's Toontown,709,Mickey's House and Meet Mickey Mouse,TRUE,20,2026-10-05T16:40:33.000Z,2026-10-05 09:40:33,https://queue-times.com/parks/16/queue_times.json
2026-10-05T16:45:35.396Z,2026-10-05 09:45:35,2026-10-05,America/Los_Angeles,disneyland,Disneyland,Mickey's Toontown,684,Minnie's House,TRUE,0,2026-10-05T16:40:33.000Z,2026-10-05 09:40:33,https://queue-times.com/parks/16/queue_times.json
2026-10-05T16:45:35.396Z,2026-10-05 09:45:35,2026-10-05,America/Los_Angeles,disneyland,Disneyland,Mickey's Toontown,332,Roger Rabbit's Car Toon Spin,TRUE,35,2026-10-05T16:40:33.000Z,2026-10-05 09:40:33,https://queue-times.com/parks/16/queue_times.json
2026-10-05T16:45:35.396Z,2026-10-05 09:45:35,2026-10-05,America/Los_Angeles,disneyland,Disneyland,New Orleans Square,325,Haunted Mansion Holiday,TRUE,35,2026-10-05T16:40:33.000Z,2026-10-05 09:40:33,https://queue-times.com/parks/16/queue_times.json
2026-10-05T16:45:35.396Z,2026-10-05 09:45:35,2026-10-05,America/Los_Angeles,disneyland,Disneyland,New Orleans Square,289,Pirates of the Caribbean,FALSE,0,2026-10-05T16:40:33.000Z,2026-10-05 09:40:33,https://queue-times.com/parks/16/queue_times.json
2026-10-05T16:45:35.396Z,2026-10-05 09:45:35,2026-10-05,America/Los_Angeles,disneyland,Disneyland,Star Wars: Galaxy's Edge,6339,Millennium Falcon: Smugglers Run,TRUE,20,2026-10-05T16:40:33.000Z,2026-10-05 09:40:33,https://queue-times.com/parks/16/queue_times.json
2026-10-05T16:45:35.396Z,2026-10-05 09:45:35,2026-10-05,America/Los_Angeles,disneyland,Disneyland,Star Wars: Galaxy's Edge,10903,Millennium Falcon: Smugglers Run Single Rider,TRUE,0,2026-10-05T16:40:33.000Z,2026-10-05 09:40:33,https://queue-times.com/parks/16/queue_times.json
2026-10-05T16:45:35.396Z,2026-10-05 09:45:35,2026-10-05,America/Los_Angeles,disneyland,Disneyland,Star Wars: Galaxy's Edge,6340,Star Wars: Rise of the Resistance,TRUE,50,2026-10-05T16:40:33.000Z,2026-10-05 09:40:33,https://queue-times.com/parks/16/queue_times.json
2026-10-05T16:45:35.396Z,2026-10-05 09:45:35,2026-10-05,America/Los_Angeles,disneyland,Disneyland,Tomorrowland,287,Astro Orbitor,TRUE,25,2026-10-05T16:40:33.000Z,2026-10-05 09:40:33,https://queue-times.com/parks/16/queue_times.json
2026-10-05T16:45:35.396Z,2026-10-05 09:45:35,2026-10-05,America/Los_Angeles,disneyland,Disneyland,Tomorrowland,317,Autopia,TRUE,10,2026-10-05T16:40:33.000Z,2026-10-05 09:40:33,https://queue-times.com/parks/16/queue_times.json
2026-10-05T16:45:35.396Z,2026-10-05 09:45:35,2026-10-05,America/Los_Angeles,disneyland,Disneyland,Tomorrowland,273,Buzz Lightyear Astro Blasters,TRUE,5,2026-10-05T16:40:33.000Z,2026-10-05 09:40:33,https://queue-times.com/parks/16/queue_times.json
2026-10-05T16:45:35.396Z,2026-10-05 09:45:35,2026-10-05,America/Los_Angeles,disneyland,Disneyland,Tomorrowland,274,Disneyland Monorail,FALSE,0,2026-10-05T16:40:33.000Z,2026-10-05 09:40:33,https://queue-times.com/parks/16/queue_times.json
2026-10-05T16:45:35.396Z,2026-10-05 09:45:35,2026-10-05,America/Los_Angeles,disneyland,Disneyland,Tomorrowland,276,Finding Nemo Submarine Voyage,TRUE,5,2026-10-05T16:40:33.000Z,2026-10-05 09:40:33,https://queue-times.com/parks/16/queue_times.json
2026-10-05T16:45:35.396Z,2026-10-05 09:45:35,2026-10-05,America/Los_Angeles,disneyland,Disneyland,Tomorrowland,16627,Pixar Short Film Spotlight,FALSE,0,2026-10-05T16:40:33.000Z,2026-10-05 09:40:33,https://queue-times.com/parks/16/queue_times.json
2026-10-05T16:45:35.396Z,2026-10-05 09:45:35,2026-10-05,America/Los_Angeles,disneyland,Disneyland,Tomorrowland,284,Space Mountain,FALSE,0,2026-10-05T16:40:33.000Z,2026-10-05 09:40:33,https://queue-times.com/parks/16/queue_times.json
2026-10-05T16:45:35.396Z,2026-10-05 09:45:35,2026-10-05,America/Los_Angeles,disneyland,Disneyland,Tomorrowland,286,Star Tours - The Adventures Continue,TRUE,10,2026-10-05T16:40:33.000Z,2026-10-05 09:40:33,https://queue-times.com/parks/16/queue_times.json
2026-10-05T16:45:35.396Z,2026-10-05 09:45:35,2026-10-05,America/Los_Angeles,dca,Disney California Adventure,Avengers Campus,329,Guardians of the Galaxy - Mission: BREAKOUT!,TRUE,45,2026-10-05T16:40:42.000Z,2026-10-05 09:40:42,https://queue-times.com/parks/17/queue_times.json
2026-10-05T16:45:35.396Z,2026-10-05 09:45:35,2026-10-05,America/Los_Angeles,dca,Disney California Adventure,Avengers Campus,8843,WEB SLINGERS: A Spider-Man Adventure,TRUE,45,2026-10-05T16:40:42.000Z,2026-10-05 09:40:42,https://queue-times.com/parks/17/queue_times.json
2026-10-05T16:45:35.396Z,2026-10-05 09:45:35,2026-10-05,America/Los_Angeles,dca,Disney California Adventure,Avengers Campus,10907,WEB SLINGERS: A Spider-Man Adventure Single Rider,TRUE,0,2026-10-05T16:40:42.000Z,2026-10-05 09:40:42,https://queue-times.com/parks/17/queue_times.json
2026-10-05T16:45:35.396Z,2026-10-05 09:45:35,2026-10-05,America/Los_Angeles,dca,Disney California Adventure,Cars Land,2608,Luigi's Honkin' Haul-O-Ween,TRUE,45,2026-10-05T16:40:42.000Z,2026-10-05 09:40:42,https://queue-times.com/parks/17/queue_times.json
2026-10-05T16:45:35.396Z,2026-10-05 09:45:35,2026-10-05,America/Los_Angeles,dca,Disney California Adventure,Cars Land,295,Radiator Springs Racers,FALSE,0,2026-10-05T16:40:42.000Z,2026-10-05 09:40:42,https://queue-times.com/parks/17/queue_times.json
2026-10-05T16:45:35.396Z,2026-10-05 09:45:35,2026-10-05,America/Los_Angeles,dca,Disney California Adventure,Cars Land,10904,Radiator Springs Racers Single Rider,FALSE,0,2026-10-05T16:40:42.000Z,2026-10-05 09:40:42,https://queue-times.com/parks/17/queue_times.json
2026-10-05T16:45:35.396Z,2026-10-05 09:45:35,2026-10-05,America/Los_Angeles,dca,Disney California Adventure,Grizzly Peak,302,Grizzly River Run,TRUE,15,2026-10-05T16:40:42.000Z,2026-10-05 09:40:42,https://queue-times.com/parks/17/queue_times.json
2026-10-05T16:45:35.396Z,2026-10-05 09:45:35,2026-10-05,America/Los_Angeles,dca,Disney California Adventure,Grizzly Peak,293,Redwood Creek Challenge Trail,FALSE,0,2026-10-05T16:40:42.000Z,2026-10-05 09:40:42,https://queue-times.com/parks/17/queue_times.json
2026-10-05T16:45:35.396Z,2026-10-05 09:45:35,2026-10-05,America/Los_Angeles,dca,Disney California Adventure,Grizzly Peak,17129,Soarin’ Across America,TRUE,75,2026-10-05T16:40:42.000Z,2026-10-05 09:40:42,https://queue-times.com/parks/17/queue_times.json
2026-10-05T16:45:35.396Z,2026-10-05 09:45:35,2026-10-05,America/Los_Angeles,dca,Disney California Adventure,Hollywood Land,321,Animation Academy,TRUE,0,2026-10-05T16:40:42.000Z,2026-10-05 09:40:42,https://queue-times.com/parks/17/queue_times.json
2026-10-05T16:45:35.396Z,2026-10-05 09:45:35,2026-10-05,America/Los_Angeles,dca,Disney California Adventure,Hollywood Land,6440,Mickey's PhilharMagic,TRUE,10,2026-10-05T16:40:42.000Z,2026-10-05 09:40:42,https://queue-times.com/parks/17/queue_times.json
2026-10-05T16:45:35.396Z,2026-10-05 09:45:35,2026-10-05,America/Los_Angeles,dca,Disney California Adventure,Hollywood Land,291,"Monsters, Inc. Mike & Sulley to the Rescue!",TRUE,30,2026-10-05T16:40:42.000Z,2026-10-05 09:40:42,https://queue-times.com/parks/17/queue_times.json
2026-10-05T16:45:35.396Z,2026-10-05 09:45:35,2026-10-05,America/Los_Angeles,dca,Disney California Adventure,Hollywood Land,868,Sorcerer's Workshop,TRUE,0,2026-10-05T16:40:42.000Z,2026-10-05 09:40:42,https://queue-times.com/parks/17/queue_times.json
2026-10-05T16:45:35.396Z,2026-10-05 09:45:35,2026-10-05,America/Los_Angeles,dca,Disney California Adventure,Hollywood Land,294,Turtle Talk with Crush,TRUE,0,2026-10-05T16:40:42.000Z,2026-10-05 09:40:42,https://queue-times.com/parks/17/queue_times.json
2026-10-05T16:45:35.396Z,2026-10-05 09:45:35,2026-10-05,America/Los_Angeles,dca,Disney California Adventure,Pacific Wharf,869,The Bakery Tour,TRUE,0,2026-10-05T16:40:42.000Z,2026-10-05 09:40:42,https://queue-times.com/parks/17/queue_times.json
2026-10-05T16:45:35.396Z,2026-10-05 09:45:35,2026-10-05,America/Los_Angeles,dca,Disney California Adventure,Paradise Gardens Park,298,Golden Zephyr,TRUE,5,2026-10-05T16:40:42.000Z,2026-10-05 09:40:42,https://queue-times.com/parks/17/queue_times.json
2026-10-05T16:45:35.396Z,2026-10-05 09:45:35,2026-10-05,America/Los_Angeles,dca,Disney California Adventure,Paradise Gardens Park,319,Goofy's Sky School,FALSE,0,2026-10-05T16:40:42.000Z,2026-10-05 09:40:42,https://queue-times.com/parks/17/queue_times.json
2026-10-05T16:45:35.396Z,2026-10-05 09:45:35,2026-10-05,America/Los_Angeles,dca,Disney California Adventure,Paradise Gardens Park,301,Silly Symphony Swings,TRUE,5,2026-10-05T16:40:42.000Z,2026-10-05 09:40:42,https://queue-times.com/parks/17/queue_times.json
2026-10-05T16:45:35.396Z,2026-10-05 09:45:35,2026-10-05,America/Los_Angeles,dca,Disney California Adventure,Paradise Gardens Park,10905,Silly Symphony Swings Single Rider,TRUE,0,2026-10-05T16:40:42.000Z,2026-10-05 09:40:42,https://queue-times.com/parks/17/queue_times.json
2026-10-05T16:45:35.396Z,2026-10-05 09:45:35,2026-10-05,America/Los_Angeles,dca,Disney California Adventure,Paradise Gardens Park,316,The Little Mermaid - Ariel's Undersea Adventure,FALSE,0,2026-10-05T16:40:42.000Z,2026-10-05 09:40:42,https://queue-times.com/parks/17/queue_times.json
2026-10-05T16:45:35.396Z,2026-10-05 09:45:35,2026-10-05,America/Los_Angeles,dca,Disney California Adventure,Paradise Gardens Park,11528,World of Color – ONE,TRUE,0,2026-10-05T16:40:42.000Z,2026-10-05 09:40:42,https://queue-times.com/parks/17/queue_times.json
2026-10-05T16:45:35.396Z,2026-10-05 09:45:35,2026-10-05,America/Los_Angeles,dca,Disney California Adventure,Pixar Pier,866,Games of Pixar Pier,TRUE,5,2026-10-05T16:40:42.000Z,2026-10-05 09:40:42,https://queue-times.com/parks/17/queue_times.json
2026-10-05T16:45:35.396Z,2026-10-05 09:45:35,2026-10-05,America/Los_Angeles,dca,Disney California Adventure,Pixar Pier,322,Incredicoaster,TRUE,25,2026-10-05T16:40:42.000Z,2026-10-05 09:40:42,https://queue-times.com/parks/17/queue_times.json
2026-10-05T16:45:35.396Z,2026-10-05 09:45:35,2026-10-05,America/Los_Angeles,dca,Disney California Adventure,Pixar Pier,10906,Incredicoaster Single Rider,TRUE,0,2026-10-05T16:40:42.000Z,2026-10-05 09:40:42,https://queue-times.com/parks/17/queue_times.json
2026-10-05T16:45:35.396Z,2026-10-05 09:45:35,2026-10-05,America/Los_Angeles,dca,Disney California Adventure,Pixar Pier,6643,Inside Out Emotional Whirlwind,TRUE,15,2026-10-05T16:40:42.000Z,2026-10-05 09:40:42,https://queue-times.com/parks/17/queue_times.json
2026-10-05T16:45:35.396Z,2026-10-05 09:45:35,2026-10-05,America/Los_Angeles,dca,Disney California Adventure,Pixar Pier,310,Jessie's Critter Carousel,TRUE,5,2026-10-05T16:40:42.000Z,2026-10-05 09:40:42,https://queue-times.com/parks/17/queue_times.json
2026-10-05T16:45:35.396Z,2026-10-05 09:45:35,2026-10-05,America/Los_Angeles,dca,Disney California Adventure,Pixar Pier,300,Jumpin' Jellyfish,TRUE,5,2026-10-05T16:40:42.000Z,2026-10-05 09:40:42,https://queue-times.com/parks/17/queue_times.json
2026-10-05T16:45:35.396Z,2026-10-05 09:45:35,2026-10-05,America/Los_Angeles,dca,Disney California Adventure,Pixar Pier,311,Pixar Pal-A-Round - Swinging,TRUE,5,2026-10-05T16:40:42.000Z,2026-10-05 09:40:42,https://queue-times.com/parks/17/queue_times.json
2026-10-05T16:45:35.396Z,2026-10-05 09:45:35,2026-10-05,America/Los_Angeles,dca,Disney California Adventure,Pixar Pier,5557,Pixar Pal-A-Round – Non-Swinging,TRUE,10,2026-10-05T16:40:42.000Z,2026-10-05 09:40:42,https://queue-times.com/parks/17/queue_times.json
2026-10-05T16:45:35.396Z,2026-10-05 09:45:35,2026-10-05,America/Los_Angeles,dca,Disney California Adventure,Pixar Pier,313,Toy Story Midway Mania!,TRUE,40,2026-10-05T16:40:42.000Z,2026-10-05 09:40:42,https://queue-times.com/parks/17/queue_times.json
2026-10-05T16:45:35.396Z,2026-10-05 09:45:35,2026-10-05,America/Los_Angeles,dca,Disney California Adventure,Halloween,5146,Guardians of the Galaxy - Monsters After Dark,FALSE,0,2026-10-05T16:40:42.000Z,2026-10-05 09:40:42,https://queue-times.com/parks/17/queue_times.json
2026-10-05T16:45:35.396Z,2026-10-05 09:45:35,2026-10-05,America/Los_Angeles,dca,Disney California Adventure,Halloween,4723,Mater's Graveyard JamBOOree,TRUE,30,2026-10-05T16:40:42.000Z,2026-10-05 09:40:42,https://queue-times.com/parks/17/queue_times.json
2026-10-05T16:45:35.396Z,2026-10-05 09:45:35,2026-10-05,America/Los_Angeles,dca,Disney California Adventure,Halloween,7292,Villains Grove at Oogie Boogie Bash,FALSE,0,2026-10-05T16:40:42.000Z,2026-10-05 09:40:42,https://queue-times.com/parks/17/queue_times.json
2026-10-05T17:00:36.437Z,2026-10-05 10:00:36,2026-10-05,America/Los_Angeles,disneyland,Disneyland,Adventureland,12428,Adventureland Treehouse inspired by Walt Disney’s Swiss Family Robinson,TRUE,0,2026-10-05T16:56:03.000Z,2026-10-05 09:56:03,https://queue-times.com/parks/16/queue_times.json
2026-10-05T17:00:36.437Z,2026-10-05 10:00:36,2026-10-05,America/Los_Angeles,disneyland,Disneyland,Adventureland,326,Indiana Jones™ Adventure,FALSE,0,2026-10-05T16:56:03.000Z,2026-10-05 09:56:03,https://queue-times.com/parks/16/queue_times.json
2026-10-05T17:00:36.437Z,2026-10-05 10:00:36,2026-10-05,America/Los_Angeles,disneyland,Disneyland,Adventureland,296,Jungle Cruise,TRUE,10,2026-10-05T16:56:03.000Z,2026-10-05 09:56:03,https://queue-times.com/parks/16/queue_times.json
2026-10-05T17:00:36.437Z,2026-10-05 10:00:36,2026-10-05,America/Los_Angeles,disneyland,Disneyland,Adventureland,288,Walt Disney's Enchanted Tiki Room,TRUE,0,2026-10-05T16:56:03.000Z,2026-10-05 09:56:03,https://queue-times.com/parks/16/queue_times.json
2026-10-05T17:00:36.437Z,2026-10-05 10:00:36,2026-10-05,America/Los_Angeles,disneyland,Disneyland,Bayou Country,304,Davy Crockett's Explorer Canoes,FALSE,0,2026-10-05T16:56:03.000Z,2026-10-05 09:56:03,https://queue-times.com/parks/16/queue_times.json
2026-10-05T17:00:36.437Z,2026-10-05 10:00:36,2026-10-05,America/Los_Angeles,disneyland,Disneyland,Bayou Country,306,The Many Adventures of Winnie the Pooh,TRUE,5,2026-10-05T16:56:03.000Z,2026-10-05 09:56:03,https://queue-times.com/parks/16/queue_times.json
2026-10-05T17:00:36.437Z,2026-10-05 10:00:36,2026-10-05,America/Los_Angeles,disneyland,Disneyland,Bayou Country,14168,Tiana's Bayou Adventure,TRUE,35,2026-10-05T16:56:03.000Z,2026-10-05 09:56:03,https://queue-times.com/parks/16/queue_times.json
2026-10-05T17:00:36.437Z,2026-10-05 10:00:36,2026-10-05,America/Los_Angeles,disneyland,Disneyland,Bayou Country,14326,Tiana's Bayou Adventure Single Rider,TRUE,0,2026-10-05T16:56:03.000Z,2026-10-05 09:56:03,https://queue-times.com/parks/16/queue_times.json
2026-10-05T17:00:36.437Z,2026-10-05 10:00:36,2026-10-05,America/Los_Angeles,disneyland,Disneyland,Fantasyland,307,"""it's a small world""",TRUE,5,2026-10-05T16:56:03.000Z,2026-10-05 09:56:03,https://queue-times.com/parks/16/queue_times.json
2026-10-05T17:00:36.437Z,2026-10-05 10:00:36,2026-10-05,America/Los_Angeles,disneyland,Disneyland,Fantasyland,285,Alice in Wonderland,TRUE,20,2026-10-05T16:56:03.000Z,2026-10-05 09:56:03,https://queue-times.com/parks/16/queue_times.json
2026-10-05T17:00:36.437Z,2026-10-05 10:00:36,2026-10-05,America/Los_Angeles,disneyland,Disneyland,Fantasyland,16254,Bluey’s Best Day Ever! at Fantasyland Theatre,TRUE,0,2026-10-05T16:56:03.000Z,2026-10-05 09:56:03,https://queue-times.com/parks/16/queue_times.json
2026-10-05T17:00:36.437Z,2026-10-05 10:00:36,2026-10-05,America/Los_Angeles,disneyland,Disneyland,Fantasyland,303,Casey Jr. Circus Train,TRUE,10,2026-10-05T16:56:03.000Z,2026-10-05 09:56:03,https://queue-times.com/parks/16/queue_times.json
2026-10-05T17:00:36.437Z,2026-10-05 10:00:36,2026-10-05,America/Los_Angeles,disneyland,Disneyland,Fantasyland,275,Dumbo the Flying Elephant,TRUE,30,2026-10-05T16:56:03.000Z,2026-10-05 09:56:03,https://queue-times.com/parks/16/queue_times.json
2026-10-05T17:00:36.437Z,2026-10-05 10:00:36,2026-10-05,America/Los_Angeles,disneyland,Disneyland,Fantasyland,277,King Arthur Carrousel,TRUE,5,2026-10-05T16:56:03.000Z,2026-10-05 09:56:03,https://queue-times.com/parks/16/queue_times.json
2026-10-05T17:00:36.437Z,2026-10-05 10:00:36,2026-10-05,America/Los_Angeles,disneyland,Disneyland,Fantasyland,278,Mad Tea Party,FALSE,0,2026-10-05T16:56:03.000Z,2026-10-05 09:56:03,https://queue-times.com/parks/16/queue_times.json
2026-10-05T17:00:36.437Z,2026-10-05 10:00:36,2026-10-05,America/Los_Angeles,disneyland,Disneyland,Fantasyland,279,Matterhorn Bobsleds,TRUE,25,2026-10-05T16:56:03.000Z,2026-10-05 09:56:03,https://queue-times.com/parks/16/queue_times.json
2026-10-05T17:00:36.437Z,2026-10-05 10:00:36,2026-10-05,America/Los_Angeles,disneyland,Disneyland,Fantasyland,6711,Meet Disney Princesses at Royal Hall,FALSE,0,2026-10-05T16:56:03.000Z,2026-10-05 09:56:03,https://queue-times.com/parks/16/queue_times.json
2026-10-05T17:00:36.437Z,2026-10-05 10:00:36,2026-10-05,America/Los_Angeles,disneyland,Disneyland,Fantasyland,280,Mr. Toad's Wild Ride,TRUE,20,2026-10-05T16:56:03.000Z,2026-10-05 09:56:03,https://queue-times.com/parks/16/queue_times.json
2026-10-05T17:00:36.437Z,2026-10-05 10:00:36,2026-10-05,America/Los_Angeles,disneyland,Disneyland,Fantasyland,281,Peter Pan's Flight,TRUE,30,2026-10-05T16:56:03.000Z,2026-10-05 09:56:03,https://queue-times.com/parks/16/queue_times.json
2026-10-05T17:00:36.437Z,2026-10-05 10:00:36,2026-10-05,America/Los_Angeles,disneyland,Disneyland,Fantasyland,282,Pinocchio's Daring Journey,TRUE,10,2026-10-05T16:56:03.000Z,2026-10-05 09:56:03,https://queue-times.com/parks/16/queue_times.json
2026-10-05T17:00:36.437Z,2026-10-05 10:00:36,2026-10-05,America/Los_Angeles,disneyland,Disneyland,Fantasyland,687,Sleeping Beauty Castle Walkthrough,FALSE,0,2026-10-05T16:56:03.000Z,2026-10-05 09:56:03,https://queue-times.com/parks/16/queue_times.json
2026-10-05T17:00:36.437Z,2026-10-05 10:00:36,2026-10-05,America/Los_Angeles,disneyland,Disneyland,Fantasyland,283,Snow White's Enchanted Wish,TRUE,10,2026-10-05T16:56:03.000Z,2026-10-05 09:56:03,https://queue-times.com/parks/16/queue_times.json
2026-10-05T17:00:36.437Z,2026-10-05 10:00:36,2026-10-05,America/Los_Angeles,disneyland,Disneyland,Fantasyland,305,Storybook Land Canal Boats,TRUE,15,2026-10-05T16:56:03.000Z,2026-10-05 09:56:03,https://queue-times.com/parks/16/queue_times.json
2026-10-05T17:00:36.437Z,2026-10-05 10:00:36,2026-10-05,America/Los_Angeles,disneyland,Disneyland,Frontierland,323,Big Thunder Mountain Railroad,TRUE,20,2026-10-05T16:56:03.000Z,2026-10-05 09:56:03,https://queue-times.com/parks/16/queue_times.json
2026-10-05T17:00:36.437Z,2026-10-05 10:00:36,2026-10-05,America/Los_Angeles,disneyland,Disneyland,Frontierland,679,Frontierland Shootin' Exposition,TRUE,0,2026-10-05T16:56:03.000Z,2026-10-05 09:56:03,https://queue-times.com/parks/16/queue_times.json
2026-10-05T17:00:36.437Z,2026-10-05 10:00:36,2026-10-05,America/Los_Angeles,disneyland,Disneyland,Frontierland,456,Mark Twain Riverboat,TRUE,10,2026-10-05T16:56:03.000Z,2026-10-05 09:56:03,https://queue-times.com/parks/16/queue_times.json
2026-10-05T17:00:36.437Z,2026-10-05 10:00:36,2026-10-05,America/Los_Angeles,disneyland,Disneyland,Frontierland,331,Pirate's Lair on Tom Sawyer Island,TRUE,5,2026-10-05T16:56:03.000Z,2026-10-05 09:56:03,https://queue-times.com/parks/16/queue_times.json
2026-10-05T17:00:36.437Z,2026-10-05 10:00:36,2026-10-05,America/Los_Angeles,disneyland,Disneyland,Frontierland,328,Sailing Ship Columbia,FALSE,0,2026-10-05T16:56:03.000Z,2026-10-05 09:56:03,https://queue-times.com/parks/16/queue_times.json
2026-10-05T17:00:36.437Z,2026-10-05 10:00:36,2026-10-05,America/Los_Angeles,disneyland,Disneyland,Main Street U.S.A,674,Disneyland Railroad,TRUE,5,2026-10-05T16:56:03.000Z,2026-10-05 09:56:03,https://queue-times.com/parks/16/queue_times.json
2026-10-05T17:00:36.437Z,2026-10-05 10:00:36,2026-10-05,America/Los_Angeles,disneyland,Disneyland,Main Street U.S.A,690,Great Moments with Mr. Lincoln,TRUE,0,2026-10-05T16:56:03.000Z,2026-10-05 09:56:03,https://queue-times.com/parks/16/queue_times.json
2026-10-05T17:00:36.437Z,2026-10-05 10:00:36,2026-10-05,America/Los_Angeles,disneyland,Disneyland,Main Street U.S.A,686,Main Street Cinema,TRUE,0,2026-10-05T16:56:03.000Z,2026-10-05 09:56:03,https://queue-times.com/parks/16/queue_times.json
2026-10-05T17:00:36.437Z,2026-10-05 10:00:36,2026-10-05,America/Los_Angeles,disneyland,Disneyland,Main Street U.S.A,691,Main Street Vehicles,TRUE,0,2026-10-05T16:56:03.000Z,2026-10-05 09:56:03,https://queue-times.com/parks/16/queue_times.json
2026-10-05T17:00:36.437Z,2026-10-05 10:00:36,2026-10-05,America/Los_Angeles,disneyland,Disneyland,Main Street U.S.A,14915,Opera House - Walt Disney - A Magical Life,TRUE,0,2026-10-05T16:56:03.000Z,2026-10-05 09:56:03,https://queue-times.com/parks/16/queue_times.json
2026-10-05T17:00:36.437Z,2026-10-05 10:00:36,2026-10-05,America/Los_Angeles,disneyland,Disneyland,Main Street U.S.A,695,The Disney Gallery,TRUE,0,2026-10-05T16:56:03.000Z,2026-10-05 09:56:03,https://queue-times.com/parks/16/queue_times.json
2026-10-05T17:00:36.437Z,2026-10-05 10:00:36,2026-10-05,America/Los_Angeles,disneyland,Disneyland,Main Street U.S.A,14923,Walt Disney - A Magical Life,FALSE,0,2026-10-05T16:56:03.000Z,2026-10-05 09:56:03,https://queue-times.com/parks/16/queue_times.json
2026-10-05T17:00:36.437Z,2026-10-05 10:00:36,2026-10-05,America/Los_Angeles,disneyland,Disneyland,Mickey's Toontown,324,Chip 'n' Dale's GADGETcoaster,TRUE,20,2026-10-05T16:56:03.000Z,2026-10-05 09:56:03,https://queue-times.com/parks/16/queue_times.json
2026-10-05T17:00:36.437Z,2026-10-05 10:00:36,2026-10-05,America/Los_Angeles,disneyland,Disneyland,Mickey's Toontown,13814,Donald's Duck Pond,TRUE,0,2026-10-05T16:56:03.000Z,2026-10-05 09:56:03,https://queue-times.com/parks/16/queue_times.json
2026-10-05T17:00:36.437Z,2026-10-05 10:00:36,2026-10-05,America/Los_Angeles,disneyland,Disneyland,Mickey's Toontown,11980,Goofy's How-to-Play Yard,TRUE,0,2026-10-05T16:56:03.000Z,2026-10-05 09:56:03,https://queue-times.com/parks/16/queue_times.json
2026-10-05T17:00:36.437Z,2026-10-05 10:00:36,2026-10-05,America/Los_Angeles,disneyland,Disneyland,Mickey's Toontown,11526,Mickey & Minnie's Runaway Railway,TRUE,45,2026-10-05T16:56:03.000Z,2026-10-05 09:56:03,https://queue-times.com/parks/16/queue_times.json
2026-10-05T17:00:36.437Z,2026-10-05 10:00:36,2026-10-05,America/Los_Angeles,disneyland,Disneyland,Mickey's Toontown,709,Mickey's House and Meet Mickey Mouse,TRUE,20,2026-10-05T16:56:03.000Z,2026-10-05 09:56:03,https://queue-times.com/parks/16/queue_times.json
2026-10-05T17:00:36.437Z,2026-10-05 10:00:36,2026-10-05,America/Los_Angeles,disneyland,Disneyland,Mickey's Toontown,684,Minnie's House,TRUE,0,2026-10-05T16:56:03.000Z,2026-10-05 09:56:03,https://queue-times.com/parks/16/queue_times.json
2026-10-05T17:00:36.437Z,2026-10-05 10:00:36,2026-10-05,America/Los_Angeles,disneyland,Disneyland,Mickey's Toontown,332,Roger Rabbit's Car Toon Spin,TRUE,35,2026-10-05T16:56:03.000Z,2026-10-05 09:56:03,https://queue-times.com/parks/16/queue_times.json
2026-10-05T17:00:36.437Z,2026-10-05 10:00:36,2026-10-05,America/Los_Angeles,disneyland,Disneyland,New Orleans Square,325,Haunted Mansion Holiday,TRUE,35,2026-10-05T16:56:03.000Z,2026-10-05 09:56:03,https://queue-times.com/parks/16/queue_times.json
2026-10-05T17:00:36.437Z,2026-10-05 10:00:36,2026-10-05,America/Los_Angeles,disneyland,Disneyland,New Orleans Square,289,Pirates of the Caribbean,TRUE,25,2026-10-05T16:56:03.000Z,2026-10-05 09:56:03,https://queue-times.com/parks/16/queue_times.json
2026-10-05T17:00:36.437Z,2026-10-05 10:00:36,2026-10-05,America/Los_Angeles,disneyland,Disneyland,Star Wars: Galaxy's Edge,6339,Millennium Falcon: Smugglers Run,TRUE,25,2026-10-05T16:56:03.000Z,2026-10-05 09:56:03,https://queue-times.com/parks/16/queue_times.json
2026-10-05T17:00:36.437Z,2026-10-05 10:00:36,2026-10-05,America/Los_Angeles,disneyland,Disneyland,Star Wars: Galaxy's Edge,10903,Millennium Falcon: Smugglers Run Single Rider,TRUE,0,2026-10-05T16:56:03.000Z,2026-10-05 09:56:03,https://queue-times.com/parks/16/queue_times.json
2026-10-05T17:00:36.437Z,2026-10-05 10:00:36,2026-10-05,America/Los_Angeles,disneyland,Disneyland,Star Wars: Galaxy's Edge,6340,Star Wars: Rise of the Resistance,TRUE,40,2026-10-05T16:56:03.000Z,2026-10-05 09:56:03,https://queue-times.com/parks/16/queue_times.json
2026-10-05T17:00:36.437Z,2026-10-05 10:00:36,2026-10-05,America/Los_Angeles,disneyland,Disneyland,Tomorrowland,287,Astro Orbitor,TRUE,25,2026-10-05T16:56:03.000Z,2026-10-05 09:56:03,https://queue-times.com/parks/16/queue_times.json
2026-10-05T17:00:36.437Z,2026-10-05 10:00:36,2026-10-05,America/Los_Angeles,disneyland,Disneyland,Tomorrowland,317,Autopia,TRUE,10,2026-10-05T16:56:03.000Z,2026-10-05 09:56:03,https://queue-times.com/parks/16/queue_times.json
2026-10-05T17:00:36.437Z,2026-10-05 10:00:36,2026-10-05,America/Los_Angeles,disneyland,Disneyland,Tomorrowland,273,Buzz Lightyear Astro Blasters,TRUE,10,2026-10-05T16:56:03.000Z,2026-10-05 09:56:03,https://queue-times.com/parks/16/queue_times.json
2026-10-05T17:00:36.437Z,2026-10-05 10:00:36,2026-10-05,America/Los_Angeles,disneyland,Disneyland,Tomorrowland,274,Disneyland Monorail,FALSE,0,2026-10-05T16:56:03.000Z,2026-10-05 09:56:03,https://queue-times.com/parks/16/queue_times.json
2026-10-05T17:00:36.437Z,2026-10-05 10:00:36,2026-10-05,America/Los_Angeles,disneyland,Disneyland,Tomorrowland,276,Finding Nemo Submarine Voyage,TRUE,15,2026-10-05T16:56:03.000Z,2026-10-05 09:56:03,https://queue-times.com/parks/16/queue_times.json
2026-10-05T17:00:36.437Z,2026-10-05 10:00:36,2026-10-05,America/Los_Angeles,disneyland,Disneyland,Tomorrowland,16627,Pixar Short Film Spotlight,FALSE,0,2026-10-05T16:56:03.000Z,2026-10-05 09:56:03,https://queue-times.com/parks/16/queue_times.json
2026-10-05T17:00:36.437Z,2026-10-05 10:00:36,2026-10-05,America/Los_Angeles,disneyland,Disneyland,Tomorrowland,284,Space Mountain,TRUE,15,2026-10-05T16:56:03.000Z,2026-10-05 09:56:03,https://queue-times.com/parks/16/queue_times.json
2026-10-05T17:00:36.437Z,2026-10-05 10:00:36,2026-10-05,America/Los_Angeles,disneyland,Disneyland,Tomorrowland,286,Star Tours - The Adventures Continue,TRUE,10,2026-10-05T16:56:03.000Z,2026-10-05 09:56:03,https://queue-times.com/parks/16/queue_times.json
2026-10-05T17:00:36.437Z,2026-10-05 10:00:36,2026-10-05,America/Los_Angeles,dca,Disney California Adventure,Avengers Campus,329,Guardians of the Galaxy - Mission: BREAKOUT!,TRUE,60,2026-10-05T16:56:05.000Z,2026-10-05 09:56:05,https://queue-times.com/parks/17/queue_times.json
2026-10-05T17:00:36.437Z,2026-10-05 10:00:36,2026-10-05,America/Los_Angeles,dca,Disney California Adventure,Avengers Campus,8843,WEB SLINGERS: A Spider-Man Adventure,TRUE,45,2026-10-05T16:56:05.000Z,2026-10-05 09:56:05,https://queue-times.com/parks/17/queue_times.json
2026-10-05T17:00:36.437Z,2026-10-05 10:00:36,2026-10-05,America/Los_Angeles,dca,Disney California Adventure,Avengers Campus,10907,WEB SLINGERS: A Spider-Man Adventure Single Rider,TRUE,0,2026-10-05T16:56:05.000Z,2026-10-05 09:56:05,https://queue-times.com/parks/17/queue_times.json
2026-10-05T17:00:36.437Z,2026-10-05 10:00:36,2026-10-05,America/Los_Angeles,dca,Disney California Adventure,Cars Land,2608,Luigi's Honkin' Haul-O-Ween,TRUE,35,2026-10-05T16:56:05.000Z,2026-10-05 09:56:05,https://queue-times.com/parks/17/queue_times.json
2026-10-05T17:00:36.437Z,2026-10-05 10:00:36,2026-10-05,America/Los_Angeles,dca,Disney California Adventure,Cars Land,295,Radiator Springs Racers,FALSE,0,2026-10-05T16:56:05.000Z,2026-10-05 09:56:05,https://queue-times.com/parks/17/queue_times.json
2026-10-05T17:00:36.437Z,2026-10-05 10:00:36,2026-10-05,America/Los_Angeles,dca,Disney California Adventure,Cars Land,10904,Radiator Springs Racers Single Rider,FALSE,0,2026-10-05T16:56:05.000Z,2026-10-05 09:56:05,https://queue-times.com/parks/17/queue_times.json
2026-10-05T17:00:36.437Z,2026-10-05 10:00:36,2026-10-05,America/Los_Angeles,dca,Disney California Adventure,Grizzly Peak,302,Grizzly River Run,TRUE,35,2026-10-05T16:56:05.000Z,2026-10-05 09:56:05,https://queue-times.com/parks/17/queue_times.json
2026-10-05T17:00:36.437Z,2026-10-05 10:00:36,2026-10-05,America/Los_Angeles,dca,Disney California Adventure,Grizzly Peak,293,Redwood Creek Challenge Trail,FALSE,0,2026-10-05T16:56:05.000Z,2026-10-05 09:56:05,https://queue-times.com/parks/17/queue_times.json
2026-10-05T17:00:36.437Z,2026-10-05 10:00:36,2026-10-05,America/Los_Angeles,dca,Disney California Adventure,Grizzly Peak,17129,Soarin’ Across America,TRUE,75,2026-10-05T16:56:05.000Z,2026-10-05 09:56:05,https://queue-times.com/parks/17/queue_times.json
2026-10-05T17:00:36.437Z,2026-10-05 10:00:36,2026-10-05,America/Los_Angeles,dca,Disney California Adventure,Hollywood Land,321,Animation Academy,TRUE,0,2026-10-05T16:56:05.000Z,2026-10-05 09:56:05,https://queue-times.com/parks/17/queue_times.json
2026-10-05T17:00:36.437Z,2026-10-05 10:00:36,2026-10-05,America/Los_Angeles,dca,Disney California Adventure,Hollywood Land,6440,Mickey's PhilharMagic,TRUE,10,2026-10-05T16:56:05.000Z,2026-10-05 09:56:05,https://queue-times.com/parks/17/queue_times.json
2026-10-05T17:00:36.437Z,2026-10-05 10:00:36,2026-10-05,America/Los_Angeles,dca,Disney California Adventure,Hollywood Land,291,"Monsters, Inc. Mike & Sulley to the Rescue!",TRUE,60,2026-10-05T16:56:05.000Z,2026-10-05 09:56:05,https://queue-times.com/parks/17/queue_times.json
2026-10-05T17:00:36.437Z,2026-10-05 10:00:36,2026-10-05,America/Los_Angeles,dca,Disney California Adventure,Hollywood Land,868,Sorcerer's Workshop,TRUE,0,2026-10-05T16:56:05.000Z,2026-10-05 09:56:05,https://queue-times.com/parks/17/queue_times.json
2026-10-05T17:00:36.437Z,2026-10-05 10:00:36,2026-10-05,America/Los_Angeles,dca,Disney California Adventure,Hollywood Land,294,Turtle Talk with Crush,TRUE,0,2026-10-05T16:56:05.000Z,2026-10-05 09:56:05,https://queue-times.com/parks/17/queue_times.json
2026-10-05T17:00:36.437Z,2026-10-05 10:00:36,2026-10-05,America/Los_Angeles,dca,Disney California Adventure,Pacific Wharf,869,The Bakery Tour,TRUE,0,2026-10-05T16:56:05.000Z,2026-10-05 09:56:05,https://queue-times.com/parks/17/queue_times.json
2026-10-05T17:00:36.437Z,2026-10-05 10:00:36,2026-10-05,America/Los_Angeles,dca,Disney California Adventure,Paradise Gardens Park,298,Golden Zephyr,TRUE,5,2026-10-05T16:56:05.000Z,2026-10-05 09:56:05,https://queue-times.com/parks/17/queue_times.json
2026-10-05T17:00:36.437Z,2026-10-05 10:00:36,2026-10-05,America/Los_Angeles,dca,Disney California Adventure,Paradise Gardens Park,319,Goofy's Sky School,FALSE,0,2026-10-05T16:56:05.000Z,2026-10-05 09:56:05,https://queue-times.com/parks/17/queue_times.json
2026-10-05T17:00:36.437Z,2026-10-05 10:00:36,2026-10-05,America/Los_Angeles,dca,Disney California Adventure,Paradise Gardens Park,301,Silly Symphony Swings,TRUE,5,2026-10-05T16:56:05.000Z,2026-10-05 09:56:05,https://queue-times.com/parks/17/queue_times.json
2026-10-05T17:00:36.437Z,2026-10-05 10:00:36,2026-10-05,America/Los_Angeles,dca,Disney California Adventure,Paradise Gardens Park,10905,Silly Symphony Swings Single Rider,TRUE,0,2026-10-05T16:56:05.000Z,2026-10-05 09:56:05,https://queue-times.com/parks/17/queue_times.json
2026-10-05T17:00:36.437Z,2026-10-05 10:00:36,2026-10-05,America/Los_Angeles,dca,Disney California Adventure,Paradise Gardens Park,316,The Little Mermaid - Ariel's Undersea Adventure,FALSE,0,2026-10-05T16:56:05.000Z,2026-10-05 09:56:05,https://queue-times.com/parks/17/queue_times.json
2026-10-05T17:00:36.437Z,2026-10-05 10:00:36,2026-10-05,America/Los_Angeles,dca,Disney California Adventure,Paradise Gardens Park,11528,World of Color – ONE,TRUE,0,2026-10-05T16:56:05.000Z,2026-10-05 09:56:05,https://queue-times.com/parks/17/queue_times.json
2026-10-05T17:00:36.437Z,2026-10-05 10:00:36,2026-10-05,America/Los_Angeles,dca,Disney California Adventure,Pixar Pier,866,Games of Pixar Pier,TRUE,5,2026-10-05T16:56:05.000Z,2026-10-05 09:56:05,https://queue-times.com/parks/17/queue_times.json
2026-10-05T17:00:36.437Z,2026-10-05 10:00:36,2026-10-05,America/Los_Angeles,dca,Disney California Adventure,Pixar Pier,322,Incredicoaster,TRUE,25,2026-10-05T16:56:05.000Z,2026-10-05 09:56:05,https://queue-times.com/parks/17/queue_times.json
2026-10-05T17:00:36.437Z,2026-10-05 10:00:36,2026-10-05,America/Los_Angeles,dca,Disney California Adventure,Pixar Pier,10906,Incredicoaster Single Rider,TRUE,0,2026-10-05T16:56:05.000Z,2026-10-05 09:56:05,https://queue-times.com/parks/17/queue_times.json
2026-10-05T17:00:36.437Z,2026-10-05 10:00:36,2026-10-05,America/Los_Angeles,dca,Disney California Adventure,Pixar Pier,6643,Inside Out Emotional Whirlwind,TRUE,15,2026-10-05T16:56:05.000Z,2026-10-05 09:56:05,https://queue-times.com/parks/17/queue_times.json
2026-10-05T17:00:36.437Z,2026-10-05 10:00:36,2026-10-05,America/Los_Angeles,dca,Disney California Adventure,Pixar Pier,310,Jessie's Critter Carousel,TRUE,5,2026-10-05T16:56:05.000Z,2026-10-05 09:56:05,https://queue-times.com/parks/17/queue_times.json
2026-10-05T17:00:36.437Z,2026-10-05 10:00:36,2026-10-05,America/Los_Angeles,dca,Disney California Adventure,Pixar Pier,300,Jumpin' Jellyfish,TRUE,5,2026-10-05T16:56:05.000Z,2026-10-05 09:56:05,https://queue-times.com/parks/17/queue_times.json
2026-10-05T17:00:36.437Z,2026-10-05 10:00:36,2026-10-05,America/Los_Angeles,dca,Disney California Adventure,Pixar Pier,311,Pixar Pal-A-Round - Swinging,FALSE,0,2026-10-05T16:56:05.000Z,2026-10-05 09:56:05,https://queue-times.com/parks/17/queue_times.json
2026-10-05T17:00:36.437Z,2026-10-05 10:00:36,2026-10-05,America/Los_Angeles,dca,Disney California Adventure,Pixar Pier,5557,Pixar Pal-A-Round – Non-Swinging,FALSE,0,2026-10-05T16:56:05.000Z,2026-10-05 09:56:05,https://queue-times.com/parks/17/queue_times.json
2026-10-05T17:00:36.437Z,2026-10-05 10:00:36,2026-10-05,America/Los_Angeles,dca,Disney California Adventure,Pixar Pier,313,Toy Story Midway Mania!,TRUE,40,2026-10-05T16:56:05.000Z,2026-10-05 09:56:05,https://queue-times.com/parks/17/queue_times.json
2026-10-05T17:00:36.437Z,2026-10-05 10:00:36,2026-10-05,America/Los_Angeles,dca,Disney California Adventure,Halloween,5146,Guardians of the Galaxy - Monsters After Dark,FALSE,0,2026-10-05T16:56:05.000Z,2026-10-05 09:56:05,https://queue-times.com/parks/17/queue_times.json
2026-10-05T17:00:36.437Z,2026-10-05 10:00:36,2026-10-05,America/Los_Angeles,dca,Disney California Adventure,Halloween,4723,Mater's Graveyard JamBOOree,TRUE,30,2026-10-05T16:56:05.000Z,2026-10-05 09:56:05,https://queue-times.com/parks/17/queue_times.json
2026-10-05T17:00:36.437Z,2026-10-05 10:00:36,2026-10-05,America/Los_Angeles,dca,Disney California Adventure,Halloween,7292,Villains Grove at Oogie Boogie Bash,FALSE,0,2026-10-05T16:56:05.000Z,2026-10-05 09:56:05,https://queue-times.com/parks/17/queue_times.json
2026-10-05T17:15:40.109Z,2026-10-05 10:15:40,2026-10-05,America/Los_Angeles,disneyland,Disneyland,Adventureland,12428,Adventureland Treehouse inspired by Walt Disney’s Swiss Family Robinson,TRUE,0,2026-10-05T17:10:32.000Z,2026-10-05 10:10:32,https://queue-times.com/parks/16/queue_times.json
2026-10-05T17:15:40.109Z,2026-10-05 10:15:40,2026-10-05,America/Los_Angeles,disneyland,Disneyland,Adventureland,326,Indiana Jones™ Adventure,FALSE,0,2026-10-05T17:10:32.000Z,2026-10-05 10:10:32,https://queue-times.com/parks/16/queue_times.json
2026-10-05T17:15:40.109Z,2026-10-05 10:15:40,2026-10-05,America/Los_Angeles,disneyland,Disneyland,Adventureland,296,Jungle Cruise,TRUE,10,2026-10-05T17:10:32.000Z,2026-10-05 10:10:32,https://queue-times.com/parks/16/queue_times.json
2026-10-05T17:15:40.109Z,2026-10-05 10:15:40,2026-10-05,America/Los_Angeles,disneyland,Disneyland,Adventureland,288,Walt Disney's Enchanted Tiki Room,TRUE,0,2026-10-05T17:10:32.000Z,2026-10-05 10:10:32,https://queue-times.com/parks/16/queue_times.json
2026-10-05T17:15:40.109Z,2026-10-05 10:15:40,2026-10-05,America/Los_Angeles,disneyland,Disneyland,Bayou Country,304,Davy Crockett's Explorer Canoes,FALSE,0,2026-10-05T17:10:32.000Z,2026-10-05 10:10:32,https://queue-times.com/parks/16/queue_times.json
2026-10-05T17:15:40.109Z,2026-10-05 10:15:40,2026-10-05,America/Los_Angeles,disneyland,Disneyland,Bayou Country,306,The Many Adventures of Winnie the Pooh,TRUE,5,2026-10-05T17:10:32.000Z,2026-10-05 10:10:32,https://queue-times.com/parks/16/queue_times.json
2026-10-05T17:15:40.109Z,2026-10-05 10:15:40,2026-10-05,America/Los_Angeles,disneyland,Disneyland,Bayou Country,14168,Tiana's Bayou Adventure,TRUE,40,2026-10-05T17:10:32.000Z,2026-10-05 10:10:32,https://queue-times.com/parks/16/queue_times.json
2026-10-05T17:15:40.109Z,2026-10-05 10:15:40,2026-10-05,America/Los_Angeles,disneyland,Disneyland,Bayou Country,14326,Tiana's Bayou Adventure Single Rider,TRUE,0,2026-10-05T17:10:32.000Z,2026-10-05 10:10:32,https://queue-times.com/parks/16/queue_times.json
2026-10-05T17:15:40.109Z,2026-10-05 10:15:40,2026-10-05,America/Los_Angeles,disneyland,Disneyland,Fantasyland,307,"""it's a small world""",TRUE,10,2026-10-05T17:10:32.000Z,2026-10-05 10:10:32,https://queue-times.com/parks/16/queue_times.json
2026-10-05T17:15:40.109Z,2026-10-05 10:15:40,2026-10-05,America/Los_Angeles,disneyland,Disneyland,Fantasyland,285,Alice in Wonderland,TRUE,20,2026-10-05T17:10:32.000Z,2026-10-05 10:10:32,https://queue-times.com/parks/16/queue_times.json
2026-10-05T17:15:40.109Z,2026-10-05 10:15:40,2026-10-05,America/Los_Angeles,disneyland,Disneyland,Fantasyland,16254,Bluey’s Best Day Ever! at Fantasyland Theatre,TRUE,0,2026-10-05T17:10:32.000Z,2026-10-05 10:10:32,https://queue-times.com/parks/16/queue_times.json
2026-10-05T17:15:40.109Z,2026-10-05 10:15:40,2026-10-05,America/Los_Angeles,disneyland,Disneyland,Fantasyland,303,Casey Jr. Circus Train,TRUE,10,2026-10-05T17:10:32.000Z,2026-10-05 10:10:32,https://queue-times.com/parks/16/queue_times.json
2026-10-05T17:15:40.109Z,2026-10-05 10:15:40,2026-10-05,America/Los_Angeles,disneyland,Disneyland,Fantasyland,275,Dumbo the Flying Elephant,TRUE,30,2026-10-05T17:10:32.000Z,2026-10-05 10:10:32,https://queue-times.com/parks/16/queue_times.json
2026-10-05T17:15:40.109Z,2026-10-05 10:15:40,2026-10-05,America/Los_Angeles,disneyland,Disneyland,Fantasyland,277,King Arthur Carrousel,TRUE,5,2026-10-05T17:10:32.000Z,2026-10-05 10:10:32,https://queue-times.com/parks/16/queue_times.json
2026-10-05T17:15:40.109Z,2026-10-05 10:15:40,2026-10-05,America/Los_Angeles,disneyland,Disneyland,Fantasyland,278,Mad Tea Party,FALSE,0,2026-10-05T17:10:32.000Z,2026-10-05 10:10:32,https://queue-times.com/parks/16/queue_times.json
2026-10-05T17:15:40.109Z,2026-10-05 10:15:40,2026-10-05,America/Los_Angeles,disneyland,Disneyland,Fantasyland,279,Matterhorn Bobsleds,TRUE,25,2026-10-05T17:10:32.000Z,2026-10-05 10:10:32,https://queue-times.com/parks/16/queue_times.json
2026-10-05T17:15:40.109Z,2026-10-05 10:15:40,2026-10-05,America/Los_Angeles,disneyland,Disneyland,Fantasyland,6711,Meet Disney Princesses at Royal Hall,TRUE,0,2026-10-05T17:10:32.000Z,2026-10-05 10:10:32,https://queue-times.com/parks/16/queue_times.json
2026-10-05T17:15:40.109Z,2026-10-05 10:15:40,2026-10-05,America/Los_Angeles,disneyland,Disneyland,Fantasyland,280,Mr. Toad's Wild Ride,TRUE,20,2026-10-05T17:10:32.000Z,2026-10-05 10:10:32,https://queue-times.com/parks/16/queue_times.json
2026-10-05T17:15:40.109Z,2026-10-05 10:15:40,2026-10-05,America/Los_Angeles,disneyland,Disneyland,Fantasyland,281,Peter Pan's Flight,TRUE,30,2026-10-05T17:10:32.000Z,2026-10-05 10:10:32,https://queue-times.com/parks/16/queue_times.json
2026-10-05T17:15:40.109Z,2026-10-05 10:15:40,2026-10-05,America/Los_Angeles,disneyland,Disneyland,Fantasyland,282,Pinocchio's Daring Journey,TRUE,10,2026-10-05T17:10:32.000Z,2026-10-05 10:10:32,https://queue-times.com/parks/16/queue_times.json
2026-10-05T17:15:40.109Z,2026-10-05 10:15:40,2026-10-05,America/Los_Angeles,disneyland,Disneyland,Fantasyland,687,Sleeping Beauty Castle Walkthrough,FALSE,0,2026-10-05T17:10:32.000Z,2026-10-05 10:10:32,https://queue-times.com/parks/16/queue_times.json
2026-10-05T17:15:40.109Z,2026-10-05 10:15:40,2026-10-05,America/Los_Angeles,disneyland,Disneyland,Fantasyland,283,Snow White's Enchanted Wish,TRUE,10,2026-10-05T17:10:32.000Z,2026-10-05 10:10:32,https://queue-times.com/parks/16/queue_times.json
2026-10-05T17:15:40.109Z,2026-10-05 10:15:40,2026-10-05,America/Los_Angeles,disneyland,Disneyland,Fantasyland,305,Storybook Land Canal Boats,TRUE,5,2026-10-05T17:10:32.000Z,2026-10-05 10:10:32,https://queue-times.com/parks/16/queue_times.json
2026-10-05T17:15:40.109Z,2026-10-05 10:15:40,2026-10-05,America/Los_Angeles,disneyland,Disneyland,Frontierland,323,Big Thunder Mountain Railroad,TRUE,10,2026-10-05T17:10:32.000Z,2026-10-05 10:10:32,https://queue-times.com/parks/16/queue_times.json
2026-10-05T17:15:40.109Z,2026-10-05 10:15:40,2026-10-05,America/Los_Angeles,disneyland,Disneyland,Frontierland,679,Frontierland Shootin' Exposition,TRUE,0,2026-10-05T17:10:32.000Z,2026-10-05 10:10:32,https://queue-times.com/parks/16/queue_times.json
2026-10-05T17:15:40.109Z,2026-10-05 10:15:40,2026-10-05,America/Los_Angeles,disneyland,Disneyland,Frontierland,456,Mark Twain Riverboat,TRUE,10,2026-10-05T17:10:32.000Z,2026-10-05 10:10:32,https://queue-times.com/parks/16/queue_times.json
2026-10-05T17:15:40.109Z,2026-10-05 10:15:40,2026-10-05,America/Los_Angeles,disneyland,Disneyland,Frontierland,331,Pirate's Lair on Tom Sawyer Island,TRUE,5,2026-10-05T17:10:32.000Z,2026-10-05 10:10:32,https://queue-times.com/parks/16/queue_times.json
2026-10-05T17:15:40.109Z,2026-10-05 10:15:40,2026-10-05,America/Los_Angeles,disneyland,Disneyland,Frontierland,328,Sailing Ship Columbia,FALSE,0,2026-10-05T17:10:32.000Z,2026-10-05 10:10:32,https://queue-times.com/parks/16/queue_times.json
2026-10-05T17:15:40.109Z,2026-10-05 10:15:40,2026-10-05,America/Los_Angeles,disneyland,Disneyland,Main Street U.S.A,674,Disneyland Railroad,TRUE,5,2026-10-05T17:10:32.000Z,2026-10-05 10:10:32,https://queue-times.com/parks/16/queue_times.json
2026-10-05T17:15:40.109Z,2026-10-05 10:15:40,2026-10-05,America/Los_Angeles,disneyland,Disneyland,Main Street U.S.A,690,Great Moments with Mr. Lincoln,TRUE,0,2026-10-05T17:10:32.000Z,2026-10-05 10:10:32,https://queue-times.com/parks/16/queue_times.json
2026-10-05T17:15:40.109Z,2026-10-05 10:15:40,2026-10-05,America/Los_Angeles,disneyland,Disneyland,Main Street U.S.A,686,Main Street Cinema,TRUE,0,2026-10-05T17:10:32.000Z,2026-10-05 10:10:32,https://queue-times.com/parks/16/queue_times.json
2026-10-05T17:15:40.109Z,2026-10-05 10:15:40,2026-10-05,America/Los_Angeles,disneyland,Disneyland,Main Street U.S.A,691,Main Street Vehicles,TRUE,0,2026-10-05T17:10:32.000Z,2026-10-05 10:10:32,https://queue-times.com/parks/16/queue_times.json
2026-10-05T17:15:40.109Z,2026-10-05 10:15:40,2026-10-05,America/Los_Angeles,disneyland,Disneyland,Main Street U.S.A,14915,Opera House - Walt Disney - A Magical Life,TRUE,0,2026-10-05T17:10:32.000Z,2026-10-05 10:10:32,https://queue-times.com/parks/16/queue_times.json
2026-10-05T17:15:40.109Z,2026-10-05 10:15:40,2026-10-05,America/Los_Angeles,disneyland,Disneyland,Main Street U.S.A,695,The Disney Gallery,TRUE,0,2026-10-05T17:10:32.000Z,2026-10-05 10:10:32,https://queue-times.com/parks/16/queue_times.json
2026-10-05T17:15:40.109Z,2026-10-05 10:15:40,2026-10-05,America/Los_Angeles,disneyland,Disneyland,Main Street U.S.A,14923,Walt Disney - A Magical Life,FALSE,0,2026-10-05T17:10:32.000Z,2026-10-05 10:10:32,https://queue-times.com/parks/16/queue_times.json
2026-10-05T17:15:40.109Z,2026-10-05 10:15:40,2026-10-05,America/Los_Angeles,disneyland,Disneyland,Mickey's Toontown,324,Chip 'n' Dale's GADGETcoaster,TRUE,20,2026-10-05T17:10:32.000Z,2026-10-05 10:10:32,https://queue-times.com/parks/16/queue_times.json
2026-10-05T17:15:40.109Z,2026-10-05 10:15:40,2026-10-05,America/Los_Angeles,disneyland,Disneyland,Mickey's Toontown,13814,Donald's Duck Pond,TRUE,0,2026-10-05T17:10:32.000Z,2026-10-05 10:10:32,https://queue-times.com/parks/16/queue_times.json
2026-10-05T17:15:40.109Z,2026-10-05 10:15:40,2026-10-05,America/Los_Angeles,disneyland,Disneyland,Mickey's Toontown,11980,Goofy's How-to-Play Yard,TRUE,0,2026-10-05T17:10:32.000Z,2026-10-05 10:10:32,https://queue-times.com/parks/16/queue_times.json
2026-10-05T17:15:40.109Z,2026-10-05 10:15:40,2026-10-05,America/Los_Angeles,disneyland,Disneyland,Mickey's Toontown,11526,Mickey & Minnie's Runaway Railway,TRUE,45,2026-10-05T17:10:32.000Z,2026-10-05 10:10:32,https://queue-times.com/parks/16/queue_times.json
2026-10-05T17:15:40.109Z,2026-10-05 10:15:40,2026-10-05,America/Los_Angeles,disneyland,Disneyland,Mickey's Toontown,709,Mickey's House and Meet Mickey Mouse,TRUE,20,2026-10-05T17:10:32.000Z,2026-10-05 10:10:32,https://queue-times.com/parks/16/queue_times.json
2026-10-05T17:15:40.109Z,2026-10-05 10:15:40,2026-10-05,America/Los_Angeles,disneyland,Disneyland,Mickey's Toontown,684,Minnie's House,TRUE,0,2026-10-05T17:10:32.000Z,2026-10-05 10:10:32,https://queue-times.com/parks/16/queue_times.json
2026-10-05T17:15:40.109Z,2026-10-05 10:15:40,2026-10-05,America/Los_Angeles,disneyland,Disneyland,Mickey's Toontown,332,Roger Rabbit's Car Toon Spin,TRUE,25,2026-10-05T17:10:32.000Z,2026-10-05 10:10:32,https://queue-times.com/parks/16/queue_times.json
2026-10-05T17:15:40.109Z,2026-10-05 10:15:40,2026-10-05,America/Los_Angeles,disneyland,Disneyland,New Orleans Square,325,Haunted Mansion Holiday,TRUE,25,2026-10-05T17:10:32.000Z,2026-10-05 10:10:32,https://queue-times.com/parks/16/queue_times.json
2026-10-05T17:15:40.109Z,2026-10-05 10:15:40,2026-10-05,America/Los_Angeles,disneyland,Disneyland,New Orleans Square,289,Pirates of the Caribbean,TRUE,30,2026-10-05T17:10:32.000Z,2026-10-05 10:10:32,https://queue-times.com/parks/16/queue_times.json
2026-10-05T17:15:40.109Z,2026-10-05 10:15:40,2026-10-05,America/Los_Angeles,disneyland,Disneyland,Star Wars: Galaxy's Edge,6339,Millennium Falcon: Smugglers Run,TRUE,25,2026-10-05T17:10:32.000Z,2026-10-05 10:10:32,https://queue-times.com/parks/16/queue_times.json
2026-10-05T17:15:40.109Z,2026-10-05 10:15:40,2026-10-05,America/Los_Angeles,disneyland,Disneyland,Star Wars: Galaxy's Edge,10903,Millennium Falcon: Smugglers Run Single Rider,TRUE,0,2026-10-05T17:10:32.000Z,2026-10-05 10:10:32,https://queue-times.com/parks/16/queue_times.json
2026-10-05T17:15:40.109Z,2026-10-05 10:15:40,2026-10-05,America/Los_Angeles,disneyland,Disneyland,Star Wars: Galaxy's Edge,6340,Star Wars: Rise of the Resistance,TRUE,65,2026-10-05T17:10:32.000Z,2026-10-05 10:10:32,https://queue-times.com/parks/16/queue_times.json
2026-10-05T17:15:40.109Z,2026-10-05 10:15:40,2026-10-05,America/Los_Angeles,disneyland,Disneyland,Tomorrowland,287,Astro Orbitor,TRUE,25,2026-10-05T17:10:32.000Z,2026-10-05 10:10:32,https://queue-times.com/parks/16/queue_times.json
2026-10-05T17:15:40.109Z,2026-10-05 10:15:40,2026-10-05,America/Los_Angeles,disneyland,Disneyland,Tomorrowland,317,Autopia,TRUE,5,2026-10-05T17:10:32.000Z,2026-10-05 10:10:32,https://queue-times.com/parks/16/queue_times.json
2026-10-05T17:15:40.109Z,2026-10-05 10:15:40,2026-10-05,America/Los_Angeles,disneyland,Disneyland,Tomorrowland,273,Buzz Lightyear Astro Blasters,TRUE,10,2026-10-05T17:10:32.000Z,2026-10-05 10:10:32,https://queue-times.com/parks/16/queue_times.json
2026-10-05T17:15:40.109Z,2026-10-05 10:15:40,2026-10-05,America/Los_Angeles,disneyland,Disneyland,Tomorrowland,274,Disneyland Monorail,FALSE,0,2026-10-05T17:10:32.000Z,2026-10-05 10:10:32,https://queue-times.com/parks/16/queue_times.json
2026-10-05T17:15:40.109Z,2026-10-05 10:15:40,2026-10-05,America/Los_Angeles,disneyland,Disneyland,Tomorrowland,276,Finding Nemo Submarine Voyage,TRUE,15,2026-10-05T17:10:32.000Z,2026-10-05 10:10:32,https://queue-times.com/parks/16/queue_times.json
2026-10-05T17:15:40.109Z,2026-10-05 10:15:40,2026-10-05,America/Los_Angeles,disneyland,Disneyland,Tomorrowland,16627,Pixar Short Film Spotlight,FALSE,0,2026-10-05T17:10:32.000Z,2026-10-05 10:10:32,https://queue-times.com/parks/16/queue_times.json
2026-10-05T17:15:40.109Z,2026-10-05 10:15:40,2026-10-05,America/Los_Angeles,disneyland,Disneyland,Tomorrowland,284,Space Mountain,TRUE,45,2026-10-05T17:10:32.000Z,2026-10-05 10:10:32,https://queue-times.com/parks/16/queue_times.json
2026-10-05T17:15:40.109Z,2026-10-05 10:15:40,2026-10-05,America/Los_Angeles,disneyland,Disneyland,Tomorrowland,286,Star Tours - The Adventures Continue,TRUE,5,2026-10-05T17:10:32.000Z,2026-10-05 10:10:32,https://queue-times.com/parks/16/queue_times.json
2026-10-05T17:15:40.109Z,2026-10-05 10:15:40,2026-10-05,America/Los_Angeles,dca,Disney California Adventure,Avengers Campus,329,Guardians of the Galaxy - Mission: BREAKOUT!,TRUE,45,2026-10-05T17:10:38.000Z,2026-10-05 10:10:38,https://queue-times.com/parks/17/queue_times.json
2026-10-05T17:15:40.109Z,2026-10-05 10:15:40,2026-10-05,America/Los_Angeles,dca,Disney California Adventure,Avengers Campus,8843,WEB SLINGERS: A Spider-Man Adventure,TRUE,60,2026-10-05T17:10:38.000Z,2026-10-05 10:10:38,https://queue-times.com/parks/17/queue_times.json
2026-10-05T17:15:40.109Z,2026-10-05 10:15:40,2026-10-05,America/Los_Angeles,dca,Disney California Adventure,Avengers Campus,10907,WEB SLINGERS: A Spider-Man Adventure Single Rider,TRUE,0,2026-10-05T17:10:38.000Z,2026-10-05 10:10:38,https://queue-times.com/parks/17/queue_times.json
2026-10-05T17:15:40.109Z,2026-10-05 10:15:40,2026-10-05,America/Los_Angeles,dca,Disney California Adventure,Cars Land,2608,Luigi's Honkin' Haul-O-Ween,TRUE,30,2026-10-05T17:10:38.000Z,2026-10-05 10:10:38,https://queue-times.com/parks/17/queue_times.json
2026-10-05T17:15:40.109Z,2026-10-05 10:15:40,2026-10-05,America/Los_Angeles,dca,Disney California Adventure,Cars Land,295,Radiator Springs Racers,FALSE,0,2026-10-05T17:10:38.000Z,2026-10-05 10:10:38,https://queue-times.com/parks/17/queue_times.json
2026-10-05T17:15:40.109Z,2026-10-05 10:15:40,2026-10-05,America/Los_Angeles,dca,Disney California Adventure,Cars Land,10904,Radiator Springs Racers Single Rider,FALSE,0,2026-10-05T17:10:38.000Z,2026-10-05 10:10:38,https://queue-times.com/parks/17/queue_times.json
2026-10-05T17:15:40.109Z,2026-10-05 10:15:40,2026-10-05,America/Los_Angeles,dca,Disney California Adventure,Grizzly Peak,302,Grizzly River Run,TRUE,35,2026-10-05T17:10:38.000Z,2026-10-05 10:10:38,https://queue-times.com/parks/17/queue_times.json
2026-10-05T17:15:40.109Z,2026-10-05 10:15:40,2026-10-05,America/Los_Angeles,dca,Disney California Adventure,Grizzly Peak,293,Redwood Creek Challenge Trail,TRUE,5,2026-10-05T17:10:38.000Z,2026-10-05 10:10:38,https://queue-times.com/parks/17/queue_times.json
2026-10-05T17:15:40.109Z,2026-10-05 10:15:40,2026-10-05,America/Los_Angeles,dca,Disney California Adventure,Grizzly Peak,17129,Soarin’ Across America,TRUE,95,2026-10-05T17:10:38.000Z,2026-10-05 10:10:38,https://queue-times.com/parks/17/queue_times.json
2026-10-05T17:15:40.109Z,2026-10-05 10:15:40,2026-10-05,America/Los_Angeles,dca,Disney California Adventure,Hollywood Land,321,Animation Academy,TRUE,0,2026-10-05T17:10:38.000Z,2026-10-05 10:10:38,https://queue-times.com/parks/17/queue_times.json
2026-10-05T17:15:40.109Z,2026-10-05 10:15:40,2026-10-05,America/Los_Angeles,dca,Disney California Adventure,Hollywood Land,6440,Mickey's PhilharMagic,TRUE,10,2026-10-05T17:10:38.000Z,2026-10-05 10:10:38,https://queue-times.com/parks/17/queue_times.json
2026-10-05T17:15:40.109Z,2026-10-05 10:15:40,2026-10-05,America/Los_Angeles,dca,Disney California Adventure,Hollywood Land,291,"Monsters, Inc. Mike & Sulley to the Rescue!",TRUE,60,2026-10-05T17:10:38.000Z,2026-10-05 10:10:38,https://queue-times.com/parks/17/queue_times.json
2026-10-05T17:15:40.109Z,2026-10-05 10:15:40,2026-10-05,America/Los_Angeles,dca,Disney California Adventure,Hollywood Land,868,Sorcerer's Workshop,TRUE,0,2026-10-05T17:10:38.000Z,2026-10-05 10:10:38,https://queue-times.com/parks/17/queue_times.json
2026-10-05T17:15:40.109Z,2026-10-05 10:15:40,2026-10-05,America/Los_Angeles,dca,Disney California Adventure,Hollywood Land,294,Turtle Talk with Crush,TRUE,0,2026-10-05T17:10:38.000Z,2026-10-05 10:10:38,https://queue-times.com/parks/17/queue_times.json
2026-10-05T17:15:40.109Z,2026-10-05 10:15:40,2026-10-05,America/Los_Angeles,dca,Disney California Adventure,Pacific Wharf,869,The Bakery Tour,TRUE,0,2026-10-05T17:10:38.000Z,2026-10-05 10:10:38,https://queue-times.com/parks/17/queue_times.json
2026-10-05T17:15:40.109Z,2026-10-05 10:15:40,2026-10-05,America/Los_Angeles,dca,Disney California Adventure,Paradise Gardens Park,298,Golden Zephyr,TRUE,5,2026-10-05T17:10:38.000Z,2026-10-05 10:10:38,https://queue-times.com/parks/17/queue_times.json
2026-10-05T17:15:40.109Z,2026-10-05 10:15:40,2026-10-05,America/Los_Angeles,dca,Disney California Adventure,Paradise Gardens Park,319,Goofy's Sky School,FALSE,0,2026-10-05T17:10:38.000Z,2026-10-05 10:10:38,https://queue-times.com/parks/17/queue_times.json
2026-10-05T17:15:40.109Z,2026-10-05 10:15:40,2026-10-05,America/Los_Angeles,dca,Disney California Adventure,Paradise Gardens Park,301,Silly Symphony Swings,TRUE,5,2026-10-05T17:10:38.000Z,2026-10-05 10:10:38,https://queue-times.com/parks/17/queue_times.json
2026-10-05T17:15:40.109Z,2026-10-05 10:15:40,2026-10-05,America/Los_Angeles,dca,Disney California Adventure,Paradise Gardens Park,10905,Silly Symphony Swings Single Rider,TRUE,0,2026-10-05T17:10:38.000Z,2026-10-05 10:10:38,https://queue-times.com/parks/17/queue_times.json
2026-10-05T17:15:40.109Z,2026-10-05 10:15:40,2026-10-05,America/Los_Angeles,dca,Disney California Adventure,Paradise Gardens Park,316,The Little Mermaid - Ariel's Undersea Adventure,FALSE,0,2026-10-05T17:10:38.000Z,2026-10-05 10:10:38,https://queue-times.com/parks/17/queue_times.json
2026-10-05T17:15:40.109Z,2026-10-05 10:15:40,2026-10-05,America/Los_Angeles,dca,Disney California Adventure,Paradise Gardens Park,11528,World of Color – ONE,TRUE,0,2026-10-05T17:10:38.000Z,2026-10-05 10:10:38,https://queue-times.com/parks/17/queue_times.json
2026-10-05T17:15:40.109Z,2026-10-05 10:15:40,2026-10-05,America/Los_Angeles,dca,Disney California Adventure,Pixar Pier,866,Games of Pixar Pier,TRUE,5,2026-10-05T17:10:38.000Z,2026-10-05 10:10:38,https://queue-times.com/parks/17/queue_times.json
2026-10-05T17:15:40.109Z,2026-10-05 10:15:40,2026-10-05,America/Los_Angeles,dca,Disney California Adventure,Pixar Pier,322,Incredicoaster,TRUE,30,2026-10-05T17:10:38.000Z,2026-10-05 10:10:38,https://queue-times.com/parks/17/queue_times.json
2026-10-05T17:15:40.109Z,2026-10-05 10:15:40,2026-10-05,America/Los_Angeles,dca,Disney California Adventure,Pixar Pier,10906,Incredicoaster Single Rider,TRUE,0,2026-10-05T17:10:38.000Z,2026-10-05 10:10:38,https://queue-times.com/parks/17/queue_times.json
2026-10-05T17:15:40.109Z,2026-10-05 10:15:40,2026-10-05,America/Los_Angeles,dca,Disney California Adventure,Pixar Pier,6643,Inside Out Emotional Whirlwind,TRUE,15,2026-10-05T17:10:38.000Z,2026-10-05 10:10:38,https://queue-times.com/parks/17/queue_times.json
2026-10-05T17:15:40.109Z,2026-10-05 10:15:40,2026-10-05,America/Los_Angeles,dca,Disney California Adventure,Pixar Pier,310,Jessie's Critter Carousel,TRUE,5,2026-10-05T17:10:38.000Z,2026-10-05 10:10:38,https://queue-times.com/parks/17/queue_times.json
2026-10-05T17:15:40.109Z,2026-10-05 10:15:40,2026-10-05,America/Los_Angeles,dca,Disney California Adventure,Pixar Pier,300,Jumpin' Jellyfish,TRUE,5,2026-10-05T17:10:38.000Z,2026-10-05 10:10:38,https://queue-times.com/parks/17/queue_times.json
2026-10-05T17:15:40.109Z,2026-10-05 10:15:40,2026-10-05,America/Los_Angeles,dca,Disney California Adventure,Pixar Pier,311,Pixar Pal-A-Round - Swinging,TRUE,5,2026-10-05T17:10:38.000Z,2026-10-05 10:10:38,https://queue-times.com/parks/17/queue_times.json
2026-10-05T17:15:40.109Z,2026-10-05 10:15:40,2026-10-05,America/Los_Angeles,dca,Disney California Adventure,Pixar Pier,5557,Pixar Pal-A-Round – Non-Swinging,TRUE,10,2026-10-05T17:10:38.000Z,2026-10-05 10:10:38,https://queue-times.com/parks/17/queue_times.json
2026-10-05T17:15:40.109Z,2026-10-05 10:15:40,2026-10-05,America/Los_Angeles,dca,Disney California Adventure,Pixar Pier,313,Toy Story Midway Mania!,TRUE,40,2026-10-05T17:10:38.000Z,2026-10-05 10:10:38,https://queue-times.com/parks/17/queue_times.json
2026-10-05T17:15:40.109Z,2026-10-05 10:15:40,2026-10-05,America/Los_Angeles,dca,Disney California Adventure,Halloween,5146,Guardians of the Galaxy - Monsters After Dark,FALSE,0,2026-10-05T17:10:38.000Z,2026-10-05 10:10:38,https://queue-times.com/parks/17/queue_times.json
2026-10-05T17:15:40.109Z,2026-10-05 10:15:40,2026-10-05,America/Los_Angeles,dca,Disney California Adventure,Halloween,4723,Mater's Graveyard JamBOOree,TRUE,30,2026-10-05T17:10:38.000Z,2026-10-05 10:10:38,https://queue-times.com/parks/17/queue_times.json
2026-10-05T17:15:40.109Z,2026-10-05 10:15:40,2026-10-05,America/Los_Angeles,dca,Disney California Adventure,Halloween,7292,Villains Grove at Oogie Boogie Bash,FALSE,0,2026-10-05T17:10:38.000Z,2026-10-05 10:10:38,https://queue-times.com/parks/17/queue_times.json
2026-10-05T17:30:33.842Z,2026-10-05 10:30:33,2026-10-05,America/Los_Angeles,disneyland,Disneyland,Adventureland,12428,Adventureland Treehouse inspired by Walt Disney’s Swiss Family Robinson,TRUE,0,2026-10-05T17:25:32.000Z,2026-10-05 10:25:32,https://queue-times.com/parks/16/queue_times.json
2026-10-05T17:30:33.842Z,2026-10-05 10:30:33,2026-10-05,America/Los_Angeles,disneyland,Disneyland,Adventureland,326,Indiana Jones™ Adventure,FALSE,0,2026-10-05T17:25:32.000Z,2026-10-05 10:25:32,https://queue-times.com/parks/16/queue_times.json
2026-10-05T17:30:33.842Z,2026-10-05 10:30:33,2026-10-05,America/Los_Angeles,disneyland,Disneyland,Adventureland,296,Jungle Cruise,TRUE,10,2026-10-05T17:25:32.000Z,2026-10-05 10:25:32,https://queue-times.com/parks/16/queue_times.json
2026-10-05T17:30:33.842Z,2026-10-05 10:30:33,2026-10-05,America/Los_Angeles,disneyland,Disneyland,Adventureland,288,Walt Disney's Enchanted Tiki Room,TRUE,0,2026-10-05T17:25:32.000Z,2026-10-05 10:25:32,https://queue-times.com/parks/16/queue_times.json
2026-10-05T17:30:33.842Z,2026-10-05 10:30:33,2026-10-05,America/Los_Angeles,disneyland,Disneyland,Bayou Country,304,Davy Crockett's Explorer Canoes,FALSE,0,2026-10-05T17:25:32.000Z,2026-10-05 10:25:32,https://queue-times.com/parks/16/queue_times.json
2026-10-05T17:30:33.842Z,2026-10-05 10:30:33,2026-10-05,America/Los_Angeles,disneyland,Disneyland,Bayou Country,306,The Many Adventures of Winnie the Pooh,TRUE,5,2026-10-05T17:25:32.000Z,2026-10-05 10:25:32,https://queue-times.com/parks/16/queue_times.json
2026-10-05T17:30:33.842Z,2026-10-05 10:30:33,2026-10-05,America/Los_Angeles,disneyland,Disneyland,Bayou Country,14168,Tiana's Bayou Adventure,TRUE,35,2026-10-05T17:25:32.000Z,2026-10-05 10:25:32,https://queue-times.com/parks/16/queue_times.json
2026-10-05T17:30:33.842Z,2026-10-05 10:30:33,2026-10-05,America/Los_Angeles,disneyland,Disneyland,Bayou Country,14326,Tiana's Bayou Adventure Single Rider,TRUE,0,2026-10-05T17:25:32.000Z,2026-10-05 10:25:32,https://queue-times.com/parks/16/queue_times.json
2026-10-05T17:30:33.842Z,2026-10-05 10:30:33,2026-10-05,America/Los_Angeles,disneyland,Disneyland,Fantasyland,307,"""it's a small world""",TRUE,10,2026-10-05T17:25:32.000Z,2026-10-05 10:25:32,https://queue-times.com/parks/16/queue_times.json
2026-10-05T17:30:33.842Z,2026-10-05 10:30:33,2026-10-05,America/Los_Angeles,disneyland,Disneyland,Fantasyland,285,Alice in Wonderland,FALSE,0,2026-10-05T17:25:32.000Z,2026-10-05 10:25:32,https://queue-times.com/parks/16/queue_times.json
2026-10-05T17:30:33.842Z,2026-10-05 10:30:33,2026-10-05,America/Los_Angeles,disneyland,Disneyland,Fantasyland,16254,Bluey’s Best Day Ever! at Fantasyland Theatre,TRUE,0,2026-10-05T17:25:32.000Z,2026-10-05 10:25:32,https://queue-times.com/parks/16/queue_times.json
2026-10-05T17:30:33.842Z,2026-10-05 10:30:33,2026-10-05,America/Los_Angeles,disneyland,Disneyland,Fantasyland,303,Casey Jr. Circus Train,TRUE,10,2026-10-05T17:25:32.000Z,2026-10-05 10:25:32,https://queue-times.com/parks/16/queue_times.json
2026-10-05T17:30:33.842Z,2026-10-05 10:30:33,2026-10-05,America/Los_Angeles,disneyland,Disneyland,Fantasyland,275,Dumbo the Flying Elephant,TRUE,30,2026-10-05T17:25:32.000Z,2026-10-05 10:25:32,https://queue-times.com/parks/16/queue_times.json
2026-10-05T17:30:33.842Z,2026-10-05 10:30:33,2026-10-05,America/Los_Angeles,disneyland,Disneyland,Fantasyland,277,King Arthur Carrousel,TRUE,5,2026-10-05T17:25:32.000Z,2026-10-05 10:25:32,https://queue-times.com/parks/16/queue_times.json
2026-10-05T17:30:33.842Z,2026-10-05 10:30:33,2026-10-05,America/Los_Angeles,disneyland,Disneyland,Fantasyland,278,Mad Tea Party,FALSE,0,2026-10-05T17:25:32.000Z,2026-10-05 10:25:32,https://queue-times.com/parks/16/queue_times.json
2026-10-05T17:30:33.842Z,2026-10-05 10:30:33,2026-10-05,America/Los_Angeles,disneyland,Disneyland,Fantasyland,279,Matterhorn Bobsleds,TRUE,20,2026-10-05T17:25:32.000Z,2026-10-05 10:25:32,https://queue-times.com/parks/16/queue_times.json
2026-10-05T17:30:33.842Z,2026-10-05 10:30:33,2026-10-05,America/Los_Angeles,disneyland,Disneyland,Fantasyland,6711,Meet Disney Princesses at Royal Hall,TRUE,15,2026-10-05T17:25:32.000Z,2026-10-05 10:25:32,https://queue-times.com/parks/16/queue_times.json
2026-10-05T17:30:33.842Z,2026-10-05 10:30:33,2026-10-05,America/Los_Angeles,disneyland,Disneyland,Fantasyland,280,Mr. Toad's Wild Ride,TRUE,20,2026-10-05T17:25:32.000Z,2026-10-05 10:25:32,https://queue-times.com/parks/16/queue_times.json
2026-10-05T17:30:33.842Z,2026-10-05 10:30:33,2026-10-05,America/Los_Angeles,disneyland,Disneyland,Fantasyland,281,Peter Pan's Flight,TRUE,30,2026-10-05T17:25:32.000Z,2026-10-05 10:25:32,https://queue-times.com/parks/16/queue_times.json
2026-10-05T17:30:33.842Z,2026-10-05 10:30:33,2026-10-05,America/Los_Angeles,disneyland,Disneyland,Fantasyland,282,Pinocchio's Daring Journey,TRUE,10,2026-10-05T17:25:32.000Z,2026-10-05 10:25:32,https://queue-times.com/parks/16/queue_times.json
2026-10-05T17:30:33.842Z,2026-10-05 10:30:33,2026-10-05,America/Los_Angeles,disneyland,Disneyland,Fantasyland,687,Sleeping Beauty Castle Walkthrough,FALSE,0,2026-10-05T17:25:32.000Z,2026-10-05 10:25:32,https://queue-times.com/parks/16/queue_times.json
2026-10-05T17:30:33.842Z,2026-10-05 10:30:33,2026-10-05,America/Los_Angeles,disneyland,Disneyland,Fantasyland,283,Snow White's Enchanted Wish,TRUE,10,2026-10-05T17:25:32.000Z,2026-10-05 10:25:32,https://queue-times.com/parks/16/queue_times.json
2026-10-05T17:30:33.842Z,2026-10-05 10:30:33,2026-10-05,America/Los_Angeles,disneyland,Disneyland,Fantasyland,305,Storybook Land Canal Boats,TRUE,5,2026-10-05T17:25:32.000Z,2026-10-05 10:25:32,https://queue-times.com/parks/16/queue_times.json
2026-10-05T17:30:33.842Z,2026-10-05 10:30:33,2026-10-05,America/Los_Angeles,disneyland,Disneyland,Frontierland,323,Big Thunder Mountain Railroad,TRUE,40,2026-10-05T17:25:32.000Z,2026-10-05 10:25:32,https://queue-times.com/parks/16/queue_times.json
2026-10-05T17:30:33.842Z,2026-10-05 10:30:33,2026-10-05,America/Los_Angeles,disneyland,Disneyland,Frontierland,679,Frontierland Shootin' Exposition,TRUE,0,2026-10-05T17:25:32.000Z,2026-10-05 10:25:32,https://queue-times.com/parks/16/queue_times.json
2026-10-05T17:30:33.842Z,2026-10-05 10:30:33,2026-10-05,America/Los_Angeles,disneyland,Disneyland,Frontierland,456,Mark Twain Riverboat,TRUE,10,2026-10-05T17:25:32.000Z,2026-10-05 10:25:32,https://queue-times.com/parks/16/queue_times.json
2026-10-05T17:30:33.842Z,2026-10-05 10:30:33,2026-10-05,America/Los_Angeles,disneyland,Disneyland,Frontierland,331,Pirate's Lair on Tom Sawyer Island,TRUE,5,2026-10-05T17:25:32.000Z,2026-10-05 10:25:32,https://queue-times.com/parks/16/queue_times.json
2026-10-05T17:30:33.842Z,2026-10-05 10:30:33,2026-10-05,America/Los_Angeles,disneyland,Disneyland,Frontierland,328,Sailing Ship Columbia,FALSE,0,2026-10-05T17:25:32.000Z,2026-10-05 10:25:32,https://queue-times.com/parks/16/queue_times.json
2026-10-05T17:30:33.842Z,2026-10-05 10:30:33,2026-10-05,America/Los_Angeles,disneyland,Disneyland,Main Street U.S.A,674,Disneyland Railroad,TRUE,5,2026-10-05T17:25:32.000Z,2026-10-05 10:25:32,https://queue-times.com/parks/16/queue_times.json
2026-10-05T17:30:33.842Z,2026-10-05 10:30:33,2026-10-05,America/Los_Angeles,disneyland,Disneyland,Main Street U.S.A,690,Great Moments with Mr. Lincoln,TRUE,0,2026-10-05T17:25:32.000Z,2026-10-05 10:25:32,https://queue-times.com/parks/16/queue_times.json
2026-10-05T17:30:33.842Z,2026-10-05 10:30:33,2026-10-05,America/Los_Angeles,disneyland,Disneyland,Main Street U.S.A,686,Main Street Cinema,TRUE,0,2026-10-05T17:25:32.000Z,2026-10-05 10:25:32,https://queue-times.com/parks/16/queue_times.json
2026-10-05T17:30:33.842Z,2026-10-05 10:30:33,2026-10-05,America/Los_Angeles,disneyland,Disneyland,Main Street U.S.A,691,Main Street Vehicles,TRUE,0,2026-10-05T17:25:32.000Z,2026-10-05 10:25:32,https://queue-times.com/parks/16/queue_times.json
2026-10-05T17:30:33.842Z,2026-10-05 10:30:33,2026-10-05,America/Los_Angeles,disneyland,Disneyland,Main Street U.S.A,14915,Opera House - Walt Disney - A Magical Life,TRUE,0,2026-10-05T17:25:32.000Z,2026-10-05 10:25:32,https://queue-times.com/parks/16/queue_times.json
2026-10-05T17:30:33.842Z,2026-10-05 10:30:33,2026-10-05,America/Los_Angeles,disneyland,Disneyland,Main Street U.S.A,695,The Disney Gallery,TRUE,0,2026-10-05T17:25:32.000Z,2026-10-05 10:25:32,https://queue-times.com/parks/16/queue_times.json
2026-10-05T17:30:33.842Z,2026-10-05 10:30:33,2026-10-05,America/Los_Angeles,disneyland,Disneyland,Main Street U.S.A,14923,Walt Disney - A Magical Life,FALSE,0,2026-10-05T17:25:32.000Z,2026-10-05 10:25:32,https://queue-times.com/parks/16/queue_times.json
2026-10-05T17:30:33.842Z,2026-10-05 10:30:33,2026-10-05,America/Los_Angeles,disneyland,Disneyland,Mickey's Toontown,324,Chip 'n' Dale's GADGETcoaster,TRUE,20,2026-10-05T17:25:32.000Z,2026-10-05 10:25:32,https://queue-times.com/parks/16/queue_times.json
2026-10-05T17:30:33.842Z,2026-10-05 10:30:33,2026-10-05,America/Los_Angeles,disneyland,Disneyland,Mickey's Toontown,13814,Donald's Duck Pond,TRUE,0,2026-10-05T17:25:32.000Z,2026-10-05 10:25:32,https://queue-times.com/parks/16/queue_times.json
2026-10-05T17:30:33.842Z,2026-10-05 10:30:33,2026-10-05,America/Los_Angeles,disneyland,Disneyland,Mickey's Toontown,11980,Goofy's How-to-Play Yard,TRUE,0,2026-10-05T17:25:32.000Z,2026-10-05 10:25:32,https://queue-times.com/parks/16/queue_times.json
2026-10-05T17:30:33.842Z,2026-10-05 10:30:33,2026-10-05,America/Los_Angeles,disneyland,Disneyland,Mickey's Toontown,11526,Mickey & Minnie's Runaway Railway,TRUE,45,2026-10-05T17:25:32.000Z,2026-10-05 10:25:32,https://queue-times.com/parks/16/queue_times.json
2026-10-05T17:30:33.842Z,2026-10-05 10:30:33,2026-10-05,America/Los_Angeles,disneyland,Disneyland,Mickey's Toontown,709,Mickey's House and Meet Mickey Mouse,TRUE,20,2026-10-05T17:25:32.000Z,2026-10-05 10:25:32,https://queue-times.com/parks/16/queue_times.json
2026-10-05T17:30:33.842Z,2026-10-05 10:30:33,2026-10-05,America/Los_Angeles,disneyland,Disneyland,Mickey's Toontown,684,Minnie's House,TRUE,0,2026-10-05T17:25:32.000Z,2026-10-05 10:25:32,https://queue-times.com/parks/16/queue_times.json
2026-10-05T17:30:33.842Z,2026-10-05 10:30:33,2026-10-05,America/Los_Angeles,disneyland,Disneyland,Mickey's Toontown,332,Roger Rabbit's Car Toon Spin,TRUE,25,2026-10-05T17:25:32.000Z,2026-10-05 10:25:32,https://queue-times.com/parks/16/queue_times.json
2026-10-05T17:30:33.842Z,2026-10-05 10:30:33,2026-10-05,America/Los_Angeles,disneyland,Disneyland,New Orleans Square,325,Haunted Mansion Holiday,TRUE,45,2026-10-05T17:25:32.000Z,2026-10-05 10:25:32,https://queue-times.com/parks/16/queue_times.json
2026-10-05T17:30:33.842Z,2026-10-05 10:30:33,2026-10-05,America/Los_Angeles,disneyland,Disneyland,New Orleans Square,289,Pirates of the Caribbean,TRUE,30,2026-10-05T17:25:32.000Z,2026-10-05 10:25:32,https://queue-times.com/parks/16/queue_times.json
2026-10-05T17:30:33.842Z,2026-10-05 10:30:33,2026-10-05,America/Los_Angeles,disneyland,Disneyland,Star Wars: Galaxy's Edge,6339,Millennium Falcon: Smugglers Run,TRUE,15,2026-10-05T17:25:32.000Z,2026-10-05 10:25:32,https://queue-times.com/parks/16/queue_times.json
2026-10-05T17:30:33.842Z,2026-10-05 10:30:33,2026-10-05,America/Los_Angeles,disneyland,Disneyland,Star Wars: Galaxy's Edge,10903,Millennium Falcon: Smugglers Run Single Rider,TRUE,0,2026-10-05T17:25:32.000Z,2026-10-05 10:25:32,https://queue-times.com/parks/16/queue_times.json
2026-10-05T17:30:33.842Z,2026-10-05 10:30:33,2026-10-05,America/Los_Angeles,disneyland,Disneyland,Star Wars: Galaxy's Edge,6340,Star Wars: Rise of the Resistance,TRUE,50,2026-10-05T17:25:32.000Z,2026-10-05 10:25:32,https://queue-times.com/parks/16/queue_times.json
2026-10-05T17:30:33.842Z,2026-10-05 10:30:33,2026-10-05,America/Los_Angeles,disneyland,Disneyland,Tomorrowland,287,Astro Orbitor,TRUE,30,2026-10-05T17:25:32.000Z,2026-10-05 10:25:32,https://queue-times.com/parks/16/queue_times.json
2026-10-05T17:30:33.842Z,2026-10-05 10:30:33,2026-10-05,America/Los_Angeles,disneyland,Disneyland,Tomorrowland,317,Autopia,TRUE,5,2026-10-05T17:25:32.000Z,2026-10-05 10:25:32,https://queue-times.com/parks/16/queue_times.json
2026-10-05T17:30:33.842Z,2026-10-05 10:30:33,2026-10-05,America/Los_Angeles,disneyland,Disneyland,Tomorrowland,273,Buzz Lightyear Astro Blasters,TRUE,10,2026-10-05T17:25:32.000Z,2026-10-05 10:25:32,https://queue-times.com/parks/16/queue_times.json
2026-10-05T17:30:33.842Z,2026-10-05 10:30:33,2026-10-05,America/Los_Angeles,disneyland,Disneyland,Tomorrowland,274,Disneyland Monorail,FALSE,0,2026-10-05T17:25:32.000Z,2026-10-05 10:25:32,https://queue-times.com/parks/16/queue_times.json
2026-10-05T17:30:33.842Z,2026-10-05 10:30:33,2026-10-05,America/Los_Angeles,disneyland,Disneyland,Tomorrowland,276,Finding Nemo Submarine Voyage,TRUE,10,2026-10-05T17:25:32.000Z,2026-10-05 10:25:32,https://queue-times.com/parks/16/queue_times.json
2026-10-05T17:30:33.842Z,2026-10-05 10:30:33,2026-10-05,America/Los_Angeles,disneyland,Disneyland,Tomorrowland,16627,Pixar Short Film Spotlight,FALSE,0,2026-10-05T17:25:32.000Z,2026-10-05 10:25:32,https://queue-times.com/parks/16/queue_times.json
2026-10-05T17:30:33.842Z,2026-10-05 10:30:33,2026-10-05,America/Los_Angeles,disneyland,Disneyland,Tomorrowland,284,Space Mountain,TRUE,50,2026-10-05T17:25:32.000Z,2026-10-05 10:25:32,https://queue-times.com/parks/16/queue_times.json
2026-10-05T17:30:33.842Z,2026-10-05 10:30:33,2026-10-05,America/Los_Angeles,disneyland,Disneyland,Tomorrowland,286,Star Tours - The Adventures Continue,TRUE,20,2026-10-05T17:25:32.000Z,2026-10-05 10:25:32,https://queue-times.com/parks/16/queue_times.json
2026-10-05T17:30:33.842Z,2026-10-05 10:30:33,2026-10-05,America/Los_Angeles,dca,Disney California Adventure,Avengers Campus,329,Guardians of the Galaxy - Mission: BREAKOUT!,TRUE,45,2026-10-05T17:25:39.000Z,2026-10-05 10:25:39,https://queue-times.com/parks/17/queue_times.json
2026-10-05T17:30:33.842Z,2026-10-05 10:30:33,2026-10-05,America/Los_Angeles,dca,Disney California Adventure,Avengers Campus,8843,WEB SLINGERS: A Spider-Man Adventure,TRUE,60,2026-10-05T17:25:39.000Z,2026-10-05 10:25:39,https://queue-times.com/parks/17/queue_times.json
2026-10-05T17:30:33.842Z,2026-10-05 10:30:33,2026-10-05,America/Los_Angeles,dca,Disney California Adventure,Avengers Campus,10907,WEB SLINGERS: A Spider-Man Adventure Single Rider,TRUE,0,2026-10-05T17:25:39.000Z,2026-10-05 10:25:39,https://queue-times.com/parks/17/queue_times.json
2026-10-05T17:30:33.842Z,2026-10-05 10:30:33,2026-10-05,America/Los_Angeles,dca,Disney California Adventure,Cars Land,2608,Luigi's Honkin' Haul-O-Ween,TRUE,25,2026-10-05T17:25:39.000Z,2026-10-05 10:25:39,https://queue-times.com/parks/17/queue_times.json
2026-10-05T17:30:33.842Z,2026-10-05 10:30:33,2026-10-05,America/Los_Angeles,dca,Disney California Adventure,Cars Land,295,Radiator Springs Racers,FALSE,0,2026-10-05T17:25:39.000Z,2026-10-05 10:25:39,https://queue-times.com/parks/17/queue_times.json
2026-10-05T17:30:33.842Z,2026-10-05 10:30:33,2026-10-05,America/Los_Angeles,dca,Disney California Adventure,Cars Land,10904,Radiator Springs Racers Single Rider,FALSE,0,2026-10-05T17:25:39.000Z,2026-10-05 10:25:39,https://queue-times.com/parks/17/queue_times.json
2026-10-05T17:30:33.842Z,2026-10-05 10:30:33,2026-10-05,America/Los_Angeles,dca,Disney California Adventure,Grizzly Peak,302,Grizzly River Run,TRUE,35,2026-10-05T17:25:39.000Z,2026-10-05 10:25:39,https://queue-times.com/parks/17/queue_times.json
2026-10-05T17:30:33.842Z,2026-10-05 10:30:33,2026-10-05,America/Los_Angeles,dca,Disney California Adventure,Grizzly Peak,293,Redwood Creek Challenge Trail,TRUE,5,2026-10-05T17:25:39.000Z,2026-10-05 10:25:39,https://queue-times.com/parks/17/queue_times.json
2026-10-05T17:30:33.842Z,2026-10-05 10:30:33,2026-10-05,America/Los_Angeles,dca,Disney California Adventure,Grizzly Peak,17129,Soarin’ Across America,TRUE,95,2026-10-05T17:25:39.000Z,2026-10-05 10:25:39,https://queue-times.com/parks/17/queue_times.json
2026-10-05T17:30:33.842Z,2026-10-05 10:30:33,2026-10-05,America/Los_Angeles,dca,Disney California Adventure,Hollywood Land,321,Animation Academy,TRUE,0,2026-10-05T17:25:39.000Z,2026-10-05 10:25:39,https://queue-times.com/parks/17/queue_times.json
2026-10-05T17:30:33.842Z,2026-10-05 10:30:33,2026-10-05,America/Los_Angeles,dca,Disney California Adventure,Hollywood Land,6440,Mickey's PhilharMagic,TRUE,10,2026-10-05T17:25:39.000Z,2026-10-05 10:25:39,https://queue-times.com/parks/17/queue_times.json
2026-10-05T17:30:33.842Z,2026-10-05 10:30:33,2026-10-05,America/Los_Angeles,dca,Disney California Adventure,Hollywood Land,291,"Monsters, Inc. Mike & Sulley to the Rescue!",TRUE,60,2026-10-05T17:25:39.000Z,2026-10-05 10:25:39,https://queue-times.com/parks/17/queue_times.json
2026-10-05T17:30:33.842Z,2026-10-05 10:30:33,2026-10-05,America/Los_Angeles,dca,Disney California Adventure,Hollywood Land,868,Sorcerer's Workshop,TRUE,0,2026-10-05T17:25:39.000Z,2026-10-05 10:25:39,https://queue-times.com/parks/17/queue_times.json
2026-10-05T17:30:33.842Z,2026-10-05 10:30:33,2026-10-05,America/Los_Angeles,dca,Disney California Adventure,Hollywood Land,294,Turtle Talk with Crush,TRUE,0,2026-10-05T17:25:39.000Z,2026-10-05 10:25:39,https://queue-times.com/parks/17/queue_times.json
2026-10-05T17:30:33.842Z,2026-10-05 10:30:33,2026-10-05,America/Los_Angeles,dca,Disney California Adventure,Pacific Wharf,869,The Bakery Tour,TRUE,0,2026-10-05T17:25:39.000Z,2026-10-05 10:25:39,https://queue-times.com/parks/17/queue_times.json
2026-10-05T17:30:33.842Z,2026-10-05 10:30:33,2026-10-05,America/Los_Angeles,dca,Disney California Adventure,Paradise Gardens Park,298,Golden Zephyr,TRUE,5,2026-10-05T17:25:39.000Z,2026-10-05 10:25:39,https://queue-times.com/parks/17/queue_times.json
2026-10-05T17:30:33.842Z,2026-10-05 10:30:33,2026-10-05,America/Los_Angeles,dca,Disney California Adventure,Paradise Gardens Park,319,Goofy's Sky School,FALSE,0,2026-10-05T17:25:39.000Z,2026-10-05 10:25:39,https://queue-times.com/parks/17/queue_times.json
2026-10-05T17:30:33.842Z,2026-10-05 10:30:33,2026-10-05,America/Los_Angeles,dca,Disney California Adventure,Paradise Gardens Park,301,Silly Symphony Swings,TRUE,5,2026-10-05T17:25:39.000Z,2026-10-05 10:25:39,https://queue-times.com/parks/17/queue_times.json
2026-10-05T17:30:33.842Z,2026-10-05 10:30:33,2026-10-05,America/Los_Angeles,dca,Disney California Adventure,Paradise Gardens Park,10905,Silly Symphony Swings Single Rider,TRUE,0,2026-10-05T17:25:39.000Z,2026-10-05 10:25:39,https://queue-times.com/parks/17/queue_times.json
2026-10-05T17:30:33.842Z,2026-10-05 10:30:33,2026-10-05,America/Los_Angeles,dca,Disney California Adventure,Paradise Gardens Park,316,The Little Mermaid - Ariel's Undersea Adventure,FALSE,0,2026-10-05T17:25:39.000Z,2026-10-05 10:25:39,https://queue-times.com/parks/17/queue_times.json
2026-10-05T17:30:33.842Z,2026-10-05 10:30:33,2026-10-05,America/Los_Angeles,dca,Disney California Adventure,Paradise Gardens Park,11528,World of Color – ONE,TRUE,0,2026-10-05T17:25:39.000Z,2026-10-05 10:25:39,https://queue-times.com/parks/17/queue_times.json
2026-10-05T17:30:33.842Z,2026-10-05 10:30:33,2026-10-05,America/Los_Angeles,dca,Disney California Adventure,Pixar Pier,866,Games of Pixar Pier,TRUE,5,2026-10-05T17:25:39.000Z,2026-10-05 10:25:39,https://queue-times.com/parks/17/queue_times.json
2026-10-05T17:30:33.842Z,2026-10-05 10:30:33,2026-10-05,America/Los_Angeles,dca,Disney California Adventure,Pixar Pier,322,Incredicoaster,TRUE,30,2026-10-05T17:25:39.000Z,2026-10-05 10:25:39,https://queue-times.com/parks/17/queue_times.json
2026-10-05T17:30:33.842Z,2026-10-05 10:30:33,2026-10-05,America/Los_Angeles,dca,Disney California Adventure,Pixar Pier,10906,Incredicoaster Single Rider,TRUE,0,2026-10-05T17:25:39.000Z,2026-10-05 10:25:39,https://queue-times.com/parks/17/queue_times.json
2026-10-05T17:30:33.842Z,2026-10-05 10:30:33,2026-10-05,America/Los_Angeles,dca,Disney California Adventure,Pixar Pier,6643,Inside Out Emotional Whirlwind,TRUE,20,2026-10-05T17:25:39.000Z,2026-10-05 10:25:39,https://queue-times.com/parks/17/queue_times.json
2026-10-05T17:30:33.842Z,2026-10-05 10:30:33,2026-10-05,America/Los_Angeles,dca,Disney California Adventure,Pixar Pier,310,Jessie's Critter Carousel,TRUE,5,2026-10-05T17:25:39.000Z,2026-10-05 10:25:39,https://queue-times.com/parks/17/queue_times.json
2026-10-05T17:30:33.842Z,2026-10-05 10:30:33,2026-10-05,America/Los_Angeles,dca,Disney California Adventure,Pixar Pier,300,Jumpin' Jellyfish,TRUE,5,2026-10-05T17:25:39.000Z,2026-10-05 10:25:39,https://queue-times.com/parks/17/queue_times.json
2026-10-05T17:30:33.842Z,2026-10-05 10:30:33,2026-10-05,America/Los_Angeles,dca,Disney California Adventure,Pixar Pier,311,Pixar Pal-A-Round - Swinging,TRUE,30,2026-10-05T17:25:39.000Z,2026-10-05 10:25:39,https://queue-times.com/parks/17/queue_times.json
2026-10-05T17:30:33.842Z,2026-10-05 10:30:33,2026-10-05,America/Los_Angeles,dca,Disney California Adventure,Pixar Pier,5557,Pixar Pal-A-Round – Non-Swinging,TRUE,20,2026-10-05T17:25:39.000Z,2026-10-05 10:25:39,https://queue-times.com/parks/17/queue_times.json
2026-10-05T17:30:33.842Z,2026-10-05 10:30:33,2026-10-05,America/Los_Angeles,dca,Disney California Adventure,Pixar Pier,313,Toy Story Midway Mania!,TRUE,65,2026-10-05T17:25:39.000Z,2026-10-05 10:25:39,https://queue-times.com/parks/17/queue_times.json
2026-10-05T17:30:33.842Z,2026-10-05 10:30:33,2026-10-05,America/Los_Angeles,dca,Disney California Adventure,Halloween,5146,Guardians of the Galaxy - Monsters After Dark,FALSE,0,2026-10-05T17:25:39.000Z,2026-10-05 10:25:39,https://queue-times.com/parks/17/queue_times.json
2026-10-05T17:30:33.842Z,2026-10-05 10:30:33,2026-10-05,America/Los_Angeles,dca,Disney California Adventure,Halloween,4723,Mater's Graveyard JamBOOree,TRUE,30,2026-10-05T17:25:39.000Z,2026-10-05 10:25:39,https://queue-times.com/parks/17/queue_times.json
2026-10-05T17:30:33.842Z,2026-10-05 10:30:33,2026-10-05,America/Los_Angeles,dca,Disney California Adventure,Halloween,7292,Villains Grove at Oogie Boogie Bash,FALSE,0,2026-10-05T17:25:39.000Z,2026-10-05 10:25:39,https://queue-times.com/parks/17/queue_times.json
2026-10-05T17:45:40.070Z,2026-10-05 10:45:40,2026-10-05,America/Los_Angeles,disneyland,Disneyland,Adventureland,12428,Adventureland Treehouse inspired by Walt Disney’s Swiss Family Robinson,TRUE,0,2026-10-05T17:40:36.000Z,2026-10-05 10:40:36,https://queue-times.com/parks/16/queue_times.json
2026-10-05T17:45:40.070Z,2026-10-05 10:45:40,2026-10-05,America/Los_Angeles,disneyland,Disneyland,Adventureland,326,Indiana Jones™ Adventure,FALSE,0,2026-10-05T17:45:37.000Z,2026-10-05 10:45:37,https://queue-times.com/parks/16/queue_times.json
2026-10-05T17:45:40.070Z,2026-10-05 10:45:40,2026-10-05,America/Los_Angeles,disneyland,Disneyland,Adventureland,296,Jungle Cruise,TRUE,10,2026-10-05T17:45:37.000Z,2026-10-05 10:45:37,https://queue-times.com/parks/16/queue_times.json
2026-10-05T17:45:40.070Z,2026-10-05 10:45:40,2026-10-05,America/Los_Angeles,disneyland,Disneyland,Adventureland,288,Walt Disney's Enchanted Tiki Room,TRUE,0,2026-10-05T17:45:37.000Z,2026-10-05 10:45:37,https://queue-times.com/parks/16/queue_times.json
2026-10-05T17:45:40.070Z,2026-10-05 10:45:40,2026-10-05,America/Los_Angeles,disneyland,Disneyland,Bayou Country,304,Davy Crockett's Explorer Canoes,FALSE,0,2026-10-05T17:40:36.000Z,2026-10-05 10:40:36,https://queue-times.com/parks/16/queue_times.json
2026-10-05T17:45:40.070Z,2026-10-05 10:45:40,2026-10-05,America/Los_Angeles,disneyland,Disneyland,Bayou Country,306,The Many Adventures of Winnie the Pooh,TRUE,5,2026-10-05T17:40:36.000Z,2026-10-05 10:40:36,https://queue-times.com/parks/16/queue_times.json
2026-10-05T17:45:40.070Z,2026-10-05 10:45:40,2026-10-05,America/Los_Angeles,disneyland,Disneyland,Bayou Country,14168,Tiana's Bayou Adventure,TRUE,40,2026-10-05T17:40:36.000Z,2026-10-05 10:40:36,https://queue-times.com/parks/16/queue_times.json
2026-10-05T17:45:40.070Z,2026-10-05 10:45:40,2026-10-05,America/Los_Angeles,disneyland,Disneyland,Bayou Country,14326,Tiana's Bayou Adventure Single Rider,TRUE,0,2026-10-05T17:40:36.000Z,2026-10-05 10:40:36,https://queue-times.com/parks/16/queue_times.json
2026-10-05T17:45:40.070Z,2026-10-05 10:45:40,2026-10-05,America/Los_Angeles,disneyland,Disneyland,Fantasyland,307,"""it's a small world""",TRUE,10,2026-10-05T17:45:37.000Z,2026-10-05 10:45:37,https://queue-times.com/parks/16/queue_times.json
2026-10-05T17:45:40.070Z,2026-10-05 10:45:40,2026-10-05,America/Los_Angeles,disneyland,Disneyland,Fantasyland,285,Alice in Wonderland,TRUE,10,2026-10-05T17:40:36.000Z,2026-10-05 10:40:36,https://queue-times.com/parks/16/queue_times.json
2026-10-05T17:45:40.070Z,2026-10-05 10:45:40,2026-10-05,America/Los_Angeles,disneyland,Disneyland,Fantasyland,16254,Bluey’s Best Day Ever! at Fantasyland Theatre,TRUE,0,2026-10-05T17:40:36.000Z,2026-10-05 10:40:36,https://queue-times.com/parks/16/queue_times.json
2026-10-05T17:45:40.070Z,2026-10-05 10:45:40,2026-10-05,America/Los_Angeles,disneyland,Disneyland,Fantasyland,303,Casey Jr. Circus Train,TRUE,10,2026-10-05T17:40:36.000Z,2026-10-05 10:40:36,https://queue-times.com/parks/16/queue_times.json
2026-10-05T17:45:40.070Z,2026-10-05 10:45:40,2026-10-05,America/Los_Angeles,disneyland,Disneyland,Fantasyland,275,Dumbo the Flying Elephant,TRUE,30,2026-10-05T17:40:36.000Z,2026-10-05 10:40:36,https://queue-times.com/parks/16/queue_times.json
2026-10-05T17:45:40.070Z,2026-10-05 10:45:40,2026-10-05,America/Los_Angeles,disneyland,Disneyland,Fantasyland,277,King Arthur Carrousel,TRUE,5,2026-10-05T17:40:36.000Z,2026-10-05 10:40:36,https://queue-times.com/parks/16/queue_times.json
2026-10-05T17:45:40.070Z,2026-10-05 10:45:40,2026-10-05,America/Los_Angeles,disneyland,Disneyland,Fantasyland,278,Mad Tea Party,FALSE,0,2026-10-05T17:40:36.000Z,2026-10-05 10:40:36,https://queue-times.com/parks/16/queue_times.json
2026-10-05T17:45:40.070Z,2026-10-05 10:45:40,2026-10-05,America/Los_Angeles,disneyland,Disneyland,Fantasyland,279,Matterhorn Bobsleds,TRUE,20,2026-10-05T17:40:36.000Z,2026-10-05 10:40:36,https://queue-times.com/parks/16/queue_times.json
2026-10-05T17:45:40.070Z,2026-10-05 10:45:40,2026-10-05,America/Los_Angeles,disneyland,Disneyland,Fantasyland,6711,Meet Disney Princesses at Royal Hall,TRUE,45,2026-10-05T17:45:37.000Z,2026-10-05 10:45:37,https://queue-times.com/parks/16/queue_times.json
2026-10-05T17:45:40.070Z,2026-10-05 10:45:40,2026-10-05,America/Los_Angeles,disneyland,Disneyland,Fantasyland,280,Mr. Toad's Wild Ride,TRUE,20,2026-10-05T17:40:36.000Z,2026-10-05 10:40:36,https://queue-times.com/parks/16/queue_times.json
2026-10-05T17:45:40.070Z,2026-10-05 10:45:40,2026-10-05,America/Los_Angeles,disneyland,Disneyland,Fantasyland,281,Peter Pan's Flight,TRUE,30,2026-10-05T17:40:36.000Z,2026-10-05 10:40:36,https://queue-times.com/parks/16/queue_times.json
2026-10-05T17:45:40.070Z,2026-10-05 10:45:40,2026-10-05,America/Los_Angeles,disneyland,Disneyland,Fantasyland,282,Pinocchio's Daring Journey,TRUE,10,2026-10-05T17:40:36.000Z,2026-10-05 10:40:36,https://queue-times.com/parks/16/queue_times.json
2026-10-05T17:45:40.070Z,2026-10-05 10:45:40,2026-10-05,America/Los_Angeles,disneyland,Disneyland,Fantasyland,687,Sleeping Beauty Castle Walkthrough,FALSE,0,2026-10-05T17:40:36.000Z,2026-10-05 10:40:36,https://queue-times.com/parks/16/queue_times.json
2026-10-05T17:45:40.070Z,2026-10-05 10:45:40,2026-10-05,America/Los_Angeles,disneyland,Disneyland,Fantasyland,283,Snow White's Enchanted Wish,TRUE,10,2026-10-05T17:40:36.000Z,2026-10-05 10:40:36,https://queue-times.com/parks/16/queue_times.json
2026-10-05T17:45:40.070Z,2026-10-05 10:45:40,2026-10-05,America/Los_Angeles,disneyland,Disneyland,Fantasyland,305,Storybook Land Canal Boats,TRUE,10,2026-10-05T17:40:36.000Z,2026-10-05 10:40:36,https://queue-times.com/parks/16/queue_times.json
2026-10-05T17:45:40.070Z,2026-10-05 10:45:40,2026-10-05,America/Los_Angeles,disneyland,Disneyland,Frontierland,323,Big Thunder Mountain Railroad,TRUE,35,2026-10-05T17:45:37.000Z,2026-10-05 10:45:37,https://queue-times.com/parks/16/queue_times.json
2026-10-05T17:45:40.070Z,2026-10-05 10:45:40,2026-10-05,America/Los_Angeles,disneyland,Disneyland,Frontierland,679,Frontierland Shootin' Exposition,TRUE,0,2026-10-05T17:40:36.000Z,2026-10-05 10:40:36,https://queue-times.com/parks/16/queue_times.json
2026-10-05T17:45:40.070Z,2026-10-05 10:45:40,2026-10-05,America/Los_Angeles,disneyland,Disneyland,Frontierland,456,Mark Twain Riverboat,TRUE,10,2026-10-05T17:40:36.000Z,2026-10-05 10:40:36,https://queue-times.com/parks/16/queue_times.json
2026-10-05T17:45:40.070Z,2026-10-05 10:45:40,2026-10-05,America/Los_Angeles,disneyland,Disneyland,Frontierland,331,Pirate's Lair on Tom Sawyer Island,TRUE,5,2026-10-05T17:45:37.000Z,2026-10-05 10:45:37,https://queue-times.com/parks/16/queue_times.json
2026-10-05T17:45:40.070Z,2026-10-05 10:45:40,2026-10-05,America/Los_Angeles,disneyland,Disneyland,Frontierland,328,Sailing Ship Columbia,FALSE,0,2026-10-05T17:40:36.000Z,2026-10-05 10:40:36,https://queue-times.com/parks/16/queue_times.json
2026-10-05T17:45:40.070Z,2026-10-05 10:45:40,2026-10-05,America/Los_Angeles,disneyland,Disneyland,Main Street U.S.A,674,Disneyland Railroad,TRUE,5,2026-10-05T17:40:36.000Z,2026-10-05 10:40:36,https://queue-times.com/parks/16/queue_times.json
2026-10-05T17:45:40.070Z,2026-10-05 10:45:40,2026-10-05,America/Los_Angeles,disneyland,Disneyland,Main Street U.S.A,690,Great Moments with Mr. Lincoln,TRUE,0,2026-10-05T17:45:37.000Z,2026-10-05 10:45:37,https://queue-times.com/parks/16/queue_times.json
2026-10-05T17:45:40.070Z,2026-10-05 10:45:40,2026-10-05,America/Los_Angeles,disneyland,Disneyland,Main Street U.S.A,686,Main Street Cinema,TRUE,0,2026-10-05T17:40:36.000Z,2026-10-05 10:40:36,https://queue-times.com/parks/16/queue_times.json
2026-10-05T17:45:40.070Z,2026-10-05 10:45:40,2026-10-05,America/Los_Angeles,disneyland,Disneyland,Main Street U.S.A,691,Main Street Vehicles,TRUE,0,2026-10-05T17:40:36.000Z,2026-10-05 10:40:36,https://queue-times.com/parks/16/queue_times.json
2026-10-05T17:45:40.070Z,2026-10-05 10:45:40,2026-10-05,America/Los_Angeles,disneyland,Disneyland,Main Street U.S.A,14915,Opera House - Walt Disney - A Magical Life,TRUE,0,2026-10-05T17:40:36.000Z,2026-10-05 10:40:36,https://queue-times.com/parks/16/queue_times.json
2026-10-05T17:45:40.070Z,2026-10-05 10:45:40,2026-10-05,America/Los_Angeles,disneyland,Disneyland,Main Street U.S.A,695,The Disney Gallery,TRUE,0,2026-10-05T17:45:37.000Z,2026-10-05 10:45:37,https://queue-times.com/parks/16/queue_times.json
2026-10-05T17:45:40.070Z,2026-10-05 10:45:40,2026-10-05,America/Los_Angeles,disneyland,Disneyland,Main Street U.S.A,14923,Walt Disney - A Magical Life,FALSE,0,2026-10-05T17:45:37.000Z,2026-10-05 10:45:37,https://queue-times.com/parks/16/queue_times.json
2026-10-05T17:45:40.070Z,2026-10-05 10:45:40,2026-10-05,America/Los_Angeles,disneyland,Disneyland,Mickey's Toontown,324,Chip 'n' Dale's GADGETcoaster,TRUE,20,2026-10-05T17:40:36.000Z,2026-10-05 10:40:36,https://queue-times.com/parks/16/queue_times.json
2026-10-05T17:45:40.070Z,2026-10-05 10:45:40,2026-10-05,America/Los_Angeles,disneyland,Disneyland,Mickey's Toontown,13814,Donald's Duck Pond,TRUE,0,2026-10-05T17:40:36.000Z,2026-10-05 10:40:36,https://queue-times.com/parks/16/queue_times.json
2026-10-05T17:45:40.070Z,2026-10-05 10:45:40,2026-10-05,America/Los_Angeles,disneyland,Disneyland,Mickey's Toontown,11980,Goofy's How-to-Play Yard,TRUE,0,2026-10-05T17:40:36.000Z,2026-10-05 10:40:36,https://queue-times.com/parks/16/queue_times.json
2026-10-05T17:45:40.070Z,2026-10-05 10:45:40,2026-10-05,America/Los_Angeles,disneyland,Disneyland,Mickey's Toontown,11526,Mickey & Minnie's Runaway Railway,TRUE,20,2026-10-05T17:40:36.000Z,2026-10-05 10:40:36,https://queue-times.com/parks/16/queue_times.json
2026-10-05T17:45:40.070Z,2026-10-05 10:45:40,2026-10-05,America/Los_Angeles,disneyland,Disneyland,Mickey's Toontown,709,Mickey's House and Meet Mickey Mouse,TRUE,20,2026-10-05T17:40:36.000Z,2026-10-05 10:40:36,https://queue-times.com/parks/16/queue_times.json
2026-10-05T17:45:40.070Z,2026-10-05 10:45:40,2026-10-05,America/Los_Angeles,disneyland,Disneyland,Mickey's Toontown,684,Minnie's House,TRUE,0,2026-10-05T17:40:36.000Z,2026-10-05 10:40:36,https://queue-times.com/parks/16/queue_times.json
2026-10-05T17:45:40.070Z,2026-10-05 10:45:40,2026-10-05,America/Los_Angeles,disneyland,Disneyland,Mickey's Toontown,332,Roger Rabbit's Car Toon Spin,TRUE,45,2026-10-05T17:40:36.000Z,2026-10-05 10:40:36,https://queue-times.com/parks/16/queue_times.json
2026-10-05T17:45:40.070Z,2026-10-05 10:45:40,2026-10-05,America/Los_Angeles,disneyland,Disneyland,New Orleans Square,325,Haunted Mansion Holiday,TRUE,45,2026-10-05T17:40:36.000Z,2026-10-05 10:40:36,https://queue-times.com/parks/16/queue_times.json
2026-10-05T17:45:40.070Z,2026-10-05 10:45:40,2026-10-05,America/Los_Angeles,disneyland,Disneyland,New Orleans Square,289,Pirates of the Caribbean,TRUE,25,2026-10-05T17:40:36.000Z,2026-10-05 10:40:36,https://queue-times.com/parks/16/queue_times.json
2026-10-05T17:45:40.070Z,2026-10-05 10:45:40,2026-10-05,America/Los_Angeles,disneyland,Disneyland,Star Wars: Galaxy's Edge,6339,Millennium Falcon: Smugglers Run,TRUE,15,2026-10-05T17:40:36.000Z,2026-10-05 10:40:36,https://queue-times.com/parks/16/queue_times.json
2026-10-05T17:45:40.070Z,2026-10-05 10:45:40,2026-10-05,America/Los_Angeles,disneyland,Disneyland,Star Wars: Galaxy's Edge,10903,Millennium Falcon: Smugglers Run Single Rider,TRUE,0,2026-10-05T17:40:36.000Z,2026-10-05 10:40:36,https://queue-times.com/parks/16/queue_times.json
2026-10-05T17:45:40.070Z,2026-10-05 10:45:40,2026-10-05,America/Los_Angeles,disneyland,Disneyland,Star Wars: Galaxy's Edge,6340,Star Wars: Rise of the Resistance,TRUE,30,2026-10-05T17:45:37.000Z,2026-10-05 10:45:37,https://queue-times.com/parks/16/queue_times.json
2026-10-05T17:45:40.070Z,2026-10-05 10:45:40,2026-10-05,America/Los_Angeles,disneyland,Disneyland,Tomorrowland,287,Astro Orbitor,TRUE,30,2026-10-05T17:40:36.000Z,2026-10-05 10:40:36,https://queue-times.com/parks/16/queue_times.json
2026-10-05T17:45:40.070Z,2026-10-05 10:45:40,2026-10-05,America/Los_Angeles,disneyland,Disneyland,Tomorrowland,317,Autopia,TRUE,5,2026-10-05T17:45:37.000Z,2026-10-05 10:45:37,https://queue-times.com/parks/16/queue_times.json
2026-10-05T17:45:40.070Z,2026-10-05 10:45:40,2026-10-05,America/Los_Angeles,disneyland,Disneyland,Tomorrowland,273,Buzz Lightyear Astro Blasters,TRUE,10,2026-10-05T17:40:36.000Z,2026-10-05 10:40:36,https://queue-times.com/parks/16/queue_times.json
2026-10-05T17:45:40.070Z,2026-10-05 10:45:40,2026-10-05,America/Los_Angeles,disneyland,Disneyland,Tomorrowland,274,Disneyland Monorail,FALSE,0,2026-10-05T17:40:36.000Z,2026-10-05 10:40:36,https://queue-times.com/parks/16/queue_times.json
2026-10-05T17:45:40.070Z,2026-10-05 10:45:40,2026-10-05,America/Los_Angeles,disneyland,Disneyland,Tomorrowland,276,Finding Nemo Submarine Voyage,TRUE,10,2026-10-05T17:40:36.000Z,2026-10-05 10:40:36,https://queue-times.com/parks/16/queue_times.json
2026-10-05T17:45:40.070Z,2026-10-05 10:45:40,2026-10-05,America/Los_Angeles,disneyland,Disneyland,Tomorrowland,16627,Pixar Short Film Spotlight,FALSE,0,2026-10-05T17:40:36.000Z,2026-10-05 10:40:36,https://queue-times.com/parks/16/queue_times.json
2026-10-05T17:45:40.070Z,2026-10-05 10:45:40,2026-10-05,America/Los_Angeles,disneyland,Disneyland,Tomorrowland,284,Space Mountain,TRUE,45,2026-10-05T17:40:36.000Z,2026-10-05 10:40:36,https://queue-times.com/parks/16/queue_times.json
2026-10-05T17:45:40.070Z,2026-10-05 10:45:40,2026-10-05,America/Los_Angeles,disneyland,Disneyland,Tomorrowland,286,Star Tours - The Adventures Continue,TRUE,15,2026-10-05T17:40:36.000Z,2026-10-05 10:40:36,https://queue-times.com/parks/16/queue_times.json
2026-10-05T17:45:40.070Z,2026-10-05 10:45:40,2026-10-05,America/Los_Angeles,dca,Disney California Adventure,Avengers Campus,329,Guardians of the Galaxy - Mission: BREAKOUT!,TRUE,45,2026-10-05T17:40:42.000Z,2026-10-05 10:40:42,https://queue-times.com/parks/17/queue_times.json
2026-10-05T17:45:40.070Z,2026-10-05 10:45:40,2026-10-05,America/Los_Angeles,dca,Disney California Adventure,Avengers Campus,8843,WEB SLINGERS: A Spider-Man Adventure,TRUE,60,2026-10-05T17:40:42.000Z,2026-10-05 10:40:42,https://queue-times.com/parks/17/queue_times.json
2026-10-05T17:45:40.070Z,2026-10-05 10:45:40,2026-10-05,America/Los_Angeles,dca,Disney California Adventure,Avengers Campus,10907,WEB SLINGERS: A Spider-Man Adventure Single Rider,TRUE,0,2026-10-05T17:40:42.000Z,2026-10-05 10:40:42,https://queue-times.com/parks/17/queue_times.json
2026-10-05T17:45:40.070Z,2026-10-05 10:45:40,2026-10-05,America/Los_Angeles,dca,Disney California Adventure,Cars Land,2608,Luigi's Honkin' Haul-O-Ween,TRUE,30,2026-10-05T17:40:42.000Z,2026-10-05 10:40:42,https://queue-times.com/parks/17/queue_times.json
2026-10-05T17:45:40.070Z,2026-10-05 10:45:40,2026-10-05,America/Los_Angeles,dca,Disney California Adventure,Cars Land,295,Radiator Springs Racers,FALSE,0,2026-10-05T17:40:42.000Z,2026-10-05 10:40:42,https://queue-times.com/parks/17/queue_times.json
2026-10-05T17:45:40.070Z,2026-10-05 10:45:40,2026-10-05,America/Los_Angeles,dca,Disney California Adventure,Cars Land,10904,Radiator Springs Racers Single Rider,FALSE,0,2026-10-05T17:40:42.000Z,2026-10-05 10:40:42,https://queue-times.com/parks/17/queue_times.json
2026-10-05T17:45:40.070Z,2026-10-05 10:45:40,2026-10-05,America/Los_Angeles,dca,Disney California Adventure,Grizzly Peak,302,Grizzly River Run,TRUE,60,2026-10-05T17:40:42.000Z,2026-10-05 10:40:42,https://queue-times.com/parks/17/queue_times.json
2026-10-05T17:45:40.070Z,2026-10-05 10:45:40,2026-10-05,America/Los_Angeles,dca,Disney California Adventure,Grizzly Peak,293,Redwood Creek Challenge Trail,TRUE,5,2026-10-05T17:40:42.000Z,2026-10-05 10:40:42,https://queue-times.com/parks/17/queue_times.json
2026-10-05T17:45:40.070Z,2026-10-05 10:45:40,2026-10-05,America/Los_Angeles,dca,Disney California Adventure,Grizzly Peak,17129,Soarin’ Across America,TRUE,95,2026-10-05T17:40:42.000Z,2026-10-05 10:40:42,https://queue-times.com/parks/17/queue_times.json
2026-10-05T17:45:40.070Z,2026-10-05 10:45:40,2026-10-05,America/Los_Angeles,dca,Disney California Adventure,Hollywood Land,321,Animation Academy,TRUE,0,2026-10-05T17:40:42.000Z,2026-10-05 10:40:42,https://queue-times.com/parks/17/queue_times.json
2026-10-05T17:45:40.070Z,2026-10-05 10:45:40,2026-10-05,America/Los_Angeles,dca,Disney California Adventure,Hollywood Land,6440,Mickey's PhilharMagic,TRUE,10,2026-10-05T17:40:42.000Z,2026-10-05 10:40:42,https://queue-times.com/parks/17/queue_times.json
2026-10-05T17:45:40.070Z,2026-10-05 10:45:40,2026-10-05,America/Los_Angeles,dca,Disney California Adventure,Hollywood Land,291,"Monsters, Inc. Mike & Sulley to the Rescue!",TRUE,45,2026-10-05T17:40:42.000Z,2026-10-05 10:40:42,https://queue-times.com/parks/17/queue_times.json
2026-10-05T17:45:40.070Z,2026-10-05 10:45:40,2026-10-05,America/Los_Angeles,dca,Disney California Adventure,Hollywood Land,868,Sorcerer's Workshop,TRUE,0,2026-10-05T17:40:42.000Z,2026-10-05 10:40:42,https://queue-times.com/parks/17/queue_times.json
2026-10-05T17:45:40.070Z,2026-10-05 10:45:40,2026-10-05,America/Los_Angeles,dca,Disney California Adventure,Hollywood Land,294,Turtle Talk with Crush,TRUE,0,2026-10-05T17:40:42.000Z,2026-10-05 10:40:42,https://queue-times.com/parks/17/queue_times.json
2026-10-05T17:45:40.070Z,2026-10-05 10:45:40,2026-10-05,America/Los_Angeles,dca,Disney California Adventure,Pacific Wharf,869,The Bakery Tour,TRUE,0,2026-10-05T17:40:42.000Z,2026-10-05 10:40:42,https://queue-times.com/parks/17/queue_times.json
2026-10-05T17:45:40.070Z,2026-10-05 10:45:40,2026-10-05,America/Los_Angeles,dca,Disney California Adventure,Paradise Gardens Park,298,Golden Zephyr,TRUE,5,2026-10-05T17:40:42.000Z,2026-10-05 10:40:42,https://queue-times.com/parks/17/queue_times.json
2026-10-05T17:45:40.070Z,2026-10-05 10:45:40,2026-10-05,America/Los_Angeles,dca,Disney California Adventure,Paradise Gardens Park,319,Goofy's Sky School,TRUE,0,2026-10-05T17:40:42.000Z,2026-10-05 10:40:42,https://queue-times.com/parks/17/queue_times.json
2026-10-05T17:45:40.070Z,2026-10-05 10:45:40,2026-10-05,America/Los_Angeles,dca,Disney California Adventure,Paradise Gardens Park,301,Silly Symphony Swings,TRUE,5,2026-10-05T17:40:42.000Z,2026-10-05 10:40:42,https://queue-times.com/parks/17/queue_times.json
2026-10-05T17:45:40.070Z,2026-10-05 10:45:40,2026-10-05,America/Los_Angeles,dca,Disney California Adventure,Paradise Gardens Park,10905,Silly Symphony Swings Single Rider,TRUE,0,2026-10-05T17:40:42.000Z,2026-10-05 10:40:42,https://queue-times.com/parks/17/queue_times.json
2026-10-05T17:45:40.070Z,2026-10-05 10:45:40,2026-10-05,America/Los_Angeles,dca,Disney California Adventure,Paradise Gardens Park,316,The Little Mermaid - Ariel's Undersea Adventure,FALSE,0,2026-10-05T17:40:42.000Z,2026-10-05 10:40:42,https://queue-times.com/parks/17/queue_times.json
2026-10-05T17:45:40.070Z,2026-10-05 10:45:40,2026-10-05,America/Los_Angeles,dca,Disney California Adventure,Paradise Gardens Park,11528,World of Color – ONE,TRUE,0,2026-10-05T17:40:42.000Z,2026-10-05 10:40:42,https://queue-times.com/parks/17/queue_times.json
2026-10-05T17:45:40.070Z,2026-10-05 10:45:40,2026-10-05,America/Los_Angeles,dca,Disney California Adventure,Pixar Pier,866,Games of Pixar Pier,TRUE,5,2026-10-05T17:40:42.000Z,2026-10-05 10:40:42,https://queue-times.com/parks/17/queue_times.json
2026-10-05T17:45:40.070Z,2026-10-05 10:45:40,2026-10-05,America/Los_Angeles,dca,Disney California Adventure,Pixar Pier,322,Incredicoaster,TRUE,30,2026-10-05T17:40:42.000Z,2026-10-05 10:40:42,https://queue-times.com/parks/17/queue_times.json
2026-10-05T17:45:40.070Z,2026-10-05 10:45:40,2026-10-05,America/Los_Angeles,dca,Disney California Adventure,Pixar Pier,10906,Incredicoaster Single Rider,TRUE,0,2026-10-05T17:40:42.000Z,2026-10-05 10:40:42,https://queue-times.com/parks/17/queue_times.json
2026-10-05T17:45:40.070Z,2026-10-05 10:45:40,2026-10-05,America/Los_Angeles,dca,Disney California Adventure,Pixar Pier,6643,Inside Out Emotional Whirlwind,TRUE,20,2026-10-05T17:40:42.000Z,2026-10-05 10:40:42,https://queue-times.com/parks/17/queue_times.json
2026-10-05T17:45:40.070Z,2026-10-05 10:45:40,2026-10-05,America/Los_Angeles,dca,Disney California Adventure,Pixar Pier,310,Jessie's Critter Carousel,TRUE,5,2026-10-05T17:40:42.000Z,2026-10-05 10:40:42,https://queue-times.com/parks/17/queue_times.json
2026-10-05T17:45:40.070Z,2026-10-05 10:45:40,2026-10-05,America/Los_Angeles,dca,Disney California Adventure,Pixar Pier,300,Jumpin' Jellyfish,TRUE,5,2026-10-05T17:40:42.000Z,2026-10-05 10:40:42,https://queue-times.com/parks/17/queue_times.json
2026-10-05T17:45:40.070Z,2026-10-05 10:45:40,2026-10-05,America/Los_Angeles,dca,Disney California Adventure,Pixar Pier,311,Pixar Pal-A-Round - Swinging,TRUE,20,2026-10-05T17:40:42.000Z,2026-10-05 10:40:42,https://queue-times.com/parks/17/queue_times.json
2026-10-05T17:45:40.070Z,2026-10-05 10:45:40,2026-10-05,America/Los_Angeles,dca,Disney California Adventure,Pixar Pier,5557,Pixar Pal-A-Round – Non-Swinging,TRUE,20,2026-10-05T17:40:42.000Z,2026-10-05 10:40:42,https://queue-times.com/parks/17/queue_times.json
2026-10-05T17:45:40.070Z,2026-10-05 10:45:40,2026-10-05,America/Los_Angeles,dca,Disney California Adventure,Pixar Pier,313,Toy Story Midway Mania!,TRUE,65,2026-10-05T17:40:42.000Z,2026-10-05 10:40:42,https://queue-times.com/parks/17/queue_times.json
2026-10-05T17:45:40.070Z,2026-10-05 10:45:40,2026-10-05,America/Los_Angeles,dca,Disney California Adventure,Halloween,5146,Guardians of the Galaxy - Monsters After Dark,FALSE,0,2026-10-05T17:40:42.000Z,2026-10-05 10:40:42,https://queue-times.com/parks/17/queue_times.json
2026-10-05T17:45:40.070Z,2026-10-05 10:45:40,2026-10-05,America/Los_Angeles,dca,Disney California Adventure,Halloween,4723,Mater's Graveyard JamBOOree,TRUE,30,2026-10-05T17:40:42.000Z,2026-10-05 10:40:42,https://queue-times.com/parks/17/queue_times.json
2026-10-05T17:45:40.070Z,2026-10-05 10:45:40,2026-10-05,America/Los_Angeles,dca,Disney California Adventure,Halloween,7292,Villains Grove at Oogie Boogie Bash,FALSE,0,2026-10-05T17:40:42.000Z,2026-10-05 10:40:42,https://queue-times.com/parks/17/queue_times.json
2026-10-05T18:00:48.090Z,2026-10-05 11:00:48,2026-10-05,America/Los_Angeles,disneyland,Disneyland,Adventureland,12428,Adventureland Treehouse inspired by Walt Disney’s Swiss Family Robinson,TRUE,0,2026-10-05T17:55:33.000Z,2026-10-05 10:55:33,https://queue-times.com/parks/16/queue_times.json
2026-10-05T18:00:48.090Z,2026-10-05 11:00:48,2026-10-05,America/Los_Angeles,disneyland,Disneyland,Adventureland,326,Indiana Jones™ Adventure,FALSE,0,2026-10-05T17:55:33.000Z,2026-10-05 10:55:33,https://queue-times.com/parks/16/queue_times.json
2026-10-05T18:00:48.090Z,2026-10-05 11:00:48,2026-10-05,America/Los_Angeles,disneyland,Disneyland,Adventureland,296,Jungle Cruise,TRUE,40,2026-10-05T17:55:33.000Z,2026-10-05 10:55:33,https://queue-times.com/parks/16/queue_times.json
2026-10-05T18:00:48.090Z,2026-10-05 11:00:48,2026-10-05,America/Los_Angeles,disneyland,Disneyland,Adventureland,288,Walt Disney's Enchanted Tiki Room,TRUE,0,2026-10-05T17:55:33.000Z,2026-10-05 10:55:33,https://queue-times.com/parks/16/queue_times.json
2026-10-05T18:00:48.090Z,2026-10-05 11:00:48,2026-10-05,America/Los_Angeles,disneyland,Disneyland,Bayou Country,304,Davy Crockett's Explorer Canoes,FALSE,0,2026-10-05T17:55:33.000Z,2026-10-05 10:55:33,https://queue-times.com/parks/16/queue_times.json
2026-10-05T18:00:48.090Z,2026-10-05 11:00:48,2026-10-05,America/Los_Angeles,disneyland,Disneyland,Bayou Country,306,The Many Adventures of Winnie the Pooh,TRUE,5,2026-10-05T17:55:33.000Z,2026-10-05 10:55:33,https://queue-times.com/parks/16/queue_times.json
2026-10-05T18:00:48.090Z,2026-10-05 11:00:48,2026-10-05,America/Los_Angeles,disneyland,Disneyland,Bayou Country,14168,Tiana's Bayou Adventure,TRUE,40,2026-10-05T17:55:33.000Z,2026-10-05 10:55:33,https://queue-times.com/parks/16/queue_times.json
2026-10-05T18:00:48.090Z,2026-10-05 11:00:48,2026-10-05,America/Los_Angeles,disneyland,Disneyland,Bayou Country,14326,Tiana's Bayou Adventure Single Rider,TRUE,0,2026-10-05T17:55:33.000Z,2026-10-05 10:55:33,https://queue-times.com/parks/16/queue_times.json
2026-10-05T18:00:48.090Z,2026-10-05 11:00:48,2026-10-05,America/Los_Angeles,disneyland,Disneyland,Fantasyland,307,"""it's a small world""",TRUE,10,2026-10-05T17:55:33.000Z,2026-10-05 10:55:33,https://queue-times.com/parks/16/queue_times.json
2026-10-05T18:00:48.090Z,2026-10-05 11:00:48,2026-10-05,America/Los_Angeles,disneyland,Disneyland,Fantasyland,285,Alice in Wonderland,TRUE,15,2026-10-05T17:55:33.000Z,2026-10-05 10:55:33,https://queue-times.com/parks/16/queue_times.json
2026-10-05T18:00:48.090Z,2026-10-05 11:00:48,2026-10-05,America/Los_Angeles,disneyland,Disneyland,Fantasyland,16254,Bluey’s Best Day Ever! at Fantasyland Theatre,TRUE,0,2026-10-05T17:55:33.000Z,2026-10-05 10:55:33,https://queue-times.com/parks/16/queue_times.json
2026-10-05T18:00:48.090Z,2026-10-05 11:00:48,2026-10-05,America/Los_Angeles,disneyland,Disneyland,Fantasyland,303,Casey Jr. Circus Train,TRUE,10,2026-10-05T17:55:33.000Z,2026-10-05 10:55:33,https://queue-times.com/parks/16/queue_times.json
2026-10-05T18:00:48.090Z,2026-10-05 11:00:48,2026-10-05,America/Los_Angeles,disneyland,Disneyland,Fantasyland,275,Dumbo the Flying Elephant,TRUE,20,2026-10-05T17:55:33.000Z,2026-10-05 10:55:33,https://queue-times.com/parks/16/queue_times.json
2026-10-05T18:00:48.090Z,2026-10-05 11:00:48,2026-10-05,America/Los_Angeles,disneyland,Disneyland,Fantasyland,277,King Arthur Carrousel,TRUE,5,2026-10-05T17:55:33.000Z,2026-10-05 10:55:33,https://queue-times.com/parks/16/queue_times.json
2026-10-05T18:00:48.090Z,2026-10-05 11:00:48,2026-10-05,America/Los_Angeles,disneyland,Disneyland,Fantasyland,278,Mad Tea Party,FALSE,0,2026-10-05T17:55:33.000Z,2026-10-05 10:55:33,https://queue-times.com/parks/16/queue_times.json
2026-10-05T18:00:48.090Z,2026-10-05 11:00:48,2026-10-05,America/Los_Angeles,disneyland,Disneyland,Fantasyland,279,Matterhorn Bobsleds,TRUE,20,2026-10-05T17:55:33.000Z,2026-10-05 10:55:33,https://queue-times.com/parks/16/queue_times.json
2026-10-05T18:00:48.090Z,2026-10-05 11:00:48,2026-10-05,America/Los_Angeles,disneyland,Disneyland,Fantasyland,6711,Meet Disney Princesses at Royal Hall,TRUE,60,2026-10-05T17:55:33.000Z,2026-10-05 10:55:33,https://queue-times.com/parks/16/queue_times.json
2026-10-05T18:00:48.090Z,2026-10-05 11:00:48,2026-10-05,America/Los_Angeles,disneyland,Disneyland,Fantasyland,280,Mr. Toad's Wild Ride,TRUE,15,2026-10-05T17:55:33.000Z,2026-10-05 10:55:33,https://queue-times.com/parks/16/queue_times.json
2026-10-05T18:00:48.090Z,2026-10-05 11:00:48,2026-10-05,America/Los_Angeles,disneyland,Disneyland,Fantasyland,281,Peter Pan's Flight,TRUE,30,2026-10-05T17:55:33.000Z,2026-10-05 10:55:33,https://queue-times.com/parks/16/queue_times.json
2026-10-05T18:00:48.090Z,2026-10-05 11:00:48,2026-10-05,America/Los_Angeles,disneyland,Disneyland,Fantasyland,282,Pinocchio's Daring Journey,TRUE,10,2026-10-05T17:55:33.000Z,2026-10-05 10:55:33,https://queue-times.com/parks/16/queue_times.json
2026-10-05T18:00:48.090Z,2026-10-05 11:00:48,2026-10-05,America/Los_Angeles,disneyland,Disneyland,Fantasyland,687,Sleeping Beauty Castle Walkthrough,FALSE,0,2026-10-05T17:55:33.000Z,2026-10-05 10:55:33,https://queue-times.com/parks/16/queue_times.json
2026-10-05T18:00:48.090Z,2026-10-05 11:00:48,2026-10-05,America/Los_Angeles,disneyland,Disneyland,Fantasyland,283,Snow White's Enchanted Wish,TRUE,10,2026-10-05T17:55:33.000Z,2026-10-05 10:55:33,https://queue-times.com/parks/16/queue_times.json
2026-10-05T18:00:48.090Z,2026-10-05 11:00:48,2026-10-05,America/Los_Angeles,disneyland,Disneyland,Fantasyland,305,Storybook Land Canal Boats,TRUE,10,2026-10-05T17:55:33.000Z,2026-10-05 10:55:33,https://queue-times.com/parks/16/queue_times.json
2026-10-05T18:00:48.090Z,2026-10-05 11:00:48,2026-10-05,America/Los_Angeles,disneyland,Disneyland,Frontierland,323,Big Thunder Mountain Railroad,TRUE,35,2026-10-05T17:55:33.000Z,2026-10-05 10:55:33,https://queue-times.com/parks/16/queue_times.json
2026-10-05T18:00:48.090Z,2026-10-05 11:00:48,2026-10-05,America/Los_Angeles,disneyland,Disneyland,Frontierland,679,Frontierland Shootin' Exposition,TRUE,0,2026-10-05T17:55:33.000Z,2026-10-05 10:55:33,https://queue-times.com/parks/16/queue_times.json
2026-10-05T18:00:48.090Z,2026-10-05 11:00:48,2026-10-05,America/Los_Angeles,disneyland,Disneyland,Frontierland,456,Mark Twain Riverboat,TRUE,10,2026-10-05T17:55:33.000Z,2026-10-05 10:55:33,https://queue-times.com/parks/16/queue_times.json
2026-10-05T18:00:48.090Z,2026-10-05 11:00:48,2026-10-05,America/Los_Angeles,disneyland,Disneyland,Frontierland,331,Pirate's Lair on Tom Sawyer Island,TRUE,5,2026-10-05T17:55:33.000Z,2026-10-05 10:55:33,https://queue-times.com/parks/16/queue_times.json
2026-10-05T18:00:48.090Z,2026-10-05 11:00:48,2026-10-05,America/Los_Angeles,disneyland,Disneyland,Frontierland,328,Sailing Ship Columbia,FALSE,0,2026-10-05T17:55:33.000Z,2026-10-05 10:55:33,https://queue-times.com/parks/16/queue_times.json
2026-10-05T18:00:48.090Z,2026-10-05 11:00:48,2026-10-05,America/Los_Angeles,disneyland,Disneyland,Main Street U.S.A,674,Disneyland Railroad,TRUE,5,2026-10-05T17:55:33.000Z,2026-10-05 10:55:33,https://queue-times.com/parks/16/queue_times.json
2026-10-05T18:00:48.090Z,2026-10-05 11:00:48,2026-10-05,America/Los_Angeles,disneyland,Disneyland,Main Street U.S.A,690,Great Moments with Mr. Lincoln,TRUE,0,2026-10-05T17:55:33.000Z,2026-10-05 10:55:33,https://queue-times.com/parks/16/queue_times.json
2026-10-05T18:00:48.090Z,2026-10-05 11:00:48,2026-10-05,America/Los_Angeles,disneyland,Disneyland,Main Street U.S.A,686,Main Street Cinema,TRUE,0,2026-10-05T17:55:33.000Z,2026-10-05 10:55:33,https://queue-times.com/parks/16/queue_times.json
2026-10-05T18:00:48.090Z,2026-10-05 11:00:48,2026-10-05,America/Los_Angeles,disneyland,Disneyland,Main Street U.S.A,691,Main Street Vehicles,TRUE,0,2026-10-05T17:55:33.000Z,2026-10-05 10:55:33,https://queue-times.com/parks/16/queue_times.json
2026-10-05T18:00:48.090Z,2026-10-05 11:00:48,2026-10-05,America/Los_Angeles,disneyland,Disneyland,Main Street U.S.A,14915,Opera House - Walt Disney - A Magical Life,TRUE,0,2026-10-05T17:55:33.000Z,2026-10-05 10:55:33,https://queue-times.com/parks/16/queue_times.json
2026-10-05T18:00:48.090Z,2026-10-05 11:00:48,2026-10-05,America/Los_Angeles,disneyland,Disneyland,Main Street U.S.A,695,The Disney Gallery,TRUE,0,2026-10-05T17:55:33.000Z,2026-10-05 10:55:33,https://queue-times.com/parks/16/queue_times.json
2026-10-05T18:00:48.090Z,2026-10-05 11:00:48,2026-10-05,America/Los_Angeles,disneyland,Disneyland,Main Street U.S.A,14923,Walt Disney - A Magical Life,FALSE,0,2026-10-05T17:55:33.000Z,2026-10-05 10:55:33,https://queue-times.com/parks/16/queue_times.json
2026-10-05T18:00:48.090Z,2026-10-05 11:00:48,2026-10-05,America/Los_Angeles,disneyland,Disneyland,Mickey's Toontown,324,Chip 'n' Dale's GADGETcoaster,TRUE,20,2026-10-05T17:55:33.000Z,2026-10-05 10:55:33,https://queue-times.com/parks/16/queue_times.json
2026-10-05T18:00:48.090Z,2026-10-05 11:00:48,2026-10-05,America/Los_Angeles,disneyland,Disneyland,Mickey's Toontown,13814,Donald's Duck Pond,TRUE,0,2026-10-05T17:55:33.000Z,2026-10-05 10:55:33,https://queue-times.com/parks/16/queue_times.json
2026-10-05T18:00:48.090Z,2026-10-05 11:00:48,2026-10-05,America/Los_Angeles,disneyland,Disneyland,Mickey's Toontown,11980,Goofy's How-to-Play Yard,TRUE,0,2026-10-05T17:55:33.000Z,2026-10-05 10:55:33,https://queue-times.com/parks/16/queue_times.json
2026-10-05T18:00:48.090Z,2026-10-05 11:00:48,2026-10-05,America/Los_Angeles,disneyland,Disneyland,Mickey's Toontown,11526,Mickey & Minnie's Runaway Railway,TRUE,15,2026-10-05T17:55:33.000Z,2026-10-05 10:55:33,https://queue-times.com/parks/16/queue_times.json
2026-10-05T18:00:48.090Z,2026-10-05 11:00:48,2026-10-05,America/Los_Angeles,disneyland,Disneyland,Mickey's Toontown,709,Mickey's House and Meet Mickey Mouse,TRUE,20,2026-10-05T17:55:33.000Z,2026-10-05 10:55:33,https://queue-times.com/parks/16/queue_times.json
2026-10-05T18:00:48.090Z,2026-10-05 11:00:48,2026-10-05,America/Los_Angeles,disneyland,Disneyland,Mickey's Toontown,684,Minnie's House,TRUE,0,2026-10-05T17:55:33.000Z,2026-10-05 10:55:33,https://queue-times.com/parks/16/queue_times.json
2026-10-05T18:00:48.090Z,2026-10-05 11:00:48,2026-10-05,America/Los_Angeles,disneyland,Disneyland,Mickey's Toontown,332,Roger Rabbit's Car Toon Spin,TRUE,35,2026-10-05T17:55:33.000Z,2026-10-05 10:55:33,https://queue-times.com/parks/16/queue_times.json
2026-10-05T18:00:48.090Z,2026-10-05 11:00:48,2026-10-05,America/Los_Angeles,disneyland,Disneyland,New Orleans Square,325,Haunted Mansion Holiday,TRUE,45,2026-10-05T17:55:33.000Z,2026-10-05 10:55:33,https://queue-times.com/parks/16/queue_times.json
2026-10-05T18:00:48.090Z,2026-10-05 11:00:48,2026-10-05,America/Los_Angeles,disneyland,Disneyland,New Orleans Square,289,Pirates of the Caribbean,TRUE,35,2026-10-05T17:55:33.000Z,2026-10-05 10:55:33,https://queue-times.com/parks/16/queue_times.json
2026-10-05T18:00:48.090Z,2026-10-05 11:00:48,2026-10-05,America/Los_Angeles,disneyland,Disneyland,Star Wars: Galaxy's Edge,6339,Millennium Falcon: Smugglers Run,TRUE,15,2026-10-05T17:55:33.000Z,2026-10-05 10:55:33,https://queue-times.com/parks/16/queue_times.json
2026-10-05T18:00:48.090Z,2026-10-05 11:00:48,2026-10-05,America/Los_Angeles,disneyland,Disneyland,Star Wars: Galaxy's Edge,10903,Millennium Falcon: Smugglers Run Single Rider,TRUE,0,2026-10-05T17:55:33.000Z,2026-10-05 10:55:33,https://queue-times.com/parks/16/queue_times.json
2026-10-05T18:00:48.090Z,2026-10-05 11:00:48,2026-10-05,America/Los_Angeles,disneyland,Disneyland,Star Wars: Galaxy's Edge,6340,Star Wars: Rise of the Resistance,TRUE,30,2026-10-05T17:55:33.000Z,2026-10-05 10:55:33,https://queue-times.com/parks/16/queue_times.json
2026-10-05T18:00:48.090Z,2026-10-05 11:00:48,2026-10-05,America/Los_Angeles,disneyland,Disneyland,Tomorrowland,287,Astro Orbitor,TRUE,30,2026-10-05T17:55:33.000Z,2026-10-05 10:55:33,https://queue-times.com/parks/16/queue_times.json
2026-10-05T18:00:48.090Z,2026-10-05 11:00:48,2026-10-05,America/Los_Angeles,disneyland,Disneyland,Tomorrowland,317,Autopia,TRUE,20,2026-10-05T17:55:33.000Z,2026-10-05 10:55:33,https://queue-times.com/parks/16/queue_times.json
2026-10-05T18:00:48.090Z,2026-10-05 11:00:48,2026-10-05,America/Los_Angeles,disneyland,Disneyland,Tomorrowland,273,Buzz Lightyear Astro Blasters,TRUE,20,2026-10-05T17:55:33.000Z,2026-10-05 10:55:33,https://queue-times.com/parks/16/queue_times.json
2026-10-05T18:00:48.090Z,2026-10-05 11:00:48,2026-10-05,America/Los_Angeles,disneyland,Disneyland,Tomorrowland,274,Disneyland Monorail,FALSE,0,2026-10-05T17:55:33.000Z,2026-10-05 10:55:33,https://queue-times.com/parks/16/queue_times.json
2026-10-05T18:00:48.090Z,2026-10-05 11:00:48,2026-10-05,America/Los_Angeles,disneyland,Disneyland,Tomorrowland,276,Finding Nemo Submarine Voyage,TRUE,10,2026-10-05T17:55:33.000Z,2026-10-05 10:55:33,https://queue-times.com/parks/16/queue_times.json
2026-10-05T18:00:48.090Z,2026-10-05 11:00:48,2026-10-05,America/Los_Angeles,disneyland,Disneyland,Tomorrowland,16627,Pixar Short Film Spotlight,FALSE,0,2026-10-05T17:55:33.000Z,2026-10-05 10:55:33,https://queue-times.com/parks/16/queue_times.json
2026-10-05T18:00:48.090Z,2026-10-05 11:00:48,2026-10-05,America/Los_Angeles,disneyland,Disneyland,Tomorrowland,284,Space Mountain,TRUE,40,2026-10-05T17:55:33.000Z,2026-10-05 10:55:33,https://queue-times.com/parks/16/queue_times.json
2026-10-05T18:00:48.090Z,2026-10-05 11:00:48,2026-10-05,America/Los_Angeles,disneyland,Disneyland,Tomorrowland,286,Star Tours - The Adventures Continue,TRUE,15,2026-10-05T17:55:33.000Z,2026-10-05 10:55:33,https://queue-times.com/parks/16/queue_times.json
2026-10-05T18:00:48.090Z,2026-10-05 11:00:48,2026-10-05,America/Los_Angeles,dca,Disney California Adventure,Avengers Campus,329,Guardians of the Galaxy - Mission: BREAKOUT!,TRUE,45,2026-10-05T17:55:40.000Z,2026-10-05 10:55:40,https://queue-times.com/parks/17/queue_times.json
2026-10-05T18:00:48.090Z,2026-10-05 11:00:48,2026-10-05,America/Los_Angeles,dca,Disney California Adventure,Avengers Campus,8843,WEB SLINGERS: A Spider-Man Adventure,TRUE,45,2026-10-05T17:55:40.000Z,2026-10-05 10:55:40,https://queue-times.com/parks/17/queue_times.json
2026-10-05T18:00:48.090Z,2026-10-05 11:00:48,2026-10-05,America/Los_Angeles,dca,Disney California Adventure,Avengers Campus,10907,WEB SLINGERS: A Spider-Man Adventure Single Rider,TRUE,0,2026-10-05T17:55:40.000Z,2026-10-05 10:55:40,https://queue-times.com/parks/17/queue_times.json
2026-10-05T18:00:48.090Z,2026-10-05 11:00:48,2026-10-05,America/Los_Angeles,dca,Disney California Adventure,Cars Land,2608,Luigi's Honkin' Haul-O-Ween,TRUE,30,2026-10-05T17:55:40.000Z,2026-10-05 10:55:40,https://queue-times.com/parks/17/queue_times.json
2026-10-05T18:00:48.090Z,2026-10-05 11:00:48,2026-10-05,America/Los_Angeles,dca,Disney California Adventure,Cars Land,295,Radiator Springs Racers,FALSE,0,2026-10-05T17:55:40.000Z,2026-10-05 10:55:40,https://queue-times.com/parks/17/queue_times.json
2026-10-05T18:00:48.090Z,2026-10-05 11:00:48,2026-10-05,America/Los_Angeles,dca,Disney California Adventure,Cars Land,10904,Radiator Springs Racers Single Rider,FALSE,0,2026-10-05T17:55:40.000Z,2026-10-05 10:55:40,https://queue-times.com/parks/17/queue_times.json
2026-10-05T18:00:48.090Z,2026-10-05 11:00:48,2026-10-05,America/Los_Angeles,dca,Disney California Adventure,Grizzly Peak,302,Grizzly River Run,TRUE,60,2026-10-05T17:55:40.000Z,2026-10-05 10:55:40,https://queue-times.com/parks/17/queue_times.json
2026-10-05T18:00:48.090Z,2026-10-05 11:00:48,2026-10-05,America/Los_Angeles,dca,Disney California Adventure,Grizzly Peak,293,Redwood Creek Challenge Trail,TRUE,5,2026-10-05T17:55:40.000Z,2026-10-05 10:55:40,https://queue-times.com/parks/17/queue_times.json
2026-10-05T18:00:48.090Z,2026-10-05 11:00:48,2026-10-05,America/Los_Angeles,dca,Disney California Adventure,Grizzly Peak,17129,Soarin’ Across America,TRUE,95,2026-10-05T17:55:40.000Z,2026-10-05 10:55:40,https://queue-times.com/parks/17/queue_times.json
2026-10-05T18:00:48.090Z,2026-10-05 11:00:48,2026-10-05,America/Los_Angeles,dca,Disney California Adventure,Hollywood Land,321,Animation Academy,TRUE,0,2026-10-05T17:55:40.000Z,2026-10-05 10:55:40,https://queue-times.com/parks/17/queue_times.json
2026-10-05T18:00:48.090Z,2026-10-05 11:00:48,2026-10-05,America/Los_Angeles,dca,Disney California Adventure,Hollywood Land,6440,Mickey's PhilharMagic,TRUE,10,2026-10-05T17:55:40.000Z,2026-10-05 10:55:40,https://queue-times.com/parks/17/queue_times.json
2026-10-05T18:00:48.090Z,2026-10-05 11:00:48,2026-10-05,America/Los_Angeles,dca,Disney California Adventure,Hollywood Land,291,"Monsters, Inc. Mike & Sulley to the Rescue!",TRUE,35,2026-10-05T17:55:40.000Z,2026-10-05 10:55:40,https://queue-times.com/parks/17/queue_times.json
2026-10-05T18:00:48.090Z,2026-10-05 11:00:48,2026-10-05,America/Los_Angeles,dca,Disney California Adventure,Hollywood Land,868,Sorcerer's Workshop,TRUE,0,2026-10-05T17:55:40.000Z,2026-10-05 10:55:40,https://queue-times.com/parks/17/queue_times.json
2026-10-05T18:00:48.090Z,2026-10-05 11:00:48,2026-10-05,America/Los_Angeles,dca,Disney California Adventure,Hollywood Land,294,Turtle Talk with Crush,TRUE,0,2026-10-05T17:55:40.000Z,2026-10-05 10:55:40,https://queue-times.com/parks/17/queue_times.json
2026-10-05T18:00:48.090Z,2026-10-05 11:00:48,2026-10-05,America/Los_Angeles,dca,Disney California Adventure,Pacific Wharf,869,The Bakery Tour,TRUE,0,2026-10-05T17:55:40.000Z,2026-10-05 10:55:40,https://queue-times.com/parks/17/queue_times.json
2026-10-05T18:00:48.090Z,2026-10-05 11:00:48,2026-10-05,America/Los_Angeles,dca,Disney California Adventure,Paradise Gardens Park,298,Golden Zephyr,TRUE,5,2026-10-05T17:55:40.000Z,2026-10-05 10:55:40,https://queue-times.com/parks/17/queue_times.json
2026-10-05T18:00:48.090Z,2026-10-05 11:00:48,2026-10-05,America/Los_Angeles,dca,Disney California Adventure,Paradise Gardens Park,319,Goofy's Sky School,FALSE,0,2026-10-05T17:55:40.000Z,2026-10-05 10:55:40,https://queue-times.com/parks/17/queue_times.json
2026-10-05T18:00:48.090Z,2026-10-05 11:00:48,2026-10-05,America/Los_Angeles,dca,Disney California Adventure,Paradise Gardens Park,301,Silly Symphony Swings,TRUE,10,2026-10-05T17:55:40.000Z,2026-10-05 10:55:40,https://queue-times.com/parks/17/queue_times.json
2026-10-05T18:00:48.090Z,2026-10-05 11:00:48,2026-10-05,America/Los_Angeles,dca,Disney California Adventure,Paradise Gardens Park,10905,Silly Symphony Swings Single Rider,TRUE,0,2026-10-05T17:55:40.000Z,2026-10-05 10:55:40,https://queue-times.com/parks/17/queue_times.json
2026-10-05T18:00:48.090Z,2026-10-05 11:00:48,2026-10-05,America/Los_Angeles,dca,Disney California Adventure,Paradise Gardens Park,316,The Little Mermaid - Ariel's Undersea Adventure,FALSE,0,2026-10-05T17:55:40.000Z,2026-10-05 10:55:40,https://queue-times.com/parks/17/queue_times.json
2026-10-05T18:00:48.090Z,2026-10-05 11:00:48,2026-10-05,America/Los_Angeles,dca,Disney California Adventure,Paradise Gardens Park,11528,World of Color – ONE,TRUE,0,2026-10-05T17:55:40.000Z,2026-10-05 10:55:40,https://queue-times.com/parks/17/queue_times.json
2026-10-05T18:00:48.090Z,2026-10-05 11:00:48,2026-10-05,America/Los_Angeles,dca,Disney California Adventure,Pixar Pier,866,Games of Pixar Pier,TRUE,5,2026-10-05T17:55:40.000Z,2026-10-05 10:55:40,https://queue-times.com/parks/17/queue_times.json
2026-10-05T18:00:48.090Z,2026-10-05 11:00:48,2026-10-05,America/Los_Angeles,dca,Disney California Adventure,Pixar Pier,322,Incredicoaster,TRUE,30,2026-10-05T17:55:40.000Z,2026-10-05 10:55:40,https://queue-times.com/parks/17/queue_times.json
2026-10-05T18:00:48.090Z,2026-10-05 11:00:48,2026-10-05,America/Los_Angeles,dca,Disney California Adventure,Pixar Pier,10906,Incredicoaster Single Rider,TRUE,0,2026-10-05T17:55:40.000Z,2026-10-05 10:55:40,https://queue-times.com/parks/17/queue_times.json
2026-10-05T18:00:48.090Z,2026-10-05 11:00:48,2026-10-05,America/Los_Angeles,dca,Disney California Adventure,Pixar Pier,6643,Inside Out Emotional Whirlwind,TRUE,20,2026-10-05T17:55:40.000Z,2026-10-05 10:55:40,https://queue-times.com/parks/17/queue_times.json
2026-10-05T18:00:48.090Z,2026-10-05 11:00:48,2026-10-05,America/Los_Angeles,dca,Disney California Adventure,Pixar Pier,310,Jessie's Critter Carousel,TRUE,5,2026-10-05T17:55:40.000Z,2026-10-05 10:55:40,https://queue-times.com/parks/17/queue_times.json
2026-10-05T18:00:48.090Z,2026-10-05 11:00:48,2026-10-05,America/Los_Angeles,dca,Disney California Adventure,Pixar Pier,300,Jumpin' Jellyfish,TRUE,10,2026-10-05T17:55:40.000Z,2026-10-05 10:55:40,https://queue-times.com/parks/17/queue_times.json
2026-10-05T18:00:48.090Z,2026-10-05 11:00:48,2026-10-05,America/Los_Angeles,dca,Disney California Adventure,Pixar Pier,311,Pixar Pal-A-Round - Swinging,TRUE,15,2026-10-05T17:55:40.000Z,2026-10-05 10:55:40,https://queue-times.com/parks/17/queue_times.json
2026-10-05T18:00:48.090Z,2026-10-05 11:00:48,2026-10-05,America/Los_Angeles,dca,Disney California Adventure,Pixar Pier,5557,Pixar Pal-A-Round – Non-Swinging,TRUE,15,2026-10-05T17:55:40.000Z,2026-10-05 10:55:40,https://queue-times.com/parks/17/queue_times.json
2026-10-05T18:00:48.090Z,2026-10-05 11:00:48,2026-10-05,America/Los_Angeles,dca,Disney California Adventure,Pixar Pier,313,Toy Story Midway Mania!,TRUE,65,2026-10-05T17:55:40.000Z,2026-10-05 10:55:40,https://queue-times.com/parks/17/queue_times.json
2026-10-05T18:00:48.090Z,2026-10-05 11:00:48,2026-10-05,America/Los_Angeles,dca,Disney California Adventure,Halloween,5146,Guardians of the Galaxy - Monsters After Dark,FALSE,0,2026-10-05T17:55:40.000Z,2026-10-05 10:55:40,https://queue-times.com/parks/17/queue_times.json
2026-10-05T18:00:48.090Z,2026-10-05 11:00:48,2026-10-05,America/Los_Angeles,dca,Disney California Adventure,Halloween,4723,Mater's Graveyard JamBOOree,TRUE,30,2026-10-05T17:55:40.000Z,2026-10-05 10:55:40,https://queue-times.com/parks/17/queue_times.json
2026-10-05T18:00:48.090Z,2026-10-05 11:00:48,2026-10-05,America/Los_Angeles,dca,Disney California Adventure,Halloween,7292,Villains Grove at Oogie Boogie Bash,FALSE,0,2026-10-05T17:55:40.000Z,2026-10-05 10:55:40,https://queue-times.com/parks/17/queue_times.json
2026-10-05T18:15:37.371Z,2026-10-05 11:15:37,2026-10-05,America/Los_Angeles,disneyland,Disneyland,Adventureland,12428,Adventureland Treehouse inspired by Walt Disney’s Swiss Family Robinson,TRUE,0,2026-10-05T18:10:32.000Z,2026-10-05 11:10:32,https://queue-times.com/parks/16/queue_times.json
2026-10-05T18:15:37.371Z,2026-10-05 11:15:37,2026-10-05,America/Los_Angeles,disneyland,Disneyland,Adventureland,326,Indiana Jones™ Adventure,FALSE,0,2026-10-05T18:10:32.000Z,2026-10-05 11:10:32,https://queue-times.com/parks/16/queue_times.json
2026-10-05T18:15:37.371Z,2026-10-05 11:15:37,2026-10-05,America/Los_Angeles,disneyland,Disneyland,Adventureland,296,Jungle Cruise,TRUE,40,2026-10-05T18:10:32.000Z,2026-10-05 11:10:32,https://queue-times.com/parks/16/queue_times.json
2026-10-05T18:15:37.371Z,2026-10-05 11:15:37,2026-10-05,America/Los_Angeles,disneyland,Disneyland,Adventureland,288,Walt Disney's Enchanted Tiki Room,TRUE,0,2026-10-05T18:10:32.000Z,2026-10-05 11:10:32,https://queue-times.com/parks/16/queue_times.json
2026-10-05T18:15:37.371Z,2026-10-05 11:15:37,2026-10-05,America/Los_Angeles,disneyland,Disneyland,Bayou Country,304,Davy Crockett's Explorer Canoes,FALSE,0,2026-10-05T18:10:32.000Z,2026-10-05 11:10:32,https://queue-times.com/parks/16/queue_times.json
2026-10-05T18:15:37.371Z,2026-10-05 11:15:37,2026-10-05,America/Los_Angeles,disneyland,Disneyland,Bayou Country,306,The Many Adventures of Winnie the Pooh,TRUE,5,2026-10-05T18:10:32.000Z,2026-10-05 11:10:32,https://queue-times.com/parks/16/queue_times.json
2026-10-05T18:15:37.371Z,2026-10-05 11:15:37,2026-10-05,America/Los_Angeles,disneyland,Disneyland,Bayou Country,14168,Tiana's Bayou Adventure,TRUE,40,2026-10-05T18:10:32.000Z,2026-10-05 11:10:32,https://queue-times.com/parks/16/queue_times.json
2026-10-05T18:15:37.371Z,2026-10-05 11:15:37,2026-10-05,America/Los_Angeles,disneyland,Disneyland,Bayou Country,14326,Tiana's Bayou Adventure Single Rider,TRUE,0,2026-10-05T18:10:32.000Z,2026-10-05 11:10:32,https://queue-times.com/parks/16/queue_times.json
2026-10-05T18:15:37.371Z,2026-10-05 11:15:37,2026-10-05,America/Los_Angeles,disneyland,Disneyland,Fantasyland,307,"""it's a small world""",TRUE,5,2026-10-05T18:10:32.000Z,2026-10-05 11:10:32,https://queue-times.com/parks/16/queue_times.json
2026-10-05T18:15:37.371Z,2026-10-05 11:15:37,2026-10-05,America/Los_Angeles,disneyland,Disneyland,Fantasyland,285,Alice in Wonderland,TRUE,15,2026-10-05T18:10:32.000Z,2026-10-05 11:10:32,https://queue-times.com/parks/16/queue_times.json
2026-10-05T18:15:37.371Z,2026-10-05 11:15:37,2026-10-05,America/Los_Angeles,disneyland,Disneyland,Fantasyland,16254,Bluey’s Best Day Ever! at Fantasyland Theatre,TRUE,0,2026-10-05T18:10:32.000Z,2026-10-05 11:10:32,https://queue-times.com/parks/16/queue_times.json
2026-10-05T18:15:37.371Z,2026-10-05 11:15:37,2026-10-05,America/Los_Angeles,disneyland,Disneyland,Fantasyland,303,Casey Jr. Circus Train,TRUE,10,2026-10-05T18:10:32.000Z,2026-10-05 11:10:32,https://queue-times.com/parks/16/queue_times.json
2026-10-05T18:15:37.371Z,2026-10-05 11:15:37,2026-10-05,America/Los_Angeles,disneyland,Disneyland,Fantasyland,275,Dumbo the Flying Elephant,TRUE,20,2026-10-05T18:10:32.000Z,2026-10-05 11:10:32,https://queue-times.com/parks/16/queue_times.json
2026-10-05T18:15:37.371Z,2026-10-05 11:15:37,2026-10-05,America/Los_Angeles,disneyland,Disneyland,Fantasyland,277,King Arthur Carrousel,TRUE,5,2026-10-05T18:10:32.000Z,2026-10-05 11:10:32,https://queue-times.com/parks/16/queue_times.json
2026-10-05T18:15:37.371Z,2026-10-05 11:15:37,2026-10-05,America/Los_Angeles,disneyland,Disneyland,Fantasyland,278,Mad Tea Party,FALSE,0,2026-10-05T18:10:32.000Z,2026-10-05 11:10:32,https://queue-times.com/parks/16/queue_times.json
2026-10-05T18:15:37.371Z,2026-10-05 11:15:37,2026-10-05,America/Los_Angeles,disneyland,Disneyland,Fantasyland,279,Matterhorn Bobsleds,TRUE,30,2026-10-05T18:10:32.000Z,2026-10-05 11:10:32,https://queue-times.com/parks/16/queue_times.json
2026-10-05T18:15:37.371Z,2026-10-05 11:15:37,2026-10-05,America/Los_Angeles,disneyland,Disneyland,Fantasyland,6711,Meet Disney Princesses at Royal Hall,TRUE,60,2026-10-05T18:10:32.000Z,2026-10-05 11:10:32,https://queue-times.com/parks/16/queue_times.json
2026-10-05T18:15:37.371Z,2026-10-05 11:15:37,2026-10-05,America/Los_Angeles,disneyland,Disneyland,Fantasyland,280,Mr. Toad's Wild Ride,TRUE,15,2026-10-05T18:10:32.000Z,2026-10-05 11:10:32,https://queue-times.com/parks/16/queue_times.json
2026-10-05T18:15:37.371Z,2026-10-05 11:15:37,2026-10-05,America/Los_Angeles,disneyland,Disneyland,Fantasyland,281,Peter Pan's Flight,TRUE,30,2026-10-05T18:10:32.000Z,2026-10-05 11:10:32,https://queue-times.com/parks/16/queue_times.json
2026-10-05T18:15:37.371Z,2026-10-05 11:15:37,2026-10-05,America/Los_Angeles,disneyland,Disneyland,Fantasyland,282,Pinocchio's Daring Journey,TRUE,10,2026-10-05T18:10:32.000Z,2026-10-05 11:10:32,https://queue-times.com/parks/16/queue_times.json
2026-10-05T18:15:37.371Z,2026-10-05 11:15:37,2026-10-05,America/Los_Angeles,disneyland,Disneyland,Fantasyland,687,Sleeping Beauty Castle Walkthrough,FALSE,0,2026-10-05T18:10:32.000Z,2026-10-05 11:10:32,https://queue-times.com/parks/16/queue_times.json
2026-10-05T18:15:37.371Z,2026-10-05 11:15:37,2026-10-05,America/Los_Angeles,disneyland,Disneyland,Fantasyland,283,Snow White's Enchanted Wish,TRUE,10,2026-10-05T18:10:32.000Z,2026-10-05 11:10:32,https://queue-times.com/parks/16/queue_times.json
2026-10-05T18:15:37.371Z,2026-10-05 11:15:37,2026-10-05,America/Los_Angeles,disneyland,Disneyland,Fantasyland,305,Storybook Land Canal Boats,TRUE,10,2026-10-05T18:10:32.000Z,2026-10-05 11:10:32,https://queue-times.com/parks/16/queue_times.json
2026-10-05T18:15:37.371Z,2026-10-05 11:15:37,2026-10-05,America/Los_Angeles,disneyland,Disneyland,Frontierland,323,Big Thunder Mountain Railroad,TRUE,15,2026-10-05T18:10:32.000Z,2026-10-05 11:10:32,https://queue-times.com/parks/16/queue_times.json
2026-10-05T18:15:37.371Z,2026-10-05 11:15:37,2026-10-05,America/Los_Angeles,disneyland,Disneyland,Frontierland,679,Frontierland Shootin' Exposition,TRUE,0,2026-10-05T18:10:32.000Z,2026-10-05 11:10:32,https://queue-times.com/parks/16/queue_times.json
2026-10-05T18:15:37.371Z,2026-10-05 11:15:37,2026-10-05,America/Los_Angeles,disneyland,Disneyland,Frontierland,456,Mark Twain Riverboat,TRUE,10,2026-10-05T18:10:32.000Z,2026-10-05 11:10:32,https://queue-times.com/parks/16/queue_times.json
2026-10-05T18:15:37.371Z,2026-10-05 11:15:37,2026-10-05,America/Los_Angeles,disneyland,Disneyland,Frontierland,331,Pirate's Lair on Tom Sawyer Island,TRUE,5,2026-10-05T18:10:32.000Z,2026-10-05 11:10:32,https://queue-times.com/parks/16/queue_times.json
2026-10-05T18:15:37.371Z,2026-10-05 11:15:37,2026-10-05,America/Los_Angeles,disneyland,Disneyland,Frontierland,328,Sailing Ship Columbia,FALSE,0,2026-10-05T18:10:32.000Z,2026-10-05 11:10:32,https://queue-times.com/parks/16/queue_times.json
2026-10-05T18:15:37.371Z,2026-10-05 11:15:37,2026-10-05,America/Los_Angeles,disneyland,Disneyland,Main Street U.S.A,674,Disneyland Railroad,TRUE,5,2026-10-05T18:10:32.000Z,2026-10-05 11:10:32,https://queue-times.com/parks/16/queue_times.json
2026-10-05T18:15:37.371Z,2026-10-05 11:15:37,2026-10-05,America/Los_Angeles,disneyland,Disneyland,Main Street U.S.A,690,Great Moments with Mr. Lincoln,TRUE,0,2026-10-05T18:10:32.000Z,2026-10-05 11:10:32,https://queue-times.com/parks/16/queue_times.json
2026-10-05T18:15:37.371Z,2026-10-05 11:15:37,2026-10-05,America/Los_Angeles,disneyland,Disneyland,Main Street U.S.A,686,Main Street Cinema,TRUE,0,2026-10-05T18:10:32.000Z,2026-10-05 11:10:32,https://queue-times.com/parks/16/queue_times.json
2026-10-05T18:15:37.371Z,2026-10-05 11:15:37,2026-10-05,America/Los_Angeles,disneyland,Disneyland,Main Street U.S.A,691,Main Street Vehicles,TRUE,0,2026-10-05T18:10:32.000Z,2026-10-05 11:10:32,https://queue-times.com/parks/16/queue_times.json
2026-10-05T18:15:37.371Z,2026-10-05 11:15:37,2026-10-05,America/Los_Angeles,disneyland,Disneyland,Main Street U.S.A,14915,Opera House - Walt Disney - A Magical Life,TRUE,0,2026-10-05T18:10:32.000Z,2026-10-05 11:10:32,https://queue-times.com/parks/16/queue_times.json
2026-10-05T18:15:37.371Z,2026-10-05 11:15:37,2026-10-05,America/Los_Angeles,disneyland,Disneyland,Main Street U.S.A,695,The Disney Gallery,TRUE,0,2026-10-05T18:10:32.000Z,2026-10-05 11:10:32,https://queue-times.com/parks/16/queue_times.json
2026-10-05T18:15:37.371Z,2026-10-05 11:15:37,2026-10-05,America/Los_Angeles,disneyland,Disneyland,Main Street U.S.A,14923,Walt Disney - A Magical Life,FALSE,0,2026-10-05T18:10:32.000Z,2026-10-05 11:10:32,https://queue-times.com/parks/16/queue_times.json
2026-10-05T18:15:37.371Z,2026-10-05 11:15:37,2026-10-05,America/Los_Angeles,disneyland,Disneyland,Mickey's Toontown,324,Chip 'n' Dale's GADGETcoaster,TRUE,5,2026-10-05T18:10:32.000Z,2026-10-05 11:10:32,https://queue-times.com/parks/16/queue_times.json
2026-10-05T18:15:37.371Z,2026-10-05 11:15:37,2026-10-05,America/Los_Angeles,disneyland,Disneyland,Mickey's Toontown,13814,Donald's Duck Pond,TRUE,0,2026-10-05T18:10:32.000Z,2026-10-05 11:10:32,https://queue-times.com/parks/16/queue_times.json
2026-10-05T18:15:37.371Z,2026-10-05 11:15:37,2026-10-05,America/Los_Angeles,disneyland,Disneyland,Mickey's Toontown,11980,Goofy's How-to-Play Yard,TRUE,0,2026-10-05T18:10:32.000Z,2026-10-05 11:10:32,https://queue-times.com/parks/16/queue_times.json
2026-10-05T18:15:37.371Z,2026-10-05 11:15:37,2026-10-05,America/Los_Angeles,disneyland,Disneyland,Mickey's Toontown,11526,Mickey & Minnie's Runaway Railway,TRUE,25,2026-10-05T18:10:32.000Z,2026-10-05 11:10:32,https://queue-times.com/parks/16/queue_times.json
2026-10-05T18:15:37.371Z,2026-10-05 11:15:37,2026-10-05,America/Los_Angeles,disneyland,Disneyland,Mickey's Toontown,709,Mickey's House and Meet Mickey Mouse,TRUE,15,2026-10-05T18:10:32.000Z,2026-10-05 11:10:32,https://queue-times.com/parks/16/queue_times.json
2026-10-05T18:15:37.371Z,2026-10-05 11:15:37,2026-10-05,America/Los_Angeles,disneyland,Disneyland,Mickey's Toontown,684,Minnie's House,TRUE,0,2026-10-05T18:10:32.000Z,2026-10-05 11:10:32,https://queue-times.com/parks/16/queue_times.json
2026-10-05T18:15:37.371Z,2026-10-05 11:15:37,2026-10-05,America/Los_Angeles,disneyland,Disneyland,Mickey's Toontown,332,Roger Rabbit's Car Toon Spin,TRUE,30,2026-10-05T18:10:32.000Z,2026-10-05 11:10:32,https://queue-times.com/parks/16/queue_times.json
2026-10-05T18:15:37.371Z,2026-10-05 11:15:37,2026-10-05,America/Los_Angeles,disneyland,Disneyland,New Orleans Square,325,Haunted Mansion Holiday,TRUE,40,2026-10-05T18:10:32.000Z,2026-10-05 11:10:32,https://queue-times.com/parks/16/queue_times.json
2026-10-05T18:15:37.371Z,2026-10-05 11:15:37,2026-10-05,America/Los_Angeles,disneyland,Disneyland,New Orleans Square,289,Pirates of the Caribbean,TRUE,35,2026-10-05T18:10:32.000Z,2026-10-05 11:10:32,https://queue-times.com/parks/16/queue_times.json
2026-10-05T18:15:37.371Z,2026-10-05 11:15:37,2026-10-05,America/Los_Angeles,disneyland,Disneyland,Star Wars: Galaxy's Edge,6339,Millennium Falcon: Smugglers Run,TRUE,30,2026-10-05T18:10:32.000Z,2026-10-05 11:10:32,https://queue-times.com/parks/16/queue_times.json
2026-10-05T18:15:37.371Z,2026-10-05 11:15:37,2026-10-05,America/Los_Angeles,disneyland,Disneyland,Star Wars: Galaxy's Edge,10903,Millennium Falcon: Smugglers Run Single Rider,TRUE,0,2026-10-05T18:10:32.000Z,2026-10-05 11:10:32,https://queue-times.com/parks/16/queue_times.json
2026-10-05T18:15:37.371Z,2026-10-05 11:15:37,2026-10-05,America/Los_Angeles,disneyland,Disneyland,Star Wars: Galaxy's Edge,6340,Star Wars: Rise of the Resistance,TRUE,60,2026-10-05T18:10:32.000Z,2026-10-05 11:10:32,https://queue-times.com/parks/16/queue_times.json
2026-10-05T18:15:37.371Z,2026-10-05 11:15:37,2026-10-05,America/Los_Angeles,disneyland,Disneyland,Tomorrowland,287,Astro Orbitor,TRUE,10,2026-10-05T18:10:32.000Z,2026-10-05 11:10:32,https://queue-times.com/parks/16/queue_times.json
2026-10-05T18:15:37.371Z,2026-10-05 11:15:37,2026-10-05,America/Los_Angeles,disneyland,Disneyland,Tomorrowland,317,Autopia,TRUE,15,2026-10-05T18:10:32.000Z,2026-10-05 11:10:32,https://queue-times.com/parks/16/queue_times.json
2026-10-05T18:15:37.371Z,2026-10-05 11:15:37,2026-10-05,America/Los_Angeles,disneyland,Disneyland,Tomorrowland,273,Buzz Lightyear Astro Blasters,TRUE,20,2026-10-05T18:10:32.000Z,2026-10-05 11:10:32,https://queue-times.com/parks/16/queue_times.json
2026-10-05T18:15:37.371Z,2026-10-05 11:15:37,2026-10-05,America/Los_Angeles,disneyland,Disneyland,Tomorrowland,274,Disneyland Monorail,FALSE,0,2026-10-05T18:10:32.000Z,2026-10-05 11:10:32,https://queue-times.com/parks/16/queue_times.json
2026-10-05T18:15:37.371Z,2026-10-05 11:15:37,2026-10-05,America/Los_Angeles,disneyland,Disneyland,Tomorrowland,276,Finding Nemo Submarine Voyage,TRUE,15,2026-10-05T18:10:32.000Z,2026-10-05 11:10:32,https://queue-times.com/parks/16/queue_times.json
2026-10-05T18:15:37.371Z,2026-10-05 11:15:37,2026-10-05,America/Los_Angeles,disneyland,Disneyland,Tomorrowland,16627,Pixar Short Film Spotlight,FALSE,0,2026-10-05T18:10:32.000Z,2026-10-05 11:10:32,https://queue-times.com/parks/16/queue_times.json
2026-10-05T18:15:37.371Z,2026-10-05 11:15:37,2026-10-05,America/Los_Angeles,disneyland,Disneyland,Tomorrowland,284,Space Mountain,TRUE,25,2026-10-05T18:10:32.000Z,2026-10-05 11:10:32,https://queue-times.com/parks/16/queue_times.json
2026-10-05T18:15:37.371Z,2026-10-05 11:15:37,2026-10-05,America/Los_Angeles,disneyland,Disneyland,Tomorrowland,286,Star Tours - The Adventures Continue,TRUE,25,2026-10-05T18:10:32.000Z,2026-10-05 11:10:32,https://queue-times.com/parks/16/queue_times.json
2026-10-05T18:15:37.371Z,2026-10-05 11:15:37,2026-10-05,America/Los_Angeles,dca,Disney California Adventure,Avengers Campus,329,Guardians of the Galaxy - Mission: BREAKOUT!,TRUE,45,2026-10-05T18:10:41.000Z,2026-10-05 11:10:41,https://queue-times.com/parks/17/queue_times.json
2026-10-05T18:15:37.371Z,2026-10-05 11:15:37,2026-10-05,America/Los_Angeles,dca,Disney California Adventure,Avengers Campus,8843,WEB SLINGERS: A Spider-Man Adventure,TRUE,65,2026-10-05T18:10:41.000Z,2026-10-05 11:10:41,https://queue-times.com/parks/17/queue_times.json
2026-10-05T18:15:37.371Z,2026-10-05 11:15:37,2026-10-05,America/Los_Angeles,dca,Disney California Adventure,Avengers Campus,10907,WEB SLINGERS: A Spider-Man Adventure Single Rider,TRUE,0,2026-10-05T18:10:41.000Z,2026-10-05 11:10:41,https://queue-times.com/parks/17/queue_times.json
2026-10-05T18:15:37.371Z,2026-10-05 11:15:37,2026-10-05,America/Los_Angeles,dca,Disney California Adventure,Cars Land,2608,Luigi's Honkin' Haul-O-Ween,TRUE,30,2026-10-05T18:10:41.000Z,2026-10-05 11:10:41,https://queue-times.com/parks/17/queue_times.json
2026-10-05T18:15:37.371Z,2026-10-05 11:15:37,2026-10-05,America/Los_Angeles,dca,Disney California Adventure,Cars Land,295,Radiator Springs Racers,FALSE,0,2026-10-05T18:10:41.000Z,2026-10-05 11:10:41,https://queue-times.com/parks/17/queue_times.json
2026-10-05T18:15:37.371Z,2026-10-05 11:15:37,2026-10-05,America/Los_Angeles,dca,Disney California Adventure,Cars Land,10904,Radiator Springs Racers Single Rider,FALSE,0,2026-10-05T18:10:41.000Z,2026-10-05 11:10:41,https://queue-times.com/parks/17/queue_times.json
2026-10-05T18:15:37.371Z,2026-10-05 11:15:37,2026-10-05,America/Los_Angeles,dca,Disney California Adventure,Grizzly Peak,302,Grizzly River Run,TRUE,60,2026-10-05T18:10:41.000Z,2026-10-05 11:10:41,https://queue-times.com/parks/17/queue_times.json
2026-10-05T18:15:37.371Z,2026-10-05 11:15:37,2026-10-05,America/Los_Angeles,dca,Disney California Adventure,Grizzly Peak,293,Redwood Creek Challenge Trail,TRUE,5,2026-10-05T18:10:41.000Z,2026-10-05 11:10:41,https://queue-times.com/parks/17/queue_times.json
2026-10-05T18:15:37.371Z,2026-10-05 11:15:37,2026-10-05,America/Los_Angeles,dca,Disney California Adventure,Grizzly Peak,17129,Soarin’ Across America,TRUE,95,2026-10-05T18:10:41.000Z,2026-10-05 11:10:41,https://queue-times.com/parks/17/queue_times.json
2026-10-05T18:15:37.371Z,2026-10-05 11:15:37,2026-10-05,America/Los_Angeles,dca,Disney California Adventure,Hollywood Land,321,Animation Academy,TRUE,0,2026-10-05T18:10:41.000Z,2026-10-05 11:10:41,https://queue-times.com/parks/17/queue_times.json
2026-10-05T18:15:37.371Z,2026-10-05 11:15:37,2026-10-05,America/Los_Angeles,dca,Disney California Adventure,Hollywood Land,6440,Mickey's PhilharMagic,TRUE,10,2026-10-05T18:10:41.000Z,2026-10-05 11:10:41,https://queue-times.com/parks/17/queue_times.json
2026-10-05T18:15:37.371Z,2026-10-05 11:15:37,2026-10-05,America/Los_Angeles,dca,Disney California Adventure,Hollywood Land,291,"Monsters, Inc. Mike & Sulley to the Rescue!",TRUE,55,2026-10-05T18:10:41.000Z,2026-10-05 11:10:41,https://queue-times.com/parks/17/queue_times.json
2026-10-05T18:15:37.371Z,2026-10-05 11:15:37,2026-10-05,America/Los_Angeles,dca,Disney California Adventure,Hollywood Land,868,Sorcerer's Workshop,TRUE,0,2026-10-05T18:10:41.000Z,2026-10-05 11:10:41,https://queue-times.com/parks/17/queue_times.json
2026-10-05T18:15:37.371Z,2026-10-05 11:15:37,2026-10-05,America/Los_Angeles,dca,Disney California Adventure,Hollywood Land,294,Turtle Talk with Crush,TRUE,0,2026-10-05T18:10:41.000Z,2026-10-05 11:10:41,https://queue-times.com/parks/17/queue_times.json
2026-10-05T18:15:37.371Z,2026-10-05 11:15:37,2026-10-05,America/Los_Angeles,dca,Disney California Adventure,Pacific Wharf,869,The Bakery Tour,TRUE,0,2026-10-05T18:10:41.000Z,2026-10-05 11:10:41,https://queue-times.com/parks/17/queue_times.json
2026-10-05T18:15:37.371Z,2026-10-05 11:15:37,2026-10-05,America/Los_Angeles,dca,Disney California Adventure,Paradise Gardens Park,298,Golden Zephyr,TRUE,5,2026-10-05T18:10:41.000Z,2026-10-05 11:10:41,https://queue-times.com/parks/17/queue_times.json
2026-10-05T18:15:37.371Z,2026-10-05 11:15:37,2026-10-05,America/Los_Angeles,dca,Disney California Adventure,Paradise Gardens Park,319,Goofy's Sky School,FALSE,0,2026-10-05T18:10:41.000Z,2026-10-05 11:10:41,https://queue-times.com/parks/17/queue_times.json
2026-10-05T18:15:37.371Z,2026-10-05 11:15:37,2026-10-05,America/Los_Angeles,dca,Disney California Adventure,Paradise Gardens Park,301,Silly Symphony Swings,TRUE,10,2026-10-05T18:10:41.000Z,2026-10-05 11:10:41,https://queue-times.com/parks/17/queue_times.json
2026-10-05T18:15:37.371Z,2026-10-05 11:15:37,2026-10-05,America/Los_Angeles,dca,Disney California Adventure,Paradise Gardens Park,10905,Silly Symphony Swings Single Rider,TRUE,0,2026-10-05T18:10:41.000Z,2026-10-05 11:10:41,https://queue-times.com/parks/17/queue_times.json
2026-10-05T18:15:37.371Z,2026-10-05 11:15:37,2026-10-05,America/Los_Angeles,dca,Disney California Adventure,Paradise Gardens Park,316,The Little Mermaid - Ariel's Undersea Adventure,FALSE,0,2026-10-05T18:10:41.000Z,2026-10-05 11:10:41,https://queue-times.com/parks/17/queue_times.json
2026-10-05T18:15:37.371Z,2026-10-05 11:15:37,2026-10-05,America/Los_Angeles,dca,Disney California Adventure,Paradise Gardens Park,11528,World of Color – ONE,TRUE,0,2026-10-05T18:10:41.000Z,2026-10-05 11:10:41,https://queue-times.com/parks/17/queue_times.json
2026-10-05T18:15:37.371Z,2026-10-05 11:15:37,2026-10-05,America/Los_Angeles,dca,Disney California Adventure,Pixar Pier,866,Games of Pixar Pier,TRUE,5,2026-10-05T18:10:41.000Z,2026-10-05 11:10:41,https://queue-times.com/parks/17/queue_times.json
2026-10-05T18:15:37.371Z,2026-10-05 11:15:37,2026-10-05,America/Los_Angeles,dca,Disney California Adventure,Pixar Pier,322,Incredicoaster,TRUE,30,2026-10-05T18:10:41.000Z,2026-10-05 11:10:41,https://queue-times.com/parks/17/queue_times.json
2026-10-05T18:15:37.371Z,2026-10-05 11:15:37,2026-10-05,America/Los_Angeles,dca,Disney California Adventure,Pixar Pier,10906,Incredicoaster Single Rider,TRUE,0,2026-10-05T18:10:41.000Z,2026-10-05 11:10:41,https://queue-times.com/parks/17/queue_times.json
2026-10-05T18:15:37.371Z,2026-10-05 11:15:37,2026-10-05,America/Los_Angeles,dca,Disney California Adventure,Pixar Pier,6643,Inside Out Emotional Whirlwind,TRUE,20,2026-10-05T18:10:41.000Z,2026-10-05 11:10:41,https://queue-times.com/parks/17/queue_times.json
2026-10-05T18:15:37.371Z,2026-10-05 11:15:37,2026-10-05,America/Los_Angeles,dca,Disney California Adventure,Pixar Pier,310,Jessie's Critter Carousel,TRUE,5,2026-10-05T18:10:41.000Z,2026-10-05 11:10:41,https://queue-times.com/parks/17/queue_times.json
2026-10-05T18:15:37.371Z,2026-10-05 11:15:37,2026-10-05,America/Los_Angeles,dca,Disney California Adventure,Pixar Pier,300,Jumpin' Jellyfish,TRUE,10,2026-10-05T18:10:41.000Z,2026-10-05 11:10:41,https://queue-times.com/parks/17/queue_times.json
2026-10-05T18:15:37.371Z,2026-10-05 11:15:37,2026-10-05,America/Los_Angeles,dca,Disney California Adventure,Pixar Pier,311,Pixar Pal-A-Round - Swinging,TRUE,25,2026-10-05T18:10:41.000Z,2026-10-05 11:10:41,https://queue-times.com/parks/17/queue_times.json
2026-10-05T18:15:37.371Z,2026-10-05 11:15:37,2026-10-05,America/Los_Angeles,dca,Disney California Adventure,Pixar Pier,5557,Pixar Pal-A-Round – Non-Swinging,TRUE,25,2026-10-05T18:10:41.000Z,2026-10-05 11:10:41,https://queue-times.com/parks/17/queue_times.json
2026-10-05T18:15:37.371Z,2026-10-05 11:15:37,2026-10-05,America/Los_Angeles,dca,Disney California Adventure,Pixar Pier,313,Toy Story Midway Mania!,TRUE,65,2026-10-05T18:10:41.000Z,2026-10-05 11:10:41,https://queue-times.com/parks/17/queue_times.json
2026-10-05T18:15:37.371Z,2026-10-05 11:15:37,2026-10-05,America/Los_Angeles,dca,Disney California Adventure,Halloween,5146,Guardians of the Galaxy - Monsters After Dark,FALSE,0,2026-10-05T18:10:41.000Z,2026-10-05 11:10:41,https://queue-times.com/parks/17/queue_times.json
2026-10-05T18:15:37.371Z,2026-10-05 11:15:37,2026-10-05,America/Los_Angeles,dca,Disney California Adventure,Halloween,4723,Mater's Graveyard JamBOOree,TRUE,20,2026-10-05T18:10:41.000Z,2026-10-05 11:10:41,https://queue-times.com/parks/17/queue_times.json
2026-10-05T18:15:37.371Z,2026-10-05 11:15:37,2026-10-05,America/Los_Angeles,dca,Disney California Adventure,Halloween,7292,Villains Grove at Oogie Boogie Bash,FALSE,0,2026-10-05T18:10:41.000Z,2026-10-05 11:10:41,https://queue-times.com/parks/17/queue_times.json
2026-10-05T18:21:21.844Z,2026-10-05 11:21:21,2026-10-05,America/Los_Angeles,disneyland,Disneyland,Adventureland,12428,Adventureland Treehouse inspired by Walt Disney’s Swiss Family Robinson,TRUE,0,2026-10-05T18:15:39.000Z,2026-10-05 11:15:39,https://queue-times.com/parks/16/queue_times.json
2026-10-05T18:21:21.844Z,2026-10-05 11:21:21,2026-10-05,America/Los_Angeles,disneyland,Disneyland,Adventureland,326,Indiana Jones™ Adventure,FALSE,0,2026-10-05T18:20:39.000Z,2026-10-05 11:20:39,https://queue-times.com/parks/16/queue_times.json
2026-10-05T18:21:21.844Z,2026-10-05 11:21:21,2026-10-05,America/Los_Angeles,disneyland,Disneyland,Adventureland,296,Jungle Cruise,TRUE,40,2026-10-05T18:20:39.000Z,2026-10-05 11:20:39,https://queue-times.com/parks/16/queue_times.json
2026-10-05T18:21:21.844Z,2026-10-05 11:21:21,2026-10-05,America/Los_Angeles,disneyland,Disneyland,Adventureland,288,Walt Disney's Enchanted Tiki Room,TRUE,0,2026-10-05T18:20:39.000Z,2026-10-05 11:20:39,https://queue-times.com/parks/16/queue_times.json
2026-10-05T18:21:21.844Z,2026-10-05 11:21:21,2026-10-05,America/Los_Angeles,disneyland,Disneyland,Bayou Country,304,Davy Crockett's Explorer Canoes,FALSE,0,2026-10-05T18:15:39.000Z,2026-10-05 11:15:39,https://queue-times.com/parks/16/queue_times.json
2026-10-05T18:21:21.844Z,2026-10-05 11:21:21,2026-10-05,America/Los_Angeles,disneyland,Disneyland,Bayou Country,306,The Many Adventures of Winnie the Pooh,TRUE,5,2026-10-05T18:15:39.000Z,2026-10-05 11:15:39,https://queue-times.com/parks/16/queue_times.json
2026-10-05T18:21:21.844Z,2026-10-05 11:21:21,2026-10-05,America/Los_Angeles,disneyland,Disneyland,Bayou Country,14168,Tiana's Bayou Adventure,TRUE,40,2026-10-05T18:15:39.000Z,2026-10-05 11:15:39,https://queue-times.com/parks/16/queue_times.json
2026-10-05T18:21:21.844Z,2026-10-05 11:21:21,2026-10-05,America/Los_Angeles,disneyland,Disneyland,Bayou Country,14326,Tiana's Bayou Adventure Single Rider,TRUE,0,2026-10-05T18:15:39.000Z,2026-10-05 11:15:39,https://queue-times.com/parks/16/queue_times.json
2026-10-05T18:21:21.844Z,2026-10-05 11:21:21,2026-10-05,America/Los_Angeles,disneyland,Disneyland,Fantasyland,307,"""it's a small world""",TRUE,5,2026-10-05T18:15:39.000Z,2026-10-05 11:15:39,https://queue-times.com/parks/16/queue_times.json
2026-10-05T18:21:21.844Z,2026-10-05 11:21:21,2026-10-05,America/Los_Angeles,disneyland,Disneyland,Fantasyland,285,Alice in Wonderland,TRUE,15,2026-10-05T18:15:39.000Z,2026-10-05 11:15:39,https://queue-times.com/parks/16/queue_times.json
2026-10-05T18:21:21.844Z,2026-10-05 11:21:21,2026-10-05,America/Los_Angeles,disneyland,Disneyland,Fantasyland,16254,Bluey’s Best Day Ever! at Fantasyland Theatre,TRUE,0,2026-10-05T18:15:39.000Z,2026-10-05 11:15:39,https://queue-times.com/parks/16/queue_times.json
2026-10-05T18:21:21.844Z,2026-10-05 11:21:21,2026-10-05,America/Los_Angeles,disneyland,Disneyland,Fantasyland,303,Casey Jr. Circus Train,TRUE,10,2026-10-05T18:15:39.000Z,2026-10-05 11:15:39,https://queue-times.com/parks/16/queue_times.json
2026-10-05T18:21:21.844Z,2026-10-05 11:21:21,2026-10-05,America/Los_Angeles,disneyland,Disneyland,Fantasyland,275,Dumbo the Flying Elephant,TRUE,20,2026-10-05T18:15:39.000Z,2026-10-05 11:15:39,https://queue-times.com/parks/16/queue_times.json
2026-10-05T18:21:21.844Z,2026-10-05 11:21:21,2026-10-05,America/Los_Angeles,disneyland,Disneyland,Fantasyland,277,King Arthur Carrousel,TRUE,5,2026-10-05T18:15:39.000Z,2026-10-05 11:15:39,https://queue-times.com/parks/16/queue_times.json
2026-10-05T18:21:21.844Z,2026-10-05 11:21:21,2026-10-05,America/Los_Angeles,disneyland,Disneyland,Fantasyland,278,Mad Tea Party,FALSE,0,2026-10-05T18:15:39.000Z,2026-10-05 11:15:39,https://queue-times.com/parks/16/queue_times.json
2026-10-05T18:21:21.844Z,2026-10-05 11:21:21,2026-10-05,America/Los_Angeles,disneyland,Disneyland,Fantasyland,279,Matterhorn Bobsleds,TRUE,30,2026-10-05T18:15:39.000Z,2026-10-05 11:15:39,https://queue-times.com/parks/16/queue_times.json
2026-10-05T18:21:21.844Z,2026-10-05 11:21:21,2026-10-05,America/Los_Angeles,disneyland,Disneyland,Fantasyland,6711,Meet Disney Princesses at Royal Hall,TRUE,60,2026-10-05T18:15:39.000Z,2026-10-05 11:15:39,https://queue-times.com/parks/16/queue_times.json
2026-10-05T18:21:21.844Z,2026-10-05 11:21:21,2026-10-05,America/Los_Angeles,disneyland,Disneyland,Fantasyland,280,Mr. Toad's Wild Ride,TRUE,15,2026-10-05T18:15:39.000Z,2026-10-05 11:15:39,https://queue-times.com/parks/16/queue_times.json
2026-10-05T18:21:21.844Z,2026-10-05 11:21:21,2026-10-05,America/Los_Angeles,disneyland,Disneyland,Fantasyland,281,Peter Pan's Flight,TRUE,30,2026-10-05T18:15:39.000Z,2026-10-05 11:15:39,https://queue-times.com/parks/16/queue_times.json
2026-10-05T18:21:21.844Z,2026-10-05 11:21:21,2026-10-05,America/Los_Angeles,disneyland,Disneyland,Fantasyland,282,Pinocchio's Daring Journey,TRUE,10,2026-10-05T18:15:39.000Z,2026-10-05 11:15:39,https://queue-times.com/parks/16/queue_times.json
2026-10-05T18:21:21.844Z,2026-10-05 11:21:21,2026-10-05,America/Los_Angeles,disneyland,Disneyland,Fantasyland,687,Sleeping Beauty Castle Walkthrough,FALSE,0,2026-10-05T18:15:39.000Z,2026-10-05 11:15:39,https://queue-times.com/parks/16/queue_times.json
2026-10-05T18:21:21.844Z,2026-10-05 11:21:21,2026-10-05,America/Los_Angeles,disneyland,Disneyland,Fantasyland,283,Snow White's Enchanted Wish,TRUE,10,2026-10-05T18:15:39.000Z,2026-10-05 11:15:39,https://queue-times.com/parks/16/queue_times.json
2026-10-05T18:21:21.844Z,2026-10-05 11:21:21,2026-10-05,America/Los_Angeles,disneyland,Disneyland,Fantasyland,305,Storybook Land Canal Boats,TRUE,10,2026-10-05T18:15:39.000Z,2026-10-05 11:15:39,https://queue-times.com/parks/16/queue_times.json
2026-10-05T18:21:21.844Z,2026-10-05 11:21:21,2026-10-05,America/Los_Angeles,disneyland,Disneyland,Frontierland,323,Big Thunder Mountain Railroad,FALSE,0,2026-10-05T18:20:39.000Z,2026-10-05 11:20:39,https://queue-times.com/parks/16/queue_times.json
2026-10-05T18:21:21.844Z,2026-10-05 11:21:21,2026-10-05,America/Los_Angeles,disneyland,Disneyland,Frontierland,679,Frontierland Shootin' Exposition,TRUE,0,2026-10-05T18:15:39.000Z,2026-10-05 11:15:39,https://queue-times.com/parks/16/queue_times.json
2026-10-05T18:21:21.844Z,2026-10-05 11:21:21,2026-10-05,America/Los_Angeles,disneyland,Disneyland,Frontierland,456,Mark Twain Riverboat,TRUE,10,2026-10-05T18:15:39.000Z,2026-10-05 11:15:39,https://queue-times.com/parks/16/queue_times.json
2026-10-05T18:21:21.844Z,2026-10-05 11:21:21,2026-10-05,America/Los_Angeles,disneyland,Disneyland,Frontierland,331,Pirate's Lair on Tom Sawyer Island,TRUE,5,2026-10-05T18:20:39.000Z,2026-10-05 11:20:39,https://queue-times.com/parks/16/queue_times.json
2026-10-05T18:21:21.844Z,2026-10-05 11:21:21,2026-10-05,America/Los_Angeles,disneyland,Disneyland,Frontierland,328,Sailing Ship Columbia,FALSE,0,2026-10-05T18:15:39.000Z,2026-10-05 11:15:39,https://queue-times.com/parks/16/queue_times.json
2026-10-05T18:21:21.844Z,2026-10-05 11:21:21,2026-10-05,America/Los_Angeles,disneyland,Disneyland,Main Street U.S.A,674,Disneyland Railroad,TRUE,5,2026-10-05T18:15:39.000Z,2026-10-05 11:15:39,https://queue-times.com/parks/16/queue_times.json
2026-10-05T18:21:21.844Z,2026-10-05 11:21:21,2026-10-05,America/Los_Angeles,disneyland,Disneyland,Main Street U.S.A,690,Great Moments with Mr. Lincoln,TRUE,0,2026-10-05T18:20:39.000Z,2026-10-05 11:20:39,https://queue-times.com/parks/16/queue_times.json
2026-10-05T18:21:21.844Z,2026-10-05 11:21:21,2026-10-05,America/Los_Angeles,disneyland,Disneyland,Main Street U.S.A,686,Main Street Cinema,TRUE,0,2026-10-05T18:15:39.000Z,2026-10-05 11:15:39,https://queue-times.com/parks/16/queue_times.json
2026-10-05T18:21:21.844Z,2026-10-05 11:21:21,2026-10-05,America/Los_Angeles,disneyland,Disneyland,Main Street U.S.A,691,Main Street Vehicles,TRUE,0,2026-10-05T18:15:39.000Z,2026-10-05 11:15:39,https://queue-times.com/parks/16/queue_times.json
2026-10-05T18:21:21.844Z,2026-10-05 11:21:21,2026-10-05,America/Los_Angeles,disneyland,Disneyland,Main Street U.S.A,14915,Opera House - Walt Disney - A Magical Life,TRUE,0,2026-10-05T18:15:39.000Z,2026-10-05 11:15:39,https://queue-times.com/parks/16/queue_times.json
2026-10-05T18:21:21.844Z,2026-10-05 11:21:21,2026-10-05,America/Los_Angeles,disneyland,Disneyland,Main Street U.S.A,695,The Disney Gallery,TRUE,0,2026-10-05T18:15:39.000Z,2026-10-05 11:15:39,https://queue-times.com/parks/16/queue_times.json
2026-10-05T18:21:21.844Z,2026-10-05 11:21:21,2026-10-05,America/Los_Angeles,disneyland,Disneyland,Main Street U.S.A,14923,Walt Disney - A Magical Life,FALSE,0,2026-10-05T18:20:39.000Z,2026-10-05 11:20:39,https://queue-times.com/parks/16/queue_times.json
2026-10-05T18:21:21.844Z,2026-10-05 11:21:21,2026-10-05,America/Los_Angeles,disneyland,Disneyland,Mickey's Toontown,324,Chip 'n' Dale's GADGETcoaster,TRUE,5,2026-10-05T18:15:39.000Z,2026-10-05 11:15:39,https://queue-times.com/parks/16/queue_times.json
2026-10-05T18:21:21.844Z,2026-10-05 11:21:21,2026-10-05,America/Los_Angeles,disneyland,Disneyland,Mickey's Toontown,13814,Donald's Duck Pond,TRUE,0,2026-10-05T18:15:39.000Z,2026-10-05 11:15:39,https://queue-times.com/parks/16/queue_times.json
2026-10-05T18:21:21.844Z,2026-10-05 11:21:21,2026-10-05,America/Los_Angeles,disneyland,Disneyland,Mickey's Toontown,11980,Goofy's How-to-Play Yard,TRUE,0,2026-10-05T18:15:39.000Z,2026-10-05 11:15:39,https://queue-times.com/parks/16/queue_times.json
2026-10-05T18:21:21.844Z,2026-10-05 11:21:21,2026-10-05,America/Los_Angeles,disneyland,Disneyland,Mickey's Toontown,11526,Mickey & Minnie's Runaway Railway,TRUE,35,2026-10-05T18:15:39.000Z,2026-10-05 11:15:39,https://queue-times.com/parks/16/queue_times.json
2026-10-05T18:21:21.844Z,2026-10-05 11:21:21,2026-10-05,America/Los_Angeles,disneyland,Disneyland,Mickey's Toontown,709,Mickey's House and Meet Mickey Mouse,TRUE,15,2026-10-05T18:15:39.000Z,2026-10-05 11:15:39,https://queue-times.com/parks/16/queue_times.json
2026-10-05T18:21:21.844Z,2026-10-05 11:21:21,2026-10-05,America/Los_Angeles,disneyland,Disneyland,Mickey's Toontown,684,Minnie's House,TRUE,0,2026-10-05T18:15:39.000Z,2026-10-05 11:15:39,https://queue-times.com/parks/16/queue_times.json
2026-10-05T18:21:21.844Z,2026-10-05 11:21:21,2026-10-05,America/Los_Angeles,disneyland,Disneyland,Mickey's Toontown,332,Roger Rabbit's Car Toon Spin,TRUE,30,2026-10-05T18:15:39.000Z,2026-10-05 11:15:39,https://queue-times.com/parks/16/queue_times.json
2026-10-05T18:21:21.844Z,2026-10-05 11:21:21,2026-10-05,America/Los_Angeles,disneyland,Disneyland,New Orleans Square,325,Haunted Mansion Holiday,TRUE,40,2026-10-05T18:15:39.000Z,2026-10-05 11:15:39,https://queue-times.com/parks/16/queue_times.json
2026-10-05T18:21:21.844Z,2026-10-05 11:21:21,2026-10-05,America/Los_Angeles,disneyland,Disneyland,New Orleans Square,289,Pirates of the Caribbean,TRUE,35,2026-10-05T18:15:39.000Z,2026-10-05 11:15:39,https://queue-times.com/parks/16/queue_times.json
2026-10-05T18:21:21.844Z,2026-10-05 11:21:21,2026-10-05,America/Los_Angeles,disneyland,Disneyland,Star Wars: Galaxy's Edge,6339,Millennium Falcon: Smugglers Run,TRUE,30,2026-10-05T18:15:39.000Z,2026-10-05 11:15:39,https://queue-times.com/parks/16/queue_times.json
2026-10-05T18:21:21.844Z,2026-10-05 11:21:21,2026-10-05,America/Los_Angeles,disneyland,Disneyland,Star Wars: Galaxy's Edge,10903,Millennium Falcon: Smugglers Run Single Rider,TRUE,0,2026-10-05T18:15:39.000Z,2026-10-05 11:15:39,https://queue-times.com/parks/16/queue_times.json
2026-10-05T18:21:21.844Z,2026-10-05 11:21:21,2026-10-05,America/Los_Angeles,disneyland,Disneyland,Star Wars: Galaxy's Edge,6340,Star Wars: Rise of the Resistance,TRUE,60,2026-10-05T18:15:39.000Z,2026-10-05 11:15:39,https://queue-times.com/parks/16/queue_times.json
2026-10-05T18:21:21.844Z,2026-10-05 11:21:21,2026-10-05,America/Los_Angeles,disneyland,Disneyland,Tomorrowland,287,Astro Orbitor,TRUE,10,2026-10-05T18:15:39.000Z,2026-10-05 11:15:39,https://queue-times.com/parks/16/queue_times.json
2026-10-05T18:21:21.844Z,2026-10-05 11:21:21,2026-10-05,America/Los_Angeles,disneyland,Disneyland,Tomorrowland,317,Autopia,TRUE,5,2026-10-05T18:20:39.000Z,2026-10-05 11:20:39,https://queue-times.com/parks/16/queue_times.json
2026-10-05T18:21:21.844Z,2026-10-05 11:21:21,2026-10-05,America/Los_Angeles,disneyland,Disneyland,Tomorrowland,273,Buzz Lightyear Astro Blasters,TRUE,20,2026-10-05T18:15:39.000Z,2026-10-05 11:15:39,https://queue-times.com/parks/16/queue_times.json
2026-10-05T18:21:21.844Z,2026-10-05 11:21:21,2026-10-05,America/Los_Angeles,disneyland,Disneyland,Tomorrowland,274,Disneyland Monorail,FALSE,0,2026-10-05T18:15:39.000Z,2026-10-05 11:15:39,https://queue-times.com/parks/16/queue_times.json
2026-10-05T18:21:21.844Z,2026-10-05 11:21:21,2026-10-05,America/Los_Angeles,disneyland,Disneyland,Tomorrowland,276,Finding Nemo Submarine Voyage,TRUE,15,2026-10-05T18:15:39.000Z,2026-10-05 11:15:39,https://queue-times.com/parks/16/queue_times.json
2026-10-05T18:21:21.844Z,2026-10-05 11:21:21,2026-10-05,America/Los_Angeles,disneyland,Disneyland,Tomorrowland,16627,Pixar Short Film Spotlight,FALSE,0,2026-10-05T18:15:39.000Z,2026-10-05 11:15:39,https://queue-times.com/parks/16/queue_times.json
2026-10-05T18:21:21.844Z,2026-10-05 11:21:21,2026-10-05,America/Los_Angeles,disneyland,Disneyland,Tomorrowland,284,Space Mountain,TRUE,30,2026-10-05T18:15:39.000Z,2026-10-05 11:15:39,https://queue-times.com/parks/16/queue_times.json
2026-10-05T18:21:21.844Z,2026-10-05 11:21:21,2026-10-05,America/Los_Angeles,disneyland,Disneyland,Tomorrowland,286,Star Tours - The Adventures Continue,TRUE,15,2026-10-05T18:15:39.000Z,2026-10-05 11:15:39,https://queue-times.com/parks/16/queue_times.json
2026-10-05T18:21:21.844Z,2026-10-05 11:21:21,2026-10-05,America/Los_Angeles,dca,Disney California Adventure,Avengers Campus,329,Guardians of the Galaxy - Mission: BREAKOUT!,TRUE,50,2026-10-05T18:20:39.000Z,2026-10-05 11:20:39,https://queue-times.com/parks/17/queue_times.json
2026-10-05T18:21:21.844Z,2026-10-05 11:21:21,2026-10-05,America/Los_Angeles,dca,Disney California Adventure,Avengers Campus,8843,WEB SLINGERS: A Spider-Man Adventure,TRUE,85,2026-10-05T18:20:39.000Z,2026-10-05 11:20:39,https://queue-times.com/parks/17/queue_times.json
2026-10-05T18:21:21.844Z,2026-10-05 11:21:21,2026-10-05,America/Los_Angeles,dca,Disney California Adventure,Avengers Campus,10907,WEB SLINGERS: A Spider-Man Adventure Single Rider,TRUE,0,2026-10-05T18:20:39.000Z,2026-10-05 11:20:39,https://queue-times.com/parks/17/queue_times.json
2026-10-05T18:21:21.844Z,2026-10-05 11:21:21,2026-10-05,America/Los_Angeles,dca,Disney California Adventure,Cars Land,2608,Luigi's Honkin' Haul-O-Ween,TRUE,30,2026-10-05T18:20:39.000Z,2026-10-05 11:20:39,https://queue-times.com/parks/17/queue_times.json
2026-10-05T18:21:21.844Z,2026-10-05 11:21:21,2026-10-05,America/Los_Angeles,dca,Disney California Adventure,Cars Land,295,Radiator Springs Racers,FALSE,0,2026-10-05T18:20:39.000Z,2026-10-05 11:20:39,https://queue-times.com/parks/17/queue_times.json
2026-10-05T18:21:21.844Z,2026-10-05 11:21:21,2026-10-05,America/Los_Angeles,dca,Disney California Adventure,Cars Land,10904,Radiator Springs Racers Single Rider,FALSE,0,2026-10-05T18:20:39.000Z,2026-10-05 11:20:39,https://queue-times.com/parks/17/queue_times.json
2026-10-05T18:21:21.844Z,2026-10-05 11:21:21,2026-10-05,America/Los_Angeles,dca,Disney California Adventure,Grizzly Peak,302,Grizzly River Run,TRUE,60,2026-10-05T18:20:39.000Z,2026-10-05 11:20:39,https://queue-times.com/parks/17/queue_times.json
2026-10-05T18:21:21.844Z,2026-10-05 11:21:21,2026-10-05,America/Los_Angeles,dca,Disney California Adventure,Grizzly Peak,293,Redwood Creek Challenge Trail,TRUE,5,2026-10-05T18:20:39.000Z,2026-10-05 11:20:39,https://queue-times.com/parks/17/queue_times.json
2026-10-05T18:21:21.844Z,2026-10-05 11:21:21,2026-10-05,America/Los_Angeles,dca,Disney California Adventure,Grizzly Peak,17129,Soarin’ Across America,TRUE,95,2026-10-05T18:20:39.000Z,2026-10-05 11:20:39,https://queue-times.com/parks/17/queue_times.json
2026-10-05T18:21:21.844Z,2026-10-05 11:21:21,2026-10-05,America/Los_Angeles,dca,Disney California Adventure,Hollywood Land,321,Animation Academy,TRUE,0,2026-10-05T18:20:39.000Z,2026-10-05 11:20:39,https://queue-times.com/parks/17/queue_times.json
2026-10-05T18:21:21.844Z,2026-10-05 11:21:21,2026-10-05,America/Los_Angeles,dca,Disney California Adventure,Hollywood Land,6440,Mickey's PhilharMagic,TRUE,10,2026-10-05T18:20:39.000Z,2026-10-05 11:20:39,https://queue-times.com/parks/17/queue_times.json
2026-10-05T18:21:21.844Z,2026-10-05 11:21:21,2026-10-05,America/Los_Angeles,dca,Disney California Adventure,Hollywood Land,291,"Monsters, Inc. Mike & Sulley to the Rescue!",TRUE,50,2026-10-05T18:20:39.000Z,2026-10-05 11:20:39,https://queue-times.com/parks/17/queue_times.json
2026-10-05T18:21:21.844Z,2026-10-05 11:21:21,2026-10-05,America/Los_Angeles,dca,Disney California Adventure,Hollywood Land,868,Sorcerer's Workshop,TRUE,0,2026-10-05T18:20:39.000Z,2026-10-05 11:20:39,https://queue-times.com/parks/17/queue_times.json
2026-10-05T18:21:21.844Z,2026-10-05 11:21:21,2026-10-05,America/Los_Angeles,dca,Disney California Adventure,Hollywood Land,294,Turtle Talk with Crush,TRUE,0,2026-10-05T18:20:39.000Z,2026-10-05 11:20:39,https://queue-times.com/parks/17/queue_times.json
2026-10-05T18:21:21.844Z,2026-10-05 11:21:21,2026-10-05,America/Los_Angeles,dca,Disney California Adventure,Pacific Wharf,869,The Bakery Tour,TRUE,0,2026-10-05T18:20:39.000Z,2026-10-05 11:20:39,https://queue-times.com/parks/17/queue_times.json
2026-10-05T18:21:21.844Z,2026-10-05 11:21:21,2026-10-05,America/Los_Angeles,dca,Disney California Adventure,Paradise Gardens Park,298,Golden Zephyr,TRUE,10,2026-10-05T18:20:39.000Z,2026-10-05 11:20:39,https://queue-times.com/parks/17/queue_times.json
2026-10-05T18:21:21.844Z,2026-10-05 11:21:21,2026-10-05,America/Los_Angeles,dca,Disney California Adventure,Paradise Gardens Park,319,Goofy's Sky School,TRUE,0,2026-10-05T18:20:39.000Z,2026-10-05 11:20:39,https://queue-times.com/parks/17/queue_times.json
2026-10-05T18:21:21.844Z,2026-10-05 11:21:21,2026-10-05,America/Los_Angeles,dca,Disney California Adventure,Paradise Gardens Park,301,Silly Symphony Swings,TRUE,15,2026-10-05T18:20:39.000Z,2026-10-05 11:20:39,https://queue-times.com/parks/17/queue_times.json
2026-10-05T18:21:21.844Z,2026-10-05 11:21:21,2026-10-05,America/Los_Angeles,dca,Disney California Adventure,Paradise Gardens Park,10905,Silly Symphony Swings Single Rider,TRUE,0,2026-10-05T18:20:39.000Z,2026-10-05 11:20:39,https://queue-times.com/parks/17/queue_times.json
2026-10-05T18:21:21.844Z,2026-10-05 11:21:21,2026-10-05,America/Los_Angeles,dca,Disney California Adventure,Paradise Gardens Park,316,The Little Mermaid - Ariel's Undersea Adventure,FALSE,0,2026-10-05T18:20:39.000Z,2026-10-05 11:20:39,https://queue-times.com/parks/17/queue_times.json
2026-10-05T18:21:21.844Z,2026-10-05 11:21:21,2026-10-05,America/Los_Angeles,dca,Disney California Adventure,Paradise Gardens Park,11528,World of Color – ONE,TRUE,0,2026-10-05T18:20:39.000Z,2026-10-05 11:20:39,https://queue-times.com/parks/17/queue_times.json
2026-10-05T18:21:21.844Z,2026-10-05 11:21:21,2026-10-05,America/Los_Angeles,dca,Disney California Adventure,Pixar Pier,866,Games of Pixar Pier,TRUE,5,2026-10-05T18:20:39.000Z,2026-10-05 11:20:39,https://queue-times.com/parks/17/queue_times.json
2026-10-05T18:21:21.844Z,2026-10-05 11:21:21,2026-10-05,America/Los_Angeles,dca,Disney California Adventure,Pixar Pier,322,Incredicoaster,TRUE,30,2026-10-05T18:20:39.000Z,2026-10-05 11:20:39,https://queue-times.com/parks/17/queue_times.json
2026-10-05T18:21:21.844Z,2026-10-05 11:21:21,2026-10-05,America/Los_Angeles,dca,Disney California Adventure,Pixar Pier,10906,Incredicoaster Single Rider,TRUE,0,2026-10-05T18:20:39.000Z,2026-10-05 11:20:39,https://queue-times.com/parks/17/queue_times.json
2026-10-05T18:21:21.844Z,2026-10-05 11:21:21,2026-10-05,America/Los_Angeles,dca,Disney California Adventure,Pixar Pier,6643,Inside Out Emotional Whirlwind,TRUE,20,2026-10-05T18:20:39.000Z,2026-10-05 11:20:39,https://queue-times.com/parks/17/queue_times.json
2026-10-05T18:21:21.844Z,2026-10-05 11:21:21,2026-10-05,America/Los_Angeles,dca,Disney California Adventure,Pixar Pier,310,Jessie's Critter Carousel,TRUE,5,2026-10-05T18:20:39.000Z,2026-10-05 11:20:39,https://queue-times.com/parks/17/queue_times.json
2026-10-05T18:21:21.844Z,2026-10-05 11:21:21,2026-10-05,America/Los_Angeles,dca,Disney California Adventure,Pixar Pier,300,Jumpin' Jellyfish,TRUE,10,2026-10-05T18:20:39.000Z,2026-10-05 11:20:39,https://queue-times.com/parks/17/queue_times.json
2026-10-05T18:21:21.844Z,2026-10-05 11:21:21,2026-10-05,America/Los_Angeles,dca,Disney California Adventure,Pixar Pier,311,Pixar Pal-A-Round - Swinging,TRUE,25,2026-10-05T18:20:39.000Z,2026-10-05 11:20:39,https://queue-times.com/parks/17/queue_times.json
2026-10-05T18:21:21.844Z,2026-10-05 11:21:21,2026-10-05,America/Los_Angeles,dca,Disney California Adventure,Pixar Pier,5557,Pixar Pal-A-Round – Non-Swinging,TRUE,25,2026-10-05T18:20:39.000Z,2026-10-05 11:20:39,https://queue-times.com/parks/17/queue_times.json
2026-10-05T18:21:21.844Z,2026-10-05 11:21:21,2026-10-05,America/Los_Angeles,dca,Disney California Adventure,Pixar Pier,313,Toy Story Midway Mania!,TRUE,65,2026-10-05T18:20:39.000Z,2026-10-05 11:20:39,https://queue-times.com/parks/17/queue_times.json
2026-10-05T18:21:21.844Z,2026-10-05 11:21:21,2026-10-05,America/Los_Angeles,dca,Disney California Adventure,Halloween,5146,Guardians of the Galaxy - Monsters After Dark,FALSE,0,2026-10-05T18:20:39.000Z,2026-10-05 11:20:39,https://queue-times.com/parks/17/queue_times.json
2026-10-05T18:21:21.844Z,2026-10-05 11:21:21,2026-10-05,America/Los_Angeles,dca,Disney California Adventure,Halloween,4723,Mater's Graveyard JamBOOree,TRUE,20,2026-10-05T18:20:39.000Z,2026-10-05 11:20:39,https://queue-times.com/parks/17/queue_times.json
2026-10-05T18:21:21.844Z,2026-10-05 11:21:21,2026-10-05,America/Los_Angeles,dca,Disney California Adventure,Halloween,7292,Villains Grove at Oogie Boogie Bash,FALSE,0,2026-10-05T18:20:39.000Z,2026-10-05 11:20:39,https://queue-times.com/parks/17/queue_times.json
2026-10-05T18:30:43.529Z,2026-10-05 11:30:43,2026-10-05,America/Los_Angeles,disneyland,Disneyland,Adventureland,12428,Adventureland Treehouse inspired by Walt Disney’s Swiss Family Robinson,TRUE,0,2026-10-05T18:25:31.000Z,2026-10-05 11:25:31,https://queue-times.com/parks/16/queue_times.json
2026-10-05T18:30:43.529Z,2026-10-05 11:30:43,2026-10-05,America/Los_Angeles,disneyland,Disneyland,Adventureland,326,Indiana Jones™ Adventure,FALSE,0,2026-10-05T18:30:36.000Z,2026-10-05 11:30:36,https://queue-times.com/parks/16/queue_times.json
2026-10-05T18:30:43.529Z,2026-10-05 11:30:43,2026-10-05,America/Los_Angeles,disneyland,Disneyland,Adventureland,296,Jungle Cruise,TRUE,10,2026-10-05T18:30:36.000Z,2026-10-05 11:30:36,https://queue-times.com/parks/16/queue_times.json
2026-10-05T18:30:43.529Z,2026-10-05 11:30:43,2026-10-05,America/Los_Angeles,disneyland,Disneyland,Adventureland,288,Walt Disney's Enchanted Tiki Room,TRUE,0,2026-10-05T18:30:36.000Z,2026-10-05 11:30:36,https://queue-times.com/parks/16/queue_times.json
2026-10-05T18:30:43.529Z,2026-10-05 11:30:43,2026-10-05,America/Los_Angeles,disneyland,Disneyland,Bayou Country,304,Davy Crockett's Explorer Canoes,FALSE,0,2026-10-05T18:25:31.000Z,2026-10-05 11:25:31,https://queue-times.com/parks/16/queue_times.json
2026-10-05T18:30:43.529Z,2026-10-05 11:30:43,2026-10-05,America/Los_Angeles,disneyland,Disneyland,Bayou Country,306,The Many Adventures of Winnie the Pooh,FALSE,0,2026-10-05T18:25:31.000Z,2026-10-05 11:25:31,https://queue-times.com/parks/16/queue_times.json
2026-10-05T18:30:43.529Z,2026-10-05 11:30:43,2026-10-05,America/Los_Angeles,disneyland,Disneyland,Bayou Country,14168,Tiana's Bayou Adventure,TRUE,40,2026-10-05T18:25:31.000Z,2026-10-05 11:25:31,https://queue-times.com/parks/16/queue_times.json
2026-10-05T18:30:43.529Z,2026-10-05 11:30:43,2026-10-05,America/Los_Angeles,disneyland,Disneyland,Bayou Country,14326,Tiana's Bayou Adventure Single Rider,TRUE,0,2026-10-05T18:25:31.000Z,2026-10-05 11:25:31,https://queue-times.com/parks/16/queue_times.json
2026-10-05T18:30:43.529Z,2026-10-05 11:30:43,2026-10-05,America/Los_Angeles,disneyland,Disneyland,Fantasyland,307,"""it's a small world""",TRUE,5,2026-10-05T18:30:36.000Z,2026-10-05 11:30:36,https://queue-times.com/parks/16/queue_times.json
2026-10-05T18:30:43.529Z,2026-10-05 11:30:43,2026-10-05,America/Los_Angeles,disneyland,Disneyland,Fantasyland,285,Alice in Wonderland,TRUE,15,2026-10-05T18:25:31.000Z,2026-10-05 11:25:31,https://queue-times.com/parks/16/queue_times.json
2026-10-05T18:30:43.529Z,2026-10-05 11:30:43,2026-10-05,America/Los_Angeles,disneyland,Disneyland,Fantasyland,16254,Bluey’s Best Day Ever! at Fantasyland Theatre,TRUE,0,2026-10-05T18:25:31.000Z,2026-10-05 11:25:31,https://queue-times.com/parks/16/queue_times.json
2026-10-05T18:30:43.529Z,2026-10-05 11:30:43,2026-10-05,America/Los_Angeles,disneyland,Disneyland,Fantasyland,303,Casey Jr. Circus Train,TRUE,10,2026-10-05T18:25:31.000Z,2026-10-05 11:25:31,https://queue-times.com/parks/16/queue_times.json
2026-10-05T18:30:43.529Z,2026-10-05 11:30:43,2026-10-05,America/Los_Angeles,disneyland,Disneyland,Fantasyland,275,Dumbo the Flying Elephant,TRUE,20,2026-10-05T18:25:31.000Z,2026-10-05 11:25:31,https://queue-times.com/parks/16/queue_times.json
2026-10-05T18:30:43.529Z,2026-10-05 11:30:43,2026-10-05,America/Los_Angeles,disneyland,Disneyland,Fantasyland,277,King Arthur Carrousel,TRUE,5,2026-10-05T18:25:31.000Z,2026-10-05 11:25:31,https://queue-times.com/parks/16/queue_times.json
2026-10-05T18:30:43.529Z,2026-10-05 11:30:43,2026-10-05,America/Los_Angeles,disneyland,Disneyland,Fantasyland,278,Mad Tea Party,FALSE,0,2026-10-05T18:25:31.000Z,2026-10-05 11:25:31,https://queue-times.com/parks/16/queue_times.json
2026-10-05T18:30:43.529Z,2026-10-05 11:30:43,2026-10-05,America/Los_Angeles,disneyland,Disneyland,Fantasyland,279,Matterhorn Bobsleds,TRUE,35,2026-10-05T18:25:31.000Z,2026-10-05 11:25:31,https://queue-times.com/parks/16/queue_times.json
2026-10-05T18:30:43.529Z,2026-10-05 11:30:43,2026-10-05,America/Los_Angeles,disneyland,Disneyland,Fantasyland,6711,Meet Disney Princesses at Royal Hall,TRUE,60,2026-10-05T18:30:36.000Z,2026-10-05 11:30:36,https://queue-times.com/parks/16/queue_times.json
2026-10-05T18:30:43.529Z,2026-10-05 11:30:43,2026-10-05,America/Los_Angeles,disneyland,Disneyland,Fantasyland,280,Mr. Toad's Wild Ride,TRUE,15,2026-10-05T18:25:31.000Z,2026-10-05 11:25:31,https://queue-times.com/parks/16/queue_times.json
2026-10-05T18:30:43.529Z,2026-10-05 11:30:43,2026-10-05,America/Los_Angeles,disneyland,Disneyland,Fantasyland,281,Peter Pan's Flight,TRUE,30,2026-10-05T18:25:31.000Z,2026-10-05 11:25:31,https://queue-times.com/parks/16/queue_times.json
2026-10-05T18:30:43.529Z,2026-10-05 11:30:43,2026-10-05,America/Los_Angeles,disneyland,Disneyland,Fantasyland,282,Pinocchio's Daring Journey,TRUE,10,2026-10-05T18:25:31.000Z,2026-10-05 11:25:31,https://queue-times.com/parks/16/queue_times.json
2026-10-05T18:30:43.529Z,2026-10-05 11:30:43,2026-10-05,America/Los_Angeles,disneyland,Disneyland,Fantasyland,687,Sleeping Beauty Castle Walkthrough,FALSE,0,2026-10-05T18:25:31.000Z,2026-10-05 11:25:31,https://queue-times.com/parks/16/queue_times.json
2026-10-05T18:30:43.529Z,2026-10-05 11:30:43,2026-10-05,America/Los_Angeles,disneyland,Disneyland,Fantasyland,283,Snow White's Enchanted Wish,TRUE,15,2026-10-05T18:30:36.000Z,2026-10-05 11:30:36,https://queue-times.com/parks/16/queue_times.json
2026-10-05T18:30:43.529Z,2026-10-05 11:30:43,2026-10-05,America/Los_Angeles,disneyland,Disneyland,Fantasyland,305,Storybook Land Canal Boats,TRUE,10,2026-10-05T18:25:31.000Z,2026-10-05 11:25:31,https://queue-times.com/parks/16/queue_times.json
2026-10-05T18:30:43.529Z,2026-10-05 11:30:43,2026-10-05,America/Los_Angeles,disneyland,Disneyland,Frontierland,323,Big Thunder Mountain Railroad,FALSE,0,2026-10-05T18:30:36.000Z,2026-10-05 11:30:36,https://queue-times.com/parks/16/queue_times.json
2026-10-05T18:30:43.529Z,2026-10-05 11:30:43,2026-10-05,America/Los_Angeles,disneyland,Disneyland,Frontierland,679,Frontierland Shootin' Exposition,TRUE,0,2026-10-05T18:25:31.000Z,2026-10-05 11:25:31,https://queue-times.com/parks/16/queue_times.json
2026-10-05T18:30:43.529Z,2026-10-05 11:30:43,2026-10-05,America/Los_Angeles,disneyland,Disneyland,Frontierland,456,Mark Twain Riverboat,TRUE,10,2026-10-05T18:25:31.000Z,2026-10-05 11:25:31,https://queue-times.com/parks/16/queue_times.json
2026-10-05T18:30:43.529Z,2026-10-05 11:30:43,2026-10-05,America/Los_Angeles,disneyland,Disneyland,Frontierland,331,Pirate's Lair on Tom Sawyer Island,TRUE,5,2026-10-05T18:30:36.000Z,2026-10-05 11:30:36,https://queue-times.com/parks/16/queue_times.json
2026-10-05T18:30:43.529Z,2026-10-05 11:30:43,2026-10-05,America/Los_Angeles,disneyland,Disneyland,Frontierland,328,Sailing Ship Columbia,FALSE,0,2026-10-05T18:25:31.000Z,2026-10-05 11:25:31,https://queue-times.com/parks/16/queue_times.json
2026-10-05T18:30:43.529Z,2026-10-05 11:30:43,2026-10-05,America/Los_Angeles,disneyland,Disneyland,Main Street U.S.A,674,Disneyland Railroad,TRUE,5,2026-10-05T18:25:31.000Z,2026-10-05 11:25:31,https://queue-times.com/parks/16/queue_times.json
2026-10-05T18:30:43.529Z,2026-10-05 11:30:43,2026-10-05,America/Los_Angeles,disneyland,Disneyland,Main Street U.S.A,690,Great Moments with Mr. Lincoln,TRUE,0,2026-10-05T18:30:36.000Z,2026-10-05 11:30:36,https://queue-times.com/parks/16/queue_times.json
2026-10-05T18:30:43.529Z,2026-10-05 11:30:43,2026-10-05,America/Los_Angeles,disneyland,Disneyland,Main Street U.S.A,686,Main Street Cinema,TRUE,0,2026-10-05T18:25:31.000Z,2026-10-05 11:25:31,https://queue-times.com/parks/16/queue_times.json
2026-10-05T18:30:43.529Z,2026-10-05 11:30:43,2026-10-05,America/Los_Angeles,disneyland,Disneyland,Main Street U.S.A,691,Main Street Vehicles,TRUE,0,2026-10-05T18:25:31.000Z,2026-10-05 11:25:31,https://queue-times.com/parks/16/queue_times.json
2026-10-05T18:30:43.529Z,2026-10-05 11:30:43,2026-10-05,America/Los_Angeles,disneyland,Disneyland,Main Street U.S.A,14915,Opera House - Walt Disney - A Magical Life,TRUE,0,2026-10-05T18:25:31.000Z,2026-10-05 11:25:31,https://queue-times.com/parks/16/queue_times.json
2026-10-05T18:30:43.529Z,2026-10-05 11:30:43,2026-10-05,America/Los_Angeles,disneyland,Disneyland,Main Street U.S.A,695,The Disney Gallery,TRUE,0,2026-10-05T18:30:36.000Z,2026-10-05 11:30:36,https://queue-times.com/parks/16/queue_times.json
2026-10-05T18:30:43.529Z,2026-10-05 11:30:43,2026-10-05,America/Los_Angeles,disneyland,Disneyland,Main Street U.S.A,14923,Walt Disney - A Magical Life,FALSE,0,2026-10-05T18:30:36.000Z,2026-10-05 11:30:36,https://queue-times.com/parks/16/queue_times.json
2026-10-05T18:30:43.529Z,2026-10-05 11:30:43,2026-10-05,America/Los_Angeles,disneyland,Disneyland,Mickey's Toontown,324,Chip 'n' Dale's GADGETcoaster,TRUE,5,2026-10-05T18:25:31.000Z,2026-10-05 11:25:31,https://queue-times.com/parks/16/queue_times.json
2026-10-05T18:30:43.529Z,2026-10-05 11:30:43,2026-10-05,America/Los_Angeles,disneyland,Disneyland,Mickey's Toontown,13814,Donald's Duck Pond,TRUE,0,2026-10-05T18:25:31.000Z,2026-10-05 11:25:31,https://queue-times.com/parks/16/queue_times.json
2026-10-05T18:30:43.529Z,2026-10-05 11:30:43,2026-10-05,America/Los_Angeles,disneyland,Disneyland,Mickey's Toontown,11980,Goofy's How-to-Play Yard,TRUE,0,2026-10-05T18:25:31.000Z,2026-10-05 11:25:31,https://queue-times.com/parks/16/queue_times.json
2026-10-05T18:30:43.529Z,2026-10-05 11:30:43,2026-10-05,America/Los_Angeles,disneyland,Disneyland,Mickey's Toontown,11526,Mickey & Minnie's Runaway Railway,TRUE,45,2026-10-05T18:25:31.000Z,2026-10-05 11:25:31,https://queue-times.com/parks/16/queue_times.json
2026-10-05T18:30:43.529Z,2026-10-05 11:30:43,2026-10-05,America/Los_Angeles,disneyland,Disneyland,Mickey's Toontown,709,Mickey's House and Meet Mickey Mouse,TRUE,15,2026-10-05T18:25:31.000Z,2026-10-05 11:25:31,https://queue-times.com/parks/16/queue_times.json
2026-10-05T18:30:43.529Z,2026-10-05 11:30:43,2026-10-05,America/Los_Angeles,disneyland,Disneyland,Mickey's Toontown,684,Minnie's House,TRUE,0,2026-10-05T18:25:31.000Z,2026-10-05 11:25:31,https://queue-times.com/parks/16/queue_times.json
2026-10-05T18:30:43.529Z,2026-10-05 11:30:43,2026-10-05,America/Los_Angeles,disneyland,Disneyland,Mickey's Toontown,332,Roger Rabbit's Car Toon Spin,TRUE,35,2026-10-05T18:25:31.000Z,2026-10-05 11:25:31,https://queue-times.com/parks/16/queue_times.json
2026-10-05T18:30:43.529Z,2026-10-05 11:30:43,2026-10-05,America/Los_Angeles,disneyland,Disneyland,New Orleans Square,325,Haunted Mansion Holiday,TRUE,50,2026-10-05T18:25:31.000Z,2026-10-05 11:25:31,https://queue-times.com/parks/16/queue_times.json
2026-10-05T18:30:43.529Z,2026-10-05 11:30:43,2026-10-05,America/Los_Angeles,disneyland,Disneyland,New Orleans Square,289,Pirates of the Caribbean,TRUE,35,2026-10-05T18:25:31.000Z,2026-10-05 11:25:31,https://queue-times.com/parks/16/queue_times.json
2026-10-05T18:30:43.529Z,2026-10-05 11:30:43,2026-10-05,America/Los_Angeles,disneyland,Disneyland,Star Wars: Galaxy's Edge,6339,Millennium Falcon: Smugglers Run,TRUE,30,2026-10-05T18:25:31.000Z,2026-10-05 11:25:31,https://queue-times.com/parks/16/queue_times.json
2026-10-05T18:30:43.529Z,2026-10-05 11:30:43,2026-10-05,America/Los_Angeles,disneyland,Disneyland,Star Wars: Galaxy's Edge,10903,Millennium Falcon: Smugglers Run Single Rider,TRUE,0,2026-10-05T18:25:31.000Z,2026-10-05 11:25:31,https://queue-times.com/parks/16/queue_times.json
2026-10-05T18:30:43.529Z,2026-10-05 11:30:43,2026-10-05,America/Los_Angeles,disneyland,Disneyland,Star Wars: Galaxy's Edge,6340,Star Wars: Rise of the Resistance,TRUE,60,2026-10-05T18:30:36.000Z,2026-10-05 11:30:36,https://queue-times.com/parks/16/queue_times.json
2026-10-05T18:30:43.529Z,2026-10-05 11:30:43,2026-10-05,America/Los_Angeles,disneyland,Disneyland,Tomorrowland,287,Astro Orbitor,TRUE,10,2026-10-05T18:25:31.000Z,2026-10-05 11:25:31,https://queue-times.com/parks/16/queue_times.json
2026-10-05T18:30:43.529Z,2026-10-05 11:30:43,2026-10-05,America/Los_Angeles,disneyland,Disneyland,Tomorrowland,317,Autopia,TRUE,5,2026-10-05T18:30:36.000Z,2026-10-05 11:30:36,https://queue-times.com/parks/16/queue_times.json
2026-10-05T18:30:43.529Z,2026-10-05 11:30:43,2026-10-05,America/Los_Angeles,disneyland,Disneyland,Tomorrowland,273,Buzz Lightyear Astro Blasters,TRUE,10,2026-10-05T18:25:31.000Z,2026-10-05 11:25:31,https://queue-times.com/parks/16/queue_times.json
2026-10-05T18:30:43.529Z,2026-10-05 11:30:43,2026-10-05,America/Los_Angeles,disneyland,Disneyland,Tomorrowland,274,Disneyland Monorail,FALSE,0,2026-10-05T18:25:31.000Z,2026-10-05 11:25:31,https://queue-times.com/parks/16/queue_times.json
2026-10-05T18:30:43.529Z,2026-10-05 11:30:43,2026-10-05,America/Los_Angeles,disneyland,Disneyland,Tomorrowland,276,Finding Nemo Submarine Voyage,TRUE,15,2026-10-05T18:25:31.000Z,2026-10-05 11:25:31,https://queue-times.com/parks/16/queue_times.json
2026-10-05T18:30:43.529Z,2026-10-05 11:30:43,2026-10-05,America/Los_Angeles,disneyland,Disneyland,Tomorrowland,16627,Pixar Short Film Spotlight,FALSE,0,2026-10-05T18:30:36.000Z,2026-10-05 11:30:36,https://queue-times.com/parks/16/queue_times.json
2026-10-05T18:30:43.529Z,2026-10-05 11:30:43,2026-10-05,America/Los_Angeles,disneyland,Disneyland,Tomorrowland,284,Space Mountain,TRUE,35,2026-10-05T18:25:31.000Z,2026-10-05 11:25:31,https://queue-times.com/parks/16/queue_times.json
2026-10-05T18:30:43.529Z,2026-10-05 11:30:43,2026-10-05,America/Los_Angeles,disneyland,Disneyland,Tomorrowland,286,Star Tours - The Adventures Continue,TRUE,15,2026-10-05T18:25:31.000Z,2026-10-05 11:25:31,https://queue-times.com/parks/16/queue_times.json
2026-10-05T18:30:43.529Z,2026-10-05 11:30:43,2026-10-05,America/Los_Angeles,dca,Disney California Adventure,Avengers Campus,329,Guardians of the Galaxy - Mission: BREAKOUT!,TRUE,50,2026-10-05T18:25:38.000Z,2026-10-05 11:25:38,https://queue-times.com/parks/17/queue_times.json
2026-10-05T18:30:43.529Z,2026-10-05 11:30:43,2026-10-05,America/Los_Angeles,dca,Disney California Adventure,Avengers Campus,8843,WEB SLINGERS: A Spider-Man Adventure,TRUE,65,2026-10-05T18:30:40.000Z,2026-10-05 11:30:40,https://queue-times.com/parks/17/queue_times.json
2026-10-05T18:30:43.529Z,2026-10-05 11:30:43,2026-10-05,America/Los_Angeles,dca,Disney California Adventure,Avengers Campus,10907,WEB SLINGERS: A Spider-Man Adventure Single Rider,TRUE,0,2026-10-05T18:30:40.000Z,2026-10-05 11:30:40,https://queue-times.com/parks/17/queue_times.json
2026-10-05T18:30:43.529Z,2026-10-05 11:30:43,2026-10-05,America/Los_Angeles,dca,Disney California Adventure,Cars Land,2608,Luigi's Honkin' Haul-O-Ween,TRUE,30,2026-10-05T18:25:38.000Z,2026-10-05 11:25:38,https://queue-times.com/parks/17/queue_times.json
2026-10-05T18:30:43.529Z,2026-10-05 11:30:43,2026-10-05,America/Los_Angeles,dca,Disney California Adventure,Cars Land,295,Radiator Springs Racers,FALSE,0,2026-10-05T18:25:38.000Z,2026-10-05 11:25:38,https://queue-times.com/parks/17/queue_times.json
2026-10-05T18:30:43.529Z,2026-10-05 11:30:43,2026-10-05,America/Los_Angeles,dca,Disney California Adventure,Cars Land,10904,Radiator Springs Racers Single Rider,FALSE,0,2026-10-05T18:25:38.000Z,2026-10-05 11:25:38,https://queue-times.com/parks/17/queue_times.json
2026-10-05T18:30:43.529Z,2026-10-05 11:30:43,2026-10-05,America/Los_Angeles,dca,Disney California Adventure,Grizzly Peak,302,Grizzly River Run,TRUE,60,2026-10-05T18:25:38.000Z,2026-10-05 11:25:38,https://queue-times.com/parks/17/queue_times.json
2026-10-05T18:30:43.529Z,2026-10-05 11:30:43,2026-10-05,America/Los_Angeles,dca,Disney California Adventure,Grizzly Peak,293,Redwood Creek Challenge Trail,TRUE,5,2026-10-05T18:25:38.000Z,2026-10-05 11:25:38,https://queue-times.com/parks/17/queue_times.json
2026-10-05T18:30:43.529Z,2026-10-05 11:30:43,2026-10-05,America/Los_Angeles,dca,Disney California Adventure,Grizzly Peak,17129,Soarin’ Across America,TRUE,95,2026-10-05T18:25:38.000Z,2026-10-05 11:25:38,https://queue-times.com/parks/17/queue_times.json
2026-10-05T18:30:43.529Z,2026-10-05 11:30:43,2026-10-05,America/Los_Angeles,dca,Disney California Adventure,Hollywood Land,321,Animation Academy,TRUE,0,2026-10-05T18:25:38.000Z,2026-10-05 11:25:38,https://queue-times.com/parks/17/queue_times.json
2026-10-05T18:30:43.529Z,2026-10-05 11:30:43,2026-10-05,America/Los_Angeles,dca,Disney California Adventure,Hollywood Land,6440,Mickey's PhilharMagic,TRUE,10,2026-10-05T18:25:38.000Z,2026-10-05 11:25:38,https://queue-times.com/parks/17/queue_times.json
2026-10-05T18:30:43.529Z,2026-10-05 11:30:43,2026-10-05,America/Los_Angeles,dca,Disney California Adventure,Hollywood Land,291,"Monsters, Inc. Mike & Sulley to the Rescue!",TRUE,50,2026-10-05T18:30:40.000Z,2026-10-05 11:30:40,https://queue-times.com/parks/17/queue_times.json
2026-10-05T18:30:43.529Z,2026-10-05 11:30:43,2026-10-05,America/Los_Angeles,dca,Disney California Adventure,Hollywood Land,868,Sorcerer's Workshop,TRUE,0,2026-10-05T18:25:38.000Z,2026-10-05 11:25:38,https://queue-times.com/parks/17/queue_times.json
2026-10-05T18:30:43.529Z,2026-10-05 11:30:43,2026-10-05,America/Los_Angeles,dca,Disney California Adventure,Hollywood Land,294,Turtle Talk with Crush,TRUE,0,2026-10-05T18:25:38.000Z,2026-10-05 11:25:38,https://queue-times.com/parks/17/queue_times.json
2026-10-05T18:30:43.529Z,2026-10-05 11:30:43,2026-10-05,America/Los_Angeles,dca,Disney California Adventure,Pacific Wharf,869,The Bakery Tour,TRUE,0,2026-10-05T18:25:38.000Z,2026-10-05 11:25:38,https://queue-times.com/parks/17/queue_times.json
2026-10-05T18:30:43.529Z,2026-10-05 11:30:43,2026-10-05,America/Los_Angeles,dca,Disney California Adventure,Paradise Gardens Park,298,Golden Zephyr,TRUE,10,2026-10-05T18:30:40.000Z,2026-10-05 11:30:40,https://queue-times.com/parks/17/queue_times.json
2026-10-05T18:30:43.529Z,2026-10-05 11:30:43,2026-10-05,America/Los_Angeles,dca,Disney California Adventure,Paradise Gardens Park,319,Goofy's Sky School,TRUE,0,2026-10-05T18:25:38.000Z,2026-10-05 11:25:38,https://queue-times.com/parks/17/queue_times.json
2026-10-05T18:30:43.529Z,2026-10-05 11:30:43,2026-10-05,America/Los_Angeles,dca,Disney California Adventure,Paradise Gardens Park,301,Silly Symphony Swings,TRUE,15,2026-10-05T18:25:38.000Z,2026-10-05 11:25:38,https://queue-times.com/parks/17/queue_times.json
2026-10-05T18:30:43.529Z,2026-10-05 11:30:43,2026-10-05,America/Los_Angeles,dca,Disney California Adventure,Paradise Gardens Park,10905,Silly Symphony Swings Single Rider,TRUE,0,2026-10-05T18:25:38.000Z,2026-10-05 11:25:38,https://queue-times.com/parks/17/queue_times.json
2026-10-05T18:30:43.529Z,2026-10-05 11:30:43,2026-10-05,America/Los_Angeles,dca,Disney California Adventure,Paradise Gardens Park,316,The Little Mermaid - Ariel's Undersea Adventure,FALSE,0,2026-10-05T18:25:38.000Z,2026-10-05 11:25:38,https://queue-times.com/parks/17/queue_times.json
2026-10-05T18:30:43.529Z,2026-10-05 11:30:43,2026-10-05,America/Los_Angeles,dca,Disney California Adventure,Paradise Gardens Park,11528,World of Color – ONE,TRUE,0,2026-10-05T18:25:38.000Z,2026-10-05 11:25:38,https://queue-times.com/parks/17/queue_times.json
2026-10-05T18:30:43.529Z,2026-10-05 11:30:43,2026-10-05,America/Los_Angeles,dca,Disney California Adventure,Pixar Pier,866,Games of Pixar Pier,TRUE,5,2026-10-05T18:30:40.000Z,2026-10-05 11:30:40,https://queue-times.com/parks/17/queue_times.json
2026-10-05T18:30:43.529Z,2026-10-05 11:30:43,2026-10-05,America/Los_Angeles,dca,Disney California Adventure,Pixar Pier,322,Incredicoaster,TRUE,30,2026-10-05T18:25:38.000Z,2026-10-05 11:25:38,https://queue-times.com/parks/17/queue_times.json
2026-10-05T18:30:43.529Z,2026-10-05 11:30:43,2026-10-05,America/Los_Angeles,dca,Disney California Adventure,Pixar Pier,10906,Incredicoaster Single Rider,TRUE,0,2026-10-05T18:25:38.000Z,2026-10-05 11:25:38,https://queue-times.com/parks/17/queue_times.json
2026-10-05T18:30:43.529Z,2026-10-05 11:30:43,2026-10-05,America/Los_Angeles,dca,Disney California Adventure,Pixar Pier,6643,Inside Out Emotional Whirlwind,TRUE,20,2026-10-05T18:25:38.000Z,2026-10-05 11:25:38,https://queue-times.com/parks/17/queue_times.json
2026-10-05T18:30:43.529Z,2026-10-05 11:30:43,2026-10-05,America/Los_Angeles,dca,Disney California Adventure,Pixar Pier,310,Jessie's Critter Carousel,TRUE,5,2026-10-05T18:30:40.000Z,2026-10-05 11:30:40,https://queue-times.com/parks/17/queue_times.json
2026-10-05T18:30:43.529Z,2026-10-05 11:30:43,2026-10-05,America/Los_Angeles,dca,Disney California Adventure,Pixar Pier,300,Jumpin' Jellyfish,TRUE,10,2026-10-05T18:25:38.000Z,2026-10-05 11:25:38,https://queue-times.com/parks/17/queue_times.json
2026-10-05T18:30:43.529Z,2026-10-05 11:30:43,2026-10-05,America/Los_Angeles,dca,Disney California Adventure,Pixar Pier,311,Pixar Pal-A-Round - Swinging,TRUE,25,2026-10-05T18:25:38.000Z,2026-10-05 11:25:38,https://queue-times.com/parks/17/queue_times.json
2026-10-05T18:30:43.529Z,2026-10-05 11:30:43,2026-10-05,America/Los_Angeles,dca,Disney California Adventure,Pixar Pier,5557,Pixar Pal-A-Round – Non-Swinging,TRUE,25,2026-10-05T18:25:38.000Z,2026-10-05 11:25:38,https://queue-times.com/parks/17/queue_times.json
2026-10-05T18:30:43.529Z,2026-10-05 11:30:43,2026-10-05,America/Los_Angeles,dca,Disney California Adventure,Pixar Pier,313,Toy Story Midway Mania!,TRUE,65,2026-10-05T18:25:38.000Z,2026-10-05 11:25:38,https://queue-times.com/parks/17/queue_times.json
2026-10-05T18:30:43.529Z,2026-10-05 11:30:43,2026-10-05,America/Los_Angeles,dca,Disney California Adventure,Halloween,5146,Guardians of the Galaxy - Monsters After Dark,FALSE,0,2026-10-05T18:30:40.000Z,2026-10-05 11:30:40,https://queue-times.com/parks/17/queue_times.json
2026-10-05T18:30:43.529Z,2026-10-05 11:30:43,2026-10-05,America/Los_Angeles,dca,Disney California Adventure,Halloween,4723,Mater's Graveyard JamBOOree,TRUE,20,2026-10-05T18:25:38.000Z,2026-10-05 11:25:38,https://queue-times.com/parks/17/queue_times.json
2026-10-05T18:30:43.529Z,2026-10-05 11:30:43,2026-10-05,America/Los_Angeles,dca,Disney California Adventure,Halloween,7292,Villains Grove at Oogie Boogie Bash,FALSE,0,2026-10-05T18:30:40.000Z,2026-10-05 11:30:40,https://queue-times.com/parks/17/queue_times.json
2026-10-05T18:45:40.305Z,2026-10-05 11:45:40,2026-10-05,America/Los_Angeles,disneyland,Disneyland,Adventureland,12428,Adventureland Treehouse inspired by Walt Disney’s Swiss Family Robinson,TRUE,0,2026-10-05T18:40:36.000Z,2026-10-05 11:40:36,https://queue-times.com/parks/16/queue_times.json
2026-10-05T18:45:40.305Z,2026-10-05 11:45:40,2026-10-05,America/Los_Angeles,disneyland,Disneyland,Adventureland,326,Indiana Jones™ Adventure,FALSE,0,2026-10-05T18:45:32.000Z,2026-10-05 11:45:32,https://queue-times.com/parks/16/queue_times.json
2026-10-05T18:45:40.305Z,2026-10-05 11:45:40,2026-10-05,America/Los_Angeles,disneyland,Disneyland,Adventureland,296,Jungle Cruise,TRUE,10,2026-10-05T18:45:32.000Z,2026-10-05 11:45:32,https://queue-times.com/parks/16/queue_times.json
2026-10-05T18:45:40.305Z,2026-10-05 11:45:40,2026-10-05,America/Los_Angeles,disneyland,Disneyland,Adventureland,288,Walt Disney's Enchanted Tiki Room,TRUE,0,2026-10-05T18:45:32.000Z,2026-10-05 11:45:32,https://queue-times.com/parks/16/queue_times.json
2026-10-05T18:45:40.305Z,2026-10-05 11:45:40,2026-10-05,America/Los_Angeles,disneyland,Disneyland,Bayou Country,304,Davy Crockett's Explorer Canoes,FALSE,0,2026-10-05T18:45:32.000Z,2026-10-05 11:45:32,https://queue-times.com/parks/16/queue_times.json
2026-10-05T18:45:40.305Z,2026-10-05 11:45:40,2026-10-05,America/Los_Angeles,disneyland,Disneyland,Bayou Country,306,The Many Adventures of Winnie the Pooh,FALSE,0,2026-10-05T18:45:32.000Z,2026-10-05 11:45:32,https://queue-times.com/parks/16/queue_times.json
2026-10-05T18:45:40.305Z,2026-10-05 11:45:40,2026-10-05,America/Los_Angeles,disneyland,Disneyland,Bayou Country,14168,Tiana's Bayou Adventure,TRUE,55,2026-10-05T18:45:32.000Z,2026-10-05 11:45:32,https://queue-times.com/parks/16/queue_times.json
2026-10-05T18:45:40.305Z,2026-10-05 11:45:40,2026-10-05,America/Los_Angeles,disneyland,Disneyland,Bayou Country,14326,Tiana's Bayou Adventure Single Rider,TRUE,0,2026-10-05T18:45:32.000Z,2026-10-05 11:45:32,https://queue-times.com/parks/16/queue_times.json
2026-10-05T18:45:40.305Z,2026-10-05 11:45:40,2026-10-05,America/Los_Angeles,disneyland,Disneyland,Fantasyland,307,"""it's a small world""",TRUE,5,2026-10-05T18:45:32.000Z,2026-10-05 11:45:32,https://queue-times.com/parks/16/queue_times.json
2026-10-05T18:45:40.305Z,2026-10-05 11:45:40,2026-10-05,America/Los_Angeles,disneyland,Disneyland,Fantasyland,285,Alice in Wonderland,TRUE,15,2026-10-05T18:45:32.000Z,2026-10-05 11:45:32,https://queue-times.com/parks/16/queue_times.json
2026-10-05T18:45:40.305Z,2026-10-05 11:45:40,2026-10-05,America/Los_Angeles,disneyland,Disneyland,Fantasyland,16254,Bluey’s Best Day Ever! at Fantasyland Theatre,TRUE,0,2026-10-05T18:45:32.000Z,2026-10-05 11:45:32,https://queue-times.com/parks/16/queue_times.json
2026-10-05T18:45:40.305Z,2026-10-05 11:45:40,2026-10-05,America/Los_Angeles,disneyland,Disneyland,Fantasyland,303,Casey Jr. Circus Train,TRUE,10,2026-10-05T18:45:32.000Z,2026-10-05 11:45:32,https://queue-times.com/parks/16/queue_times.json
2026-10-05T18:45:40.305Z,2026-10-05 11:45:40,2026-10-05,America/Los_Angeles,disneyland,Disneyland,Fantasyland,275,Dumbo the Flying Elephant,TRUE,20,2026-10-05T18:40:36.000Z,2026-10-05 11:40:36,https://queue-times.com/parks/16/queue_times.json
2026-10-05T18:45:40.305Z,2026-10-05 11:45:40,2026-10-05,America/Los_Angeles,disneyland,Disneyland,Fantasyland,277,King Arthur Carrousel,TRUE,5,2026-10-05T18:40:36.000Z,2026-10-05 11:40:36,https://queue-times.com/parks/16/queue_times.json
2026-10-05T18:45:40.305Z,2026-10-05 11:45:40,2026-10-05,America/Los_Angeles,disneyland,Disneyland,Fantasyland,278,Mad Tea Party,FALSE,0,2026-10-05T18:40:36.000Z,2026-10-05 11:40:36,https://queue-times.com/parks/16/queue_times.json
2026-10-05T18:45:40.305Z,2026-10-05 11:45:40,2026-10-05,America/Los_Angeles,disneyland,Disneyland,Fantasyland,279,Matterhorn Bobsleds,TRUE,40,2026-10-05T18:40:36.000Z,2026-10-05 11:40:36,https://queue-times.com/parks/16/queue_times.json
2026-10-05T18:45:40.305Z,2026-10-05 11:45:40,2026-10-05,America/Los_Angeles,disneyland,Disneyland,Fantasyland,6711,Meet Disney Princesses at Royal Hall,TRUE,15,2026-10-05T18:45:32.000Z,2026-10-05 11:45:32,https://queue-times.com/parks/16/queue_times.json
2026-10-05T18:45:40.305Z,2026-10-05 11:45:40,2026-10-05,America/Los_Angeles,disneyland,Disneyland,Fantasyland,280,Mr. Toad's Wild Ride,TRUE,15,2026-10-05T18:45:32.000Z,2026-10-05 11:45:32,https://queue-times.com/parks/16/queue_times.json
2026-10-05T18:45:40.305Z,2026-10-05 11:45:40,2026-10-05,America/Los_Angeles,disneyland,Disneyland,Fantasyland,281,Peter Pan's Flight,TRUE,30,2026-10-05T18:40:36.000Z,2026-10-05 11:40:36,https://queue-times.com/parks/16/queue_times.json
2026-10-05T18:45:40.305Z,2026-10-05 11:45:40,2026-10-05,America/Los_Angeles,disneyland,Disneyland,Fantasyland,282,Pinocchio's Daring Journey,TRUE,15,2026-10-05T18:45:32.000Z,2026-10-05 11:45:32,https://queue-times.com/parks/16/queue_times.json
2026-10-05T18:45:40.305Z,2026-10-05 11:45:40,2026-10-05,America/Los_Angeles,disneyland,Disneyland,Fantasyland,687,Sleeping Beauty Castle Walkthrough,FALSE,0,2026-10-05T18:45:32.000Z,2026-10-05 11:45:32,https://queue-times.com/parks/16/queue_times.json
2026-10-05T18:45:40.305Z,2026-10-05 11:45:40,2026-10-05,America/Los_Angeles,disneyland,Disneyland,Fantasyland,283,Snow White's Enchanted Wish,TRUE,15,2026-10-05T18:45:32.000Z,2026-10-05 11:45:32,https://queue-times.com/parks/16/queue_times.json
2026-10-05T18:45:40.305Z,2026-10-05 11:45:40,2026-10-05,America/Los_Angeles,disneyland,Disneyland,Fantasyland,305,Storybook Land Canal Boats,TRUE,5,2026-10-05T18:40:36.000Z,2026-10-05 11:40:36,https://queue-times.com/parks/16/queue_times.json
2026-10-05T18:45:40.305Z,2026-10-05 11:45:40,2026-10-05,America/Los_Angeles,disneyland,Disneyland,Frontierland,323,Big Thunder Mountain Railroad,FALSE,0,2026-10-05T18:45:32.000Z,2026-10-05 11:45:32,https://queue-times.com/parks/16/queue_times.json
2026-10-05T18:45:40.305Z,2026-10-05 11:45:40,2026-10-05,America/Los_Angeles,disneyland,Disneyland,Frontierland,679,Frontierland Shootin' Exposition,TRUE,0,2026-10-05T18:45:32.000Z,2026-10-05 11:45:32,https://queue-times.com/parks/16/queue_times.json
2026-10-05T18:45:40.305Z,2026-10-05 11:45:40,2026-10-05,America/Los_Angeles,disneyland,Disneyland,Frontierland,456,Mark Twain Riverboat,TRUE,10,2026-10-05T18:45:32.000Z,2026-10-05 11:45:32,https://queue-times.com/parks/16/queue_times.json
2026-10-05T18:45:40.305Z,2026-10-05 11:45:40,2026-10-05,America/Los_Angeles,disneyland,Disneyland,Frontierland,331,Pirate's Lair on Tom Sawyer Island,TRUE,5,2026-10-05T18:45:32.000Z,2026-10-05 11:45:32,https://queue-times.com/parks/16/queue_times.json
2026-10-05T18:45:40.305Z,2026-10-05 11:45:40,2026-10-05,America/Los_Angeles,disneyland,Disneyland,Frontierland,328,Sailing Ship Columbia,FALSE,0,2026-10-05T18:40:36.000Z,2026-10-05 11:40:36,https://queue-times.com/parks/16/queue_times.json
2026-10-05T18:45:40.305Z,2026-10-05 11:45:40,2026-10-05,America/Los_Angeles,disneyland,Disneyland,Main Street U.S.A,674,Disneyland Railroad,TRUE,5,2026-10-05T18:40:36.000Z,2026-10-05 11:40:36,https://queue-times.com/parks/16/queue_times.json
2026-10-05T18:45:40.305Z,2026-10-05 11:45:40,2026-10-05,America/Los_Angeles,disneyland,Disneyland,Main Street U.S.A,690,Great Moments with Mr. Lincoln,TRUE,0,2026-10-05T18:45:32.000Z,2026-10-05 11:45:32,https://queue-times.com/parks/16/queue_times.json
2026-10-05T18:45:40.305Z,2026-10-05 11:45:40,2026-10-05,America/Los_Angeles,disneyland,Disneyland,Main Street U.S.A,686,Main Street Cinema,TRUE,0,2026-10-05T18:40:36.000Z,2026-10-05 11:40:36,https://queue-times.com/parks/16/queue_times.json
2026-10-05T18:45:40.305Z,2026-10-05 11:45:40,2026-10-05,America/Los_Angeles,disneyland,Disneyland,Main Street U.S.A,691,Main Street Vehicles,TRUE,0,2026-10-05T18:40:36.000Z,2026-10-05 11:40:36,https://queue-times.com/parks/16/queue_times.json
2026-10-05T18:45:40.305Z,2026-10-05 11:45:40,2026-10-05,America/Los_Angeles,disneyland,Disneyland,Main Street U.S.A,14915,Opera House - Walt Disney - A Magical Life,TRUE,0,2026-10-05T18:45:32.000Z,2026-10-05 11:45:32,https://queue-times.com/parks/16/queue_times.json
2026-10-05T18:45:40.305Z,2026-10-05 11:45:40,2026-10-05,America/Los_Angeles,disneyland,Disneyland,Main Street U.S.A,695,The Disney Gallery,TRUE,0,2026-10-05T18:45:32.000Z,2026-10-05 11:45:32,https://queue-times.com/parks/16/queue_times.json
2026-10-05T18:45:40.305Z,2026-10-05 11:45:40,2026-10-05,America/Los_Angeles,disneyland,Disneyland,Main Street U.S.A,14923,Walt Disney - A Magical Life,FALSE,0,2026-10-05T18:45:32.000Z,2026-10-05 11:45:32,https://queue-times.com/parks/16/queue_times.json
2026-10-05T18:45:40.305Z,2026-10-05 11:45:40,2026-10-05,America/Los_Angeles,disneyland,Disneyland,Mickey's Toontown,324,Chip 'n' Dale's GADGETcoaster,FALSE,0,2026-10-05T18:45:32.000Z,2026-10-05 11:45:32,https://queue-times.com/parks/16/queue_times.json
2026-10-05T18:45:40.305Z,2026-10-05 11:45:40,2026-10-05,America/Los_Angeles,disneyland,Disneyland,Mickey's Toontown,13814,Donald's Duck Pond,TRUE,0,2026-10-05T18:40:36.000Z,2026-10-05 11:40:36,https://queue-times.com/parks/16/queue_times.json
2026-10-05T18:45:40.305Z,2026-10-05 11:45:40,2026-10-05,America/Los_Angeles,disneyland,Disneyland,Mickey's Toontown,11980,Goofy's How-to-Play Yard,TRUE,0,2026-10-05T18:45:32.000Z,2026-10-05 11:45:32,https://queue-times.com/parks/16/queue_times.json
2026-10-05T18:45:40.305Z,2026-10-05 11:45:40,2026-10-05,America/Los_Angeles,disneyland,Disneyland,Mickey's Toontown,11526,Mickey & Minnie's Runaway Railway,TRUE,30,2026-10-05T18:40:36.000Z,2026-10-05 11:40:36,https://queue-times.com/parks/16/queue_times.json
2026-10-05T18:45:40.305Z,2026-10-05 11:45:40,2026-10-05,America/Los_Angeles,disneyland,Disneyland,Mickey's Toontown,709,Mickey's House and Meet Mickey Mouse,TRUE,15,2026-10-05T18:45:32.000Z,2026-10-05 11:45:32,https://queue-times.com/parks/16/queue_times.json
2026-10-05T18:45:40.305Z,2026-10-05 11:45:40,2026-10-05,America/Los_Angeles,disneyland,Disneyland,Mickey's Toontown,684,Minnie's House,TRUE,0,2026-10-05T18:40:36.000Z,2026-10-05 11:40:36,https://queue-times.com/parks/16/queue_times.json
2026-10-05T18:45:40.305Z,2026-10-05 11:45:40,2026-10-05,America/Los_Angeles,disneyland,Disneyland,Mickey's Toontown,332,Roger Rabbit's Car Toon Spin,TRUE,50,2026-10-05T18:45:32.000Z,2026-10-05 11:45:32,https://queue-times.com/parks/16/queue_times.json
2026-10-05T18:45:40.305Z,2026-10-05 11:45:40,2026-10-05,America/Los_Angeles,disneyland,Disneyland,New Orleans Square,325,Haunted Mansion Holiday,TRUE,50,2026-10-05T18:40:36.000Z,2026-10-05 11:40:36,https://queue-times.com/parks/16/queue_times.json
2026-10-05T18:45:40.305Z,2026-10-05 11:45:40,2026-10-05,America/Los_Angeles,disneyland,Disneyland,New Orleans Square,289,Pirates of the Caribbean,TRUE,25,2026-10-05T18:45:32.000Z,2026-10-05 11:45:32,https://queue-times.com/parks/16/queue_times.json
2026-10-05T18:45:40.305Z,2026-10-05 11:45:40,2026-10-05,America/Los_Angeles,disneyland,Disneyland,Star Wars: Galaxy's Edge,6339,Millennium Falcon: Smugglers Run,TRUE,15,2026-10-05T18:40:36.000Z,2026-10-05 11:40:36,https://queue-times.com/parks/16/queue_times.json
2026-10-05T18:45:40.305Z,2026-10-05 11:45:40,2026-10-05,America/Los_Angeles,disneyland,Disneyland,Star Wars: Galaxy's Edge,10903,Millennium Falcon: Smugglers Run Single Rider,TRUE,0,2026-10-05T18:40:36.000Z,2026-10-05 11:40:36,https://queue-times.com/parks/16/queue_times.json
2026-10-05T18:45:40.305Z,2026-10-05 11:45:40,2026-10-05,America/Los_Angeles,disneyland,Disneyland,Star Wars: Galaxy's Edge,6340,Star Wars: Rise of the Resistance,TRUE,45,2026-10-05T18:45:32.000Z,2026-10-05 11:45:32,https://queue-times.com/parks/16/queue_times.json
2026-10-05T18:45:40.305Z,2026-10-05 11:45:40,2026-10-05,America/Los_Angeles,disneyland,Disneyland,Tomorrowland,287,Astro Orbitor,TRUE,10,2026-10-05T18:45:32.000Z,2026-10-05 11:45:32,https://queue-times.com/parks/16/queue_times.json
2026-10-05T18:45:40.305Z,2026-10-05 11:45:40,2026-10-05,America/Los_Angeles,disneyland,Disneyland,Tomorrowland,317,Autopia,TRUE,15,2026-10-05T18:45:32.000Z,2026-10-05 11:45:32,https://queue-times.com/parks/16/queue_times.json
2026-10-05T18:45:40.305Z,2026-10-05 11:45:40,2026-10-05,America/Los_Angeles,disneyland,Disneyland,Tomorrowland,273,Buzz Lightyear Astro Blasters,TRUE,15,2026-10-05T18:45:32.000Z,2026-10-05 11:45:32,https://queue-times.com/parks/16/queue_times.json
2026-10-05T18:45:40.305Z,2026-10-05 11:45:40,2026-10-05,America/Los_Angeles,disneyland,Disneyland,Tomorrowland,274,Disneyland Monorail,FALSE,0,2026-10-05T18:45:32.000Z,2026-10-05 11:45:32,https://queue-times.com/parks/16/queue_times.json
2026-10-05T18:45:40.305Z,2026-10-05 11:45:40,2026-10-05,America/Los_Angeles,disneyland,Disneyland,Tomorrowland,276,Finding Nemo Submarine Voyage,TRUE,15,2026-10-05T18:45:32.000Z,2026-10-05 11:45:32,https://queue-times.com/parks/16/queue_times.json
2026-10-05T18:45:40.305Z,2026-10-05 11:45:40,2026-10-05,America/Los_Angeles,disneyland,Disneyland,Tomorrowland,16627,Pixar Short Film Spotlight,FALSE,0,2026-10-05T18:45:32.000Z,2026-10-05 11:45:32,https://queue-times.com/parks/16/queue_times.json
2026-10-05T18:45:40.305Z,2026-10-05 11:45:40,2026-10-05,America/Los_Angeles,disneyland,Disneyland,Tomorrowland,284,Space Mountain,TRUE,65,2026-10-05T18:45:32.000Z,2026-10-05 11:45:32,https://queue-times.com/parks/16/queue_times.json
2026-10-05T18:45:40.305Z,2026-10-05 11:45:40,2026-10-05,America/Los_Angeles,disneyland,Disneyland,Tomorrowland,286,Star Tours - The Adventures Continue,TRUE,15,2026-10-05T18:40:36.000Z,2026-10-05 11:40:36,https://queue-times.com/parks/16/queue_times.json
2026-10-05T18:45:40.305Z,2026-10-05 11:45:40,2026-10-05,America/Los_Angeles,dca,Disney California Adventure,Avengers Campus,329,Guardians of the Galaxy - Mission: BREAKOUT!,TRUE,50,2026-10-05T18:40:42.000Z,2026-10-05 11:40:42,https://queue-times.com/parks/17/queue_times.json
2026-10-05T18:45:40.305Z,2026-10-05 11:45:40,2026-10-05,America/Los_Angeles,dca,Disney California Adventure,Avengers Campus,8843,WEB SLINGERS: A Spider-Man Adventure,TRUE,55,2026-10-05T18:40:42.000Z,2026-10-05 11:40:42,https://queue-times.com/parks/17/queue_times.json
2026-10-05T18:45:40.305Z,2026-10-05 11:45:40,2026-10-05,America/Los_Angeles,dca,Disney California Adventure,Avengers Campus,10907,WEB SLINGERS: A Spider-Man Adventure Single Rider,TRUE,0,2026-10-05T18:40:42.000Z,2026-10-05 11:40:42,https://queue-times.com/parks/17/queue_times.json
2026-10-05T18:45:40.305Z,2026-10-05 11:45:40,2026-10-05,America/Los_Angeles,dca,Disney California Adventure,Cars Land,2608,Luigi's Honkin' Haul-O-Ween,TRUE,20,2026-10-05T18:40:42.000Z,2026-10-05 11:40:42,https://queue-times.com/parks/17/queue_times.json
2026-10-05T18:45:40.305Z,2026-10-05 11:45:40,2026-10-05,America/Los_Angeles,dca,Disney California Adventure,Cars Land,295,Radiator Springs Racers,TRUE,50,2026-10-05T18:40:42.000Z,2026-10-05 11:40:42,https://queue-times.com/parks/17/queue_times.json
2026-10-05T18:45:40.305Z,2026-10-05 11:45:40,2026-10-05,America/Los_Angeles,dca,Disney California Adventure,Cars Land,10904,Radiator Springs Racers Single Rider,TRUE,0,2026-10-05T18:40:42.000Z,2026-10-05 11:40:42,https://queue-times.com/parks/17/queue_times.json
2026-10-05T18:45:40.305Z,2026-10-05 11:45:40,2026-10-05,America/Los_Angeles,dca,Disney California Adventure,Grizzly Peak,302,Grizzly River Run,TRUE,50,2026-10-05T18:40:42.000Z,2026-10-05 11:40:42,https://queue-times.com/parks/17/queue_times.json
2026-10-05T18:45:40.305Z,2026-10-05 11:45:40,2026-10-05,America/Los_Angeles,dca,Disney California Adventure,Grizzly Peak,293,Redwood Creek Challenge Trail,TRUE,5,2026-10-05T18:40:42.000Z,2026-10-05 11:40:42,https://queue-times.com/parks/17/queue_times.json
2026-10-05T18:45:40.305Z,2026-10-05 11:45:40,2026-10-05,America/Los_Angeles,dca,Disney California Adventure,Grizzly Peak,17129,Soarin’ Across America,TRUE,25,2026-10-05T18:40:42.000Z,2026-10-05 11:40:42,https://queue-times.com/parks/17/queue_times.json
2026-10-05T18:45:40.305Z,2026-10-05 11:45:40,2026-10-05,America/Los_Angeles,dca,Disney California Adventure,Hollywood Land,321,Animation Academy,TRUE,0,2026-10-05T18:40:42.000Z,2026-10-05 11:40:42,https://queue-times.com/parks/17/queue_times.json
2026-10-05T18:45:40.305Z,2026-10-05 11:45:40,2026-10-05,America/Los_Angeles,dca,Disney California Adventure,Hollywood Land,6440,Mickey's PhilharMagic,TRUE,10,2026-10-05T18:40:42.000Z,2026-10-05 11:40:42,https://queue-times.com/parks/17/queue_times.json
2026-10-05T18:45:40.305Z,2026-10-05 11:45:40,2026-10-05,America/Los_Angeles,dca,Disney California Adventure,Hollywood Land,291,"Monsters, Inc. Mike & Sulley to the Rescue!",TRUE,50,2026-10-05T18:40:42.000Z,2026-10-05 11:40:42,https://queue-times.com/parks/17/queue_times.json
2026-10-05T18:45:40.305Z,2026-10-05 11:45:40,2026-10-05,America/Los_Angeles,dca,Disney California Adventure,Hollywood Land,868,Sorcerer's Workshop,TRUE,0,2026-10-05T18:40:42.000Z,2026-10-05 11:40:42,https://queue-times.com/parks/17/queue_times.json
2026-10-05T18:45:40.305Z,2026-10-05 11:45:40,2026-10-05,America/Los_Angeles,dca,Disney California Adventure,Hollywood Land,294,Turtle Talk with Crush,TRUE,0,2026-10-05T18:40:42.000Z,2026-10-05 11:40:42,https://queue-times.com/parks/17/queue_times.json
2026-10-05T18:45:40.305Z,2026-10-05 11:45:40,2026-10-05,America/Los_Angeles,dca,Disney California Adventure,Pacific Wharf,869,The Bakery Tour,TRUE,0,2026-10-05T18:40:42.000Z,2026-10-05 11:40:42,https://queue-times.com/parks/17/queue_times.json
2026-10-05T18:45:40.305Z,2026-10-05 11:45:40,2026-10-05,America/Los_Angeles,dca,Disney California Adventure,Paradise Gardens Park,298,Golden Zephyr,TRUE,10,2026-10-05T18:40:42.000Z,2026-10-05 11:40:42,https://queue-times.com/parks/17/queue_times.json
2026-10-05T18:45:40.305Z,2026-10-05 11:45:40,2026-10-05,America/Los_Angeles,dca,Disney California Adventure,Paradise Gardens Park,319,Goofy's Sky School,TRUE,0,2026-10-05T18:40:42.000Z,2026-10-05 11:40:42,https://queue-times.com/parks/17/queue_times.json
2026-10-05T18:45:40.305Z,2026-10-05 11:45:40,2026-10-05,America/Los_Angeles,dca,Disney California Adventure,Paradise Gardens Park,301,Silly Symphony Swings,TRUE,15,2026-10-05T18:40:42.000Z,2026-10-05 11:40:42,https://queue-times.com/parks/17/queue_times.json
2026-10-05T18:45:40.305Z,2026-10-05 11:45:40,2026-10-05,America/Los_Angeles,dca,Disney California Adventure,Paradise Gardens Park,10905,Silly Symphony Swings Single Rider,TRUE,0,2026-10-05T18:40:42.000Z,2026-10-05 11:40:42,https://queue-times.com/parks/17/queue_times.json
2026-10-05T18:45:40.305Z,2026-10-05 11:45:40,2026-10-05,America/Los_Angeles,dca,Disney California Adventure,Paradise Gardens Park,316,The Little Mermaid - Ariel's Undersea Adventure,FALSE,0,2026-10-05T18:40:42.000Z,2026-10-05 11:40:42,https://queue-times.com/parks/17/queue_times.json
2026-10-05T18:45:40.305Z,2026-10-05 11:45:40,2026-10-05,America/Los_Angeles,dca,Disney California Adventure,Paradise Gardens Park,11528,World of Color – ONE,TRUE,0,2026-10-05T18:40:42.000Z,2026-10-05 11:40:42,https://queue-times.com/parks/17/queue_times.json
2026-10-05T18:45:40.305Z,2026-10-05 11:45:40,2026-10-05,America/Los_Angeles,dca,Disney California Adventure,Pixar Pier,866,Games of Pixar Pier,TRUE,5,2026-10-05T18:40:42.000Z,2026-10-05 11:40:42,https://queue-times.com/parks/17/queue_times.json
2026-10-05T18:45:40.305Z,2026-10-05 11:45:40,2026-10-05,America/Los_Angeles,dca,Disney California Adventure,Pixar Pier,322,Incredicoaster,TRUE,30,2026-10-05T18:40:42.000Z,2026-10-05 11:40:42,https://queue-times.com/parks/17/queue_times.json
2026-10-05T18:45:40.305Z,2026-10-05 11:45:40,2026-10-05,America/Los_Angeles,dca,Disney California Adventure,Pixar Pier,10906,Incredicoaster Single Rider,TRUE,0,2026-10-05T18:40:42.000Z,2026-10-05 11:40:42,https://queue-times.com/parks/17/queue_times.json
2026-10-05T18:45:40.305Z,2026-10-05 11:45:40,2026-10-05,America/Los_Angeles,dca,Disney California Adventure,Pixar Pier,6643,Inside Out Emotional Whirlwind,TRUE,10,2026-10-05T18:40:42.000Z,2026-10-05 11:40:42,https://queue-times.com/parks/17/queue_times.json
2026-10-05T18:45:40.305Z,2026-10-05 11:45:40,2026-10-05,America/Los_Angeles,dca,Disney California Adventure,Pixar Pier,310,Jessie's Critter Carousel,TRUE,5,2026-10-05T18:40:42.000Z,2026-10-05 11:40:42,https://queue-times.com/parks/17/queue_times.json
2026-10-05T18:45:40.305Z,2026-10-05 11:45:40,2026-10-05,America/Los_Angeles,dca,Disney California Adventure,Pixar Pier,300,Jumpin' Jellyfish,TRUE,10,2026-10-05T18:40:42.000Z,2026-10-05 11:40:42,https://queue-times.com/parks/17/queue_times.json
2026-10-05T18:45:40.305Z,2026-10-05 11:45:40,2026-10-05,America/Los_Angeles,dca,Disney California Adventure,Pixar Pier,311,Pixar Pal-A-Round - Swinging,TRUE,25,2026-10-05T18:40:42.000Z,2026-10-05 11:40:42,https://queue-times.com/parks/17/queue_times.json
2026-10-05T18:45:40.305Z,2026-10-05 11:45:40,2026-10-05,America/Los_Angeles,dca,Disney California Adventure,Pixar Pier,5557,Pixar Pal-A-Round – Non-Swinging,TRUE,5,2026-10-05T18:40:42.000Z,2026-10-05 11:40:42,https://queue-times.com/parks/17/queue_times.json
2026-10-05T18:45:40.305Z,2026-10-05 11:45:40,2026-10-05,America/Los_Angeles,dca,Disney California Adventure,Pixar Pier,313,Toy Story Midway Mania!,TRUE,65,2026-10-05T18:40:42.000Z,2026-10-05 11:40:42,https://queue-times.com/parks/17/queue_times.json
2026-10-05T18:45:40.305Z,2026-10-05 11:45:40,2026-10-05,America/Los_Angeles,dca,Disney California Adventure,Halloween,5146,Guardians of the Galaxy - Monsters After Dark,FALSE,0,2026-10-05T18:40:42.000Z,2026-10-05 11:40:42,https://queue-times.com/parks/17/queue_times.json
2026-10-05T18:45:40.305Z,2026-10-05 11:45:40,2026-10-05,America/Los_Angeles,dca,Disney California Adventure,Halloween,4723,Mater's Graveyard JamBOOree,TRUE,20,2026-10-05T18:40:42.000Z,2026-10-05 11:40:42,https://queue-times.com/parks/17/queue_times.json
2026-10-05T18:45:40.305Z,2026-10-05 11:45:40,2026-10-05,America/Los_Angeles,dca,Disney California Adventure,Halloween,7292,Villains Grove at Oogie Boogie Bash,FALSE,0,2026-10-05T18:40:42.000Z,2026-10-05 11:40:42,https://queue-times.com/parks/17/queue_times.json
2026-10-05T19:00:48.112Z,2026-10-05 12:00:48,2026-10-05,America/Los_Angeles,disneyland,Disneyland,Adventureland,12428,Adventureland Treehouse inspired by Walt Disney’s Swiss Family Robinson,TRUE,0,2026-10-05T18:55:31.000Z,2026-10-05 11:55:31,https://queue-times.com/parks/16/queue_times.json
2026-10-05T19:00:48.112Z,2026-10-05 12:00:48,2026-10-05,America/Los_Angeles,disneyland,Disneyland,Adventureland,326,Indiana Jones™ Adventure,FALSE,0,2026-10-05T19:00:34.000Z,2026-10-05 12:00:34,https://queue-times.com/parks/16/queue_times.json
2026-10-05T19:00:48.112Z,2026-10-05 12:00:48,2026-10-05,America/Los_Angeles,disneyland,Disneyland,Adventureland,296,Jungle Cruise,TRUE,20,2026-10-05T19:00:34.000Z,2026-10-05 12:00:34,https://queue-times.com/parks/16/queue_times.json
2026-10-05T19:00:48.112Z,2026-10-05 12:00:48,2026-10-05,America/Los_Angeles,disneyland,Disneyland,Adventureland,288,Walt Disney's Enchanted Tiki Room,TRUE,0,2026-10-05T19:00:34.000Z,2026-10-05 12:00:34,https://queue-times.com/parks/16/queue_times.json
2026-10-05T19:00:48.112Z,2026-10-05 12:00:48,2026-10-05,America/Los_Angeles,disneyland,Disneyland,Bayou Country,304,Davy Crockett's Explorer Canoes,FALSE,0,2026-10-05T19:00:34.000Z,2026-10-05 12:00:34,https://queue-times.com/parks/16/queue_times.json
2026-10-05T19:00:48.112Z,2026-10-05 12:00:48,2026-10-05,America/Los_Angeles,disneyland,Disneyland,Bayou Country,306,The Many Adventures of Winnie the Pooh,TRUE,5,2026-10-05T19:00:34.000Z,2026-10-05 12:00:34,https://queue-times.com/parks/16/queue_times.json
2026-10-05T19:00:48.112Z,2026-10-05 12:00:48,2026-10-05,America/Los_Angeles,disneyland,Disneyland,Bayou Country,14168,Tiana's Bayou Adventure,TRUE,55,2026-10-05T18:55:31.000Z,2026-10-05 11:55:31,https://queue-times.com/parks/16/queue_times.json
2026-10-05T19:00:48.112Z,2026-10-05 12:00:48,2026-10-05,America/Los_Angeles,disneyland,Disneyland,Bayou Country,14326,Tiana's Bayou Adventure Single Rider,TRUE,0,2026-10-05T18:55:31.000Z,2026-10-05 11:55:31,https://queue-times.com/parks/16/queue_times.json
2026-10-05T19:00:48.112Z,2026-10-05 12:00:48,2026-10-05,America/Los_Angeles,disneyland,Disneyland,Fantasyland,307,"""it's a small world""",TRUE,10,2026-10-05T19:00:34.000Z,2026-10-05 12:00:34,https://queue-times.com/parks/16/queue_times.json
2026-10-05T19:00:48.112Z,2026-10-05 12:00:48,2026-10-05,America/Los_Angeles,disneyland,Disneyland,Fantasyland,285,Alice in Wonderland,TRUE,20,2026-10-05T18:55:31.000Z,2026-10-05 11:55:31,https://queue-times.com/parks/16/queue_times.json
2026-10-05T19:00:48.112Z,2026-10-05 12:00:48,2026-10-05,America/Los_Angeles,disneyland,Disneyland,Fantasyland,16254,Bluey’s Best Day Ever! at Fantasyland Theatre,TRUE,0,2026-10-05T18:55:31.000Z,2026-10-05 11:55:31,https://queue-times.com/parks/16/queue_times.json
2026-10-05T19:00:48.112Z,2026-10-05 12:00:48,2026-10-05,America/Los_Angeles,disneyland,Disneyland,Fantasyland,303,Casey Jr. Circus Train,TRUE,10,2026-10-05T18:55:31.000Z,2026-10-05 11:55:31,https://queue-times.com/parks/16/queue_times.json
2026-10-05T19:00:48.112Z,2026-10-05 12:00:48,2026-10-05,America/Los_Angeles,disneyland,Disneyland,Fantasyland,275,Dumbo the Flying Elephant,TRUE,20,2026-10-05T18:55:31.000Z,2026-10-05 11:55:31,https://queue-times.com/parks/16/queue_times.json
2026-10-05T19:00:48.112Z,2026-10-05 12:00:48,2026-10-05,America/Los_Angeles,disneyland,Disneyland,Fantasyland,277,King Arthur Carrousel,TRUE,5,2026-10-05T18:55:31.000Z,2026-10-05 11:55:31,https://queue-times.com/parks/16/queue_times.json
2026-10-05T19:00:48.112Z,2026-10-05 12:00:48,2026-10-05,America/Los_Angeles,disneyland,Disneyland,Fantasyland,278,Mad Tea Party,FALSE,0,2026-10-05T18:55:31.000Z,2026-10-05 11:55:31,https://queue-times.com/parks/16/queue_times.json
2026-10-05T19:00:48.112Z,2026-10-05 12:00:48,2026-10-05,America/Los_Angeles,disneyland,Disneyland,Fantasyland,279,Matterhorn Bobsleds,TRUE,35,2026-10-05T18:55:31.000Z,2026-10-05 11:55:31,https://queue-times.com/parks/16/queue_times.json
2026-10-05T19:00:48.112Z,2026-10-05 12:00:48,2026-10-05,America/Los_Angeles,disneyland,Disneyland,Fantasyland,6711,Meet Disney Princesses at Royal Hall,TRUE,10,2026-10-05T19:00:34.000Z,2026-10-05 12:00:34,https://queue-times.com/parks/16/queue_times.json
2026-10-05T19:00:48.112Z,2026-10-05 12:00:48,2026-10-05,America/Los_Angeles,disneyland,Disneyland,Fantasyland,280,Mr. Toad's Wild Ride,TRUE,15,2026-10-05T18:55:31.000Z,2026-10-05 11:55:31,https://queue-times.com/parks/16/queue_times.json
2026-10-05T19:00:48.112Z,2026-10-05 12:00:48,2026-10-05,America/Los_Angeles,disneyland,Disneyland,Fantasyland,281,Peter Pan's Flight,TRUE,30,2026-10-05T18:55:31.000Z,2026-10-05 11:55:31,https://queue-times.com/parks/16/queue_times.json
2026-10-05T19:00:48.112Z,2026-10-05 12:00:48,2026-10-05,America/Los_Angeles,disneyland,Disneyland,Fantasyland,282,Pinocchio's Daring Journey,TRUE,15,2026-10-05T18:55:31.000Z,2026-10-05 11:55:31,https://queue-times.com/parks/16/queue_times.json
2026-10-05T19:00:48.112Z,2026-10-05 12:00:48,2026-10-05,America/Los_Angeles,disneyland,Disneyland,Fantasyland,687,Sleeping Beauty Castle Walkthrough,FALSE,0,2026-10-05T18:55:31.000Z,2026-10-05 11:55:31,https://queue-times.com/parks/16/queue_times.json
2026-10-05T19:00:48.112Z,2026-10-05 12:00:48,2026-10-05,America/Los_Angeles,disneyland,Disneyland,Fantasyland,283,Snow White's Enchanted Wish,TRUE,15,2026-10-05T19:00:34.000Z,2026-10-05 12:00:34,https://queue-times.com/parks/16/queue_times.json
2026-10-05T19:00:48.112Z,2026-10-05 12:00:48,2026-10-05,America/Los_Angeles,disneyland,Disneyland,Fantasyland,305,Storybook Land Canal Boats,TRUE,10,2026-10-05T18:55:31.000Z,2026-10-05 11:55:31,https://queue-times.com/parks/16/queue_times.json
2026-10-05T19:00:48.112Z,2026-10-05 12:00:48,2026-10-05,America/Los_Angeles,disneyland,Disneyland,Frontierland,323,Big Thunder Mountain Railroad,FALSE,0,2026-10-05T19:00:34.000Z,2026-10-05 12:00:34,https://queue-times.com/parks/16/queue_times.json
2026-10-05T19:00:48.112Z,2026-10-05 12:00:48,2026-10-05,America/Los_Angeles,disneyland,Disneyland,Frontierland,679,Frontierland Shootin' Exposition,TRUE,0,2026-10-05T18:55:31.000Z,2026-10-05 11:55:31,https://queue-times.com/parks/16/queue_times.json
2026-10-05T19:00:48.112Z,2026-10-05 12:00:48,2026-10-05,America/Los_Angeles,disneyland,Disneyland,Frontierland,456,Mark Twain Riverboat,TRUE,10,2026-10-05T19:00:34.000Z,2026-10-05 12:00:34,https://queue-times.com/parks/16/queue_times.json
2026-10-05T19:00:48.112Z,2026-10-05 12:00:48,2026-10-05,America/Los_Angeles,disneyland,Disneyland,Frontierland,331,Pirate's Lair on Tom Sawyer Island,TRUE,5,2026-10-05T19:00:34.000Z,2026-10-05 12:00:34,https://queue-times.com/parks/16/queue_times.json
2026-10-05T19:00:48.112Z,2026-10-05 12:00:48,2026-10-05,America/Los_Angeles,disneyland,Disneyland,Frontierland,328,Sailing Ship Columbia,FALSE,0,2026-10-05T18:55:31.000Z,2026-10-05 11:55:31,https://queue-times.com/parks/16/queue_times.json
2026-10-05T19:00:48.112Z,2026-10-05 12:00:48,2026-10-05,America/Los_Angeles,disneyland,Disneyland,Main Street U.S.A,674,Disneyland Railroad,TRUE,5,2026-10-05T18:55:31.000Z,2026-10-05 11:55:31,https://queue-times.com/parks/16/queue_times.json
2026-10-05T19:00:48.112Z,2026-10-05 12:00:48,2026-10-05,America/Los_Angeles,disneyland,Disneyland,Main Street U.S.A,690,Great Moments with Mr. Lincoln,TRUE,0,2026-10-05T19:00:34.000Z,2026-10-05 12:00:34,https://queue-times.com/parks/16/queue_times.json
2026-10-05T19:00:48.112Z,2026-10-05 12:00:48,2026-10-05,America/Los_Angeles,disneyland,Disneyland,Main Street U.S.A,686,Main Street Cinema,TRUE,0,2026-10-05T18:55:31.000Z,2026-10-05 11:55:31,https://queue-times.com/parks/16/queue_times.json
2026-10-05T19:00:48.112Z,2026-10-05 12:00:48,2026-10-05,America/Los_Angeles,disneyland,Disneyland,Main Street U.S.A,691,Main Street Vehicles,TRUE,0,2026-10-05T18:55:31.000Z,2026-10-05 11:55:31,https://queue-times.com/parks/16/queue_times.json
2026-10-05T19:00:48.112Z,2026-10-05 12:00:48,2026-10-05,America/Los_Angeles,disneyland,Disneyland,Main Street U.S.A,14915,Opera House - Walt Disney - A Magical Life,TRUE,0,2026-10-05T19:00:34.000Z,2026-10-05 12:00:34,https://queue-times.com/parks/16/queue_times.json
2026-10-05T19:00:48.112Z,2026-10-05 12:00:48,2026-10-05,America/Los_Angeles,disneyland,Disneyland,Main Street U.S.A,695,The Disney Gallery,TRUE,0,2026-10-05T19:00:34.000Z,2026-10-05 12:00:34,https://queue-times.com/parks/16/queue_times.json
2026-10-05T19:00:48.112Z,2026-10-05 12:00:48,2026-10-05,America/Los_Angeles,disneyland,Disneyland,Main Street U.S.A,14923,Walt Disney - A Magical Life,FALSE,0,2026-10-05T19:00:34.000Z,2026-10-05 12:00:34,https://queue-times.com/parks/16/queue_times.json
2026-10-05T19:00:48.112Z,2026-10-05 12:00:48,2026-10-05,America/Los_Angeles,disneyland,Disneyland,Mickey's Toontown,324,Chip 'n' Dale's GADGETcoaster,TRUE,5,2026-10-05T19:00:34.000Z,2026-10-05 12:00:34,https://queue-times.com/parks/16/queue_times.json
2026-10-05T19:00:48.112Z,2026-10-05 12:00:48,2026-10-05,America/Los_Angeles,disneyland,Disneyland,Mickey's Toontown,13814,Donald's Duck Pond,TRUE,0,2026-10-05T18:55:31.000Z,2026-10-05 11:55:31,https://queue-times.com/parks/16/queue_times.json
2026-10-05T19:00:48.112Z,2026-10-05 12:00:48,2026-10-05,America/Los_Angeles,disneyland,Disneyland,Mickey's Toontown,11980,Goofy's How-to-Play Yard,TRUE,0,2026-10-05T18:55:31.000Z,2026-10-05 11:55:31,https://queue-times.com/parks/16/queue_times.json
2026-10-05T19:00:48.112Z,2026-10-05 12:00:48,2026-10-05,America/Los_Angeles,disneyland,Disneyland,Mickey's Toontown,11526,Mickey & Minnie's Runaway Railway,TRUE,40,2026-10-05T18:55:31.000Z,2026-10-05 11:55:31,https://queue-times.com/parks/16/queue_times.json
2026-10-05T19:00:48.112Z,2026-10-05 12:00:48,2026-10-05,America/Los_Angeles,disneyland,Disneyland,Mickey's Toontown,709,Mickey's House and Meet Mickey Mouse,TRUE,15,2026-10-05T19:00:34.000Z,2026-10-05 12:00:34,https://queue-times.com/parks/16/queue_times.json
2026-10-05T19:00:48.112Z,2026-10-05 12:00:48,2026-10-05,America/Los_Angeles,disneyland,Disneyland,Mickey's Toontown,684,Minnie's House,TRUE,0,2026-10-05T18:55:31.000Z,2026-10-05 11:55:31,https://queue-times.com/parks/16/queue_times.json
2026-10-05T19:00:48.112Z,2026-10-05 12:00:48,2026-10-05,America/Los_Angeles,disneyland,Disneyland,Mickey's Toontown,332,Roger Rabbit's Car Toon Spin,TRUE,50,2026-10-05T19:00:34.000Z,2026-10-05 12:00:34,https://queue-times.com/parks/16/queue_times.json
2026-10-05T19:00:48.112Z,2026-10-05 12:00:48,2026-10-05,America/Los_Angeles,disneyland,Disneyland,New Orleans Square,325,Haunted Mansion Holiday,TRUE,35,2026-10-05T18:55:31.000Z,2026-10-05 11:55:31,https://queue-times.com/parks/16/queue_times.json
2026-10-05T19:00:48.112Z,2026-10-05 12:00:48,2026-10-05,America/Los_Angeles,disneyland,Disneyland,New Orleans Square,289,Pirates of the Caribbean,TRUE,40,2026-10-05T19:00:34.000Z,2026-10-05 12:00:34,https://queue-times.com/parks/16/queue_times.json
2026-10-05T19:00:48.112Z,2026-10-05 12:00:48,2026-10-05,America/Los_Angeles,disneyland,Disneyland,Star Wars: Galaxy's Edge,6339,Millennium Falcon: Smugglers Run,TRUE,15,2026-10-05T18:55:31.000Z,2026-10-05 11:55:31,https://queue-times.com/parks/16/queue_times.json
2026-10-05T19:00:48.112Z,2026-10-05 12:00:48,2026-10-05,America/Los_Angeles,disneyland,Disneyland,Star Wars: Galaxy's Edge,10903,Millennium Falcon: Smugglers Run Single Rider,TRUE,0,2026-10-05T18:55:31.000Z,2026-10-05 11:55:31,https://queue-times.com/parks/16/queue_times.json
2026-10-05T19:00:48.112Z,2026-10-05 12:00:48,2026-10-05,America/Los_Angeles,disneyland,Disneyland,Star Wars: Galaxy's Edge,6340,Star Wars: Rise of the Resistance,TRUE,45,2026-10-05T19:00:34.000Z,2026-10-05 12:00:34,https://queue-times.com/parks/16/queue_times.json
2026-10-05T19:00:48.112Z,2026-10-05 12:00:48,2026-10-05,America/Los_Angeles,disneyland,Disneyland,Tomorrowland,287,Astro Orbitor,TRUE,10,2026-10-05T19:00:34.000Z,2026-10-05 12:00:34,https://queue-times.com/parks/16/queue_times.json
2026-10-05T19:00:48.112Z,2026-10-05 12:00:48,2026-10-05,America/Los_Angeles,disneyland,Disneyland,Tomorrowland,317,Autopia,TRUE,15,2026-10-05T19:00:34.000Z,2026-10-05 12:00:34,https://queue-times.com/parks/16/queue_times.json
2026-10-05T19:00:48.112Z,2026-10-05 12:00:48,2026-10-05,America/Los_Angeles,disneyland,Disneyland,Tomorrowland,273,Buzz Lightyear Astro Blasters,TRUE,25,2026-10-05T18:55:31.000Z,2026-10-05 11:55:31,https://queue-times.com/parks/16/queue_times.json
2026-10-05T19:00:48.112Z,2026-10-05 12:00:48,2026-10-05,America/Los_Angeles,disneyland,Disneyland,Tomorrowland,274,Disneyland Monorail,FALSE,0,2026-10-05T19:00:34.000Z,2026-10-05 12:00:34,https://queue-times.com/parks/16/queue_times.json
2026-10-05T19:00:48.112Z,2026-10-05 12:00:48,2026-10-05,America/Los_Angeles,disneyland,Disneyland,Tomorrowland,276,Finding Nemo Submarine Voyage,TRUE,15,2026-10-05T19:00:34.000Z,2026-10-05 12:00:34,https://queue-times.com/parks/16/queue_times.json
2026-10-05T19:00:48.112Z,2026-10-05 12:00:48,2026-10-05,America/Los_Angeles,disneyland,Disneyland,Tomorrowland,16627,Pixar Short Film Spotlight,FALSE,0,2026-10-05T19:00:34.000Z,2026-10-05 12:00:34,https://queue-times.com/parks/16/queue_times.json
2026-10-05T19:00:48.112Z,2026-10-05 12:00:48,2026-10-05,America/Los_Angeles,disneyland,Disneyland,Tomorrowland,284,Space Mountain,TRUE,65,2026-10-05T18:55:31.000Z,2026-10-05 11:55:31,https://queue-times.com/parks/16/queue_times.json
2026-10-05T19:00:48.112Z,2026-10-05 12:00:48,2026-10-05,America/Los_Angeles,disneyland,Disneyland,Tomorrowland,286,Star Tours - The Adventures Continue,TRUE,20,2026-10-05T18:55:31.000Z,2026-10-05 11:55:31,https://queue-times.com/parks/16/queue_times.json
2026-10-05T19:00:48.112Z,2026-10-05 12:00:48,2026-10-05,America/Los_Angeles,dca,Disney California Adventure,Avengers Campus,329,Guardians of the Galaxy - Mission: BREAKOUT!,TRUE,50,2026-10-05T18:55:37.000Z,2026-10-05 11:55:37,https://queue-times.com/parks/17/queue_times.json
2026-10-05T19:00:48.112Z,2026-10-05 12:00:48,2026-10-05,America/Los_Angeles,dca,Disney California Adventure,Avengers Campus,8843,WEB SLINGERS: A Spider-Man Adventure,TRUE,35,2026-10-05T19:00:37.000Z,2026-10-05 12:00:37,https://queue-times.com/parks/17/queue_times.json
2026-10-05T19:00:48.112Z,2026-10-05 12:00:48,2026-10-05,America/Los_Angeles,dca,Disney California Adventure,Avengers Campus,10907,WEB SLINGERS: A Spider-Man Adventure Single Rider,TRUE,0,2026-10-05T19:00:37.000Z,2026-10-05 12:00:37,https://queue-times.com/parks/17/queue_times.json
2026-10-05T19:00:48.112Z,2026-10-05 12:00:48,2026-10-05,America/Los_Angeles,dca,Disney California Adventure,Cars Land,2608,Luigi's Honkin' Haul-O-Ween,TRUE,15,2026-10-05T19:00:37.000Z,2026-10-05 12:00:37,https://queue-times.com/parks/17/queue_times.json
2026-10-05T19:00:48.112Z,2026-10-05 12:00:48,2026-10-05,America/Los_Angeles,dca,Disney California Adventure,Cars Land,295,Radiator Springs Racers,TRUE,70,2026-10-05T18:55:37.000Z,2026-10-05 11:55:37,https://queue-times.com/parks/17/queue_times.json
2026-10-05T19:00:48.112Z,2026-10-05 12:00:48,2026-10-05,America/Los_Angeles,dca,Disney California Adventure,Cars Land,10904,Radiator Springs Racers Single Rider,TRUE,0,2026-10-05T18:55:37.000Z,2026-10-05 11:55:37,https://queue-times.com/parks/17/queue_times.json
2026-10-05T19:00:48.112Z,2026-10-05 12:00:48,2026-10-05,America/Los_Angeles,dca,Disney California Adventure,Grizzly Peak,302,Grizzly River Run,TRUE,50,2026-10-05T18:55:37.000Z,2026-10-05 11:55:37,https://queue-times.com/parks/17/queue_times.json
2026-10-05T19:00:48.112Z,2026-10-05 12:00:48,2026-10-05,America/Los_Angeles,dca,Disney California Adventure,Grizzly Peak,293,Redwood Creek Challenge Trail,TRUE,5,2026-10-05T18:55:37.000Z,2026-10-05 11:55:37,https://queue-times.com/parks/17/queue_times.json
2026-10-05T19:00:48.112Z,2026-10-05 12:00:48,2026-10-05,America/Los_Angeles,dca,Disney California Adventure,Grizzly Peak,17129,Soarin’ Across America,TRUE,60,2026-10-05T19:00:37.000Z,2026-10-05 12:00:37,https://queue-times.com/parks/17/queue_times.json
2026-10-05T19:00:48.112Z,2026-10-05 12:00:48,2026-10-05,America/Los_Angeles,dca,Disney California Adventure,Hollywood Land,321,Animation Academy,TRUE,0,2026-10-05T18:55:37.000Z,2026-10-05 11:55:37,https://queue-times.com/parks/17/queue_times.json
2026-10-05T19:00:48.112Z,2026-10-05 12:00:48,2026-10-05,America/Los_Angeles,dca,Disney California Adventure,Hollywood Land,6440,Mickey's PhilharMagic,TRUE,10,2026-10-05T18:55:37.000Z,2026-10-05 11:55:37,https://queue-times.com/parks/17/queue_times.json
2026-10-05T19:00:48.112Z,2026-10-05 12:00:48,2026-10-05,America/Los_Angeles,dca,Disney California Adventure,Hollywood Land,291,"Monsters, Inc. Mike & Sulley to the Rescue!",TRUE,50,2026-10-05T19:00:37.000Z,2026-10-05 12:00:37,https://queue-times.com/parks/17/queue_times.json
2026-10-05T19:00:48.112Z,2026-10-05 12:00:48,2026-10-05,America/Los_Angeles,dca,Disney California Adventure,Hollywood Land,868,Sorcerer's Workshop,TRUE,0,2026-10-05T19:00:37.000Z,2026-10-05 12:00:37,https://queue-times.com/parks/17/queue_times.json
2026-10-05T19:00:48.112Z,2026-10-05 12:00:48,2026-10-05,America/Los_Angeles,dca,Disney California Adventure,Hollywood Land,294,Turtle Talk with Crush,TRUE,0,2026-10-05T19:00:37.000Z,2026-10-05 12:00:37,https://queue-times.com/parks/17/queue_times.json
2026-10-05T19:00:48.112Z,2026-10-05 12:00:48,2026-10-05,America/Los_Angeles,dca,Disney California Adventure,Pacific Wharf,869,The Bakery Tour,TRUE,0,2026-10-05T18:55:37.000Z,2026-10-05 11:55:37,https://queue-times.com/parks/17/queue_times.json
2026-10-05T19:00:48.112Z,2026-10-05 12:00:48,2026-10-05,America/Los_Angeles,dca,Disney California Adventure,Paradise Gardens Park,298,Golden Zephyr,TRUE,10,2026-10-05T19:00:37.000Z,2026-10-05 12:00:37,https://queue-times.com/parks/17/queue_times.json
2026-10-05T19:00:48.112Z,2026-10-05 12:00:48,2026-10-05,America/Los_Angeles,dca,Disney California Adventure,Paradise Gardens Park,319,Goofy's Sky School,FALSE,0,2026-10-05T18:55:37.000Z,2026-10-05 11:55:37,https://queue-times.com/parks/17/queue_times.json
2026-10-05T19:00:48.112Z,2026-10-05 12:00:48,2026-10-05,America/Los_Angeles,dca,Disney California Adventure,Paradise Gardens Park,301,Silly Symphony Swings,TRUE,5,2026-10-05T19:00:37.000Z,2026-10-05 12:00:37,https://queue-times.com/parks/17/queue_times.json
2026-10-05T19:00:48.112Z,2026-10-05 12:00:48,2026-10-05,America/Los_Angeles,dca,Disney California Adventure,Paradise Gardens Park,10905,Silly Symphony Swings Single Rider,TRUE,0,2026-10-05T19:00:37.000Z,2026-10-05 12:00:37,https://queue-times.com/parks/17/queue_times.json
2026-10-05T19:00:48.112Z,2026-10-05 12:00:48,2026-10-05,America/Los_Angeles,dca,Disney California Adventure,Paradise Gardens Park,316,The Little Mermaid - Ariel's Undersea Adventure,FALSE,0,2026-10-05T18:55:37.000Z,2026-10-05 11:55:37,https://queue-times.com/parks/17/queue_times.json
2026-10-05T19:00:48.112Z,2026-10-05 12:00:48,2026-10-05,America/Los_Angeles,dca,Disney California Adventure,Paradise Gardens Park,11528,World of Color – ONE,TRUE,0,2026-10-05T18:55:37.000Z,2026-10-05 11:55:37,https://queue-times.com/parks/17/queue_times.json
2026-10-05T19:00:48.112Z,2026-10-05 12:00:48,2026-10-05,America/Los_Angeles,dca,Disney California Adventure,Pixar Pier,866,Games of Pixar Pier,TRUE,5,2026-10-05T19:00:37.000Z,2026-10-05 12:00:37,https://queue-times.com/parks/17/queue_times.json
2026-10-05T19:00:48.112Z,2026-10-05 12:00:48,2026-10-05,America/Los_Angeles,dca,Disney California Adventure,Pixar Pier,322,Incredicoaster,TRUE,20,2026-10-05T19:00:37.000Z,2026-10-05 12:00:37,https://queue-times.com/parks/17/queue_times.json
2026-10-05T19:00:48.112Z,2026-10-05 12:00:48,2026-10-05,America/Los_Angeles,dca,Disney California Adventure,Pixar Pier,10906,Incredicoaster Single Rider,TRUE,0,2026-10-05T19:00:37.000Z,2026-10-05 12:00:37,https://queue-times.com/parks/17/queue_times.json
2026-10-05T19:00:48.112Z,2026-10-05 12:00:48,2026-10-05,America/Los_Angeles,dca,Disney California Adventure,Pixar Pier,6643,Inside Out Emotional Whirlwind,TRUE,10,2026-10-05T19:00:37.000Z,2026-10-05 12:00:37,https://queue-times.com/parks/17/queue_times.json
2026-10-05T19:00:48.112Z,2026-10-05 12:00:48,2026-10-05,America/Los_Angeles,dca,Disney California Adventure,Pixar Pier,310,Jessie's Critter Carousel,TRUE,5,2026-10-05T19:00:37.000Z,2026-10-05 12:00:37,https://queue-times.com/parks/17/queue_times.json
2026-10-05T19:00:48.112Z,2026-10-05 12:00:48,2026-10-05,America/Los_Angeles,dca,Disney California Adventure,Pixar Pier,300,Jumpin' Jellyfish,FALSE,0,2026-10-05T18:55:37.000Z,2026-10-05 11:55:37,https://queue-times.com/parks/17/queue_times.json
2026-10-05T19:00:48.112Z,2026-10-05 12:00:48,2026-10-05,America/Los_Angeles,dca,Disney California Adventure,Pixar Pier,311,Pixar Pal-A-Round - Swinging,TRUE,15,2026-10-05T19:00:37.000Z,2026-10-05 12:00:37,https://queue-times.com/parks/17/queue_times.json
2026-10-05T19:00:48.112Z,2026-10-05 12:00:48,2026-10-05,America/Los_Angeles,dca,Disney California Adventure,Pixar Pier,5557,Pixar Pal-A-Round – Non-Swinging,TRUE,5,2026-10-05T19:00:37.000Z,2026-10-05 12:00:37,https://queue-times.com/parks/17/queue_times.json
2026-10-05T19:00:48.112Z,2026-10-05 12:00:48,2026-10-05,America/Los_Angeles,dca,Disney California Adventure,Pixar Pier,313,Toy Story Midway Mania!,TRUE,65,2026-10-05T19:00:37.000Z,2026-10-05 12:00:37,https://queue-times.com/parks/17/queue_times.json
2026-10-05T19:00:48.112Z,2026-10-05 12:00:48,2026-10-05,America/Los_Angeles,dca,Disney California Adventure,Halloween,5146,Guardians of the Galaxy - Monsters After Dark,FALSE,0,2026-10-05T19:00:37.000Z,2026-10-05 12:00:37,https://queue-times.com/parks/17/queue_times.json
2026-10-05T19:00:48.112Z,2026-10-05 12:00:48,2026-10-05,America/Los_Angeles,dca,Disney California Adventure,Halloween,4723,Mater's Graveyard JamBOOree,TRUE,10,2026-10-05T19:00:37.000Z,2026-10-05 12:00:37,https://queue-times.com/parks/17/queue_times.json
2026-10-05T19:00:48.112Z,2026-10-05 12:00:48,2026-10-05,America/Los_Angeles,dca,Disney California Adventure,Halloween,7292,Villains Grove at Oogie Boogie Bash,FALSE,0,2026-10-05T19:00:37.000Z,2026-10-05 12:00:37,https://queue-times.com/parks/17/queue_times.json
2026-10-05T19:20:49.949Z,2026-10-05 12:20:49,2026-10-05,America/Los_Angeles,disneyland,Disneyland,Adventureland,12428,Adventureland Treehouse inspired by Walt Disney’s Swiss Family Robinson,TRUE,0,2026-10-05T19:20:32.000Z,2026-10-05 12:20:32,https://queue-times.com/parks/16/queue_times.json
2026-10-05T19:20:49.949Z,2026-10-05 12:20:49,2026-10-05,America/Los_Angeles,disneyland,Disneyland,Adventureland,326,Indiana Jones™ Adventure,FALSE,0,2026-10-05T19:20:32.000Z,2026-10-05 12:20:32,https://queue-times.com/parks/16/queue_times.json
2026-10-05T19:20:49.949Z,2026-10-05 12:20:49,2026-10-05,America/Los_Angeles,disneyland,Disneyland,Adventureland,296,Jungle Cruise,TRUE,20,2026-10-05T19:20:32.000Z,2026-10-05 12:20:32,https://queue-times.com/parks/16/queue_times.json
2026-10-05T19:20:49.949Z,2026-10-05 12:20:49,2026-10-05,America/Los_Angeles,disneyland,Disneyland,Adventureland,288,Walt Disney's Enchanted Tiki Room,TRUE,0,2026-10-05T19:20:32.000Z,2026-10-05 12:20:32,https://queue-times.com/parks/16/queue_times.json
2026-10-05T19:20:49.949Z,2026-10-05 12:20:49,2026-10-05,America/Los_Angeles,disneyland,Disneyland,Bayou Country,304,Davy Crockett's Explorer Canoes,FALSE,0,2026-10-05T19:20:32.000Z,2026-10-05 12:20:32,https://queue-times.com/parks/16/queue_times.json
2026-10-05T19:20:49.949Z,2026-10-05 12:20:49,2026-10-05,America/Los_Angeles,disneyland,Disneyland,Bayou Country,306,The Many Adventures of Winnie the Pooh,TRUE,15,2026-10-05T19:20:32.000Z,2026-10-05 12:20:32,https://queue-times.com/parks/16/queue_times.json
2026-10-05T19:20:49.949Z,2026-10-05 12:20:49,2026-10-05,America/Los_Angeles,disneyland,Disneyland,Bayou Country,14168,Tiana's Bayou Adventure,TRUE,55,2026-10-05T19:20:32.000Z,2026-10-05 12:20:32,https://queue-times.com/parks/16/queue_times.json
2026-10-05T19:20:49.949Z,2026-10-05 12:20:49,2026-10-05,America/Los_Angeles,disneyland,Disneyland,Bayou Country,14326,Tiana's Bayou Adventure Single Rider,TRUE,0,2026-10-05T19:20:32.000Z,2026-10-05 12:20:32,https://queue-times.com/parks/16/queue_times.json
2026-10-05T19:20:49.949Z,2026-10-05 12:20:49,2026-10-05,America/Los_Angeles,disneyland,Disneyland,Fantasyland,307,"""it's a small world""",TRUE,10,2026-10-05T19:20:32.000Z,2026-10-05 12:20:32,https://queue-times.com/parks/16/queue_times.json
2026-10-05T19:20:49.949Z,2026-10-05 12:20:49,2026-10-05,America/Los_Angeles,disneyland,Disneyland,Fantasyland,285,Alice in Wonderland,TRUE,20,2026-10-05T19:20:32.000Z,2026-10-05 12:20:32,https://queue-times.com/parks/16/queue_times.json
2026-10-05T19:20:49.949Z,2026-10-05 12:20:49,2026-10-05,America/Los_Angeles,disneyland,Disneyland,Fantasyland,16254,Bluey’s Best Day Ever! at Fantasyland Theatre,TRUE,0,2026-10-05T19:20:32.000Z,2026-10-05 12:20:32,https://queue-times.com/parks/16/queue_times.json
2026-10-05T19:20:49.949Z,2026-10-05 12:20:49,2026-10-05,America/Los_Angeles,disneyland,Disneyland,Fantasyland,303,Casey Jr. Circus Train,TRUE,10,2026-10-05T19:20:32.000Z,2026-10-05 12:20:32,https://queue-times.com/parks/16/queue_times.json
2026-10-05T19:20:49.949Z,2026-10-05 12:20:49,2026-10-05,America/Los_Angeles,disneyland,Disneyland,Fantasyland,275,Dumbo the Flying Elephant,TRUE,20,2026-10-05T19:20:32.000Z,2026-10-05 12:20:32,https://queue-times.com/parks/16/queue_times.json
2026-10-05T19:20:49.949Z,2026-10-05 12:20:49,2026-10-05,America/Los_Angeles,disneyland,Disneyland,Fantasyland,277,King Arthur Carrousel,TRUE,5,2026-10-05T19:20:32.000Z,2026-10-05 12:20:32,https://queue-times.com/parks/16/queue_times.json
2026-10-05T19:20:49.949Z,2026-10-05 12:20:49,2026-10-05,America/Los_Angeles,disneyland,Disneyland,Fantasyland,278,Mad Tea Party,FALSE,0,2026-10-05T19:20:32.000Z,2026-10-05 12:20:32,https://queue-times.com/parks/16/queue_times.json
2026-10-05T19:20:49.949Z,2026-10-05 12:20:49,2026-10-05,America/Los_Angeles,disneyland,Disneyland,Fantasyland,279,Matterhorn Bobsleds,TRUE,30,2026-10-05T19:20:32.000Z,2026-10-05 12:20:32,https://queue-times.com/parks/16/queue_times.json
2026-10-05T19:20:49.949Z,2026-10-05 12:20:49,2026-10-05,America/Los_Angeles,disneyland,Disneyland,Fantasyland,6711,Meet Disney Princesses at Royal Hall,TRUE,15,2026-10-05T19:20:32.000Z,2026-10-05 12:20:32,https://queue-times.com/parks/16/queue_times.json
2026-10-05T19:20:49.949Z,2026-10-05 12:20:49,2026-10-05,America/Los_Angeles,disneyland,Disneyland,Fantasyland,280,Mr. Toad's Wild Ride,TRUE,15,2026-10-05T19:20:32.000Z,2026-10-05 12:20:32,https://queue-times.com/parks/16/queue_times.json
2026-10-05T19:20:49.949Z,2026-10-05 12:20:49,2026-10-05,America/Los_Angeles,disneyland,Disneyland,Fantasyland,281,Peter Pan's Flight,TRUE,20,2026-10-05T19:20:32.000Z,2026-10-05 12:20:32,https://queue-times.com/parks/16/queue_times.json
2026-10-05T19:20:49.949Z,2026-10-05 12:20:49,2026-10-05,America/Los_Angeles,disneyland,Disneyland,Fantasyland,282,Pinocchio's Daring Journey,TRUE,10,2026-10-05T19:20:32.000Z,2026-10-05 12:20:32,https://queue-times.com/parks/16/queue_times.json
2026-10-05T19:20:49.949Z,2026-10-05 12:20:49,2026-10-05,America/Los_Angeles,disneyland,Disneyland,Fantasyland,687,Sleeping Beauty Castle Walkthrough,FALSE,0,2026-10-05T19:20:32.000Z,2026-10-05 12:20:32,https://queue-times.com/parks/16/queue_times.json
2026-10-05T19:20:49.949Z,2026-10-05 12:20:49,2026-10-05,America/Los_Angeles,disneyland,Disneyland,Fantasyland,283,Snow White's Enchanted Wish,TRUE,15,2026-10-05T19:20:32.000Z,2026-10-05 12:20:32,https://queue-times.com/parks/16/queue_times.json
2026-10-05T19:20:49.949Z,2026-10-05 12:20:49,2026-10-05,America/Los_Angeles,disneyland,Disneyland,Fantasyland,305,Storybook Land Canal Boats,TRUE,5,2026-10-05T19:20:32.000Z,2026-10-05 12:20:32,https://queue-times.com/parks/16/queue_times.json
2026-10-05T19:20:49.949Z,2026-10-05 12:20:49,2026-10-05,America/Los_Angeles,disneyland,Disneyland,Frontierland,323,Big Thunder Mountain Railroad,FALSE,0,2026-10-05T19:20:32.000Z,2026-10-05 12:20:32,https://queue-times.com/parks/16/queue_times.json
2026-10-05T19:20:49.949Z,2026-10-05 12:20:49,2026-10-05,America/Los_Angeles,disneyland,Disneyland,Frontierland,679,Frontierland Shootin' Exposition,TRUE,0,2026-10-05T19:20:32.000Z,2026-10-05 12:20:32,https://queue-times.com/parks/16/queue_times.json
2026-10-05T19:20:49.949Z,2026-10-05 12:20:49,2026-10-05,America/Los_Angeles,disneyland,Disneyland,Frontierland,456,Mark Twain Riverboat,TRUE,10,2026-10-05T19:20:32.000Z,2026-10-05 12:20:32,https://queue-times.com/parks/16/queue_times.json
2026-10-05T19:20:49.949Z,2026-10-05 12:20:49,2026-10-05,America/Los_Angeles,disneyland,Disneyland,Frontierland,331,Pirate's Lair on Tom Sawyer Island,TRUE,5,2026-10-05T19:20:32.000Z,2026-10-05 12:20:32,https://queue-times.com/parks/16/queue_times.json
2026-10-05T19:20:49.949Z,2026-10-05 12:20:49,2026-10-05,America/Los_Angeles,disneyland,Disneyland,Frontierland,328,Sailing Ship Columbia,FALSE,0,2026-10-05T19:20:32.000Z,2026-10-05 12:20:32,https://queue-times.com/parks/16/queue_times.json
2026-10-05T19:20:49.949Z,2026-10-05 12:20:49,2026-10-05,America/Los_Angeles,disneyland,Disneyland,Main Street U.S.A,674,Disneyland Railroad,TRUE,5,2026-10-05T19:20:32.000Z,2026-10-05 12:20:32,https://queue-times.com/parks/16/queue_times.json
2026-10-05T19:20:49.949Z,2026-10-05 12:20:49,2026-10-05,America/Los_Angeles,disneyland,Disneyland,Main Street U.S.A,690,Great Moments with Mr. Lincoln,TRUE,0,2026-10-05T19:20:32.000Z,2026-10-05 12:20:32,https://queue-times.com/parks/16/queue_times.json
2026-10-05T19:20:49.949Z,2026-10-05 12:20:49,2026-10-05,America/Los_Angeles,disneyland,Disneyland,Main Street U.S.A,686,Main Street Cinema,TRUE,0,2026-10-05T19:20:32.000Z,2026-10-05 12:20:32,https://queue-times.com/parks/16/queue_times.json
2026-10-05T19:20:49.949Z,2026-10-05 12:20:49,2026-10-05,America/Los_Angeles,disneyland,Disneyland,Main Street U.S.A,691,Main Street Vehicles,TRUE,0,2026-10-05T19:20:32.000Z,2026-10-05 12:20:32,https://queue-times.com/parks/16/queue_times.json
2026-10-05T19:20:49.949Z,2026-10-05 12:20:49,2026-10-05,America/Los_Angeles,disneyland,Disneyland,Main Street U.S.A,14915,Opera House - Walt Disney - A Magical Life,TRUE,0,2026-10-05T19:20:32.000Z,2026-10-05 12:20:32,https://queue-times.com/parks/16/queue_times.json
2026-10-05T19:20:49.949Z,2026-10-05 12:20:49,2026-10-05,America/Los_Angeles,disneyland,Disneyland,Main Street U.S.A,695,The Disney Gallery,TRUE,0,2026-10-05T19:20:32.000Z,2026-10-05 12:20:32,https://queue-times.com/parks/16/queue_times.json
2026-10-05T19:20:49.949Z,2026-10-05 12:20:49,2026-10-05,America/Los_Angeles,disneyland,Disneyland,Main Street U.S.A,14923,Walt Disney - A Magical Life,FALSE,0,2026-10-05T19:20:32.000Z,2026-10-05 12:20:32,https://queue-times.com/parks/16/queue_times.json
2026-10-05T19:20:49.949Z,2026-10-05 12:20:49,2026-10-05,America/Los_Angeles,disneyland,Disneyland,Mickey's Toontown,324,Chip 'n' Dale's GADGETcoaster,TRUE,25,2026-10-05T19:20:32.000Z,2026-10-05 12:20:32,https://queue-times.com/parks/16/queue_times.json
2026-10-05T19:20:49.949Z,2026-10-05 12:20:49,2026-10-05,America/Los_Angeles,disneyland,Disneyland,Mickey's Toontown,13814,Donald's Duck Pond,TRUE,0,2026-10-05T19:20:32.000Z,2026-10-05 12:20:32,https://queue-times.com/parks/16/queue_times.json
2026-10-05T19:20:49.949Z,2026-10-05 12:20:49,2026-10-05,America/Los_Angeles,disneyland,Disneyland,Mickey's Toontown,11980,Goofy's How-to-Play Yard,TRUE,0,2026-10-05T19:20:32.000Z,2026-10-05 12:20:32,https://queue-times.com/parks/16/queue_times.json
2026-10-05T19:20:49.949Z,2026-10-05 12:20:49,2026-10-05,America/Los_Angeles,disneyland,Disneyland,Mickey's Toontown,11526,Mickey & Minnie's Runaway Railway,TRUE,30,2026-10-05T19:20:32.000Z,2026-10-05 12:20:32,https://queue-times.com/parks/16/queue_times.json
2026-10-05T19:20:49.949Z,2026-10-05 12:20:49,2026-10-05,America/Los_Angeles,disneyland,Disneyland,Mickey's Toontown,709,Mickey's House and Meet Mickey Mouse,TRUE,20,2026-10-05T19:20:32.000Z,2026-10-05 12:20:32,https://queue-times.com/parks/16/queue_times.json
2026-10-05T19:20:49.949Z,2026-10-05 12:20:49,2026-10-05,America/Los_Angeles,disneyland,Disneyland,Mickey's Toontown,684,Minnie's House,TRUE,0,2026-10-05T19:20:32.000Z,2026-10-05 12:20:32,https://queue-times.com/parks/16/queue_times.json
2026-10-05T19:20:49.949Z,2026-10-05 12:20:49,2026-10-05,America/Los_Angeles,disneyland,Disneyland,Mickey's Toontown,332,Roger Rabbit's Car Toon Spin,TRUE,40,2026-10-05T19:20:32.000Z,2026-10-05 12:20:32,https://queue-times.com/parks/16/queue_times.json
2026-10-05T19:20:49.949Z,2026-10-05 12:20:49,2026-10-05,America/Los_Angeles,disneyland,Disneyland,New Orleans Square,325,Haunted Mansion Holiday,TRUE,30,2026-10-05T19:20:32.000Z,2026-10-05 12:20:32,https://queue-times.com/parks/16/queue_times.json
2026-10-05T19:20:49.949Z,2026-10-05 12:20:49,2026-10-05,America/Los_Angeles,disneyland,Disneyland,New Orleans Square,289,Pirates of the Caribbean,TRUE,30,2026-10-05T19:20:32.000Z,2026-10-05 12:20:32,https://queue-times.com/parks/16/queue_times.json
2026-10-05T19:20:49.949Z,2026-10-05 12:20:49,2026-10-05,America/Los_Angeles,disneyland,Disneyland,Star Wars: Galaxy's Edge,6339,Millennium Falcon: Smugglers Run,TRUE,35,2026-10-05T19:20:32.000Z,2026-10-05 12:20:32,https://queue-times.com/parks/16/queue_times.json
2026-10-05T19:20:49.949Z,2026-10-05 12:20:49,2026-10-05,America/Los_Angeles,disneyland,Disneyland,Star Wars: Galaxy's Edge,10903,Millennium Falcon: Smugglers Run Single Rider,TRUE,0,2026-10-05T19:20:32.000Z,2026-10-05 12:20:32,https://queue-times.com/parks/16/queue_times.json
2026-10-05T19:20:49.949Z,2026-10-05 12:20:49,2026-10-05,America/Los_Angeles,disneyland,Disneyland,Star Wars: Galaxy's Edge,6340,Star Wars: Rise of the Resistance,TRUE,35,2026-10-05T19:20:32.000Z,2026-10-05 12:20:32,https://queue-times.com/parks/16/queue_times.json
2026-10-05T19:20:49.949Z,2026-10-05 12:20:49,2026-10-05,America/Los_Angeles,disneyland,Disneyland,Tomorrowland,287,Astro Orbitor,TRUE,10,2026-10-05T19:20:32.000Z,2026-10-05 12:20:32,https://queue-times.com/parks/16/queue_times.json
2026-10-05T19:20:49.949Z,2026-10-05 12:20:49,2026-10-05,America/Los_Angeles,disneyland,Disneyland,Tomorrowland,317,Autopia,TRUE,15,2026-10-05T19:20:32.000Z,2026-10-05 12:20:32,https://queue-times.com/parks/16/queue_times.json
2026-10-05T19:20:49.949Z,2026-10-05 12:20:49,2026-10-05,America/Los_Angeles,disneyland,Disneyland,Tomorrowland,273,Buzz Lightyear Astro Blasters,TRUE,10,2026-10-05T19:20:32.000Z,2026-10-05 12:20:32,https://queue-times.com/parks/16/queue_times.json
2026-10-05T19:20:49.949Z,2026-10-05 12:20:49,2026-10-05,America/Los_Angeles,disneyland,Disneyland,Tomorrowland,274,Disneyland Monorail,FALSE,0,2026-10-05T19:20:32.000Z,2026-10-05 12:20:32,https://queue-times.com/parks/16/queue_times.json
2026-10-05T19:20:49.949Z,2026-10-05 12:20:49,2026-10-05,America/Los_Angeles,disneyland,Disneyland,Tomorrowland,276,Finding Nemo Submarine Voyage,TRUE,15,2026-10-05T19:20:32.000Z,2026-10-05 12:20:32,https://queue-times.com/parks/16/queue_times.json
2026-10-05T19:20:49.949Z,2026-10-05 12:20:49,2026-10-05,America/Los_Angeles,disneyland,Disneyland,Tomorrowland,16627,Pixar Short Film Spotlight,FALSE,0,2026-10-05T19:20:32.000Z,2026-10-05 12:20:32,https://queue-times.com/parks/16/queue_times.json
2026-10-05T19:20:49.949Z,2026-10-05 12:20:49,2026-10-05,America/Los_Angeles,disneyland,Disneyland,Tomorrowland,284,Space Mountain,TRUE,45,2026-10-05T19:20:32.000Z,2026-10-05 12:20:32,https://queue-times.com/parks/16/queue_times.json
2026-10-05T19:20:49.949Z,2026-10-05 12:20:49,2026-10-05,America/Los_Angeles,disneyland,Disneyland,Tomorrowland,286,Star Tours - The Adventures Continue,TRUE,20,2026-10-05T19:20:32.000Z,2026-10-05 12:20:32,https://queue-times.com/parks/16/queue_times.json
2026-10-05T19:20:49.949Z,2026-10-05 12:20:49,2026-10-05,America/Los_Angeles,dca,Disney California Adventure,Avengers Campus,329,Guardians of the Galaxy - Mission: BREAKOUT!,TRUE,25,2026-10-05T19:20:38.000Z,2026-10-05 12:20:38,https://queue-times.com/parks/17/queue_times.json
2026-10-05T19:20:49.949Z,2026-10-05 12:20:49,2026-10-05,America/Los_Angeles,dca,Disney California Adventure,Avengers Campus,8843,WEB SLINGERS: A Spider-Man Adventure,TRUE,40,2026-10-05T19:20:38.000Z,2026-10-05 12:20:38,https://queue-times.com/parks/17/queue_times.json
2026-10-05T19:20:49.949Z,2026-10-05 12:20:49,2026-10-05,America/Los_Angeles,dca,Disney California Adventure,Avengers Campus,10907,WEB SLINGERS: A Spider-Man Adventure Single Rider,TRUE,0,2026-10-05T19:20:38.000Z,2026-10-05 12:20:38,https://queue-times.com/parks/17/queue_times.json
2026-10-05T19:20:49.949Z,2026-10-05 12:20:49,2026-10-05,America/Los_Angeles,dca,Disney California Adventure,Cars Land,2608,Luigi's Honkin' Haul-O-Ween,TRUE,30,2026-10-05T19:20:38.000Z,2026-10-05 12:20:38,https://queue-times.com/parks/17/queue_times.json
2026-10-05T19:20:49.949Z,2026-10-05 12:20:49,2026-10-05,America/Los_Angeles,dca,Disney California Adventure,Cars Land,295,Radiator Springs Racers,TRUE,110,2026-10-05T19:20:38.000Z,2026-10-05 12:20:38,https://queue-times.com/parks/17/queue_times.json
2026-10-05T19:20:49.949Z,2026-10-05 12:20:49,2026-10-05,America/Los_Angeles,dca,Disney California Adventure,Cars Land,10904,Radiator Springs Racers Single Rider,TRUE,0,2026-10-05T19:20:38.000Z,2026-10-05 12:20:38,https://queue-times.com/parks/17/queue_times.json
2026-10-05T19:20:49.949Z,2026-10-05 12:20:49,2026-10-05,America/Los_Angeles,dca,Disney California Adventure,Grizzly Peak,302,Grizzly River Run,TRUE,50,2026-10-05T19:20:38.000Z,2026-10-05 12:20:38,https://queue-times.com/parks/17/queue_times.json
2026-10-05T19:20:49.949Z,2026-10-05 12:20:49,2026-10-05,America/Los_Angeles,dca,Disney California Adventure,Grizzly Peak,293,Redwood Creek Challenge Trail,TRUE,5,2026-10-05T19:20:38.000Z,2026-10-05 12:20:38,https://queue-times.com/parks/17/queue_times.json
2026-10-05T19:20:49.949Z,2026-10-05 12:20:49,2026-10-05,America/Los_Angeles,dca,Disney California Adventure,Grizzly Peak,17129,Soarin’ Across America,TRUE,40,2026-10-05T19:20:38.000Z,2026-10-05 12:20:38,https://queue-times.com/parks/17/queue_times.json
2026-10-05T19:20:49.949Z,2026-10-05 12:20:49,2026-10-05,America/Los_Angeles,dca,Disney California Adventure,Hollywood Land,321,Animation Academy,TRUE,0,2026-10-05T19:20:38.000Z,2026-10-05 12:20:38,https://queue-times.com/parks/17/queue_times.json
2026-10-05T19:20:49.949Z,2026-10-05 12:20:49,2026-10-05,America/Los_Angeles,dca,Disney California Adventure,Hollywood Land,6440,Mickey's PhilharMagic,TRUE,10,2026-10-05T19:20:38.000Z,2026-10-05 12:20:38,https://queue-times.com/parks/17/queue_times.json
2026-10-05T19:20:49.949Z,2026-10-05 12:20:49,2026-10-05,America/Los_Angeles,dca,Disney California Adventure,Hollywood Land,291,"Monsters, Inc. Mike & Sulley to the Rescue!",TRUE,40,2026-10-05T19:20:38.000Z,2026-10-05 12:20:38,https://queue-times.com/parks/17/queue_times.json
2026-10-05T19:20:49.949Z,2026-10-05 12:20:49,2026-10-05,America/Los_Angeles,dca,Disney California Adventure,Hollywood Land,868,Sorcerer's Workshop,TRUE,0,2026-10-05T19:20:38.000Z,2026-10-05 12:20:38,https://queue-times.com/parks/17/queue_times.json
2026-10-05T19:20:49.949Z,2026-10-05 12:20:49,2026-10-05,America/Los_Angeles,dca,Disney California Adventure,Hollywood Land,294,Turtle Talk with Crush,TRUE,0,2026-10-05T19:20:38.000Z,2026-10-05 12:20:38,https://queue-times.com/parks/17/queue_times.json
2026-10-05T19:20:49.949Z,2026-10-05 12:20:49,2026-10-05,America/Los_Angeles,dca,Disney California Adventure,Pacific Wharf,869,The Bakery Tour,TRUE,0,2026-10-05T19:20:38.000Z,2026-10-05 12:20:38,https://queue-times.com/parks/17/queue_times.json
2026-10-05T19:20:49.949Z,2026-10-05 12:20:49,2026-10-05,America/Los_Angeles,dca,Disney California Adventure,Paradise Gardens Park,298,Golden Zephyr,FALSE,0,2026-10-05T19:20:38.000Z,2026-10-05 12:20:38,https://queue-times.com/parks/17/queue_times.json
2026-10-05T19:20:49.949Z,2026-10-05 12:20:49,2026-10-05,America/Los_Angeles,dca,Disney California Adventure,Paradise Gardens Park,319,Goofy's Sky School,FALSE,0,2026-10-05T19:20:38.000Z,2026-10-05 12:20:38,https://queue-times.com/parks/17/queue_times.json
2026-10-05T19:20:49.949Z,2026-10-05 12:20:49,2026-10-05,America/Los_Angeles,dca,Disney California Adventure,Paradise Gardens Park,301,Silly Symphony Swings,TRUE,5,2026-10-05T19:20:38.000Z,2026-10-05 12:20:38,https://queue-times.com/parks/17/queue_times.json
2026-10-05T19:20:49.949Z,2026-10-05 12:20:49,2026-10-05,America/Los_Angeles,dca,Disney California Adventure,Paradise Gardens Park,10905,Silly Symphony Swings Single Rider,TRUE,0,2026-10-05T19:20:38.000Z,2026-10-05 12:20:38,https://queue-times.com/parks/17/queue_times.json
2026-10-05T19:20:49.949Z,2026-10-05 12:20:49,2026-10-05,America/Los_Angeles,dca,Disney California Adventure,Paradise Gardens Park,316,The Little Mermaid - Ariel's Undersea Adventure,FALSE,0,2026-10-05T19:20:38.000Z,2026-10-05 12:20:38,https://queue-times.com/parks/17/queue_times.json
2026-10-05T19:20:49.949Z,2026-10-05 12:20:49,2026-10-05,America/Los_Angeles,dca,Disney California Adventure,Paradise Gardens Park,11528,World of Color – ONE,TRUE,0,2026-10-05T19:20:38.000Z,2026-10-05 12:20:38,https://queue-times.com/parks/17/queue_times.json
2026-10-05T19:20:49.949Z,2026-10-05 12:20:49,2026-10-05,America/Los_Angeles,dca,Disney California Adventure,Pixar Pier,866,Games of Pixar Pier,TRUE,5,2026-10-05T19:20:38.000Z,2026-10-05 12:20:38,https://queue-times.com/parks/17/queue_times.json
2026-10-05T19:20:49.949Z,2026-10-05 12:20:49,2026-10-05,America/Los_Angeles,dca,Disney California Adventure,Pixar Pier,322,Incredicoaster,TRUE,20,2026-10-05T19:20:38.000Z,2026-10-05 12:20:38,https://queue-times.com/parks/17/queue_times.json
2026-10-05T19:20:49.949Z,2026-10-05 12:20:49,2026-10-05,America/Los_Angeles,dca,Disney California Adventure,Pixar Pier,10906,Incredicoaster Single Rider,TRUE,0,2026-10-05T19:20:38.000Z,2026-10-05 12:20:38,https://queue-times.com/parks/17/queue_times.json
2026-10-05T19:20:49.949Z,2026-10-05 12:20:49,2026-10-05,America/Los_Angeles,dca,Disney California Adventure,Pixar Pier,6643,Inside Out Emotional Whirlwind,FALSE,0,2026-10-05T19:20:38.000Z,2026-10-05 12:20:38,https://queue-times.com/parks/17/queue_times.json
2026-10-05T19:20:49.949Z,2026-10-05 12:20:49,2026-10-05,America/Los_Angeles,dca,Disney California Adventure,Pixar Pier,310,Jessie's Critter Carousel,TRUE,5,2026-10-05T19:20:38.000Z,2026-10-05 12:20:38,https://queue-times.com/parks/17/queue_times.json
2026-10-05T19:20:49.949Z,2026-10-05 12:20:49,2026-10-05,America/Los_Angeles,dca,Disney California Adventure,Pixar Pier,300,Jumpin' Jellyfish,TRUE,20,2026-10-05T19:20:38.000Z,2026-10-05 12:20:38,https://queue-times.com/parks/17/queue_times.json
2026-10-05T19:20:49.949Z,2026-10-05 12:20:49,2026-10-05,America/Los_Angeles,dca,Disney California Adventure,Pixar Pier,311,Pixar Pal-A-Round - Swinging,TRUE,15,2026-10-05T19:20:38.000Z,2026-10-05 12:20:38,https://queue-times.com/parks/17/queue_times.json
2026-10-05T19:20:49.949Z,2026-10-05 12:20:49,2026-10-05,America/Los_Angeles,dca,Disney California Adventure,Pixar Pier,5557,Pixar Pal-A-Round – Non-Swinging,TRUE,15,2026-10-05T19:20:38.000Z,2026-10-05 12:20:38,https://queue-times.com/parks/17/queue_times.json
2026-10-05T19:20:49.949Z,2026-10-05 12:20:49,2026-10-05,America/Los_Angeles,dca,Disney California Adventure,Pixar Pier,313,Toy Story Midway Mania!,TRUE,35,2026-10-05T19:20:38.000Z,2026-10-05 12:20:38,https://queue-times.com/parks/17/queue_times.json
2026-10-05T19:20:49.949Z,2026-10-05 12:20:49,2026-10-05,America/Los_Angeles,dca,Disney California Adventure,Halloween,5146,Guardians of the Galaxy - Monsters After Dark,FALSE,0,2026-10-05T19:20:38.000Z,2026-10-05 12:20:38,https://queue-times.com/parks/17/queue_times.json
2026-10-05T19:20:49.949Z,2026-10-05 12:20:49,2026-10-05,America/Los_Angeles,dca,Disney California Adventure,Halloween,4723,Mater's Graveyard JamBOOree,TRUE,15,2026-10-05T19:20:38.000Z,2026-10-05 12:20:38,https://queue-times.com/parks/17/queue_times.json
2026-10-05T19:20:49.949Z,2026-10-05 12:20:49,2026-10-05,America/Los_Angeles,dca,Disney California Adventure,Halloween,7292,Villains Grove at Oogie Boogie Bash,FALSE,0,2026-10-05T19:20:38.000Z,2026-10-05 12:20:38,https://queue-times.com/parks/17/queue_times.json
2026-10-05T19:41:07.820Z,2026-10-05 12:41:07,2026-10-05,America/Los_Angeles,disneyland,Disneyland,Adventureland,12428,Adventureland Treehouse inspired by Walt Disney’s Swiss Family Robinson,TRUE,0,2026-10-05T19:40:31.000Z,2026-10-05 12:40:31,https://queue-times.com/parks/16/queue_times.json
2026-10-05T19:41:07.820Z,2026-10-05 12:41:07,2026-10-05,America/Los_Angeles,disneyland,Disneyland,Adventureland,326,Indiana Jones™ Adventure,FALSE,0,2026-10-05T19:40:31.000Z,2026-10-05 12:40:31,https://queue-times.com/parks/16/queue_times.json
2026-10-05T19:41:07.820Z,2026-10-05 12:41:07,2026-10-05,America/Los_Angeles,disneyland,Disneyland,Adventureland,296,Jungle Cruise,TRUE,10,2026-10-05T19:40:31.000Z,2026-10-05 12:40:31,https://queue-times.com/parks/16/queue_times.json
2026-10-05T19:41:07.820Z,2026-10-05 12:41:07,2026-10-05,America/Los_Angeles,disneyland,Disneyland,Adventureland,288,Walt Disney's Enchanted Tiki Room,TRUE,0,2026-10-05T19:40:31.000Z,2026-10-05 12:40:31,https://queue-times.com/parks/16/queue_times.json
2026-10-05T19:41:07.820Z,2026-10-05 12:41:07,2026-10-05,America/Los_Angeles,disneyland,Disneyland,Bayou Country,304,Davy Crockett's Explorer Canoes,FALSE,0,2026-10-05T19:40:31.000Z,2026-10-05 12:40:31,https://queue-times.com/parks/16/queue_times.json
2026-10-05T19:41:07.820Z,2026-10-05 12:41:07,2026-10-05,America/Los_Angeles,disneyland,Disneyland,Bayou Country,306,The Many Adventures of Winnie the Pooh,TRUE,15,2026-10-05T19:40:31.000Z,2026-10-05 12:40:31,https://queue-times.com/parks/16/queue_times.json
2026-10-05T19:41:07.820Z,2026-10-05 12:41:07,2026-10-05,America/Los_Angeles,disneyland,Disneyland,Bayou Country,14168,Tiana's Bayou Adventure,TRUE,55,2026-10-05T19:40:31.000Z,2026-10-05 12:40:31,https://queue-times.com/parks/16/queue_times.json
2026-10-05T19:41:07.820Z,2026-10-05 12:41:07,2026-10-05,America/Los_Angeles,disneyland,Disneyland,Bayou Country,14326,Tiana's Bayou Adventure Single Rider,TRUE,0,2026-10-05T19:40:31.000Z,2026-10-05 12:40:31,https://queue-times.com/parks/16/queue_times.json
2026-10-05T19:41:07.820Z,2026-10-05 12:41:07,2026-10-05,America/Los_Angeles,disneyland,Disneyland,Fantasyland,307,"""it's a small world""",TRUE,5,2026-10-05T19:40:31.000Z,2026-10-05 12:40:31,https://queue-times.com/parks/16/queue_times.json
2026-10-05T19:41:07.820Z,2026-10-05 12:41:07,2026-10-05,America/Los_Angeles,disneyland,Disneyland,Fantasyland,285,Alice in Wonderland,TRUE,20,2026-10-05T19:40:31.000Z,2026-10-05 12:40:31,https://queue-times.com/parks/16/queue_times.json
2026-10-05T19:41:07.820Z,2026-10-05 12:41:07,2026-10-05,America/Los_Angeles,disneyland,Disneyland,Fantasyland,16254,Bluey’s Best Day Ever! at Fantasyland Theatre,TRUE,0,2026-10-05T19:40:31.000Z,2026-10-05 12:40:31,https://queue-times.com/parks/16/queue_times.json
2026-10-05T19:41:07.820Z,2026-10-05 12:41:07,2026-10-05,America/Los_Angeles,disneyland,Disneyland,Fantasyland,303,Casey Jr. Circus Train,TRUE,5,2026-10-05T19:40:31.000Z,2026-10-05 12:40:31,https://queue-times.com/parks/16/queue_times.json
2026-10-05T19:41:07.820Z,2026-10-05 12:41:07,2026-10-05,America/Los_Angeles,disneyland,Disneyland,Fantasyland,275,Dumbo the Flying Elephant,TRUE,20,2026-10-05T19:40:31.000Z,2026-10-05 12:40:31,https://queue-times.com/parks/16/queue_times.json
2026-10-05T19:41:07.820Z,2026-10-05 12:41:07,2026-10-05,America/Los_Angeles,disneyland,Disneyland,Fantasyland,277,King Arthur Carrousel,TRUE,5,2026-10-05T19:40:31.000Z,2026-10-05 12:40:31,https://queue-times.com/parks/16/queue_times.json
2026-10-05T19:41:07.820Z,2026-10-05 12:41:07,2026-10-05,America/Los_Angeles,disneyland,Disneyland,Fantasyland,278,Mad Tea Party,FALSE,0,2026-10-05T19:40:31.000Z,2026-10-05 12:40:31,https://queue-times.com/parks/16/queue_times.json
2026-10-05T19:41:07.820Z,2026-10-05 12:41:07,2026-10-05,America/Los_Angeles,disneyland,Disneyland,Fantasyland,279,Matterhorn Bobsleds,TRUE,20,2026-10-05T19:40:31.000Z,2026-10-05 12:40:31,https://queue-times.com/parks/16/queue_times.json
2026-10-05T19:41:07.820Z,2026-10-05 12:41:07,2026-10-05,America/Los_Angeles,disneyland,Disneyland,Fantasyland,6711,Meet Disney Princesses at Royal Hall,TRUE,15,2026-10-05T19:40:31.000Z,2026-10-05 12:40:31,https://queue-times.com/parks/16/queue_times.json
2026-10-05T19:41:07.820Z,2026-10-05 12:41:07,2026-10-05,America/Los_Angeles,disneyland,Disneyland,Fantasyland,280,Mr. Toad's Wild Ride,TRUE,15,2026-10-05T19:40:31.000Z,2026-10-05 12:40:31,https://queue-times.com/parks/16/queue_times.json
2026-10-05T19:41:07.820Z,2026-10-05 12:41:07,2026-10-05,America/Los_Angeles,disneyland,Disneyland,Fantasyland,281,Peter Pan's Flight,TRUE,25,2026-10-05T19:40:31.000Z,2026-10-05 12:40:31,https://queue-times.com/parks/16/queue_times.json
2026-10-05T19:41:07.820Z,2026-10-05 12:41:07,2026-10-05,America/Los_Angeles,disneyland,Disneyland,Fantasyland,282,Pinocchio's Daring Journey,TRUE,10,2026-10-05T19:40:31.000Z,2026-10-05 12:40:31,https://queue-times.com/parks/16/queue_times.json
2026-10-05T19:41:07.820Z,2026-10-05 12:41:07,2026-10-05,America/Los_Angeles,disneyland,Disneyland,Fantasyland,687,Sleeping Beauty Castle Walkthrough,FALSE,0,2026-10-05T19:40:31.000Z,2026-10-05 12:40:31,https://queue-times.com/parks/16/queue_times.json
2026-10-05T19:41:07.820Z,2026-10-05 12:41:07,2026-10-05,America/Los_Angeles,disneyland,Disneyland,Fantasyland,283,Snow White's Enchanted Wish,TRUE,15,2026-10-05T19:40:31.000Z,2026-10-05 12:40:31,https://queue-times.com/parks/16/queue_times.json
2026-10-05T19:41:07.820Z,2026-10-05 12:41:07,2026-10-05,America/Los_Angeles,disneyland,Disneyland,Fantasyland,305,Storybook Land Canal Boats,TRUE,5,2026-10-05T19:40:31.000Z,2026-10-05 12:40:31,https://queue-times.com/parks/16/queue_times.json
2026-10-05T19:41:07.820Z,2026-10-05 12:41:07,2026-10-05,America/Los_Angeles,disneyland,Disneyland,Frontierland,323,Big Thunder Mountain Railroad,FALSE,0,2026-10-05T19:40:31.000Z,2026-10-05 12:40:31,https://queue-times.com/parks/16/queue_times.json
2026-10-05T19:41:07.820Z,2026-10-05 12:41:07,2026-10-05,America/Los_Angeles,disneyland,Disneyland,Frontierland,679,Frontierland Shootin' Exposition,TRUE,0,2026-10-05T19:40:31.000Z,2026-10-05 12:40:31,https://queue-times.com/parks/16/queue_times.json
2026-10-05T19:41:07.820Z,2026-10-05 12:41:07,2026-10-05,America/Los_Angeles,disneyland,Disneyland,Frontierland,456,Mark Twain Riverboat,TRUE,10,2026-10-05T19:40:31.000Z,2026-10-05 12:40:31,https://queue-times.com/parks/16/queue_times.json
2026-10-05T19:41:07.820Z,2026-10-05 12:41:07,2026-10-05,America/Los_Angeles,disneyland,Disneyland,Frontierland,331,Pirate's Lair on Tom Sawyer Island,TRUE,5,2026-10-05T19:40:31.000Z,2026-10-05 12:40:31,https://queue-times.com/parks/16/queue_times.json
2026-10-05T19:41:07.820Z,2026-10-05 12:41:07,2026-10-05,America/Los_Angeles,disneyland,Disneyland,Frontierland,328,Sailing Ship Columbia,FALSE,0,2026-10-05T19:40:31.000Z,2026-10-05 12:40:31,https://queue-times.com/parks/16/queue_times.json
2026-10-05T19:41:07.820Z,2026-10-05 12:41:07,2026-10-05,America/Los_Angeles,disneyland,Disneyland,Main Street U.S.A,674,Disneyland Railroad,TRUE,5,2026-10-05T19:40:31.000Z,2026-10-05 12:40:31,https://queue-times.com/parks/16/queue_times.json
2026-10-05T19:41:07.820Z,2026-10-05 12:41:07,2026-10-05,America/Los_Angeles,disneyland,Disneyland,Main Street U.S.A,690,Great Moments with Mr. Lincoln,TRUE,0,2026-10-05T19:40:31.000Z,2026-10-05 12:40:31,https://queue-times.com/parks/16/queue_times.json
2026-10-05T19:41:07.820Z,2026-10-05 12:41:07,2026-10-05,America/Los_Angeles,disneyland,Disneyland,Main Street U.S.A,686,Main Street Cinema,TRUE,0,2026-10-05T19:40:31.000Z,2026-10-05 12:40:31,https://queue-times.com/parks/16/queue_times.json
2026-10-05T19:41:07.820Z,2026-10-05 12:41:07,2026-10-05,America/Los_Angeles,disneyland,Disneyland,Main Street U.S.A,691,Main Street Vehicles,TRUE,0,2026-10-05T19:40:31.000Z,2026-10-05 12:40:31,https://queue-times.com/parks/16/queue_times.json
2026-10-05T19:41:07.820Z,2026-10-05 12:41:07,2026-10-05,America/Los_Angeles,disneyland,Disneyland,Main Street U.S.A,14915,Opera House - Walt Disney - A Magical Life,TRUE,0,2026-10-05T19:40:31.000Z,2026-10-05 12:40:31,https://queue-times.com/parks/16/queue_times.json
2026-10-05T19:41:07.820Z,2026-10-05 12:41:07,2026-10-05,America/Los_Angeles,disneyland,Disneyland,Main Street U.S.A,695,The Disney Gallery,TRUE,0,2026-10-05T19:40:31.000Z,2026-10-05 12:40:31,https://queue-times.com/parks/16/queue_times.json
2026-10-05T19:41:07.820Z,2026-10-05 12:41:07,2026-10-05,America/Los_Angeles,disneyland,Disneyland,Main Street U.S.A,14923,Walt Disney - A Magical Life,FALSE,0,2026-10-05T19:40:31.000Z,2026-10-05 12:40:31,https://queue-times.com/parks/16/queue_times.json
2026-10-05T19:41:07.820Z,2026-10-05 12:41:07,2026-10-05,America/Los_Angeles,disneyland,Disneyland,Mickey's Toontown,324,Chip 'n' Dale's GADGETcoaster,TRUE,25,2026-10-05T19:40:31.000Z,2026-10-05 12:40:31,https://queue-times.com/parks/16/queue_times.json
2026-10-05T19:41:07.820Z,2026-10-05 12:41:07,2026-10-05,America/Los_Angeles,disneyland,Disneyland,Mickey's Toontown,13814,Donald's Duck Pond,TRUE,0,2026-10-05T19:40:31.000Z,2026-10-05 12:40:31,https://queue-times.com/parks/16/queue_times.json
2026-10-05T19:41:07.820Z,2026-10-05 12:41:07,2026-10-05,America/Los_Angeles,disneyland,Disneyland,Mickey's Toontown,11980,Goofy's How-to-Play Yard,TRUE,0,2026-10-05T19:40:31.000Z,2026-10-05 12:40:31,https://queue-times.com/parks/16/queue_times.json
2026-10-05T19:41:07.820Z,2026-10-05 12:41:07,2026-10-05,America/Los_Angeles,disneyland,Disneyland,Mickey's Toontown,11526,Mickey & Minnie's Runaway Railway,TRUE,35,2026-10-05T19:40:31.000Z,2026-10-05 12:40:31,https://queue-times.com/parks/16/queue_times.json
2026-10-05T19:41:07.820Z,2026-10-05 12:41:07,2026-10-05,America/Los_Angeles,disneyland,Disneyland,Mickey's Toontown,709,Mickey's House and Meet Mickey Mouse,TRUE,20,2026-10-05T19:40:31.000Z,2026-10-05 12:40:31,https://queue-times.com/parks/16/queue_times.json
2026-10-05T19:41:07.820Z,2026-10-05 12:41:07,2026-10-05,America/Los_Angeles,disneyland,Disneyland,Mickey's Toontown,684,Minnie's House,TRUE,0,2026-10-05T19:40:31.000Z,2026-10-05 12:40:31,https://queue-times.com/parks/16/queue_times.json
2026-10-05T19:41:07.820Z,2026-10-05 12:41:07,2026-10-05,America/Los_Angeles,disneyland,Disneyland,Mickey's Toontown,332,Roger Rabbit's Car Toon Spin,TRUE,25,2026-10-05T19:40:31.000Z,2026-10-05 12:40:31,https://queue-times.com/parks/16/queue_times.json
2026-10-05T19:41:07.820Z,2026-10-05 12:41:07,2026-10-05,America/Los_Angeles,disneyland,Disneyland,New Orleans Square,325,Haunted Mansion Holiday,TRUE,35,2026-10-05T19:40:31.000Z,2026-10-05 12:40:31,https://queue-times.com/parks/16/queue_times.json
2026-10-05T19:41:07.820Z,2026-10-05 12:41:07,2026-10-05,America/Los_Angeles,disneyland,Disneyland,New Orleans Square,289,Pirates of the Caribbean,TRUE,30,2026-10-05T19:40:31.000Z,2026-10-05 12:40:31,https://queue-times.com/parks/16/queue_times.json
2026-10-05T19:41:07.820Z,2026-10-05 12:41:07,2026-10-05,America/Los_Angeles,disneyland,Disneyland,Star Wars: Galaxy's Edge,6339,Millennium Falcon: Smugglers Run,TRUE,35,2026-10-05T19:40:31.000Z,2026-10-05 12:40:31,https://queue-times.com/parks/16/queue_times.json
2026-10-05T19:41:07.820Z,2026-10-05 12:41:07,2026-10-05,America/Los_Angeles,disneyland,Disneyland,Star Wars: Galaxy's Edge,10903,Millennium Falcon: Smugglers Run Single Rider,TRUE,0,2026-10-05T19:40:31.000Z,2026-10-05 12:40:31,https://queue-times.com/parks/16/queue_times.json
2026-10-05T19:41:07.820Z,2026-10-05 12:41:07,2026-10-05,America/Los_Angeles,disneyland,Disneyland,Star Wars: Galaxy's Edge,6340,Star Wars: Rise of the Resistance,TRUE,45,2026-10-05T19:40:31.000Z,2026-10-05 12:40:31,https://queue-times.com/parks/16/queue_times.json
2026-10-05T19:41:07.820Z,2026-10-05 12:41:07,2026-10-05,America/Los_Angeles,disneyland,Disneyland,Tomorrowland,287,Astro Orbitor,TRUE,10,2026-10-05T19:40:31.000Z,2026-10-05 12:40:31,https://queue-times.com/parks/16/queue_times.json
2026-10-05T19:41:07.820Z,2026-10-05 12:41:07,2026-10-05,America/Los_Angeles,disneyland,Disneyland,Tomorrowland,317,Autopia,TRUE,5,2026-10-05T19:40:31.000Z,2026-10-05 12:40:31,https://queue-times.com/parks/16/queue_times.json
2026-10-05T19:41:07.820Z,2026-10-05 12:41:07,2026-10-05,America/Los_Angeles,disneyland,Disneyland,Tomorrowland,273,Buzz Lightyear Astro Blasters,TRUE,15,2026-10-05T19:40:31.000Z,2026-10-05 12:40:31,https://queue-times.com/parks/16/queue_times.json
2026-10-05T19:41:07.820Z,2026-10-05 12:41:07,2026-10-05,America/Los_Angeles,disneyland,Disneyland,Tomorrowland,274,Disneyland Monorail,FALSE,0,2026-10-05T19:40:31.000Z,2026-10-05 12:40:31,https://queue-times.com/parks/16/queue_times.json
2026-10-05T19:41:07.820Z,2026-10-05 12:41:07,2026-10-05,America/Los_Angeles,disneyland,Disneyland,Tomorrowland,276,Finding Nemo Submarine Voyage,TRUE,20,2026-10-05T19:40:31.000Z,2026-10-05 12:40:31,https://queue-times.com/parks/16/queue_times.json
2026-10-05T19:41:07.820Z,2026-10-05 12:41:07,2026-10-05,America/Los_Angeles,disneyland,Disneyland,Tomorrowland,16627,Pixar Short Film Spotlight,FALSE,0,2026-10-05T19:40:31.000Z,2026-10-05 12:40:31,https://queue-times.com/parks/16/queue_times.json
2026-10-05T19:41:07.820Z,2026-10-05 12:41:07,2026-10-05,America/Los_Angeles,disneyland,Disneyland,Tomorrowland,284,Space Mountain,TRUE,35,2026-10-05T19:40:31.000Z,2026-10-05 12:40:31,https://queue-times.com/parks/16/queue_times.json
2026-10-05T19:41:07.820Z,2026-10-05 12:41:07,2026-10-05,America/Los_Angeles,disneyland,Disneyland,Tomorrowland,286,Star Tours - The Adventures Continue,TRUE,15,2026-10-05T19:40:31.000Z,2026-10-05 12:40:31,https://queue-times.com/parks/16/queue_times.json
2026-10-05T19:41:07.820Z,2026-10-05 12:41:07,2026-10-05,America/Los_Angeles,dca,Disney California Adventure,Avengers Campus,329,Guardians of the Galaxy - Mission: BREAKOUT!,TRUE,40,2026-10-05T19:40:37.000Z,2026-10-05 12:40:37,https://queue-times.com/parks/17/queue_times.json
2026-10-05T19:41:07.820Z,2026-10-05 12:41:07,2026-10-05,America/Los_Angeles,dca,Disney California Adventure,Avengers Campus,8843,WEB SLINGERS: A Spider-Man Adventure,TRUE,40,2026-10-05T19:40:37.000Z,2026-10-05 12:40:37,https://queue-times.com/parks/17/queue_times.json
2026-10-05T19:41:07.820Z,2026-10-05 12:41:07,2026-10-05,America/Los_Angeles,dca,Disney California Adventure,Avengers Campus,10907,WEB SLINGERS: A Spider-Man Adventure Single Rider,TRUE,0,2026-10-05T19:40:37.000Z,2026-10-05 12:40:37,https://queue-times.com/parks/17/queue_times.json
2026-10-05T19:41:07.820Z,2026-10-05 12:41:07,2026-10-05,America/Los_Angeles,dca,Disney California Adventure,Cars Land,2608,Luigi's Honkin' Haul-O-Ween,FALSE,0,2026-10-05T19:40:37.000Z,2026-10-05 12:40:37,https://queue-times.com/parks/17/queue_times.json
2026-10-05T19:41:07.820Z,2026-10-05 12:41:07,2026-10-05,America/Los_Angeles,dca,Disney California Adventure,Cars Land,295,Radiator Springs Racers,TRUE,95,2026-10-05T19:40:37.000Z,2026-10-05 12:40:37,https://queue-times.com/parks/17/queue_times.json
2026-10-05T19:41:07.820Z,2026-10-05 12:41:07,2026-10-05,America/Los_Angeles,dca,Disney California Adventure,Cars Land,10904,Radiator Springs Racers Single Rider,TRUE,0,2026-10-05T19:40:37.000Z,2026-10-05 12:40:37,https://queue-times.com/parks/17/queue_times.json
2026-10-05T19:41:07.820Z,2026-10-05 12:41:07,2026-10-05,America/Los_Angeles,dca,Disney California Adventure,Grizzly Peak,302,Grizzly River Run,TRUE,50,2026-10-05T19:40:37.000Z,2026-10-05 12:40:37,https://queue-times.com/parks/17/queue_times.json
2026-10-05T19:41:07.820Z,2026-10-05 12:41:07,2026-10-05,America/Los_Angeles,dca,Disney California Adventure,Grizzly Peak,293,Redwood Creek Challenge Trail,TRUE,5,2026-10-05T19:40:37.000Z,2026-10-05 12:40:37,https://queue-times.com/parks/17/queue_times.json
2026-10-05T19:41:07.820Z,2026-10-05 12:41:07,2026-10-05,America/Los_Angeles,dca,Disney California Adventure,Grizzly Peak,17129,Soarin’ Across America,TRUE,40,2026-10-05T19:40:37.000Z,2026-10-05 12:40:37,https://queue-times.com/parks/17/queue_times.json
2026-10-05T19:41:07.820Z,2026-10-05 12:41:07,2026-10-05,America/Los_Angeles,dca,Disney California Adventure,Hollywood Land,321,Animation Academy,TRUE,0,2026-10-05T19:40:37.000Z,2026-10-05 12:40:37,https://queue-times.com/parks/17/queue_times.json
2026-10-05T19:41:07.820Z,2026-10-05 12:41:07,2026-10-05,America/Los_Angeles,dca,Disney California Adventure,Hollywood Land,6440,Mickey's PhilharMagic,TRUE,10,2026-10-05T19:40:37.000Z,2026-10-05 12:40:37,https://queue-times.com/parks/17/queue_times.json
2026-10-05T19:41:07.820Z,2026-10-05 12:41:07,2026-10-05,America/Los_Angeles,dca,Disney California Adventure,Hollywood Land,291,"Monsters, Inc. Mike & Sulley to the Rescue!",TRUE,40,2026-10-05T19:40:37.000Z,2026-10-05 12:40:37,https://queue-times.com/parks/17/queue_times.json
2026-10-05T19:41:07.820Z,2026-10-05 12:41:07,2026-10-05,America/Los_Angeles,dca,Disney California Adventure,Hollywood Land,868,Sorcerer's Workshop,TRUE,0,2026-10-05T19:40:37.000Z,2026-10-05 12:40:37,https://queue-times.com/parks/17/queue_times.json
2026-10-05T19:41:07.820Z,2026-10-05 12:41:07,2026-10-05,America/Los_Angeles,dca,Disney California Adventure,Hollywood Land,294,Turtle Talk with Crush,TRUE,0,2026-10-05T19:40:37.000Z,2026-10-05 12:40:37,https://queue-times.com/parks/17/queue_times.json
2026-10-05T19:41:07.820Z,2026-10-05 12:41:07,2026-10-05,America/Los_Angeles,dca,Disney California Adventure,Pacific Wharf,869,The Bakery Tour,TRUE,0,2026-10-05T19:40:37.000Z,2026-10-05 12:40:37,https://queue-times.com/parks/17/queue_times.json
2026-10-05T19:41:07.820Z,2026-10-05 12:41:07,2026-10-05,America/Los_Angeles,dca,Disney California Adventure,Paradise Gardens Park,298,Golden Zephyr,FALSE,0,2026-10-05T19:40:37.000Z,2026-10-05 12:40:37,https://queue-times.com/parks/17/queue_times.json
2026-10-05T19:41:07.820Z,2026-10-05 12:41:07,2026-10-05,America/Los_Angeles,dca,Disney California Adventure,Paradise Gardens Park,319,Goofy's Sky School,FALSE,0,2026-10-05T19:40:37.000Z,2026-10-05 12:40:37,https://queue-times.com/parks/17/queue_times.json
2026-10-05T19:41:07.820Z,2026-10-05 12:41:07,2026-10-05,America/Los_Angeles,dca,Disney California Adventure,Paradise Gardens Park,301,Silly Symphony Swings,TRUE,5,2026-10-05T19:40:37.000Z,2026-10-05 12:40:37,https://queue-times.com/parks/17/queue_times.json
2026-10-05T19:41:07.820Z,2026-10-05 12:41:07,2026-10-05,America/Los_Angeles,dca,Disney California Adventure,Paradise Gardens Park,10905,Silly Symphony Swings Single Rider,TRUE,0,2026-10-05T19:40:37.000Z,2026-10-05 12:40:37,https://queue-times.com/parks/17/queue_times.json
2026-10-05T19:41:07.820Z,2026-10-05 12:41:07,2026-10-05,America/Los_Angeles,dca,Disney California Adventure,Paradise Gardens Park,316,The Little Mermaid - Ariel's Undersea Adventure,FALSE,0,2026-10-05T19:40:37.000Z,2026-10-05 12:40:37,https://queue-times.com/parks/17/queue_times.json
2026-10-05T19:41:07.820Z,2026-10-05 12:41:07,2026-10-05,America/Los_Angeles,dca,Disney California Adventure,Paradise Gardens Park,11528,World of Color – ONE,TRUE,0,2026-10-05T19:40:37.000Z,2026-10-05 12:40:37,https://queue-times.com/parks/17/queue_times.json
2026-10-05T19:41:07.820Z,2026-10-05 12:41:07,2026-10-05,America/Los_Angeles,dca,Disney California Adventure,Pixar Pier,866,Games of Pixar Pier,TRUE,5,2026-10-05T19:40:37.000Z,2026-10-05 12:40:37,https://queue-times.com/parks/17/queue_times.json
2026-10-05T19:41:07.820Z,2026-10-05 12:41:07,2026-10-05,America/Los_Angeles,dca,Disney California Adventure,Pixar Pier,322,Incredicoaster,TRUE,15,2026-10-05T19:40:37.000Z,2026-10-05 12:40:37,https://queue-times.com/parks/17/queue_times.json
2026-10-05T19:41:07.820Z,2026-10-05 12:41:07,2026-10-05,America/Los_Angeles,dca,Disney California Adventure,Pixar Pier,10906,Incredicoaster Single Rider,TRUE,0,2026-10-05T19:40:37.000Z,2026-10-05 12:40:37,https://queue-times.com/parks/17/queue_times.json
2026-10-05T19:41:07.820Z,2026-10-05 12:41:07,2026-10-05,America/Los_Angeles,dca,Disney California Adventure,Pixar Pier,6643,Inside Out Emotional Whirlwind,TRUE,10,2026-10-05T19:40:37.000Z,2026-10-05 12:40:37,https://queue-times.com/parks/17/queue_times.json
2026-10-05T19:41:07.820Z,2026-10-05 12:41:07,2026-10-05,America/Los_Angeles,dca,Disney California Adventure,Pixar Pier,310,Jessie's Critter Carousel,TRUE,5,2026-10-05T19:40:37.000Z,2026-10-05 12:40:37,https://queue-times.com/parks/17/queue_times.json
2026-10-05T19:41:07.820Z,2026-10-05 12:41:07,2026-10-05,America/Los_Angeles,dca,Disney California Adventure,Pixar Pier,300,Jumpin' Jellyfish,TRUE,20,2026-10-05T19:40:37.000Z,2026-10-05 12:40:37,https://queue-times.com/parks/17/queue_times.json
2026-10-05T19:41:07.820Z,2026-10-05 12:41:07,2026-10-05,America/Los_Angeles,dca,Disney California Adventure,Pixar Pier,311,Pixar Pal-A-Round - Swinging,TRUE,15,2026-10-05T19:40:37.000Z,2026-10-05 12:40:37,https://queue-times.com/parks/17/queue_times.json
2026-10-05T19:41:07.820Z,2026-10-05 12:41:07,2026-10-05,America/Los_Angeles,dca,Disney California Adventure,Pixar Pier,5557,Pixar Pal-A-Round – Non-Swinging,TRUE,15,2026-10-05T19:40:37.000Z,2026-10-05 12:40:37,https://queue-times.com/parks/17/queue_times.json
2026-10-05T19:41:07.820Z,2026-10-05 12:41:07,2026-10-05,America/Los_Angeles,dca,Disney California Adventure,Pixar Pier,313,Toy Story Midway Mania!,TRUE,55,2026-10-05T19:40:37.000Z,2026-10-05 12:40:37,https://queue-times.com/parks/17/queue_times.json
2026-10-05T19:41:07.820Z,2026-10-05 12:41:07,2026-10-05,America/Los_Angeles,dca,Disney California Adventure,Halloween,5146,Guardians of the Galaxy - Monsters After Dark,FALSE,0,2026-10-05T19:40:37.000Z,2026-10-05 12:40:37,https://queue-times.com/parks/17/queue_times.json
2026-10-05T19:41:07.820Z,2026-10-05 12:41:07,2026-10-05,America/Los_Angeles,dca,Disney California Adventure,Halloween,4723,Mater's Graveyard JamBOOree,TRUE,15,2026-10-05T19:40:37.000Z,2026-10-05 12:40:37,https://queue-times.com/parks/17/queue_times.json
2026-10-05T19:41:07.820Z,2026-10-05 12:41:07,2026-10-05,America/Los_Angeles,dca,Disney California Adventure,Halloween,7292,Villains Grove at Oogie Boogie Bash,FALSE,0,2026-10-05T19:40:37.000Z,2026-10-05 12:40:37,https://queue-times.com/parks/17/queue_times.json
2026-10-05T20:36:12.404Z,2026-10-05 13:36:12,2026-10-05,America/Los_Angeles,disneyland,Disneyland,Adventureland,12428,Adventureland Treehouse inspired by Walt Disney’s Swiss Family Robinson,TRUE,0,2026-10-05T20:31:45.000Z,2026-10-05 13:31:45,https://queue-times.com/parks/16/queue_times.json
2026-10-05T20:36:12.404Z,2026-10-05 13:36:12,2026-10-05,America/Los_Angeles,disneyland,Disneyland,Adventureland,326,Indiana Jones™ Adventure,FALSE,0,2026-10-05T20:35:55.000Z,2026-10-05 13:35:55,https://queue-times.com/parks/16/queue_times.json
2026-10-05T20:36:12.404Z,2026-10-05 13:36:12,2026-10-05,America/Los_Angeles,disneyland,Disneyland,Adventureland,296,Jungle Cruise,TRUE,10,2026-10-05T20:35:55.000Z,2026-10-05 13:35:55,https://queue-times.com/parks/16/queue_times.json
2026-10-05T20:36:12.404Z,2026-10-05 13:36:12,2026-10-05,America/Los_Angeles,disneyland,Disneyland,Adventureland,288,Walt Disney's Enchanted Tiki Room,TRUE,0,2026-10-05T20:35:55.000Z,2026-10-05 13:35:55,https://queue-times.com/parks/16/queue_times.json
2026-10-05T20:36:12.404Z,2026-10-05 13:36:12,2026-10-05,America/Los_Angeles,disneyland,Disneyland,Bayou Country,304,Davy Crockett's Explorer Canoes,FALSE,0,2026-10-05T20:35:55.000Z,2026-10-05 13:35:55,https://queue-times.com/parks/16/queue_times.json
2026-10-05T20:36:12.404Z,2026-10-05 13:36:12,2026-10-05,America/Los_Angeles,disneyland,Disneyland,Bayou Country,306,The Many Adventures of Winnie the Pooh,TRUE,5,2026-10-05T20:35:55.000Z,2026-10-05 13:35:55,https://queue-times.com/parks/16/queue_times.json
2026-10-05T20:36:12.404Z,2026-10-05 13:36:12,2026-10-05,America/Los_Angeles,disneyland,Disneyland,Bayou Country,14168,Tiana's Bayou Adventure,TRUE,40,2026-10-05T20:35:55.000Z,2026-10-05 13:35:55,https://queue-times.com/parks/16/queue_times.json
2026-10-05T20:36:12.404Z,2026-10-05 13:36:12,2026-10-05,America/Los_Angeles,disneyland,Disneyland,Bayou Country,14326,Tiana's Bayou Adventure Single Rider,TRUE,0,2026-10-05T20:35:55.000Z,2026-10-05 13:35:55,https://queue-times.com/parks/16/queue_times.json
2026-10-05T20:36:12.404Z,2026-10-05 13:36:12,2026-10-05,America/Los_Angeles,disneyland,Disneyland,Fantasyland,307,"""it's a small world""",TRUE,5,2026-10-05T20:35:55.000Z,2026-10-05 13:35:55,https://queue-times.com/parks/16/queue_times.json
2026-10-05T20:36:12.404Z,2026-10-05 13:36:12,2026-10-05,America/Los_Angeles,disneyland,Disneyland,Fantasyland,285,Alice in Wonderland,TRUE,20,2026-10-05T20:35:55.000Z,2026-10-05 13:35:55,https://queue-times.com/parks/16/queue_times.json
2026-10-05T20:36:12.404Z,2026-10-05 13:36:12,2026-10-05,America/Los_Angeles,disneyland,Disneyland,Fantasyland,16254,Bluey’s Best Day Ever! at Fantasyland Theatre,TRUE,0,2026-10-05T20:35:55.000Z,2026-10-05 13:35:55,https://queue-times.com/parks/16/queue_times.json
2026-10-05T20:36:12.404Z,2026-10-05 13:36:12,2026-10-05,America/Los_Angeles,disneyland,Disneyland,Fantasyland,303,Casey Jr. Circus Train,TRUE,5,2026-10-05T20:35:55.000Z,2026-10-05 13:35:55,https://queue-times.com/parks/16/queue_times.json
2026-10-05T20:36:12.404Z,2026-10-05 13:36:12,2026-10-05,America/Los_Angeles,disneyland,Disneyland,Fantasyland,275,Dumbo the Flying Elephant,TRUE,10,2026-10-05T20:31:45.000Z,2026-10-05 13:31:45,https://queue-times.com/parks/16/queue_times.json
2026-10-05T20:36:12.404Z,2026-10-05 13:36:12,2026-10-05,America/Los_Angeles,disneyland,Disneyland,Fantasyland,277,King Arthur Carrousel,TRUE,5,2026-10-05T20:31:45.000Z,2026-10-05 13:31:45,https://queue-times.com/parks/16/queue_times.json
2026-10-05T20:36:12.404Z,2026-10-05 13:36:12,2026-10-05,America/Los_Angeles,disneyland,Disneyland,Fantasyland,278,Mad Tea Party,FALSE,0,2026-10-05T20:31:45.000Z,2026-10-05 13:31:45,https://queue-times.com/parks/16/queue_times.json
2026-10-05T20:36:12.404Z,2026-10-05 13:36:12,2026-10-05,America/Los_Angeles,disneyland,Disneyland,Fantasyland,279,Matterhorn Bobsleds,TRUE,15,2026-10-05T20:31:45.000Z,2026-10-05 13:31:45,https://queue-times.com/parks/16/queue_times.json
2026-10-05T20:36:12.404Z,2026-10-05 13:36:12,2026-10-05,America/Los_Angeles,disneyland,Disneyland,Fantasyland,6711,Meet Disney Princesses at Royal Hall,TRUE,15,2026-10-05T20:35:55.000Z,2026-10-05 13:35:55,https://queue-times.com/parks/16/queue_times.json
2026-10-05T20:36:12.404Z,2026-10-05 13:36:12,2026-10-05,America/Los_Angeles,disneyland,Disneyland,Fantasyland,280,Mr. Toad's Wild Ride,TRUE,10,2026-10-05T20:35:55.000Z,2026-10-05 13:35:55,https://queue-times.com/parks/16/queue_times.json
2026-10-05T20:36:12.404Z,2026-10-05 13:36:12,2026-10-05,America/Los_Angeles,disneyland,Disneyland,Fantasyland,281,Peter Pan's Flight,TRUE,20,2026-10-05T20:35:55.000Z,2026-10-05 13:35:55,https://queue-times.com/parks/16/queue_times.json
2026-10-05T20:36:12.404Z,2026-10-05 13:36:12,2026-10-05,America/Los_Angeles,disneyland,Disneyland,Fantasyland,282,Pinocchio's Daring Journey,TRUE,5,2026-10-05T20:35:55.000Z,2026-10-05 13:35:55,https://queue-times.com/parks/16/queue_times.json
2026-10-05T20:36:12.404Z,2026-10-05 13:36:12,2026-10-05,America/Los_Angeles,disneyland,Disneyland,Fantasyland,687,Sleeping Beauty Castle Walkthrough,FALSE,0,2026-10-05T20:35:55.000Z,2026-10-05 13:35:55,https://queue-times.com/parks/16/queue_times.json
2026-10-05T20:36:12.404Z,2026-10-05 13:36:12,2026-10-05,America/Los_Angeles,disneyland,Disneyland,Fantasyland,283,Snow White's Enchanted Wish,TRUE,10,2026-10-05T20:35:55.000Z,2026-10-05 13:35:55,https://queue-times.com/parks/16/queue_times.json
2026-10-05T20:36:12.404Z,2026-10-05 13:36:12,2026-10-05,America/Los_Angeles,disneyland,Disneyland,Fantasyland,305,Storybook Land Canal Boats,TRUE,5,2026-10-05T20:31:45.000Z,2026-10-05 13:31:45,https://queue-times.com/parks/16/queue_times.json
2026-10-05T20:36:12.404Z,2026-10-05 13:36:12,2026-10-05,America/Los_Angeles,disneyland,Disneyland,Frontierland,323,Big Thunder Mountain Railroad,TRUE,30,2026-10-05T20:35:55.000Z,2026-10-05 13:35:55,https://queue-times.com/parks/16/queue_times.json
2026-10-05T20:36:12.404Z,2026-10-05 13:36:12,2026-10-05,America/Los_Angeles,disneyland,Disneyland,Frontierland,679,Frontierland Shootin' Exposition,TRUE,0,2026-10-05T20:35:55.000Z,2026-10-05 13:35:55,https://queue-times.com/parks/16/queue_times.json
2026-10-05T20:36:12.404Z,2026-10-05 13:36:12,2026-10-05,America/Los_Angeles,disneyland,Disneyland,Frontierland,456,Mark Twain Riverboat,TRUE,10,2026-10-05T20:35:55.000Z,2026-10-05 13:35:55,https://queue-times.com/parks/16/queue_times.json
2026-10-05T20:36:12.404Z,2026-10-05 13:36:12,2026-10-05,America/Los_Angeles,disneyland,Disneyland,Frontierland,331,Pirate's Lair on Tom Sawyer Island,TRUE,5,2026-10-05T20:35:55.000Z,2026-10-05 13:35:55,https://queue-times.com/parks/16/queue_times.json
2026-10-05T20:36:12.404Z,2026-10-05 13:36:12,2026-10-05,America/Los_Angeles,disneyland,Disneyland,Frontierland,328,Sailing Ship Columbia,FALSE,0,2026-10-05T20:35:55.000Z,2026-10-05 13:35:55,https://queue-times.com/parks/16/queue_times.json
2026-10-05T20:36:12.404Z,2026-10-05 13:36:12,2026-10-05,America/Los_Angeles,disneyland,Disneyland,Main Street U.S.A,674,Disneyland Railroad,TRUE,10,2026-10-05T20:31:45.000Z,2026-10-05 13:31:45,https://queue-times.com/parks/16/queue_times.json
2026-10-05T20:36:12.404Z,2026-10-05 13:36:12,2026-10-05,America/Los_Angeles,disneyland,Disneyland,Main Street U.S.A,690,Great Moments with Mr. Lincoln,FALSE,0,2026-10-05T20:35:55.000Z,2026-10-05 13:35:55,https://queue-times.com/parks/16/queue_times.json
2026-10-05T20:36:12.404Z,2026-10-05 13:36:12,2026-10-05,America/Los_Angeles,disneyland,Disneyland,Main Street U.S.A,686,Main Street Cinema,TRUE,0,2026-10-05T20:31:45.000Z,2026-10-05 13:31:45,https://queue-times.com/parks/16/queue_times.json
2026-10-05T20:36:12.404Z,2026-10-05 13:36:12,2026-10-05,America/Los_Angeles,disneyland,Disneyland,Main Street U.S.A,691,Main Street Vehicles,TRUE,0,2026-10-05T20:35:55.000Z,2026-10-05 13:35:55,https://queue-times.com/parks/16/queue_times.json
2026-10-05T20:36:12.404Z,2026-10-05 13:36:12,2026-10-05,America/Los_Angeles,disneyland,Disneyland,Main Street U.S.A,14915,Opera House - Walt Disney - A Magical Life,TRUE,0,2026-10-05T20:35:55.000Z,2026-10-05 13:35:55,https://queue-times.com/parks/16/queue_times.json
2026-10-05T20:36:12.404Z,2026-10-05 13:36:12,2026-10-05,America/Los_Angeles,disneyland,Disneyland,Main Street U.S.A,695,The Disney Gallery,TRUE,0,2026-10-05T20:35:55.000Z,2026-10-05 13:35:55,https://queue-times.com/parks/16/queue_times.json
2026-10-05T20:36:12.404Z,2026-10-05 13:36:12,2026-10-05,America/Los_Angeles,disneyland,Disneyland,Main Street U.S.A,14923,Walt Disney - A Magical Life,FALSE,0,2026-10-05T20:35:55.000Z,2026-10-05 13:35:55,https://queue-times.com/parks/16/queue_times.json
2026-10-05T20:36:12.404Z,2026-10-05 13:36:12,2026-10-05,America/Los_Angeles,disneyland,Disneyland,Mickey's Toontown,324,Chip 'n' Dale's GADGETcoaster,TRUE,25,2026-10-05T20:35:55.000Z,2026-10-05 13:35:55,https://queue-times.com/parks/16/queue_times.json
2026-10-05T20:36:12.404Z,2026-10-05 13:36:12,2026-10-05,America/Los_Angeles,disneyland,Disneyland,Mickey's Toontown,13814,Donald's Duck Pond,TRUE,0,2026-10-05T20:31:45.000Z,2026-10-05 13:31:45,https://queue-times.com/parks/16/queue_times.json
2026-10-05T20:36:12.404Z,2026-10-05 13:36:12,2026-10-05,America/Los_Angeles,disneyland,Disneyland,Mickey's Toontown,11980,Goofy's How-to-Play Yard,TRUE,0,2026-10-05T20:35:55.000Z,2026-10-05 13:35:55,https://queue-times.com/parks/16/queue_times.json
2026-10-05T20:36:12.404Z,2026-10-05 13:36:12,2026-10-05,America/Los_Angeles,disneyland,Disneyland,Mickey's Toontown,11526,Mickey & Minnie's Runaway Railway,TRUE,25,2026-10-05T20:31:45.000Z,2026-10-05 13:31:45,https://queue-times.com/parks/16/queue_times.json
2026-10-05T20:36:12.404Z,2026-10-05 13:36:12,2026-10-05,America/Los_Angeles,disneyland,Disneyland,Mickey's Toontown,709,Mickey's House and Meet Mickey Mouse,TRUE,15,2026-10-05T20:35:55.000Z,2026-10-05 13:35:55,https://queue-times.com/parks/16/queue_times.json
2026-10-05T20:36:12.404Z,2026-10-05 13:36:12,2026-10-05,America/Los_Angeles,disneyland,Disneyland,Mickey's Toontown,684,Minnie's House,TRUE,0,2026-10-05T20:35:55.000Z,2026-10-05 13:35:55,https://queue-times.com/parks/16/queue_times.json
2026-10-05T20:36:12.404Z,2026-10-05 13:36:12,2026-10-05,America/Los_Angeles,disneyland,Disneyland,Mickey's Toontown,332,Roger Rabbit's Car Toon Spin,TRUE,30,2026-10-05T20:35:55.000Z,2026-10-05 13:35:55,https://queue-times.com/parks/16/queue_times.json
2026-10-05T20:36:12.404Z,2026-10-05 13:36:12,2026-10-05,America/Los_Angeles,disneyland,Disneyland,New Orleans Square,325,Haunted Mansion Holiday,TRUE,30,2026-10-05T20:31:45.000Z,2026-10-05 13:31:45,https://queue-times.com/parks/16/queue_times.json
2026-10-05T20:36:12.404Z,2026-10-05 13:36:12,2026-10-05,America/Los_Angeles,disneyland,Disneyland,New Orleans Square,289,Pirates of the Caribbean,TRUE,20,2026-10-05T20:35:55.000Z,2026-10-05 13:35:55,https://queue-times.com/parks/16/queue_times.json
2026-10-05T20:36:12.404Z,2026-10-05 13:36:12,2026-10-05,America/Los_Angeles,disneyland,Disneyland,Star Wars: Galaxy's Edge,6339,Millennium Falcon: Smugglers Run,TRUE,15,2026-10-05T20:35:55.000Z,2026-10-05 13:35:55,https://queue-times.com/parks/16/queue_times.json
2026-10-05T20:36:12.404Z,2026-10-05 13:36:12,2026-10-05,America/Los_Angeles,disneyland,Disneyland,Star Wars: Galaxy's Edge,10903,Millennium Falcon: Smugglers Run Single Rider,TRUE,0,2026-10-05T20:35:55.000Z,2026-10-05 13:35:55,https://queue-times.com/parks/16/queue_times.json
2026-10-05T20:36:12.404Z,2026-10-05 13:36:12,2026-10-05,America/Los_Angeles,disneyland,Disneyland,Star Wars: Galaxy's Edge,6340,Star Wars: Rise of the Resistance,TRUE,55,2026-10-05T20:35:55.000Z,2026-10-05 13:35:55,https://queue-times.com/parks/16/queue_times.json
2026-10-05T20:36:12.404Z,2026-10-05 13:36:12,2026-10-05,America/Los_Angeles,disneyland,Disneyland,Tomorrowland,287,Astro Orbitor,TRUE,10,2026-10-05T20:35:55.000Z,2026-10-05 13:35:55,https://queue-times.com/parks/16/queue_times.json
2026-10-05T20:36:12.404Z,2026-10-05 13:36:12,2026-10-05,America/Los_Angeles,disneyland,Disneyland,Tomorrowland,317,Autopia,TRUE,5,2026-10-05T20:35:55.000Z,2026-10-05 13:35:55,https://queue-times.com/parks/16/queue_times.json
2026-10-05T20:36:12.404Z,2026-10-05 13:36:12,2026-10-05,America/Los_Angeles,disneyland,Disneyland,Tomorrowland,273,Buzz Lightyear Astro Blasters,TRUE,10,2026-10-05T20:35:55.000Z,2026-10-05 13:35:55,https://queue-times.com/parks/16/queue_times.json
2026-10-05T20:36:12.404Z,2026-10-05 13:36:12,2026-10-05,America/Los_Angeles,disneyland,Disneyland,Tomorrowland,274,Disneyland Monorail,FALSE,0,2026-10-05T20:35:55.000Z,2026-10-05 13:35:55,https://queue-times.com/parks/16/queue_times.json
2026-10-05T20:36:12.404Z,2026-10-05 13:36:12,2026-10-05,America/Los_Angeles,disneyland,Disneyland,Tomorrowland,276,Finding Nemo Submarine Voyage,TRUE,10,2026-10-05T20:35:55.000Z,2026-10-05 13:35:55,https://queue-times.com/parks/16/queue_times.json
2026-10-05T20:36:12.404Z,2026-10-05 13:36:12,2026-10-05,America/Los_Angeles,disneyland,Disneyland,Tomorrowland,16627,Pixar Short Film Spotlight,FALSE,0,2026-10-05T20:35:55.000Z,2026-10-05 13:35:55,https://queue-times.com/parks/16/queue_times.json
2026-10-05T20:36:12.404Z,2026-10-05 13:36:12,2026-10-05,America/Los_Angeles,disneyland,Disneyland,Tomorrowland,284,Space Mountain,TRUE,30,2026-10-05T20:35:55.000Z,2026-10-05 13:35:55,https://queue-times.com/parks/16/queue_times.json
2026-10-05T20:36:12.404Z,2026-10-05 13:36:12,2026-10-05,America/Los_Angeles,disneyland,Disneyland,Tomorrowland,286,Star Tours - The Adventures Continue,TRUE,10,2026-10-05T20:31:45.000Z,2026-10-05 13:31:45,https://queue-times.com/parks/16/queue_times.json
2026-10-05T20:36:12.404Z,2026-10-05 13:36:12,2026-10-05,America/Los_Angeles,dca,Disney California Adventure,Avengers Campus,329,Guardians of the Galaxy - Mission: BREAKOUT!,TRUE,40,2026-10-05T20:31:49.000Z,2026-10-05 13:31:49,https://queue-times.com/parks/17/queue_times.json
2026-10-05T20:36:12.404Z,2026-10-05 13:36:12,2026-10-05,America/Los_Angeles,dca,Disney California Adventure,Avengers Campus,8843,WEB SLINGERS: A Spider-Man Adventure,TRUE,45,2026-10-05T20:35:56.000Z,2026-10-05 13:35:56,https://queue-times.com/parks/17/queue_times.json
2026-10-05T20:36:12.404Z,2026-10-05 13:36:12,2026-10-05,America/Los_Angeles,dca,Disney California Adventure,Avengers Campus,10907,WEB SLINGERS: A Spider-Man Adventure Single Rider,TRUE,0,2026-10-05T20:35:56.000Z,2026-10-05 13:35:56,https://queue-times.com/parks/17/queue_times.json
2026-10-05T20:36:12.404Z,2026-10-05 13:36:12,2026-10-05,America/Los_Angeles,dca,Disney California Adventure,Cars Land,2608,Luigi's Honkin' Haul-O-Ween,TRUE,30,2026-10-05T20:35:56.000Z,2026-10-05 13:35:56,https://queue-times.com/parks/17/queue_times.json
2026-10-05T20:36:12.404Z,2026-10-05 13:36:12,2026-10-05,America/Los_Angeles,dca,Disney California Adventure,Cars Land,295,Radiator Springs Racers,TRUE,65,2026-10-05T20:31:49.000Z,2026-10-05 13:31:49,https://queue-times.com/parks/17/queue_times.json
2026-10-05T20:36:12.404Z,2026-10-05 13:36:12,2026-10-05,America/Los_Angeles,dca,Disney California Adventure,Cars Land,10904,Radiator Springs Racers Single Rider,TRUE,0,2026-10-05T20:31:49.000Z,2026-10-05 13:31:49,https://queue-times.com/parks/17/queue_times.json
2026-10-05T20:36:12.404Z,2026-10-05 13:36:12,2026-10-05,America/Los_Angeles,dca,Disney California Adventure,Grizzly Peak,302,Grizzly River Run,TRUE,50,2026-10-05T20:31:49.000Z,2026-10-05 13:31:49,https://queue-times.com/parks/17/queue_times.json
2026-10-05T20:36:12.404Z,2026-10-05 13:36:12,2026-10-05,America/Los_Angeles,dca,Disney California Adventure,Grizzly Peak,293,Redwood Creek Challenge Trail,TRUE,5,2026-10-05T20:31:49.000Z,2026-10-05 13:31:49,https://queue-times.com/parks/17/queue_times.json
2026-10-05T20:36:12.404Z,2026-10-05 13:36:12,2026-10-05,America/Los_Angeles,dca,Disney California Adventure,Grizzly Peak,17129,Soarin’ Across America,TRUE,45,2026-10-05T20:35:56.000Z,2026-10-05 13:35:56,https://queue-times.com/parks/17/queue_times.json
2026-10-05T20:36:12.404Z,2026-10-05 13:36:12,2026-10-05,America/Los_Angeles,dca,Disney California Adventure,Hollywood Land,321,Animation Academy,TRUE,0,2026-10-05T20:31:49.000Z,2026-10-05 13:31:49,https://queue-times.com/parks/17/queue_times.json
2026-10-05T20:36:12.404Z,2026-10-05 13:36:12,2026-10-05,America/Los_Angeles,dca,Disney California Adventure,Hollywood Land,6440,Mickey's PhilharMagic,TRUE,10,2026-10-05T20:31:49.000Z,2026-10-05 13:31:49,https://queue-times.com/parks/17/queue_times.json
2026-10-05T20:36:12.404Z,2026-10-05 13:36:12,2026-10-05,America/Los_Angeles,dca,Disney California Adventure,Hollywood Land,291,"Monsters, Inc. Mike & Sulley to the Rescue!",TRUE,40,2026-10-05T20:35:56.000Z,2026-10-05 13:35:56,https://queue-times.com/parks/17/queue_times.json
2026-10-05T20:36:12.404Z,2026-10-05 13:36:12,2026-10-05,America/Los_Angeles,dca,Disney California Adventure,Hollywood Land,868,Sorcerer's Workshop,TRUE,0,2026-10-05T20:35:56.000Z,2026-10-05 13:35:56,https://queue-times.com/parks/17/queue_times.json
2026-10-05T20:36:12.404Z,2026-10-05 13:36:12,2026-10-05,America/Los_Angeles,dca,Disney California Adventure,Hollywood Land,294,Turtle Talk with Crush,TRUE,0,2026-10-05T20:35:56.000Z,2026-10-05 13:35:56,https://queue-times.com/parks/17/queue_times.json
2026-10-05T20:36:12.404Z,2026-10-05 13:36:12,2026-10-05,America/Los_Angeles,dca,Disney California Adventure,Pacific Wharf,869,The Bakery Tour,TRUE,0,2026-10-05T20:31:49.000Z,2026-10-05 13:31:49,https://queue-times.com/parks/17/queue_times.json
2026-10-05T20:36:12.404Z,2026-10-05 13:36:12,2026-10-05,America/Los_Angeles,dca,Disney California Adventure,Paradise Gardens Park,298,Golden Zephyr,FALSE,0,2026-10-05T20:35:56.000Z,2026-10-05 13:35:56,https://queue-times.com/parks/17/queue_times.json
2026-10-05T20:36:12.404Z,2026-10-05 13:36:12,2026-10-05,America/Los_Angeles,dca,Disney California Adventure,Paradise Gardens Park,319,Goofy's Sky School,TRUE,5,2026-10-05T20:31:49.000Z,2026-10-05 13:31:49,https://queue-times.com/parks/17/queue_times.json
2026-10-05T20:36:12.404Z,2026-10-05 13:36:12,2026-10-05,America/Los_Angeles,dca,Disney California Adventure,Paradise Gardens Park,301,Silly Symphony Swings,TRUE,5,2026-10-05T20:35:56.000Z,2026-10-05 13:35:56,https://queue-times.com/parks/17/queue_times.json
2026-10-05T20:36:12.404Z,2026-10-05 13:36:12,2026-10-05,America/Los_Angeles,dca,Disney California Adventure,Paradise Gardens Park,10905,Silly Symphony Swings Single Rider,TRUE,0,2026-10-05T20:35:56.000Z,2026-10-05 13:35:56,https://queue-times.com/parks/17/queue_times.json
2026-10-05T20:36:12.404Z,2026-10-05 13:36:12,2026-10-05,America/Los_Angeles,dca,Disney California Adventure,Paradise Gardens Park,316,The Little Mermaid - Ariel's Undersea Adventure,FALSE,0,2026-10-05T20:31:49.000Z,2026-10-05 13:31:49,https://queue-times.com/parks/17/queue_times.json
2026-10-05T20:36:12.404Z,2026-10-05 13:36:12,2026-10-05,America/Los_Angeles,dca,Disney California Adventure,Paradise Gardens Park,11528,World of Color – ONE,TRUE,0,2026-10-05T20:31:49.000Z,2026-10-05 13:31:49,https://queue-times.com/parks/17/queue_times.json
2026-10-05T20:36:12.404Z,2026-10-05 13:36:12,2026-10-05,America/Los_Angeles,dca,Disney California Adventure,Pixar Pier,866,Games of Pixar Pier,TRUE,5,2026-10-05T20:35:56.000Z,2026-10-05 13:35:56,https://queue-times.com/parks/17/queue_times.json
2026-10-05T20:36:12.404Z,2026-10-05 13:36:12,2026-10-05,America/Los_Angeles,dca,Disney California Adventure,Pixar Pier,322,Incredicoaster,FALSE,0,2026-10-05T20:35:56.000Z,2026-10-05 13:35:56,https://queue-times.com/parks/17/queue_times.json
2026-10-05T20:36:12.404Z,2026-10-05 13:36:12,2026-10-05,America/Los_Angeles,dca,Disney California Adventure,Pixar Pier,10906,Incredicoaster Single Rider,FALSE,0,2026-10-05T20:35:56.000Z,2026-10-05 13:35:56,https://queue-times.com/parks/17/queue_times.json
2026-10-05T20:36:12.404Z,2026-10-05 13:36:12,2026-10-05,America/Los_Angeles,dca,Disney California Adventure,Pixar Pier,6643,Inside Out Emotional Whirlwind,TRUE,10,2026-10-05T20:35:56.000Z,2026-10-05 13:35:56,https://queue-times.com/parks/17/queue_times.json
2026-10-05T20:36:12.404Z,2026-10-05 13:36:12,2026-10-05,America/Los_Angeles,dca,Disney California Adventure,Pixar Pier,310,Jessie's Critter Carousel,TRUE,5,2026-10-05T20:35:56.000Z,2026-10-05 13:35:56,https://queue-times.com/parks/17/queue_times.json
2026-10-05T20:36:12.404Z,2026-10-05 13:36:12,2026-10-05,America/Los_Angeles,dca,Disney California Adventure,Pixar Pier,300,Jumpin' Jellyfish,TRUE,5,2026-10-05T20:31:49.000Z,2026-10-05 13:31:49,https://queue-times.com/parks/17/queue_times.json
2026-10-05T20:36:12.404Z,2026-10-05 13:36:12,2026-10-05,America/Los_Angeles,dca,Disney California Adventure,Pixar Pier,311,Pixar Pal-A-Round - Swinging,TRUE,20,2026-10-05T20:35:56.000Z,2026-10-05 13:35:56,https://queue-times.com/parks/17/queue_times.json
2026-10-05T20:36:12.404Z,2026-10-05 13:36:12,2026-10-05,America/Los_Angeles,dca,Disney California Adventure,Pixar Pier,5557,Pixar Pal-A-Round – Non-Swinging,TRUE,10,2026-10-05T20:35:56.000Z,2026-10-05 13:35:56,https://queue-times.com/parks/17/queue_times.json
2026-10-05T20:36:12.404Z,2026-10-05 13:36:12,2026-10-05,America/Los_Angeles,dca,Disney California Adventure,Pixar Pier,313,Toy Story Midway Mania!,TRUE,45,2026-10-05T20:31:49.000Z,2026-10-05 13:31:49,https://queue-times.com/parks/17/queue_times.json
2026-10-05T20:36:12.404Z,2026-10-05 13:36:12,2026-10-05,America/Los_Angeles,dca,Disney California Adventure,Halloween,5146,Guardians of the Galaxy - Monsters After Dark,FALSE,0,2026-10-05T20:35:56.000Z,2026-10-05 13:35:56,https://queue-times.com/parks/17/queue_times.json
2026-10-05T20:36:12.404Z,2026-10-05 13:36:12,2026-10-05,America/Los_Angeles,dca,Disney California Adventure,Halloween,4723,Mater's Graveyard JamBOOree,TRUE,10,2026-10-05T20:35:56.000Z,2026-10-05 13:35:56,https://queue-times.com/parks/17/queue_times.json
2026-10-05T20:36:12.404Z,2026-10-05 13:36:12,2026-10-05,America/Los_Angeles,dca,Disney California Adventure,Halloween,7292,Villains Grove at Oogie Boogie Bash,FALSE,0,2026-10-05T20:35:56.000Z,2026-10-05 13:35:56,https://queue-times.com/parks/17/queue_times.json
2026-10-05T21:21:03.018Z,2026-10-05 14:21:03,2026-10-05,America/Los_Angeles,disneyland,Disneyland,Adventureland,12428,Adventureland Treehouse inspired by Walt Disney’s Swiss Family Robinson,TRUE,0,2026-10-05T21:15:54.000Z,2026-10-05 14:15:54,https://queue-times.com/parks/16/queue_times.json
2026-10-05T21:21:03.018Z,2026-10-05 14:21:03,2026-10-05,America/Los_Angeles,disneyland,Disneyland,Adventureland,326,Indiana Jones™ Adventure,FALSE,0,2026-10-05T21:15:54.000Z,2026-10-05 14:15:54,https://queue-times.com/parks/16/queue_times.json
2026-10-05T21:21:03.018Z,2026-10-05 14:21:03,2026-10-05,America/Los_Angeles,disneyland,Disneyland,Adventureland,296,Jungle Cruise,TRUE,10,2026-10-05T21:15:54.000Z,2026-10-05 14:15:54,https://queue-times.com/parks/16/queue_times.json
2026-10-05T21:21:03.018Z,2026-10-05 14:21:03,2026-10-05,America/Los_Angeles,disneyland,Disneyland,Adventureland,288,Walt Disney's Enchanted Tiki Room,TRUE,0,2026-10-05T21:15:54.000Z,2026-10-05 14:15:54,https://queue-times.com/parks/16/queue_times.json
2026-10-05T21:21:03.018Z,2026-10-05 14:21:03,2026-10-05,America/Los_Angeles,disneyland,Disneyland,Bayou Country,304,Davy Crockett's Explorer Canoes,FALSE,0,2026-10-05T21:15:54.000Z,2026-10-05 14:15:54,https://queue-times.com/parks/16/queue_times.json
2026-10-05T21:21:03.018Z,2026-10-05 14:21:03,2026-10-05,America/Los_Angeles,disneyland,Disneyland,Bayou Country,306,The Many Adventures of Winnie the Pooh,TRUE,5,2026-10-05T21:15:54.000Z,2026-10-05 14:15:54,https://queue-times.com/parks/16/queue_times.json
2026-10-05T21:21:03.018Z,2026-10-05 14:21:03,2026-10-05,America/Los_Angeles,disneyland,Disneyland,Bayou Country,14168,Tiana's Bayou Adventure,TRUE,60,2026-10-05T21:15:54.000Z,2026-10-05 14:15:54,https://queue-times.com/parks/16/queue_times.json
2026-10-05T21:21:03.018Z,2026-10-05 14:21:03,2026-10-05,America/Los_Angeles,disneyland,Disneyland,Bayou Country,14326,Tiana's Bayou Adventure Single Rider,TRUE,0,2026-10-05T21:15:54.000Z,2026-10-05 14:15:54,https://queue-times.com/parks/16/queue_times.json
2026-10-05T21:21:03.018Z,2026-10-05 14:21:03,2026-10-05,America/Los_Angeles,disneyland,Disneyland,Fantasyland,307,"""it's a small world""",TRUE,5,2026-10-05T21:15:54.000Z,2026-10-05 14:15:54,https://queue-times.com/parks/16/queue_times.json
2026-10-05T21:21:03.018Z,2026-10-05 14:21:03,2026-10-05,America/Los_Angeles,disneyland,Disneyland,Fantasyland,285,Alice in Wonderland,TRUE,15,2026-10-05T21:15:54.000Z,2026-10-05 14:15:54,https://queue-times.com/parks/16/queue_times.json
2026-10-05T21:21:03.018Z,2026-10-05 14:21:03,2026-10-05,America/Los_Angeles,disneyland,Disneyland,Fantasyland,16254,Bluey’s Best Day Ever! at Fantasyland Theatre,TRUE,0,2026-10-05T21:15:54.000Z,2026-10-05 14:15:54,https://queue-times.com/parks/16/queue_times.json
2026-10-05T21:21:03.018Z,2026-10-05 14:21:03,2026-10-05,America/Los_Angeles,disneyland,Disneyland,Fantasyland,303,Casey Jr. Circus Train,FALSE,0,2026-10-05T21:15:54.000Z,2026-10-05 14:15:54,https://queue-times.com/parks/16/queue_times.json
2026-10-05T21:21:03.018Z,2026-10-05 14:21:03,2026-10-05,America/Los_Angeles,disneyland,Disneyland,Fantasyland,275,Dumbo the Flying Elephant,TRUE,10,2026-10-05T21:15:54.000Z,2026-10-05 14:15:54,https://queue-times.com/parks/16/queue_times.json
2026-10-05T21:21:03.018Z,2026-10-05 14:21:03,2026-10-05,America/Los_Angeles,disneyland,Disneyland,Fantasyland,277,King Arthur Carrousel,TRUE,5,2026-10-05T21:15:54.000Z,2026-10-05 14:15:54,https://queue-times.com/parks/16/queue_times.json
2026-10-05T21:21:03.018Z,2026-10-05 14:21:03,2026-10-05,America/Los_Angeles,disneyland,Disneyland,Fantasyland,278,Mad Tea Party,FALSE,0,2026-10-05T21:15:54.000Z,2026-10-05 14:15:54,https://queue-times.com/parks/16/queue_times.json
2026-10-05T21:21:03.018Z,2026-10-05 14:21:03,2026-10-05,America/Los_Angeles,disneyland,Disneyland,Fantasyland,279,Matterhorn Bobsleds,TRUE,25,2026-10-05T21:15:54.000Z,2026-10-05 14:15:54,https://queue-times.com/parks/16/queue_times.json
2026-10-05T21:21:03.018Z,2026-10-05 14:21:03,2026-10-05,America/Los_Angeles,disneyland,Disneyland,Fantasyland,6711,Meet Disney Princesses at Royal Hall,TRUE,15,2026-10-05T21:15:54.000Z,2026-10-05 14:15:54,https://queue-times.com/parks/16/queue_times.json
2026-10-05T21:21:03.018Z,2026-10-05 14:21:03,2026-10-05,America/Los_Angeles,disneyland,Disneyland,Fantasyland,280,Mr. Toad's Wild Ride,TRUE,5,2026-10-05T21:15:54.000Z,2026-10-05 14:15:54,https://queue-times.com/parks/16/queue_times.json
2026-10-05T21:21:03.018Z,2026-10-05 14:21:03,2026-10-05,America/Los_Angeles,disneyland,Disneyland,Fantasyland,281,Peter Pan's Flight,TRUE,25,2026-10-05T21:15:54.000Z,2026-10-05 14:15:54,https://queue-times.com/parks/16/queue_times.json
2026-10-05T21:21:03.018Z,2026-10-05 14:21:03,2026-10-05,America/Los_Angeles,disneyland,Disneyland,Fantasyland,282,Pinocchio's Daring Journey,TRUE,10,2026-10-05T21:15:54.000Z,2026-10-05 14:15:54,https://queue-times.com/parks/16/queue_times.json
2026-10-05T21:21:03.018Z,2026-10-05 14:21:03,2026-10-05,America/Los_Angeles,disneyland,Disneyland,Fantasyland,687,Sleeping Beauty Castle Walkthrough,FALSE,0,2026-10-05T21:15:54.000Z,2026-10-05 14:15:54,https://queue-times.com/parks/16/queue_times.json
2026-10-05T21:21:03.018Z,2026-10-05 14:21:03,2026-10-05,America/Los_Angeles,disneyland,Disneyland,Fantasyland,283,Snow White's Enchanted Wish,TRUE,5,2026-10-05T21:15:54.000Z,2026-10-05 14:15:54,https://queue-times.com/parks/16/queue_times.json
2026-10-05T21:21:03.018Z,2026-10-05 14:21:03,2026-10-05,America/Los_Angeles,disneyland,Disneyland,Fantasyland,305,Storybook Land Canal Boats,TRUE,5,2026-10-05T21:15:54.000Z,2026-10-05 14:15:54,https://queue-times.com/parks/16/queue_times.json
2026-10-05T21:21:03.018Z,2026-10-05 14:21:03,2026-10-05,America/Los_Angeles,disneyland,Disneyland,Frontierland,323,Big Thunder Mountain Railroad,FALSE,0,2026-10-05T21:15:54.000Z,2026-10-05 14:15:54,https://queue-times.com/parks/16/queue_times.json
2026-10-05T21:21:03.018Z,2026-10-05 14:21:03,2026-10-05,America/Los_Angeles,disneyland,Disneyland,Frontierland,679,Frontierland Shootin' Exposition,TRUE,0,2026-10-05T21:15:54.000Z,2026-10-05 14:15:54,https://queue-times.com/parks/16/queue_times.json
2026-10-05T21:21:03.018Z,2026-10-05 14:21:03,2026-10-05,America/Los_Angeles,disneyland,Disneyland,Frontierland,456,Mark Twain Riverboat,TRUE,10,2026-10-05T21:15:54.000Z,2026-10-05 14:15:54,https://queue-times.com/parks/16/queue_times.json
2026-10-05T21:21:03.018Z,2026-10-05 14:21:03,2026-10-05,America/Los_Angeles,disneyland,Disneyland,Frontierland,331,Pirate's Lair on Tom Sawyer Island,TRUE,5,2026-10-05T21:15:54.000Z,2026-10-05 14:15:54,https://queue-times.com/parks/16/queue_times.json
2026-10-05T21:21:03.018Z,2026-10-05 14:21:03,2026-10-05,America/Los_Angeles,disneyland,Disneyland,Frontierland,328,Sailing Ship Columbia,FALSE,0,2026-10-05T21:15:54.000Z,2026-10-05 14:15:54,https://queue-times.com/parks/16/queue_times.json
2026-10-05T21:21:03.018Z,2026-10-05 14:21:03,2026-10-05,America/Los_Angeles,disneyland,Disneyland,Main Street U.S.A,674,Disneyland Railroad,TRUE,10,2026-10-05T21:15:54.000Z,2026-10-05 14:15:54,https://queue-times.com/parks/16/queue_times.json
2026-10-05T21:21:03.018Z,2026-10-05 14:21:03,2026-10-05,America/Los_Angeles,disneyland,Disneyland,Main Street U.S.A,690,Great Moments with Mr. Lincoln,FALSE,0,2026-10-05T21:15:54.000Z,2026-10-05 14:15:54,https://queue-times.com/parks/16/queue_times.json
2026-10-05T21:21:03.018Z,2026-10-05 14:21:03,2026-10-05,America/Los_Angeles,disneyland,Disneyland,Main Street U.S.A,686,Main Street Cinema,TRUE,0,2026-10-05T21:15:54.000Z,2026-10-05 14:15:54,https://queue-times.com/parks/16/queue_times.json
2026-10-05T21:21:03.018Z,2026-10-05 14:21:03,2026-10-05,America/Los_Angeles,disneyland,Disneyland,Main Street U.S.A,691,Main Street Vehicles,TRUE,0,2026-10-05T21:15:54.000Z,2026-10-05 14:15:54,https://queue-times.com/parks/16/queue_times.json
2026-10-05T21:21:03.018Z,2026-10-05 14:21:03,2026-10-05,America/Los_Angeles,disneyland,Disneyland,Main Street U.S.A,14915,Opera House - Walt Disney - A Magical Life,TRUE,0,2026-10-05T21:15:54.000Z,2026-10-05 14:15:54,https://queue-times.com/parks/16/queue_times.json
2026-10-05T21:21:03.018Z,2026-10-05 14:21:03,2026-10-05,America/Los_Angeles,disneyland,Disneyland,Main Street U.S.A,695,The Disney Gallery,TRUE,0,2026-10-05T21:15:54.000Z,2026-10-05 14:15:54,https://queue-times.com/parks/16/queue_times.json
2026-10-05T21:21:03.018Z,2026-10-05 14:21:03,2026-10-05,America/Los_Angeles,disneyland,Disneyland,Main Street U.S.A,14923,Walt Disney - A Magical Life,TRUE,0,2026-10-05T21:15:54.000Z,2026-10-05 14:15:54,https://queue-times.com/parks/16/queue_times.json
2026-10-05T21:21:03.018Z,2026-10-05 14:21:03,2026-10-05,America/Los_Angeles,disneyland,Disneyland,Mickey's Toontown,324,Chip 'n' Dale's GADGETcoaster,TRUE,10,2026-10-05T21:15:54.000Z,2026-10-05 14:15:54,https://queue-times.com/parks/16/queue_times.json
2026-10-05T21:21:03.018Z,2026-10-05 14:21:03,2026-10-05,America/Los_Angeles,disneyland,Disneyland,Mickey's Toontown,13814,Donald's Duck Pond,TRUE,0,2026-10-05T21:15:54.000Z,2026-10-05 14:15:54,https://queue-times.com/parks/16/queue_times.json
2026-10-05T21:21:03.018Z,2026-10-05 14:21:03,2026-10-05,America/Los_Angeles,disneyland,Disneyland,Mickey's Toontown,11980,Goofy's How-to-Play Yard,TRUE,0,2026-10-05T21:15:54.000Z,2026-10-05 14:15:54,https://queue-times.com/parks/16/queue_times.json
2026-10-05T21:21:03.018Z,2026-10-05 14:21:03,2026-10-05,America/Los_Angeles,disneyland,Disneyland,Mickey's Toontown,11526,Mickey & Minnie's Runaway Railway,TRUE,35,2026-10-05T21:15:54.000Z,2026-10-05 14:15:54,https://queue-times.com/parks/16/queue_times.json
2026-10-05T21:21:03.018Z,2026-10-05 14:21:03,2026-10-05,America/Los_Angeles,disneyland,Disneyland,Mickey's Toontown,709,Mickey's House and Meet Mickey Mouse,TRUE,15,2026-10-05T21:15:54.000Z,2026-10-05 14:15:54,https://queue-times.com/parks/16/queue_times.json
2026-10-05T21:21:03.018Z,2026-10-05 14:21:03,2026-10-05,America/Los_Angeles,disneyland,Disneyland,Mickey's Toontown,684,Minnie's House,TRUE,0,2026-10-05T21:15:54.000Z,2026-10-05 14:15:54,https://queue-times.com/parks/16/queue_times.json
2026-10-05T21:21:03.018Z,2026-10-05 14:21:03,2026-10-05,America/Los_Angeles,disneyland,Disneyland,Mickey's Toontown,332,Roger Rabbit's Car Toon Spin,FALSE,0,2026-10-05T21:15:54.000Z,2026-10-05 14:15:54,https://queue-times.com/parks/16/queue_times.json
2026-10-05T21:21:03.018Z,2026-10-05 14:21:03,2026-10-05,America/Los_Angeles,disneyland,Disneyland,New Orleans Square,325,Haunted Mansion Holiday,TRUE,35,2026-10-05T21:15:54.000Z,2026-10-05 14:15:54,https://queue-times.com/parks/16/queue_times.json
2026-10-05T21:21:03.018Z,2026-10-05 14:21:03,2026-10-05,America/Los_Angeles,disneyland,Disneyland,New Orleans Square,289,Pirates of the Caribbean,TRUE,20,2026-10-05T21:15:54.000Z,2026-10-05 14:15:54,https://queue-times.com/parks/16/queue_times.json
2026-10-05T21:21:03.018Z,2026-10-05 14:21:03,2026-10-05,America/Los_Angeles,disneyland,Disneyland,Star Wars: Galaxy's Edge,6339,Millennium Falcon: Smugglers Run,TRUE,15,2026-10-05T21:15:54.000Z,2026-10-05 14:15:54,https://queue-times.com/parks/16/queue_times.json
2026-10-05T21:21:03.018Z,2026-10-05 14:21:03,2026-10-05,America/Los_Angeles,disneyland,Disneyland,Star Wars: Galaxy's Edge,10903,Millennium Falcon: Smugglers Run Single Rider,TRUE,0,2026-10-05T21:15:54.000Z,2026-10-05 14:15:54,https://queue-times.com/parks/16/queue_times.json
2026-10-05T21:21:03.018Z,2026-10-05 14:21:03,2026-10-05,America/Los_Angeles,disneyland,Disneyland,Star Wars: Galaxy's Edge,6340,Star Wars: Rise of the Resistance,TRUE,50,2026-10-05T21:15:54.000Z,2026-10-05 14:15:54,https://queue-times.com/parks/16/queue_times.json
2026-10-05T21:21:03.018Z,2026-10-05 14:21:03,2026-10-05,America/Los_Angeles,disneyland,Disneyland,Tomorrowland,287,Astro Orbitor,TRUE,5,2026-10-05T21:15:54.000Z,2026-10-05 14:15:54,https://queue-times.com/parks/16/queue_times.json
2026-10-05T21:21:03.018Z,2026-10-05 14:21:03,2026-10-05,America/Los_Angeles,disneyland,Disneyland,Tomorrowland,317,Autopia,TRUE,15,2026-10-05T21:15:54.000Z,2026-10-05 14:15:54,https://queue-times.com/parks/16/queue_times.json
2026-10-05T21:21:03.018Z,2026-10-05 14:21:03,2026-10-05,America/Los_Angeles,disneyland,Disneyland,Tomorrowland,273,Buzz Lightyear Astro Blasters,TRUE,10,2026-10-05T21:15:54.000Z,2026-10-05 14:15:54,https://queue-times.com/parks/16/queue_times.json
2026-10-05T21:21:03.018Z,2026-10-05 14:21:03,2026-10-05,America/Los_Angeles,disneyland,Disneyland,Tomorrowland,274,Disneyland Monorail,FALSE,0,2026-10-05T21:15:54.000Z,2026-10-05 14:15:54,https://queue-times.com/parks/16/queue_times.json
2026-10-05T21:21:03.018Z,2026-10-05 14:21:03,2026-10-05,America/Los_Angeles,disneyland,Disneyland,Tomorrowland,276,Finding Nemo Submarine Voyage,TRUE,15,2026-10-05T21:15:54.000Z,2026-10-05 14:15:54,https://queue-times.com/parks/16/queue_times.json
2026-10-05T21:21:03.018Z,2026-10-05 14:21:03,2026-10-05,America/Los_Angeles,disneyland,Disneyland,Tomorrowland,16627,Pixar Short Film Spotlight,FALSE,0,2026-10-05T21:15:54.000Z,2026-10-05 14:15:54,https://queue-times.com/parks/16/queue_times.json
2026-10-05T21:21:03.018Z,2026-10-05 14:21:03,2026-10-05,America/Los_Angeles,disneyland,Disneyland,Tomorrowland,284,Space Mountain,TRUE,60,2026-10-05T21:15:54.000Z,2026-10-05 14:15:54,https://queue-times.com/parks/16/queue_times.json
2026-10-05T21:21:03.018Z,2026-10-05 14:21:03,2026-10-05,America/Los_Angeles,disneyland,Disneyland,Tomorrowland,286,Star Tours - The Adventures Continue,TRUE,10,2026-10-05T21:15:54.000Z,2026-10-05 14:15:54,https://queue-times.com/parks/16/queue_times.json
2026-10-05T21:21:03.018Z,2026-10-05 14:21:03,2026-10-05,America/Los_Angeles,dca,Disney California Adventure,Avengers Campus,329,Guardians of the Galaxy - Mission: BREAKOUT!,FALSE,0,2026-10-05T21:16:00.000Z,2026-10-05 14:16:00,https://queue-times.com/parks/17/queue_times.json
2026-10-05T21:21:03.018Z,2026-10-05 14:21:03,2026-10-05,America/Los_Angeles,dca,Disney California Adventure,Avengers Campus,8843,WEB SLINGERS: A Spider-Man Adventure,TRUE,35,2026-10-05T21:16:00.000Z,2026-10-05 14:16:00,https://queue-times.com/parks/17/queue_times.json
2026-10-05T21:21:03.018Z,2026-10-05 14:21:03,2026-10-05,America/Los_Angeles,dca,Disney California Adventure,Avengers Campus,10907,WEB SLINGERS: A Spider-Man Adventure Single Rider,TRUE,0,2026-10-05T21:16:00.000Z,2026-10-05 14:16:00,https://queue-times.com/parks/17/queue_times.json
2026-10-05T21:21:03.018Z,2026-10-05 14:21:03,2026-10-05,America/Los_Angeles,dca,Disney California Adventure,Cars Land,2608,Luigi's Honkin' Haul-O-Ween,TRUE,10,2026-10-05T21:16:00.000Z,2026-10-05 14:16:00,https://queue-times.com/parks/17/queue_times.json
2026-10-05T21:21:03.018Z,2026-10-05 14:21:03,2026-10-05,America/Los_Angeles,dca,Disney California Adventure,Cars Land,295,Radiator Springs Racers,TRUE,75,2026-10-05T21:16:00.000Z,2026-10-05 14:16:00,https://queue-times.com/parks/17/queue_times.json
2026-10-05T21:21:03.018Z,2026-10-05 14:21:03,2026-10-05,America/Los_Angeles,dca,Disney California Adventure,Cars Land,10904,Radiator Springs Racers Single Rider,TRUE,0,2026-10-05T21:16:00.000Z,2026-10-05 14:16:00,https://queue-times.com/parks/17/queue_times.json
2026-10-05T21:21:03.018Z,2026-10-05 14:21:03,2026-10-05,America/Los_Angeles,dca,Disney California Adventure,Grizzly Peak,302,Grizzly River Run,TRUE,50,2026-10-05T21:16:00.000Z,2026-10-05 14:16:00,https://queue-times.com/parks/17/queue_times.json
2026-10-05T21:21:03.018Z,2026-10-05 14:21:03,2026-10-05,America/Los_Angeles,dca,Disney California Adventure,Grizzly Peak,293,Redwood Creek Challenge Trail,TRUE,5,2026-10-05T21:16:00.000Z,2026-10-05 14:16:00,https://queue-times.com/parks/17/queue_times.json
2026-10-05T21:21:03.018Z,2026-10-05 14:21:03,2026-10-05,America/Los_Angeles,dca,Disney California Adventure,Grizzly Peak,17129,Soarin’ Across America,TRUE,45,2026-10-05T21:16:00.000Z,2026-10-05 14:16:00,https://queue-times.com/parks/17/queue_times.json
2026-10-05T21:21:03.018Z,2026-10-05 14:21:03,2026-10-05,America/Los_Angeles,dca,Disney California Adventure,Hollywood Land,321,Animation Academy,TRUE,0,2026-10-05T21:16:00.000Z,2026-10-05 14:16:00,https://queue-times.com/parks/17/queue_times.json
2026-10-05T21:21:03.018Z,2026-10-05 14:21:03,2026-10-05,America/Los_Angeles,dca,Disney California Adventure,Hollywood Land,6440,Mickey's PhilharMagic,TRUE,10,2026-10-05T21:16:00.000Z,2026-10-05 14:16:00,https://queue-times.com/parks/17/queue_times.json
2026-10-05T21:21:03.018Z,2026-10-05 14:21:03,2026-10-05,America/Los_Angeles,dca,Disney California Adventure,Hollywood Land,291,"Monsters, Inc. Mike & Sulley to the Rescue!",FALSE,0,2026-10-05T21:16:00.000Z,2026-10-05 14:16:00,https://queue-times.com/parks/17/queue_times.json
2026-10-05T21:21:03.018Z,2026-10-05 14:21:03,2026-10-05,America/Los_Angeles,dca,Disney California Adventure,Hollywood Land,868,Sorcerer's Workshop,TRUE,0,2026-10-05T21:16:00.000Z,2026-10-05 14:16:00,https://queue-times.com/parks/17/queue_times.json
2026-10-05T21:21:03.018Z,2026-10-05 14:21:03,2026-10-05,America/Los_Angeles,dca,Disney California Adventure,Hollywood Land,294,Turtle Talk with Crush,TRUE,0,2026-10-05T21:16:00.000Z,2026-10-05 14:16:00,https://queue-times.com/parks/17/queue_times.json
2026-10-05T21:21:03.018Z,2026-10-05 14:21:03,2026-10-05,America/Los_Angeles,dca,Disney California Adventure,Pacific Wharf,869,The Bakery Tour,TRUE,0,2026-10-05T21:16:00.000Z,2026-10-05 14:16:00,https://queue-times.com/parks/17/queue_times.json
2026-10-05T21:21:03.018Z,2026-10-05 14:21:03,2026-10-05,America/Los_Angeles,dca,Disney California Adventure,Paradise Gardens Park,298,Golden Zephyr,FALSE,0,2026-10-05T21:16:00.000Z,2026-10-05 14:16:00,https://queue-times.com/parks/17/queue_times.json
2026-10-05T21:21:03.018Z,2026-10-05 14:21:03,2026-10-05,America/Los_Angeles,dca,Disney California Adventure,Paradise Gardens Park,319,Goofy's Sky School,TRUE,25,2026-10-05T21:16:00.000Z,2026-10-05 14:16:00,https://queue-times.com/parks/17/queue_times.json
2026-10-05T21:21:03.018Z,2026-10-05 14:21:03,2026-10-05,America/Los_Angeles,dca,Disney California Adventure,Paradise Gardens Park,301,Silly Symphony Swings,TRUE,5,2026-10-05T21:16:00.000Z,2026-10-05 14:16:00,https://queue-times.com/parks/17/queue_times.json
2026-10-05T21:21:03.018Z,2026-10-05 14:21:03,2026-10-05,America/Los_Angeles,dca,Disney California Adventure,Paradise Gardens Park,10905,Silly Symphony Swings Single Rider,TRUE,0,2026-10-05T21:16:00.000Z,2026-10-05 14:16:00,https://queue-times.com/parks/17/queue_times.json
2026-10-05T21:21:03.018Z,2026-10-05 14:21:03,2026-10-05,America/Los_Angeles,dca,Disney California Adventure,Paradise Gardens Park,316,The Little Mermaid - Ariel's Undersea Adventure,TRUE,15,2026-10-05T21:16:00.000Z,2026-10-05 14:16:00,https://queue-times.com/parks/17/queue_times.json
2026-10-05T21:21:03.018Z,2026-10-05 14:21:03,2026-10-05,America/Los_Angeles,dca,Disney California Adventure,Paradise Gardens Park,11528,World of Color – ONE,TRUE,0,2026-10-05T21:16:00.000Z,2026-10-05 14:16:00,https://queue-times.com/parks/17/queue_times.json
2026-10-05T21:21:03.018Z,2026-10-05 14:21:03,2026-10-05,America/Los_Angeles,dca,Disney California Adventure,Pixar Pier,866,Games of Pixar Pier,TRUE,5,2026-10-05T21:16:00.000Z,2026-10-05 14:16:00,https://queue-times.com/parks/17/queue_times.json
2026-10-05T21:21:03.018Z,2026-10-05 14:21:03,2026-10-05,America/Los_Angeles,dca,Disney California Adventure,Pixar Pier,322,Incredicoaster,FALSE,0,2026-10-05T21:16:00.000Z,2026-10-05 14:16:00,https://queue-times.com/parks/17/queue_times.json
2026-10-05T21:21:03.018Z,2026-10-05 14:21:03,2026-10-05,America/Los_Angeles,dca,Disney California Adventure,Pixar Pier,10906,Incredicoaster Single Rider,FALSE,0,2026-10-05T21:16:00.000Z,2026-10-05 14:16:00,https://queue-times.com/parks/17/queue_times.json
2026-10-05T21:21:03.018Z,2026-10-05 14:21:03,2026-10-05,America/Los_Angeles,dca,Disney California Adventure,Pixar Pier,6643,Inside Out Emotional Whirlwind,TRUE,10,2026-10-05T21:16:00.000Z,2026-10-05 14:16:00,https://queue-times.com/parks/17/queue_times.json
2026-10-05T21:21:03.018Z,2026-10-05 14:21:03,2026-10-05,America/Los_Angeles,dca,Disney California Adventure,Pixar Pier,310,Jessie's Critter Carousel,FALSE,0,2026-10-05T21:16:00.000Z,2026-10-05 14:16:00,https://queue-times.com/parks/17/queue_times.json
2026-10-05T21:21:03.018Z,2026-10-05 14:21:03,2026-10-05,America/Los_Angeles,dca,Disney California Adventure,Pixar Pier,300,Jumpin' Jellyfish,TRUE,5,2026-10-05T21:16:00.000Z,2026-10-05 14:16:00,https://queue-times.com/parks/17/queue_times.json
2026-10-05T21:21:03.018Z,2026-10-05 14:21:03,2026-10-05,America/Los_Angeles,dca,Disney California Adventure,Pixar Pier,311,Pixar Pal-A-Round - Swinging,TRUE,10,2026-10-05T21:16:00.000Z,2026-10-05 14:16:00,https://queue-times.com/parks/17/queue_times.json
2026-10-05T21:21:03.018Z,2026-10-05 14:21:03,2026-10-05,America/Los_Angeles,dca,Disney California Adventure,Pixar Pier,5557,Pixar Pal-A-Round – Non-Swinging,TRUE,10,2026-10-05T21:16:00.000Z,2026-10-05 14:16:00,https://queue-times.com/parks/17/queue_times.json
2026-10-05T21:21:03.018Z,2026-10-05 14:21:03,2026-10-05,America/Los_Angeles,dca,Disney California Adventure,Pixar Pier,313,Toy Story Midway Mania!,TRUE,40,2026-10-05T21:16:00.000Z,2026-10-05 14:16:00,https://queue-times.com/parks/17/queue_times.json
2026-10-05T21:21:03.018Z,2026-10-05 14:21:03,2026-10-05,America/Los_Angeles,dca,Disney California Adventure,Halloween,5146,Guardians of the Galaxy - Monsters After Dark,TRUE,40,2026-10-05T21:16:00.000Z,2026-10-05 14:16:00,https://queue-times.com/parks/17/queue_times.json
2026-10-05T21:21:03.018Z,2026-10-05 14:21:03,2026-10-05,America/Los_Angeles,dca,Disney California Adventure,Halloween,4723,Mater's Graveyard JamBOOree,TRUE,5,2026-10-05T21:16:00.000Z,2026-10-05 14:16:00,https://queue-times.com/parks/17/queue_times.json
2026-10-05T21:21:03.018Z,2026-10-05 14:21:03,2026-10-05,America/Los_Angeles,dca,Disney California Adventure,Halloween,7292,Villains Grove at Oogie Boogie Bash,FALSE,0,2026-10-05T21:16:00.000Z,2026-10-05 14:16:00,https://queue-times.com/parks/17/queue_times.json
2026-10-05T21:30:37.492Z,2026-10-05 14:30:37,2026-10-05,America/Los_Angeles,disneyland,Disneyland,Adventureland,12428,Adventureland Treehouse inspired by Walt Disney’s Swiss Family Robinson,TRUE,0,2026-10-05T21:26:45.000Z,2026-10-05 14:26:45,https://queue-times.com/parks/16/queue_times.json
2026-10-05T21:30:37.492Z,2026-10-05 14:30:37,2026-10-05,America/Los_Angeles,disneyland,Disneyland,Adventureland,326,Indiana Jones™ Adventure,FALSE,0,2026-10-05T21:26:45.000Z,2026-10-05 14:26:45,https://queue-times.com/parks/16/queue_times.json
2026-10-05T21:30:37.492Z,2026-10-05 14:30:37,2026-10-05,America/Los_Angeles,disneyland,Disneyland,Adventureland,296,Jungle Cruise,TRUE,10,2026-10-05T21:26:45.000Z,2026-10-05 14:26:45,https://queue-times.com/parks/16/queue_times.json
2026-10-05T21:30:37.492Z,2026-10-05 14:30:37,2026-10-05,America/Los_Angeles,disneyland,Disneyland,Adventureland,288,Walt Disney's Enchanted Tiki Room,TRUE,0,2026-10-05T21:26:45.000Z,2026-10-05 14:26:45,https://queue-times.com/parks/16/queue_times.json
2026-10-05T21:30:37.492Z,2026-10-05 14:30:37,2026-10-05,America/Los_Angeles,disneyland,Disneyland,Bayou Country,304,Davy Crockett's Explorer Canoes,FALSE,0,2026-10-05T21:26:45.000Z,2026-10-05 14:26:45,https://queue-times.com/parks/16/queue_times.json
2026-10-05T21:30:37.492Z,2026-10-05 14:30:37,2026-10-05,America/Los_Angeles,disneyland,Disneyland,Bayou Country,306,The Many Adventures of Winnie the Pooh,TRUE,5,2026-10-05T21:26:45.000Z,2026-10-05 14:26:45,https://queue-times.com/parks/16/queue_times.json
2026-10-05T21:30:37.492Z,2026-10-05 14:30:37,2026-10-05,America/Los_Angeles,disneyland,Disneyland,Bayou Country,14168,Tiana's Bayou Adventure,TRUE,40,2026-10-05T21:26:45.000Z,2026-10-05 14:26:45,https://queue-times.com/parks/16/queue_times.json
2026-10-05T21:30:37.492Z,2026-10-05 14:30:37,2026-10-05,America/Los_Angeles,disneyland,Disneyland,Bayou Country,14326,Tiana's Bayou Adventure Single Rider,TRUE,0,2026-10-05T21:26:45.000Z,2026-10-05 14:26:45,https://queue-times.com/parks/16/queue_times.json
2026-10-05T21:30:37.492Z,2026-10-05 14:30:37,2026-10-05,America/Los_Angeles,disneyland,Disneyland,Fantasyland,307,"""it's a small world""",TRUE,5,2026-10-05T21:26:45.000Z,2026-10-05 14:26:45,https://queue-times.com/parks/16/queue_times.json
2026-10-05T21:30:37.492Z,2026-10-05 14:30:37,2026-10-05,America/Los_Angeles,disneyland,Disneyland,Fantasyland,285,Alice in Wonderland,TRUE,15,2026-10-05T21:26:45.000Z,2026-10-05 14:26:45,https://queue-times.com/parks/16/queue_times.json
2026-10-05T21:30:37.492Z,2026-10-05 14:30:37,2026-10-05,America/Los_Angeles,disneyland,Disneyland,Fantasyland,16254,Bluey’s Best Day Ever! at Fantasyland Theatre,TRUE,0,2026-10-05T21:26:45.000Z,2026-10-05 14:26:45,https://queue-times.com/parks/16/queue_times.json
2026-10-05T21:30:37.492Z,2026-10-05 14:30:37,2026-10-05,America/Los_Angeles,disneyland,Disneyland,Fantasyland,303,Casey Jr. Circus Train,FALSE,0,2026-10-05T21:26:45.000Z,2026-10-05 14:26:45,https://queue-times.com/parks/16/queue_times.json
2026-10-05T21:30:37.492Z,2026-10-05 14:30:37,2026-10-05,America/Los_Angeles,disneyland,Disneyland,Fantasyland,275,Dumbo the Flying Elephant,TRUE,10,2026-10-05T21:26:45.000Z,2026-10-05 14:26:45,https://queue-times.com/parks/16/queue_times.json
2026-10-05T21:30:37.492Z,2026-10-05 14:30:37,2026-10-05,America/Los_Angeles,disneyland,Disneyland,Fantasyland,277,King Arthur Carrousel,TRUE,5,2026-10-05T21:26:45.000Z,2026-10-05 14:26:45,https://queue-times.com/parks/16/queue_times.json
2026-10-05T21:30:37.492Z,2026-10-05 14:30:37,2026-10-05,America/Los_Angeles,disneyland,Disneyland,Fantasyland,278,Mad Tea Party,FALSE,0,2026-10-05T21:26:45.000Z,2026-10-05 14:26:45,https://queue-times.com/parks/16/queue_times.json
2026-10-05T21:30:37.492Z,2026-10-05 14:30:37,2026-10-05,America/Los_Angeles,disneyland,Disneyland,Fantasyland,279,Matterhorn Bobsleds,TRUE,25,2026-10-05T21:26:45.000Z,2026-10-05 14:26:45,https://queue-times.com/parks/16/queue_times.json
2026-10-05T21:30:37.492Z,2026-10-05 14:30:37,2026-10-05,America/Los_Angeles,disneyland,Disneyland,Fantasyland,6711,Meet Disney Princesses at Royal Hall,TRUE,10,2026-10-05T21:26:45.000Z,2026-10-05 14:26:45,https://queue-times.com/parks/16/queue_times.json
2026-10-05T21:30:37.492Z,2026-10-05 14:30:37,2026-10-05,America/Los_Angeles,disneyland,Disneyland,Fantasyland,280,Mr. Toad's Wild Ride,TRUE,5,2026-10-05T21:26:45.000Z,2026-10-05 14:26:45,https://queue-times.com/parks/16/queue_times.json
2026-10-05T21:30:37.492Z,2026-10-05 14:30:37,2026-10-05,America/Los_Angeles,disneyland,Disneyland,Fantasyland,281,Peter Pan's Flight,TRUE,25,2026-10-05T21:26:45.000Z,2026-10-05 14:26:45,https://queue-times.com/parks/16/queue_times.json
2026-10-05T21:30:37.492Z,2026-10-05 14:30:37,2026-10-05,America/Los_Angeles,disneyland,Disneyland,Fantasyland,282,Pinocchio's Daring Journey,TRUE,10,2026-10-05T21:26:45.000Z,2026-10-05 14:26:45,https://queue-times.com/parks/16/queue_times.json
2026-10-05T21:30:37.492Z,2026-10-05 14:30:37,2026-10-05,America/Los_Angeles,disneyland,Disneyland,Fantasyland,687,Sleeping Beauty Castle Walkthrough,FALSE,0,2026-10-05T21:26:45.000Z,2026-10-05 14:26:45,https://queue-times.com/parks/16/queue_times.json
2026-10-05T21:30:37.492Z,2026-10-05 14:30:37,2026-10-05,America/Los_Angeles,disneyland,Disneyland,Fantasyland,283,Snow White's Enchanted Wish,TRUE,5,2026-10-05T21:26:45.000Z,2026-10-05 14:26:45,https://queue-times.com/parks/16/queue_times.json
2026-10-05T21:30:37.492Z,2026-10-05 14:30:37,2026-10-05,America/Los_Angeles,disneyland,Disneyland,Fantasyland,305,Storybook Land Canal Boats,TRUE,5,2026-10-05T21:26:45.000Z,2026-10-05 14:26:45,https://queue-times.com/parks/16/queue_times.json
2026-10-05T21:30:37.492Z,2026-10-05 14:30:37,2026-10-05,America/Los_Angeles,disneyland,Disneyland,Frontierland,323,Big Thunder Mountain Railroad,FALSE,0,2026-10-05T21:26:45.000Z,2026-10-05 14:26:45,https://queue-times.com/parks/16/queue_times.json
2026-10-05T21:30:37.492Z,2026-10-05 14:30:37,2026-10-05,America/Los_Angeles,disneyland,Disneyland,Frontierland,679,Frontierland Shootin' Exposition,TRUE,0,2026-10-05T21:26:45.000Z,2026-10-05 14:26:45,https://queue-times.com/parks/16/queue_times.json
2026-10-05T21:30:37.492Z,2026-10-05 14:30:37,2026-10-05,America/Los_Angeles,disneyland,Disneyland,Frontierland,456,Mark Twain Riverboat,TRUE,10,2026-10-05T21:26:45.000Z,2026-10-05 14:26:45,https://queue-times.com/parks/16/queue_times.json
2026-10-05T21:30:37.492Z,2026-10-05 14:30:37,2026-10-05,America/Los_Angeles,disneyland,Disneyland,Frontierland,331,Pirate's Lair on Tom Sawyer Island,TRUE,5,2026-10-05T21:26:45.000Z,2026-10-05 14:26:45,https://queue-times.com/parks/16/queue_times.json
2026-10-05T21:30:37.492Z,2026-10-05 14:30:37,2026-10-05,America/Los_Angeles,disneyland,Disneyland,Frontierland,328,Sailing Ship Columbia,FALSE,0,2026-10-05T21:26:45.000Z,2026-10-05 14:26:45,https://queue-times.com/parks/16/queue_times.json
2026-10-05T21:30:37.492Z,2026-10-05 14:30:37,2026-10-05,America/Los_Angeles,disneyland,Disneyland,Main Street U.S.A,674,Disneyland Railroad,TRUE,10,2026-10-05T21:26:45.000Z,2026-10-05 14:26:45,https://queue-times.com/parks/16/queue_times.json
2026-10-05T21:30:37.492Z,2026-10-05 14:30:37,2026-10-05,America/Los_Angeles,disneyland,Disneyland,Main Street U.S.A,690,Great Moments with Mr. Lincoln,FALSE,0,2026-10-05T21:26:45.000Z,2026-10-05 14:26:45,https://queue-times.com/parks/16/queue_times.json
2026-10-05T21:30:37.492Z,2026-10-05 14:30:37,2026-10-05,America/Los_Angeles,disneyland,Disneyland,Main Street U.S.A,686,Main Street Cinema,TRUE,0,2026-10-05T21:26:45.000Z,2026-10-05 14:26:45,https://queue-times.com/parks/16/queue_times.json
2026-10-05T21:30:37.492Z,2026-10-05 14:30:37,2026-10-05,America/Los_Angeles,disneyland,Disneyland,Main Street U.S.A,691,Main Street Vehicles,TRUE,0,2026-10-05T21:26:45.000Z,2026-10-05 14:26:45,https://queue-times.com/parks/16/queue_times.json
2026-10-05T21:30:37.492Z,2026-10-05 14:30:37,2026-10-05,America/Los_Angeles,disneyland,Disneyland,Main Street U.S.A,14915,Opera House - Walt Disney - A Magical Life,TRUE,0,2026-10-05T21:26:45.000Z,2026-10-05 14:26:45,https://queue-times.com/parks/16/queue_times.json
2026-10-05T21:30:37.492Z,2026-10-05 14:30:37,2026-10-05,America/Los_Angeles,disneyland,Disneyland,Main Street U.S.A,695,The Disney Gallery,TRUE,0,2026-10-05T21:26:45.000Z,2026-10-05 14:26:45,https://queue-times.com/parks/16/queue_times.json
2026-10-05T21:30:37.492Z,2026-10-05 14:30:37,2026-10-05,America/Los_Angeles,disneyland,Disneyland,Main Street U.S.A,14923,Walt Disney - A Magical Life,TRUE,0,2026-10-05T21:26:45.000Z,2026-10-05 14:26:45,https://queue-times.com/parks/16/queue_times.json
2026-10-05T21:30:37.492Z,2026-10-05 14:30:37,2026-10-05,America/Los_Angeles,disneyland,Disneyland,Mickey's Toontown,324,Chip 'n' Dale's GADGETcoaster,TRUE,20,2026-10-05T21:26:45.000Z,2026-10-05 14:26:45,https://queue-times.com/parks/16/queue_times.json
2026-10-05T21:30:37.492Z,2026-10-05 14:30:37,2026-10-05,America/Los_Angeles,disneyland,Disneyland,Mickey's Toontown,13814,Donald's Duck Pond,TRUE,0,2026-10-05T21:26:45.000Z,2026-10-05 14:26:45,https://queue-times.com/parks/16/queue_times.json
2026-10-05T21:30:37.492Z,2026-10-05 14:30:37,2026-10-05,America/Los_Angeles,disneyland,Disneyland,Mickey's Toontown,11980,Goofy's How-to-Play Yard,TRUE,0,2026-10-05T21:26:45.000Z,2026-10-05 14:26:45,https://queue-times.com/parks/16/queue_times.json
2026-10-05T21:30:37.492Z,2026-10-05 14:30:37,2026-10-05,America/Los_Angeles,disneyland,Disneyland,Mickey's Toontown,11526,Mickey & Minnie's Runaway Railway,TRUE,40,2026-10-05T21:26:45.000Z,2026-10-05 14:26:45,https://queue-times.com/parks/16/queue_times.json
2026-10-05T21:30:37.492Z,2026-10-05 14:30:37,2026-10-05,America/Los_Angeles,disneyland,Disneyland,Mickey's Toontown,709,Mickey's House and Meet Mickey Mouse,TRUE,15,2026-10-05T21:26:45.000Z,2026-10-05 14:26:45,https://queue-times.com/parks/16/queue_times.json
2026-10-05T21:30:37.492Z,2026-10-05 14:30:37,2026-10-05,America/Los_Angeles,disneyland,Disneyland,Mickey's Toontown,684,Minnie's House,TRUE,0,2026-10-05T21:26:45.000Z,2026-10-05 14:26:45,https://queue-times.com/parks/16/queue_times.json
2026-10-05T21:30:37.492Z,2026-10-05 14:30:37,2026-10-05,America/Los_Angeles,disneyland,Disneyland,Mickey's Toontown,332,Roger Rabbit's Car Toon Spin,FALSE,0,2026-10-05T21:26:45.000Z,2026-10-05 14:26:45,https://queue-times.com/parks/16/queue_times.json
2026-10-05T21:30:37.492Z,2026-10-05 14:30:37,2026-10-05,America/Los_Angeles,disneyland,Disneyland,New Orleans Square,325,Haunted Mansion Holiday,TRUE,35,2026-10-05T21:26:45.000Z,2026-10-05 14:26:45,https://queue-times.com/parks/16/queue_times.json
2026-10-05T21:30:37.492Z,2026-10-05 14:30:37,2026-10-05,America/Los_Angeles,disneyland,Disneyland,New Orleans Square,289,Pirates of the Caribbean,TRUE,20,2026-10-05T21:26:45.000Z,2026-10-05 14:26:45,https://queue-times.com/parks/16/queue_times.json
2026-10-05T21:30:37.492Z,2026-10-05 14:30:37,2026-10-05,America/Los_Angeles,disneyland,Disneyland,Star Wars: Galaxy's Edge,6339,Millennium Falcon: Smugglers Run,TRUE,10,2026-10-05T21:26:45.000Z,2026-10-05 14:26:45,https://queue-times.com/parks/16/queue_times.json
2026-10-05T21:30:37.492Z,2026-10-05 14:30:37,2026-10-05,America/Los_Angeles,disneyland,Disneyland,Star Wars: Galaxy's Edge,10903,Millennium Falcon: Smugglers Run Single Rider,TRUE,0,2026-10-05T21:26:45.000Z,2026-10-05 14:26:45,https://queue-times.com/parks/16/queue_times.json
2026-10-05T21:30:37.492Z,2026-10-05 14:30:37,2026-10-05,America/Los_Angeles,disneyland,Disneyland,Star Wars: Galaxy's Edge,6340,Star Wars: Rise of the Resistance,TRUE,50,2026-10-05T21:26:45.000Z,2026-10-05 14:26:45,https://queue-times.com/parks/16/queue_times.json
2026-10-05T21:30:37.492Z,2026-10-05 14:30:37,2026-10-05,America/Los_Angeles,disneyland,Disneyland,Tomorrowland,287,Astro Orbitor,TRUE,5,2026-10-05T21:26:45.000Z,2026-10-05 14:26:45,https://queue-times.com/parks/16/queue_times.json
2026-10-05T21:30:37.492Z,2026-10-05 14:30:37,2026-10-05,America/Los_Angeles,disneyland,Disneyland,Tomorrowland,317,Autopia,TRUE,15,2026-10-05T21:26:45.000Z,2026-10-05 14:26:45,https://queue-times.com/parks/16/queue_times.json
2026-10-05T21:30:37.492Z,2026-10-05 14:30:37,2026-10-05,America/Los_Angeles,disneyland,Disneyland,Tomorrowland,273,Buzz Lightyear Astro Blasters,TRUE,10,2026-10-05T21:26:45.000Z,2026-10-05 14:26:45,https://queue-times.com/parks/16/queue_times.json
2026-10-05T21:30:37.492Z,2026-10-05 14:30:37,2026-10-05,America/Los_Angeles,disneyland,Disneyland,Tomorrowland,274,Disneyland Monorail,FALSE,0,2026-10-05T21:26:45.000Z,2026-10-05 14:26:45,https://queue-times.com/parks/16/queue_times.json
2026-10-05T21:30:37.492Z,2026-10-05 14:30:37,2026-10-05,America/Los_Angeles,disneyland,Disneyland,Tomorrowland,276,Finding Nemo Submarine Voyage,TRUE,15,2026-10-05T21:26:45.000Z,2026-10-05 14:26:45,https://queue-times.com/parks/16/queue_times.json
2026-10-05T21:30:37.492Z,2026-10-05 14:30:37,2026-10-05,America/Los_Angeles,disneyland,Disneyland,Tomorrowland,16627,Pixar Short Film Spotlight,FALSE,0,2026-10-05T21:26:45.000Z,2026-10-05 14:26:45,https://queue-times.com/parks/16/queue_times.json
2026-10-05T21:30:37.492Z,2026-10-05 14:30:37,2026-10-05,America/Los_Angeles,disneyland,Disneyland,Tomorrowland,284,Space Mountain,TRUE,50,2026-10-05T21:26:45.000Z,2026-10-05 14:26:45,https://queue-times.com/parks/16/queue_times.json
2026-10-05T21:30:37.492Z,2026-10-05 14:30:37,2026-10-05,America/Los_Angeles,disneyland,Disneyland,Tomorrowland,286,Star Tours - The Adventures Continue,TRUE,5,2026-10-05T21:26:45.000Z,2026-10-05 14:26:45,https://queue-times.com/parks/16/queue_times.json
2026-10-05T21:30:37.492Z,2026-10-05 14:30:37,2026-10-05,America/Los_Angeles,dca,Disney California Adventure,Avengers Campus,329,Guardians of the Galaxy - Mission: BREAKOUT!,FALSE,0,2026-10-05T21:26:49.000Z,2026-10-05 14:26:49,https://queue-times.com/parks/17/queue_times.json
2026-10-05T21:30:37.492Z,2026-10-05 14:30:37,2026-10-05,America/Los_Angeles,dca,Disney California Adventure,Avengers Campus,8843,WEB SLINGERS: A Spider-Man Adventure,TRUE,35,2026-10-05T21:26:49.000Z,2026-10-05 14:26:49,https://queue-times.com/parks/17/queue_times.json
2026-10-05T21:30:37.492Z,2026-10-05 14:30:37,2026-10-05,America/Los_Angeles,dca,Disney California Adventure,Avengers Campus,10907,WEB SLINGERS: A Spider-Man Adventure Single Rider,TRUE,0,2026-10-05T21:26:49.000Z,2026-10-05 14:26:49,https://queue-times.com/parks/17/queue_times.json
2026-10-05T21:30:37.492Z,2026-10-05 14:30:37,2026-10-05,America/Los_Angeles,dca,Disney California Adventure,Cars Land,2608,Luigi's Honkin' Haul-O-Ween,TRUE,10,2026-10-05T21:26:49.000Z,2026-10-05 14:26:49,https://queue-times.com/parks/17/queue_times.json
2026-10-05T21:30:37.492Z,2026-10-05 14:30:37,2026-10-05,America/Los_Angeles,dca,Disney California Adventure,Cars Land,295,Radiator Springs Racers,TRUE,75,2026-10-05T21:26:49.000Z,2026-10-05 14:26:49,https://queue-times.com/parks/17/queue_times.json
2026-10-05T21:30:37.492Z,2026-10-05 14:30:37,2026-10-05,America/Los_Angeles,dca,Disney California Adventure,Cars Land,10904,Radiator Springs Racers Single Rider,TRUE,0,2026-10-05T21:26:49.000Z,2026-10-05 14:26:49,https://queue-times.com/parks/17/queue_times.json
2026-10-05T21:30:37.492Z,2026-10-05 14:30:37,2026-10-05,America/Los_Angeles,dca,Disney California Adventure,Grizzly Peak,302,Grizzly River Run,TRUE,50,2026-10-05T21:26:49.000Z,2026-10-05 14:26:49,https://queue-times.com/parks/17/queue_times.json
2026-10-05T21:30:37.492Z,2026-10-05 14:30:37,2026-10-05,America/Los_Angeles,dca,Disney California Adventure,Grizzly Peak,293,Redwood Creek Challenge Trail,TRUE,5,2026-10-05T21:26:49.000Z,2026-10-05 14:26:49,https://queue-times.com/parks/17/queue_times.json
2026-10-05T21:30:37.492Z,2026-10-05 14:30:37,2026-10-05,America/Los_Angeles,dca,Disney California Adventure,Grizzly Peak,17129,Soarin’ Across America,TRUE,45,2026-10-05T21:26:49.000Z,2026-10-05 14:26:49,https://queue-times.com/parks/17/queue_times.json
2026-10-05T21:30:37.492Z,2026-10-05 14:30:37,2026-10-05,America/Los_Angeles,dca,Disney California Adventure,Hollywood Land,321,Animation Academy,TRUE,0,2026-10-05T21:26:49.000Z,2026-10-05 14:26:49,https://queue-times.com/parks/17/queue_times.json
2026-10-05T21:30:37.492Z,2026-10-05 14:30:37,2026-10-05,America/Los_Angeles,dca,Disney California Adventure,Hollywood Land,6440,Mickey's PhilharMagic,TRUE,10,2026-10-05T21:26:49.000Z,2026-10-05 14:26:49,https://queue-times.com/parks/17/queue_times.json
2026-10-05T21:30:37.492Z,2026-10-05 14:30:37,2026-10-05,America/Los_Angeles,dca,Disney California Adventure,Hollywood Land,291,"Monsters, Inc. Mike & Sulley to the Rescue!",TRUE,30,2026-10-05T21:26:49.000Z,2026-10-05 14:26:49,https://queue-times.com/parks/17/queue_times.json
2026-10-05T21:30:37.492Z,2026-10-05 14:30:37,2026-10-05,America/Los_Angeles,dca,Disney California Adventure,Hollywood Land,868,Sorcerer's Workshop,TRUE,0,2026-10-05T21:26:49.000Z,2026-10-05 14:26:49,https://queue-times.com/parks/17/queue_times.json
2026-10-05T21:30:37.492Z,2026-10-05 14:30:37,2026-10-05,America/Los_Angeles,dca,Disney California Adventure,Hollywood Land,294,Turtle Talk with Crush,TRUE,0,2026-10-05T21:26:49.000Z,2026-10-05 14:26:49,https://queue-times.com/parks/17/queue_times.json
2026-10-05T21:30:37.492Z,2026-10-05 14:30:37,2026-10-05,America/Los_Angeles,dca,Disney California Adventure,Pacific Wharf,869,The Bakery Tour,TRUE,0,2026-10-05T21:26:49.000Z,2026-10-05 14:26:49,https://queue-times.com/parks/17/queue_times.json
2026-10-05T21:30:37.492Z,2026-10-05 14:30:37,2026-10-05,America/Los_Angeles,dca,Disney California Adventure,Paradise Gardens Park,298,Golden Zephyr,FALSE,0,2026-10-05T21:26:49.000Z,2026-10-05 14:26:49,https://queue-times.com/parks/17/queue_times.json
2026-10-05T21:30:37.492Z,2026-10-05 14:30:37,2026-10-05,America/Los_Angeles,dca,Disney California Adventure,Paradise Gardens Park,319,Goofy's Sky School,FALSE,0,2026-10-05T21:26:49.000Z,2026-10-05 14:26:49,https://queue-times.com/parks/17/queue_times.json
2026-10-05T21:30:37.492Z,2026-10-05 14:30:37,2026-10-05,America/Los_Angeles,dca,Disney California Adventure,Paradise Gardens Park,301,Silly Symphony Swings,TRUE,5,2026-10-05T21:26:49.000Z,2026-10-05 14:26:49,https://queue-times.com/parks/17/queue_times.json
2026-10-05T21:30:37.492Z,2026-10-05 14:30:37,2026-10-05,America/Los_Angeles,dca,Disney California Adventure,Paradise Gardens Park,10905,Silly Symphony Swings Single Rider,TRUE,0,2026-10-05T21:26:49.000Z,2026-10-05 14:26:49,https://queue-times.com/parks/17/queue_times.json
2026-10-05T21:30:37.492Z,2026-10-05 14:30:37,2026-10-05,America/Los_Angeles,dca,Disney California Adventure,Paradise Gardens Park,316,The Little Mermaid - Ariel's Undersea Adventure,TRUE,35,2026-10-05T21:26:49.000Z,2026-10-05 14:26:49,https://queue-times.com/parks/17/queue_times.json
2026-10-05T21:30:37.492Z,2026-10-05 14:30:37,2026-10-05,America/Los_Angeles,dca,Disney California Adventure,Paradise Gardens Park,11528,World of Color – ONE,TRUE,0,2026-10-05T21:26:49.000Z,2026-10-05 14:26:49,https://queue-times.com/parks/17/queue_times.json
2026-10-05T21:30:37.492Z,2026-10-05 14:30:37,2026-10-05,America/Los_Angeles,dca,Disney California Adventure,Pixar Pier,866,Games of Pixar Pier,TRUE,5,2026-10-05T21:26:49.000Z,2026-10-05 14:26:49,https://queue-times.com/parks/17/queue_times.json
2026-10-05T21:30:37.492Z,2026-10-05 14:30:37,2026-10-05,America/Los_Angeles,dca,Disney California Adventure,Pixar Pier,322,Incredicoaster,FALSE,0,2026-10-05T21:26:49.000Z,2026-10-05 14:26:49,https://queue-times.com/parks/17/queue_times.json
2026-10-05T21:30:37.492Z,2026-10-05 14:30:37,2026-10-05,America/Los_Angeles,dca,Disney California Adventure,Pixar Pier,10906,Incredicoaster Single Rider,FALSE,0,2026-10-05T21:26:49.000Z,2026-10-05 14:26:49,https://queue-times.com/parks/17/queue_times.json
2026-10-05T21:30:37.492Z,2026-10-05 14:30:37,2026-10-05,America/Los_Angeles,dca,Disney California Adventure,Pixar Pier,6643,Inside Out Emotional Whirlwind,TRUE,10,2026-10-05T21:26:49.000Z,2026-10-05 14:26:49,https://queue-times.com/parks/17/queue_times.json
2026-10-05T21:30:37.492Z,2026-10-05 14:30:37,2026-10-05,America/Los_Angeles,dca,Disney California Adventure,Pixar Pier,310,Jessie's Critter Carousel,TRUE,5,2026-10-05T21:26:49.000Z,2026-10-05 14:26:49,https://queue-times.com/parks/17/queue_times.json
2026-10-05T21:30:37.492Z,2026-10-05 14:30:37,2026-10-05,America/Los_Angeles,dca,Disney California Adventure,Pixar Pier,300,Jumpin' Jellyfish,TRUE,5,2026-10-05T21:26:49.000Z,2026-10-05 14:26:49,https://queue-times.com/parks/17/queue_times.json
2026-10-05T21:30:37.492Z,2026-10-05 14:30:37,2026-10-05,America/Los_Angeles,dca,Disney California Adventure,Pixar Pier,311,Pixar Pal-A-Round - Swinging,TRUE,10,2026-10-05T21:26:49.000Z,2026-10-05 14:26:49,https://queue-times.com/parks/17/queue_times.json
2026-10-05T21:30:37.492Z,2026-10-05 14:30:37,2026-10-05,America/Los_Angeles,dca,Disney California Adventure,Pixar Pier,5557,Pixar Pal-A-Round – Non-Swinging,TRUE,10,2026-10-05T21:26:49.000Z,2026-10-05 14:26:49,https://queue-times.com/parks/17/queue_times.json
2026-10-05T21:30:37.492Z,2026-10-05 14:30:37,2026-10-05,America/Los_Angeles,dca,Disney California Adventure,Pixar Pier,313,Toy Story Midway Mania!,TRUE,40,2026-10-05T21:26:49.000Z,2026-10-05 14:26:49,https://queue-times.com/parks/17/queue_times.json
2026-10-05T21:30:37.492Z,2026-10-05 14:30:37,2026-10-05,America/Los_Angeles,dca,Disney California Adventure,Halloween,5146,Guardians of the Galaxy - Monsters After Dark,TRUE,50,2026-10-05T21:26:49.000Z,2026-10-05 14:26:49,https://queue-times.com/parks/17/queue_times.json
2026-10-05T21:30:37.492Z,2026-10-05 14:30:37,2026-10-05,America/Los_Angeles,dca,Disney California Adventure,Halloween,4723,Mater's Graveyard JamBOOree,TRUE,5,2026-10-05T21:26:49.000Z,2026-10-05 14:26:49,https://queue-times.com/parks/17/queue_times.json
2026-10-05T21:30:37.492Z,2026-10-05 14:30:37,2026-10-05,America/Los_Angeles,dca,Disney California Adventure,Halloween,7292,Villains Grove at Oogie Boogie Bash,FALSE,0,2026-10-05T21:26:49.000Z,2026-10-05 14:26:49,https://queue-times.com/parks/17/queue_times.json
2026-10-05T21:45:35.227Z,2026-10-05 14:45:35,2026-10-05,America/Los_Angeles,disneyland,Disneyland,Adventureland,12428,Adventureland Treehouse inspired by Walt Disney’s Swiss Family Robinson,TRUE,0,2026-10-05T21:40:41.000Z,2026-10-05 14:40:41,https://queue-times.com/parks/16/queue_times.json
2026-10-05T21:45:35.227Z,2026-10-05 14:45:35,2026-10-05,America/Los_Angeles,disneyland,Disneyland,Adventureland,326,Indiana Jones™ Adventure,FALSE,0,2026-10-05T21:40:41.000Z,2026-10-05 14:40:41,https://queue-times.com/parks/16/queue_times.json
2026-10-05T21:45:35.227Z,2026-10-05 14:45:35,2026-10-05,America/Los_Angeles,disneyland,Disneyland,Adventureland,296,Jungle Cruise,TRUE,10,2026-10-05T21:40:41.000Z,2026-10-05 14:40:41,https://queue-times.com/parks/16/queue_times.json
2026-10-05T21:45:35.227Z,2026-10-05 14:45:35,2026-10-05,America/Los_Angeles,disneyland,Disneyland,Adventureland,288,Walt Disney's Enchanted Tiki Room,TRUE,0,2026-10-05T21:40:41.000Z,2026-10-05 14:40:41,https://queue-times.com/parks/16/queue_times.json
2026-10-05T21:45:35.227Z,2026-10-05 14:45:35,2026-10-05,America/Los_Angeles,disneyland,Disneyland,Bayou Country,304,Davy Crockett's Explorer Canoes,FALSE,0,2026-10-05T21:40:41.000Z,2026-10-05 14:40:41,https://queue-times.com/parks/16/queue_times.json
2026-10-05T21:45:35.227Z,2026-10-05 14:45:35,2026-10-05,America/Los_Angeles,disneyland,Disneyland,Bayou Country,306,The Many Adventures of Winnie the Pooh,TRUE,5,2026-10-05T21:40:41.000Z,2026-10-05 14:40:41,https://queue-times.com/parks/16/queue_times.json
2026-10-05T21:45:35.227Z,2026-10-05 14:45:35,2026-10-05,America/Los_Angeles,disneyland,Disneyland,Bayou Country,14168,Tiana's Bayou Adventure,TRUE,40,2026-10-05T21:40:41.000Z,2026-10-05 14:40:41,https://queue-times.com/parks/16/queue_times.json
2026-10-05T21:45:35.227Z,2026-10-05 14:45:35,2026-10-05,America/Los_Angeles,disneyland,Disneyland,Bayou Country,14326,Tiana's Bayou Adventure Single Rider,TRUE,0,2026-10-05T21:40:41.000Z,2026-10-05 14:40:41,https://queue-times.com/parks/16/queue_times.json
2026-10-05T21:45:35.227Z,2026-10-05 14:45:35,2026-10-05,America/Los_Angeles,disneyland,Disneyland,Fantasyland,307,"""it's a small world""",TRUE,5,2026-10-05T21:40:41.000Z,2026-10-05 14:40:41,https://queue-times.com/parks/16/queue_times.json
2026-10-05T21:45:35.227Z,2026-10-05 14:45:35,2026-10-05,America/Los_Angeles,disneyland,Disneyland,Fantasyland,285,Alice in Wonderland,TRUE,15,2026-10-05T21:40:41.000Z,2026-10-05 14:40:41,https://queue-times.com/parks/16/queue_times.json
2026-10-05T21:45:35.227Z,2026-10-05 14:45:35,2026-10-05,America/Los_Angeles,disneyland,Disneyland,Fantasyland,16254,Bluey’s Best Day Ever! at Fantasyland Theatre,TRUE,0,2026-10-05T21:40:41.000Z,2026-10-05 14:40:41,https://queue-times.com/parks/16/queue_times.json
2026-10-05T21:45:35.227Z,2026-10-05 14:45:35,2026-10-05,America/Los_Angeles,disneyland,Disneyland,Fantasyland,303,Casey Jr. Circus Train,TRUE,5,2026-10-05T21:40:41.000Z,2026-10-05 14:40:41,https://queue-times.com/parks/16/queue_times.json
2026-10-05T21:45:35.227Z,2026-10-05 14:45:35,2026-10-05,America/Los_Angeles,disneyland,Disneyland,Fantasyland,275,Dumbo the Flying Elephant,TRUE,10,2026-10-05T21:40:41.000Z,2026-10-05 14:40:41,https://queue-times.com/parks/16/queue_times.json
2026-10-05T21:45:35.227Z,2026-10-05 14:45:35,2026-10-05,America/Los_Angeles,disneyland,Disneyland,Fantasyland,277,King Arthur Carrousel,TRUE,5,2026-10-05T21:40:41.000Z,2026-10-05 14:40:41,https://queue-times.com/parks/16/queue_times.json
2026-10-05T21:45:35.227Z,2026-10-05 14:45:35,2026-10-05,America/Los_Angeles,disneyland,Disneyland,Fantasyland,278,Mad Tea Party,FALSE,0,2026-10-05T21:40:41.000Z,2026-10-05 14:40:41,https://queue-times.com/parks/16/queue_times.json
2026-10-05T21:45:35.227Z,2026-10-05 14:45:35,2026-10-05,America/Los_Angeles,disneyland,Disneyland,Fantasyland,279,Matterhorn Bobsleds,TRUE,25,2026-10-05T21:40:41.000Z,2026-10-05 14:40:41,https://queue-times.com/parks/16/queue_times.json
2026-10-05T21:45:35.227Z,2026-10-05 14:45:35,2026-10-05,America/Los_Angeles,disneyland,Disneyland,Fantasyland,6711,Meet Disney Princesses at Royal Hall,TRUE,10,2026-10-05T21:40:41.000Z,2026-10-05 14:40:41,https://queue-times.com/parks/16/queue_times.json
2026-10-05T21:45:35.227Z,2026-10-05 14:45:35,2026-10-05,America/Los_Angeles,disneyland,Disneyland,Fantasyland,280,Mr. Toad's Wild Ride,TRUE,5,2026-10-05T21:40:41.000Z,2026-10-05 14:40:41,https://queue-times.com/parks/16/queue_times.json
2026-10-05T21:45:35.227Z,2026-10-05 14:45:35,2026-10-05,America/Los_Angeles,disneyland,Disneyland,Fantasyland,281,Peter Pan's Flight,TRUE,25,2026-10-05T21:40:41.000Z,2026-10-05 14:40:41,https://queue-times.com/parks/16/queue_times.json
2026-10-05T21:45:35.227Z,2026-10-05 14:45:35,2026-10-05,America/Los_Angeles,disneyland,Disneyland,Fantasyland,282,Pinocchio's Daring Journey,TRUE,10,2026-10-05T21:40:41.000Z,2026-10-05 14:40:41,https://queue-times.com/parks/16/queue_times.json
2026-10-05T21:45:35.227Z,2026-10-05 14:45:35,2026-10-05,America/Los_Angeles,disneyland,Disneyland,Fantasyland,687,Sleeping Beauty Castle Walkthrough,FALSE,0,2026-10-05T21:40:41.000Z,2026-10-05 14:40:41,https://queue-times.com/parks/16/queue_times.json
2026-10-05T21:45:35.227Z,2026-10-05 14:45:35,2026-10-05,America/Los_Angeles,disneyland,Disneyland,Fantasyland,283,Snow White's Enchanted Wish,TRUE,5,2026-10-05T21:40:41.000Z,2026-10-05 14:40:41,https://queue-times.com/parks/16/queue_times.json
2026-10-05T21:45:35.227Z,2026-10-05 14:45:35,2026-10-05,America/Los_Angeles,disneyland,Disneyland,Fantasyland,305,Storybook Land Canal Boats,TRUE,5,2026-10-05T21:40:41.000Z,2026-10-05 14:40:41,https://queue-times.com/parks/16/queue_times.json
2026-10-05T21:45:35.227Z,2026-10-05 14:45:35,2026-10-05,America/Los_Angeles,disneyland,Disneyland,Frontierland,323,Big Thunder Mountain Railroad,FALSE,0,2026-10-05T21:40:41.000Z,2026-10-05 14:40:41,https://queue-times.com/parks/16/queue_times.json
2026-10-05T21:45:35.227Z,2026-10-05 14:45:35,2026-10-05,America/Los_Angeles,disneyland,Disneyland,Frontierland,679,Frontierland Shootin' Exposition,TRUE,0,2026-10-05T21:40:41.000Z,2026-10-05 14:40:41,https://queue-times.com/parks/16/queue_times.json
2026-10-05T21:45:35.227Z,2026-10-05 14:45:35,2026-10-05,America/Los_Angeles,disneyland,Disneyland,Frontierland,456,Mark Twain Riverboat,TRUE,10,2026-10-05T21:40:41.000Z,2026-10-05 14:40:41,https://queue-times.com/parks/16/queue_times.json
2026-10-05T21:45:35.227Z,2026-10-05 14:45:35,2026-10-05,America/Los_Angeles,disneyland,Disneyland,Frontierland,331,Pirate's Lair on Tom Sawyer Island,TRUE,5,2026-10-05T21:40:41.000Z,2026-10-05 14:40:41,https://queue-times.com/parks/16/queue_times.json
2026-10-05T21:45:35.227Z,2026-10-05 14:45:35,2026-10-05,America/Los_Angeles,disneyland,Disneyland,Frontierland,328,Sailing Ship Columbia,FALSE,0,2026-10-05T21:40:41.000Z,2026-10-05 14:40:41,https://queue-times.com/parks/16/queue_times.json
2026-10-05T21:45:35.227Z,2026-10-05 14:45:35,2026-10-05,America/Los_Angeles,disneyland,Disneyland,Main Street U.S.A,674,Disneyland Railroad,TRUE,10,2026-10-05T21:40:41.000Z,2026-10-05 14:40:41,https://queue-times.com/parks/16/queue_times.json
2026-10-05T21:45:35.227Z,2026-10-05 14:45:35,2026-10-05,America/Los_Angeles,disneyland,Disneyland,Main Street U.S.A,690,Great Moments with Mr. Lincoln,FALSE,0,2026-10-05T21:40:41.000Z,2026-10-05 14:40:41,https://queue-times.com/parks/16/queue_times.json
2026-10-05T21:45:35.227Z,2026-10-05 14:45:35,2026-10-05,America/Los_Angeles,disneyland,Disneyland,Main Street U.S.A,686,Main Street Cinema,TRUE,0,2026-10-05T21:40:41.000Z,2026-10-05 14:40:41,https://queue-times.com/parks/16/queue_times.json
2026-10-05T21:45:35.227Z,2026-10-05 14:45:35,2026-10-05,America/Los_Angeles,disneyland,Disneyland,Main Street U.S.A,691,Main Street Vehicles,TRUE,0,2026-10-05T21:40:41.000Z,2026-10-05 14:40:41,https://queue-times.com/parks/16/queue_times.json
2026-10-05T21:45:35.227Z,2026-10-05 14:45:35,2026-10-05,America/Los_Angeles,disneyland,Disneyland,Main Street U.S.A,14915,Opera House - Walt Disney - A Magical Life,TRUE,0,2026-10-05T21:40:41.000Z,2026-10-05 14:40:41,https://queue-times.com/parks/16/queue_times.json
2026-10-05T21:45:35.227Z,2026-10-05 14:45:35,2026-10-05,America/Los_Angeles,disneyland,Disneyland,Main Street U.S.A,695,The Disney Gallery,TRUE,0,2026-10-05T21:40:41.000Z,2026-10-05 14:40:41,https://queue-times.com/parks/16/queue_times.json
2026-10-05T21:45:35.227Z,2026-10-05 14:45:35,2026-10-05,America/Los_Angeles,disneyland,Disneyland,Main Street U.S.A,14923,Walt Disney - A Magical Life,TRUE,0,2026-10-05T21:40:41.000Z,2026-10-05 14:40:41,https://queue-times.com/parks/16/queue_times.json
2026-10-05T21:45:35.227Z,2026-10-05 14:45:35,2026-10-05,America/Los_Angeles,disneyland,Disneyland,Mickey's Toontown,324,Chip 'n' Dale's GADGETcoaster,TRUE,20,2026-10-05T21:40:41.000Z,2026-10-05 14:40:41,https://queue-times.com/parks/16/queue_times.json
2026-10-05T21:45:35.227Z,2026-10-05 14:45:35,2026-10-05,America/Los_Angeles,disneyland,Disneyland,Mickey's Toontown,13814,Donald's Duck Pond,TRUE,0,2026-10-05T21:40:41.000Z,2026-10-05 14:40:41,https://queue-times.com/parks/16/queue_times.json
2026-10-05T21:45:35.227Z,2026-10-05 14:45:35,2026-10-05,America/Los_Angeles,disneyland,Disneyland,Mickey's Toontown,11980,Goofy's How-to-Play Yard,TRUE,0,2026-10-05T21:40:41.000Z,2026-10-05 14:40:41,https://queue-times.com/parks/16/queue_times.json
2026-10-05T21:45:35.227Z,2026-10-05 14:45:35,2026-10-05,America/Los_Angeles,disneyland,Disneyland,Mickey's Toontown,11526,Mickey & Minnie's Runaway Railway,TRUE,40,2026-10-05T21:40:41.000Z,2026-10-05 14:40:41,https://queue-times.com/parks/16/queue_times.json
2026-10-05T21:45:35.227Z,2026-10-05 14:45:35,2026-10-05,America/Los_Angeles,disneyland,Disneyland,Mickey's Toontown,709,Mickey's House and Meet Mickey Mouse,TRUE,15,2026-10-05T21:40:41.000Z,2026-10-05 14:40:41,https://queue-times.com/parks/16/queue_times.json
2026-10-05T21:45:35.227Z,2026-10-05 14:45:35,2026-10-05,America/Los_Angeles,disneyland,Disneyland,Mickey's Toontown,684,Minnie's House,TRUE,0,2026-10-05T21:40:41.000Z,2026-10-05 14:40:41,https://queue-times.com/parks/16/queue_times.json
2026-10-05T21:45:35.227Z,2026-10-05 14:45:35,2026-10-05,America/Los_Angeles,disneyland,Disneyland,Mickey's Toontown,332,Roger Rabbit's Car Toon Spin,FALSE,0,2026-10-05T21:40:41.000Z,2026-10-05 14:40:41,https://queue-times.com/parks/16/queue_times.json
2026-10-05T21:45:35.227Z,2026-10-05 14:45:35,2026-10-05,America/Los_Angeles,disneyland,Disneyland,New Orleans Square,325,Haunted Mansion Holiday,TRUE,25,2026-10-05T21:40:41.000Z,2026-10-05 14:40:41,https://queue-times.com/parks/16/queue_times.json
2026-10-05T21:45:35.227Z,2026-10-05 14:45:35,2026-10-05,America/Los_Angeles,disneyland,Disneyland,New Orleans Square,289,Pirates of the Caribbean,TRUE,20,2026-10-05T21:40:41.000Z,2026-10-05 14:40:41,https://queue-times.com/parks/16/queue_times.json
2026-10-05T21:45:35.227Z,2026-10-05 14:45:35,2026-10-05,America/Los_Angeles,disneyland,Disneyland,Star Wars: Galaxy's Edge,6339,Millennium Falcon: Smugglers Run,TRUE,10,2026-10-05T21:40:41.000Z,2026-10-05 14:40:41,https://queue-times.com/parks/16/queue_times.json
2026-10-05T21:45:35.227Z,2026-10-05 14:45:35,2026-10-05,America/Los_Angeles,disneyland,Disneyland,Star Wars: Galaxy's Edge,10903,Millennium Falcon: Smugglers Run Single Rider,TRUE,0,2026-10-05T21:40:41.000Z,2026-10-05 14:40:41,https://queue-times.com/parks/16/queue_times.json
2026-10-05T21:45:35.227Z,2026-10-05 14:45:35,2026-10-05,America/Los_Angeles,disneyland,Disneyland,Star Wars: Galaxy's Edge,6340,Star Wars: Rise of the Resistance,TRUE,50,2026-10-05T21:40:41.000Z,2026-10-05 14:40:41,https://queue-times.com/parks/16/queue_times.json
2026-10-05T21:45:35.227Z,2026-10-05 14:45:35,2026-10-05,America/Los_Angeles,disneyland,Disneyland,Tomorrowland,287,Astro Orbitor,TRUE,5,2026-10-05T21:40:41.000Z,2026-10-05 14:40:41,https://queue-times.com/parks/16/queue_times.json
2026-10-05T21:45:35.227Z,2026-10-05 14:45:35,2026-10-05,America/Los_Angeles,disneyland,Disneyland,Tomorrowland,317,Autopia,TRUE,25,2026-10-05T21:40:41.000Z,2026-10-05 14:40:41,https://queue-times.com/parks/16/queue_times.json
2026-10-05T21:45:35.227Z,2026-10-05 14:45:35,2026-10-05,America/Los_Angeles,disneyland,Disneyland,Tomorrowland,273,Buzz Lightyear Astro Blasters,TRUE,10,2026-10-05T21:40:41.000Z,2026-10-05 14:40:41,https://queue-times.com/parks/16/queue_times.json
2026-10-05T21:45:35.227Z,2026-10-05 14:45:35,2026-10-05,America/Los_Angeles,disneyland,Disneyland,Tomorrowland,274,Disneyland Monorail,FALSE,0,2026-10-05T21:40:41.000Z,2026-10-05 14:40:41,https://queue-times.com/parks/16/queue_times.json
2026-10-05T21:45:35.227Z,2026-10-05 14:45:35,2026-10-05,America/Los_Angeles,disneyland,Disneyland,Tomorrowland,276,Finding Nemo Submarine Voyage,TRUE,15,2026-10-05T21:40:41.000Z,2026-10-05 14:40:41,https://queue-times.com/parks/16/queue_times.json
2026-10-05T21:45:35.227Z,2026-10-05 14:45:35,2026-10-05,America/Los_Angeles,disneyland,Disneyland,Tomorrowland,16627,Pixar Short Film Spotlight,FALSE,0,2026-10-05T21:40:41.000Z,2026-10-05 14:40:41,https://queue-times.com/parks/16/queue_times.json
2026-10-05T21:45:35.227Z,2026-10-05 14:45:35,2026-10-05,America/Los_Angeles,disneyland,Disneyland,Tomorrowland,284,Space Mountain,TRUE,50,2026-10-05T21:40:41.000Z,2026-10-05 14:40:41,https://queue-times.com/parks/16/queue_times.json
2026-10-05T21:45:35.227Z,2026-10-05 14:45:35,2026-10-05,America/Los_Angeles,disneyland,Disneyland,Tomorrowland,286,Star Tours - The Adventures Continue,TRUE,5,2026-10-05T21:40:41.000Z,2026-10-05 14:40:41,https://queue-times.com/parks/16/queue_times.json
2026-10-05T21:45:35.227Z,2026-10-05 14:45:35,2026-10-05,America/Los_Angeles,dca,Disney California Adventure,Avengers Campus,329,Guardians of the Galaxy - Mission: BREAKOUT!,FALSE,0,2026-10-05T21:40:47.000Z,2026-10-05 14:40:47,https://queue-times.com/parks/17/queue_times.json
2026-10-05T21:45:35.227Z,2026-10-05 14:45:35,2026-10-05,America/Los_Angeles,dca,Disney California Adventure,Avengers Campus,8843,WEB SLINGERS: A Spider-Man Adventure,TRUE,45,2026-10-05T21:40:47.000Z,2026-10-05 14:40:47,https://queue-times.com/parks/17/queue_times.json
2026-10-05T21:45:35.227Z,2026-10-05 14:45:35,2026-10-05,America/Los_Angeles,dca,Disney California Adventure,Avengers Campus,10907,WEB SLINGERS: A Spider-Man Adventure Single Rider,TRUE,0,2026-10-05T21:40:47.000Z,2026-10-05 14:40:47,https://queue-times.com/parks/17/queue_times.json
2026-10-05T21:45:35.227Z,2026-10-05 14:45:35,2026-10-05,America/Los_Angeles,dca,Disney California Adventure,Cars Land,2608,Luigi's Honkin' Haul-O-Ween,TRUE,5,2026-10-05T21:40:47.000Z,2026-10-05 14:40:47,https://queue-times.com/parks/17/queue_times.json
2026-10-05T21:45:35.227Z,2026-10-05 14:45:35,2026-10-05,America/Los_Angeles,dca,Disney California Adventure,Cars Land,295,Radiator Springs Racers,TRUE,75,2026-10-05T21:40:47.000Z,2026-10-05 14:40:47,https://queue-times.com/parks/17/queue_times.json
2026-10-05T21:45:35.227Z,2026-10-05 14:45:35,2026-10-05,America/Los_Angeles,dca,Disney California Adventure,Cars Land,10904,Radiator Springs Racers Single Rider,TRUE,0,2026-10-05T21:40:47.000Z,2026-10-05 14:40:47,https://queue-times.com/parks/17/queue_times.json
2026-10-05T21:45:35.227Z,2026-10-05 14:45:35,2026-10-05,America/Los_Angeles,dca,Disney California Adventure,Grizzly Peak,302,Grizzly River Run,TRUE,50,2026-10-05T21:40:47.000Z,2026-10-05 14:40:47,https://queue-times.com/parks/17/queue_times.json
2026-10-05T21:45:35.227Z,2026-10-05 14:45:35,2026-10-05,America/Los_Angeles,dca,Disney California Adventure,Grizzly Peak,293,Redwood Creek Challenge Trail,TRUE,5,2026-10-05T21:40:47.000Z,2026-10-05 14:40:47,https://queue-times.com/parks/17/queue_times.json
2026-10-05T21:45:35.227Z,2026-10-05 14:45:35,2026-10-05,America/Los_Angeles,dca,Disney California Adventure,Grizzly Peak,17129,Soarin’ Across America,TRUE,45,2026-10-05T21:40:47.000Z,2026-10-05 14:40:47,https://queue-times.com/parks/17/queue_times.json
2026-10-05T21:45:35.227Z,2026-10-05 14:45:35,2026-10-05,America/Los_Angeles,dca,Disney California Adventure,Hollywood Land,321,Animation Academy,TRUE,0,2026-10-05T21:40:47.000Z,2026-10-05 14:40:47,https://queue-times.com/parks/17/queue_times.json
2026-10-05T21:45:35.227Z,2026-10-05 14:45:35,2026-10-05,America/Los_Angeles,dca,Disney California Adventure,Hollywood Land,6440,Mickey's PhilharMagic,TRUE,10,2026-10-05T21:40:47.000Z,2026-10-05 14:40:47,https://queue-times.com/parks/17/queue_times.json
2026-10-05T21:45:35.227Z,2026-10-05 14:45:35,2026-10-05,America/Los_Angeles,dca,Disney California Adventure,Hollywood Land,291,"Monsters, Inc. Mike & Sulley to the Rescue!",TRUE,30,2026-10-05T21:40:47.000Z,2026-10-05 14:40:47,https://queue-times.com/parks/17/queue_times.json
2026-10-05T21:45:35.227Z,2026-10-05 14:45:35,2026-10-05,America/Los_Angeles,dca,Disney California Adventure,Hollywood Land,868,Sorcerer's Workshop,TRUE,0,2026-10-05T21:40:47.000Z,2026-10-05 14:40:47,https://queue-times.com/parks/17/queue_times.json
2026-10-05T21:45:35.227Z,2026-10-05 14:45:35,2026-10-05,America/Los_Angeles,dca,Disney California Adventure,Hollywood Land,294,Turtle Talk with Crush,TRUE,0,2026-10-05T21:40:47.000Z,2026-10-05 14:40:47,https://queue-times.com/parks/17/queue_times.json
2026-10-05T21:45:35.227Z,2026-10-05 14:45:35,2026-10-05,America/Los_Angeles,dca,Disney California Adventure,Pacific Wharf,869,The Bakery Tour,TRUE,0,2026-10-05T21:40:47.000Z,2026-10-05 14:40:47,https://queue-times.com/parks/17/queue_times.json
2026-10-05T21:45:35.227Z,2026-10-05 14:45:35,2026-10-05,America/Los_Angeles,dca,Disney California Adventure,Paradise Gardens Park,298,Golden Zephyr,FALSE,0,2026-10-05T21:40:47.000Z,2026-10-05 14:40:47,https://queue-times.com/parks/17/queue_times.json
2026-10-05T21:45:35.227Z,2026-10-05 14:45:35,2026-10-05,America/Los_Angeles,dca,Disney California Adventure,Paradise Gardens Park,319,Goofy's Sky School,FALSE,0,2026-10-05T21:40:47.000Z,2026-10-05 14:40:47,https://queue-times.com/parks/17/queue_times.json
2026-10-05T21:45:35.227Z,2026-10-05 14:45:35,2026-10-05,America/Los_Angeles,dca,Disney California Adventure,Paradise Gardens Park,301,Silly Symphony Swings,TRUE,5,2026-10-05T21:40:47.000Z,2026-10-05 14:40:47,https://queue-times.com/parks/17/queue_times.json
2026-10-05T21:45:35.227Z,2026-10-05 14:45:35,2026-10-05,America/Los_Angeles,dca,Disney California Adventure,Paradise Gardens Park,10905,Silly Symphony Swings Single Rider,TRUE,0,2026-10-05T21:40:47.000Z,2026-10-05 14:40:47,https://queue-times.com/parks/17/queue_times.json
2026-10-05T21:45:35.227Z,2026-10-05 14:45:35,2026-10-05,America/Los_Angeles,dca,Disney California Adventure,Paradise Gardens Park,316,The Little Mermaid - Ariel's Undersea Adventure,TRUE,45,2026-10-05T21:40:47.000Z,2026-10-05 14:40:47,https://queue-times.com/parks/17/queue_times.json
2026-10-05T21:45:35.227Z,2026-10-05 14:45:35,2026-10-05,America/Los_Angeles,dca,Disney California Adventure,Paradise Gardens Park,11528,World of Color – ONE,TRUE,0,2026-10-05T21:40:47.000Z,2026-10-05 14:40:47,https://queue-times.com/parks/17/queue_times.json
2026-10-05T21:45:35.227Z,2026-10-05 14:45:35,2026-10-05,America/Los_Angeles,dca,Disney California Adventure,Pixar Pier,866,Games of Pixar Pier,TRUE,5,2026-10-05T21:40:47.000Z,2026-10-05 14:40:47,https://queue-times.com/parks/17/queue_times.json
2026-10-05T21:45:35.227Z,2026-10-05 14:45:35,2026-10-05,America/Los_Angeles,dca,Disney California Adventure,Pixar Pier,322,Incredicoaster,TRUE,25,2026-10-05T21:40:47.000Z,2026-10-05 14:40:47,https://queue-times.com/parks/17/queue_times.json
2026-10-05T21:45:35.227Z,2026-10-05 14:45:35,2026-10-05,America/Los_Angeles,dca,Disney California Adventure,Pixar Pier,10906,Incredicoaster Single Rider,TRUE,0,2026-10-05T21:40:47.000Z,2026-10-05 14:40:47,https://queue-times.com/parks/17/queue_times.json
2026-10-05T21:45:35.227Z,2026-10-05 14:45:35,2026-10-05,America/Los_Angeles,dca,Disney California Adventure,Pixar Pier,6643,Inside Out Emotional Whirlwind,TRUE,5,2026-10-05T21:40:47.000Z,2026-10-05 14:40:47,https://queue-times.com/parks/17/queue_times.json
2026-10-05T21:45:35.227Z,2026-10-05 14:45:35,2026-10-05,America/Los_Angeles,dca,Disney California Adventure,Pixar Pier,310,Jessie's Critter Carousel,TRUE,5,2026-10-05T21:40:47.000Z,2026-10-05 14:40:47,https://queue-times.com/parks/17/queue_times.json
2026-10-05T21:45:35.227Z,2026-10-05 14:45:35,2026-10-05,America/Los_Angeles,dca,Disney California Adventure,Pixar Pier,300,Jumpin' Jellyfish,TRUE,5,2026-10-05T21:40:47.000Z,2026-10-05 14:40:47,https://queue-times.com/parks/17/queue_times.json
2026-10-05T21:45:35.227Z,2026-10-05 14:45:35,2026-10-05,America/Los_Angeles,dca,Disney California Adventure,Pixar Pier,311,Pixar Pal-A-Round - Swinging,TRUE,10,2026-10-05T21:40:47.000Z,2026-10-05 14:40:47,https://queue-times.com/parks/17/queue_times.json
2026-10-05T21:45:35.227Z,2026-10-05 14:45:35,2026-10-05,America/Los_Angeles,dca,Disney California Adventure,Pixar Pier,5557,Pixar Pal-A-Round – Non-Swinging,TRUE,10,2026-10-05T21:40:47.000Z,2026-10-05 14:40:47,https://queue-times.com/parks/17/queue_times.json
2026-10-05T21:45:35.227Z,2026-10-05 14:45:35,2026-10-05,America/Los_Angeles,dca,Disney California Adventure,Pixar Pier,313,Toy Story Midway Mania!,TRUE,40,2026-10-05T21:40:47.000Z,2026-10-05 14:40:47,https://queue-times.com/parks/17/queue_times.json
2026-10-05T21:45:35.227Z,2026-10-05 14:45:35,2026-10-05,America/Los_Angeles,dca,Disney California Adventure,Halloween,5146,Guardians of the Galaxy - Monsters After Dark,TRUE,50,2026-10-05T21:40:47.000Z,2026-10-05 14:40:47,https://queue-times.com/parks/17/queue_times.json
2026-10-05T21:45:35.227Z,2026-10-05 14:45:35,2026-10-05,America/Los_Angeles,dca,Disney California Adventure,Halloween,4723,Mater's Graveyard JamBOOree,TRUE,5,2026-10-05T21:40:47.000Z,2026-10-05 14:40:47,https://queue-times.com/parks/17/queue_times.json
2026-10-05T21:45:35.227Z,2026-10-05 14:45:35,2026-10-05,America/Los_Angeles,dca,Disney California Adventure,Halloween,7292,Villains Grove at Oogie Boogie Bash,FALSE,0,2026-10-05T21:40:47.000Z,2026-10-05 14:40:47,https://queue-times.com/parks/17/queue_times.json
2026-10-05T22:00:41.122Z,2026-10-05 15:00:41,2026-10-05,America/Los_Angeles,disneyland,Disneyland,Adventureland,12428,Adventureland Treehouse inspired by Walt Disney’s Swiss Family Robinson,TRUE,0,2026-10-05T21:55:37.000Z,2026-10-05 14:55:37,https://queue-times.com/parks/16/queue_times.json
2026-10-05T22:00:41.122Z,2026-10-05 15:00:41,2026-10-05,America/Los_Angeles,disneyland,Disneyland,Adventureland,326,Indiana Jones™ Adventure,FALSE,0,2026-10-05T21:55:37.000Z,2026-10-05 14:55:37,https://queue-times.com/parks/16/queue_times.json
2026-10-05T22:00:41.122Z,2026-10-05 15:00:41,2026-10-05,America/Los_Angeles,disneyland,Disneyland,Adventureland,296,Jungle Cruise,TRUE,10,2026-10-05T21:55:37.000Z,2026-10-05 14:55:37,https://queue-times.com/parks/16/queue_times.json
2026-10-05T22:00:41.122Z,2026-10-05 15:00:41,2026-10-05,America/Los_Angeles,disneyland,Disneyland,Adventureland,288,Walt Disney's Enchanted Tiki Room,TRUE,0,2026-10-05T21:55:37.000Z,2026-10-05 14:55:37,https://queue-times.com/parks/16/queue_times.json
2026-10-05T22:00:41.122Z,2026-10-05 15:00:41,2026-10-05,America/Los_Angeles,disneyland,Disneyland,Bayou Country,304,Davy Crockett's Explorer Canoes,FALSE,0,2026-10-05T21:55:37.000Z,2026-10-05 14:55:37,https://queue-times.com/parks/16/queue_times.json
2026-10-05T22:00:41.122Z,2026-10-05 15:00:41,2026-10-05,America/Los_Angeles,disneyland,Disneyland,Bayou Country,306,The Many Adventures of Winnie the Pooh,TRUE,5,2026-10-05T21:55:37.000Z,2026-10-05 14:55:37,https://queue-times.com/parks/16/queue_times.json
2026-10-05T22:00:41.122Z,2026-10-05 15:00:41,2026-10-05,America/Los_Angeles,disneyland,Disneyland,Bayou Country,14168,Tiana's Bayou Adventure,TRUE,45,2026-10-05T21:55:37.000Z,2026-10-05 14:55:37,https://queue-times.com/parks/16/queue_times.json
2026-10-05T22:00:41.122Z,2026-10-05 15:00:41,2026-10-05,America/Los_Angeles,disneyland,Disneyland,Bayou Country,14326,Tiana's Bayou Adventure Single Rider,TRUE,0,2026-10-05T21:55:37.000Z,2026-10-05 14:55:37,https://queue-times.com/parks/16/queue_times.json
2026-10-05T22:00:41.122Z,2026-10-05 15:00:41,2026-10-05,America/Los_Angeles,disneyland,Disneyland,Fantasyland,307,"""it's a small world""",TRUE,5,2026-10-05T21:55:37.000Z,2026-10-05 14:55:37,https://queue-times.com/parks/16/queue_times.json
2026-10-05T22:00:41.122Z,2026-10-05 15:00:41,2026-10-05,America/Los_Angeles,disneyland,Disneyland,Fantasyland,285,Alice in Wonderland,TRUE,15,2026-10-05T21:55:37.000Z,2026-10-05 14:55:37,https://queue-times.com/parks/16/queue_times.json
2026-10-05T22:00:41.122Z,2026-10-05 15:00:41,2026-10-05,America/Los_Angeles,disneyland,Disneyland,Fantasyland,16254,Bluey’s Best Day Ever! at Fantasyland Theatre,TRUE,0,2026-10-05T21:55:37.000Z,2026-10-05 14:55:37,https://queue-times.com/parks/16/queue_times.json
2026-10-05T22:00:41.122Z,2026-10-05 15:00:41,2026-10-05,America/Los_Angeles,disneyland,Disneyland,Fantasyland,303,Casey Jr. Circus Train,TRUE,5,2026-10-05T21:55:37.000Z,2026-10-05 14:55:37,https://queue-times.com/parks/16/queue_times.json
2026-10-05T22:00:41.122Z,2026-10-05 15:00:41,2026-10-05,America/Los_Angeles,disneyland,Disneyland,Fantasyland,275,Dumbo the Flying Elephant,TRUE,10,2026-10-05T21:55:37.000Z,2026-10-05 14:55:37,https://queue-times.com/parks/16/queue_times.json
2026-10-05T22:00:41.122Z,2026-10-05 15:00:41,2026-10-05,America/Los_Angeles,disneyland,Disneyland,Fantasyland,277,King Arthur Carrousel,TRUE,5,2026-10-05T21:55:37.000Z,2026-10-05 14:55:37,https://queue-times.com/parks/16/queue_times.json
2026-10-05T22:00:41.122Z,2026-10-05 15:00:41,2026-10-05,America/Los_Angeles,disneyland,Disneyland,Fantasyland,278,Mad Tea Party,FALSE,0,2026-10-05T21:55:37.000Z,2026-10-05 14:55:37,https://queue-times.com/parks/16/queue_times.json
2026-10-05T22:00:41.122Z,2026-10-05 15:00:41,2026-10-05,America/Los_Angeles,disneyland,Disneyland,Fantasyland,279,Matterhorn Bobsleds,TRUE,25,2026-10-05T21:55:37.000Z,2026-10-05 14:55:37,https://queue-times.com/parks/16/queue_times.json
2026-10-05T22:00:41.122Z,2026-10-05 15:00:41,2026-10-05,America/Los_Angeles,disneyland,Disneyland,Fantasyland,6711,Meet Disney Princesses at Royal Hall,TRUE,10,2026-10-05T21:55:37.000Z,2026-10-05 14:55:37,https://queue-times.com/parks/16/queue_times.json
2026-10-05T22:00:41.122Z,2026-10-05 15:00:41,2026-10-05,America/Los_Angeles,disneyland,Disneyland,Fantasyland,280,Mr. Toad's Wild Ride,TRUE,15,2026-10-05T21:55:37.000Z,2026-10-05 14:55:37,https://queue-times.com/parks/16/queue_times.json
2026-10-05T22:00:41.122Z,2026-10-05 15:00:41,2026-10-05,America/Los_Angeles,disneyland,Disneyland,Fantasyland,281,Peter Pan's Flight,TRUE,25,2026-10-05T21:55:37.000Z,2026-10-05 14:55:37,https://queue-times.com/parks/16/queue_times.json
2026-10-05T22:00:41.122Z,2026-10-05 15:00:41,2026-10-05,America/Los_Angeles,disneyland,Disneyland,Fantasyland,282,Pinocchio's Daring Journey,TRUE,10,2026-10-05T21:55:37.000Z,2026-10-05 14:55:37,https://queue-times.com/parks/16/queue_times.json
2026-10-05T22:00:41.122Z,2026-10-05 15:00:41,2026-10-05,America/Los_Angeles,disneyland,Disneyland,Fantasyland,687,Sleeping Beauty Castle Walkthrough,FALSE,0,2026-10-05T21:55:37.000Z,2026-10-05 14:55:37,https://queue-times.com/parks/16/queue_times.json
2026-10-05T22:00:41.122Z,2026-10-05 15:00:41,2026-10-05,America/Los_Angeles,disneyland,Disneyland,Fantasyland,283,Snow White's Enchanted Wish,TRUE,10,2026-10-05T21:55:37.000Z,2026-10-05 14:55:37,https://queue-times.com/parks/16/queue_times.json
2026-10-05T22:00:41.122Z,2026-10-05 15:00:41,2026-10-05,America/Los_Angeles,disneyland,Disneyland,Fantasyland,305,Storybook Land Canal Boats,TRUE,5,2026-10-05T21:55:37.000Z,2026-10-05 14:55:37,https://queue-times.com/parks/16/queue_times.json
2026-10-05T22:00:41.122Z,2026-10-05 15:00:41,2026-10-05,America/Los_Angeles,disneyland,Disneyland,Frontierland,323,Big Thunder Mountain Railroad,FALSE,0,2026-10-05T21:55:37.000Z,2026-10-05 14:55:37,https://queue-times.com/parks/16/queue_times.json
2026-10-05T22:00:41.122Z,2026-10-05 15:00:41,2026-10-05,America/Los_Angeles,disneyland,Disneyland,Frontierland,679,Frontierland Shootin' Exposition,TRUE,0,2026-10-05T21:55:37.000Z,2026-10-05 14:55:37,https://queue-times.com/parks/16/queue_times.json
2026-10-05T22:00:41.122Z,2026-10-05 15:00:41,2026-10-05,America/Los_Angeles,disneyland,Disneyland,Frontierland,456,Mark Twain Riverboat,TRUE,10,2026-10-05T21:55:37.000Z,2026-10-05 14:55:37,https://queue-times.com/parks/16/queue_times.json
2026-10-05T22:00:41.122Z,2026-10-05 15:00:41,2026-10-05,America/Los_Angeles,disneyland,Disneyland,Frontierland,331,Pirate's Lair on Tom Sawyer Island,TRUE,5,2026-10-05T21:55:37.000Z,2026-10-05 14:55:37,https://queue-times.com/parks/16/queue_times.json
2026-10-05T22:00:41.122Z,2026-10-05 15:00:41,2026-10-05,America/Los_Angeles,disneyland,Disneyland,Frontierland,328,Sailing Ship Columbia,FALSE,0,2026-10-05T21:55:37.000Z,2026-10-05 14:55:37,https://queue-times.com/parks/16/queue_times.json
2026-10-05T22:00:41.122Z,2026-10-05 15:00:41,2026-10-05,America/Los_Angeles,disneyland,Disneyland,Main Street U.S.A,674,Disneyland Railroad,TRUE,10,2026-10-05T21:55:37.000Z,2026-10-05 14:55:37,https://queue-times.com/parks/16/queue_times.json
2026-10-05T22:00:41.122Z,2026-10-05 15:00:41,2026-10-05,America/Los_Angeles,disneyland,Disneyland,Main Street U.S.A,690,Great Moments with Mr. Lincoln,FALSE,0,2026-10-05T21:55:37.000Z,2026-10-05 14:55:37,https://queue-times.com/parks/16/queue_times.json
2026-10-05T22:00:41.122Z,2026-10-05 15:00:41,2026-10-05,America/Los_Angeles,disneyland,Disneyland,Main Street U.S.A,686,Main Street Cinema,TRUE,0,2026-10-05T21:55:37.000Z,2026-10-05 14:55:37,https://queue-times.com/parks/16/queue_times.json
2026-10-05T22:00:41.122Z,2026-10-05 15:00:41,2026-10-05,America/Los_Angeles,disneyland,Disneyland,Main Street U.S.A,691,Main Street Vehicles,TRUE,0,2026-10-05T21:55:37.000Z,2026-10-05 14:55:37,https://queue-times.com/parks/16/queue_times.json
2026-10-05T22:00:41.122Z,2026-10-05 15:00:41,2026-10-05,America/Los_Angeles,disneyland,Disneyland,Main Street U.S.A,14915,Opera House - Walt Disney - A Magical Life,TRUE,0,2026-10-05T21:55:37.000Z,2026-10-05 14:55:37,https://queue-times.com/parks/16/queue_times.json
2026-10-05T22:00:41.122Z,2026-10-05 15:00:41,2026-10-05,America/Los_Angeles,disneyland,Disneyland,Main Street U.S.A,695,The Disney Gallery,TRUE,0,2026-10-05T21:55:37.000Z,2026-10-05 14:55:37,https://queue-times.com/parks/16/queue_times.json
2026-10-05T22:00:41.122Z,2026-10-05 15:00:41,2026-10-05,America/Los_Angeles,disneyland,Disneyland,Main Street U.S.A,14923,Walt Disney - A Magical Life,TRUE,0,2026-10-05T21:55:37.000Z,2026-10-05 14:55:37,https://queue-times.com/parks/16/queue_times.json
2026-10-05T22:00:41.122Z,2026-10-05 15:00:41,2026-10-05,America/Los_Angeles,disneyland,Disneyland,Mickey's Toontown,324,Chip 'n' Dale's GADGETcoaster,TRUE,20,2026-10-05T21:55:37.000Z,2026-10-05 14:55:37,https://queue-times.com/parks/16/queue_times.json
2026-10-05T22:00:41.122Z,2026-10-05 15:00:41,2026-10-05,America/Los_Angeles,disneyland,Disneyland,Mickey's Toontown,13814,Donald's Duck Pond,TRUE,0,2026-10-05T21:55:37.000Z,2026-10-05 14:55:37,https://queue-times.com/parks/16/queue_times.json
2026-10-05T22:00:41.122Z,2026-10-05 15:00:41,2026-10-05,America/Los_Angeles,disneyland,Disneyland,Mickey's Toontown,11980,Goofy's How-to-Play Yard,TRUE,0,2026-10-05T21:55:37.000Z,2026-10-05 14:55:37,https://queue-times.com/parks/16/queue_times.json
2026-10-05T22:00:41.122Z,2026-10-05 15:00:41,2026-10-05,America/Los_Angeles,disneyland,Disneyland,Mickey's Toontown,11526,Mickey & Minnie's Runaway Railway,TRUE,40,2026-10-05T21:55:37.000Z,2026-10-05 14:55:37,https://queue-times.com/parks/16/queue_times.json
2026-10-05T22:00:41.122Z,2026-10-05 15:00:41,2026-10-05,America/Los_Angeles,disneyland,Disneyland,Mickey's Toontown,709,Mickey's House and Meet Mickey Mouse,TRUE,15,2026-10-05T21:55:37.000Z,2026-10-05 14:55:37,https://queue-times.com/parks/16/queue_times.json
2026-10-05T22:00:41.122Z,2026-10-05 15:00:41,2026-10-05,America/Los_Angeles,disneyland,Disneyland,Mickey's Toontown,684,Minnie's House,TRUE,0,2026-10-05T21:55:37.000Z,2026-10-05 14:55:37,https://queue-times.com/parks/16/queue_times.json
2026-10-05T22:00:41.122Z,2026-10-05 15:00:41,2026-10-05,America/Los_Angeles,disneyland,Disneyland,Mickey's Toontown,332,Roger Rabbit's Car Toon Spin,FALSE,0,2026-10-05T21:55:37.000Z,2026-10-05 14:55:37,https://queue-times.com/parks/16/queue_times.json
2026-10-05T22:00:41.122Z,2026-10-05 15:00:41,2026-10-05,America/Los_Angeles,disneyland,Disneyland,New Orleans Square,325,Haunted Mansion Holiday,TRUE,30,2026-10-05T21:55:37.000Z,2026-10-05 14:55:37,https://queue-times.com/parks/16/queue_times.json
2026-10-05T22:00:41.122Z,2026-10-05 15:00:41,2026-10-05,America/Los_Angeles,disneyland,Disneyland,New Orleans Square,289,Pirates of the Caribbean,TRUE,20,2026-10-05T21:55:37.000Z,2026-10-05 14:55:37,https://queue-times.com/parks/16/queue_times.json
2026-10-05T22:00:41.122Z,2026-10-05 15:00:41,2026-10-05,America/Los_Angeles,disneyland,Disneyland,Star Wars: Galaxy's Edge,6339,Millennium Falcon: Smugglers Run,TRUE,10,2026-10-05T21:55:37.000Z,2026-10-05 14:55:37,https://queue-times.com/parks/16/queue_times.json
2026-10-05T22:00:41.122Z,2026-10-05 15:00:41,2026-10-05,America/Los_Angeles,disneyland,Disneyland,Star Wars: Galaxy's Edge,10903,Millennium Falcon: Smugglers Run Single Rider,TRUE,0,2026-10-05T21:55:37.000Z,2026-10-05 14:55:37,https://queue-times.com/parks/16/queue_times.json
2026-10-05T22:00:41.122Z,2026-10-05 15:00:41,2026-10-05,America/Los_Angeles,disneyland,Disneyland,Star Wars: Galaxy's Edge,6340,Star Wars: Rise of the Resistance,TRUE,30,2026-10-05T21:55:37.000Z,2026-10-05 14:55:37,https://queue-times.com/parks/16/queue_times.json
2026-10-05T22:00:41.122Z,2026-10-05 15:00:41,2026-10-05,America/Los_Angeles,disneyland,Disneyland,Tomorrowland,287,Astro Orbitor,TRUE,5,2026-10-05T21:55:37.000Z,2026-10-05 14:55:37,https://queue-times.com/parks/16/queue_times.json
2026-10-05T22:00:41.122Z,2026-10-05 15:00:41,2026-10-05,America/Los_Angeles,disneyland,Disneyland,Tomorrowland,317,Autopia,TRUE,10,2026-10-05T21:55:37.000Z,2026-10-05 14:55:37,https://queue-times.com/parks/16/queue_times.json
2026-10-05T22:00:41.122Z,2026-10-05 15:00:41,2026-10-05,America/Los_Angeles,disneyland,Disneyland,Tomorrowland,273,Buzz Lightyear Astro Blasters,TRUE,15,2026-10-05T21:55:37.000Z,2026-10-05 14:55:37,https://queue-times.com/parks/16/queue_times.json
2026-10-05T22:00:41.122Z,2026-10-05 15:00:41,2026-10-05,America/Los_Angeles,disneyland,Disneyland,Tomorrowland,274,Disneyland Monorail,FALSE,0,2026-10-05T21:55:37.000Z,2026-10-05 14:55:37,https://queue-times.com/parks/16/queue_times.json
2026-10-05T22:00:41.122Z,2026-10-05 15:00:41,2026-10-05,America/Los_Angeles,disneyland,Disneyland,Tomorrowland,276,Finding Nemo Submarine Voyage,TRUE,15,2026-10-05T21:55:37.000Z,2026-10-05 14:55:37,https://queue-times.com/parks/16/queue_times.json
2026-10-05T22:00:41.122Z,2026-10-05 15:00:41,2026-10-05,America/Los_Angeles,disneyland,Disneyland,Tomorrowland,16627,Pixar Short Film Spotlight,FALSE,0,2026-10-05T21:55:37.000Z,2026-10-05 14:55:37,https://queue-times.com/parks/16/queue_times.json
2026-10-05T22:00:41.122Z,2026-10-05 15:00:41,2026-10-05,America/Los_Angeles,disneyland,Disneyland,Tomorrowland,284,Space Mountain,TRUE,50,2026-10-05T21:55:37.000Z,2026-10-05 14:55:37,https://queue-times.com/parks/16/queue_times.json
2026-10-05T22:00:41.122Z,2026-10-05 15:00:41,2026-10-05,America/Los_Angeles,disneyland,Disneyland,Tomorrowland,286,Star Tours - The Adventures Continue,TRUE,5,2026-10-05T21:55:37.000Z,2026-10-05 14:55:37,https://queue-times.com/parks/16/queue_times.json
2026-10-05T22:00:41.122Z,2026-10-05 15:00:41,2026-10-05,America/Los_Angeles,dca,Disney California Adventure,Avengers Campus,329,Guardians of the Galaxy - Mission: BREAKOUT!,FALSE,0,2026-10-05T21:55:41.000Z,2026-10-05 14:55:41,https://queue-times.com/parks/17/queue_times.json
2026-10-05T22:00:41.122Z,2026-10-05 15:00:41,2026-10-05,America/Los_Angeles,dca,Disney California Adventure,Avengers Campus,8843,WEB SLINGERS: A Spider-Man Adventure,TRUE,35,2026-10-05T21:55:41.000Z,2026-10-05 14:55:41,https://queue-times.com/parks/17/queue_times.json
2026-10-05T22:00:41.122Z,2026-10-05 15:00:41,2026-10-05,America/Los_Angeles,dca,Disney California Adventure,Avengers Campus,10907,WEB SLINGERS: A Spider-Man Adventure Single Rider,TRUE,0,2026-10-05T21:55:41.000Z,2026-10-05 14:55:41,https://queue-times.com/parks/17/queue_times.json
2026-10-05T22:00:41.122Z,2026-10-05 15:00:41,2026-10-05,America/Los_Angeles,dca,Disney California Adventure,Cars Land,2608,Luigi's Honkin' Haul-O-Ween,TRUE,5,2026-10-05T21:55:41.000Z,2026-10-05 14:55:41,https://queue-times.com/parks/17/queue_times.json
2026-10-05T22:00:41.122Z,2026-10-05 15:00:41,2026-10-05,America/Los_Angeles,dca,Disney California Adventure,Cars Land,295,Radiator Springs Racers,TRUE,75,2026-10-05T21:55:41.000Z,2026-10-05 14:55:41,https://queue-times.com/parks/17/queue_times.json
2026-10-05T22:00:41.122Z,2026-10-05 15:00:41,2026-10-05,America/Los_Angeles,dca,Disney California Adventure,Cars Land,10904,Radiator Springs Racers Single Rider,TRUE,0,2026-10-05T21:55:41.000Z,2026-10-05 14:55:41,https://queue-times.com/parks/17/queue_times.json
2026-10-05T22:00:41.122Z,2026-10-05 15:00:41,2026-10-05,America/Los_Angeles,dca,Disney California Adventure,Grizzly Peak,302,Grizzly River Run,TRUE,50,2026-10-05T21:55:41.000Z,2026-10-05 14:55:41,https://queue-times.com/parks/17/queue_times.json
2026-10-05T22:00:41.122Z,2026-10-05 15:00:41,2026-10-05,America/Los_Angeles,dca,Disney California Adventure,Grizzly Peak,293,Redwood Creek Challenge Trail,TRUE,5,2026-10-05T21:55:41.000Z,2026-10-05 14:55:41,https://queue-times.com/parks/17/queue_times.json
2026-10-05T22:00:41.122Z,2026-10-05 15:00:41,2026-10-05,America/Los_Angeles,dca,Disney California Adventure,Grizzly Peak,17129,Soarin’ Across America,TRUE,35,2026-10-05T21:55:41.000Z,2026-10-05 14:55:41,https://queue-times.com/parks/17/queue_times.json
2026-10-05T22:00:41.122Z,2026-10-05 15:00:41,2026-10-05,America/Los_Angeles,dca,Disney California Adventure,Hollywood Land,321,Animation Academy,TRUE,0,2026-10-05T21:55:41.000Z,2026-10-05 14:55:41,https://queue-times.com/parks/17/queue_times.json
2026-10-05T22:00:41.122Z,2026-10-05 15:00:41,2026-10-05,America/Los_Angeles,dca,Disney California Adventure,Hollywood Land,6440,Mickey's PhilharMagic,TRUE,10,2026-10-05T21:55:41.000Z,2026-10-05 14:55:41,https://queue-times.com/parks/17/queue_times.json
2026-10-05T22:00:41.122Z,2026-10-05 15:00:41,2026-10-05,America/Los_Angeles,dca,Disney California Adventure,Hollywood Land,291,"Monsters, Inc. Mike & Sulley to the Rescue!",TRUE,30,2026-10-05T21:55:41.000Z,2026-10-05 14:55:41,https://queue-times.com/parks/17/queue_times.json
2026-10-05T22:00:41.122Z,2026-10-05 15:00:41,2026-10-05,America/Los_Angeles,dca,Disney California Adventure,Hollywood Land,868,Sorcerer's Workshop,TRUE,0,2026-10-05T21:55:41.000Z,2026-10-05 14:55:41,https://queue-times.com/parks/17/queue_times.json
2026-10-05T22:00:41.122Z,2026-10-05 15:00:41,2026-10-05,America/Los_Angeles,dca,Disney California Adventure,Hollywood Land,294,Turtle Talk with Crush,TRUE,0,2026-10-05T21:55:41.000Z,2026-10-05 14:55:41,https://queue-times.com/parks/17/queue_times.json
2026-10-05T22:00:41.122Z,2026-10-05 15:00:41,2026-10-05,America/Los_Angeles,dca,Disney California Adventure,Pacific Wharf,869,The Bakery Tour,TRUE,0,2026-10-05T21:55:41.000Z,2026-10-05 14:55:41,https://queue-times.com/parks/17/queue_times.json
2026-10-05T22:00:41.122Z,2026-10-05 15:00:41,2026-10-05,America/Los_Angeles,dca,Disney California Adventure,Paradise Gardens Park,298,Golden Zephyr,FALSE,0,2026-10-05T21:55:41.000Z,2026-10-05 14:55:41,https://queue-times.com/parks/17/queue_times.json
2026-10-05T22:00:41.122Z,2026-10-05 15:00:41,2026-10-05,America/Los_Angeles,dca,Disney California Adventure,Paradise Gardens Park,319,Goofy's Sky School,FALSE,0,2026-10-05T21:55:41.000Z,2026-10-05 14:55:41,https://queue-times.com/parks/17/queue_times.json
2026-10-05T22:00:41.122Z,2026-10-05 15:00:41,2026-10-05,America/Los_Angeles,dca,Disney California Adventure,Paradise Gardens Park,301,Silly Symphony Swings,TRUE,5,2026-10-05T21:55:41.000Z,2026-10-05 14:55:41,https://queue-times.com/parks/17/queue_times.json
2026-10-05T22:00:41.122Z,2026-10-05 15:00:41,2026-10-05,America/Los_Angeles,dca,Disney California Adventure,Paradise Gardens Park,10905,Silly Symphony Swings Single Rider,TRUE,0,2026-10-05T21:55:41.000Z,2026-10-05 14:55:41,https://queue-times.com/parks/17/queue_times.json
2026-10-05T22:00:41.122Z,2026-10-05 15:00:41,2026-10-05,America/Los_Angeles,dca,Disney California Adventure,Paradise Gardens Park,316,The Little Mermaid - Ariel's Undersea Adventure,TRUE,50,2026-10-05T21:55:41.000Z,2026-10-05 14:55:41,https://queue-times.com/parks/17/queue_times.json
2026-10-05T22:00:41.122Z,2026-10-05 15:00:41,2026-10-05,America/Los_Angeles,dca,Disney California Adventure,Paradise Gardens Park,11528,World of Color – ONE,TRUE,0,2026-10-05T21:55:41.000Z,2026-10-05 14:55:41,https://queue-times.com/parks/17/queue_times.json
2026-10-05T22:00:41.122Z,2026-10-05 15:00:41,2026-10-05,America/Los_Angeles,dca,Disney California Adventure,Pixar Pier,866,Games of Pixar Pier,TRUE,5,2026-10-05T21:55:41.000Z,2026-10-05 14:55:41,https://queue-times.com/parks/17/queue_times.json
2026-10-05T22:00:41.122Z,2026-10-05 15:00:41,2026-10-05,America/Los_Angeles,dca,Disney California Adventure,Pixar Pier,322,Incredicoaster,TRUE,15,2026-10-05T21:55:41.000Z,2026-10-05 14:55:41,https://queue-times.com/parks/17/queue_times.json
2026-10-05T22:00:41.122Z,2026-10-05 15:00:41,2026-10-05,America/Los_Angeles,dca,Disney California Adventure,Pixar Pier,10906,Incredicoaster Single Rider,TRUE,0,2026-10-05T21:55:41.000Z,2026-10-05 14:55:41,https://queue-times.com/parks/17/queue_times.json
2026-10-05T22:00:41.122Z,2026-10-05 15:00:41,2026-10-05,America/Los_Angeles,dca,Disney California Adventure,Pixar Pier,6643,Inside Out Emotional Whirlwind,TRUE,5,2026-10-05T21:55:41.000Z,2026-10-05 14:55:41,https://queue-times.com/parks/17/queue_times.json
2026-10-05T22:00:41.122Z,2026-10-05 15:00:41,2026-10-05,America/Los_Angeles,dca,Disney California Adventure,Pixar Pier,310,Jessie's Critter Carousel,TRUE,5,2026-10-05T21:55:41.000Z,2026-10-05 14:55:41,https://queue-times.com/parks/17/queue_times.json
2026-10-05T22:00:41.122Z,2026-10-05 15:00:41,2026-10-05,America/Los_Angeles,dca,Disney California Adventure,Pixar Pier,300,Jumpin' Jellyfish,TRUE,10,2026-10-05T21:55:41.000Z,2026-10-05 14:55:41,https://queue-times.com/parks/17/queue_times.json
2026-10-05T22:00:41.122Z,2026-10-05 15:00:41,2026-10-05,America/Los_Angeles,dca,Disney California Adventure,Pixar Pier,311,Pixar Pal-A-Round - Swinging,TRUE,10,2026-10-05T21:55:41.000Z,2026-10-05 14:55:41,https://queue-times.com/parks/17/queue_times.json
2026-10-05T22:00:41.122Z,2026-10-05 15:00:41,2026-10-05,America/Los_Angeles,dca,Disney California Adventure,Pixar Pier,5557,Pixar Pal-A-Round – Non-Swinging,TRUE,10,2026-10-05T21:55:41.000Z,2026-10-05 14:55:41,https://queue-times.com/parks/17/queue_times.json
2026-10-05T22:00:41.122Z,2026-10-05 15:00:41,2026-10-05,America/Los_Angeles,dca,Disney California Adventure,Pixar Pier,313,Toy Story Midway Mania!,TRUE,30,2026-10-05T21:55:41.000Z,2026-10-05 14:55:41,https://queue-times.com/parks/17/queue_times.json
2026-10-05T22:00:41.122Z,2026-10-05 15:00:41,2026-10-05,America/Los_Angeles,dca,Disney California Adventure,Halloween,5146,Guardians of the Galaxy - Monsters After Dark,TRUE,25,2026-10-05T21:55:41.000Z,2026-10-05 14:55:41,https://queue-times.com/parks/17/queue_times.json
2026-10-05T22:00:41.122Z,2026-10-05 15:00:41,2026-10-05,America/Los_Angeles,dca,Disney California Adventure,Halloween,4723,Mater's Graveyard JamBOOree,TRUE,5,2026-10-05T21:55:41.000Z,2026-10-05 14:55:41,https://queue-times.com/parks/17/queue_times.json
2026-10-05T22:00:41.122Z,2026-10-05 15:00:41,2026-10-05,America/Los_Angeles,dca,Disney California Adventure,Halloween,7292,Villains Grove at Oogie Boogie Bash,FALSE,0,2026-10-05T21:55:41.000Z,2026-10-05 14:55:41,https://queue-times.com/parks/17/queue_times.json
2026-10-05T22:15:31.457Z,2026-10-05 15:15:31,2026-10-05,America/Los_Angeles,disneyland,Disneyland,Adventureland,12428,Adventureland Treehouse inspired by Walt Disney’s Swiss Family Robinson,TRUE,0,2026-10-05T22:10:44.000Z,2026-10-05 15:10:44,https://queue-times.com/parks/16/queue_times.json
2026-10-05T22:15:31.457Z,2026-10-05 15:15:31,2026-10-05,America/Los_Angeles,disneyland,Disneyland,Adventureland,326,Indiana Jones™ Adventure,FALSE,0,2026-10-05T22:10:44.000Z,2026-10-05 15:10:44,https://queue-times.com/parks/16/queue_times.json
2026-10-05T22:15:31.457Z,2026-10-05 15:15:31,2026-10-05,America/Los_Angeles,disneyland,Disneyland,Adventureland,296,Jungle Cruise,TRUE,10,2026-10-05T22:10:44.000Z,2026-10-05 15:10:44,https://queue-times.com/parks/16/queue_times.json
2026-10-05T22:15:31.457Z,2026-10-05 15:15:31,2026-10-05,America/Los_Angeles,disneyland,Disneyland,Adventureland,288,Walt Disney's Enchanted Tiki Room,TRUE,0,2026-10-05T22:10:44.000Z,2026-10-05 15:10:44,https://queue-times.com/parks/16/queue_times.json
2026-10-05T22:15:31.457Z,2026-10-05 15:15:31,2026-10-05,America/Los_Angeles,disneyland,Disneyland,Bayou Country,304,Davy Crockett's Explorer Canoes,FALSE,0,2026-10-05T22:10:44.000Z,2026-10-05 15:10:44,https://queue-times.com/parks/16/queue_times.json
2026-10-05T22:15:31.457Z,2026-10-05 15:15:31,2026-10-05,America/Los_Angeles,disneyland,Disneyland,Bayou Country,306,The Many Adventures of Winnie the Pooh,TRUE,5,2026-10-05T22:10:44.000Z,2026-10-05 15:10:44,https://queue-times.com/parks/16/queue_times.json
2026-10-05T22:15:31.457Z,2026-10-05 15:15:31,2026-10-05,America/Los_Angeles,disneyland,Disneyland,Bayou Country,14168,Tiana's Bayou Adventure,TRUE,45,2026-10-05T22:10:44.000Z,2026-10-05 15:10:44,https://queue-times.com/parks/16/queue_times.json
2026-10-05T22:15:31.457Z,2026-10-05 15:15:31,2026-10-05,America/Los_Angeles,disneyland,Disneyland,Bayou Country,14326,Tiana's Bayou Adventure Single Rider,TRUE,0,2026-10-05T22:10:44.000Z,2026-10-05 15:10:44,https://queue-times.com/parks/16/queue_times.json
2026-10-05T22:15:31.457Z,2026-10-05 15:15:31,2026-10-05,America/Los_Angeles,disneyland,Disneyland,Fantasyland,307,"""it's a small world""",TRUE,5,2026-10-05T22:10:44.000Z,2026-10-05 15:10:44,https://queue-times.com/parks/16/queue_times.json
2026-10-05T22:15:31.457Z,2026-10-05 15:15:31,2026-10-05,America/Los_Angeles,disneyland,Disneyland,Fantasyland,285,Alice in Wonderland,TRUE,15,2026-10-05T22:10:44.000Z,2026-10-05 15:10:44,https://queue-times.com/parks/16/queue_times.json
2026-10-05T22:15:31.457Z,2026-10-05 15:15:31,2026-10-05,America/Los_Angeles,disneyland,Disneyland,Fantasyland,16254,Bluey’s Best Day Ever! at Fantasyland Theatre,TRUE,0,2026-10-05T22:10:44.000Z,2026-10-05 15:10:44,https://queue-times.com/parks/16/queue_times.json
2026-10-05T22:15:31.457Z,2026-10-05 15:15:31,2026-10-05,America/Los_Angeles,disneyland,Disneyland,Fantasyland,303,Casey Jr. Circus Train,TRUE,5,2026-10-05T22:10:44.000Z,2026-10-05 15:10:44,https://queue-times.com/parks/16/queue_times.json
2026-10-05T22:15:31.457Z,2026-10-05 15:15:31,2026-10-05,America/Los_Angeles,disneyland,Disneyland,Fantasyland,275,Dumbo the Flying Elephant,TRUE,10,2026-10-05T22:10:44.000Z,2026-10-05 15:10:44,https://queue-times.com/parks/16/queue_times.json
2026-10-05T22:15:31.457Z,2026-10-05 15:15:31,2026-10-05,America/Los_Angeles,disneyland,Disneyland,Fantasyland,277,King Arthur Carrousel,TRUE,5,2026-10-05T22:10:44.000Z,2026-10-05 15:10:44,https://queue-times.com/parks/16/queue_times.json
2026-10-05T22:15:31.457Z,2026-10-05 15:15:31,2026-10-05,America/Los_Angeles,disneyland,Disneyland,Fantasyland,278,Mad Tea Party,FALSE,0,2026-10-05T22:10:44.000Z,2026-10-05 15:10:44,https://queue-times.com/parks/16/queue_times.json
2026-10-05T22:15:31.457Z,2026-10-05 15:15:31,2026-10-05,America/Los_Angeles,disneyland,Disneyland,Fantasyland,279,Matterhorn Bobsleds,TRUE,15,2026-10-05T22:10:44.000Z,2026-10-05 15:10:44,https://queue-times.com/parks/16/queue_times.json
2026-10-05T22:15:31.457Z,2026-10-05 15:15:31,2026-10-05,America/Los_Angeles,disneyland,Disneyland,Fantasyland,6711,Meet Disney Princesses at Royal Hall,TRUE,10,2026-10-05T22:10:44.000Z,2026-10-05 15:10:44,https://queue-times.com/parks/16/queue_times.json
2026-10-05T22:15:31.457Z,2026-10-05 15:15:31,2026-10-05,America/Los_Angeles,disneyland,Disneyland,Fantasyland,280,Mr. Toad's Wild Ride,TRUE,15,2026-10-05T22:10:44.000Z,2026-10-05 15:10:44,https://queue-times.com/parks/16/queue_times.json
2026-10-05T22:15:31.457Z,2026-10-05 15:15:31,2026-10-05,America/Los_Angeles,disneyland,Disneyland,Fantasyland,281,Peter Pan's Flight,TRUE,25,2026-10-05T22:10:44.000Z,2026-10-05 15:10:44,https://queue-times.com/parks/16/queue_times.json
2026-10-05T22:15:31.457Z,2026-10-05 15:15:31,2026-10-05,America/Los_Angeles,disneyland,Disneyland,Fantasyland,282,Pinocchio's Daring Journey,TRUE,10,2026-10-05T22:10:44.000Z,2026-10-05 15:10:44,https://queue-times.com/parks/16/queue_times.json
2026-10-05T22:15:31.457Z,2026-10-05 15:15:31,2026-10-05,America/Los_Angeles,disneyland,Disneyland,Fantasyland,687,Sleeping Beauty Castle Walkthrough,FALSE,0,2026-10-05T22:10:44.000Z,2026-10-05 15:10:44,https://queue-times.com/parks/16/queue_times.json
2026-10-05T22:15:31.457Z,2026-10-05 15:15:31,2026-10-05,America/Los_Angeles,disneyland,Disneyland,Fantasyland,283,Snow White's Enchanted Wish,TRUE,10,2026-10-05T22:10:44.000Z,2026-10-05 15:10:44,https://queue-times.com/parks/16/queue_times.json
2026-10-05T22:15:31.457Z,2026-10-05 15:15:31,2026-10-05,America/Los_Angeles,disneyland,Disneyland,Fantasyland,305,Storybook Land Canal Boats,TRUE,5,2026-10-05T22:10:44.000Z,2026-10-05 15:10:44,https://queue-times.com/parks/16/queue_times.json
2026-10-05T22:15:31.457Z,2026-10-05 15:15:31,2026-10-05,America/Los_Angeles,disneyland,Disneyland,Frontierland,323,Big Thunder Mountain Railroad,TRUE,20,2026-10-05T22:10:44.000Z,2026-10-05 15:10:44,https://queue-times.com/parks/16/queue_times.json
2026-10-05T22:15:31.457Z,2026-10-05 15:15:31,2026-10-05,America/Los_Angeles,disneyland,Disneyland,Frontierland,679,Frontierland Shootin' Exposition,TRUE,0,2026-10-05T22:10:44.000Z,2026-10-05 15:10:44,https://queue-times.com/parks/16/queue_times.json
2026-10-05T22:15:31.457Z,2026-10-05 15:15:31,2026-10-05,America/Los_Angeles,disneyland,Disneyland,Frontierland,456,Mark Twain Riverboat,TRUE,10,2026-10-05T22:10:44.000Z,2026-10-05 15:10:44,https://queue-times.com/parks/16/queue_times.json
2026-10-05T22:15:31.457Z,2026-10-05 15:15:31,2026-10-05,America/Los_Angeles,disneyland,Disneyland,Frontierland,331,Pirate's Lair on Tom Sawyer Island,TRUE,5,2026-10-05T22:10:44.000Z,2026-10-05 15:10:44,https://queue-times.com/parks/16/queue_times.json
2026-10-05T22:15:31.457Z,2026-10-05 15:15:31,2026-10-05,America/Los_Angeles,disneyland,Disneyland,Frontierland,328,Sailing Ship Columbia,FALSE,0,2026-10-05T22:10:44.000Z,2026-10-05 15:10:44,https://queue-times.com/parks/16/queue_times.json
2026-10-05T22:15:31.457Z,2026-10-05 15:15:31,2026-10-05,America/Los_Angeles,disneyland,Disneyland,Main Street U.S.A,674,Disneyland Railroad,TRUE,10,2026-10-05T22:10:44.000Z,2026-10-05 15:10:44,https://queue-times.com/parks/16/queue_times.json
2026-10-05T22:15:31.457Z,2026-10-05 15:15:31,2026-10-05,America/Los_Angeles,disneyland,Disneyland,Main Street U.S.A,690,Great Moments with Mr. Lincoln,FALSE,0,2026-10-05T22:10:44.000Z,2026-10-05 15:10:44,https://queue-times.com/parks/16/queue_times.json
2026-10-05T22:15:31.457Z,2026-10-05 15:15:31,2026-10-05,America/Los_Angeles,disneyland,Disneyland,Main Street U.S.A,686,Main Street Cinema,TRUE,0,2026-10-05T22:10:44.000Z,2026-10-05 15:10:44,https://queue-times.com/parks/16/queue_times.json
2026-10-05T22:15:31.457Z,2026-10-05 15:15:31,2026-10-05,America/Los_Angeles,disneyland,Disneyland,Main Street U.S.A,691,Main Street Vehicles,FALSE,0,2026-10-05T22:10:44.000Z,2026-10-05 15:10:44,https://queue-times.com/parks/16/queue_times.json
2026-10-05T22:15:31.457Z,2026-10-05 15:15:31,2026-10-05,America/Los_Angeles,disneyland,Disneyland,Main Street U.S.A,14915,Opera House - Walt Disney - A Magical Life,TRUE,0,2026-10-05T22:10:44.000Z,2026-10-05 15:10:44,https://queue-times.com/parks/16/queue_times.json
2026-10-05T22:15:31.457Z,2026-10-05 15:15:31,2026-10-05,America/Los_Angeles,disneyland,Disneyland,Main Street U.S.A,695,The Disney Gallery,TRUE,0,2026-10-05T22:10:44.000Z,2026-10-05 15:10:44,https://queue-times.com/parks/16/queue_times.json
2026-10-05T22:15:31.457Z,2026-10-05 15:15:31,2026-10-05,America/Los_Angeles,disneyland,Disneyland,Main Street U.S.A,14923,Walt Disney - A Magical Life,TRUE,0,2026-10-05T22:10:44.000Z,2026-10-05 15:10:44,https://queue-times.com/parks/16/queue_times.json
2026-10-05T22:15:31.457Z,2026-10-05 15:15:31,2026-10-05,America/Los_Angeles,disneyland,Disneyland,Mickey's Toontown,324,Chip 'n' Dale's GADGETcoaster,TRUE,15,2026-10-05T22:10:44.000Z,2026-10-05 15:10:44,https://queue-times.com/parks/16/queue_times.json
2026-10-05T22:15:31.457Z,2026-10-05 15:15:31,2026-10-05,America/Los_Angeles,disneyland,Disneyland,Mickey's Toontown,13814,Donald's Duck Pond,TRUE,0,2026-10-05T22:10:44.000Z,2026-10-05 15:10:44,https://queue-times.com/parks/16/queue_times.json
2026-10-05T22:15:31.457Z,2026-10-05 15:15:31,2026-10-05,America/Los_Angeles,disneyland,Disneyland,Mickey's Toontown,11980,Goofy's How-to-Play Yard,TRUE,0,2026-10-05T22:10:44.000Z,2026-10-05 15:10:44,https://queue-times.com/parks/16/queue_times.json
2026-10-05T22:15:31.457Z,2026-10-05 15:15:31,2026-10-05,America/Los_Angeles,disneyland,Disneyland,Mickey's Toontown,11526,Mickey & Minnie's Runaway Railway,TRUE,30,2026-10-05T22:10:44.000Z,2026-10-05 15:10:44,https://queue-times.com/parks/16/queue_times.json
2026-10-05T22:15:31.457Z,2026-10-05 15:15:31,2026-10-05,America/Los_Angeles,disneyland,Disneyland,Mickey's Toontown,709,Mickey's House and Meet Mickey Mouse,TRUE,15,2026-10-05T22:10:44.000Z,2026-10-05 15:10:44,https://queue-times.com/parks/16/queue_times.json
2026-10-05T22:15:31.457Z,2026-10-05 15:15:31,2026-10-05,America/Los_Angeles,disneyland,Disneyland,Mickey's Toontown,684,Minnie's House,TRUE,0,2026-10-05T22:10:44.000Z,2026-10-05 15:10:44,https://queue-times.com/parks/16/queue_times.json
2026-10-05T22:15:31.457Z,2026-10-05 15:15:31,2026-10-05,America/Los_Angeles,disneyland,Disneyland,Mickey's Toontown,332,Roger Rabbit's Car Toon Spin,TRUE,10,2026-10-05T22:10:44.000Z,2026-10-05 15:10:44,https://queue-times.com/parks/16/queue_times.json
2026-10-05T22:15:31.457Z,2026-10-05 15:15:31,2026-10-05,America/Los_Angeles,disneyland,Disneyland,New Orleans Square,325,Haunted Mansion Holiday,TRUE,35,2026-10-05T22:10:44.000Z,2026-10-05 15:10:44,https://queue-times.com/parks/16/queue_times.json
2026-10-05T22:15:31.457Z,2026-10-05 15:15:31,2026-10-05,America/Los_Angeles,disneyland,Disneyland,New Orleans Square,289,Pirates of the Caribbean,TRUE,20,2026-10-05T22:10:44.000Z,2026-10-05 15:10:44,https://queue-times.com/parks/16/queue_times.json
2026-10-05T22:15:31.457Z,2026-10-05 15:15:31,2026-10-05,America/Los_Angeles,disneyland,Disneyland,Star Wars: Galaxy's Edge,6339,Millennium Falcon: Smugglers Run,TRUE,10,2026-10-05T22:10:44.000Z,2026-10-05 15:10:44,https://queue-times.com/parks/16/queue_times.json
2026-10-05T22:15:31.457Z,2026-10-05 15:15:31,2026-10-05,America/Los_Angeles,disneyland,Disneyland,Star Wars: Galaxy's Edge,10903,Millennium Falcon: Smugglers Run Single Rider,TRUE,0,2026-10-05T22:10:44.000Z,2026-10-05 15:10:44,https://queue-times.com/parks/16/queue_times.json
2026-10-05T22:15:31.457Z,2026-10-05 15:15:31,2026-10-05,America/Los_Angeles,disneyland,Disneyland,Star Wars: Galaxy's Edge,6340,Star Wars: Rise of the Resistance,TRUE,30,2026-10-05T22:10:44.000Z,2026-10-05 15:10:44,https://queue-times.com/parks/16/queue_times.json
2026-10-05T22:15:31.457Z,2026-10-05 15:15:31,2026-10-05,America/Los_Angeles,disneyland,Disneyland,Tomorrowland,287,Astro Orbitor,FALSE,0,2026-10-05T22:10:44.000Z,2026-10-05 15:10:44,https://queue-times.com/parks/16/queue_times.json
2026-10-05T22:15:31.457Z,2026-10-05 15:15:31,2026-10-05,America/Los_Angeles,disneyland,Disneyland,Tomorrowland,317,Autopia,TRUE,10,2026-10-05T22:10:44.000Z,2026-10-05 15:10:44,https://queue-times.com/parks/16/queue_times.json
2026-10-05T22:15:31.457Z,2026-10-05 15:15:31,2026-10-05,America/Los_Angeles,disneyland,Disneyland,Tomorrowland,273,Buzz Lightyear Astro Blasters,TRUE,15,2026-10-05T22:10:44.000Z,2026-10-05 15:10:44,https://queue-times.com/parks/16/queue_times.json
2026-10-05T22:15:31.457Z,2026-10-05 15:15:31,2026-10-05,America/Los_Angeles,disneyland,Disneyland,Tomorrowland,274,Disneyland Monorail,FALSE,0,2026-10-05T22:10:44.000Z,2026-10-05 15:10:44,https://queue-times.com/parks/16/queue_times.json
2026-10-05T22:15:31.457Z,2026-10-05 15:15:31,2026-10-05,America/Los_Angeles,disneyland,Disneyland,Tomorrowland,276,Finding Nemo Submarine Voyage,TRUE,15,2026-10-05T22:10:44.000Z,2026-10-05 15:10:44,https://queue-times.com/parks/16/queue_times.json
2026-10-05T22:15:31.457Z,2026-10-05 15:15:31,2026-10-05,America/Los_Angeles,disneyland,Disneyland,Tomorrowland,16627,Pixar Short Film Spotlight,FALSE,0,2026-10-05T22:10:44.000Z,2026-10-05 15:10:44,https://queue-times.com/parks/16/queue_times.json
2026-10-05T22:15:31.457Z,2026-10-05 15:15:31,2026-10-05,America/Los_Angeles,disneyland,Disneyland,Tomorrowland,284,Space Mountain,TRUE,40,2026-10-05T22:10:44.000Z,2026-10-05 15:10:44,https://queue-times.com/parks/16/queue_times.json
2026-10-05T22:15:31.457Z,2026-10-05 15:15:31,2026-10-05,America/Los_Angeles,disneyland,Disneyland,Tomorrowland,286,Star Tours - The Adventures Continue,TRUE,20,2026-10-05T22:10:44.000Z,2026-10-05 15:10:44,https://queue-times.com/parks/16/queue_times.json
2026-10-05T22:15:31.457Z,2026-10-05 15:15:31,2026-10-05,America/Los_Angeles,dca,Disney California Adventure,Avengers Campus,329,Guardians of the Galaxy - Mission: BREAKOUT!,FALSE,0,2026-10-05T22:10:50.000Z,2026-10-05 15:10:50,https://queue-times.com/parks/17/queue_times.json
2026-10-05T22:15:31.457Z,2026-10-05 15:15:31,2026-10-05,America/Los_Angeles,dca,Disney California Adventure,Avengers Campus,8843,WEB SLINGERS: A Spider-Man Adventure,TRUE,35,2026-10-05T22:10:50.000Z,2026-10-05 15:10:50,https://queue-times.com/parks/17/queue_times.json
2026-10-05T22:15:31.457Z,2026-10-05 15:15:31,2026-10-05,America/Los_Angeles,dca,Disney California Adventure,Avengers Campus,10907,WEB SLINGERS: A Spider-Man Adventure Single Rider,TRUE,0,2026-10-05T22:10:50.000Z,2026-10-05 15:10:50,https://queue-times.com/parks/17/queue_times.json
2026-10-05T22:15:31.457Z,2026-10-05 15:15:31,2026-10-05,America/Los_Angeles,dca,Disney California Adventure,Cars Land,2608,Luigi's Honkin' Haul-O-Ween,TRUE,5,2026-10-05T22:10:50.000Z,2026-10-05 15:10:50,https://queue-times.com/parks/17/queue_times.json
2026-10-05T22:15:31.457Z,2026-10-05 15:15:31,2026-10-05,America/Los_Angeles,dca,Disney California Adventure,Cars Land,295,Radiator Springs Racers,TRUE,65,2026-10-05T22:10:50.000Z,2026-10-05 15:10:50,https://queue-times.com/parks/17/queue_times.json
2026-10-05T22:15:31.457Z,2026-10-05 15:15:31,2026-10-05,America/Los_Angeles,dca,Disney California Adventure,Cars Land,10904,Radiator Springs Racers Single Rider,TRUE,0,2026-10-05T22:10:50.000Z,2026-10-05 15:10:50,https://queue-times.com/parks/17/queue_times.json
2026-10-05T22:15:31.457Z,2026-10-05 15:15:31,2026-10-05,America/Los_Angeles,dca,Disney California Adventure,Grizzly Peak,302,Grizzly River Run,TRUE,50,2026-10-05T22:10:50.000Z,2026-10-05 15:10:50,https://queue-times.com/parks/17/queue_times.json
2026-10-05T22:15:31.457Z,2026-10-05 15:15:31,2026-10-05,America/Los_Angeles,dca,Disney California Adventure,Grizzly Peak,293,Redwood Creek Challenge Trail,TRUE,5,2026-10-05T22:10:50.000Z,2026-10-05 15:10:50,https://queue-times.com/parks/17/queue_times.json
2026-10-05T22:15:31.457Z,2026-10-05 15:15:31,2026-10-05,America/Los_Angeles,dca,Disney California Adventure,Grizzly Peak,17129,Soarin’ Across America,TRUE,40,2026-10-05T22:10:50.000Z,2026-10-05 15:10:50,https://queue-times.com/parks/17/queue_times.json
2026-10-05T22:15:31.457Z,2026-10-05 15:15:31,2026-10-05,America/Los_Angeles,dca,Disney California Adventure,Hollywood Land,321,Animation Academy,TRUE,0,2026-10-05T22:10:50.000Z,2026-10-05 15:10:50,https://queue-times.com/parks/17/queue_times.json
2026-10-05T22:15:31.457Z,2026-10-05 15:15:31,2026-10-05,America/Los_Angeles,dca,Disney California Adventure,Hollywood Land,6440,Mickey's PhilharMagic,TRUE,10,2026-10-05T22:10:50.000Z,2026-10-05 15:10:50,https://queue-times.com/parks/17/queue_times.json
2026-10-05T22:15:31.457Z,2026-10-05 15:15:31,2026-10-05,America/Los_Angeles,dca,Disney California Adventure,Hollywood Land,291,"Monsters, Inc. Mike & Sulley to the Rescue!",TRUE,40,2026-10-05T22:10:50.000Z,2026-10-05 15:10:50,https://queue-times.com/parks/17/queue_times.json
2026-10-05T22:15:31.457Z,2026-10-05 15:15:31,2026-10-05,America/Los_Angeles,dca,Disney California Adventure,Hollywood Land,868,Sorcerer's Workshop,TRUE,0,2026-10-05T22:10:50.000Z,2026-10-05 15:10:50,https://queue-times.com/parks/17/queue_times.json
2026-10-05T22:15:31.457Z,2026-10-05 15:15:31,2026-10-05,America/Los_Angeles,dca,Disney California Adventure,Hollywood Land,294,Turtle Talk with Crush,TRUE,0,2026-10-05T22:10:50.000Z,2026-10-05 15:10:50,https://queue-times.com/parks/17/queue_times.json
2026-10-05T22:15:31.457Z,2026-10-05 15:15:31,2026-10-05,America/Los_Angeles,dca,Disney California Adventure,Pacific Wharf,869,The Bakery Tour,TRUE,0,2026-10-05T22:10:50.000Z,2026-10-05 15:10:50,https://queue-times.com/parks/17/queue_times.json
2026-10-05T22:15:31.457Z,2026-10-05 15:15:31,2026-10-05,America/Los_Angeles,dca,Disney California Adventure,Paradise Gardens Park,298,Golden Zephyr,FALSE,0,2026-10-05T22:10:50.000Z,2026-10-05 15:10:50,https://queue-times.com/parks/17/queue_times.json
2026-10-05T22:15:31.457Z,2026-10-05 15:15:31,2026-10-05,America/Los_Angeles,dca,Disney California Adventure,Paradise Gardens Park,319,Goofy's Sky School,FALSE,0,2026-10-05T22:10:50.000Z,2026-10-05 15:10:50,https://queue-times.com/parks/17/queue_times.json
2026-10-05T22:15:31.457Z,2026-10-05 15:15:31,2026-10-05,America/Los_Angeles,dca,Disney California Adventure,Paradise Gardens Park,301,Silly Symphony Swings,TRUE,5,2026-10-05T22:10:50.000Z,2026-10-05 15:10:50,https://queue-times.com/parks/17/queue_times.json
2026-10-05T22:15:31.457Z,2026-10-05 15:15:31,2026-10-05,America/Los_Angeles,dca,Disney California Adventure,Paradise Gardens Park,10905,Silly Symphony Swings Single Rider,TRUE,0,2026-10-05T22:10:50.000Z,2026-10-05 15:10:50,https://queue-times.com/parks/17/queue_times.json
2026-10-05T22:15:31.457Z,2026-10-05 15:15:31,2026-10-05,America/Los_Angeles,dca,Disney California Adventure,Paradise Gardens Park,316,The Little Mermaid - Ariel's Undersea Adventure,TRUE,50,2026-10-05T22:10:50.000Z,2026-10-05 15:10:50,https://queue-times.com/parks/17/queue_times.json
2026-10-05T22:15:31.457Z,2026-10-05 15:15:31,2026-10-05,America/Los_Angeles,dca,Disney California Adventure,Paradise Gardens Park,11528,World of Color – ONE,TRUE,0,2026-10-05T22:10:50.000Z,2026-10-05 15:10:50,https://queue-times.com/parks/17/queue_times.json
2026-10-05T22:15:31.457Z,2026-10-05 15:15:31,2026-10-05,America/Los_Angeles,dca,Disney California Adventure,Pixar Pier,866,Games of Pixar Pier,TRUE,5,2026-10-05T22:10:50.000Z,2026-10-05 15:10:50,https://queue-times.com/parks/17/queue_times.json
2026-10-05T22:15:31.457Z,2026-10-05 15:15:31,2026-10-05,America/Los_Angeles,dca,Disney California Adventure,Pixar Pier,322,Incredicoaster,TRUE,15,2026-10-05T22:10:50.000Z,2026-10-05 15:10:50,https://queue-times.com/parks/17/queue_times.json
2026-10-05T22:15:31.457Z,2026-10-05 15:15:31,2026-10-05,America/Los_Angeles,dca,Disney California Adventure,Pixar Pier,10906,Incredicoaster Single Rider,TRUE,0,2026-10-05T22:10:50.000Z,2026-10-05 15:10:50,https://queue-times.com/parks/17/queue_times.json
2026-10-05T22:15:31.457Z,2026-10-05 15:15:31,2026-10-05,America/Los_Angeles,dca,Disney California Adventure,Pixar Pier,6643,Inside Out Emotional Whirlwind,TRUE,5,2026-10-05T22:10:50.000Z,2026-10-05 15:10:50,https://queue-times.com/parks/17/queue_times.json
2026-10-05T22:15:31.457Z,2026-10-05 15:15:31,2026-10-05,America/Los_Angeles,dca,Disney California Adventure,Pixar Pier,310,Jessie's Critter Carousel,TRUE,5,2026-10-05T22:10:50.000Z,2026-10-05 15:10:50,https://queue-times.com/parks/17/queue_times.json
2026-10-05T22:15:31.457Z,2026-10-05 15:15:31,2026-10-05,America/Los_Angeles,dca,Disney California Adventure,Pixar Pier,300,Jumpin' Jellyfish,TRUE,10,2026-10-05T22:10:50.000Z,2026-10-05 15:10:50,https://queue-times.com/parks/17/queue_times.json
2026-10-05T22:15:31.457Z,2026-10-05 15:15:31,2026-10-05,America/Los_Angeles,dca,Disney California Adventure,Pixar Pier,311,Pixar Pal-A-Round - Swinging,TRUE,10,2026-10-05T22:10:50.000Z,2026-10-05 15:10:50,https://queue-times.com/parks/17/queue_times.json
2026-10-05T22:15:31.457Z,2026-10-05 15:15:31,2026-10-05,America/Los_Angeles,dca,Disney California Adventure,Pixar Pier,5557,Pixar Pal-A-Round – Non-Swinging,TRUE,10,2026-10-05T22:10:50.000Z,2026-10-05 15:10:50,https://queue-times.com/parks/17/queue_times.json
2026-10-05T22:15:31.457Z,2026-10-05 15:15:31,2026-10-05,America/Los_Angeles,dca,Disney California Adventure,Pixar Pier,313,Toy Story Midway Mania!,TRUE,40,2026-10-05T22:10:50.000Z,2026-10-05 15:10:50,https://queue-times.com/parks/17/queue_times.json
2026-10-05T22:15:31.457Z,2026-10-05 15:15:31,2026-10-05,America/Los_Angeles,dca,Disney California Adventure,Halloween,5146,Guardians of the Galaxy - Monsters After Dark,TRUE,30,2026-10-05T22:10:50.000Z,2026-10-05 15:10:50,https://queue-times.com/parks/17/queue_times.json
2026-10-05T22:15:31.457Z,2026-10-05 15:15:31,2026-10-05,America/Los_Angeles,dca,Disney California Adventure,Halloween,4723,Mater's Graveyard JamBOOree,TRUE,5,2026-10-05T22:10:50.000Z,2026-10-05 15:10:50,https://queue-times.com/parks/17/queue_times.json
2026-10-05T22:15:31.457Z,2026-10-05 15:15:31,2026-10-05,America/Los_Angeles,dca,Disney California Adventure,Halloween,7292,Villains Grove at Oogie Boogie Bash,FALSE,0,2026-10-05T22:10:50.000Z,2026-10-05 15:10:50,https://queue-times.com/parks/17/queue_times.json
2026-10-05T22:30:36.691Z,2026-10-05 15:30:36,2026-10-05,America/Los_Angeles,disneyland,Disneyland,Adventureland,12428,Adventureland Treehouse inspired by Walt Disney’s Swiss Family Robinson,TRUE,0,2026-10-05T22:25:36.000Z,2026-10-05 15:25:36,https://queue-times.com/parks/16/queue_times.json
2026-10-05T22:30:36.691Z,2026-10-05 15:30:36,2026-10-05,America/Los_Angeles,disneyland,Disneyland,Adventureland,326,Indiana Jones™ Adventure,FALSE,0,2026-10-05T22:25:36.000Z,2026-10-05 15:25:36,https://queue-times.com/parks/16/queue_times.json
2026-10-05T22:30:36.691Z,2026-10-05 15:30:36,2026-10-05,America/Los_Angeles,disneyland,Disneyland,Adventureland,296,Jungle Cruise,TRUE,10,2026-10-05T22:25:36.000Z,2026-10-05 15:25:36,https://queue-times.com/parks/16/queue_times.json
2026-10-05T22:30:36.691Z,2026-10-05 15:30:36,2026-10-05,America/Los_Angeles,disneyland,Disneyland,Adventureland,288,Walt Disney's Enchanted Tiki Room,TRUE,0,2026-10-05T22:25:36.000Z,2026-10-05 15:25:36,https://queue-times.com/parks/16/queue_times.json
2026-10-05T22:30:36.691Z,2026-10-05 15:30:36,2026-10-05,America/Los_Angeles,disneyland,Disneyland,Bayou Country,304,Davy Crockett's Explorer Canoes,FALSE,0,2026-10-05T22:25:36.000Z,2026-10-05 15:25:36,https://queue-times.com/parks/16/queue_times.json
2026-10-05T22:30:36.691Z,2026-10-05 15:30:36,2026-10-05,America/Los_Angeles,disneyland,Disneyland,Bayou Country,306,The Many Adventures of Winnie the Pooh,TRUE,5,2026-10-05T22:25:36.000Z,2026-10-05 15:25:36,https://queue-times.com/parks/16/queue_times.json
2026-10-05T22:30:36.691Z,2026-10-05 15:30:36,2026-10-05,America/Los_Angeles,disneyland,Disneyland,Bayou Country,14168,Tiana's Bayou Adventure,TRUE,55,2026-10-05T22:25:36.000Z,2026-10-05 15:25:36,https://queue-times.com/parks/16/queue_times.json
2026-10-05T22:30:36.691Z,2026-10-05 15:30:36,2026-10-05,America/Los_Angeles,disneyland,Disneyland,Bayou Country,14326,Tiana's Bayou Adventure Single Rider,TRUE,0,2026-10-05T22:25:36.000Z,2026-10-05 15:25:36,https://queue-times.com/parks/16/queue_times.json
2026-10-05T22:30:36.691Z,2026-10-05 15:30:36,2026-10-05,America/Los_Angeles,disneyland,Disneyland,Fantasyland,307,"""it's a small world""",TRUE,5,2026-10-05T22:25:36.000Z,2026-10-05 15:25:36,https://queue-times.com/parks/16/queue_times.json
2026-10-05T22:30:36.691Z,2026-10-05 15:30:36,2026-10-05,America/Los_Angeles,disneyland,Disneyland,Fantasyland,285,Alice in Wonderland,TRUE,10,2026-10-05T22:25:36.000Z,2026-10-05 15:25:36,https://queue-times.com/parks/16/queue_times.json
2026-10-05T22:30:36.691Z,2026-10-05 15:30:36,2026-10-05,America/Los_Angeles,disneyland,Disneyland,Fantasyland,16254,Bluey’s Best Day Ever! at Fantasyland Theatre,TRUE,0,2026-10-05T22:25:36.000Z,2026-10-05 15:25:36,https://queue-times.com/parks/16/queue_times.json
2026-10-05T22:30:36.691Z,2026-10-05 15:30:36,2026-10-05,America/Los_Angeles,disneyland,Disneyland,Fantasyland,303,Casey Jr. Circus Train,TRUE,5,2026-10-05T22:25:36.000Z,2026-10-05 15:25:36,https://queue-times.com/parks/16/queue_times.json
2026-10-05T22:30:36.691Z,2026-10-05 15:30:36,2026-10-05,America/Los_Angeles,disneyland,Disneyland,Fantasyland,275,Dumbo the Flying Elephant,TRUE,10,2026-10-05T22:25:36.000Z,2026-10-05 15:25:36,https://queue-times.com/parks/16/queue_times.json
2026-10-05T22:30:36.691Z,2026-10-05 15:30:36,2026-10-05,America/Los_Angeles,disneyland,Disneyland,Fantasyland,277,King Arthur Carrousel,TRUE,5,2026-10-05T22:25:36.000Z,2026-10-05 15:25:36,https://queue-times.com/parks/16/queue_times.json
2026-10-05T22:30:36.691Z,2026-10-05 15:30:36,2026-10-05,America/Los_Angeles,disneyland,Disneyland,Fantasyland,278,Mad Tea Party,FALSE,0,2026-10-05T22:25:36.000Z,2026-10-05 15:25:36,https://queue-times.com/parks/16/queue_times.json
2026-10-05T22:30:36.691Z,2026-10-05 15:30:36,2026-10-05,America/Los_Angeles,disneyland,Disneyland,Fantasyland,279,Matterhorn Bobsleds,TRUE,15,2026-10-05T22:25:36.000Z,2026-10-05 15:25:36,https://queue-times.com/parks/16/queue_times.json
2026-10-05T22:30:36.691Z,2026-10-05 15:30:36,2026-10-05,America/Los_Angeles,disneyland,Disneyland,Fantasyland,6711,Meet Disney Princesses at Royal Hall,TRUE,20,2026-10-05T22:25:36.000Z,2026-10-05 15:25:36,https://queue-times.com/parks/16/queue_times.json
2026-10-05T22:30:36.691Z,2026-10-05 15:30:36,2026-10-05,America/Los_Angeles,disneyland,Disneyland,Fantasyland,280,Mr. Toad's Wild Ride,TRUE,15,2026-10-05T22:25:36.000Z,2026-10-05 15:25:36,https://queue-times.com/parks/16/queue_times.json
2026-10-05T22:30:36.691Z,2026-10-05 15:30:36,2026-10-05,America/Los_Angeles,disneyland,Disneyland,Fantasyland,281,Peter Pan's Flight,TRUE,25,2026-10-05T22:25:36.000Z,2026-10-05 15:25:36,https://queue-times.com/parks/16/queue_times.json
2026-10-05T22:30:36.691Z,2026-10-05 15:30:36,2026-10-05,America/Los_Angeles,disneyland,Disneyland,Fantasyland,282,Pinocchio's Daring Journey,TRUE,10,2026-10-05T22:25:36.000Z,2026-10-05 15:25:36,https://queue-times.com/parks/16/queue_times.json
2026-10-05T22:30:36.691Z,2026-10-05 15:30:36,2026-10-05,America/Los_Angeles,disneyland,Disneyland,Fantasyland,687,Sleeping Beauty Castle Walkthrough,FALSE,0,2026-10-05T22:25:36.000Z,2026-10-05 15:25:36,https://queue-times.com/parks/16/queue_times.json
2026-10-05T22:30:36.691Z,2026-10-05 15:30:36,2026-10-05,America/Los_Angeles,disneyland,Disneyland,Fantasyland,283,Snow White's Enchanted Wish,TRUE,10,2026-10-05T22:25:36.000Z,2026-10-05 15:25:36,https://queue-times.com/parks/16/queue_times.json
2026-10-05T22:30:36.691Z,2026-10-05 15:30:36,2026-10-05,America/Los_Angeles,disneyland,Disneyland,Fantasyland,305,Storybook Land Canal Boats,TRUE,5,2026-10-05T22:25:36.000Z,2026-10-05 15:25:36,https://queue-times.com/parks/16/queue_times.json
2026-10-05T22:30:36.691Z,2026-10-05 15:30:36,2026-10-05,America/Los_Angeles,disneyland,Disneyland,Frontierland,323,Big Thunder Mountain Railroad,TRUE,20,2026-10-05T22:25:36.000Z,2026-10-05 15:25:36,https://queue-times.com/parks/16/queue_times.json
2026-10-05T22:30:36.691Z,2026-10-05 15:30:36,2026-10-05,America/Los_Angeles,disneyland,Disneyland,Frontierland,679,Frontierland Shootin' Exposition,TRUE,0,2026-10-05T22:25:36.000Z,2026-10-05 15:25:36,https://queue-times.com/parks/16/queue_times.json
2026-10-05T22:30:36.691Z,2026-10-05 15:30:36,2026-10-05,America/Los_Angeles,disneyland,Disneyland,Frontierland,456,Mark Twain Riverboat,TRUE,10,2026-10-05T22:25:36.000Z,2026-10-05 15:25:36,https://queue-times.com/parks/16/queue_times.json
2026-10-05T22:30:36.691Z,2026-10-05 15:30:36,2026-10-05,America/Los_Angeles,disneyland,Disneyland,Frontierland,331,Pirate's Lair on Tom Sawyer Island,TRUE,5,2026-10-05T22:25:36.000Z,2026-10-05 15:25:36,https://queue-times.com/parks/16/queue_times.json
2026-10-05T22:30:36.691Z,2026-10-05 15:30:36,2026-10-05,America/Los_Angeles,disneyland,Disneyland,Frontierland,328,Sailing Ship Columbia,FALSE,0,2026-10-05T22:25:36.000Z,2026-10-05 15:25:36,https://queue-times.com/parks/16/queue_times.json
2026-10-05T22:30:36.691Z,2026-10-05 15:30:36,2026-10-05,America/Los_Angeles,disneyland,Disneyland,Main Street U.S.A,674,Disneyland Railroad,TRUE,10,2026-10-05T22:25:36.000Z,2026-10-05 15:25:36,https://queue-times.com/parks/16/queue_times.json
2026-10-05T22:30:36.691Z,2026-10-05 15:30:36,2026-10-05,America/Los_Angeles,disneyland,Disneyland,Main Street U.S.A,690,Great Moments with Mr. Lincoln,FALSE,0,2026-10-05T22:25:36.000Z,2026-10-05 15:25:36,https://queue-times.com/parks/16/queue_times.json
2026-10-05T22:30:36.691Z,2026-10-05 15:30:36,2026-10-05,America/Los_Angeles,disneyland,Disneyland,Main Street U.S.A,686,Main Street Cinema,TRUE,0,2026-10-05T22:25:36.000Z,2026-10-05 15:25:36,https://queue-times.com/parks/16/queue_times.json
2026-10-05T22:30:36.691Z,2026-10-05 15:30:36,2026-10-05,America/Los_Angeles,disneyland,Disneyland,Main Street U.S.A,691,Main Street Vehicles,FALSE,0,2026-10-05T22:25:36.000Z,2026-10-05 15:25:36,https://queue-times.com/parks/16/queue_times.json
2026-10-05T22:30:36.691Z,2026-10-05 15:30:36,2026-10-05,America/Los_Angeles,disneyland,Disneyland,Main Street U.S.A,14915,Opera House - Walt Disney - A Magical Life,TRUE,0,2026-10-05T22:25:36.000Z,2026-10-05 15:25:36,https://queue-times.com/parks/16/queue_times.json
2026-10-05T22:30:36.691Z,2026-10-05 15:30:36,2026-10-05,America/Los_Angeles,disneyland,Disneyland,Main Street U.S.A,695,The Disney Gallery,TRUE,0,2026-10-05T22:25:36.000Z,2026-10-05 15:25:36,https://queue-times.com/parks/16/queue_times.json
2026-10-05T22:30:36.691Z,2026-10-05 15:30:36,2026-10-05,America/Los_Angeles,disneyland,Disneyland,Main Street U.S.A,14923,Walt Disney - A Magical Life,TRUE,0,2026-10-05T22:25:36.000Z,2026-10-05 15:25:36,https://queue-times.com/parks/16/queue_times.json
2026-10-05T22:30:36.691Z,2026-10-05 15:30:36,2026-10-05,America/Los_Angeles,disneyland,Disneyland,Mickey's Toontown,324,Chip 'n' Dale's GADGETcoaster,TRUE,15,2026-10-05T22:25:36.000Z,2026-10-05 15:25:36,https://queue-times.com/parks/16/queue_times.json
2026-10-05T22:30:36.691Z,2026-10-05 15:30:36,2026-10-05,America/Los_Angeles,disneyland,Disneyland,Mickey's Toontown,13814,Donald's Duck Pond,TRUE,0,2026-10-05T22:25:36.000Z,2026-10-05 15:25:36,https://queue-times.com/parks/16/queue_times.json
2026-10-05T22:30:36.691Z,2026-10-05 15:30:36,2026-10-05,America/Los_Angeles,disneyland,Disneyland,Mickey's Toontown,11980,Goofy's How-to-Play Yard,TRUE,0,2026-10-05T22:25:36.000Z,2026-10-05 15:25:36,https://queue-times.com/parks/16/queue_times.json
2026-10-05T22:30:36.691Z,2026-10-05 15:30:36,2026-10-05,America/Los_Angeles,disneyland,Disneyland,Mickey's Toontown,11526,Mickey & Minnie's Runaway Railway,TRUE,20,2026-10-05T22:25:36.000Z,2026-10-05 15:25:36,https://queue-times.com/parks/16/queue_times.json
2026-10-05T22:30:36.691Z,2026-10-05 15:30:36,2026-10-05,America/Los_Angeles,disneyland,Disneyland,Mickey's Toontown,709,Mickey's House and Meet Mickey Mouse,TRUE,30,2026-10-05T22:25:36.000Z,2026-10-05 15:25:36,https://queue-times.com/parks/16/queue_times.json
2026-10-05T22:30:36.691Z,2026-10-05 15:30:36,2026-10-05,America/Los_Angeles,disneyland,Disneyland,Mickey's Toontown,684,Minnie's House,TRUE,0,2026-10-05T22:25:36.000Z,2026-10-05 15:25:36,https://queue-times.com/parks/16/queue_times.json
2026-10-05T22:30:36.691Z,2026-10-05 15:30:36,2026-10-05,America/Los_Angeles,disneyland,Disneyland,Mickey's Toontown,332,Roger Rabbit's Car Toon Spin,TRUE,10,2026-10-05T22:25:36.000Z,2026-10-05 15:25:36,https://queue-times.com/parks/16/queue_times.json
2026-10-05T22:30:36.691Z,2026-10-05 15:30:36,2026-10-05,America/Los_Angeles,disneyland,Disneyland,New Orleans Square,325,Haunted Mansion Holiday,TRUE,35,2026-10-05T22:25:36.000Z,2026-10-05 15:25:36,https://queue-times.com/parks/16/queue_times.json
2026-10-05T22:30:36.691Z,2026-10-05 15:30:36,2026-10-05,America/Los_Angeles,disneyland,Disneyland,New Orleans Square,289,Pirates of the Caribbean,TRUE,15,2026-10-05T22:25:36.000Z,2026-10-05 15:25:36,https://queue-times.com/parks/16/queue_times.json
2026-10-05T22:30:36.691Z,2026-10-05 15:30:36,2026-10-05,America/Los_Angeles,disneyland,Disneyland,Star Wars: Galaxy's Edge,6339,Millennium Falcon: Smugglers Run,TRUE,10,2026-10-05T22:25:36.000Z,2026-10-05 15:25:36,https://queue-times.com/parks/16/queue_times.json
2026-10-05T22:30:36.691Z,2026-10-05 15:30:36,2026-10-05,America/Los_Angeles,disneyland,Disneyland,Star Wars: Galaxy's Edge,10903,Millennium Falcon: Smugglers Run Single Rider,TRUE,0,2026-10-05T22:25:36.000Z,2026-10-05 15:25:36,https://queue-times.com/parks/16/queue_times.json
2026-10-05T22:30:36.691Z,2026-10-05 15:30:36,2026-10-05,America/Los_Angeles,disneyland,Disneyland,Star Wars: Galaxy's Edge,6340,Star Wars: Rise of the Resistance,TRUE,30,2026-10-05T22:25:36.000Z,2026-10-05 15:25:36,https://queue-times.com/parks/16/queue_times.json
2026-10-05T22:30:36.691Z,2026-10-05 15:30:36,2026-10-05,America/Los_Angeles,disneyland,Disneyland,Tomorrowland,287,Astro Orbitor,TRUE,5,2026-10-05T22:25:36.000Z,2026-10-05 15:25:36,https://queue-times.com/parks/16/queue_times.json
2026-10-05T22:30:36.691Z,2026-10-05 15:30:36,2026-10-05,America/Los_Angeles,disneyland,Disneyland,Tomorrowland,317,Autopia,TRUE,10,2026-10-05T22:25:36.000Z,2026-10-05 15:25:36,https://queue-times.com/parks/16/queue_times.json
2026-10-05T22:30:36.691Z,2026-10-05 15:30:36,2026-10-05,America/Los_Angeles,disneyland,Disneyland,Tomorrowland,273,Buzz Lightyear Astro Blasters,TRUE,15,2026-10-05T22:25:36.000Z,2026-10-05 15:25:36,https://queue-times.com/parks/16/queue_times.json
2026-10-05T22:30:36.691Z,2026-10-05 15:30:36,2026-10-05,America/Los_Angeles,disneyland,Disneyland,Tomorrowland,274,Disneyland Monorail,FALSE,0,2026-10-05T22:25:36.000Z,2026-10-05 15:25:36,https://queue-times.com/parks/16/queue_times.json
2026-10-05T22:30:36.691Z,2026-10-05 15:30:36,2026-10-05,America/Los_Angeles,disneyland,Disneyland,Tomorrowland,276,Finding Nemo Submarine Voyage,TRUE,15,2026-10-05T22:25:36.000Z,2026-10-05 15:25:36,https://queue-times.com/parks/16/queue_times.json
2026-10-05T22:30:36.691Z,2026-10-05 15:30:36,2026-10-05,America/Los_Angeles,disneyland,Disneyland,Tomorrowland,16627,Pixar Short Film Spotlight,FALSE,0,2026-10-05T22:25:36.000Z,2026-10-05 15:25:36,https://queue-times.com/parks/16/queue_times.json
2026-10-05T22:30:36.691Z,2026-10-05 15:30:36,2026-10-05,America/Los_Angeles,disneyland,Disneyland,Tomorrowland,284,Space Mountain,TRUE,15,2026-10-05T22:25:36.000Z,2026-10-05 15:25:36,https://queue-times.com/parks/16/queue_times.json
2026-10-05T22:30:36.691Z,2026-10-05 15:30:36,2026-10-05,America/Los_Angeles,disneyland,Disneyland,Tomorrowland,286,Star Tours - The Adventures Continue,TRUE,10,2026-10-05T22:25:36.000Z,2026-10-05 15:25:36,https://queue-times.com/parks/16/queue_times.json
2026-10-05T22:30:36.691Z,2026-10-05 15:30:36,2026-10-05,America/Los_Angeles,dca,Disney California Adventure,Avengers Campus,329,Guardians of the Galaxy - Mission: BREAKOUT!,FALSE,0,2026-10-05T22:25:42.000Z,2026-10-05 15:25:42,https://queue-times.com/parks/17/queue_times.json
2026-10-05T22:30:36.691Z,2026-10-05 15:30:36,2026-10-05,America/Los_Angeles,dca,Disney California Adventure,Avengers Campus,8843,WEB SLINGERS: A Spider-Man Adventure,TRUE,35,2026-10-05T22:25:42.000Z,2026-10-05 15:25:42,https://queue-times.com/parks/17/queue_times.json
2026-10-05T22:30:36.691Z,2026-10-05 15:30:36,2026-10-05,America/Los_Angeles,dca,Disney California Adventure,Avengers Campus,10907,WEB SLINGERS: A Spider-Man Adventure Single Rider,TRUE,0,2026-10-05T22:25:42.000Z,2026-10-05 15:25:42,https://queue-times.com/parks/17/queue_times.json
2026-10-05T22:30:36.691Z,2026-10-05 15:30:36,2026-10-05,America/Los_Angeles,dca,Disney California Adventure,Cars Land,2608,Luigi's Honkin' Haul-O-Ween,TRUE,10,2026-10-05T22:25:42.000Z,2026-10-05 15:25:42,https://queue-times.com/parks/17/queue_times.json
2026-10-05T22:30:36.691Z,2026-10-05 15:30:36,2026-10-05,America/Los_Angeles,dca,Disney California Adventure,Cars Land,295,Radiator Springs Racers,TRUE,25,2026-10-05T22:25:42.000Z,2026-10-05 15:25:42,https://queue-times.com/parks/17/queue_times.json
2026-10-05T22:30:36.691Z,2026-10-05 15:30:36,2026-10-05,America/Los_Angeles,dca,Disney California Adventure,Cars Land,10904,Radiator Springs Racers Single Rider,TRUE,0,2026-10-05T22:25:42.000Z,2026-10-05 15:25:42,https://queue-times.com/parks/17/queue_times.json
2026-10-05T22:30:36.691Z,2026-10-05 15:30:36,2026-10-05,America/Los_Angeles,dca,Disney California Adventure,Grizzly Peak,302,Grizzly River Run,TRUE,50,2026-10-05T22:25:42.000Z,2026-10-05 15:25:42,https://queue-times.com/parks/17/queue_times.json
2026-10-05T22:30:36.691Z,2026-10-05 15:30:36,2026-10-05,America/Los_Angeles,dca,Disney California Adventure,Grizzly Peak,293,Redwood Creek Challenge Trail,TRUE,5,2026-10-05T22:25:42.000Z,2026-10-05 15:25:42,https://queue-times.com/parks/17/queue_times.json
2026-10-05T22:30:36.691Z,2026-10-05 15:30:36,2026-10-05,America/Los_Angeles,dca,Disney California Adventure,Grizzly Peak,17129,Soarin’ Across America,TRUE,40,2026-10-05T22:25:42.000Z,2026-10-05 15:25:42,https://queue-times.com/parks/17/queue_times.json
2026-10-05T22:30:36.691Z,2026-10-05 15:30:36,2026-10-05,America/Los_Angeles,dca,Disney California Adventure,Hollywood Land,321,Animation Academy,TRUE,0,2026-10-05T22:25:42.000Z,2026-10-05 15:25:42,https://queue-times.com/parks/17/queue_times.json
2026-10-05T22:30:36.691Z,2026-10-05 15:30:36,2026-10-05,America/Los_Angeles,dca,Disney California Adventure,Hollywood Land,6440,Mickey's PhilharMagic,TRUE,10,2026-10-05T22:25:42.000Z,2026-10-05 15:25:42,https://queue-times.com/parks/17/queue_times.json
2026-10-05T22:30:36.691Z,2026-10-05 15:30:36,2026-10-05,America/Los_Angeles,dca,Disney California Adventure,Hollywood Land,291,"Monsters, Inc. Mike & Sulley to the Rescue!",TRUE,40,2026-10-05T22:25:42.000Z,2026-10-05 15:25:42,https://queue-times.com/parks/17/queue_times.json
2026-10-05T22:30:36.691Z,2026-10-05 15:30:36,2026-10-05,America/Los_Angeles,dca,Disney California Adventure,Hollywood Land,868,Sorcerer's Workshop,TRUE,0,2026-10-05T22:25:42.000Z,2026-10-05 15:25:42,https://queue-times.com/parks/17/queue_times.json
2026-10-05T22:30:36.691Z,2026-10-05 15:30:36,2026-10-05,America/Los_Angeles,dca,Disney California Adventure,Hollywood Land,294,Turtle Talk with Crush,TRUE,0,2026-10-05T22:25:42.000Z,2026-10-05 15:25:42,https://queue-times.com/parks/17/queue_times.json
2026-10-05T22:30:36.691Z,2026-10-05 15:30:36,2026-10-05,America/Los_Angeles,dca,Disney California Adventure,Pacific Wharf,869,The Bakery Tour,TRUE,0,2026-10-05T22:25:42.000Z,2026-10-05 15:25:42,https://queue-times.com/parks/17/queue_times.json
2026-10-05T22:30:36.691Z,2026-10-05 15:30:36,2026-10-05,America/Los_Angeles,dca,Disney California Adventure,Paradise Gardens Park,298,Golden Zephyr,FALSE,0,2026-10-05T22:25:42.000Z,2026-10-05 15:25:42,https://queue-times.com/parks/17/queue_times.json
2026-10-05T22:30:36.691Z,2026-10-05 15:30:36,2026-10-05,America/Los_Angeles,dca,Disney California Adventure,Paradise Gardens Park,319,Goofy's Sky School,TRUE,25,2026-10-05T22:25:42.000Z,2026-10-05 15:25:42,https://queue-times.com/parks/17/queue_times.json
2026-10-05T22:30:36.691Z,2026-10-05 15:30:36,2026-10-05,America/Los_Angeles,dca,Disney California Adventure,Paradise Gardens Park,301,Silly Symphony Swings,TRUE,5,2026-10-05T22:25:42.000Z,2026-10-05 15:25:42,https://queue-times.com/parks/17/queue_times.json
2026-10-05T22:30:36.691Z,2026-10-05 15:30:36,2026-10-05,America/Los_Angeles,dca,Disney California Adventure,Paradise Gardens Park,10905,Silly Symphony Swings Single Rider,TRUE,0,2026-10-05T22:25:42.000Z,2026-10-05 15:25:42,https://queue-times.com/parks/17/queue_times.json
2026-10-05T22:30:36.691Z,2026-10-05 15:30:36,2026-10-05,America/Los_Angeles,dca,Disney California Adventure,Paradise Gardens Park,316,The Little Mermaid - Ariel's Undersea Adventure,TRUE,30,2026-10-05T22:25:42.000Z,2026-10-05 15:25:42,https://queue-times.com/parks/17/queue_times.json
2026-10-05T22:30:36.691Z,2026-10-05 15:30:36,2026-10-05,America/Los_Angeles,dca,Disney California Adventure,Paradise Gardens Park,11528,World of Color – ONE,TRUE,0,2026-10-05T22:25:42.000Z,2026-10-05 15:25:42,https://queue-times.com/parks/17/queue_times.json
2026-10-05T22:30:36.691Z,2026-10-05 15:30:36,2026-10-05,America/Los_Angeles,dca,Disney California Adventure,Pixar Pier,866,Games of Pixar Pier,TRUE,5,2026-10-05T22:25:42.000Z,2026-10-05 15:25:42,https://queue-times.com/parks/17/queue_times.json
2026-10-05T22:30:36.691Z,2026-10-05 15:30:36,2026-10-05,America/Los_Angeles,dca,Disney California Adventure,Pixar Pier,322,Incredicoaster,TRUE,35,2026-10-05T22:25:42.000Z,2026-10-05 15:25:42,https://queue-times.com/parks/17/queue_times.json
2026-10-05T22:30:36.691Z,2026-10-05 15:30:36,2026-10-05,America/Los_Angeles,dca,Disney California Adventure,Pixar Pier,10906,Incredicoaster Single Rider,TRUE,0,2026-10-05T22:25:42.000Z,2026-10-05 15:25:42,https://queue-times.com/parks/17/queue_times.json
2026-10-05T22:30:36.691Z,2026-10-05 15:30:36,2026-10-05,America/Los_Angeles,dca,Disney California Adventure,Pixar Pier,6643,Inside Out Emotional Whirlwind,FALSE,0,2026-10-05T22:25:42.000Z,2026-10-05 15:25:42,https://queue-times.com/parks/17/queue_times.json
2026-10-05T22:30:36.691Z,2026-10-05 15:30:36,2026-10-05,America/Los_Angeles,dca,Disney California Adventure,Pixar Pier,310,Jessie's Critter Carousel,TRUE,5,2026-10-05T22:25:42.000Z,2026-10-05 15:25:42,https://queue-times.com/parks/17/queue_times.json
2026-10-05T22:30:36.691Z,2026-10-05 15:30:36,2026-10-05,America/Los_Angeles,dca,Disney California Adventure,Pixar Pier,300,Jumpin' Jellyfish,TRUE,10,2026-10-05T22:25:42.000Z,2026-10-05 15:25:42,https://queue-times.com/parks/17/queue_times.json
2026-10-05T22:30:36.691Z,2026-10-05 15:30:36,2026-10-05,America/Los_Angeles,dca,Disney California Adventure,Pixar Pier,311,Pixar Pal-A-Round - Swinging,TRUE,10,2026-10-05T22:25:42.000Z,2026-10-05 15:25:42,https://queue-times.com/parks/17/queue_times.json
2026-10-05T22:30:36.691Z,2026-10-05 15:30:36,2026-10-05,America/Los_Angeles,dca,Disney California Adventure,Pixar Pier,5557,Pixar Pal-A-Round – Non-Swinging,TRUE,10,2026-10-05T22:25:42.000Z,2026-10-05 15:25:42,https://queue-times.com/parks/17/queue_times.json
2026-10-05T22:30:36.691Z,2026-10-05 15:30:36,2026-10-05,America/Los_Angeles,dca,Disney California Adventure,Pixar Pier,313,Toy Story Midway Mania!,TRUE,40,2026-10-05T22:25:42.000Z,2026-10-05 15:25:42,https://queue-times.com/parks/17/queue_times.json
2026-10-05T22:30:36.691Z,2026-10-05 15:30:36,2026-10-05,America/Los_Angeles,dca,Disney California Adventure,Halloween,5146,Guardians of the Galaxy - Monsters After Dark,TRUE,30,2026-10-05T22:25:42.000Z,2026-10-05 15:25:42,https://queue-times.com/parks/17/queue_times.json
2026-10-05T22:30:36.691Z,2026-10-05 15:30:36,2026-10-05,America/Los_Angeles,dca,Disney California Adventure,Halloween,4723,Mater's Graveyard JamBOOree,TRUE,5,2026-10-05T22:25:42.000Z,2026-10-05 15:25:42,https://queue-times.com/parks/17/queue_times.json
2026-10-05T22:30:36.691Z,2026-10-05 15:30:36,2026-10-05,America/Los_Angeles,dca,Disney California Adventure,Halloween,7292,Villains Grove at Oogie Boogie Bash,FALSE,0,2026-10-05T22:25:42.000Z,2026-10-05 15:25:42,https://queue-times.com/parks/17/queue_times.json
2026-10-05T22:45:35.947Z,2026-10-05 15:45:35,2026-10-05,America/Los_Angeles,disneyland,Disneyland,Adventureland,12428,Adventureland Treehouse inspired by Walt Disney’s Swiss Family Robinson,TRUE,0,2026-10-05T22:40:34.000Z,2026-10-05 15:40:34,https://queue-times.com/parks/16/queue_times.json
2026-10-05T22:45:35.947Z,2026-10-05 15:45:35,2026-10-05,America/Los_Angeles,disneyland,Disneyland,Adventureland,326,Indiana Jones™ Adventure,FALSE,0,2026-10-05T22:40:34.000Z,2026-10-05 15:40:34,https://queue-times.com/parks/16/queue_times.json
2026-10-05T22:45:35.947Z,2026-10-05 15:45:35,2026-10-05,America/Los_Angeles,disneyland,Disneyland,Adventureland,296,Jungle Cruise,TRUE,10,2026-10-05T22:40:34.000Z,2026-10-05 15:40:34,https://queue-times.com/parks/16/queue_times.json
2026-10-05T22:45:35.947Z,2026-10-05 15:45:35,2026-10-05,America/Los_Angeles,disneyland,Disneyland,Adventureland,288,Walt Disney's Enchanted Tiki Room,TRUE,0,2026-10-05T22:40:34.000Z,2026-10-05 15:40:34,https://queue-times.com/parks/16/queue_times.json
2026-10-05T22:45:35.947Z,2026-10-05 15:45:35,2026-10-05,America/Los_Angeles,disneyland,Disneyland,Bayou Country,304,Davy Crockett's Explorer Canoes,FALSE,0,2026-10-05T22:40:34.000Z,2026-10-05 15:40:34,https://queue-times.com/parks/16/queue_times.json
2026-10-05T22:45:35.947Z,2026-10-05 15:45:35,2026-10-05,America/Los_Angeles,disneyland,Disneyland,Bayou Country,306,The Many Adventures of Winnie the Pooh,TRUE,5,2026-10-05T22:40:34.000Z,2026-10-05 15:40:34,https://queue-times.com/parks/16/queue_times.json
2026-10-05T22:45:35.947Z,2026-10-05 15:45:35,2026-10-05,America/Los_Angeles,disneyland,Disneyland,Bayou Country,14168,Tiana's Bayou Adventure,TRUE,40,2026-10-05T22:40:34.000Z,2026-10-05 15:40:34,https://queue-times.com/parks/16/queue_times.json
2026-10-05T22:45:35.947Z,2026-10-05 15:45:35,2026-10-05,America/Los_Angeles,disneyland,Disneyland,Bayou Country,14326,Tiana's Bayou Adventure Single Rider,TRUE,0,2026-10-05T22:40:34.000Z,2026-10-05 15:40:34,https://queue-times.com/parks/16/queue_times.json
2026-10-05T22:45:35.947Z,2026-10-05 15:45:35,2026-10-05,America/Los_Angeles,disneyland,Disneyland,Fantasyland,307,"""it's a small world""",TRUE,5,2026-10-05T22:40:34.000Z,2026-10-05 15:40:34,https://queue-times.com/parks/16/queue_times.json
2026-10-05T22:45:35.947Z,2026-10-05 15:45:35,2026-10-05,America/Los_Angeles,disneyland,Disneyland,Fantasyland,285,Alice in Wonderland,TRUE,15,2026-10-05T22:40:34.000Z,2026-10-05 15:40:34,https://queue-times.com/parks/16/queue_times.json
2026-10-05T22:45:35.947Z,2026-10-05 15:45:35,2026-10-05,America/Los_Angeles,disneyland,Disneyland,Fantasyland,16254,Bluey’s Best Day Ever! at Fantasyland Theatre,TRUE,0,2026-10-05T22:40:34.000Z,2026-10-05 15:40:34,https://queue-times.com/parks/16/queue_times.json
2026-10-05T22:45:35.947Z,2026-10-05 15:45:35,2026-10-05,America/Los_Angeles,disneyland,Disneyland,Fantasyland,303,Casey Jr. Circus Train,TRUE,5,2026-10-05T22:40:34.000Z,2026-10-05 15:40:34,https://queue-times.com/parks/16/queue_times.json
2026-10-05T22:45:35.947Z,2026-10-05 15:45:35,2026-10-05,America/Los_Angeles,disneyland,Disneyland,Fantasyland,275,Dumbo the Flying Elephant,TRUE,10,2026-10-05T22:40:34.000Z,2026-10-05 15:40:34,https://queue-times.com/parks/16/queue_times.json
2026-10-05T22:45:35.947Z,2026-10-05 15:45:35,2026-10-05,America/Los_Angeles,disneyland,Disneyland,Fantasyland,277,King Arthur Carrousel,TRUE,5,2026-10-05T22:40:34.000Z,2026-10-05 15:40:34,https://queue-times.com/parks/16/queue_times.json
2026-10-05T22:45:35.947Z,2026-10-05 15:45:35,2026-10-05,America/Los_Angeles,disneyland,Disneyland,Fantasyland,278,Mad Tea Party,FALSE,0,2026-10-05T22:40:34.000Z,2026-10-05 15:40:34,https://queue-times.com/parks/16/queue_times.json
2026-10-05T22:45:35.947Z,2026-10-05 15:45:35,2026-10-05,America/Los_Angeles,disneyland,Disneyland,Fantasyland,279,Matterhorn Bobsleds,TRUE,15,2026-10-05T22:40:34.000Z,2026-10-05 15:40:34,https://queue-times.com/parks/16/queue_times.json
2026-10-05T22:45:35.947Z,2026-10-05 15:45:35,2026-10-05,America/Los_Angeles,disneyland,Disneyland,Fantasyland,6711,Meet Disney Princesses at Royal Hall,TRUE,20,2026-10-05T22:40:34.000Z,2026-10-05 15:40:34,https://queue-times.com/parks/16/queue_times.json
2026-10-05T22:45:35.947Z,2026-10-05 15:45:35,2026-10-05,America/Los_Angeles,disneyland,Disneyland,Fantasyland,280,Mr. Toad's Wild Ride,TRUE,15,2026-10-05T22:40:34.000Z,2026-10-05 15:40:34,https://queue-times.com/parks/16/queue_times.json
2026-10-05T22:45:35.947Z,2026-10-05 15:45:35,2026-10-05,America/Los_Angeles,disneyland,Disneyland,Fantasyland,281,Peter Pan's Flight,TRUE,25,2026-10-05T22:40:34.000Z,2026-10-05 15:40:34,https://queue-times.com/parks/16/queue_times.json
2026-10-05T22:45:35.947Z,2026-10-05 15:45:35,2026-10-05,America/Los_Angeles,disneyland,Disneyland,Fantasyland,282,Pinocchio's Daring Journey,TRUE,10,2026-10-05T22:40:34.000Z,2026-10-05 15:40:34,https://queue-times.com/parks/16/queue_times.json
2026-10-05T22:45:35.947Z,2026-10-05 15:45:35,2026-10-05,America/Los_Angeles,disneyland,Disneyland,Fantasyland,687,Sleeping Beauty Castle Walkthrough,FALSE,0,2026-10-05T22:40:34.000Z,2026-10-05 15:40:34,https://queue-times.com/parks/16/queue_times.json
2026-10-05T22:45:35.947Z,2026-10-05 15:45:35,2026-10-05,America/Los_Angeles,disneyland,Disneyland,Fantasyland,283,Snow White's Enchanted Wish,TRUE,10,2026-10-05T22:40:34.000Z,2026-10-05 15:40:34,https://queue-times.com/parks/16/queue_times.json
2026-10-05T22:45:35.947Z,2026-10-05 15:45:35,2026-10-05,America/Los_Angeles,disneyland,Disneyland,Fantasyland,305,Storybook Land Canal Boats,TRUE,5,2026-10-05T22:40:34.000Z,2026-10-05 15:40:34,https://queue-times.com/parks/16/queue_times.json
2026-10-05T22:45:35.947Z,2026-10-05 15:45:35,2026-10-05,America/Los_Angeles,disneyland,Disneyland,Frontierland,323,Big Thunder Mountain Railroad,TRUE,20,2026-10-05T22:40:34.000Z,2026-10-05 15:40:34,https://queue-times.com/parks/16/queue_times.json
2026-10-05T22:45:35.947Z,2026-10-05 15:45:35,2026-10-05,America/Los_Angeles,disneyland,Disneyland,Frontierland,679,Frontierland Shootin' Exposition,TRUE,0,2026-10-05T22:40:34.000Z,2026-10-05 15:40:34,https://queue-times.com/parks/16/queue_times.json
2026-10-05T22:45:35.947Z,2026-10-05 15:45:35,2026-10-05,America/Los_Angeles,disneyland,Disneyland,Frontierland,456,Mark Twain Riverboat,TRUE,10,2026-10-05T22:40:34.000Z,2026-10-05 15:40:34,https://queue-times.com/parks/16/queue_times.json
2026-10-05T22:45:35.947Z,2026-10-05 15:45:35,2026-10-05,America/Los_Angeles,disneyland,Disneyland,Frontierland,331,Pirate's Lair on Tom Sawyer Island,TRUE,5,2026-10-05T22:40:34.000Z,2026-10-05 15:40:34,https://queue-times.com/parks/16/queue_times.json
2026-10-05T22:45:35.947Z,2026-10-05 15:45:35,2026-10-05,America/Los_Angeles,disneyland,Disneyland,Frontierland,328,Sailing Ship Columbia,FALSE,0,2026-10-05T22:40:34.000Z,2026-10-05 15:40:34,https://queue-times.com/parks/16/queue_times.json
2026-10-05T22:45:35.947Z,2026-10-05 15:45:35,2026-10-05,America/Los_Angeles,disneyland,Disneyland,Main Street U.S.A,674,Disneyland Railroad,TRUE,10,2026-10-05T22:40:34.000Z,2026-10-05 15:40:34,https://queue-times.com/parks/16/queue_times.json
2026-10-05T22:45:35.947Z,2026-10-05 15:45:35,2026-10-05,America/Los_Angeles,disneyland,Disneyland,Main Street U.S.A,690,Great Moments with Mr. Lincoln,FALSE,0,2026-10-05T22:40:34.000Z,2026-10-05 15:40:34,https://queue-times.com/parks/16/queue_times.json
2026-10-05T22:45:35.947Z,2026-10-05 15:45:35,2026-10-05,America/Los_Angeles,disneyland,Disneyland,Main Street U.S.A,686,Main Street Cinema,TRUE,0,2026-10-05T22:40:34.000Z,2026-10-05 15:40:34,https://queue-times.com/parks/16/queue_times.json
2026-10-05T22:45:35.947Z,2026-10-05 15:45:35,2026-10-05,America/Los_Angeles,disneyland,Disneyland,Main Street U.S.A,691,Main Street Vehicles,FALSE,0,2026-10-05T22:40:34.000Z,2026-10-05 15:40:34,https://queue-times.com/parks/16/queue_times.json
2026-10-05T22:45:35.947Z,2026-10-05 15:45:35,2026-10-05,America/Los_Angeles,disneyland,Disneyland,Main Street U.S.A,14915,Opera House - Walt Disney - A Magical Life,TRUE,0,2026-10-05T22:40:34.000Z,2026-10-05 15:40:34,https://queue-times.com/parks/16/queue_times.json
2026-10-05T22:45:35.947Z,2026-10-05 15:45:35,2026-10-05,America/Los_Angeles,disneyland,Disneyland,Main Street U.S.A,695,The Disney Gallery,TRUE,0,2026-10-05T22:40:34.000Z,2026-10-05 15:40:34,https://queue-times.com/parks/16/queue_times.json
2026-10-05T22:45:35.947Z,2026-10-05 15:45:35,2026-10-05,America/Los_Angeles,disneyland,Disneyland,Main Street U.S.A,14923,Walt Disney - A Magical Life,TRUE,0,2026-10-05T22:40:34.000Z,2026-10-05 15:40:34,https://queue-times.com/parks/16/queue_times.json
2026-10-05T22:45:35.947Z,2026-10-05 15:45:35,2026-10-05,America/Los_Angeles,disneyland,Disneyland,Mickey's Toontown,324,Chip 'n' Dale's GADGETcoaster,TRUE,15,2026-10-05T22:40:34.000Z,2026-10-05 15:40:34,https://queue-times.com/parks/16/queue_times.json
2026-10-05T22:45:35.947Z,2026-10-05 15:45:35,2026-10-05,America/Los_Angeles,disneyland,Disneyland,Mickey's Toontown,13814,Donald's Duck Pond,TRUE,0,2026-10-05T22:40:34.000Z,2026-10-05 15:40:34,https://queue-times.com/parks/16/queue_times.json
2026-10-05T22:45:35.947Z,2026-10-05 15:45:35,2026-10-05,America/Los_Angeles,disneyland,Disneyland,Mickey's Toontown,11980,Goofy's How-to-Play Yard,TRUE,0,2026-10-05T22:40:34.000Z,2026-10-05 15:40:34,https://queue-times.com/parks/16/queue_times.json
2026-10-05T22:45:35.947Z,2026-10-05 15:45:35,2026-10-05,America/Los_Angeles,disneyland,Disneyland,Mickey's Toontown,11526,Mickey & Minnie's Runaway Railway,TRUE,20,2026-10-05T22:40:34.000Z,2026-10-05 15:40:34,https://queue-times.com/parks/16/queue_times.json
2026-10-05T22:45:35.947Z,2026-10-05 15:45:35,2026-10-05,America/Los_Angeles,disneyland,Disneyland,Mickey's Toontown,709,Mickey's House and Meet Mickey Mouse,TRUE,30,2026-10-05T22:40:34.000Z,2026-10-05 15:40:34,https://queue-times.com/parks/16/queue_times.json
2026-10-05T22:45:35.947Z,2026-10-05 15:45:35,2026-10-05,America/Los_Angeles,disneyland,Disneyland,Mickey's Toontown,684,Minnie's House,TRUE,0,2026-10-05T22:40:34.000Z,2026-10-05 15:40:34,https://queue-times.com/parks/16/queue_times.json
2026-10-05T22:45:35.947Z,2026-10-05 15:45:35,2026-10-05,America/Los_Angeles,disneyland,Disneyland,Mickey's Toontown,332,Roger Rabbit's Car Toon Spin,TRUE,60,2026-10-05T22:40:34.000Z,2026-10-05 15:40:34,https://queue-times.com/parks/16/queue_times.json
2026-10-05T22:45:35.947Z,2026-10-05 15:45:35,2026-10-05,America/Los_Angeles,disneyland,Disneyland,New Orleans Square,325,Haunted Mansion Holiday,TRUE,35,2026-10-05T22:40:34.000Z,2026-10-05 15:40:34,https://queue-times.com/parks/16/queue_times.json
2026-10-05T22:45:35.947Z,2026-10-05 15:45:35,2026-10-05,America/Los_Angeles,disneyland,Disneyland,New Orleans Square,289,Pirates of the Caribbean,TRUE,15,2026-10-05T22:40:34.000Z,2026-10-05 15:40:34,https://queue-times.com/parks/16/queue_times.json
2026-10-05T22:45:35.947Z,2026-10-05 15:45:35,2026-10-05,America/Los_Angeles,disneyland,Disneyland,Star Wars: Galaxy's Edge,6339,Millennium Falcon: Smugglers Run,TRUE,10,2026-10-05T22:40:34.000Z,2026-10-05 15:40:34,https://queue-times.com/parks/16/queue_times.json
2026-10-05T22:45:35.947Z,2026-10-05 15:45:35,2026-10-05,America/Los_Angeles,disneyland,Disneyland,Star Wars: Galaxy's Edge,10903,Millennium Falcon: Smugglers Run Single Rider,TRUE,0,2026-10-05T22:40:34.000Z,2026-10-05 15:40:34,https://queue-times.com/parks/16/queue_times.json
2026-10-05T22:45:35.947Z,2026-10-05 15:45:35,2026-10-05,America/Los_Angeles,disneyland,Disneyland,Star Wars: Galaxy's Edge,6340,Star Wars: Rise of the Resistance,TRUE,20,2026-10-05T22:40:34.000Z,2026-10-05 15:40:34,https://queue-times.com/parks/16/queue_times.json
2026-10-05T22:45:35.947Z,2026-10-05 15:45:35,2026-10-05,America/Los_Angeles,disneyland,Disneyland,Tomorrowland,287,Astro Orbitor,TRUE,5,2026-10-05T22:40:34.000Z,2026-10-05 15:40:34,https://queue-times.com/parks/16/queue_times.json
2026-10-05T22:45:35.947Z,2026-10-05 15:45:35,2026-10-05,America/Los_Angeles,disneyland,Disneyland,Tomorrowland,317,Autopia,TRUE,10,2026-10-05T22:40:34.000Z,2026-10-05 15:40:34,https://queue-times.com/parks/16/queue_times.json
2026-10-05T22:45:35.947Z,2026-10-05 15:45:35,2026-10-05,America/Los_Angeles,disneyland,Disneyland,Tomorrowland,273,Buzz Lightyear Astro Blasters,TRUE,10,2026-10-05T22:40:34.000Z,2026-10-05 15:40:34,https://queue-times.com/parks/16/queue_times.json
2026-10-05T22:45:35.947Z,2026-10-05 15:45:35,2026-10-05,America/Los_Angeles,disneyland,Disneyland,Tomorrowland,274,Disneyland Monorail,FALSE,0,2026-10-05T22:40:34.000Z,2026-10-05 15:40:34,https://queue-times.com/parks/16/queue_times.json
2026-10-05T22:45:35.947Z,2026-10-05 15:45:35,2026-10-05,America/Los_Angeles,disneyland,Disneyland,Tomorrowland,276,Finding Nemo Submarine Voyage,TRUE,15,2026-10-05T22:40:34.000Z,2026-10-05 15:40:34,https://queue-times.com/parks/16/queue_times.json
2026-10-05T22:45:35.947Z,2026-10-05 15:45:35,2026-10-05,America/Los_Angeles,disneyland,Disneyland,Tomorrowland,16627,Pixar Short Film Spotlight,FALSE,0,2026-10-05T22:40:34.000Z,2026-10-05 15:40:34,https://queue-times.com/parks/16/queue_times.json
2026-10-05T22:45:35.947Z,2026-10-05 15:45:35,2026-10-05,America/Los_Angeles,disneyland,Disneyland,Tomorrowland,284,Space Mountain,TRUE,25,2026-10-05T22:40:34.000Z,2026-10-05 15:40:34,https://queue-times.com/parks/16/queue_times.json
2026-10-05T22:45:35.947Z,2026-10-05 15:45:35,2026-10-05,America/Los_Angeles,disneyland,Disneyland,Tomorrowland,286,Star Tours - The Adventures Continue,TRUE,10,2026-10-05T22:40:34.000Z,2026-10-05 15:40:34,https://queue-times.com/parks/16/queue_times.json
2026-10-05T22:45:35.947Z,2026-10-05 15:45:35,2026-10-05,America/Los_Angeles,dca,Disney California Adventure,Avengers Campus,329,Guardians of the Galaxy - Mission: BREAKOUT!,FALSE,0,2026-10-05T22:40:41.000Z,2026-10-05 15:40:41,https://queue-times.com/parks/17/queue_times.json
2026-10-05T22:45:35.947Z,2026-10-05 15:45:35,2026-10-05,America/Los_Angeles,dca,Disney California Adventure,Avengers Campus,8843,WEB SLINGERS: A Spider-Man Adventure,TRUE,25,2026-10-05T22:40:41.000Z,2026-10-05 15:40:41,https://queue-times.com/parks/17/queue_times.json
2026-10-05T22:45:35.947Z,2026-10-05 15:45:35,2026-10-05,America/Los_Angeles,dca,Disney California Adventure,Avengers Campus,10907,WEB SLINGERS: A Spider-Man Adventure Single Rider,TRUE,0,2026-10-05T22:40:41.000Z,2026-10-05 15:40:41,https://queue-times.com/parks/17/queue_times.json
2026-10-05T22:45:35.947Z,2026-10-05 15:45:35,2026-10-05,America/Los_Angeles,dca,Disney California Adventure,Cars Land,2608,Luigi's Honkin' Haul-O-Ween,TRUE,10,2026-10-05T22:40:41.000Z,2026-10-05 15:40:41,https://queue-times.com/parks/17/queue_times.json
2026-10-05T22:45:35.947Z,2026-10-05 15:45:35,2026-10-05,America/Los_Angeles,dca,Disney California Adventure,Cars Land,295,Radiator Springs Racers,TRUE,55,2026-10-05T22:40:41.000Z,2026-10-05 15:40:41,https://queue-times.com/parks/17/queue_times.json
2026-10-05T22:45:35.947Z,2026-10-05 15:45:35,2026-10-05,America/Los_Angeles,dca,Disney California Adventure,Cars Land,10904,Radiator Springs Racers Single Rider,TRUE,0,2026-10-05T22:40:41.000Z,2026-10-05 15:40:41,https://queue-times.com/parks/17/queue_times.json
2026-10-05T22:45:35.947Z,2026-10-05 15:45:35,2026-10-05,America/Los_Angeles,dca,Disney California Adventure,Grizzly Peak,302,Grizzly River Run,TRUE,50,2026-10-05T22:40:41.000Z,2026-10-05 15:40:41,https://queue-times.com/parks/17/queue_times.json
2026-10-05T22:45:35.947Z,2026-10-05 15:45:35,2026-10-05,America/Los_Angeles,dca,Disney California Adventure,Grizzly Peak,293,Redwood Creek Challenge Trail,TRUE,5,2026-10-05T22:40:41.000Z,2026-10-05 15:40:41,https://queue-times.com/parks/17/queue_times.json
2026-10-05T22:45:35.947Z,2026-10-05 15:45:35,2026-10-05,America/Los_Angeles,dca,Disney California Adventure,Grizzly Peak,17129,Soarin’ Across America,TRUE,40,2026-10-05T22:40:41.000Z,2026-10-05 15:40:41,https://queue-times.com/parks/17/queue_times.json
2026-10-05T22:45:35.947Z,2026-10-05 15:45:35,2026-10-05,America/Los_Angeles,dca,Disney California Adventure,Hollywood Land,321,Animation Academy,TRUE,0,2026-10-05T22:40:41.000Z,2026-10-05 15:40:41,https://queue-times.com/parks/17/queue_times.json
2026-10-05T22:45:35.947Z,2026-10-05 15:45:35,2026-10-05,America/Los_Angeles,dca,Disney California Adventure,Hollywood Land,6440,Mickey's PhilharMagic,TRUE,10,2026-10-05T22:40:41.000Z,2026-10-05 15:40:41,https://queue-times.com/parks/17/queue_times.json
2026-10-05T22:45:35.947Z,2026-10-05 15:45:35,2026-10-05,America/Los_Angeles,dca,Disney California Adventure,Hollywood Land,291,"Monsters, Inc. Mike & Sulley to the Rescue!",TRUE,40,2026-10-05T22:40:41.000Z,2026-10-05 15:40:41,https://queue-times.com/parks/17/queue_times.json
2026-10-05T22:45:35.947Z,2026-10-05 15:45:35,2026-10-05,America/Los_Angeles,dca,Disney California Adventure,Hollywood Land,868,Sorcerer's Workshop,TRUE,0,2026-10-05T22:40:41.000Z,2026-10-05 15:40:41,https://queue-times.com/parks/17/queue_times.json
2026-10-05T22:45:35.947Z,2026-10-05 15:45:35,2026-10-05,America/Los_Angeles,dca,Disney California Adventure,Hollywood Land,294,Turtle Talk with Crush,TRUE,0,2026-10-05T22:40:41.000Z,2026-10-05 15:40:41,https://queue-times.com/parks/17/queue_times.json
2026-10-05T22:45:35.947Z,2026-10-05 15:45:35,2026-10-05,America/Los_Angeles,dca,Disney California Adventure,Pacific Wharf,869,The Bakery Tour,TRUE,0,2026-10-05T22:40:41.000Z,2026-10-05 15:40:41,https://queue-times.com/parks/17/queue_times.json
2026-10-05T22:45:35.947Z,2026-10-05 15:45:35,2026-10-05,America/Los_Angeles,dca,Disney California Adventure,Paradise Gardens Park,298,Golden Zephyr,FALSE,0,2026-10-05T22:40:41.000Z,2026-10-05 15:40:41,https://queue-times.com/parks/17/queue_times.json
2026-10-05T22:45:35.947Z,2026-10-05 15:45:35,2026-10-05,America/Los_Angeles,dca,Disney California Adventure,Paradise Gardens Park,319,Goofy's Sky School,TRUE,25,2026-10-05T22:40:41.000Z,2026-10-05 15:40:41,https://queue-times.com/parks/17/queue_times.json
2026-10-05T22:45:35.947Z,2026-10-05 15:45:35,2026-10-05,America/Los_Angeles,dca,Disney California Adventure,Paradise Gardens Park,301,Silly Symphony Swings,TRUE,5,2026-10-05T22:40:41.000Z,2026-10-05 15:40:41,https://queue-times.com/parks/17/queue_times.json
2026-10-05T22:45:35.947Z,2026-10-05 15:45:35,2026-10-05,America/Los_Angeles,dca,Disney California Adventure,Paradise Gardens Park,10905,Silly Symphony Swings Single Rider,TRUE,0,2026-10-05T22:40:41.000Z,2026-10-05 15:40:41,https://queue-times.com/parks/17/queue_times.json
2026-10-05T22:45:35.947Z,2026-10-05 15:45:35,2026-10-05,America/Los_Angeles,dca,Disney California Adventure,Paradise Gardens Park,316,The Little Mermaid - Ariel's Undersea Adventure,TRUE,30,2026-10-05T22:40:41.000Z,2026-10-05 15:40:41,https://queue-times.com/parks/17/queue_times.json
2026-10-05T22:45:35.947Z,2026-10-05 15:45:35,2026-10-05,America/Los_Angeles,dca,Disney California Adventure,Paradise Gardens Park,11528,World of Color – ONE,TRUE,0,2026-10-05T22:40:41.000Z,2026-10-05 15:40:41,https://queue-times.com/parks/17/queue_times.json
2026-10-05T22:45:35.947Z,2026-10-05 15:45:35,2026-10-05,America/Los_Angeles,dca,Disney California Adventure,Pixar Pier,866,Games of Pixar Pier,TRUE,5,2026-10-05T22:40:41.000Z,2026-10-05 15:40:41,https://queue-times.com/parks/17/queue_times.json
2026-10-05T22:45:35.947Z,2026-10-05 15:45:35,2026-10-05,America/Los_Angeles,dca,Disney California Adventure,Pixar Pier,322,Incredicoaster,TRUE,15,2026-10-05T22:40:41.000Z,2026-10-05 15:40:41,https://queue-times.com/parks/17/queue_times.json
2026-10-05T22:45:35.947Z,2026-10-05 15:45:35,2026-10-05,America/Los_Angeles,dca,Disney California Adventure,Pixar Pier,10906,Incredicoaster Single Rider,TRUE,0,2026-10-05T22:40:41.000Z,2026-10-05 15:40:41,https://queue-times.com/parks/17/queue_times.json
2026-10-05T22:45:35.947Z,2026-10-05 15:45:35,2026-10-05,America/Los_Angeles,dca,Disney California Adventure,Pixar Pier,6643,Inside Out Emotional Whirlwind,TRUE,5,2026-10-05T22:40:41.000Z,2026-10-05 15:40:41,https://queue-times.com/parks/17/queue_times.json
2026-10-05T22:45:35.947Z,2026-10-05 15:45:35,2026-10-05,America/Los_Angeles,dca,Disney California Adventure,Pixar Pier,310,Jessie's Critter Carousel,TRUE,5,2026-10-05T22:40:41.000Z,2026-10-05 15:40:41,https://queue-times.com/parks/17/queue_times.json
2026-10-05T22:45:35.947Z,2026-10-05 15:45:35,2026-10-05,America/Los_Angeles,dca,Disney California Adventure,Pixar Pier,300,Jumpin' Jellyfish,TRUE,10,2026-10-05T22:40:41.000Z,2026-10-05 15:40:41,https://queue-times.com/parks/17/queue_times.json
2026-10-05T22:45:35.947Z,2026-10-05 15:45:35,2026-10-05,America/Los_Angeles,dca,Disney California Adventure,Pixar Pier,311,Pixar Pal-A-Round - Swinging,TRUE,10,2026-10-05T22:40:41.000Z,2026-10-05 15:40:41,https://queue-times.com/parks/17/queue_times.json
2026-10-05T22:45:35.947Z,2026-10-05 15:45:35,2026-10-05,America/Los_Angeles,dca,Disney California Adventure,Pixar Pier,5557,Pixar Pal-A-Round – Non-Swinging,TRUE,10,2026-10-05T22:40:41.000Z,2026-10-05 15:40:41,https://queue-times.com/parks/17/queue_times.json
2026-10-05T22:45:35.947Z,2026-10-05 15:45:35,2026-10-05,America/Los_Angeles,dca,Disney California Adventure,Pixar Pier,313,Toy Story Midway Mania!,TRUE,55,2026-10-05T22:40:41.000Z,2026-10-05 15:40:41,https://queue-times.com/parks/17/queue_times.json
2026-10-05T22:45:35.947Z,2026-10-05 15:45:35,2026-10-05,America/Los_Angeles,dca,Disney California Adventure,Halloween,5146,Guardians of the Galaxy - Monsters After Dark,TRUE,30,2026-10-05T22:40:41.000Z,2026-10-05 15:40:41,https://queue-times.com/parks/17/queue_times.json
2026-10-05T22:45:35.947Z,2026-10-05 15:45:35,2026-10-05,America/Los_Angeles,dca,Disney California Adventure,Halloween,4723,Mater's Graveyard JamBOOree,TRUE,5,2026-10-05T22:40:41.000Z,2026-10-05 15:40:41,https://queue-times.com/parks/17/queue_times.json
2026-10-05T22:45:35.947Z,2026-10-05 15:45:35,2026-10-05,America/Los_Angeles,dca,Disney California Adventure,Halloween,7292,Villains Grove at Oogie Boogie Bash,FALSE,0,2026-10-05T22:40:41.000Z,2026-10-05 15:40:41,https://queue-times.com/parks/17/queue_times.json
2026-10-05T23:00:38.874Z,2026-10-05 16:00:38,2026-10-05,America/Los_Angeles,disneyland,Disneyland,Adventureland,12428,Adventureland Treehouse inspired by Walt Disney’s Swiss Family Robinson,TRUE,0,2026-10-05T22:55:35.000Z,2026-10-05 15:55:35,https://queue-times.com/parks/16/queue_times.json
2026-10-05T23:00:38.874Z,2026-10-05 16:00:38,2026-10-05,America/Los_Angeles,disneyland,Disneyland,Adventureland,326,Indiana Jones™ Adventure,FALSE,0,2026-10-05T22:55:35.000Z,2026-10-05 15:55:35,https://queue-times.com/parks/16/queue_times.json
2026-10-05T23:00:38.874Z,2026-10-05 16:00:38,2026-10-05,America/Los_Angeles,disneyland,Disneyland,Adventureland,296,Jungle Cruise,TRUE,10,2026-10-05T22:55:35.000Z,2026-10-05 15:55:35,https://queue-times.com/parks/16/queue_times.json
2026-10-05T23:00:38.874Z,2026-10-05 16:00:38,2026-10-05,America/Los_Angeles,disneyland,Disneyland,Adventureland,288,Walt Disney's Enchanted Tiki Room,TRUE,0,2026-10-05T22:55:35.000Z,2026-10-05 15:55:35,https://queue-times.com/parks/16/queue_times.json
2026-10-05T23:00:38.874Z,2026-10-05 16:00:38,2026-10-05,America/Los_Angeles,disneyland,Disneyland,Bayou Country,304,Davy Crockett's Explorer Canoes,FALSE,0,2026-10-05T22:55:35.000Z,2026-10-05 15:55:35,https://queue-times.com/parks/16/queue_times.json
2026-10-05T23:00:38.874Z,2026-10-05 16:00:38,2026-10-05,America/Los_Angeles,disneyland,Disneyland,Bayou Country,306,The Many Adventures of Winnie the Pooh,TRUE,5,2026-10-05T22:55:35.000Z,2026-10-05 15:55:35,https://queue-times.com/parks/16/queue_times.json
2026-10-05T23:00:38.874Z,2026-10-05 16:00:38,2026-10-05,America/Los_Angeles,disneyland,Disneyland,Bayou Country,14168,Tiana's Bayou Adventure,TRUE,40,2026-10-05T22:55:35.000Z,2026-10-05 15:55:35,https://queue-times.com/parks/16/queue_times.json
2026-10-05T23:00:38.874Z,2026-10-05 16:00:38,2026-10-05,America/Los_Angeles,disneyland,Disneyland,Bayou Country,14326,Tiana's Bayou Adventure Single Rider,TRUE,0,2026-10-05T22:55:35.000Z,2026-10-05 15:55:35,https://queue-times.com/parks/16/queue_times.json
2026-10-05T23:00:38.874Z,2026-10-05 16:00:38,2026-10-05,America/Los_Angeles,disneyland,Disneyland,Fantasyland,307,"""it's a small world""",TRUE,5,2026-10-05T22:55:35.000Z,2026-10-05 15:55:35,https://queue-times.com/parks/16/queue_times.json
2026-10-05T23:00:38.874Z,2026-10-05 16:00:38,2026-10-05,America/Los_Angeles,disneyland,Disneyland,Fantasyland,285,Alice in Wonderland,TRUE,15,2026-10-05T22:55:35.000Z,2026-10-05 15:55:35,https://queue-times.com/parks/16/queue_times.json
2026-10-05T23:00:38.874Z,2026-10-05 16:00:38,2026-10-05,America/Los_Angeles,disneyland,Disneyland,Fantasyland,16254,Bluey’s Best Day Ever! at Fantasyland Theatre,TRUE,0,2026-10-05T22:55:35.000Z,2026-10-05 15:55:35,https://queue-times.com/parks/16/queue_times.json
2026-10-05T23:00:38.874Z,2026-10-05 16:00:38,2026-10-05,America/Los_Angeles,disneyland,Disneyland,Fantasyland,303,Casey Jr. Circus Train,TRUE,5,2026-10-05T22:55:35.000Z,2026-10-05 15:55:35,https://queue-times.com/parks/16/queue_times.json
2026-10-05T23:00:38.874Z,2026-10-05 16:00:38,2026-10-05,America/Los_Angeles,disneyland,Disneyland,Fantasyland,275,Dumbo the Flying Elephant,TRUE,5,2026-10-05T22:55:35.000Z,2026-10-05 15:55:35,https://queue-times.com/parks/16/queue_times.json
2026-10-05T23:00:38.874Z,2026-10-05 16:00:38,2026-10-05,America/Los_Angeles,disneyland,Disneyland,Fantasyland,277,King Arthur Carrousel,TRUE,5,2026-10-05T22:55:35.000Z,2026-10-05 15:55:35,https://queue-times.com/parks/16/queue_times.json
2026-10-05T23:00:38.874Z,2026-10-05 16:00:38,2026-10-05,America/Los_Angeles,disneyland,Disneyland,Fantasyland,278,Mad Tea Party,FALSE,0,2026-10-05T22:55:35.000Z,2026-10-05 15:55:35,https://queue-times.com/parks/16/queue_times.json
2026-10-05T23:00:38.874Z,2026-10-05 16:00:38,2026-10-05,America/Los_Angeles,disneyland,Disneyland,Fantasyland,279,Matterhorn Bobsleds,TRUE,15,2026-10-05T22:55:35.000Z,2026-10-05 15:55:35,https://queue-times.com/parks/16/queue_times.json
2026-10-05T23:00:38.874Z,2026-10-05 16:00:38,2026-10-05,America/Los_Angeles,disneyland,Disneyland,Fantasyland,6711,Meet Disney Princesses at Royal Hall,TRUE,30,2026-10-05T22:55:35.000Z,2026-10-05 15:55:35,https://queue-times.com/parks/16/queue_times.json
2026-10-05T23:00:38.874Z,2026-10-05 16:00:38,2026-10-05,America/Los_Angeles,disneyland,Disneyland,Fantasyland,280,Mr. Toad's Wild Ride,TRUE,10,2026-10-05T22:55:35.000Z,2026-10-05 15:55:35,https://queue-times.com/parks/16/queue_times.json
2026-10-05T23:00:38.874Z,2026-10-05 16:00:38,2026-10-05,America/Los_Angeles,disneyland,Disneyland,Fantasyland,281,Peter Pan's Flight,TRUE,25,2026-10-05T22:55:35.000Z,2026-10-05 15:55:35,https://queue-times.com/parks/16/queue_times.json
2026-10-05T23:00:38.874Z,2026-10-05 16:00:38,2026-10-05,America/Los_Angeles,disneyland,Disneyland,Fantasyland,282,Pinocchio's Daring Journey,TRUE,10,2026-10-05T22:55:35.000Z,2026-10-05 15:55:35,https://queue-times.com/parks/16/queue_times.json
2026-10-05T23:00:38.874Z,2026-10-05 16:00:38,2026-10-05,America/Los_Angeles,disneyland,Disneyland,Fantasyland,687,Sleeping Beauty Castle Walkthrough,FALSE,0,2026-10-05T22:55:35.000Z,2026-10-05 15:55:35,https://queue-times.com/parks/16/queue_times.json
2026-10-05T23:00:38.874Z,2026-10-05 16:00:38,2026-10-05,America/Los_Angeles,disneyland,Disneyland,Fantasyland,283,Snow White's Enchanted Wish,TRUE,10,2026-10-05T22:55:35.000Z,2026-10-05 15:55:35,https://queue-times.com/parks/16/queue_times.json
2026-10-05T23:00:38.874Z,2026-10-05 16:00:38,2026-10-05,America/Los_Angeles,disneyland,Disneyland,Fantasyland,305,Storybook Land Canal Boats,TRUE,5,2026-10-05T22:55:35.000Z,2026-10-05 15:55:35,https://queue-times.com/parks/16/queue_times.json
2026-10-05T23:00:38.874Z,2026-10-05 16:00:38,2026-10-05,America/Los_Angeles,disneyland,Disneyland,Frontierland,323,Big Thunder Mountain Railroad,TRUE,15,2026-10-05T22:55:35.000Z,2026-10-05 15:55:35,https://queue-times.com/parks/16/queue_times.json
2026-10-05T23:00:38.874Z,2026-10-05 16:00:38,2026-10-05,America/Los_Angeles,disneyland,Disneyland,Frontierland,679,Frontierland Shootin' Exposition,TRUE,0,2026-10-05T22:55:35.000Z,2026-10-05 15:55:35,https://queue-times.com/parks/16/queue_times.json
2026-10-05T23:00:38.874Z,2026-10-05 16:00:38,2026-10-05,America/Los_Angeles,disneyland,Disneyland,Frontierland,456,Mark Twain Riverboat,TRUE,10,2026-10-05T22:55:35.000Z,2026-10-05 15:55:35,https://queue-times.com/parks/16/queue_times.json
2026-10-05T23:00:38.874Z,2026-10-05 16:00:38,2026-10-05,America/Los_Angeles,disneyland,Disneyland,Frontierland,331,Pirate's Lair on Tom Sawyer Island,TRUE,5,2026-10-05T22:55:35.000Z,2026-10-05 15:55:35,https://queue-times.com/parks/16/queue_times.json
2026-10-05T23:00:38.874Z,2026-10-05 16:00:38,2026-10-05,America/Los_Angeles,disneyland,Disneyland,Frontierland,328,Sailing Ship Columbia,FALSE,0,2026-10-05T22:55:35.000Z,2026-10-05 15:55:35,https://queue-times.com/parks/16/queue_times.json
2026-10-05T23:00:38.874Z,2026-10-05 16:00:38,2026-10-05,America/Los_Angeles,disneyland,Disneyland,Main Street U.S.A,674,Disneyland Railroad,TRUE,10,2026-10-05T22:55:35.000Z,2026-10-05 15:55:35,https://queue-times.com/parks/16/queue_times.json
2026-10-05T23:00:38.874Z,2026-10-05 16:00:38,2026-10-05,America/Los_Angeles,disneyland,Disneyland,Main Street U.S.A,690,Great Moments with Mr. Lincoln,FALSE,0,2026-10-05T22:55:35.000Z,2026-10-05 15:55:35,https://queue-times.com/parks/16/queue_times.json
2026-10-05T23:00:38.874Z,2026-10-05 16:00:38,2026-10-05,America/Los_Angeles,disneyland,Disneyland,Main Street U.S.A,686,Main Street Cinema,TRUE,0,2026-10-05T22:55:35.000Z,2026-10-05 15:55:35,https://queue-times.com/parks/16/queue_times.json
2026-10-05T23:00:38.874Z,2026-10-05 16:00:38,2026-10-05,America/Los_Angeles,disneyland,Disneyland,Main Street U.S.A,691,Main Street Vehicles,FALSE,0,2026-10-05T22:55:35.000Z,2026-10-05 15:55:35,https://queue-times.com/parks/16/queue_times.json
2026-10-05T23:00:38.874Z,2026-10-05 16:00:38,2026-10-05,America/Los_Angeles,disneyland,Disneyland,Main Street U.S.A,14915,Opera House - Walt Disney - A Magical Life,TRUE,0,2026-10-05T22:55:35.000Z,2026-10-05 15:55:35,https://queue-times.com/parks/16/queue_times.json
2026-10-05T23:00:38.874Z,2026-10-05 16:00:38,2026-10-05,America/Los_Angeles,disneyland,Disneyland,Main Street U.S.A,695,The Disney Gallery,TRUE,0,2026-10-05T22:55:35.000Z,2026-10-05 15:55:35,https://queue-times.com/parks/16/queue_times.json
2026-10-05T23:00:38.874Z,2026-10-05 16:00:38,2026-10-05,America/Los_Angeles,disneyland,Disneyland,Main Street U.S.A,14923,Walt Disney - A Magical Life,TRUE,0,2026-10-05T22:55:35.000Z,2026-10-05 15:55:35,https://queue-times.com/parks/16/queue_times.json
2026-10-05T23:00:38.874Z,2026-10-05 16:00:38,2026-10-05,America/Los_Angeles,disneyland,Disneyland,Mickey's Toontown,324,Chip 'n' Dale's GADGETcoaster,TRUE,5,2026-10-05T22:55:35.000Z,2026-10-05 15:55:35,https://queue-times.com/parks/16/queue_times.json
2026-10-05T23:00:38.874Z,2026-10-05 16:00:38,2026-10-05,America/Los_Angeles,disneyland,Disneyland,Mickey's Toontown,13814,Donald's Duck Pond,TRUE,0,2026-10-05T22:55:35.000Z,2026-10-05 15:55:35,https://queue-times.com/parks/16/queue_times.json
2026-10-05T23:00:38.874Z,2026-10-05 16:00:38,2026-10-05,America/Los_Angeles,disneyland,Disneyland,Mickey's Toontown,11980,Goofy's How-to-Play Yard,TRUE,0,2026-10-05T22:55:35.000Z,2026-10-05 15:55:35,https://queue-times.com/parks/16/queue_times.json
2026-10-05T23:00:38.874Z,2026-10-05 16:00:38,2026-10-05,America/Los_Angeles,disneyland,Disneyland,Mickey's Toontown,11526,Mickey & Minnie's Runaway Railway,TRUE,20,2026-10-05T22:55:35.000Z,2026-10-05 15:55:35,https://queue-times.com/parks/16/queue_times.json
2026-10-05T23:00:38.874Z,2026-10-05 16:00:38,2026-10-05,America/Los_Angeles,disneyland,Disneyland,Mickey's Toontown,709,Mickey's House and Meet Mickey Mouse,TRUE,30,2026-10-05T22:55:35.000Z,2026-10-05 15:55:35,https://queue-times.com/parks/16/queue_times.json
2026-10-05T23:00:38.874Z,2026-10-05 16:00:38,2026-10-05,America/Los_Angeles,disneyland,Disneyland,Mickey's Toontown,684,Minnie's House,TRUE,0,2026-10-05T22:55:35.000Z,2026-10-05 15:55:35,https://queue-times.com/parks/16/queue_times.json
2026-10-05T23:00:38.874Z,2026-10-05 16:00:38,2026-10-05,America/Los_Angeles,disneyland,Disneyland,Mickey's Toontown,332,Roger Rabbit's Car Toon Spin,TRUE,45,2026-10-05T22:55:35.000Z,2026-10-05 15:55:35,https://queue-times.com/parks/16/queue_times.json
2026-10-05T23:00:38.874Z,2026-10-05 16:00:38,2026-10-05,America/Los_Angeles,disneyland,Disneyland,New Orleans Square,325,Haunted Mansion Holiday,TRUE,35,2026-10-05T22:55:35.000Z,2026-10-05 15:55:35,https://queue-times.com/parks/16/queue_times.json
2026-10-05T23:00:38.874Z,2026-10-05 16:00:38,2026-10-05,America/Los_Angeles,disneyland,Disneyland,New Orleans Square,289,Pirates of the Caribbean,TRUE,15,2026-10-05T22:55:35.000Z,2026-10-05 15:55:35,https://queue-times.com/parks/16/queue_times.json
2026-10-05T23:00:38.874Z,2026-10-05 16:00:38,2026-10-05,America/Los_Angeles,disneyland,Disneyland,Star Wars: Galaxy's Edge,6339,Millennium Falcon: Smugglers Run,TRUE,10,2026-10-05T22:55:35.000Z,2026-10-05 15:55:35,https://queue-times.com/parks/16/queue_times.json
2026-10-05T23:00:38.874Z,2026-10-05 16:00:38,2026-10-05,America/Los_Angeles,disneyland,Disneyland,Star Wars: Galaxy's Edge,10903,Millennium Falcon: Smugglers Run Single Rider,TRUE,0,2026-10-05T22:55:35.000Z,2026-10-05 15:55:35,https://queue-times.com/parks/16/queue_times.json
2026-10-05T23:00:38.874Z,2026-10-05 16:00:38,2026-10-05,America/Los_Angeles,disneyland,Disneyland,Star Wars: Galaxy's Edge,6340,Star Wars: Rise of the Resistance,TRUE,40,2026-10-05T22:55:35.000Z,2026-10-05 15:55:35,https://queue-times.com/parks/16/queue_times.json
2026-10-05T23:00:38.874Z,2026-10-05 16:00:38,2026-10-05,America/Los_Angeles,disneyland,Disneyland,Tomorrowland,287,Astro Orbitor,TRUE,5,2026-10-05T22:55:35.000Z,2026-10-05 15:55:35,https://queue-times.com/parks/16/queue_times.json
2026-10-05T23:00:38.874Z,2026-10-05 16:00:38,2026-10-05,America/Los_Angeles,disneyland,Disneyland,Tomorrowland,317,Autopia,TRUE,10,2026-10-05T22:55:35.000Z,2026-10-05 15:55:35,https://queue-times.com/parks/16/queue_times.json
2026-10-05T23:00:38.874Z,2026-10-05 16:00:38,2026-10-05,America/Los_Angeles,disneyland,Disneyland,Tomorrowland,273,Buzz Lightyear Astro Blasters,TRUE,10,2026-10-05T22:55:35.000Z,2026-10-05 15:55:35,https://queue-times.com/parks/16/queue_times.json
2026-10-05T23:00:38.874Z,2026-10-05 16:00:38,2026-10-05,America/Los_Angeles,disneyland,Disneyland,Tomorrowland,274,Disneyland Monorail,FALSE,0,2026-10-05T22:55:35.000Z,2026-10-05 15:55:35,https://queue-times.com/parks/16/queue_times.json
2026-10-05T23:00:38.874Z,2026-10-05 16:00:38,2026-10-05,America/Los_Angeles,disneyland,Disneyland,Tomorrowland,276,Finding Nemo Submarine Voyage,TRUE,15,2026-10-05T22:55:35.000Z,2026-10-05 15:55:35,https://queue-times.com/parks/16/queue_times.json
2026-10-05T23:00:38.874Z,2026-10-05 16:00:38,2026-10-05,America/Los_Angeles,disneyland,Disneyland,Tomorrowland,16627,Pixar Short Film Spotlight,FALSE,0,2026-10-05T22:55:35.000Z,2026-10-05 15:55:35,https://queue-times.com/parks/16/queue_times.json
2026-10-05T23:00:38.874Z,2026-10-05 16:00:38,2026-10-05,America/Los_Angeles,disneyland,Disneyland,Tomorrowland,284,Space Mountain,TRUE,60,2026-10-05T22:55:35.000Z,2026-10-05 15:55:35,https://queue-times.com/parks/16/queue_times.json
2026-10-05T23:00:38.874Z,2026-10-05 16:00:38,2026-10-05,America/Los_Angeles,disneyland,Disneyland,Tomorrowland,286,Star Tours - The Adventures Continue,TRUE,5,2026-10-05T22:55:35.000Z,2026-10-05 15:55:35,https://queue-times.com/parks/16/queue_times.json
2026-10-05T23:00:38.874Z,2026-10-05 16:00:38,2026-10-05,America/Los_Angeles,dca,Disney California Adventure,Avengers Campus,329,Guardians of the Galaxy - Mission: BREAKOUT!,FALSE,0,2026-10-05T22:55:42.000Z,2026-10-05 15:55:42,https://queue-times.com/parks/17/queue_times.json
2026-10-05T23:00:38.874Z,2026-10-05 16:00:38,2026-10-05,America/Los_Angeles,dca,Disney California Adventure,Avengers Campus,8843,WEB SLINGERS: A Spider-Man Adventure,TRUE,25,2026-10-05T22:55:42.000Z,2026-10-05 15:55:42,https://queue-times.com/parks/17/queue_times.json
2026-10-05T23:00:38.874Z,2026-10-05 16:00:38,2026-10-05,America/Los_Angeles,dca,Disney California Adventure,Avengers Campus,10907,WEB SLINGERS: A Spider-Man Adventure Single Rider,TRUE,0,2026-10-05T22:55:42.000Z,2026-10-05 15:55:42,https://queue-times.com/parks/17/queue_times.json
2026-10-05T23:00:38.874Z,2026-10-05 16:00:38,2026-10-05,America/Los_Angeles,dca,Disney California Adventure,Cars Land,2608,Luigi's Honkin' Haul-O-Ween,TRUE,10,2026-10-05T22:55:42.000Z,2026-10-05 15:55:42,https://queue-times.com/parks/17/queue_times.json
2026-10-05T23:00:38.874Z,2026-10-05 16:00:38,2026-10-05,America/Los_Angeles,dca,Disney California Adventure,Cars Land,295,Radiator Springs Racers,TRUE,65,2026-10-05T22:55:42.000Z,2026-10-05 15:55:42,https://queue-times.com/parks/17/queue_times.json
2026-10-05T23:00:38.874Z,2026-10-05 16:00:38,2026-10-05,America/Los_Angeles,dca,Disney California Adventure,Cars Land,10904,Radiator Springs Racers Single Rider,TRUE,0,2026-10-05T22:55:42.000Z,2026-10-05 15:55:42,https://queue-times.com/parks/17/queue_times.json
2026-10-05T23:00:38.874Z,2026-10-05 16:00:38,2026-10-05,America/Los_Angeles,dca,Disney California Adventure,Grizzly Peak,302,Grizzly River Run,TRUE,50,2026-10-05T22:55:42.000Z,2026-10-05 15:55:42,https://queue-times.com/parks/17/queue_times.json
2026-10-05T23:00:38.874Z,2026-10-05 16:00:38,2026-10-05,America/Los_Angeles,dca,Disney California Adventure,Grizzly Peak,293,Redwood Creek Challenge Trail,TRUE,5,2026-10-05T22:55:42.000Z,2026-10-05 15:55:42,https://queue-times.com/parks/17/queue_times.json
2026-10-05T23:00:38.874Z,2026-10-05 16:00:38,2026-10-05,America/Los_Angeles,dca,Disney California Adventure,Grizzly Peak,17129,Soarin’ Across America,TRUE,30,2026-10-05T22:55:42.000Z,2026-10-05 15:55:42,https://queue-times.com/parks/17/queue_times.json
2026-10-05T23:00:38.874Z,2026-10-05 16:00:38,2026-10-05,America/Los_Angeles,dca,Disney California Adventure,Hollywood Land,321,Animation Academy,TRUE,0,2026-10-05T22:55:42.000Z,2026-10-05 15:55:42,https://queue-times.com/parks/17/queue_times.json
2026-10-05T23:00:38.874Z,2026-10-05 16:00:38,2026-10-05,America/Los_Angeles,dca,Disney California Adventure,Hollywood Land,6440,Mickey's PhilharMagic,TRUE,10,2026-10-05T22:55:42.000Z,2026-10-05 15:55:42,https://queue-times.com/parks/17/queue_times.json
2026-10-05T23:00:38.874Z,2026-10-05 16:00:38,2026-10-05,America/Los_Angeles,dca,Disney California Adventure,Hollywood Land,291,"Monsters, Inc. Mike & Sulley to the Rescue!",TRUE,40,2026-10-05T22:55:42.000Z,2026-10-05 15:55:42,https://queue-times.com/parks/17/queue_times.json
2026-10-05T23:00:38.874Z,2026-10-05 16:00:38,2026-10-05,America/Los_Angeles,dca,Disney California Adventure,Hollywood Land,868,Sorcerer's Workshop,TRUE,0,2026-10-05T22:55:42.000Z,2026-10-05 15:55:42,https://queue-times.com/parks/17/queue_times.json
2026-10-05T23:00:38.874Z,2026-10-05 16:00:38,2026-10-05,America/Los_Angeles,dca,Disney California Adventure,Hollywood Land,294,Turtle Talk with Crush,TRUE,0,2026-10-05T22:55:42.000Z,2026-10-05 15:55:42,https://queue-times.com/parks/17/queue_times.json
2026-10-05T23:00:38.874Z,2026-10-05 16:00:38,2026-10-05,America/Los_Angeles,dca,Disney California Adventure,Pacific Wharf,869,The Bakery Tour,TRUE,0,2026-10-05T22:55:42.000Z,2026-10-05 15:55:42,https://queue-times.com/parks/17/queue_times.json
2026-10-05T23:00:38.874Z,2026-10-05 16:00:38,2026-10-05,America/Los_Angeles,dca,Disney California Adventure,Paradise Gardens Park,298,Golden Zephyr,FALSE,0,2026-10-05T22:55:42.000Z,2026-10-05 15:55:42,https://queue-times.com/parks/17/queue_times.json
2026-10-05T23:00:38.874Z,2026-10-05 16:00:38,2026-10-05,America/Los_Angeles,dca,Disney California Adventure,Paradise Gardens Park,319,Goofy's Sky School,TRUE,30,2026-10-05T22:55:42.000Z,2026-10-05 15:55:42,https://queue-times.com/parks/17/queue_times.json
2026-10-05T23:00:38.874Z,2026-10-05 16:00:38,2026-10-05,America/Los_Angeles,dca,Disney California Adventure,Paradise Gardens Park,301,Silly Symphony Swings,TRUE,5,2026-10-05T22:55:42.000Z,2026-10-05 15:55:42,https://queue-times.com/parks/17/queue_times.json
2026-10-05T23:00:38.874Z,2026-10-05 16:00:38,2026-10-05,America/Los_Angeles,dca,Disney California Adventure,Paradise Gardens Park,10905,Silly Symphony Swings Single Rider,TRUE,0,2026-10-05T22:55:42.000Z,2026-10-05 15:55:42,https://queue-times.com/parks/17/queue_times.json
2026-10-05T23:00:38.874Z,2026-10-05 16:00:38,2026-10-05,America/Los_Angeles,dca,Disney California Adventure,Paradise Gardens Park,316,The Little Mermaid - Ariel's Undersea Adventure,TRUE,30,2026-10-05T22:55:42.000Z,2026-10-05 15:55:42,https://queue-times.com/parks/17/queue_times.json
2026-10-05T23:00:38.874Z,2026-10-05 16:00:38,2026-10-05,America/Los_Angeles,dca,Disney California Adventure,Paradise Gardens Park,11528,World of Color – ONE,TRUE,0,2026-10-05T22:55:42.000Z,2026-10-05 15:55:42,https://queue-times.com/parks/17/queue_times.json
2026-10-05T23:00:38.874Z,2026-10-05 16:00:38,2026-10-05,America/Los_Angeles,dca,Disney California Adventure,Pixar Pier,866,Games of Pixar Pier,TRUE,5,2026-10-05T22:55:42.000Z,2026-10-05 15:55:42,https://queue-times.com/parks/17/queue_times.json
2026-10-05T23:00:38.874Z,2026-10-05 16:00:38,2026-10-05,America/Los_Angeles,dca,Disney California Adventure,Pixar Pier,322,Incredicoaster,TRUE,25,2026-10-05T22:55:42.000Z,2026-10-05 15:55:42,https://queue-times.com/parks/17/queue_times.json
2026-10-05T23:00:38.874Z,2026-10-05 16:00:38,2026-10-05,America/Los_Angeles,dca,Disney California Adventure,Pixar Pier,10906,Incredicoaster Single Rider,TRUE,0,2026-10-05T22:55:42.000Z,2026-10-05 15:55:42,https://queue-times.com/parks/17/queue_times.json
2026-10-05T23:00:38.874Z,2026-10-05 16:00:38,2026-10-05,America/Los_Angeles,dca,Disney California Adventure,Pixar Pier,6643,Inside Out Emotional Whirlwind,TRUE,5,2026-10-05T22:55:42.000Z,2026-10-05 15:55:42,https://queue-times.com/parks/17/queue_times.json
2026-10-05T23:00:38.874Z,2026-10-05 16:00:38,2026-10-05,America/Los_Angeles,dca,Disney California Adventure,Pixar Pier,310,Jessie's Critter Carousel,TRUE,5,2026-10-05T22:55:42.000Z,2026-10-05 15:55:42,https://queue-times.com/parks/17/queue_times.json
2026-10-05T23:00:38.874Z,2026-10-05 16:00:38,2026-10-05,America/Los_Angeles,dca,Disney California Adventure,Pixar Pier,300,Jumpin' Jellyfish,TRUE,5,2026-10-05T22:55:42.000Z,2026-10-05 15:55:42,https://queue-times.com/parks/17/queue_times.json
2026-10-05T23:00:38.874Z,2026-10-05 16:00:38,2026-10-05,America/Los_Angeles,dca,Disney California Adventure,Pixar Pier,311,Pixar Pal-A-Round - Swinging,TRUE,10,2026-10-05T22:55:42.000Z,2026-10-05 15:55:42,https://queue-times.com/parks/17/queue_times.json
2026-10-05T23:00:38.874Z,2026-10-05 16:00:38,2026-10-05,America/Los_Angeles,dca,Disney California Adventure,Pixar Pier,5557,Pixar Pal-A-Round – Non-Swinging,TRUE,5,2026-10-05T22:55:42.000Z,2026-10-05 15:55:42,https://queue-times.com/parks/17/queue_times.json
2026-10-05T23:00:38.874Z,2026-10-05 16:00:38,2026-10-05,America/Los_Angeles,dca,Disney California Adventure,Pixar Pier,313,Toy Story Midway Mania!,TRUE,55,2026-10-05T22:55:42.000Z,2026-10-05 15:55:42,https://queue-times.com/parks/17/queue_times.json
2026-10-05T23:00:38.874Z,2026-10-05 16:00:38,2026-10-05,America/Los_Angeles,dca,Disney California Adventure,Halloween,5146,Guardians of the Galaxy - Monsters After Dark,TRUE,30,2026-10-05T22:55:42.000Z,2026-10-05 15:55:42,https://queue-times.com/parks/17/queue_times.json
2026-10-05T23:00:38.874Z,2026-10-05 16:00:38,2026-10-05,America/Los_Angeles,dca,Disney California Adventure,Halloween,4723,Mater's Graveyard JamBOOree,TRUE,5,2026-10-05T22:55:42.000Z,2026-10-05 15:55:42,https://queue-times.com/parks/17/queue_times.json
2026-10-05T23:00:38.874Z,2026-10-05 16:00:38,2026-10-05,America/Los_Angeles,dca,Disney California Adventure,Halloween,7292,Villains Grove at Oogie Boogie Bash,FALSE,0,2026-10-05T22:55:42.000Z,2026-10-05 15:55:42,https://queue-times.com/parks/17/queue_times.json
2026-10-05T23:15:31.598Z,2026-10-05 16:15:31,2026-10-05,America/Los_Angeles,disneyland,Disneyland,Adventureland,12428,Adventureland Treehouse inspired by Walt Disney’s Swiss Family Robinson,TRUE,0,2026-10-05T23:10:40.000Z,2026-10-05 16:10:40,https://queue-times.com/parks/16/queue_times.json
2026-10-05T23:15:31.598Z,2026-10-05 16:15:31,2026-10-05,America/Los_Angeles,disneyland,Disneyland,Adventureland,326,Indiana Jones™ Adventure,FALSE,0,2026-10-05T23:10:40.000Z,2026-10-05 16:10:40,https://queue-times.com/parks/16/queue_times.json
2026-10-05T23:15:31.598Z,2026-10-05 16:15:31,2026-10-05,America/Los_Angeles,disneyland,Disneyland,Adventureland,296,Jungle Cruise,TRUE,10,2026-10-05T23:10:40.000Z,2026-10-05 16:10:40,https://queue-times.com/parks/16/queue_times.json
2026-10-05T23:15:31.598Z,2026-10-05 16:15:31,2026-10-05,America/Los_Angeles,disneyland,Disneyland,Adventureland,288,Walt Disney's Enchanted Tiki Room,TRUE,0,2026-10-05T23:10:40.000Z,2026-10-05 16:10:40,https://queue-times.com/parks/16/queue_times.json
2026-10-05T23:15:31.598Z,2026-10-05 16:15:31,2026-10-05,America/Los_Angeles,disneyland,Disneyland,Bayou Country,304,Davy Crockett's Explorer Canoes,FALSE,0,2026-10-05T23:10:40.000Z,2026-10-05 16:10:40,https://queue-times.com/parks/16/queue_times.json
2026-10-05T23:15:31.598Z,2026-10-05 16:15:31,2026-10-05,America/Los_Angeles,disneyland,Disneyland,Bayou Country,306,The Many Adventures of Winnie the Pooh,TRUE,5,2026-10-05T23:10:40.000Z,2026-10-05 16:10:40,https://queue-times.com/parks/16/queue_times.json
2026-10-05T23:15:31.598Z,2026-10-05 16:15:31,2026-10-05,America/Los_Angeles,disneyland,Disneyland,Bayou Country,14168,Tiana's Bayou Adventure,TRUE,40,2026-10-05T23:10:40.000Z,2026-10-05 16:10:40,https://queue-times.com/parks/16/queue_times.json
2026-10-05T23:15:31.598Z,2026-10-05 16:15:31,2026-10-05,America/Los_Angeles,disneyland,Disneyland,Bayou Country,14326,Tiana's Bayou Adventure Single Rider,TRUE,0,2026-10-05T23:10:40.000Z,2026-10-05 16:10:40,https://queue-times.com/parks/16/queue_times.json
2026-10-05T23:15:31.598Z,2026-10-05 16:15:31,2026-10-05,America/Los_Angeles,disneyland,Disneyland,Fantasyland,307,"""it's a small world""",TRUE,5,2026-10-05T23:10:40.000Z,2026-10-05 16:10:40,https://queue-times.com/parks/16/queue_times.json
2026-10-05T23:15:31.598Z,2026-10-05 16:15:31,2026-10-05,America/Los_Angeles,disneyland,Disneyland,Fantasyland,285,Alice in Wonderland,TRUE,15,2026-10-05T23:10:40.000Z,2026-10-05 16:10:40,https://queue-times.com/parks/16/queue_times.json
2026-10-05T23:15:31.598Z,2026-10-05 16:15:31,2026-10-05,America/Los_Angeles,disneyland,Disneyland,Fantasyland,16254,Bluey’s Best Day Ever! at Fantasyland Theatre,TRUE,0,2026-10-05T23:10:40.000Z,2026-10-05 16:10:40,https://queue-times.com/parks/16/queue_times.json
2026-10-05T23:15:31.598Z,2026-10-05 16:15:31,2026-10-05,America/Los_Angeles,disneyland,Disneyland,Fantasyland,303,Casey Jr. Circus Train,TRUE,5,2026-10-05T23:10:40.000Z,2026-10-05 16:10:40,https://queue-times.com/parks/16/queue_times.json
2026-10-05T23:15:31.598Z,2026-10-05 16:15:31,2026-10-05,America/Los_Angeles,disneyland,Disneyland,Fantasyland,275,Dumbo the Flying Elephant,TRUE,5,2026-10-05T23:10:40.000Z,2026-10-05 16:10:40,https://queue-times.com/parks/16/queue_times.json
2026-10-05T23:15:31.598Z,2026-10-05 16:15:31,2026-10-05,America/Los_Angeles,disneyland,Disneyland,Fantasyland,277,King Arthur Carrousel,TRUE,5,2026-10-05T23:10:40.000Z,2026-10-05 16:10:40,https://queue-times.com/parks/16/queue_times.json
2026-10-05T23:15:31.598Z,2026-10-05 16:15:31,2026-10-05,America/Los_Angeles,disneyland,Disneyland,Fantasyland,278,Mad Tea Party,FALSE,0,2026-10-05T23:10:40.000Z,2026-10-05 16:10:40,https://queue-times.com/parks/16/queue_times.json
2026-10-05T23:15:31.598Z,2026-10-05 16:15:31,2026-10-05,America/Los_Angeles,disneyland,Disneyland,Fantasyland,279,Matterhorn Bobsleds,TRUE,20,2026-10-05T23:10:40.000Z,2026-10-05 16:10:40,https://queue-times.com/parks/16/queue_times.json
2026-10-05T23:15:31.598Z,2026-10-05 16:15:31,2026-10-05,America/Los_Angeles,disneyland,Disneyland,Fantasyland,6711,Meet Disney Princesses at Royal Hall,TRUE,30,2026-10-05T23:10:40.000Z,2026-10-05 16:10:40,https://queue-times.com/parks/16/queue_times.json
2026-10-05T23:15:31.598Z,2026-10-05 16:15:31,2026-10-05,America/Los_Angeles,disneyland,Disneyland,Fantasyland,280,Mr. Toad's Wild Ride,TRUE,10,2026-10-05T23:10:40.000Z,2026-10-05 16:10:40,https://queue-times.com/parks/16/queue_times.json
2026-10-05T23:15:31.598Z,2026-10-05 16:15:31,2026-10-05,America/Los_Angeles,disneyland,Disneyland,Fantasyland,281,Peter Pan's Flight,TRUE,25,2026-10-05T23:10:40.000Z,2026-10-05 16:10:40,https://queue-times.com/parks/16/queue_times.json
2026-10-05T23:15:31.598Z,2026-10-05 16:15:31,2026-10-05,America/Los_Angeles,disneyland,Disneyland,Fantasyland,282,Pinocchio's Daring Journey,TRUE,10,2026-10-05T23:10:40.000Z,2026-10-05 16:10:40,https://queue-times.com/parks/16/queue_times.json
2026-10-05T23:15:31.598Z,2026-10-05 16:15:31,2026-10-05,America/Los_Angeles,disneyland,Disneyland,Fantasyland,687,Sleeping Beauty Castle Walkthrough,FALSE,0,2026-10-05T23:10:40.000Z,2026-10-05 16:10:40,https://queue-times.com/parks/16/queue_times.json
2026-10-05T23:15:31.598Z,2026-10-05 16:15:31,2026-10-05,America/Los_Angeles,disneyland,Disneyland,Fantasyland,283,Snow White's Enchanted Wish,TRUE,10,2026-10-05T23:10:40.000Z,2026-10-05 16:10:40,https://queue-times.com/parks/16/queue_times.json
2026-10-05T23:15:31.598Z,2026-10-05 16:15:31,2026-10-05,America/Los_Angeles,disneyland,Disneyland,Fantasyland,305,Storybook Land Canal Boats,TRUE,5,2026-10-05T23:10:40.000Z,2026-10-05 16:10:40,https://queue-times.com/parks/16/queue_times.json
2026-10-05T23:15:31.598Z,2026-10-05 16:15:31,2026-10-05,America/Los_Angeles,disneyland,Disneyland,Frontierland,323,Big Thunder Mountain Railroad,TRUE,20,2026-10-05T23:10:40.000Z,2026-10-05 16:10:40,https://queue-times.com/parks/16/queue_times.json
2026-10-05T23:15:31.598Z,2026-10-05 16:15:31,2026-10-05,America/Los_Angeles,disneyland,Disneyland,Frontierland,679,Frontierland Shootin' Exposition,TRUE,0,2026-10-05T23:10:40.000Z,2026-10-05 16:10:40,https://queue-times.com/parks/16/queue_times.json
2026-10-05T23:15:31.598Z,2026-10-05 16:15:31,2026-10-05,America/Los_Angeles,disneyland,Disneyland,Frontierland,456,Mark Twain Riverboat,TRUE,10,2026-10-05T23:10:40.000Z,2026-10-05 16:10:40,https://queue-times.com/parks/16/queue_times.json
2026-10-05T23:15:31.598Z,2026-10-05 16:15:31,2026-10-05,America/Los_Angeles,disneyland,Disneyland,Frontierland,331,Pirate's Lair on Tom Sawyer Island,TRUE,5,2026-10-05T23:10:40.000Z,2026-10-05 16:10:40,https://queue-times.com/parks/16/queue_times.json
2026-10-05T23:15:31.598Z,2026-10-05 16:15:31,2026-10-05,America/Los_Angeles,disneyland,Disneyland,Frontierland,328,Sailing Ship Columbia,FALSE,0,2026-10-05T23:10:40.000Z,2026-10-05 16:10:40,https://queue-times.com/parks/16/queue_times.json
2026-10-05T23:15:31.598Z,2026-10-05 16:15:31,2026-10-05,America/Los_Angeles,disneyland,Disneyland,Main Street U.S.A,674,Disneyland Railroad,TRUE,10,2026-10-05T23:10:40.000Z,2026-10-05 16:10:40,https://queue-times.com/parks/16/queue_times.json
2026-10-05T23:15:31.598Z,2026-10-05 16:15:31,2026-10-05,America/Los_Angeles,disneyland,Disneyland,Main Street U.S.A,690,Great Moments with Mr. Lincoln,FALSE,0,2026-10-05T23:10:40.000Z,2026-10-05 16:10:40,https://queue-times.com/parks/16/queue_times.json
2026-10-05T23:15:31.598Z,2026-10-05 16:15:31,2026-10-05,America/Los_Angeles,disneyland,Disneyland,Main Street U.S.A,686,Main Street Cinema,TRUE,0,2026-10-05T23:10:40.000Z,2026-10-05 16:10:40,https://queue-times.com/parks/16/queue_times.json
2026-10-05T23:15:31.598Z,2026-10-05 16:15:31,2026-10-05,America/Los_Angeles,disneyland,Disneyland,Main Street U.S.A,691,Main Street Vehicles,FALSE,0,2026-10-05T23:10:40.000Z,2026-10-05 16:10:40,https://queue-times.com/parks/16/queue_times.json
2026-10-05T23:15:31.598Z,2026-10-05 16:15:31,2026-10-05,America/Los_Angeles,disneyland,Disneyland,Main Street U.S.A,14915,Opera House - Walt Disney - A Magical Life,TRUE,0,2026-10-05T23:10:40.000Z,2026-10-05 16:10:40,https://queue-times.com/parks/16/queue_times.json
2026-10-05T23:15:31.598Z,2026-10-05 16:15:31,2026-10-05,America/Los_Angeles,disneyland,Disneyland,Main Street U.S.A,695,The Disney Gallery,TRUE,0,2026-10-05T23:10:40.000Z,2026-10-05 16:10:40,https://queue-times.com/parks/16/queue_times.json
2026-10-05T23:15:31.598Z,2026-10-05 16:15:31,2026-10-05,America/Los_Angeles,disneyland,Disneyland,Main Street U.S.A,14923,Walt Disney - A Magical Life,TRUE,0,2026-10-05T23:10:40.000Z,2026-10-05 16:10:40,https://queue-times.com/parks/16/queue_times.json
2026-10-05T23:15:31.598Z,2026-10-05 16:15:31,2026-10-05,America/Los_Angeles,disneyland,Disneyland,Mickey's Toontown,324,Chip 'n' Dale's GADGETcoaster,TRUE,5,2026-10-05T23:10:40.000Z,2026-10-05 16:10:40,https://queue-times.com/parks/16/queue_times.json
2026-10-05T23:15:31.598Z,2026-10-05 16:15:31,2026-10-05,America/Los_Angeles,disneyland,Disneyland,Mickey's Toontown,13814,Donald's Duck Pond,TRUE,0,2026-10-05T23:10:40.000Z,2026-10-05 16:10:40,https://queue-times.com/parks/16/queue_times.json
2026-10-05T23:15:31.598Z,2026-10-05 16:15:31,2026-10-05,America/Los_Angeles,disneyland,Disneyland,Mickey's Toontown,11980,Goofy's How-to-Play Yard,TRUE,0,2026-10-05T23:10:40.000Z,2026-10-05 16:10:40,https://queue-times.com/parks/16/queue_times.json
2026-10-05T23:15:31.598Z,2026-10-05 16:15:31,2026-10-05,America/Los_Angeles,disneyland,Disneyland,Mickey's Toontown,11526,Mickey & Minnie's Runaway Railway,TRUE,35,2026-10-05T23:10:40.000Z,2026-10-05 16:10:40,https://queue-times.com/parks/16/queue_times.json
2026-10-05T23:15:31.598Z,2026-10-05 16:15:31,2026-10-05,America/Los_Angeles,disneyland,Disneyland,Mickey's Toontown,709,Mickey's House and Meet Mickey Mouse,TRUE,30,2026-10-05T23:10:40.000Z,2026-10-05 16:10:40,https://queue-times.com/parks/16/queue_times.json
2026-10-05T23:15:31.598Z,2026-10-05 16:15:31,2026-10-05,America/Los_Angeles,disneyland,Disneyland,Mickey's Toontown,684,Minnie's House,TRUE,0,2026-10-05T23:10:40.000Z,2026-10-05 16:10:40,https://queue-times.com/parks/16/queue_times.json
2026-10-05T23:15:31.598Z,2026-10-05 16:15:31,2026-10-05,America/Los_Angeles,disneyland,Disneyland,Mickey's Toontown,332,Roger Rabbit's Car Toon Spin,FALSE,0,2026-10-05T23:10:40.000Z,2026-10-05 16:10:40,https://queue-times.com/parks/16/queue_times.json
2026-10-05T23:15:31.598Z,2026-10-05 16:15:31,2026-10-05,America/Los_Angeles,disneyland,Disneyland,New Orleans Square,325,Haunted Mansion Holiday,TRUE,20,2026-10-05T23:10:40.000Z,2026-10-05 16:10:40,https://queue-times.com/parks/16/queue_times.json
2026-10-05T23:15:31.598Z,2026-10-05 16:15:31,2026-10-05,America/Los_Angeles,disneyland,Disneyland,New Orleans Square,289,Pirates of the Caribbean,TRUE,15,2026-10-05T23:10:40.000Z,2026-10-05 16:10:40,https://queue-times.com/parks/16/queue_times.json
2026-10-05T23:15:31.598Z,2026-10-05 16:15:31,2026-10-05,America/Los_Angeles,disneyland,Disneyland,Star Wars: Galaxy's Edge,6339,Millennium Falcon: Smugglers Run,TRUE,10,2026-10-05T23:10:40.000Z,2026-10-05 16:10:40,https://queue-times.com/parks/16/queue_times.json
2026-10-05T23:15:31.598Z,2026-10-05 16:15:31,2026-10-05,America/Los_Angeles,disneyland,Disneyland,Star Wars: Galaxy's Edge,10903,Millennium Falcon: Smugglers Run Single Rider,TRUE,0,2026-10-05T23:10:40.000Z,2026-10-05 16:10:40,https://queue-times.com/parks/16/queue_times.json
2026-10-05T23:15:31.598Z,2026-10-05 16:15:31,2026-10-05,America/Los_Angeles,disneyland,Disneyland,Star Wars: Galaxy's Edge,6340,Star Wars: Rise of the Resistance,TRUE,35,2026-10-05T23:10:40.000Z,2026-10-05 16:10:40,https://queue-times.com/parks/16/queue_times.json
2026-10-05T23:15:31.598Z,2026-10-05 16:15:31,2026-10-05,America/Los_Angeles,disneyland,Disneyland,Tomorrowland,287,Astro Orbitor,TRUE,5,2026-10-05T23:10:40.000Z,2026-10-05 16:10:40,https://queue-times.com/parks/16/queue_times.json
2026-10-05T23:15:31.598Z,2026-10-05 16:15:31,2026-10-05,America/Los_Angeles,disneyland,Disneyland,Tomorrowland,317,Autopia,TRUE,10,2026-10-05T23:10:40.000Z,2026-10-05 16:10:40,https://queue-times.com/parks/16/queue_times.json
2026-10-05T23:15:31.598Z,2026-10-05 16:15:31,2026-10-05,America/Los_Angeles,disneyland,Disneyland,Tomorrowland,273,Buzz Lightyear Astro Blasters,TRUE,10,2026-10-05T23:10:40.000Z,2026-10-05 16:10:40,https://queue-times.com/parks/16/queue_times.json
2026-10-05T23:15:31.598Z,2026-10-05 16:15:31,2026-10-05,America/Los_Angeles,disneyland,Disneyland,Tomorrowland,274,Disneyland Monorail,FALSE,0,2026-10-05T23:10:40.000Z,2026-10-05 16:10:40,https://queue-times.com/parks/16/queue_times.json
2026-10-05T23:15:31.598Z,2026-10-05 16:15:31,2026-10-05,America/Los_Angeles,disneyland,Disneyland,Tomorrowland,276,Finding Nemo Submarine Voyage,TRUE,15,2026-10-05T23:10:40.000Z,2026-10-05 16:10:40,https://queue-times.com/parks/16/queue_times.json
2026-10-05T23:15:31.598Z,2026-10-05 16:15:31,2026-10-05,America/Los_Angeles,disneyland,Disneyland,Tomorrowland,16627,Pixar Short Film Spotlight,FALSE,0,2026-10-05T23:10:40.000Z,2026-10-05 16:10:40,https://queue-times.com/parks/16/queue_times.json
2026-10-05T23:15:31.598Z,2026-10-05 16:15:31,2026-10-05,America/Los_Angeles,disneyland,Disneyland,Tomorrowland,284,Space Mountain,TRUE,45,2026-10-05T23:10:40.000Z,2026-10-05 16:10:40,https://queue-times.com/parks/16/queue_times.json
2026-10-05T23:15:31.598Z,2026-10-05 16:15:31,2026-10-05,America/Los_Angeles,disneyland,Disneyland,Tomorrowland,286,Star Tours - The Adventures Continue,TRUE,5,2026-10-05T23:10:40.000Z,2026-10-05 16:10:40,https://queue-times.com/parks/16/queue_times.json
2026-10-05T23:15:31.598Z,2026-10-05 16:15:31,2026-10-05,America/Los_Angeles,dca,Disney California Adventure,Avengers Campus,329,Guardians of the Galaxy - Mission: BREAKOUT!,FALSE,0,2026-10-05T23:10:40.000Z,2026-10-05 16:10:40,https://queue-times.com/parks/17/queue_times.json
2026-10-05T23:15:31.598Z,2026-10-05 16:15:31,2026-10-05,America/Los_Angeles,dca,Disney California Adventure,Avengers Campus,8843,WEB SLINGERS: A Spider-Man Adventure,TRUE,35,2026-10-05T23:10:40.000Z,2026-10-05 16:10:40,https://queue-times.com/parks/17/queue_times.json
2026-10-05T23:15:31.598Z,2026-10-05 16:15:31,2026-10-05,America/Los_Angeles,dca,Disney California Adventure,Avengers Campus,10907,WEB SLINGERS: A Spider-Man Adventure Single Rider,TRUE,0,2026-10-05T23:10:40.000Z,2026-10-05 16:10:40,https://queue-times.com/parks/17/queue_times.json
2026-10-05T23:15:31.598Z,2026-10-05 16:15:31,2026-10-05,America/Los_Angeles,dca,Disney California Adventure,Cars Land,2608,Luigi's Honkin' Haul-O-Ween,TRUE,10,2026-10-05T23:10:40.000Z,2026-10-05 16:10:40,https://queue-times.com/parks/17/queue_times.json
2026-10-05T23:15:31.598Z,2026-10-05 16:15:31,2026-10-05,America/Los_Angeles,dca,Disney California Adventure,Cars Land,295,Radiator Springs Racers,TRUE,65,2026-10-05T23:10:40.000Z,2026-10-05 16:10:40,https://queue-times.com/parks/17/queue_times.json
2026-10-05T23:15:31.598Z,2026-10-05 16:15:31,2026-10-05,America/Los_Angeles,dca,Disney California Adventure,Cars Land,10904,Radiator Springs Racers Single Rider,TRUE,0,2026-10-05T23:10:40.000Z,2026-10-05 16:10:40,https://queue-times.com/parks/17/queue_times.json
2026-10-05T23:15:31.598Z,2026-10-05 16:15:31,2026-10-05,America/Los_Angeles,dca,Disney California Adventure,Grizzly Peak,302,Grizzly River Run,TRUE,50,2026-10-05T23:10:40.000Z,2026-10-05 16:10:40,https://queue-times.com/parks/17/queue_times.json
2026-10-05T23:15:31.598Z,2026-10-05 16:15:31,2026-10-05,America/Los_Angeles,dca,Disney California Adventure,Grizzly Peak,293,Redwood Creek Challenge Trail,TRUE,5,2026-10-05T23:10:40.000Z,2026-10-05 16:10:40,https://queue-times.com/parks/17/queue_times.json
2026-10-05T23:15:31.598Z,2026-10-05 16:15:31,2026-10-05,America/Los_Angeles,dca,Disney California Adventure,Grizzly Peak,17129,Soarin’ Across America,TRUE,30,2026-10-05T23:10:40.000Z,2026-10-05 16:10:40,https://queue-times.com/parks/17/queue_times.json
2026-10-05T23:15:31.598Z,2026-10-05 16:15:31,2026-10-05,America/Los_Angeles,dca,Disney California Adventure,Hollywood Land,321,Animation Academy,TRUE,0,2026-10-05T23:10:40.000Z,2026-10-05 16:10:40,https://queue-times.com/parks/17/queue_times.json
2026-10-05T23:15:31.598Z,2026-10-05 16:15:31,2026-10-05,America/Los_Angeles,dca,Disney California Adventure,Hollywood Land,6440,Mickey's PhilharMagic,TRUE,10,2026-10-05T23:10:40.000Z,2026-10-05 16:10:40,https://queue-times.com/parks/17/queue_times.json
2026-10-05T23:15:31.598Z,2026-10-05 16:15:31,2026-10-05,America/Los_Angeles,dca,Disney California Adventure,Hollywood Land,291,"Monsters, Inc. Mike & Sulley to the Rescue!",TRUE,30,2026-10-05T23:10:40.000Z,2026-10-05 16:10:40,https://queue-times.com/parks/17/queue_times.json
2026-10-05T23:15:31.598Z,2026-10-05 16:15:31,2026-10-05,America/Los_Angeles,dca,Disney California Adventure,Hollywood Land,868,Sorcerer's Workshop,TRUE,0,2026-10-05T23:10:40.000Z,2026-10-05 16:10:40,https://queue-times.com/parks/17/queue_times.json
2026-10-05T23:15:31.598Z,2026-10-05 16:15:31,2026-10-05,America/Los_Angeles,dca,Disney California Adventure,Hollywood Land,294,Turtle Talk with Crush,TRUE,0,2026-10-05T23:10:40.000Z,2026-10-05 16:10:40,https://queue-times.com/parks/17/queue_times.json
2026-10-05T23:15:31.598Z,2026-10-05 16:15:31,2026-10-05,America/Los_Angeles,dca,Disney California Adventure,Pacific Wharf,869,The Bakery Tour,TRUE,0,2026-10-05T23:10:40.000Z,2026-10-05 16:10:40,https://queue-times.com/parks/17/queue_times.json
2026-10-05T23:15:31.598Z,2026-10-05 16:15:31,2026-10-05,America/Los_Angeles,dca,Disney California Adventure,Paradise Gardens Park,298,Golden Zephyr,FALSE,0,2026-10-05T23:10:40.000Z,2026-10-05 16:10:40,https://queue-times.com/parks/17/queue_times.json
2026-10-05T23:15:31.598Z,2026-10-05 16:15:31,2026-10-05,America/Los_Angeles,dca,Disney California Adventure,Paradise Gardens Park,319,Goofy's Sky School,TRUE,30,2026-10-05T23:10:40.000Z,2026-10-05 16:10:40,https://queue-times.com/parks/17/queue_times.json
2026-10-05T23:15:31.598Z,2026-10-05 16:15:31,2026-10-05,America/Los_Angeles,dca,Disney California Adventure,Paradise Gardens Park,301,Silly Symphony Swings,TRUE,5,2026-10-05T23:10:40.000Z,2026-10-05 16:10:40,https://queue-times.com/parks/17/queue_times.json
2026-10-05T23:15:31.598Z,2026-10-05 16:15:31,2026-10-05,America/Los_Angeles,dca,Disney California Adventure,Paradise Gardens Park,10905,Silly Symphony Swings Single Rider,TRUE,0,2026-10-05T23:10:40.000Z,2026-10-05 16:10:40,https://queue-times.com/parks/17/queue_times.json
2026-10-05T23:15:31.598Z,2026-10-05 16:15:31,2026-10-05,America/Los_Angeles,dca,Disney California Adventure,Paradise Gardens Park,316,The Little Mermaid - Ariel's Undersea Adventure,TRUE,25,2026-10-05T23:10:40.000Z,2026-10-05 16:10:40,https://queue-times.com/parks/17/queue_times.json
2026-10-05T23:15:31.598Z,2026-10-05 16:15:31,2026-10-05,America/Los_Angeles,dca,Disney California Adventure,Paradise Gardens Park,11528,World of Color – ONE,TRUE,0,2026-10-05T23:10:40.000Z,2026-10-05 16:10:40,https://queue-times.com/parks/17/queue_times.json
2026-10-05T23:15:31.598Z,2026-10-05 16:15:31,2026-10-05,America/Los_Angeles,dca,Disney California Adventure,Pixar Pier,866,Games of Pixar Pier,TRUE,5,2026-10-05T23:10:40.000Z,2026-10-05 16:10:40,https://queue-times.com/parks/17/queue_times.json
2026-10-05T23:15:31.598Z,2026-10-05 16:15:31,2026-10-05,America/Los_Angeles,dca,Disney California Adventure,Pixar Pier,322,Incredicoaster,TRUE,20,2026-10-05T23:10:40.000Z,2026-10-05 16:10:40,https://queue-times.com/parks/17/queue_times.json
2026-10-05T23:15:31.598Z,2026-10-05 16:15:31,2026-10-05,America/Los_Angeles,dca,Disney California Adventure,Pixar Pier,10906,Incredicoaster Single Rider,TRUE,0,2026-10-05T23:10:40.000Z,2026-10-05 16:10:40,https://queue-times.com/parks/17/queue_times.json
2026-10-05T23:15:31.598Z,2026-10-05 16:15:31,2026-10-05,America/Los_Angeles,dca,Disney California Adventure,Pixar Pier,6643,Inside Out Emotional Whirlwind,TRUE,5,2026-10-05T23:10:40.000Z,2026-10-05 16:10:40,https://queue-times.com/parks/17/queue_times.json
2026-10-05T23:15:31.598Z,2026-10-05 16:15:31,2026-10-05,America/Los_Angeles,dca,Disney California Adventure,Pixar Pier,310,Jessie's Critter Carousel,TRUE,5,2026-10-05T23:10:40.000Z,2026-10-05 16:10:40,https://queue-times.com/parks/17/queue_times.json
2026-10-05T23:15:31.598Z,2026-10-05 16:15:31,2026-10-05,America/Los_Angeles,dca,Disney California Adventure,Pixar Pier,300,Jumpin' Jellyfish,TRUE,5,2026-10-05T23:10:40.000Z,2026-10-05 16:10:40,https://queue-times.com/parks/17/queue_times.json
2026-10-05T23:15:31.598Z,2026-10-05 16:15:31,2026-10-05,America/Los_Angeles,dca,Disney California Adventure,Pixar Pier,311,Pixar Pal-A-Round - Swinging,TRUE,10,2026-10-05T23:10:40.000Z,2026-10-05 16:10:40,https://queue-times.com/parks/17/queue_times.json
2026-10-05T23:15:31.598Z,2026-10-05 16:15:31,2026-10-05,America/Los_Angeles,dca,Disney California Adventure,Pixar Pier,5557,Pixar Pal-A-Round – Non-Swinging,TRUE,5,2026-10-05T23:10:40.000Z,2026-10-05 16:10:40,https://queue-times.com/parks/17/queue_times.json
2026-10-05T23:15:31.598Z,2026-10-05 16:15:31,2026-10-05,America/Los_Angeles,dca,Disney California Adventure,Pixar Pier,313,Toy Story Midway Mania!,TRUE,35,2026-10-05T23:10:40.000Z,2026-10-05 16:10:40,https://queue-times.com/parks/17/queue_times.json
2026-10-05T23:15:31.598Z,2026-10-05 16:15:31,2026-10-05,America/Los_Angeles,dca,Disney California Adventure,Halloween,5146,Guardians of the Galaxy - Monsters After Dark,TRUE,30,2026-10-05T23:10:40.000Z,2026-10-05 16:10:40,https://queue-times.com/parks/17/queue_times.json
2026-10-05T23:15:31.598Z,2026-10-05 16:15:31,2026-10-05,America/Los_Angeles,dca,Disney California Adventure,Halloween,4723,Mater's Graveyard JamBOOree,TRUE,5,2026-10-05T23:10:40.000Z,2026-10-05 16:10:40,https://queue-times.com/parks/17/queue_times.json
2026-10-05T23:15:31.598Z,2026-10-05 16:15:31,2026-10-05,America/Los_Angeles,dca,Disney California Adventure,Halloween,7292,Villains Grove at Oogie Boogie Bash,FALSE,0,2026-10-05T23:10:40.000Z,2026-10-05 16:10:40,https://queue-times.com/parks/17/queue_times.json
2026-10-05T23:30:33.829Z,2026-10-05 16:30:33,2026-10-05,America/Los_Angeles,disneyland,Disneyland,Adventureland,12428,Adventureland Treehouse inspired by Walt Disney’s Swiss Family Robinson,TRUE,0,2026-10-05T23:25:37.000Z,2026-10-05 16:25:37,https://queue-times.com/parks/16/queue_times.json
2026-10-05T23:30:33.829Z,2026-10-05 16:30:33,2026-10-05,America/Los_Angeles,disneyland,Disneyland,Adventureland,326,Indiana Jones™ Adventure,FALSE,0,2026-10-05T23:25:37.000Z,2026-10-05 16:25:37,https://queue-times.com/parks/16/queue_times.json
2026-10-05T23:30:33.829Z,2026-10-05 16:30:33,2026-10-05,America/Los_Angeles,disneyland,Disneyland,Adventureland,296,Jungle Cruise,TRUE,10,2026-10-05T23:25:37.000Z,2026-10-05 16:25:37,https://queue-times.com/parks/16/queue_times.json
2026-10-05T23:30:33.829Z,2026-10-05 16:30:33,2026-10-05,America/Los_Angeles,disneyland,Disneyland,Adventureland,288,Walt Disney's Enchanted Tiki Room,TRUE,0,2026-10-05T23:25:37.000Z,2026-10-05 16:25:37,https://queue-times.com/parks/16/queue_times.json
2026-10-05T23:30:33.829Z,2026-10-05 16:30:33,2026-10-05,America/Los_Angeles,disneyland,Disneyland,Bayou Country,304,Davy Crockett's Explorer Canoes,FALSE,0,2026-10-05T23:25:37.000Z,2026-10-05 16:25:37,https://queue-times.com/parks/16/queue_times.json
2026-10-05T23:30:33.829Z,2026-10-05 16:30:33,2026-10-05,America/Los_Angeles,disneyland,Disneyland,Bayou Country,306,The Many Adventures of Winnie the Pooh,TRUE,5,2026-10-05T23:25:37.000Z,2026-10-05 16:25:37,https://queue-times.com/parks/16/queue_times.json
2026-10-05T23:30:33.829Z,2026-10-05 16:30:33,2026-10-05,America/Los_Angeles,disneyland,Disneyland,Bayou Country,14168,Tiana's Bayou Adventure,TRUE,40,2026-10-05T23:25:37.000Z,2026-10-05 16:25:37,https://queue-times.com/parks/16/queue_times.json
2026-10-05T23:30:33.829Z,2026-10-05 16:30:33,2026-10-05,America/Los_Angeles,disneyland,Disneyland,Bayou Country,14326,Tiana's Bayou Adventure Single Rider,TRUE,0,2026-10-05T23:25:37.000Z,2026-10-05 16:25:37,https://queue-times.com/parks/16/queue_times.json
2026-10-05T23:30:33.829Z,2026-10-05 16:30:33,2026-10-05,America/Los_Angeles,disneyland,Disneyland,Fantasyland,307,"""it's a small world""",TRUE,5,2026-10-05T23:25:37.000Z,2026-10-05 16:25:37,https://queue-times.com/parks/16/queue_times.json
2026-10-05T23:30:33.829Z,2026-10-05 16:30:33,2026-10-05,America/Los_Angeles,disneyland,Disneyland,Fantasyland,285,Alice in Wonderland,TRUE,10,2026-10-05T23:25:37.000Z,2026-10-05 16:25:37,https://queue-times.com/parks/16/queue_times.json
2026-10-05T23:30:33.829Z,2026-10-05 16:30:33,2026-10-05,America/Los_Angeles,disneyland,Disneyland,Fantasyland,16254,Bluey’s Best Day Ever! at Fantasyland Theatre,TRUE,0,2026-10-05T23:25:37.000Z,2026-10-05 16:25:37,https://queue-times.com/parks/16/queue_times.json
2026-10-05T23:30:33.829Z,2026-10-05 16:30:33,2026-10-05,America/Los_Angeles,disneyland,Disneyland,Fantasyland,303,Casey Jr. Circus Train,TRUE,5,2026-10-05T23:25:37.000Z,2026-10-05 16:25:37,https://queue-times.com/parks/16/queue_times.json
2026-10-05T23:30:33.829Z,2026-10-05 16:30:33,2026-10-05,America/Los_Angeles,disneyland,Disneyland,Fantasyland,275,Dumbo the Flying Elephant,TRUE,5,2026-10-05T23:25:37.000Z,2026-10-05 16:25:37,https://queue-times.com/parks/16/queue_times.json
2026-10-05T23:30:33.829Z,2026-10-05 16:30:33,2026-10-05,America/Los_Angeles,disneyland,Disneyland,Fantasyland,277,King Arthur Carrousel,TRUE,5,2026-10-05T23:25:37.000Z,2026-10-05 16:25:37,https://queue-times.com/parks/16/queue_times.json
2026-10-05T23:30:33.829Z,2026-10-05 16:30:33,2026-10-05,America/Los_Angeles,disneyland,Disneyland,Fantasyland,278,Mad Tea Party,FALSE,0,2026-10-05T23:25:37.000Z,2026-10-05 16:25:37,https://queue-times.com/parks/16/queue_times.json
2026-10-05T23:30:33.829Z,2026-10-05 16:30:33,2026-10-05,America/Los_Angeles,disneyland,Disneyland,Fantasyland,279,Matterhorn Bobsleds,TRUE,20,2026-10-05T23:25:37.000Z,2026-10-05 16:25:37,https://queue-times.com/parks/16/queue_times.json
2026-10-05T23:30:33.829Z,2026-10-05 16:30:33,2026-10-05,America/Los_Angeles,disneyland,Disneyland,Fantasyland,6711,Meet Disney Princesses at Royal Hall,TRUE,30,2026-10-05T23:25:37.000Z,2026-10-05 16:25:37,https://queue-times.com/parks/16/queue_times.json
2026-10-05T23:30:33.829Z,2026-10-05 16:30:33,2026-10-05,America/Los_Angeles,disneyland,Disneyland,Fantasyland,280,Mr. Toad's Wild Ride,TRUE,10,2026-10-05T23:25:37.000Z,2026-10-05 16:25:37,https://queue-times.com/parks/16/queue_times.json
2026-10-05T23:30:33.829Z,2026-10-05 16:30:33,2026-10-05,America/Los_Angeles,disneyland,Disneyland,Fantasyland,281,Peter Pan's Flight,TRUE,25,2026-10-05T23:25:37.000Z,2026-10-05 16:25:37,https://queue-times.com/parks/16/queue_times.json
2026-10-05T23:30:33.829Z,2026-10-05 16:30:33,2026-10-05,America/Los_Angeles,disneyland,Disneyland,Fantasyland,282,Pinocchio's Daring Journey,TRUE,5,2026-10-05T23:25:37.000Z,2026-10-05 16:25:37,https://queue-times.com/parks/16/queue_times.json
2026-10-05T23:30:33.829Z,2026-10-05 16:30:33,2026-10-05,America/Los_Angeles,disneyland,Disneyland,Fantasyland,687,Sleeping Beauty Castle Walkthrough,FALSE,0,2026-10-05T23:25:37.000Z,2026-10-05 16:25:37,https://queue-times.com/parks/16/queue_times.json
2026-10-05T23:30:33.829Z,2026-10-05 16:30:33,2026-10-05,America/Los_Angeles,disneyland,Disneyland,Fantasyland,283,Snow White's Enchanted Wish,TRUE,10,2026-10-05T23:25:37.000Z,2026-10-05 16:25:37,https://queue-times.com/parks/16/queue_times.json
2026-10-05T23:30:33.829Z,2026-10-05 16:30:33,2026-10-05,America/Los_Angeles,disneyland,Disneyland,Fantasyland,305,Storybook Land Canal Boats,TRUE,5,2026-10-05T23:25:37.000Z,2026-10-05 16:25:37,https://queue-times.com/parks/16/queue_times.json
2026-10-05T23:30:33.829Z,2026-10-05 16:30:33,2026-10-05,America/Los_Angeles,disneyland,Disneyland,Frontierland,323,Big Thunder Mountain Railroad,TRUE,20,2026-10-05T23:25:37.000Z,2026-10-05 16:25:37,https://queue-times.com/parks/16/queue_times.json
2026-10-05T23:30:33.829Z,2026-10-05 16:30:33,2026-10-05,America/Los_Angeles,disneyland,Disneyland,Frontierland,679,Frontierland Shootin' Exposition,TRUE,0,2026-10-05T23:25:37.000Z,2026-10-05 16:25:37,https://queue-times.com/parks/16/queue_times.json
2026-10-05T23:30:33.829Z,2026-10-05 16:30:33,2026-10-05,America/Los_Angeles,disneyland,Disneyland,Frontierland,456,Mark Twain Riverboat,TRUE,10,2026-10-05T23:25:37.000Z,2026-10-05 16:25:37,https://queue-times.com/parks/16/queue_times.json
2026-10-05T23:30:33.829Z,2026-10-05 16:30:33,2026-10-05,America/Los_Angeles,disneyland,Disneyland,Frontierland,331,Pirate's Lair on Tom Sawyer Island,TRUE,5,2026-10-05T23:25:37.000Z,2026-10-05 16:25:37,https://queue-times.com/parks/16/queue_times.json
2026-10-05T23:30:33.829Z,2026-10-05 16:30:33,2026-10-05,America/Los_Angeles,disneyland,Disneyland,Frontierland,328,Sailing Ship Columbia,FALSE,0,2026-10-05T23:25:37.000Z,2026-10-05 16:25:37,https://queue-times.com/parks/16/queue_times.json
2026-10-05T23:30:33.829Z,2026-10-05 16:30:33,2026-10-05,America/Los_Angeles,disneyland,Disneyland,Main Street U.S.A,674,Disneyland Railroad,TRUE,10,2026-10-05T23:25:37.000Z,2026-10-05 16:25:37,https://queue-times.com/parks/16/queue_times.json
2026-10-05T23:30:33.829Z,2026-10-05 16:30:33,2026-10-05,America/Los_Angeles,disneyland,Disneyland,Main Street U.S.A,690,Great Moments with Mr. Lincoln,FALSE,0,2026-10-05T23:25:37.000Z,2026-10-05 16:25:37,https://queue-times.com/parks/16/queue_times.json
2026-10-05T23:30:33.829Z,2026-10-05 16:30:33,2026-10-05,America/Los_Angeles,disneyland,Disneyland,Main Street U.S.A,686,Main Street Cinema,TRUE,0,2026-10-05T23:25:37.000Z,2026-10-05 16:25:37,https://queue-times.com/parks/16/queue_times.json
2026-10-05T23:30:33.829Z,2026-10-05 16:30:33,2026-10-05,America/Los_Angeles,disneyland,Disneyland,Main Street U.S.A,691,Main Street Vehicles,FALSE,0,2026-10-05T23:25:37.000Z,2026-10-05 16:25:37,https://queue-times.com/parks/16/queue_times.json
2026-10-05T23:30:33.829Z,2026-10-05 16:30:33,2026-10-05,America/Los_Angeles,disneyland,Disneyland,Main Street U.S.A,14915,Opera House - Walt Disney - A Magical Life,TRUE,0,2026-10-05T23:25:37.000Z,2026-10-05 16:25:37,https://queue-times.com/parks/16/queue_times.json
2026-10-05T23:30:33.829Z,2026-10-05 16:30:33,2026-10-05,America/Los_Angeles,disneyland,Disneyland,Main Street U.S.A,695,The Disney Gallery,TRUE,0,2026-10-05T23:25:37.000Z,2026-10-05 16:25:37,https://queue-times.com/parks/16/queue_times.json
2026-10-05T23:30:33.829Z,2026-10-05 16:30:33,2026-10-05,America/Los_Angeles,disneyland,Disneyland,Main Street U.S.A,14923,Walt Disney - A Magical Life,TRUE,0,2026-10-05T23:25:37.000Z,2026-10-05 16:25:37,https://queue-times.com/parks/16/queue_times.json
2026-10-05T23:30:33.829Z,2026-10-05 16:30:33,2026-10-05,America/Los_Angeles,disneyland,Disneyland,Mickey's Toontown,324,Chip 'n' Dale's GADGETcoaster,TRUE,5,2026-10-05T23:25:37.000Z,2026-10-05 16:25:37,https://queue-times.com/parks/16/queue_times.json
2026-10-05T23:30:33.829Z,2026-10-05 16:30:33,2026-10-05,America/Los_Angeles,disneyland,Disneyland,Mickey's Toontown,13814,Donald's Duck Pond,TRUE,0,2026-10-05T23:25:37.000Z,2026-10-05 16:25:37,https://queue-times.com/parks/16/queue_times.json
2026-10-05T23:30:33.829Z,2026-10-05 16:30:33,2026-10-05,America/Los_Angeles,disneyland,Disneyland,Mickey's Toontown,11980,Goofy's How-to-Play Yard,TRUE,0,2026-10-05T23:25:37.000Z,2026-10-05 16:25:37,https://queue-times.com/parks/16/queue_times.json
2026-10-05T23:30:33.829Z,2026-10-05 16:30:33,2026-10-05,America/Los_Angeles,disneyland,Disneyland,Mickey's Toontown,11526,Mickey & Minnie's Runaway Railway,TRUE,35,2026-10-05T23:25:37.000Z,2026-10-05 16:25:37,https://queue-times.com/parks/16/queue_times.json
2026-10-05T23:30:33.829Z,2026-10-05 16:30:33,2026-10-05,America/Los_Angeles,disneyland,Disneyland,Mickey's Toontown,709,Mickey's House and Meet Mickey Mouse,TRUE,5,2026-10-05T23:25:37.000Z,2026-10-05 16:25:37,https://queue-times.com/parks/16/queue_times.json
2026-10-05T23:30:33.829Z,2026-10-05 16:30:33,2026-10-05,America/Los_Angeles,disneyland,Disneyland,Mickey's Toontown,684,Minnie's House,TRUE,0,2026-10-05T23:25:37.000Z,2026-10-05 16:25:37,https://queue-times.com/parks/16/queue_times.json
2026-10-05T23:30:33.829Z,2026-10-05 16:30:33,2026-10-05,America/Los_Angeles,disneyland,Disneyland,Mickey's Toontown,332,Roger Rabbit's Car Toon Spin,FALSE,0,2026-10-05T23:25:37.000Z,2026-10-05 16:25:37,https://queue-times.com/parks/16/queue_times.json
2026-10-05T23:30:33.829Z,2026-10-05 16:30:33,2026-10-05,America/Los_Angeles,disneyland,Disneyland,New Orleans Square,325,Haunted Mansion Holiday,TRUE,20,2026-10-05T23:25:37.000Z,2026-10-05 16:25:37,https://queue-times.com/parks/16/queue_times.json
2026-10-05T23:30:33.829Z,2026-10-05 16:30:33,2026-10-05,America/Los_Angeles,disneyland,Disneyland,New Orleans Square,289,Pirates of the Caribbean,TRUE,20,2026-10-05T23:25:37.000Z,2026-10-05 16:25:37,https://queue-times.com/parks/16/queue_times.json
2026-10-05T23:30:33.829Z,2026-10-05 16:30:33,2026-10-05,America/Los_Angeles,disneyland,Disneyland,Star Wars: Galaxy's Edge,6339,Millennium Falcon: Smugglers Run,TRUE,10,2026-10-05T23:25:37.000Z,2026-10-05 16:25:37,https://queue-times.com/parks/16/queue_times.json
2026-10-05T23:30:33.829Z,2026-10-05 16:30:33,2026-10-05,America/Los_Angeles,disneyland,Disneyland,Star Wars: Galaxy's Edge,10903,Millennium Falcon: Smugglers Run Single Rider,TRUE,0,2026-10-05T23:25:37.000Z,2026-10-05 16:25:37,https://queue-times.com/parks/16/queue_times.json
2026-10-05T23:30:33.829Z,2026-10-05 16:30:33,2026-10-05,America/Los_Angeles,disneyland,Disneyland,Star Wars: Galaxy's Edge,6340,Star Wars: Rise of the Resistance,TRUE,20,2026-10-05T23:25:37.000Z,2026-10-05 16:25:37,https://queue-times.com/parks/16/queue_times.json
2026-10-05T23:30:33.829Z,2026-10-05 16:30:33,2026-10-05,America/Los_Angeles,disneyland,Disneyland,Tomorrowland,287,Astro Orbitor,TRUE,5,2026-10-05T23:25:37.000Z,2026-10-05 16:25:37,https://queue-times.com/parks/16/queue_times.json
2026-10-05T23:30:33.829Z,2026-10-05 16:30:33,2026-10-05,America/Los_Angeles,disneyland,Disneyland,Tomorrowland,317,Autopia,TRUE,10,2026-10-05T23:25:37.000Z,2026-10-05 16:25:37,https://queue-times.com/parks/16/queue_times.json
2026-10-05T23:30:33.829Z,2026-10-05 16:30:33,2026-10-05,America/Los_Angeles,disneyland,Disneyland,Tomorrowland,273,Buzz Lightyear Astro Blasters,TRUE,10,2026-10-05T23:25:37.000Z,2026-10-05 16:25:37,https://queue-times.com/parks/16/queue_times.json
2026-10-05T23:30:33.829Z,2026-10-05 16:30:33,2026-10-05,America/Los_Angeles,disneyland,Disneyland,Tomorrowland,274,Disneyland Monorail,FALSE,0,2026-10-05T23:25:37.000Z,2026-10-05 16:25:37,https://queue-times.com/parks/16/queue_times.json
2026-10-05T23:30:33.829Z,2026-10-05 16:30:33,2026-10-05,America/Los_Angeles,disneyland,Disneyland,Tomorrowland,276,Finding Nemo Submarine Voyage,TRUE,15,2026-10-05T23:25:37.000Z,2026-10-05 16:25:37,https://queue-times.com/parks/16/queue_times.json
2026-10-05T23:30:33.829Z,2026-10-05 16:30:33,2026-10-05,America/Los_Angeles,disneyland,Disneyland,Tomorrowland,16627,Pixar Short Film Spotlight,FALSE,0,2026-10-05T23:25:37.000Z,2026-10-05 16:25:37,https://queue-times.com/parks/16/queue_times.json
2026-10-05T23:30:33.829Z,2026-10-05 16:30:33,2026-10-05,America/Los_Angeles,disneyland,Disneyland,Tomorrowland,284,Space Mountain,TRUE,45,2026-10-05T23:25:37.000Z,2026-10-05 16:25:37,https://queue-times.com/parks/16/queue_times.json
2026-10-05T23:30:33.829Z,2026-10-05 16:30:33,2026-10-05,America/Los_Angeles,disneyland,Disneyland,Tomorrowland,286,Star Tours - The Adventures Continue,TRUE,5,2026-10-05T23:25:37.000Z,2026-10-05 16:25:37,https://queue-times.com/parks/16/queue_times.json
2026-10-05T23:30:33.829Z,2026-10-05 16:30:33,2026-10-05,America/Los_Angeles,dca,Disney California Adventure,Avengers Campus,329,Guardians of the Galaxy - Mission: BREAKOUT!,FALSE,0,2026-10-05T23:25:37.000Z,2026-10-05 16:25:37,https://queue-times.com/parks/17/queue_times.json
2026-10-05T23:30:33.829Z,2026-10-05 16:30:33,2026-10-05,America/Los_Angeles,dca,Disney California Adventure,Avengers Campus,8843,WEB SLINGERS: A Spider-Man Adventure,TRUE,35,2026-10-05T23:25:37.000Z,2026-10-05 16:25:37,https://queue-times.com/parks/17/queue_times.json
2026-10-05T23:30:33.829Z,2026-10-05 16:30:33,2026-10-05,America/Los_Angeles,dca,Disney California Adventure,Avengers Campus,10907,WEB SLINGERS: A Spider-Man Adventure Single Rider,TRUE,0,2026-10-05T23:25:37.000Z,2026-10-05 16:25:37,https://queue-times.com/parks/17/queue_times.json
2026-10-05T23:30:33.829Z,2026-10-05 16:30:33,2026-10-05,America/Los_Angeles,dca,Disney California Adventure,Cars Land,2608,Luigi's Honkin' Haul-O-Ween,TRUE,10,2026-10-05T23:25:37.000Z,2026-10-05 16:25:37,https://queue-times.com/parks/17/queue_times.json
2026-10-05T23:30:33.829Z,2026-10-05 16:30:33,2026-10-05,America/Los_Angeles,dca,Disney California Adventure,Cars Land,295,Radiator Springs Racers,TRUE,55,2026-10-05T23:25:37.000Z,2026-10-05 16:25:37,https://queue-times.com/parks/17/queue_times.json
2026-10-05T23:30:33.829Z,2026-10-05 16:30:33,2026-10-05,America/Los_Angeles,dca,Disney California Adventure,Cars Land,10904,Radiator Springs Racers Single Rider,TRUE,0,2026-10-05T23:25:37.000Z,2026-10-05 16:25:37,https://queue-times.com/parks/17/queue_times.json
2026-10-05T23:30:33.829Z,2026-10-05 16:30:33,2026-10-05,America/Los_Angeles,dca,Disney California Adventure,Grizzly Peak,302,Grizzly River Run,TRUE,50,2026-10-05T23:25:37.000Z,2026-10-05 16:25:37,https://queue-times.com/parks/17/queue_times.json
2026-10-05T23:30:33.829Z,2026-10-05 16:30:33,2026-10-05,America/Los_Angeles,dca,Disney California Adventure,Grizzly Peak,293,Redwood Creek Challenge Trail,TRUE,5,2026-10-05T23:25:37.000Z,2026-10-05 16:25:37,https://queue-times.com/parks/17/queue_times.json
2026-10-05T23:30:33.829Z,2026-10-05 16:30:33,2026-10-05,America/Los_Angeles,dca,Disney California Adventure,Grizzly Peak,17129,Soarin’ Across America,TRUE,75,2026-10-05T23:25:37.000Z,2026-10-05 16:25:37,https://queue-times.com/parks/17/queue_times.json
2026-10-05T23:30:33.829Z,2026-10-05 16:30:33,2026-10-05,America/Los_Angeles,dca,Disney California Adventure,Hollywood Land,321,Animation Academy,TRUE,0,2026-10-05T23:25:37.000Z,2026-10-05 16:25:37,https://queue-times.com/parks/17/queue_times.json
2026-10-05T23:30:33.829Z,2026-10-05 16:30:33,2026-10-05,America/Los_Angeles,dca,Disney California Adventure,Hollywood Land,6440,Mickey's PhilharMagic,TRUE,10,2026-10-05T23:25:37.000Z,2026-10-05 16:25:37,https://queue-times.com/parks/17/queue_times.json
2026-10-05T23:30:33.829Z,2026-10-05 16:30:33,2026-10-05,America/Los_Angeles,dca,Disney California Adventure,Hollywood Land,291,"Monsters, Inc. Mike & Sulley to the Rescue!",TRUE,30,2026-10-05T23:25:37.000Z,2026-10-05 16:25:37,https://queue-times.com/parks/17/queue_times.json
2026-10-05T23:30:33.829Z,2026-10-05 16:30:33,2026-10-05,America/Los_Angeles,dca,Disney California Adventure,Hollywood Land,868,Sorcerer's Workshop,TRUE,0,2026-10-05T23:25:37.000Z,2026-10-05 16:25:37,https://queue-times.com/parks/17/queue_times.json
2026-10-05T23:30:33.829Z,2026-10-05 16:30:33,2026-10-05,America/Los_Angeles,dca,Disney California Adventure,Hollywood Land,294,Turtle Talk with Crush,TRUE,0,2026-10-05T23:25:37.000Z,2026-10-05 16:25:37,https://queue-times.com/parks/17/queue_times.json
2026-10-05T23:30:33.829Z,2026-10-05 16:30:33,2026-10-05,America/Los_Angeles,dca,Disney California Adventure,Pacific Wharf,869,The Bakery Tour,TRUE,0,2026-10-05T23:25:37.000Z,2026-10-05 16:25:37,https://queue-times.com/parks/17/queue_times.json
2026-10-05T23:30:33.829Z,2026-10-05 16:30:33,2026-10-05,America/Los_Angeles,dca,Disney California Adventure,Paradise Gardens Park,298,Golden Zephyr,FALSE,0,2026-10-05T23:25:37.000Z,2026-10-05 16:25:37,https://queue-times.com/parks/17/queue_times.json
2026-10-05T23:30:33.829Z,2026-10-05 16:30:33,2026-10-05,America/Los_Angeles,dca,Disney California Adventure,Paradise Gardens Park,319,Goofy's Sky School,TRUE,30,2026-10-05T23:25:37.000Z,2026-10-05 16:25:37,https://queue-times.com/parks/17/queue_times.json
2026-10-05T23:30:33.829Z,2026-10-05 16:30:33,2026-10-05,America/Los_Angeles,dca,Disney California Adventure,Paradise Gardens Park,301,Silly Symphony Swings,TRUE,5,2026-10-05T23:25:37.000Z,2026-10-05 16:25:37,https://queue-times.com/parks/17/queue_times.json
2026-10-05T23:30:33.829Z,2026-10-05 16:30:33,2026-10-05,America/Los_Angeles,dca,Disney California Adventure,Paradise Gardens Park,10905,Silly Symphony Swings Single Rider,TRUE,0,2026-10-05T23:25:37.000Z,2026-10-05 16:25:37,https://queue-times.com/parks/17/queue_times.json
2026-10-05T23:30:33.829Z,2026-10-05 16:30:33,2026-10-05,America/Los_Angeles,dca,Disney California Adventure,Paradise Gardens Park,316,The Little Mermaid - Ariel's Undersea Adventure,TRUE,35,2026-10-05T23:25:37.000Z,2026-10-05 16:25:37,https://queue-times.com/parks/17/queue_times.json
2026-10-05T23:30:33.829Z,2026-10-05 16:30:33,2026-10-05,America/Los_Angeles,dca,Disney California Adventure,Paradise Gardens Park,11528,World of Color – ONE,TRUE,0,2026-10-05T23:25:37.000Z,2026-10-05 16:25:37,https://queue-times.com/parks/17/queue_times.json
2026-10-05T23:30:33.829Z,2026-10-05 16:30:33,2026-10-05,America/Los_Angeles,dca,Disney California Adventure,Pixar Pier,866,Games of Pixar Pier,TRUE,5,2026-10-05T23:25:37.000Z,2026-10-05 16:25:37,https://queue-times.com/parks/17/queue_times.json
2026-10-05T23:30:33.829Z,2026-10-05 16:30:33,2026-10-05,America/Los_Angeles,dca,Disney California Adventure,Pixar Pier,322,Incredicoaster,TRUE,20,2026-10-05T23:25:37.000Z,2026-10-05 16:25:37,https://queue-times.com/parks/17/queue_times.json
2026-10-05T23:30:33.829Z,2026-10-05 16:30:33,2026-10-05,America/Los_Angeles,dca,Disney California Adventure,Pixar Pier,10906,Incredicoaster Single Rider,TRUE,0,2026-10-05T23:25:37.000Z,2026-10-05 16:25:37,https://queue-times.com/parks/17/queue_times.json
2026-10-05T23:30:33.829Z,2026-10-05 16:30:33,2026-10-05,America/Los_Angeles,dca,Disney California Adventure,Pixar Pier,6643,Inside Out Emotional Whirlwind,TRUE,5,2026-10-05T23:25:37.000Z,2026-10-05 16:25:37,https://queue-times.com/parks/17/queue_times.json
2026-10-05T23:30:33.829Z,2026-10-05 16:30:33,2026-10-05,America/Los_Angeles,dca,Disney California Adventure,Pixar Pier,310,Jessie's Critter Carousel,TRUE,5,2026-10-05T23:25:37.000Z,2026-10-05 16:25:37,https://queue-times.com/parks/17/queue_times.json
2026-10-05T23:30:33.829Z,2026-10-05 16:30:33,2026-10-05,America/Los_Angeles,dca,Disney California Adventure,Pixar Pier,300,Jumpin' Jellyfish,TRUE,5,2026-10-05T23:25:37.000Z,2026-10-05 16:25:37,https://queue-times.com/parks/17/queue_times.json
2026-10-05T23:30:33.829Z,2026-10-05 16:30:33,2026-10-05,America/Los_Angeles,dca,Disney California Adventure,Pixar Pier,311,Pixar Pal-A-Round - Swinging,TRUE,10,2026-10-05T23:25:37.000Z,2026-10-05 16:25:37,https://queue-times.com/parks/17/queue_times.json
2026-10-05T23:30:33.829Z,2026-10-05 16:30:33,2026-10-05,America/Los_Angeles,dca,Disney California Adventure,Pixar Pier,5557,Pixar Pal-A-Round – Non-Swinging,TRUE,5,2026-10-05T23:25:37.000Z,2026-10-05 16:25:37,https://queue-times.com/parks/17/queue_times.json
2026-10-05T23:30:33.829Z,2026-10-05 16:30:33,2026-10-05,America/Los_Angeles,dca,Disney California Adventure,Pixar Pier,313,Toy Story Midway Mania!,TRUE,35,2026-10-05T23:25:37.000Z,2026-10-05 16:25:37,https://queue-times.com/parks/17/queue_times.json
2026-10-05T23:30:33.829Z,2026-10-05 16:30:33,2026-10-05,America/Los_Angeles,dca,Disney California Adventure,Halloween,5146,Guardians of the Galaxy - Monsters After Dark,TRUE,30,2026-10-05T23:25:37.000Z,2026-10-05 16:25:37,https://queue-times.com/parks/17/queue_times.json
2026-10-05T23:30:33.829Z,2026-10-05 16:30:33,2026-10-05,America/Los_Angeles,dca,Disney California Adventure,Halloween,4723,Mater's Graveyard JamBOOree,TRUE,15,2026-10-05T23:25:37.000Z,2026-10-05 16:25:37,https://queue-times.com/parks/17/queue_times.json
2026-10-05T23:30:33.829Z,2026-10-05 16:30:33,2026-10-05,America/Los_Angeles,dca,Disney California Adventure,Halloween,7292,Villains Grove at Oogie Boogie Bash,FALSE,0,2026-10-05T23:25:37.000Z,2026-10-05 16:25:37,https://queue-times.com/parks/17/queue_times.json
