snapshot_utc,snapshot_park_datetime,snapshot_park_date,snapshot_timezone,park_id,park_name,land,ride_id,ride_name,is_open,wait_time_minutes,source_last_updated_utc,source_last_updated_park_datetime,source_url
2026-07-25T14:30:19.855Z,2026-07-25 07:30:19,2026-07-25,America/Los_Angeles,disneyland,Disneyland,Adventureland,12428,Adventureland Treehouse inspired by Walt Disney’s Swiss Family Robinson,FALSE,0,2026-07-25T14:25:31.000Z,2026-07-25 07:25:31,https://queue-times.com/parks/16/queue_times.json
2026-07-25T14:30:19.855Z,2026-07-25 07:30:19,2026-07-25,America/Los_Angeles,disneyland,Disneyland,Adventureland,326,Indiana Jones™ Adventure,FALSE,0,2026-07-25T14:25:31.000Z,2026-07-25 07:25:31,https://queue-times.com/parks/16/queue_times.json
2026-07-25T14:30:19.855Z,2026-07-25 07:30:19,2026-07-25,America/Los_Angeles,disneyland,Disneyland,Adventureland,296,Jungle Cruise,FALSE,0,2026-07-25T14:25:31.000Z,2026-07-25 07:25:31,https://queue-times.com/parks/16/queue_times.json
2026-07-25T14:30:19.855Z,2026-07-25 07:30:19,2026-07-25,America/Los_Angeles,disneyland,Disneyland,Adventureland,288,Walt Disney's Enchanted Tiki Room,FALSE,0,2026-07-25T14:25:31.000Z,2026-07-25 07:25:31,https://queue-times.com/parks/16/queue_times.json
2026-07-25T14:30:19.855Z,2026-07-25 07:30:19,2026-07-25,America/Los_Angeles,disneyland,Disneyland,Bayou Country,304,Davy Crockett's Explorer Canoes,FALSE,0,2026-07-25T14:25:31.000Z,2026-07-25 07:25:31,https://queue-times.com/parks/16/queue_times.json
2026-07-25T14:30:19.855Z,2026-07-25 07:30:19,2026-07-25,America/Los_Angeles,disneyland,Disneyland,Bayou Country,306,The Many Adventures of Winnie the Pooh,FALSE,0,2026-07-25T14:25:31.000Z,2026-07-25 07:25:31,https://queue-times.com/parks/16/queue_times.json
2026-07-25T14:30:19.855Z,2026-07-25 07:30:19,2026-07-25,America/Los_Angeles,disneyland,Disneyland,Bayou Country,14168,Tiana's Bayou Adventure,FALSE,0,2026-07-25T14:25:31.000Z,2026-07-25 07:25:31,https://queue-times.com/parks/16/queue_times.json
2026-07-25T14:30:19.855Z,2026-07-25 07:30:19,2026-07-25,America/Los_Angeles,disneyland,Disneyland,Bayou Country,14326,Tiana's Bayou Adventure Single Rider,FALSE,0,2026-07-25T14:25:31.000Z,2026-07-25 07:25:31,https://queue-times.com/parks/16/queue_times.json
2026-07-25T14:30:19.855Z,2026-07-25 07:30:19,2026-07-25,America/Los_Angeles,disneyland,Disneyland,Fantasyland,307,"""it's a small world""",FALSE,0,2026-07-25T14:25:31.000Z,2026-07-25 07:25:31,https://queue-times.com/parks/16/queue_times.json
2026-07-25T14:30:19.855Z,2026-07-25 07:30:19,2026-07-25,America/Los_Angeles,disneyland,Disneyland,Fantasyland,285,Alice in Wonderland,FALSE,0,2026-07-25T14:25:31.000Z,2026-07-25 07:25:31,https://queue-times.com/parks/16/queue_times.json
2026-07-25T14:30:19.855Z,2026-07-25 07:30:19,2026-07-25,America/Los_Angeles,disneyland,Disneyland,Fantasyland,16254,Bluey’s Best Day Ever! at Fantasyland Theatre,TRUE,0,2026-07-25T14:25:31.000Z,2026-07-25 07:25:31,https://queue-times.com/parks/16/queue_times.json
2026-07-25T14:30:19.855Z,2026-07-25 07:30:19,2026-07-25,America/Los_Angeles,disneyland,Disneyland,Fantasyland,303,Casey Jr. Circus Train,FALSE,0,2026-07-25T14:25:31.000Z,2026-07-25 07:25:31,https://queue-times.com/parks/16/queue_times.json
2026-07-25T14:30:19.855Z,2026-07-25 07:30:19,2026-07-25,America/Los_Angeles,disneyland,Disneyland,Fantasyland,275,Dumbo the Flying Elephant,FALSE,0,2026-07-25T14:25:31.000Z,2026-07-25 07:25:31,https://queue-times.com/parks/16/queue_times.json
2026-07-25T14:30:19.855Z,2026-07-25 07:30:19,2026-07-25,America/Los_Angeles,disneyland,Disneyland,Fantasyland,277,King Arthur Carrousel,FALSE,0,2026-07-25T14:25:31.000Z,2026-07-25 07:25:31,https://queue-times.com/parks/16/queue_times.json
2026-07-25T14:30:19.855Z,2026-07-25 07:30:19,2026-07-25,America/Los_Angeles,disneyland,Disneyland,Fantasyland,278,Mad Tea Party,FALSE,0,2026-07-25T14:25:31.000Z,2026-07-25 07:25:31,https://queue-times.com/parks/16/queue_times.json
2026-07-25T14:30:19.855Z,2026-07-25 07:30:19,2026-07-25,America/Los_Angeles,disneyland,Disneyland,Fantasyland,279,Matterhorn Bobsleds,FALSE,0,2026-07-25T14:25:31.000Z,2026-07-25 07:25:31,https://queue-times.com/parks/16/queue_times.json
2026-07-25T14:30:19.855Z,2026-07-25 07:30:19,2026-07-25,America/Los_Angeles,disneyland,Disneyland,Fantasyland,6711,Meet Disney Princesses at Royal Hall,FALSE,0,2026-07-25T14:25:31.000Z,2026-07-25 07:25:31,https://queue-times.com/parks/16/queue_times.json
2026-07-25T14:30:19.855Z,2026-07-25 07:30:19,2026-07-25,America/Los_Angeles,disneyland,Disneyland,Fantasyland,280,Mr. Toad's Wild Ride,FALSE,0,2026-07-25T14:25:31.000Z,2026-07-25 07:25:31,https://queue-times.com/parks/16/queue_times.json
2026-07-25T14:30:19.855Z,2026-07-25 07:30:19,2026-07-25,America/Los_Angeles,disneyland,Disneyland,Fantasyland,281,Peter Pan's Flight,FALSE,0,2026-07-25T14:25:31.000Z,2026-07-25 07:25:31,https://queue-times.com/parks/16/queue_times.json
2026-07-25T14:30:19.855Z,2026-07-25 07:30:19,2026-07-25,America/Los_Angeles,disneyland,Disneyland,Fantasyland,282,Pinocchio's Daring Journey,FALSE,0,2026-07-25T14:25:31.000Z,2026-07-25 07:25:31,https://queue-times.com/parks/16/queue_times.json
2026-07-25T14:30:19.855Z,2026-07-25 07:30:19,2026-07-25,America/Los_Angeles,disneyland,Disneyland,Fantasyland,687,Sleeping Beauty Castle Walkthrough,FALSE,0,2026-07-25T14:25:31.000Z,2026-07-25 07:25:31,https://queue-times.com/parks/16/queue_times.json
2026-07-25T14:30:19.855Z,2026-07-25 07:30:19,2026-07-25,America/Los_Angeles,disneyland,Disneyland,Fantasyland,283,Snow White's Enchanted Wish,FALSE,0,2026-07-25T14:25:31.000Z,2026-07-25 07:25:31,https://queue-times.com/parks/16/queue_times.json
2026-07-25T14:30:19.855Z,2026-07-25 07:30:19,2026-07-25,America/Los_Angeles,disneyland,Disneyland,Fantasyland,305,Storybook Land Canal Boats,FALSE,0,2026-07-25T14:25:31.000Z,2026-07-25 07:25:31,https://queue-times.com/parks/16/queue_times.json
2026-07-25T14:30:19.855Z,2026-07-25 07:30:19,2026-07-25,America/Los_Angeles,disneyland,Disneyland,Frontierland,323,Big Thunder Mountain Railroad,FALSE,0,2026-07-25T14:25:31.000Z,2026-07-25 07:25:31,https://queue-times.com/parks/16/queue_times.json
2026-07-25T14:30:19.855Z,2026-07-25 07:30:19,2026-07-25,America/Los_Angeles,disneyland,Disneyland,Frontierland,679,Frontierland Shootin' Exposition,FALSE,0,2026-07-25T14:25:31.000Z,2026-07-25 07:25:31,https://queue-times.com/parks/16/queue_times.json
2026-07-25T14:30:19.855Z,2026-07-25 07:30:19,2026-07-25,America/Los_Angeles,disneyland,Disneyland,Frontierland,456,Mark Twain Riverboat,FALSE,0,2026-07-25T14:25:31.000Z,2026-07-25 07:25:31,https://queue-times.com/parks/16/queue_times.json
2026-07-25T14:30:19.855Z,2026-07-25 07:30:19,2026-07-25,America/Los_Angeles,disneyland,Disneyland,Frontierland,331,Pirate's Lair on Tom Sawyer Island,FALSE,0,2026-07-25T14:25:31.000Z,2026-07-25 07:25:31,https://queue-times.com/parks/16/queue_times.json
2026-07-25T14:30:19.855Z,2026-07-25 07:30:19,2026-07-25,America/Los_Angeles,disneyland,Disneyland,Frontierland,328,Sailing Ship Columbia,FALSE,0,2026-07-25T14:25:31.000Z,2026-07-25 07:25:31,https://queue-times.com/parks/16/queue_times.json
2026-07-25T14:30:19.855Z,2026-07-25 07:30:19,2026-07-25,America/Los_Angeles,disneyland,Disneyland,Main Street U.S.A,674,Disneyland Railroad,FALSE,0,2026-07-25T14:25:31.000Z,2026-07-25 07:25:31,https://queue-times.com/parks/16/queue_times.json
2026-07-25T14:30:19.855Z,2026-07-25 07:30:19,2026-07-25,America/Los_Angeles,disneyland,Disneyland,Main Street U.S.A,690,Great Moments with Mr. Lincoln,FALSE,0,2026-07-25T14:25:31.000Z,2026-07-25 07:25:31,https://queue-times.com/parks/16/queue_times.json
2026-07-25T14:30:19.855Z,2026-07-25 07:30:19,2026-07-25,America/Los_Angeles,disneyland,Disneyland,Main Street U.S.A,686,Main Street Cinema,FALSE,0,2026-07-25T14:25:31.000Z,2026-07-25 07:25:31,https://queue-times.com/parks/16/queue_times.json
2026-07-25T14:30:19.855Z,2026-07-25 07:30:19,2026-07-25,America/Los_Angeles,disneyland,Disneyland,Main Street U.S.A,691,Main Street Vehicles,FALSE,0,2026-07-25T14:25:31.000Z,2026-07-25 07:25:31,https://queue-times.com/parks/16/queue_times.json
2026-07-25T14:30:19.855Z,2026-07-25 07:30:19,2026-07-25,America/Los_Angeles,disneyland,Disneyland,Main Street U.S.A,14915,Opera House - Walt Disney - A Magical Life,FALSE,0,2026-07-25T14:25:31.000Z,2026-07-25 07:25:31,https://queue-times.com/parks/16/queue_times.json
2026-07-25T14:30:19.855Z,2026-07-25 07:30:19,2026-07-25,America/Los_Angeles,disneyland,Disneyland,Main Street U.S.A,695,The Disney Gallery,FALSE,0,2026-07-25T14:25:31.000Z,2026-07-25 07:25:31,https://queue-times.com/parks/16/queue_times.json
2026-07-25T14:30:19.855Z,2026-07-25 07:30:19,2026-07-25,America/Los_Angeles,disneyland,Disneyland,Main Street U.S.A,14923,Walt Disney - A Magical Life,FALSE,0,2026-07-25T14:25:31.000Z,2026-07-25 07:25:31,https://queue-times.com/parks/16/queue_times.json
2026-07-25T14:30:19.855Z,2026-07-25 07:30:19,2026-07-25,America/Los_Angeles,disneyland,Disneyland,Mickey's Toontown,324,Chip 'n' Dale's GADGETcoaster,FALSE,0,2026-07-25T14:25:31.000Z,2026-07-25 07:25:31,https://queue-times.com/parks/16/queue_times.json
2026-07-25T14:30:19.855Z,2026-07-25 07:30:19,2026-07-25,America/Los_Angeles,disneyland,Disneyland,Mickey's Toontown,13814,Donald's Duck Pond,FALSE,0,2026-07-25T14:25:31.000Z,2026-07-25 07:25:31,https://queue-times.com/parks/16/queue_times.json
2026-07-25T14:30:19.855Z,2026-07-25 07:30:19,2026-07-25,America/Los_Angeles,disneyland,Disneyland,Mickey's Toontown,11980,Goofy's How-to-Play Yard,FALSE,0,2026-07-25T14:25:31.000Z,2026-07-25 07:25:31,https://queue-times.com/parks/16/queue_times.json
2026-07-25T14:30:19.855Z,2026-07-25 07:30:19,2026-07-25,America/Los_Angeles,disneyland,Disneyland,Mickey's Toontown,11526,Mickey & Minnie's Runaway Railway,FALSE,0,2026-07-25T14:25:31.000Z,2026-07-25 07:25:31,https://queue-times.com/parks/16/queue_times.json
2026-07-25T14:30:19.855Z,2026-07-25 07:30:19,2026-07-25,America/Los_Angeles,disneyland,Disneyland,Mickey's Toontown,709,Mickey's House and Meet Mickey Mouse,FALSE,0,2026-07-25T14:25:31.000Z,2026-07-25 07:25:31,https://queue-times.com/parks/16/queue_times.json
2026-07-25T14:30:19.855Z,2026-07-25 07:30:19,2026-07-25,America/Los_Angeles,disneyland,Disneyland,Mickey's Toontown,327,Mickey's House and Meet Mickey Mouse,FALSE,0,2026-07-25T14:25:31.000Z,2026-07-25 07:25:31,https://queue-times.com/parks/16/queue_times.json
2026-07-25T14:30:19.855Z,2026-07-25 07:30:19,2026-07-25,America/Los_Angeles,disneyland,Disneyland,Mickey's Toontown,684,Minnie's House,FALSE,0,2026-07-25T14:25:31.000Z,2026-07-25 07:25:31,https://queue-times.com/parks/16/queue_times.json
2026-07-25T14:30:19.855Z,2026-07-25 07:30:19,2026-07-25,America/Los_Angeles,disneyland,Disneyland,Mickey's Toontown,332,Roger Rabbit's Car Toon Spin,FALSE,0,2026-07-25T14:25:31.000Z,2026-07-25 07:25:31,https://queue-times.com/parks/16/queue_times.json
2026-07-25T14:30:19.855Z,2026-07-25 07:30:19,2026-07-25,America/Los_Angeles,disneyland,Disneyland,New Orleans Square,13958,Haunted Mansion,FALSE,0,2026-07-25T14:25:31.000Z,2026-07-25 07:25:31,https://queue-times.com/parks/16/queue_times.json
2026-07-25T14:30:19.855Z,2026-07-25 07:30:19,2026-07-25,America/Los_Angeles,disneyland,Disneyland,New Orleans Square,289,Pirates of the Caribbean,FALSE,0,2026-07-25T14:25:31.000Z,2026-07-25 07:25:31,https://queue-times.com/parks/16/queue_times.json
2026-07-25T14:30:19.855Z,2026-07-25 07:30:19,2026-07-25,America/Los_Angeles,disneyland,Disneyland,Star Wars: Galaxy's Edge,6339,Millennium Falcon: Smugglers Run,FALSE,0,2026-07-25T14:25:31.000Z,2026-07-25 07:25:31,https://queue-times.com/parks/16/queue_times.json
2026-07-25T14:30:19.855Z,2026-07-25 07:30:19,2026-07-25,America/Los_Angeles,disneyland,Disneyland,Star Wars: Galaxy's Edge,10903,Millennium Falcon: Smugglers Run Single Rider,FALSE,0,2026-07-25T14:25:31.000Z,2026-07-25 07:25:31,https://queue-times.com/parks/16/queue_times.json
2026-07-25T14:30:19.855Z,2026-07-25 07:30:19,2026-07-25,America/Los_Angeles,disneyland,Disneyland,Star Wars: Galaxy's Edge,6340,Star Wars: Rise of the Resistance,FALSE,0,2026-07-25T14:25:31.000Z,2026-07-25 07:25:31,https://queue-times.com/parks/16/queue_times.json
2026-07-25T14:30:19.855Z,2026-07-25 07:30:19,2026-07-25,America/Los_Angeles,disneyland,Disneyland,Tomorrowland,287,Astro Orbitor,FALSE,0,2026-07-25T14:25:31.000Z,2026-07-25 07:25:31,https://queue-times.com/parks/16/queue_times.json
2026-07-25T14:30:19.855Z,2026-07-25 07:30:19,2026-07-25,America/Los_Angeles,disneyland,Disneyland,Tomorrowland,317,Autopia,FALSE,0,2026-07-25T14:25:31.000Z,2026-07-25 07:25:31,https://queue-times.com/parks/16/queue_times.json
2026-07-25T14:30:19.855Z,2026-07-25 07:30:19,2026-07-25,America/Los_Angeles,disneyland,Disneyland,Tomorrowland,273,Buzz Lightyear Astro Blasters,FALSE,0,2026-07-25T14:25:31.000Z,2026-07-25 07:25:31,https://queue-times.com/parks/16/queue_times.json
2026-07-25T14:30:19.855Z,2026-07-25 07:30:19,2026-07-25,America/Los_Angeles,disneyland,Disneyland,Tomorrowland,274,Disneyland Monorail,FALSE,0,2026-07-25T14:25:31.000Z,2026-07-25 07:25:31,https://queue-times.com/parks/16/queue_times.json
2026-07-25T14:30:19.855Z,2026-07-25 07:30:19,2026-07-25,America/Los_Angeles,disneyland,Disneyland,Tomorrowland,276,Finding Nemo Submarine Voyage,FALSE,0,2026-07-25T14:25:31.000Z,2026-07-25 07:25:31,https://queue-times.com/parks/16/queue_times.json
2026-07-25T14:30:19.855Z,2026-07-25 07:30:19,2026-07-25,America/Los_Angeles,disneyland,Disneyland,Tomorrowland,16627,Pixar Short Film Spotlight,FALSE,0,2026-07-25T14:25:31.000Z,2026-07-25 07:25:31,https://queue-times.com/parks/16/queue_times.json
2026-07-25T14:30:19.855Z,2026-07-25 07:30:19,2026-07-25,America/Los_Angeles,disneyland,Disneyland,Tomorrowland,284,Space Mountain,FALSE,0,2026-07-25T14:25:31.000Z,2026-07-25 07:25:31,https://queue-times.com/parks/16/queue_times.json
2026-07-25T14:30:19.855Z,2026-07-25 07:30:19,2026-07-25,America/Los_Angeles,disneyland,Disneyland,Tomorrowland,286,Star Tours - The Adventures Continue,FALSE,0,2026-07-25T14:25:31.000Z,2026-07-25 07:25:31,https://queue-times.com/parks/16/queue_times.json
2026-07-25T14:30:19.855Z,2026-07-25 07:30:19,2026-07-25,America/Los_Angeles,dca,Disney California Adventure,Avengers Campus,329,Guardians of the Galaxy - Mission: BREAKOUT!,FALSE,0,2026-07-25T14:25:45.000Z,2026-07-25 07:25:45,https://queue-times.com/parks/17/queue_times.json
2026-07-25T14:30:19.855Z,2026-07-25 07:30:19,2026-07-25,America/Los_Angeles,dca,Disney California Adventure,Avengers Campus,8843,WEB SLINGERS: A Spider-Man Adventure,FALSE,0,2026-07-25T14:25:45.000Z,2026-07-25 07:25:45,https://queue-times.com/parks/17/queue_times.json
2026-07-25T14:30:19.855Z,2026-07-25 07:30:19,2026-07-25,America/Los_Angeles,dca,Disney California Adventure,Avengers Campus,10907,WEB SLINGERS: A Spider-Man Adventure Single Rider,FALSE,0,2026-07-25T14:25:45.000Z,2026-07-25 07:25:45,https://queue-times.com/parks/17/queue_times.json
2026-07-25T14:30:19.855Z,2026-07-25 07:30:19,2026-07-25,America/Los_Angeles,dca,Disney California Adventure,Cars Land,13961,Luigi's Rollickin' Roadsters,FALSE,0,2026-07-25T14:25:45.000Z,2026-07-25 07:25:45,https://queue-times.com/parks/17/queue_times.json
2026-07-25T14:30:19.855Z,2026-07-25 07:30:19,2026-07-25,America/Los_Angeles,dca,Disney California Adventure,Cars Land,315,Mater's Junkyard Jamboree,FALSE,0,2026-07-25T14:25:45.000Z,2026-07-25 07:25:45,https://queue-times.com/parks/17/queue_times.json
2026-07-25T14:30:19.855Z,2026-07-25 07:30:19,2026-07-25,America/Los_Angeles,dca,Disney California Adventure,Cars Land,295,Radiator Springs Racers,FALSE,0,2026-07-25T14:25:45.000Z,2026-07-25 07:25:45,https://queue-times.com/parks/17/queue_times.json
2026-07-25T14:30:19.855Z,2026-07-25 07:30:19,2026-07-25,America/Los_Angeles,dca,Disney California Adventure,Cars Land,10904,Radiator Springs Racers Single Rider,FALSE,0,2026-07-25T14:25:45.000Z,2026-07-25 07:25:45,https://queue-times.com/parks/17/queue_times.json
2026-07-25T14:30:19.855Z,2026-07-25 07:30:19,2026-07-25,America/Los_Angeles,dca,Disney California Adventure,Grizzly Peak,302,Grizzly River Run,FALSE,0,2026-07-25T14:25:45.000Z,2026-07-25 07:25:45,https://queue-times.com/parks/17/queue_times.json
2026-07-25T14:30:19.855Z,2026-07-25 07:30:19,2026-07-25,America/Los_Angeles,dca,Disney California Adventure,Grizzly Peak,293,Redwood Creek Challenge Trail,FALSE,0,2026-07-25T14:25:45.000Z,2026-07-25 07:25:45,https://queue-times.com/parks/17/queue_times.json
2026-07-25T14:30:19.855Z,2026-07-25 07:30:19,2026-07-25,America/Los_Angeles,dca,Disney California Adventure,Grizzly Peak,17129,Soarin’ Across America,FALSE,0,2026-07-25T14:25:45.000Z,2026-07-25 07:25:45,https://queue-times.com/parks/17/queue_times.json
2026-07-25T14:30:19.855Z,2026-07-25 07:30:19,2026-07-25,America/Los_Angeles,dca,Disney California Adventure,Hollywood Land,321,Animation Academy,TRUE,0,2026-07-25T14:25:45.000Z,2026-07-25 07:25:45,https://queue-times.com/parks/17/queue_times.json
2026-07-25T14:30:19.855Z,2026-07-25 07:30:19,2026-07-25,America/Los_Angeles,dca,Disney California Adventure,Hollywood Land,6440,Mickey's PhilharMagic,TRUE,10,2026-07-25T14:25:45.000Z,2026-07-25 07:25:45,https://queue-times.com/parks/17/queue_times.json
2026-07-25T14:30:19.855Z,2026-07-25 07:30:19,2026-07-25,America/Los_Angeles,dca,Disney California Adventure,Hollywood Land,291,"Monsters, Inc. Mike & Sulley to the Rescue!",FALSE,0,2026-07-25T14:25:45.000Z,2026-07-25 07:25:45,https://queue-times.com/parks/17/queue_times.json
2026-07-25T14:30:19.855Z,2026-07-25 07:30:19,2026-07-25,America/Los_Angeles,dca,Disney California Adventure,Hollywood Land,868,Sorcerer's Workshop,FALSE,0,2026-07-25T14:25:45.000Z,2026-07-25 07:25:45,https://queue-times.com/parks/17/queue_times.json
2026-07-25T14:30:19.855Z,2026-07-25 07:30:19,2026-07-25,America/Los_Angeles,dca,Disney California Adventure,Hollywood Land,294,Turtle Talk with Crush,TRUE,0,2026-07-25T14:25:45.000Z,2026-07-25 07:25:45,https://queue-times.com/parks/17/queue_times.json
2026-07-25T14:30:19.855Z,2026-07-25 07:30:19,2026-07-25,America/Los_Angeles,dca,Disney California Adventure,Pacific Wharf,869,The Bakery Tour,FALSE,0,2026-07-25T14:25:45.000Z,2026-07-25 07:25:45,https://queue-times.com/parks/17/queue_times.json
2026-07-25T14:30:19.855Z,2026-07-25 07:30:19,2026-07-25,America/Los_Angeles,dca,Disney California Adventure,Paradise Gardens Park,298,Golden Zephyr,FALSE,0,2026-07-25T14:25:45.000Z,2026-07-25 07:25:45,https://queue-times.com/parks/17/queue_times.json
2026-07-25T14:30:19.855Z,2026-07-25 07:30:19,2026-07-25,America/Los_Angeles,dca,Disney California Adventure,Paradise Gardens Park,319,Goofy's Sky School,FALSE,0,2026-07-25T14:25:45.000Z,2026-07-25 07:25:45,https://queue-times.com/parks/17/queue_times.json
2026-07-25T14:30:19.855Z,2026-07-25 07:30:19,2026-07-25,America/Los_Angeles,dca,Disney California Adventure,Paradise Gardens Park,301,Silly Symphony Swings,FALSE,0,2026-07-25T14:25:45.000Z,2026-07-25 07:25:45,https://queue-times.com/parks/17/queue_times.json
2026-07-25T14:30:19.855Z,2026-07-25 07:30:19,2026-07-25,America/Los_Angeles,dca,Disney California Adventure,Paradise Gardens Park,316,The Little Mermaid - Ariel's Undersea Adventure,FALSE,0,2026-07-25T14:25:45.000Z,2026-07-25 07:25:45,https://queue-times.com/parks/17/queue_times.json
2026-07-25T14:30:19.855Z,2026-07-25 07:30:19,2026-07-25,America/Los_Angeles,dca,Disney California Adventure,Paradise Gardens Park,14742,World of Color Happiness!,TRUE,0,2026-07-25T14:25:45.000Z,2026-07-25 07:25:45,https://queue-times.com/parks/17/queue_times.json
2026-07-25T14:30:19.855Z,2026-07-25 07:30:19,2026-07-25,America/Los_Angeles,dca,Disney California Adventure,Pixar Pier,866,Games of Pixar Pier,FALSE,0,2026-07-25T14:25:45.000Z,2026-07-25 07:25:45,https://queue-times.com/parks/17/queue_times.json
2026-07-25T14:30:19.855Z,2026-07-25 07:30:19,2026-07-25,America/Los_Angeles,dca,Disney California Adventure,Pixar Pier,322,Incredicoaster,FALSE,0,2026-07-25T14:25:45.000Z,2026-07-25 07:25:45,https://queue-times.com/parks/17/queue_times.json
2026-07-25T14:30:19.855Z,2026-07-25 07:30:19,2026-07-25,America/Los_Angeles,dca,Disney California Adventure,Pixar Pier,10906,Incredicoaster Single Rider,FALSE,0,2026-07-25T14:25:45.000Z,2026-07-25 07:25:45,https://queue-times.com/parks/17/queue_times.json
2026-07-25T14:30:19.855Z,2026-07-25 07:30:19,2026-07-25,America/Los_Angeles,dca,Disney California Adventure,Pixar Pier,6643,Inside Out Emotional Whirlwind,FALSE,0,2026-07-25T14:25:45.000Z,2026-07-25 07:25:45,https://queue-times.com/parks/17/queue_times.json
2026-07-25T14:30:19.855Z,2026-07-25 07:30:19,2026-07-25,America/Los_Angeles,dca,Disney California Adventure,Pixar Pier,310,Jessie's Critter Carousel,FALSE,0,2026-07-25T14:25:45.000Z,2026-07-25 07:25:45,https://queue-times.com/parks/17/queue_times.json
2026-07-25T14:30:19.855Z,2026-07-25 07:30:19,2026-07-25,America/Los_Angeles,dca,Disney California Adventure,Pixar Pier,300,Jumpin' Jellyfish,FALSE,0,2026-07-25T14:25:45.000Z,2026-07-25 07:25:45,https://queue-times.com/parks/17/queue_times.json
2026-07-25T14:30:19.855Z,2026-07-25 07:30:19,2026-07-25,America/Los_Angeles,dca,Disney California Adventure,Pixar Pier,311,Pixar Pal-A-Round - Swinging,FALSE,0,2026-07-25T14:25:45.000Z,2026-07-25 07:25:45,https://queue-times.com/parks/17/queue_times.json
2026-07-25T14:30:19.855Z,2026-07-25 07:30:19,2026-07-25,America/Los_Angeles,dca,Disney California Adventure,Pixar Pier,5557,Pixar Pal-A-Round – Non-Swinging,FALSE,0,2026-07-25T14:25:45.000Z,2026-07-25 07:25:45,https://queue-times.com/parks/17/queue_times.json
2026-07-25T14:30:19.855Z,2026-07-25 07:30:19,2026-07-25,America/Los_Angeles,dca,Disney California Adventure,Pixar Pier,313,Toy Story Midway Mania!,FALSE,0,2026-07-25T14:25:45.000Z,2026-07-25 07:25:45,https://queue-times.com/parks/17/queue_times.json
2026-07-25T14:45:24.521Z,2026-07-25 07:45:24,2026-07-25,America/Los_Angeles,disneyland,Disneyland,Adventureland,12428,Adventureland Treehouse inspired by Walt Disney’s Swiss Family Robinson,FALSE,0,2026-07-25T14:40:33.000Z,2026-07-25 07:40:33,https://queue-times.com/parks/16/queue_times.json
2026-07-25T14:45:24.521Z,2026-07-25 07:45:24,2026-07-25,America/Los_Angeles,disneyland,Disneyland,Adventureland,326,Indiana Jones™ Adventure,FALSE,0,2026-07-25T14:40:33.000Z,2026-07-25 07:40:33,https://queue-times.com/parks/16/queue_times.json
2026-07-25T14:45:24.521Z,2026-07-25 07:45:24,2026-07-25,America/Los_Angeles,disneyland,Disneyland,Adventureland,296,Jungle Cruise,FALSE,0,2026-07-25T14:40:33.000Z,2026-07-25 07:40:33,https://queue-times.com/parks/16/queue_times.json
2026-07-25T14:45:24.521Z,2026-07-25 07:45:24,2026-07-25,America/Los_Angeles,disneyland,Disneyland,Adventureland,288,Walt Disney's Enchanted Tiki Room,FALSE,0,2026-07-25T14:40:33.000Z,2026-07-25 07:40:33,https://queue-times.com/parks/16/queue_times.json
2026-07-25T14:45:24.521Z,2026-07-25 07:45:24,2026-07-25,America/Los_Angeles,disneyland,Disneyland,Bayou Country,304,Davy Crockett's Explorer Canoes,FALSE,0,2026-07-25T14:40:33.000Z,2026-07-25 07:40:33,https://queue-times.com/parks/16/queue_times.json
2026-07-25T14:45:24.521Z,2026-07-25 07:45:24,2026-07-25,America/Los_Angeles,disneyland,Disneyland,Bayou Country,306,The Many Adventures of Winnie the Pooh,FALSE,0,2026-07-25T14:40:33.000Z,2026-07-25 07:40:33,https://queue-times.com/parks/16/queue_times.json
2026-07-25T14:45:24.521Z,2026-07-25 07:45:24,2026-07-25,America/Los_Angeles,disneyland,Disneyland,Bayou Country,14168,Tiana's Bayou Adventure,FALSE,0,2026-07-25T14:40:33.000Z,2026-07-25 07:40:33,https://queue-times.com/parks/16/queue_times.json
2026-07-25T14:45:24.521Z,2026-07-25 07:45:24,2026-07-25,America/Los_Angeles,disneyland,Disneyland,Bayou Country,14326,Tiana's Bayou Adventure Single Rider,FALSE,0,2026-07-25T14:40:33.000Z,2026-07-25 07:40:33,https://queue-times.com/parks/16/queue_times.json
2026-07-25T14:45:24.521Z,2026-07-25 07:45:24,2026-07-25,America/Los_Angeles,disneyland,Disneyland,Fantasyland,307,"""it's a small world""",FALSE,0,2026-07-25T14:40:33.000Z,2026-07-25 07:40:33,https://queue-times.com/parks/16/queue_times.json
2026-07-25T14:45:24.521Z,2026-07-25 07:45:24,2026-07-25,America/Los_Angeles,disneyland,Disneyland,Fantasyland,285,Alice in Wonderland,FALSE,0,2026-07-25T14:40:33.000Z,2026-07-25 07:40:33,https://queue-times.com/parks/16/queue_times.json
2026-07-25T14:45:24.521Z,2026-07-25 07:45:24,2026-07-25,America/Los_Angeles,disneyland,Disneyland,Fantasyland,16254,Bluey’s Best Day Ever! at Fantasyland Theatre,TRUE,0,2026-07-25T14:40:33.000Z,2026-07-25 07:40:33,https://queue-times.com/parks/16/queue_times.json
2026-07-25T14:45:24.521Z,2026-07-25 07:45:24,2026-07-25,America/Los_Angeles,disneyland,Disneyland,Fantasyland,303,Casey Jr. Circus Train,FALSE,0,2026-07-25T14:40:33.000Z,2026-07-25 07:40:33,https://queue-times.com/parks/16/queue_times.json
2026-07-25T14:45:24.521Z,2026-07-25 07:45:24,2026-07-25,America/Los_Angeles,disneyland,Disneyland,Fantasyland,275,Dumbo the Flying Elephant,FALSE,0,2026-07-25T14:40:33.000Z,2026-07-25 07:40:33,https://queue-times.com/parks/16/queue_times.json
2026-07-25T14:45:24.521Z,2026-07-25 07:45:24,2026-07-25,America/Los_Angeles,disneyland,Disneyland,Fantasyland,277,King Arthur Carrousel,FALSE,0,2026-07-25T14:40:33.000Z,2026-07-25 07:40:33,https://queue-times.com/parks/16/queue_times.json
2026-07-25T14:45:24.521Z,2026-07-25 07:45:24,2026-07-25,America/Los_Angeles,disneyland,Disneyland,Fantasyland,278,Mad Tea Party,FALSE,0,2026-07-25T14:40:33.000Z,2026-07-25 07:40:33,https://queue-times.com/parks/16/queue_times.json
2026-07-25T14:45:24.521Z,2026-07-25 07:45:24,2026-07-25,America/Los_Angeles,disneyland,Disneyland,Fantasyland,279,Matterhorn Bobsleds,FALSE,0,2026-07-25T14:40:33.000Z,2026-07-25 07:40:33,https://queue-times.com/parks/16/queue_times.json
2026-07-25T14:45:24.521Z,2026-07-25 07:45:24,2026-07-25,America/Los_Angeles,disneyland,Disneyland,Fantasyland,6711,Meet Disney Princesses at Royal Hall,FALSE,0,2026-07-25T14:40:33.000Z,2026-07-25 07:40:33,https://queue-times.com/parks/16/queue_times.json
2026-07-25T14:45:24.521Z,2026-07-25 07:45:24,2026-07-25,America/Los_Angeles,disneyland,Disneyland,Fantasyland,280,Mr. Toad's Wild Ride,FALSE,0,2026-07-25T14:40:33.000Z,2026-07-25 07:40:33,https://queue-times.com/parks/16/queue_times.json
2026-07-25T14:45:24.521Z,2026-07-25 07:45:24,2026-07-25,America/Los_Angeles,disneyland,Disneyland,Fantasyland,281,Peter Pan's Flight,FALSE,0,2026-07-25T14:40:33.000Z,2026-07-25 07:40:33,https://queue-times.com/parks/16/queue_times.json
2026-07-25T14:45:24.521Z,2026-07-25 07:45:24,2026-07-25,America/Los_Angeles,disneyland,Disneyland,Fantasyland,282,Pinocchio's Daring Journey,FALSE,0,2026-07-25T14:40:33.000Z,2026-07-25 07:40:33,https://queue-times.com/parks/16/queue_times.json
2026-07-25T14:45:24.521Z,2026-07-25 07:45:24,2026-07-25,America/Los_Angeles,disneyland,Disneyland,Fantasyland,687,Sleeping Beauty Castle Walkthrough,FALSE,0,2026-07-25T14:40:33.000Z,2026-07-25 07:40:33,https://queue-times.com/parks/16/queue_times.json
2026-07-25T14:45:24.521Z,2026-07-25 07:45:24,2026-07-25,America/Los_Angeles,disneyland,Disneyland,Fantasyland,283,Snow White's Enchanted Wish,FALSE,0,2026-07-25T14:40:33.000Z,2026-07-25 07:40:33,https://queue-times.com/parks/16/queue_times.json
2026-07-25T14:45:24.521Z,2026-07-25 07:45:24,2026-07-25,America/Los_Angeles,disneyland,Disneyland,Fantasyland,305,Storybook Land Canal Boats,FALSE,0,2026-07-25T14:40:33.000Z,2026-07-25 07:40:33,https://queue-times.com/parks/16/queue_times.json
2026-07-25T14:45:24.521Z,2026-07-25 07:45:24,2026-07-25,America/Los_Angeles,disneyland,Disneyland,Frontierland,323,Big Thunder Mountain Railroad,FALSE,0,2026-07-25T14:40:33.000Z,2026-07-25 07:40:33,https://queue-times.com/parks/16/queue_times.json
2026-07-25T14:45:24.521Z,2026-07-25 07:45:24,2026-07-25,America/Los_Angeles,disneyland,Disneyland,Frontierland,679,Frontierland Shootin' Exposition,FALSE,0,2026-07-25T14:40:33.000Z,2026-07-25 07:40:33,https://queue-times.com/parks/16/queue_times.json
2026-07-25T14:45:24.521Z,2026-07-25 07:45:24,2026-07-25,America/Los_Angeles,disneyland,Disneyland,Frontierland,456,Mark Twain Riverboat,FALSE,0,2026-07-25T14:40:33.000Z,2026-07-25 07:40:33,https://queue-times.com/parks/16/queue_times.json
2026-07-25T14:45:24.521Z,2026-07-25 07:45:24,2026-07-25,America/Los_Angeles,disneyland,Disneyland,Frontierland,331,Pirate's Lair on Tom Sawyer Island,FALSE,0,2026-07-25T14:40:33.000Z,2026-07-25 07:40:33,https://queue-times.com/parks/16/queue_times.json
2026-07-25T14:45:24.521Z,2026-07-25 07:45:24,2026-07-25,America/Los_Angeles,disneyland,Disneyland,Frontierland,328,Sailing Ship Columbia,FALSE,0,2026-07-25T14:40:33.000Z,2026-07-25 07:40:33,https://queue-times.com/parks/16/queue_times.json
2026-07-25T14:45:24.521Z,2026-07-25 07:45:24,2026-07-25,America/Los_Angeles,disneyland,Disneyland,Main Street U.S.A,674,Disneyland Railroad,FALSE,0,2026-07-25T14:40:33.000Z,2026-07-25 07:40:33,https://queue-times.com/parks/16/queue_times.json
2026-07-25T14:45:24.521Z,2026-07-25 07:45:24,2026-07-25,America/Los_Angeles,disneyland,Disneyland,Main Street U.S.A,690,Great Moments with Mr. Lincoln,FALSE,0,2026-07-25T14:40:33.000Z,2026-07-25 07:40:33,https://queue-times.com/parks/16/queue_times.json
2026-07-25T14:45:24.521Z,2026-07-25 07:45:24,2026-07-25,America/Los_Angeles,disneyland,Disneyland,Main Street U.S.A,686,Main Street Cinema,FALSE,0,2026-07-25T14:40:33.000Z,2026-07-25 07:40:33,https://queue-times.com/parks/16/queue_times.json
2026-07-25T14:45:24.521Z,2026-07-25 07:45:24,2026-07-25,America/Los_Angeles,disneyland,Disneyland,Main Street U.S.A,691,Main Street Vehicles,FALSE,0,2026-07-25T14:40:33.000Z,2026-07-25 07:40:33,https://queue-times.com/parks/16/queue_times.json
2026-07-25T14:45:24.521Z,2026-07-25 07:45:24,2026-07-25,America/Los_Angeles,disneyland,Disneyland,Main Street U.S.A,14915,Opera House - Walt Disney - A Magical Life,FALSE,0,2026-07-25T14:40:33.000Z,2026-07-25 07:40:33,https://queue-times.com/parks/16/queue_times.json
2026-07-25T14:45:24.521Z,2026-07-25 07:45:24,2026-07-25,America/Los_Angeles,disneyland,Disneyland,Main Street U.S.A,695,The Disney Gallery,FALSE,0,2026-07-25T14:40:33.000Z,2026-07-25 07:40:33,https://queue-times.com/parks/16/queue_times.json
2026-07-25T14:45:24.521Z,2026-07-25 07:45:24,2026-07-25,America/Los_Angeles,disneyland,Disneyland,Main Street U.S.A,14923,Walt Disney - A Magical Life,FALSE,0,2026-07-25T14:40:33.000Z,2026-07-25 07:40:33,https://queue-times.com/parks/16/queue_times.json
2026-07-25T14:45:24.521Z,2026-07-25 07:45:24,2026-07-25,America/Los_Angeles,disneyland,Disneyland,Mickey's Toontown,324,Chip 'n' Dale's GADGETcoaster,FALSE,0,2026-07-25T14:40:33.000Z,2026-07-25 07:40:33,https://queue-times.com/parks/16/queue_times.json
2026-07-25T14:45:24.521Z,2026-07-25 07:45:24,2026-07-25,America/Los_Angeles,disneyland,Disneyland,Mickey's Toontown,13814,Donald's Duck Pond,FALSE,0,2026-07-25T14:40:33.000Z,2026-07-25 07:40:33,https://queue-times.com/parks/16/queue_times.json
2026-07-25T14:45:24.521Z,2026-07-25 07:45:24,2026-07-25,America/Los_Angeles,disneyland,Disneyland,Mickey's Toontown,11980,Goofy's How-to-Play Yard,FALSE,0,2026-07-25T14:40:33.000Z,2026-07-25 07:40:33,https://queue-times.com/parks/16/queue_times.json
2026-07-25T14:45:24.521Z,2026-07-25 07:45:24,2026-07-25,America/Los_Angeles,disneyland,Disneyland,Mickey's Toontown,11526,Mickey & Minnie's Runaway Railway,FALSE,0,2026-07-25T14:40:33.000Z,2026-07-25 07:40:33,https://queue-times.com/parks/16/queue_times.json
2026-07-25T14:45:24.521Z,2026-07-25 07:45:24,2026-07-25,America/Los_Angeles,disneyland,Disneyland,Mickey's Toontown,709,Mickey's House and Meet Mickey Mouse,FALSE,0,2026-07-25T14:40:33.000Z,2026-07-25 07:40:33,https://queue-times.com/parks/16/queue_times.json
2026-07-25T14:45:24.521Z,2026-07-25 07:45:24,2026-07-25,America/Los_Angeles,disneyland,Disneyland,Mickey's Toontown,327,Mickey's House and Meet Mickey Mouse,FALSE,0,2026-07-25T14:40:33.000Z,2026-07-25 07:40:33,https://queue-times.com/parks/16/queue_times.json
2026-07-25T14:45:24.521Z,2026-07-25 07:45:24,2026-07-25,America/Los_Angeles,disneyland,Disneyland,Mickey's Toontown,684,Minnie's House,FALSE,0,2026-07-25T14:40:33.000Z,2026-07-25 07:40:33,https://queue-times.com/parks/16/queue_times.json
2026-07-25T14:45:24.521Z,2026-07-25 07:45:24,2026-07-25,America/Los_Angeles,disneyland,Disneyland,Mickey's Toontown,332,Roger Rabbit's Car Toon Spin,FALSE,0,2026-07-25T14:40:33.000Z,2026-07-25 07:40:33,https://queue-times.com/parks/16/queue_times.json
2026-07-25T14:45:24.521Z,2026-07-25 07:45:24,2026-07-25,America/Los_Angeles,disneyland,Disneyland,New Orleans Square,13958,Haunted Mansion,FALSE,0,2026-07-25T14:40:33.000Z,2026-07-25 07:40:33,https://queue-times.com/parks/16/queue_times.json
2026-07-25T14:45:24.521Z,2026-07-25 07:45:24,2026-07-25,America/Los_Angeles,disneyland,Disneyland,New Orleans Square,289,Pirates of the Caribbean,FALSE,0,2026-07-25T14:40:33.000Z,2026-07-25 07:40:33,https://queue-times.com/parks/16/queue_times.json
2026-07-25T14:45:24.521Z,2026-07-25 07:45:24,2026-07-25,America/Los_Angeles,disneyland,Disneyland,Star Wars: Galaxy's Edge,6339,Millennium Falcon: Smugglers Run,FALSE,0,2026-07-25T14:40:33.000Z,2026-07-25 07:40:33,https://queue-times.com/parks/16/queue_times.json
2026-07-25T14:45:24.521Z,2026-07-25 07:45:24,2026-07-25,America/Los_Angeles,disneyland,Disneyland,Star Wars: Galaxy's Edge,10903,Millennium Falcon: Smugglers Run Single Rider,FALSE,0,2026-07-25T14:40:33.000Z,2026-07-25 07:40:33,https://queue-times.com/parks/16/queue_times.json
2026-07-25T14:45:24.521Z,2026-07-25 07:45:24,2026-07-25,America/Los_Angeles,disneyland,Disneyland,Star Wars: Galaxy's Edge,6340,Star Wars: Rise of the Resistance,FALSE,0,2026-07-25T14:40:33.000Z,2026-07-25 07:40:33,https://queue-times.com/parks/16/queue_times.json
2026-07-25T14:45:24.521Z,2026-07-25 07:45:24,2026-07-25,America/Los_Angeles,disneyland,Disneyland,Tomorrowland,287,Astro Orbitor,FALSE,0,2026-07-25T14:40:33.000Z,2026-07-25 07:40:33,https://queue-times.com/parks/16/queue_times.json
2026-07-25T14:45:24.521Z,2026-07-25 07:45:24,2026-07-25,America/Los_Angeles,disneyland,Disneyland,Tomorrowland,317,Autopia,FALSE,0,2026-07-25T14:40:33.000Z,2026-07-25 07:40:33,https://queue-times.com/parks/16/queue_times.json
2026-07-25T14:45:24.521Z,2026-07-25 07:45:24,2026-07-25,America/Los_Angeles,disneyland,Disneyland,Tomorrowland,273,Buzz Lightyear Astro Blasters,FALSE,0,2026-07-25T14:40:33.000Z,2026-07-25 07:40:33,https://queue-times.com/parks/16/queue_times.json
2026-07-25T14:45:24.521Z,2026-07-25 07:45:24,2026-07-25,America/Los_Angeles,disneyland,Disneyland,Tomorrowland,274,Disneyland Monorail,FALSE,0,2026-07-25T14:40:33.000Z,2026-07-25 07:40:33,https://queue-times.com/parks/16/queue_times.json
2026-07-25T14:45:24.521Z,2026-07-25 07:45:24,2026-07-25,America/Los_Angeles,disneyland,Disneyland,Tomorrowland,276,Finding Nemo Submarine Voyage,FALSE,0,2026-07-25T14:40:33.000Z,2026-07-25 07:40:33,https://queue-times.com/parks/16/queue_times.json
2026-07-25T14:45:24.521Z,2026-07-25 07:45:24,2026-07-25,America/Los_Angeles,disneyland,Disneyland,Tomorrowland,16627,Pixar Short Film Spotlight,FALSE,0,2026-07-25T14:40:33.000Z,2026-07-25 07:40:33,https://queue-times.com/parks/16/queue_times.json
2026-07-25T14:45:24.521Z,2026-07-25 07:45:24,2026-07-25,America/Los_Angeles,disneyland,Disneyland,Tomorrowland,284,Space Mountain,FALSE,0,2026-07-25T14:40:33.000Z,2026-07-25 07:40:33,https://queue-times.com/parks/16/queue_times.json
2026-07-25T14:45:24.521Z,2026-07-25 07:45:24,2026-07-25,America/Los_Angeles,disneyland,Disneyland,Tomorrowland,286,Star Tours - The Adventures Continue,FALSE,0,2026-07-25T14:40:33.000Z,2026-07-25 07:40:33,https://queue-times.com/parks/16/queue_times.json
2026-07-25T14:45:24.521Z,2026-07-25 07:45:24,2026-07-25,America/Los_Angeles,dca,Disney California Adventure,Avengers Campus,329,Guardians of the Galaxy - Mission: BREAKOUT!,FALSE,0,2026-07-25T14:40:47.000Z,2026-07-25 07:40:47,https://queue-times.com/parks/17/queue_times.json
2026-07-25T14:45:24.521Z,2026-07-25 07:45:24,2026-07-25,America/Los_Angeles,dca,Disney California Adventure,Avengers Campus,8843,WEB SLINGERS: A Spider-Man Adventure,FALSE,0,2026-07-25T14:40:47.000Z,2026-07-25 07:40:47,https://queue-times.com/parks/17/queue_times.json
2026-07-25T14:45:24.521Z,2026-07-25 07:45:24,2026-07-25,America/Los_Angeles,dca,Disney California Adventure,Avengers Campus,10907,WEB SLINGERS: A Spider-Man Adventure Single Rider,FALSE,0,2026-07-25T14:40:47.000Z,2026-07-25 07:40:47,https://queue-times.com/parks/17/queue_times.json
2026-07-25T14:45:24.521Z,2026-07-25 07:45:24,2026-07-25,America/Los_Angeles,dca,Disney California Adventure,Cars Land,13961,Luigi's Rollickin' Roadsters,FALSE,0,2026-07-25T14:40:47.000Z,2026-07-25 07:40:47,https://queue-times.com/parks/17/queue_times.json
2026-07-25T14:45:24.521Z,2026-07-25 07:45:24,2026-07-25,America/Los_Angeles,dca,Disney California Adventure,Cars Land,315,Mater's Junkyard Jamboree,FALSE,0,2026-07-25T14:40:47.000Z,2026-07-25 07:40:47,https://queue-times.com/parks/17/queue_times.json
2026-07-25T14:45:24.521Z,2026-07-25 07:45:24,2026-07-25,America/Los_Angeles,dca,Disney California Adventure,Cars Land,295,Radiator Springs Racers,FALSE,0,2026-07-25T14:40:47.000Z,2026-07-25 07:40:47,https://queue-times.com/parks/17/queue_times.json
2026-07-25T14:45:24.521Z,2026-07-25 07:45:24,2026-07-25,America/Los_Angeles,dca,Disney California Adventure,Cars Land,10904,Radiator Springs Racers Single Rider,FALSE,0,2026-07-25T14:40:47.000Z,2026-07-25 07:40:47,https://queue-times.com/parks/17/queue_times.json
2026-07-25T14:45:24.521Z,2026-07-25 07:45:24,2026-07-25,America/Los_Angeles,dca,Disney California Adventure,Grizzly Peak,302,Grizzly River Run,FALSE,0,2026-07-25T14:40:47.000Z,2026-07-25 07:40:47,https://queue-times.com/parks/17/queue_times.json
2026-07-25T14:45:24.521Z,2026-07-25 07:45:24,2026-07-25,America/Los_Angeles,dca,Disney California Adventure,Grizzly Peak,293,Redwood Creek Challenge Trail,FALSE,0,2026-07-25T14:40:47.000Z,2026-07-25 07:40:47,https://queue-times.com/parks/17/queue_times.json
2026-07-25T14:45:24.521Z,2026-07-25 07:45:24,2026-07-25,America/Los_Angeles,dca,Disney California Adventure,Grizzly Peak,17129,Soarin’ Across America,FALSE,0,2026-07-25T14:40:47.000Z,2026-07-25 07:40:47,https://queue-times.com/parks/17/queue_times.json
2026-07-25T14:45:24.521Z,2026-07-25 07:45:24,2026-07-25,America/Los_Angeles,dca,Disney California Adventure,Hollywood Land,321,Animation Academy,TRUE,0,2026-07-25T14:40:47.000Z,2026-07-25 07:40:47,https://queue-times.com/parks/17/queue_times.json
2026-07-25T14:45:24.521Z,2026-07-25 07:45:24,2026-07-25,America/Los_Angeles,dca,Disney California Adventure,Hollywood Land,6440,Mickey's PhilharMagic,TRUE,10,2026-07-25T14:40:47.000Z,2026-07-25 07:40:47,https://queue-times.com/parks/17/queue_times.json
2026-07-25T14:45:24.521Z,2026-07-25 07:45:24,2026-07-25,America/Los_Angeles,dca,Disney California Adventure,Hollywood Land,291,"Monsters, Inc. Mike & Sulley to the Rescue!",FALSE,0,2026-07-25T14:40:47.000Z,2026-07-25 07:40:47,https://queue-times.com/parks/17/queue_times.json
2026-07-25T14:45:24.521Z,2026-07-25 07:45:24,2026-07-25,America/Los_Angeles,dca,Disney California Adventure,Hollywood Land,868,Sorcerer's Workshop,FALSE,0,2026-07-25T14:40:47.000Z,2026-07-25 07:40:47,https://queue-times.com/parks/17/queue_times.json
2026-07-25T14:45:24.521Z,2026-07-25 07:45:24,2026-07-25,America/Los_Angeles,dca,Disney California Adventure,Hollywood Land,294,Turtle Talk with Crush,TRUE,0,2026-07-25T14:40:47.000Z,2026-07-25 07:40:47,https://queue-times.com/parks/17/queue_times.json
2026-07-25T14:45:24.521Z,2026-07-25 07:45:24,2026-07-25,America/Los_Angeles,dca,Disney California Adventure,Pacific Wharf,869,The Bakery Tour,FALSE,0,2026-07-25T14:40:47.000Z,2026-07-25 07:40:47,https://queue-times.com/parks/17/queue_times.json
2026-07-25T14:45:24.521Z,2026-07-25 07:45:24,2026-07-25,America/Los_Angeles,dca,Disney California Adventure,Paradise Gardens Park,298,Golden Zephyr,FALSE,0,2026-07-25T14:40:47.000Z,2026-07-25 07:40:47,https://queue-times.com/parks/17/queue_times.json
2026-07-25T14:45:24.521Z,2026-07-25 07:45:24,2026-07-25,America/Los_Angeles,dca,Disney California Adventure,Paradise Gardens Park,319,Goofy's Sky School,FALSE,0,2026-07-25T14:40:47.000Z,2026-07-25 07:40:47,https://queue-times.com/parks/17/queue_times.json
2026-07-25T14:45:24.521Z,2026-07-25 07:45:24,2026-07-25,America/Los_Angeles,dca,Disney California Adventure,Paradise Gardens Park,301,Silly Symphony Swings,FALSE,0,2026-07-25T14:40:47.000Z,2026-07-25 07:40:47,https://queue-times.com/parks/17/queue_times.json
2026-07-25T14:45:24.521Z,2026-07-25 07:45:24,2026-07-25,America/Los_Angeles,dca,Disney California Adventure,Paradise Gardens Park,316,The Little Mermaid - Ariel's Undersea Adventure,FALSE,0,2026-07-25T14:40:47.000Z,2026-07-25 07:40:47,https://queue-times.com/parks/17/queue_times.json
2026-07-25T14:45:24.521Z,2026-07-25 07:45:24,2026-07-25,America/Los_Angeles,dca,Disney California Adventure,Paradise Gardens Park,14742,World of Color Happiness!,TRUE,0,2026-07-25T14:40:47.000Z,2026-07-25 07:40:47,https://queue-times.com/parks/17/queue_times.json
2026-07-25T14:45:24.521Z,2026-07-25 07:45:24,2026-07-25,America/Los_Angeles,dca,Disney California Adventure,Pixar Pier,866,Games of Pixar Pier,FALSE,0,2026-07-25T14:40:47.000Z,2026-07-25 07:40:47,https://queue-times.com/parks/17/queue_times.json
2026-07-25T14:45:24.521Z,2026-07-25 07:45:24,2026-07-25,America/Los_Angeles,dca,Disney California Adventure,Pixar Pier,322,Incredicoaster,FALSE,0,2026-07-25T14:40:47.000Z,2026-07-25 07:40:47,https://queue-times.com/parks/17/queue_times.json
2026-07-25T14:45:24.521Z,2026-07-25 07:45:24,2026-07-25,America/Los_Angeles,dca,Disney California Adventure,Pixar Pier,10906,Incredicoaster Single Rider,FALSE,0,2026-07-25T14:40:47.000Z,2026-07-25 07:40:47,https://queue-times.com/parks/17/queue_times.json
2026-07-25T14:45:24.521Z,2026-07-25 07:45:24,2026-07-25,America/Los_Angeles,dca,Disney California Adventure,Pixar Pier,6643,Inside Out Emotional Whirlwind,FALSE,0,2026-07-25T14:40:47.000Z,2026-07-25 07:40:47,https://queue-times.com/parks/17/queue_times.json
2026-07-25T14:45:24.521Z,2026-07-25 07:45:24,2026-07-25,America/Los_Angeles,dca,Disney California Adventure,Pixar Pier,310,Jessie's Critter Carousel,FALSE,0,2026-07-25T14:40:47.000Z,2026-07-25 07:40:47,https://queue-times.com/parks/17/queue_times.json
2026-07-25T14:45:24.521Z,2026-07-25 07:45:24,2026-07-25,America/Los_Angeles,dca,Disney California Adventure,Pixar Pier,300,Jumpin' Jellyfish,FALSE,0,2026-07-25T14:40:47.000Z,2026-07-25 07:40:47,https://queue-times.com/parks/17/queue_times.json
2026-07-25T14:45:24.521Z,2026-07-25 07:45:24,2026-07-25,America/Los_Angeles,dca,Disney California Adventure,Pixar Pier,311,Pixar Pal-A-Round - Swinging,FALSE,0,2026-07-25T14:40:47.000Z,2026-07-25 07:40:47,https://queue-times.com/parks/17/queue_times.json
2026-07-25T14:45:24.521Z,2026-07-25 07:45:24,2026-07-25,America/Los_Angeles,dca,Disney California Adventure,Pixar Pier,5557,Pixar Pal-A-Round – Non-Swinging,FALSE,0,2026-07-25T14:40:47.000Z,2026-07-25 07:40:47,https://queue-times.com/parks/17/queue_times.json
2026-07-25T14:45:24.521Z,2026-07-25 07:45:24,2026-07-25,America/Los_Angeles,dca,Disney California Adventure,Pixar Pier,313,Toy Story Midway Mania!,FALSE,0,2026-07-25T14:40:47.000Z,2026-07-25 07:40:47,https://queue-times.com/parks/17/queue_times.json
2026-07-25T15:00:19.327Z,2026-07-25 08:00:19,2026-07-25,America/Los_Angeles,disneyland,Disneyland,Adventureland,12428,Adventureland Treehouse inspired by Walt Disney’s Swiss Family Robinson,FALSE,0,2026-07-25T14:55:33.000Z,2026-07-25 07:55:33,https://queue-times.com/parks/16/queue_times.json
2026-07-25T15:00:19.327Z,2026-07-25 08:00:19,2026-07-25,America/Los_Angeles,disneyland,Disneyland,Adventureland,326,Indiana Jones™ Adventure,FALSE,0,2026-07-25T14:55:33.000Z,2026-07-25 07:55:33,https://queue-times.com/parks/16/queue_times.json
2026-07-25T15:00:19.327Z,2026-07-25 08:00:19,2026-07-25,America/Los_Angeles,disneyland,Disneyland,Adventureland,296,Jungle Cruise,FALSE,0,2026-07-25T14:55:33.000Z,2026-07-25 07:55:33,https://queue-times.com/parks/16/queue_times.json
2026-07-25T15:00:19.327Z,2026-07-25 08:00:19,2026-07-25,America/Los_Angeles,disneyland,Disneyland,Adventureland,288,Walt Disney's Enchanted Tiki Room,FALSE,0,2026-07-25T14:55:33.000Z,2026-07-25 07:55:33,https://queue-times.com/parks/16/queue_times.json
2026-07-25T15:00:19.327Z,2026-07-25 08:00:19,2026-07-25,America/Los_Angeles,disneyland,Disneyland,Bayou Country,304,Davy Crockett's Explorer Canoes,FALSE,0,2026-07-25T14:55:33.000Z,2026-07-25 07:55:33,https://queue-times.com/parks/16/queue_times.json
2026-07-25T15:00:19.327Z,2026-07-25 08:00:19,2026-07-25,America/Los_Angeles,disneyland,Disneyland,Bayou Country,306,The Many Adventures of Winnie the Pooh,FALSE,0,2026-07-25T14:55:33.000Z,2026-07-25 07:55:33,https://queue-times.com/parks/16/queue_times.json
2026-07-25T15:00:19.327Z,2026-07-25 08:00:19,2026-07-25,America/Los_Angeles,disneyland,Disneyland,Bayou Country,14168,Tiana's Bayou Adventure,FALSE,0,2026-07-25T14:55:33.000Z,2026-07-25 07:55:33,https://queue-times.com/parks/16/queue_times.json
2026-07-25T15:00:19.327Z,2026-07-25 08:00:19,2026-07-25,America/Los_Angeles,disneyland,Disneyland,Bayou Country,14326,Tiana's Bayou Adventure Single Rider,FALSE,0,2026-07-25T14:55:33.000Z,2026-07-25 07:55:33,https://queue-times.com/parks/16/queue_times.json
2026-07-25T15:00:19.327Z,2026-07-25 08:00:19,2026-07-25,America/Los_Angeles,disneyland,Disneyland,Fantasyland,307,"""it's a small world""",FALSE,0,2026-07-25T14:55:33.000Z,2026-07-25 07:55:33,https://queue-times.com/parks/16/queue_times.json
2026-07-25T15:00:19.327Z,2026-07-25 08:00:19,2026-07-25,America/Los_Angeles,disneyland,Disneyland,Fantasyland,285,Alice in Wonderland,FALSE,0,2026-07-25T14:55:33.000Z,2026-07-25 07:55:33,https://queue-times.com/parks/16/queue_times.json
2026-07-25T15:00:19.327Z,2026-07-25 08:00:19,2026-07-25,America/Los_Angeles,disneyland,Disneyland,Fantasyland,16254,Bluey’s Best Day Ever! at Fantasyland Theatre,TRUE,0,2026-07-25T14:55:33.000Z,2026-07-25 07:55:33,https://queue-times.com/parks/16/queue_times.json
2026-07-25T15:00:19.327Z,2026-07-25 08:00:19,2026-07-25,America/Los_Angeles,disneyland,Disneyland,Fantasyland,303,Casey Jr. Circus Train,FALSE,0,2026-07-25T14:55:33.000Z,2026-07-25 07:55:33,https://queue-times.com/parks/16/queue_times.json
2026-07-25T15:00:19.327Z,2026-07-25 08:00:19,2026-07-25,America/Los_Angeles,disneyland,Disneyland,Fantasyland,275,Dumbo the Flying Elephant,FALSE,0,2026-07-25T14:55:33.000Z,2026-07-25 07:55:33,https://queue-times.com/parks/16/queue_times.json
2026-07-25T15:00:19.327Z,2026-07-25 08:00:19,2026-07-25,America/Los_Angeles,disneyland,Disneyland,Fantasyland,277,King Arthur Carrousel,FALSE,0,2026-07-25T14:55:33.000Z,2026-07-25 07:55:33,https://queue-times.com/parks/16/queue_times.json
2026-07-25T15:00:19.327Z,2026-07-25 08:00:19,2026-07-25,America/Los_Angeles,disneyland,Disneyland,Fantasyland,278,Mad Tea Party,FALSE,0,2026-07-25T14:55:33.000Z,2026-07-25 07:55:33,https://queue-times.com/parks/16/queue_times.json
2026-07-25T15:00:19.327Z,2026-07-25 08:00:19,2026-07-25,America/Los_Angeles,disneyland,Disneyland,Fantasyland,279,Matterhorn Bobsleds,FALSE,0,2026-07-25T14:55:33.000Z,2026-07-25 07:55:33,https://queue-times.com/parks/16/queue_times.json
2026-07-25T15:00:19.327Z,2026-07-25 08:00:19,2026-07-25,America/Los_Angeles,disneyland,Disneyland,Fantasyland,6711,Meet Disney Princesses at Royal Hall,FALSE,0,2026-07-25T14:55:33.000Z,2026-07-25 07:55:33,https://queue-times.com/parks/16/queue_times.json
2026-07-25T15:00:19.327Z,2026-07-25 08:00:19,2026-07-25,America/Los_Angeles,disneyland,Disneyland,Fantasyland,280,Mr. Toad's Wild Ride,FALSE,0,2026-07-25T14:55:33.000Z,2026-07-25 07:55:33,https://queue-times.com/parks/16/queue_times.json
2026-07-25T15:00:19.327Z,2026-07-25 08:00:19,2026-07-25,America/Los_Angeles,disneyland,Disneyland,Fantasyland,281,Peter Pan's Flight,FALSE,0,2026-07-25T14:55:33.000Z,2026-07-25 07:55:33,https://queue-times.com/parks/16/queue_times.json
2026-07-25T15:00:19.327Z,2026-07-25 08:00:19,2026-07-25,America/Los_Angeles,disneyland,Disneyland,Fantasyland,282,Pinocchio's Daring Journey,FALSE,0,2026-07-25T14:55:33.000Z,2026-07-25 07:55:33,https://queue-times.com/parks/16/queue_times.json
2026-07-25T15:00:19.327Z,2026-07-25 08:00:19,2026-07-25,America/Los_Angeles,disneyland,Disneyland,Fantasyland,687,Sleeping Beauty Castle Walkthrough,FALSE,0,2026-07-25T14:55:33.000Z,2026-07-25 07:55:33,https://queue-times.com/parks/16/queue_times.json
2026-07-25T15:00:19.327Z,2026-07-25 08:00:19,2026-07-25,America/Los_Angeles,disneyland,Disneyland,Fantasyland,283,Snow White's Enchanted Wish,FALSE,0,2026-07-25T14:55:33.000Z,2026-07-25 07:55:33,https://queue-times.com/parks/16/queue_times.json
2026-07-25T15:00:19.327Z,2026-07-25 08:00:19,2026-07-25,America/Los_Angeles,disneyland,Disneyland,Fantasyland,305,Storybook Land Canal Boats,FALSE,0,2026-07-25T14:55:33.000Z,2026-07-25 07:55:33,https://queue-times.com/parks/16/queue_times.json
2026-07-25T15:00:19.327Z,2026-07-25 08:00:19,2026-07-25,America/Los_Angeles,disneyland,Disneyland,Frontierland,323,Big Thunder Mountain Railroad,FALSE,0,2026-07-25T14:55:33.000Z,2026-07-25 07:55:33,https://queue-times.com/parks/16/queue_times.json
2026-07-25T15:00:19.327Z,2026-07-25 08:00:19,2026-07-25,America/Los_Angeles,disneyland,Disneyland,Frontierland,679,Frontierland Shootin' Exposition,FALSE,0,2026-07-25T14:55:33.000Z,2026-07-25 07:55:33,https://queue-times.com/parks/16/queue_times.json
2026-07-25T15:00:19.327Z,2026-07-25 08:00:19,2026-07-25,America/Los_Angeles,disneyland,Disneyland,Frontierland,456,Mark Twain Riverboat,FALSE,0,2026-07-25T14:55:33.000Z,2026-07-25 07:55:33,https://queue-times.com/parks/16/queue_times.json
2026-07-25T15:00:19.327Z,2026-07-25 08:00:19,2026-07-25,America/Los_Angeles,disneyland,Disneyland,Frontierland,331,Pirate's Lair on Tom Sawyer Island,FALSE,0,2026-07-25T14:55:33.000Z,2026-07-25 07:55:33,https://queue-times.com/parks/16/queue_times.json
2026-07-25T15:00:19.327Z,2026-07-25 08:00:19,2026-07-25,America/Los_Angeles,disneyland,Disneyland,Frontierland,328,Sailing Ship Columbia,FALSE,0,2026-07-25T14:55:33.000Z,2026-07-25 07:55:33,https://queue-times.com/parks/16/queue_times.json
2026-07-25T15:00:19.327Z,2026-07-25 08:00:19,2026-07-25,America/Los_Angeles,disneyland,Disneyland,Main Street U.S.A,674,Disneyland Railroad,FALSE,0,2026-07-25T14:55:33.000Z,2026-07-25 07:55:33,https://queue-times.com/parks/16/queue_times.json
2026-07-25T15:00:19.327Z,2026-07-25 08:00:19,2026-07-25,America/Los_Angeles,disneyland,Disneyland,Main Street U.S.A,690,Great Moments with Mr. Lincoln,FALSE,0,2026-07-25T14:55:33.000Z,2026-07-25 07:55:33,https://queue-times.com/parks/16/queue_times.json
2026-07-25T15:00:19.327Z,2026-07-25 08:00:19,2026-07-25,America/Los_Angeles,disneyland,Disneyland,Main Street U.S.A,686,Main Street Cinema,FALSE,0,2026-07-25T14:55:33.000Z,2026-07-25 07:55:33,https://queue-times.com/parks/16/queue_times.json
2026-07-25T15:00:19.327Z,2026-07-25 08:00:19,2026-07-25,America/Los_Angeles,disneyland,Disneyland,Main Street U.S.A,691,Main Street Vehicles,FALSE,0,2026-07-25T14:55:33.000Z,2026-07-25 07:55:33,https://queue-times.com/parks/16/queue_times.json
2026-07-25T15:00:19.327Z,2026-07-25 08:00:19,2026-07-25,America/Los_Angeles,disneyland,Disneyland,Main Street U.S.A,14915,Opera House - Walt Disney - A Magical Life,FALSE,0,2026-07-25T14:55:33.000Z,2026-07-25 07:55:33,https://queue-times.com/parks/16/queue_times.json
2026-07-25T15:00:19.327Z,2026-07-25 08:00:19,2026-07-25,America/Los_Angeles,disneyland,Disneyland,Main Street U.S.A,695,The Disney Gallery,FALSE,0,2026-07-25T14:55:33.000Z,2026-07-25 07:55:33,https://queue-times.com/parks/16/queue_times.json
2026-07-25T15:00:19.327Z,2026-07-25 08:00:19,2026-07-25,America/Los_Angeles,disneyland,Disneyland,Main Street U.S.A,14923,Walt Disney - A Magical Life,FALSE,0,2026-07-25T14:55:33.000Z,2026-07-25 07:55:33,https://queue-times.com/parks/16/queue_times.json
2026-07-25T15:00:19.327Z,2026-07-25 08:00:19,2026-07-25,America/Los_Angeles,disneyland,Disneyland,Mickey's Toontown,324,Chip 'n' Dale's GADGETcoaster,FALSE,0,2026-07-25T14:55:33.000Z,2026-07-25 07:55:33,https://queue-times.com/parks/16/queue_times.json
2026-07-25T15:00:19.327Z,2026-07-25 08:00:19,2026-07-25,America/Los_Angeles,disneyland,Disneyland,Mickey's Toontown,13814,Donald's Duck Pond,FALSE,0,2026-07-25T14:55:33.000Z,2026-07-25 07:55:33,https://queue-times.com/parks/16/queue_times.json
2026-07-25T15:00:19.327Z,2026-07-25 08:00:19,2026-07-25,America/Los_Angeles,disneyland,Disneyland,Mickey's Toontown,11980,Goofy's How-to-Play Yard,FALSE,0,2026-07-25T14:55:33.000Z,2026-07-25 07:55:33,https://queue-times.com/parks/16/queue_times.json
2026-07-25T15:00:19.327Z,2026-07-25 08:00:19,2026-07-25,America/Los_Angeles,disneyland,Disneyland,Mickey's Toontown,11526,Mickey & Minnie's Runaway Railway,FALSE,0,2026-07-25T14:55:33.000Z,2026-07-25 07:55:33,https://queue-times.com/parks/16/queue_times.json
2026-07-25T15:00:19.327Z,2026-07-25 08:00:19,2026-07-25,America/Los_Angeles,disneyland,Disneyland,Mickey's Toontown,709,Mickey's House and Meet Mickey Mouse,FALSE,0,2026-07-25T14:55:33.000Z,2026-07-25 07:55:33,https://queue-times.com/parks/16/queue_times.json
2026-07-25T15:00:19.327Z,2026-07-25 08:00:19,2026-07-25,America/Los_Angeles,disneyland,Disneyland,Mickey's Toontown,327,Mickey's House and Meet Mickey Mouse,FALSE,0,2026-07-25T14:55:33.000Z,2026-07-25 07:55:33,https://queue-times.com/parks/16/queue_times.json
2026-07-25T15:00:19.327Z,2026-07-25 08:00:19,2026-07-25,America/Los_Angeles,disneyland,Disneyland,Mickey's Toontown,684,Minnie's House,FALSE,0,2026-07-25T14:55:33.000Z,2026-07-25 07:55:33,https://queue-times.com/parks/16/queue_times.json
2026-07-25T15:00:19.327Z,2026-07-25 08:00:19,2026-07-25,America/Los_Angeles,disneyland,Disneyland,Mickey's Toontown,332,Roger Rabbit's Car Toon Spin,FALSE,0,2026-07-25T14:55:33.000Z,2026-07-25 07:55:33,https://queue-times.com/parks/16/queue_times.json
2026-07-25T15:00:19.327Z,2026-07-25 08:00:19,2026-07-25,America/Los_Angeles,disneyland,Disneyland,New Orleans Square,13958,Haunted Mansion,FALSE,0,2026-07-25T14:55:33.000Z,2026-07-25 07:55:33,https://queue-times.com/parks/16/queue_times.json
2026-07-25T15:00:19.327Z,2026-07-25 08:00:19,2026-07-25,America/Los_Angeles,disneyland,Disneyland,New Orleans Square,289,Pirates of the Caribbean,FALSE,0,2026-07-25T14:55:33.000Z,2026-07-25 07:55:33,https://queue-times.com/parks/16/queue_times.json
2026-07-25T15:00:19.327Z,2026-07-25 08:00:19,2026-07-25,America/Los_Angeles,disneyland,Disneyland,Star Wars: Galaxy's Edge,6339,Millennium Falcon: Smugglers Run,FALSE,0,2026-07-25T14:55:33.000Z,2026-07-25 07:55:33,https://queue-times.com/parks/16/queue_times.json
2026-07-25T15:00:19.327Z,2026-07-25 08:00:19,2026-07-25,America/Los_Angeles,disneyland,Disneyland,Star Wars: Galaxy's Edge,10903,Millennium Falcon: Smugglers Run Single Rider,FALSE,0,2026-07-25T14:55:33.000Z,2026-07-25 07:55:33,https://queue-times.com/parks/16/queue_times.json
2026-07-25T15:00:19.327Z,2026-07-25 08:00:19,2026-07-25,America/Los_Angeles,disneyland,Disneyland,Star Wars: Galaxy's Edge,6340,Star Wars: Rise of the Resistance,FALSE,0,2026-07-25T14:55:33.000Z,2026-07-25 07:55:33,https://queue-times.com/parks/16/queue_times.json
2026-07-25T15:00:19.327Z,2026-07-25 08:00:19,2026-07-25,America/Los_Angeles,disneyland,Disneyland,Tomorrowland,287,Astro Orbitor,FALSE,0,2026-07-25T14:55:33.000Z,2026-07-25 07:55:33,https://queue-times.com/parks/16/queue_times.json
2026-07-25T15:00:19.327Z,2026-07-25 08:00:19,2026-07-25,America/Los_Angeles,disneyland,Disneyland,Tomorrowland,317,Autopia,FALSE,0,2026-07-25T14:55:33.000Z,2026-07-25 07:55:33,https://queue-times.com/parks/16/queue_times.json
2026-07-25T15:00:19.327Z,2026-07-25 08:00:19,2026-07-25,America/Los_Angeles,disneyland,Disneyland,Tomorrowland,273,Buzz Lightyear Astro Blasters,FALSE,0,2026-07-25T14:55:33.000Z,2026-07-25 07:55:33,https://queue-times.com/parks/16/queue_times.json
2026-07-25T15:00:19.327Z,2026-07-25 08:00:19,2026-07-25,America/Los_Angeles,disneyland,Disneyland,Tomorrowland,274,Disneyland Monorail,FALSE,0,2026-07-25T14:55:33.000Z,2026-07-25 07:55:33,https://queue-times.com/parks/16/queue_times.json
2026-07-25T15:00:19.327Z,2026-07-25 08:00:19,2026-07-25,America/Los_Angeles,disneyland,Disneyland,Tomorrowland,276,Finding Nemo Submarine Voyage,FALSE,0,2026-07-25T14:55:33.000Z,2026-07-25 07:55:33,https://queue-times.com/parks/16/queue_times.json
2026-07-25T15:00:19.327Z,2026-07-25 08:00:19,2026-07-25,America/Los_Angeles,disneyland,Disneyland,Tomorrowland,16627,Pixar Short Film Spotlight,FALSE,0,2026-07-25T14:55:33.000Z,2026-07-25 07:55:33,https://queue-times.com/parks/16/queue_times.json
2026-07-25T15:00:19.327Z,2026-07-25 08:00:19,2026-07-25,America/Los_Angeles,disneyland,Disneyland,Tomorrowland,284,Space Mountain,FALSE,0,2026-07-25T14:55:33.000Z,2026-07-25 07:55:33,https://queue-times.com/parks/16/queue_times.json
2026-07-25T15:00:19.327Z,2026-07-25 08:00:19,2026-07-25,America/Los_Angeles,disneyland,Disneyland,Tomorrowland,286,Star Tours - The Adventures Continue,FALSE,0,2026-07-25T14:55:33.000Z,2026-07-25 07:55:33,https://queue-times.com/parks/16/queue_times.json
2026-07-25T15:00:19.327Z,2026-07-25 08:00:19,2026-07-25,America/Los_Angeles,dca,Disney California Adventure,Avengers Campus,329,Guardians of the Galaxy - Mission: BREAKOUT!,FALSE,0,2026-07-25T14:55:47.000Z,2026-07-25 07:55:47,https://queue-times.com/parks/17/queue_times.json
2026-07-25T15:00:19.327Z,2026-07-25 08:00:19,2026-07-25,America/Los_Angeles,dca,Disney California Adventure,Avengers Campus,8843,WEB SLINGERS: A Spider-Man Adventure,FALSE,0,2026-07-25T14:55:47.000Z,2026-07-25 07:55:47,https://queue-times.com/parks/17/queue_times.json
2026-07-25T15:00:19.327Z,2026-07-25 08:00:19,2026-07-25,America/Los_Angeles,dca,Disney California Adventure,Avengers Campus,10907,WEB SLINGERS: A Spider-Man Adventure Single Rider,FALSE,0,2026-07-25T14:55:47.000Z,2026-07-25 07:55:47,https://queue-times.com/parks/17/queue_times.json
2026-07-25T15:00:19.327Z,2026-07-25 08:00:19,2026-07-25,America/Los_Angeles,dca,Disney California Adventure,Cars Land,13961,Luigi's Rollickin' Roadsters,FALSE,0,2026-07-25T14:55:47.000Z,2026-07-25 07:55:47,https://queue-times.com/parks/17/queue_times.json
2026-07-25T15:00:19.327Z,2026-07-25 08:00:19,2026-07-25,America/Los_Angeles,dca,Disney California Adventure,Cars Land,315,Mater's Junkyard Jamboree,FALSE,0,2026-07-25T14:55:47.000Z,2026-07-25 07:55:47,https://queue-times.com/parks/17/queue_times.json
2026-07-25T15:00:19.327Z,2026-07-25 08:00:19,2026-07-25,America/Los_Angeles,dca,Disney California Adventure,Cars Land,295,Radiator Springs Racers,FALSE,0,2026-07-25T14:55:47.000Z,2026-07-25 07:55:47,https://queue-times.com/parks/17/queue_times.json
2026-07-25T15:00:19.327Z,2026-07-25 08:00:19,2026-07-25,America/Los_Angeles,dca,Disney California Adventure,Cars Land,10904,Radiator Springs Racers Single Rider,FALSE,0,2026-07-25T14:55:47.000Z,2026-07-25 07:55:47,https://queue-times.com/parks/17/queue_times.json
2026-07-25T15:00:19.327Z,2026-07-25 08:00:19,2026-07-25,America/Los_Angeles,dca,Disney California Adventure,Grizzly Peak,302,Grizzly River Run,FALSE,0,2026-07-25T14:55:47.000Z,2026-07-25 07:55:47,https://queue-times.com/parks/17/queue_times.json
2026-07-25T15:00:19.327Z,2026-07-25 08:00:19,2026-07-25,America/Los_Angeles,dca,Disney California Adventure,Grizzly Peak,293,Redwood Creek Challenge Trail,FALSE,0,2026-07-25T14:55:47.000Z,2026-07-25 07:55:47,https://queue-times.com/parks/17/queue_times.json
2026-07-25T15:00:19.327Z,2026-07-25 08:00:19,2026-07-25,America/Los_Angeles,dca,Disney California Adventure,Grizzly Peak,17129,Soarin’ Across America,FALSE,0,2026-07-25T14:55:47.000Z,2026-07-25 07:55:47,https://queue-times.com/parks/17/queue_times.json
2026-07-25T15:00:19.327Z,2026-07-25 08:00:19,2026-07-25,America/Los_Angeles,dca,Disney California Adventure,Hollywood Land,321,Animation Academy,TRUE,0,2026-07-25T14:55:47.000Z,2026-07-25 07:55:47,https://queue-times.com/parks/17/queue_times.json
2026-07-25T15:00:19.327Z,2026-07-25 08:00:19,2026-07-25,America/Los_Angeles,dca,Disney California Adventure,Hollywood Land,6440,Mickey's PhilharMagic,TRUE,10,2026-07-25T14:55:47.000Z,2026-07-25 07:55:47,https://queue-times.com/parks/17/queue_times.json
2026-07-25T15:00:19.327Z,2026-07-25 08:00:19,2026-07-25,America/Los_Angeles,dca,Disney California Adventure,Hollywood Land,291,"Monsters, Inc. Mike & Sulley to the Rescue!",FALSE,0,2026-07-25T14:55:47.000Z,2026-07-25 07:55:47,https://queue-times.com/parks/17/queue_times.json
2026-07-25T15:00:19.327Z,2026-07-25 08:00:19,2026-07-25,America/Los_Angeles,dca,Disney California Adventure,Hollywood Land,868,Sorcerer's Workshop,FALSE,0,2026-07-25T14:55:47.000Z,2026-07-25 07:55:47,https://queue-times.com/parks/17/queue_times.json
2026-07-25T15:00:19.327Z,2026-07-25 08:00:19,2026-07-25,America/Los_Angeles,dca,Disney California Adventure,Hollywood Land,294,Turtle Talk with Crush,TRUE,0,2026-07-25T14:55:47.000Z,2026-07-25 07:55:47,https://queue-times.com/parks/17/queue_times.json
2026-07-25T15:00:19.327Z,2026-07-25 08:00:19,2026-07-25,America/Los_Angeles,dca,Disney California Adventure,Pacific Wharf,869,The Bakery Tour,FALSE,0,2026-07-25T14:55:47.000Z,2026-07-25 07:55:47,https://queue-times.com/parks/17/queue_times.json
2026-07-25T15:00:19.327Z,2026-07-25 08:00:19,2026-07-25,America/Los_Angeles,dca,Disney California Adventure,Paradise Gardens Park,298,Golden Zephyr,FALSE,0,2026-07-25T14:55:47.000Z,2026-07-25 07:55:47,https://queue-times.com/parks/17/queue_times.json
2026-07-25T15:00:19.327Z,2026-07-25 08:00:19,2026-07-25,America/Los_Angeles,dca,Disney California Adventure,Paradise Gardens Park,319,Goofy's Sky School,FALSE,0,2026-07-25T14:55:47.000Z,2026-07-25 07:55:47,https://queue-times.com/parks/17/queue_times.json
2026-07-25T15:00:19.327Z,2026-07-25 08:00:19,2026-07-25,America/Los_Angeles,dca,Disney California Adventure,Paradise Gardens Park,301,Silly Symphony Swings,FALSE,0,2026-07-25T14:55:47.000Z,2026-07-25 07:55:47,https://queue-times.com/parks/17/queue_times.json
2026-07-25T15:00:19.327Z,2026-07-25 08:00:19,2026-07-25,America/Los_Angeles,dca,Disney California Adventure,Paradise Gardens Park,316,The Little Mermaid - Ariel's Undersea Adventure,FALSE,0,2026-07-25T14:55:47.000Z,2026-07-25 07:55:47,https://queue-times.com/parks/17/queue_times.json
2026-07-25T15:00:19.327Z,2026-07-25 08:00:19,2026-07-25,America/Los_Angeles,dca,Disney California Adventure,Paradise Gardens Park,14742,World of Color Happiness!,TRUE,0,2026-07-25T14:55:47.000Z,2026-07-25 07:55:47,https://queue-times.com/parks/17/queue_times.json
2026-07-25T15:00:19.327Z,2026-07-25 08:00:19,2026-07-25,America/Los_Angeles,dca,Disney California Adventure,Pixar Pier,866,Games of Pixar Pier,FALSE,0,2026-07-25T14:55:47.000Z,2026-07-25 07:55:47,https://queue-times.com/parks/17/queue_times.json
2026-07-25T15:00:19.327Z,2026-07-25 08:00:19,2026-07-25,America/Los_Angeles,dca,Disney California Adventure,Pixar Pier,322,Incredicoaster,FALSE,0,2026-07-25T14:55:47.000Z,2026-07-25 07:55:47,https://queue-times.com/parks/17/queue_times.json
2026-07-25T15:00:19.327Z,2026-07-25 08:00:19,2026-07-25,America/Los_Angeles,dca,Disney California Adventure,Pixar Pier,10906,Incredicoaster Single Rider,FALSE,0,2026-07-25T14:55:47.000Z,2026-07-25 07:55:47,https://queue-times.com/parks/17/queue_times.json
2026-07-25T15:00:19.327Z,2026-07-25 08:00:19,2026-07-25,America/Los_Angeles,dca,Disney California Adventure,Pixar Pier,6643,Inside Out Emotional Whirlwind,FALSE,0,2026-07-25T14:55:47.000Z,2026-07-25 07:55:47,https://queue-times.com/parks/17/queue_times.json
2026-07-25T15:00:19.327Z,2026-07-25 08:00:19,2026-07-25,America/Los_Angeles,dca,Disney California Adventure,Pixar Pier,310,Jessie's Critter Carousel,FALSE,0,2026-07-25T14:55:47.000Z,2026-07-25 07:55:47,https://queue-times.com/parks/17/queue_times.json
2026-07-25T15:00:19.327Z,2026-07-25 08:00:19,2026-07-25,America/Los_Angeles,dca,Disney California Adventure,Pixar Pier,300,Jumpin' Jellyfish,FALSE,0,2026-07-25T14:55:47.000Z,2026-07-25 07:55:47,https://queue-times.com/parks/17/queue_times.json
2026-07-25T15:00:19.327Z,2026-07-25 08:00:19,2026-07-25,America/Los_Angeles,dca,Disney California Adventure,Pixar Pier,311,Pixar Pal-A-Round - Swinging,FALSE,0,2026-07-25T14:55:47.000Z,2026-07-25 07:55:47,https://queue-times.com/parks/17/queue_times.json
2026-07-25T15:00:19.327Z,2026-07-25 08:00:19,2026-07-25,America/Los_Angeles,dca,Disney California Adventure,Pixar Pier,5557,Pixar Pal-A-Round – Non-Swinging,FALSE,0,2026-07-25T14:55:47.000Z,2026-07-25 07:55:47,https://queue-times.com/parks/17/queue_times.json
2026-07-25T15:00:19.327Z,2026-07-25 08:00:19,2026-07-25,America/Los_Angeles,dca,Disney California Adventure,Pixar Pier,313,Toy Story Midway Mania!,FALSE,0,2026-07-25T14:55:47.000Z,2026-07-25 07:55:47,https://queue-times.com/parks/17/queue_times.json
2026-07-25T15:15:18.872Z,2026-07-25 08:15:18,2026-07-25,America/Los_Angeles,disneyland,Disneyland,Adventureland,12428,Adventureland Treehouse inspired by Walt Disney’s Swiss Family Robinson,TRUE,0,2026-07-25T15:10:39.000Z,2026-07-25 08:10:39,https://queue-times.com/parks/16/queue_times.json
2026-07-25T15:15:18.872Z,2026-07-25 08:15:18,2026-07-25,America/Los_Angeles,disneyland,Disneyland,Adventureland,326,Indiana Jones™ Adventure,FALSE,0,2026-07-25T15:10:39.000Z,2026-07-25 08:10:39,https://queue-times.com/parks/16/queue_times.json
2026-07-25T15:15:18.872Z,2026-07-25 08:15:18,2026-07-25,America/Los_Angeles,disneyland,Disneyland,Adventureland,296,Jungle Cruise,TRUE,0,2026-07-25T15:10:39.000Z,2026-07-25 08:10:39,https://queue-times.com/parks/16/queue_times.json
2026-07-25T15:15:18.872Z,2026-07-25 08:15:18,2026-07-25,America/Los_Angeles,disneyland,Disneyland,Adventureland,288,Walt Disney's Enchanted Tiki Room,TRUE,0,2026-07-25T15:10:39.000Z,2026-07-25 08:10:39,https://queue-times.com/parks/16/queue_times.json
2026-07-25T15:15:18.872Z,2026-07-25 08:15:18,2026-07-25,America/Los_Angeles,disneyland,Disneyland,Bayou Country,304,Davy Crockett's Explorer Canoes,FALSE,0,2026-07-25T15:10:39.000Z,2026-07-25 08:10:39,https://queue-times.com/parks/16/queue_times.json
2026-07-25T15:15:18.872Z,2026-07-25 08:15:18,2026-07-25,America/Los_Angeles,disneyland,Disneyland,Bayou Country,306,The Many Adventures of Winnie the Pooh,TRUE,5,2026-07-25T15:10:39.000Z,2026-07-25 08:10:39,https://queue-times.com/parks/16/queue_times.json
2026-07-25T15:15:18.872Z,2026-07-25 08:15:18,2026-07-25,America/Los_Angeles,disneyland,Disneyland,Bayou Country,14168,Tiana's Bayou Adventure,TRUE,5,2026-07-25T15:10:39.000Z,2026-07-25 08:10:39,https://queue-times.com/parks/16/queue_times.json
2026-07-25T15:15:18.872Z,2026-07-25 08:15:18,2026-07-25,America/Los_Angeles,disneyland,Disneyland,Bayou Country,14326,Tiana's Bayou Adventure Single Rider,TRUE,0,2026-07-25T15:10:39.000Z,2026-07-25 08:10:39,https://queue-times.com/parks/16/queue_times.json
2026-07-25T15:15:18.872Z,2026-07-25 08:15:18,2026-07-25,America/Los_Angeles,disneyland,Disneyland,Fantasyland,307,"""it's a small world""",TRUE,5,2026-07-25T15:10:39.000Z,2026-07-25 08:10:39,https://queue-times.com/parks/16/queue_times.json
2026-07-25T15:15:18.872Z,2026-07-25 08:15:18,2026-07-25,America/Los_Angeles,disneyland,Disneyland,Fantasyland,285,Alice in Wonderland,TRUE,10,2026-07-25T15:10:39.000Z,2026-07-25 08:10:39,https://queue-times.com/parks/16/queue_times.json
2026-07-25T15:15:18.872Z,2026-07-25 08:15:18,2026-07-25,America/Los_Angeles,disneyland,Disneyland,Fantasyland,16254,Bluey’s Best Day Ever! at Fantasyland Theatre,TRUE,0,2026-07-25T15:10:39.000Z,2026-07-25 08:10:39,https://queue-times.com/parks/16/queue_times.json
2026-07-25T15:15:18.872Z,2026-07-25 08:15:18,2026-07-25,America/Los_Angeles,disneyland,Disneyland,Fantasyland,303,Casey Jr. Circus Train,TRUE,5,2026-07-25T15:10:39.000Z,2026-07-25 08:10:39,https://queue-times.com/parks/16/queue_times.json
2026-07-25T15:15:18.872Z,2026-07-25 08:15:18,2026-07-25,America/Los_Angeles,disneyland,Disneyland,Fantasyland,275,Dumbo the Flying Elephant,TRUE,5,2026-07-25T15:10:39.000Z,2026-07-25 08:10:39,https://queue-times.com/parks/16/queue_times.json
2026-07-25T15:15:18.872Z,2026-07-25 08:15:18,2026-07-25,America/Los_Angeles,disneyland,Disneyland,Fantasyland,277,King Arthur Carrousel,TRUE,5,2026-07-25T15:10:39.000Z,2026-07-25 08:10:39,https://queue-times.com/parks/16/queue_times.json
2026-07-25T15:15:18.872Z,2026-07-25 08:15:18,2026-07-25,America/Los_Angeles,disneyland,Disneyland,Fantasyland,278,Mad Tea Party,TRUE,5,2026-07-25T15:10:39.000Z,2026-07-25 08:10:39,https://queue-times.com/parks/16/queue_times.json
2026-07-25T15:15:18.872Z,2026-07-25 08:15:18,2026-07-25,America/Los_Angeles,disneyland,Disneyland,Fantasyland,279,Matterhorn Bobsleds,TRUE,5,2026-07-25T15:10:39.000Z,2026-07-25 08:10:39,https://queue-times.com/parks/16/queue_times.json
2026-07-25T15:15:18.872Z,2026-07-25 08:15:18,2026-07-25,America/Los_Angeles,disneyland,Disneyland,Fantasyland,6711,Meet Disney Princesses at Royal Hall,FALSE,0,2026-07-25T15:10:39.000Z,2026-07-25 08:10:39,https://queue-times.com/parks/16/queue_times.json
2026-07-25T15:15:18.872Z,2026-07-25 08:15:18,2026-07-25,America/Los_Angeles,disneyland,Disneyland,Fantasyland,280,Mr. Toad's Wild Ride,TRUE,5,2026-07-25T15:10:39.000Z,2026-07-25 08:10:39,https://queue-times.com/parks/16/queue_times.json
2026-07-25T15:15:18.872Z,2026-07-25 08:15:18,2026-07-25,America/Los_Angeles,disneyland,Disneyland,Fantasyland,281,Peter Pan's Flight,TRUE,10,2026-07-25T15:10:39.000Z,2026-07-25 08:10:39,https://queue-times.com/parks/16/queue_times.json
2026-07-25T15:15:18.872Z,2026-07-25 08:15:18,2026-07-25,America/Los_Angeles,disneyland,Disneyland,Fantasyland,282,Pinocchio's Daring Journey,TRUE,5,2026-07-25T15:10:39.000Z,2026-07-25 08:10:39,https://queue-times.com/parks/16/queue_times.json
2026-07-25T15:15:18.872Z,2026-07-25 08:15:18,2026-07-25,America/Los_Angeles,disneyland,Disneyland,Fantasyland,687,Sleeping Beauty Castle Walkthrough,FALSE,0,2026-07-25T15:10:39.000Z,2026-07-25 08:10:39,https://queue-times.com/parks/16/queue_times.json
2026-07-25T15:15:18.872Z,2026-07-25 08:15:18,2026-07-25,America/Los_Angeles,disneyland,Disneyland,Fantasyland,283,Snow White's Enchanted Wish,TRUE,5,2026-07-25T15:10:39.000Z,2026-07-25 08:10:39,https://queue-times.com/parks/16/queue_times.json
2026-07-25T15:15:18.872Z,2026-07-25 08:15:18,2026-07-25,America/Los_Angeles,disneyland,Disneyland,Fantasyland,305,Storybook Land Canal Boats,TRUE,5,2026-07-25T15:10:39.000Z,2026-07-25 08:10:39,https://queue-times.com/parks/16/queue_times.json
2026-07-25T15:15:18.872Z,2026-07-25 08:15:18,2026-07-25,America/Los_Angeles,disneyland,Disneyland,Frontierland,323,Big Thunder Mountain Railroad,TRUE,15,2026-07-25T15:10:39.000Z,2026-07-25 08:10:39,https://queue-times.com/parks/16/queue_times.json
2026-07-25T15:15:18.872Z,2026-07-25 08:15:18,2026-07-25,America/Los_Angeles,disneyland,Disneyland,Frontierland,679,Frontierland Shootin' Exposition,FALSE,0,2026-07-25T15:10:39.000Z,2026-07-25 08:10:39,https://queue-times.com/parks/16/queue_times.json
2026-07-25T15:15:18.872Z,2026-07-25 08:15:18,2026-07-25,America/Los_Angeles,disneyland,Disneyland,Frontierland,456,Mark Twain Riverboat,FALSE,0,2026-07-25T15:10:39.000Z,2026-07-25 08:10:39,https://queue-times.com/parks/16/queue_times.json
2026-07-25T15:15:18.872Z,2026-07-25 08:15:18,2026-07-25,America/Los_Angeles,disneyland,Disneyland,Frontierland,331,Pirate's Lair on Tom Sawyer Island,FALSE,0,2026-07-25T15:10:39.000Z,2026-07-25 08:10:39,https://queue-times.com/parks/16/queue_times.json
2026-07-25T15:15:18.872Z,2026-07-25 08:15:18,2026-07-25,America/Los_Angeles,disneyland,Disneyland,Frontierland,328,Sailing Ship Columbia,FALSE,0,2026-07-25T15:10:39.000Z,2026-07-25 08:10:39,https://queue-times.com/parks/16/queue_times.json
2026-07-25T15:15:18.872Z,2026-07-25 08:15:18,2026-07-25,America/Los_Angeles,disneyland,Disneyland,Main Street U.S.A,674,Disneyland Railroad,TRUE,5,2026-07-25T15:10:39.000Z,2026-07-25 08:10:39,https://queue-times.com/parks/16/queue_times.json
2026-07-25T15:15:18.872Z,2026-07-25 08:15:18,2026-07-25,America/Los_Angeles,disneyland,Disneyland,Main Street U.S.A,690,Great Moments with Mr. Lincoln,TRUE,0,2026-07-25T15:10:39.000Z,2026-07-25 08:10:39,https://queue-times.com/parks/16/queue_times.json
2026-07-25T15:15:18.872Z,2026-07-25 08:15:18,2026-07-25,America/Los_Angeles,disneyland,Disneyland,Main Street U.S.A,686,Main Street Cinema,TRUE,0,2026-07-25T15:10:39.000Z,2026-07-25 08:10:39,https://queue-times.com/parks/16/queue_times.json
2026-07-25T15:15:18.872Z,2026-07-25 08:15:18,2026-07-25,America/Los_Angeles,disneyland,Disneyland,Main Street U.S.A,691,Main Street Vehicles,TRUE,0,2026-07-25T15:10:39.000Z,2026-07-25 08:10:39,https://queue-times.com/parks/16/queue_times.json
2026-07-25T15:15:18.872Z,2026-07-25 08:15:18,2026-07-25,America/Los_Angeles,disneyland,Disneyland,Main Street U.S.A,14915,Opera House - Walt Disney - A Magical Life,TRUE,0,2026-07-25T15:10:39.000Z,2026-07-25 08:10:39,https://queue-times.com/parks/16/queue_times.json
2026-07-25T15:15:18.872Z,2026-07-25 08:15:18,2026-07-25,America/Los_Angeles,disneyland,Disneyland,Main Street U.S.A,695,The Disney Gallery,TRUE,0,2026-07-25T15:10:39.000Z,2026-07-25 08:10:39,https://queue-times.com/parks/16/queue_times.json
2026-07-25T15:15:18.872Z,2026-07-25 08:15:18,2026-07-25,America/Los_Angeles,disneyland,Disneyland,Main Street U.S.A,14923,Walt Disney - A Magical Life,FALSE,0,2026-07-25T15:10:39.000Z,2026-07-25 08:10:39,https://queue-times.com/parks/16/queue_times.json
2026-07-25T15:15:18.872Z,2026-07-25 08:15:18,2026-07-25,America/Los_Angeles,disneyland,Disneyland,Mickey's Toontown,324,Chip 'n' Dale's GADGETcoaster,TRUE,5,2026-07-25T15:10:39.000Z,2026-07-25 08:10:39,https://queue-times.com/parks/16/queue_times.json
2026-07-25T15:15:18.872Z,2026-07-25 08:15:18,2026-07-25,America/Los_Angeles,disneyland,Disneyland,Mickey's Toontown,13814,Donald's Duck Pond,TRUE,0,2026-07-25T15:10:39.000Z,2026-07-25 08:10:39,https://queue-times.com/parks/16/queue_times.json
2026-07-25T15:15:18.872Z,2026-07-25 08:15:18,2026-07-25,America/Los_Angeles,disneyland,Disneyland,Mickey's Toontown,11980,Goofy's How-to-Play Yard,TRUE,0,2026-07-25T15:10:39.000Z,2026-07-25 08:10:39,https://queue-times.com/parks/16/queue_times.json
2026-07-25T15:15:18.872Z,2026-07-25 08:15:18,2026-07-25,America/Los_Angeles,disneyland,Disneyland,Mickey's Toontown,11526,Mickey & Minnie's Runaway Railway,TRUE,5,2026-07-25T15:10:39.000Z,2026-07-25 08:10:39,https://queue-times.com/parks/16/queue_times.json
2026-07-25T15:15:18.872Z,2026-07-25 08:15:18,2026-07-25,America/Los_Angeles,disneyland,Disneyland,Mickey's Toontown,709,Mickey's House and Meet Mickey Mouse,TRUE,0,2026-07-25T15:10:39.000Z,2026-07-25 08:10:39,https://queue-times.com/parks/16/queue_times.json
2026-07-25T15:15:18.872Z,2026-07-25 08:15:18,2026-07-25,America/Los_Angeles,disneyland,Disneyland,Mickey's Toontown,327,Mickey's House and Meet Mickey Mouse,FALSE,0,2026-07-25T15:10:39.000Z,2026-07-25 08:10:39,https://queue-times.com/parks/16/queue_times.json
2026-07-25T15:15:18.872Z,2026-07-25 08:15:18,2026-07-25,America/Los_Angeles,disneyland,Disneyland,Mickey's Toontown,684,Minnie's House,FALSE,0,2026-07-25T15:10:39.000Z,2026-07-25 08:10:39,https://queue-times.com/parks/16/queue_times.json
2026-07-25T15:15:18.872Z,2026-07-25 08:15:18,2026-07-25,America/Los_Angeles,disneyland,Disneyland,Mickey's Toontown,332,Roger Rabbit's Car Toon Spin,TRUE,5,2026-07-25T15:10:39.000Z,2026-07-25 08:10:39,https://queue-times.com/parks/16/queue_times.json
2026-07-25T15:15:18.872Z,2026-07-25 08:15:18,2026-07-25,America/Los_Angeles,disneyland,Disneyland,New Orleans Square,13958,Haunted Mansion,TRUE,13,2026-07-25T15:10:39.000Z,2026-07-25 08:10:39,https://queue-times.com/parks/16/queue_times.json
2026-07-25T15:15:18.872Z,2026-07-25 08:15:18,2026-07-25,America/Los_Angeles,disneyland,Disneyland,New Orleans Square,289,Pirates of the Caribbean,TRUE,5,2026-07-25T15:10:39.000Z,2026-07-25 08:10:39,https://queue-times.com/parks/16/queue_times.json
2026-07-25T15:15:18.872Z,2026-07-25 08:15:18,2026-07-25,America/Los_Angeles,disneyland,Disneyland,Star Wars: Galaxy's Edge,6339,Millennium Falcon: Smugglers Run,TRUE,5,2026-07-25T15:10:39.000Z,2026-07-25 08:10:39,https://queue-times.com/parks/16/queue_times.json
2026-07-25T15:15:18.872Z,2026-07-25 08:15:18,2026-07-25,America/Los_Angeles,disneyland,Disneyland,Star Wars: Galaxy's Edge,10903,Millennium Falcon: Smugglers Run Single Rider,TRUE,0,2026-07-25T15:10:39.000Z,2026-07-25 08:10:39,https://queue-times.com/parks/16/queue_times.json
2026-07-25T15:15:18.872Z,2026-07-25 08:15:18,2026-07-25,America/Los_Angeles,disneyland,Disneyland,Star Wars: Galaxy's Edge,6340,Star Wars: Rise of the Resistance,TRUE,50,2026-07-25T15:10:39.000Z,2026-07-25 08:10:39,https://queue-times.com/parks/16/queue_times.json
2026-07-25T15:15:18.872Z,2026-07-25 08:15:18,2026-07-25,America/Los_Angeles,disneyland,Disneyland,Tomorrowland,287,Astro Orbitor,TRUE,5,2026-07-25T15:10:39.000Z,2026-07-25 08:10:39,https://queue-times.com/parks/16/queue_times.json
2026-07-25T15:15:18.872Z,2026-07-25 08:15:18,2026-07-25,America/Los_Angeles,disneyland,Disneyland,Tomorrowland,317,Autopia,TRUE,5,2026-07-25T15:10:39.000Z,2026-07-25 08:10:39,https://queue-times.com/parks/16/queue_times.json
2026-07-25T15:15:18.872Z,2026-07-25 08:15:18,2026-07-25,America/Los_Angeles,disneyland,Disneyland,Tomorrowland,273,Buzz Lightyear Astro Blasters,TRUE,5,2026-07-25T15:10:39.000Z,2026-07-25 08:10:39,https://queue-times.com/parks/16/queue_times.json
2026-07-25T15:15:18.872Z,2026-07-25 08:15:18,2026-07-25,America/Los_Angeles,disneyland,Disneyland,Tomorrowland,274,Disneyland Monorail,TRUE,5,2026-07-25T15:10:39.000Z,2026-07-25 08:10:39,https://queue-times.com/parks/16/queue_times.json
2026-07-25T15:15:18.872Z,2026-07-25 08:15:18,2026-07-25,America/Los_Angeles,disneyland,Disneyland,Tomorrowland,276,Finding Nemo Submarine Voyage,TRUE,5,2026-07-25T15:10:39.000Z,2026-07-25 08:10:39,https://queue-times.com/parks/16/queue_times.json
2026-07-25T15:15:18.872Z,2026-07-25 08:15:18,2026-07-25,America/Los_Angeles,disneyland,Disneyland,Tomorrowland,16627,Pixar Short Film Spotlight,FALSE,0,2026-07-25T15:10:39.000Z,2026-07-25 08:10:39,https://queue-times.com/parks/16/queue_times.json
2026-07-25T15:15:18.872Z,2026-07-25 08:15:18,2026-07-25,America/Los_Angeles,disneyland,Disneyland,Tomorrowland,284,Space Mountain,TRUE,35,2026-07-25T15:10:39.000Z,2026-07-25 08:10:39,https://queue-times.com/parks/16/queue_times.json
2026-07-25T15:15:18.872Z,2026-07-25 08:15:18,2026-07-25,America/Los_Angeles,disneyland,Disneyland,Tomorrowland,286,Star Tours - The Adventures Continue,TRUE,5,2026-07-25T15:10:39.000Z,2026-07-25 08:10:39,https://queue-times.com/parks/16/queue_times.json
2026-07-25T15:15:18.872Z,2026-07-25 08:15:18,2026-07-25,America/Los_Angeles,dca,Disney California Adventure,Avengers Campus,329,Guardians of the Galaxy - Mission: BREAKOUT!,TRUE,40,2026-07-25T15:10:39.000Z,2026-07-25 08:10:39,https://queue-times.com/parks/17/queue_times.json
2026-07-25T15:15:18.872Z,2026-07-25 08:15:18,2026-07-25,America/Los_Angeles,dca,Disney California Adventure,Avengers Campus,8843,WEB SLINGERS: A Spider-Man Adventure,TRUE,5,2026-07-25T15:10:39.000Z,2026-07-25 08:10:39,https://queue-times.com/parks/17/queue_times.json
2026-07-25T15:15:18.872Z,2026-07-25 08:15:18,2026-07-25,America/Los_Angeles,dca,Disney California Adventure,Avengers Campus,10907,WEB SLINGERS: A Spider-Man Adventure Single Rider,TRUE,0,2026-07-25T15:10:39.000Z,2026-07-25 08:10:39,https://queue-times.com/parks/17/queue_times.json
2026-07-25T15:15:18.872Z,2026-07-25 08:15:18,2026-07-25,America/Los_Angeles,dca,Disney California Adventure,Cars Land,13961,Luigi's Rollickin' Roadsters,TRUE,5,2026-07-25T15:10:39.000Z,2026-07-25 08:10:39,https://queue-times.com/parks/17/queue_times.json
2026-07-25T15:15:18.872Z,2026-07-25 08:15:18,2026-07-25,America/Los_Angeles,dca,Disney California Adventure,Cars Land,315,Mater's Junkyard Jamboree,TRUE,5,2026-07-25T15:10:39.000Z,2026-07-25 08:10:39,https://queue-times.com/parks/17/queue_times.json
2026-07-25T15:15:18.872Z,2026-07-25 08:15:18,2026-07-25,America/Los_Angeles,dca,Disney California Adventure,Cars Land,295,Radiator Springs Racers,TRUE,90,2026-07-25T15:10:39.000Z,2026-07-25 08:10:39,https://queue-times.com/parks/17/queue_times.json
2026-07-25T15:15:18.872Z,2026-07-25 08:15:18,2026-07-25,America/Los_Angeles,dca,Disney California Adventure,Cars Land,10904,Radiator Springs Racers Single Rider,TRUE,0,2026-07-25T15:10:39.000Z,2026-07-25 08:10:39,https://queue-times.com/parks/17/queue_times.json
2026-07-25T15:15:18.872Z,2026-07-25 08:15:18,2026-07-25,America/Los_Angeles,dca,Disney California Adventure,Grizzly Peak,302,Grizzly River Run,TRUE,5,2026-07-25T15:10:39.000Z,2026-07-25 08:10:39,https://queue-times.com/parks/17/queue_times.json
2026-07-25T15:15:18.872Z,2026-07-25 08:15:18,2026-07-25,America/Los_Angeles,dca,Disney California Adventure,Grizzly Peak,293,Redwood Creek Challenge Trail,FALSE,0,2026-07-25T15:10:39.000Z,2026-07-25 08:10:39,https://queue-times.com/parks/17/queue_times.json
2026-07-25T15:15:18.872Z,2026-07-25 08:15:18,2026-07-25,America/Los_Angeles,dca,Disney California Adventure,Grizzly Peak,17129,Soarin’ Across America,TRUE,5,2026-07-25T15:10:39.000Z,2026-07-25 08:10:39,https://queue-times.com/parks/17/queue_times.json
2026-07-25T15:15:18.872Z,2026-07-25 08:15:18,2026-07-25,America/Los_Angeles,dca,Disney California Adventure,Hollywood Land,321,Animation Academy,TRUE,0,2026-07-25T15:10:39.000Z,2026-07-25 08:10:39,https://queue-times.com/parks/17/queue_times.json
2026-07-25T15:15:18.872Z,2026-07-25 08:15:18,2026-07-25,America/Los_Angeles,dca,Disney California Adventure,Hollywood Land,6440,Mickey's PhilharMagic,TRUE,10,2026-07-25T15:10:39.000Z,2026-07-25 08:10:39,https://queue-times.com/parks/17/queue_times.json
2026-07-25T15:15:18.872Z,2026-07-25 08:15:18,2026-07-25,America/Los_Angeles,dca,Disney California Adventure,Hollywood Land,291,"Monsters, Inc. Mike & Sulley to the Rescue!",TRUE,5,2026-07-25T15:10:39.000Z,2026-07-25 08:10:39,https://queue-times.com/parks/17/queue_times.json
2026-07-25T15:15:18.872Z,2026-07-25 08:15:18,2026-07-25,America/Los_Angeles,dca,Disney California Adventure,Hollywood Land,868,Sorcerer's Workshop,TRUE,0,2026-07-25T15:10:39.000Z,2026-07-25 08:10:39,https://queue-times.com/parks/17/queue_times.json
2026-07-25T15:15:18.872Z,2026-07-25 08:15:18,2026-07-25,America/Los_Angeles,dca,Disney California Adventure,Hollywood Land,294,Turtle Talk with Crush,TRUE,0,2026-07-25T15:10:39.000Z,2026-07-25 08:10:39,https://queue-times.com/parks/17/queue_times.json
2026-07-25T15:15:18.872Z,2026-07-25 08:15:18,2026-07-25,America/Los_Angeles,dca,Disney California Adventure,Pacific Wharf,869,The Bakery Tour,TRUE,0,2026-07-25T15:10:39.000Z,2026-07-25 08:10:39,https://queue-times.com/parks/17/queue_times.json
2026-07-25T15:15:18.872Z,2026-07-25 08:15:18,2026-07-25,America/Los_Angeles,dca,Disney California Adventure,Paradise Gardens Park,298,Golden Zephyr,TRUE,5,2026-07-25T15:10:39.000Z,2026-07-25 08:10:39,https://queue-times.com/parks/17/queue_times.json
2026-07-25T15:15:18.872Z,2026-07-25 08:15:18,2026-07-25,America/Los_Angeles,dca,Disney California Adventure,Paradise Gardens Park,319,Goofy's Sky School,FALSE,0,2026-07-25T15:10:39.000Z,2026-07-25 08:10:39,https://queue-times.com/parks/17/queue_times.json
2026-07-25T15:15:18.872Z,2026-07-25 08:15:18,2026-07-25,America/Los_Angeles,dca,Disney California Adventure,Paradise Gardens Park,301,Silly Symphony Swings,FALSE,0,2026-07-25T15:10:39.000Z,2026-07-25 08:10:39,https://queue-times.com/parks/17/queue_times.json
2026-07-25T15:15:18.872Z,2026-07-25 08:15:18,2026-07-25,America/Los_Angeles,dca,Disney California Adventure,Paradise Gardens Park,316,The Little Mermaid - Ariel's Undersea Adventure,FALSE,0,2026-07-25T15:10:39.000Z,2026-07-25 08:10:39,https://queue-times.com/parks/17/queue_times.json
2026-07-25T15:15:18.872Z,2026-07-25 08:15:18,2026-07-25,America/Los_Angeles,dca,Disney California Adventure,Paradise Gardens Park,14742,World of Color Happiness!,TRUE,0,2026-07-25T15:10:39.000Z,2026-07-25 08:10:39,https://queue-times.com/parks/17/queue_times.json
2026-07-25T15:15:18.872Z,2026-07-25 08:15:18,2026-07-25,America/Los_Angeles,dca,Disney California Adventure,Pixar Pier,866,Games of Pixar Pier,TRUE,0,2026-07-25T15:10:39.000Z,2026-07-25 08:10:39,https://queue-times.com/parks/17/queue_times.json
2026-07-25T15:15:18.872Z,2026-07-25 08:15:18,2026-07-25,America/Los_Angeles,dca,Disney California Adventure,Pixar Pier,322,Incredicoaster,TRUE,0,2026-07-25T15:10:39.000Z,2026-07-25 08:10:39,https://queue-times.com/parks/17/queue_times.json
2026-07-25T15:15:18.872Z,2026-07-25 08:15:18,2026-07-25,America/Los_Angeles,dca,Disney California Adventure,Pixar Pier,10906,Incredicoaster Single Rider,TRUE,0,2026-07-25T15:10:39.000Z,2026-07-25 08:10:39,https://queue-times.com/parks/17/queue_times.json
2026-07-25T15:15:18.872Z,2026-07-25 08:15:18,2026-07-25,America/Los_Angeles,dca,Disney California Adventure,Pixar Pier,6643,Inside Out Emotional Whirlwind,TRUE,5,2026-07-25T15:10:39.000Z,2026-07-25 08:10:39,https://queue-times.com/parks/17/queue_times.json
2026-07-25T15:15:18.872Z,2026-07-25 08:15:18,2026-07-25,America/Los_Angeles,dca,Disney California Adventure,Pixar Pier,310,Jessie's Critter Carousel,TRUE,5,2026-07-25T15:10:39.000Z,2026-07-25 08:10:39,https://queue-times.com/parks/17/queue_times.json
2026-07-25T15:15:18.872Z,2026-07-25 08:15:18,2026-07-25,America/Los_Angeles,dca,Disney California Adventure,Pixar Pier,300,Jumpin' Jellyfish,TRUE,5,2026-07-25T15:10:39.000Z,2026-07-25 08:10:39,https://queue-times.com/parks/17/queue_times.json
2026-07-25T15:15:18.872Z,2026-07-25 08:15:18,2026-07-25,America/Los_Angeles,dca,Disney California Adventure,Pixar Pier,311,Pixar Pal-A-Round - Swinging,TRUE,5,2026-07-25T15:10:39.000Z,2026-07-25 08:10:39,https://queue-times.com/parks/17/queue_times.json
2026-07-25T15:15:18.872Z,2026-07-25 08:15:18,2026-07-25,America/Los_Angeles,dca,Disney California Adventure,Pixar Pier,5557,Pixar Pal-A-Round – Non-Swinging,TRUE,5,2026-07-25T15:10:39.000Z,2026-07-25 08:10:39,https://queue-times.com/parks/17/queue_times.json
2026-07-25T15:15:18.872Z,2026-07-25 08:15:18,2026-07-25,America/Los_Angeles,dca,Disney California Adventure,Pixar Pier,313,Toy Story Midway Mania!,TRUE,5,2026-07-25T15:10:39.000Z,2026-07-25 08:10:39,https://queue-times.com/parks/17/queue_times.json
2026-07-25T15:30:19.193Z,2026-07-25 08:30:19,2026-07-25,America/Los_Angeles,disneyland,Disneyland,Adventureland,12428,Adventureland Treehouse inspired by Walt Disney’s Swiss Family Robinson,TRUE,0,2026-07-25T15:25:33.000Z,2026-07-25 08:25:33,https://queue-times.com/parks/16/queue_times.json
2026-07-25T15:30:19.193Z,2026-07-25 08:30:19,2026-07-25,America/Los_Angeles,disneyland,Disneyland,Adventureland,326,Indiana Jones™ Adventure,FALSE,0,2026-07-25T15:25:33.000Z,2026-07-25 08:25:33,https://queue-times.com/parks/16/queue_times.json
2026-07-25T15:30:19.193Z,2026-07-25 08:30:19,2026-07-25,America/Los_Angeles,disneyland,Disneyland,Adventureland,296,Jungle Cruise,TRUE,5,2026-07-25T15:25:33.000Z,2026-07-25 08:25:33,https://queue-times.com/parks/16/queue_times.json
2026-07-25T15:30:19.193Z,2026-07-25 08:30:19,2026-07-25,America/Los_Angeles,disneyland,Disneyland,Adventureland,288,Walt Disney's Enchanted Tiki Room,TRUE,0,2026-07-25T15:25:33.000Z,2026-07-25 08:25:33,https://queue-times.com/parks/16/queue_times.json
2026-07-25T15:30:19.193Z,2026-07-25 08:30:19,2026-07-25,America/Los_Angeles,disneyland,Disneyland,Bayou Country,304,Davy Crockett's Explorer Canoes,FALSE,0,2026-07-25T15:25:33.000Z,2026-07-25 08:25:33,https://queue-times.com/parks/16/queue_times.json
2026-07-25T15:30:19.193Z,2026-07-25 08:30:19,2026-07-25,America/Los_Angeles,disneyland,Disneyland,Bayou Country,306,The Many Adventures of Winnie the Pooh,TRUE,5,2026-07-25T15:25:33.000Z,2026-07-25 08:25:33,https://queue-times.com/parks/16/queue_times.json
2026-07-25T15:30:19.193Z,2026-07-25 08:30:19,2026-07-25,America/Los_Angeles,disneyland,Disneyland,Bayou Country,14168,Tiana's Bayou Adventure,TRUE,5,2026-07-25T15:25:33.000Z,2026-07-25 08:25:33,https://queue-times.com/parks/16/queue_times.json
2026-07-25T15:30:19.193Z,2026-07-25 08:30:19,2026-07-25,America/Los_Angeles,disneyland,Disneyland,Bayou Country,14326,Tiana's Bayou Adventure Single Rider,TRUE,0,2026-07-25T15:25:33.000Z,2026-07-25 08:25:33,https://queue-times.com/parks/16/queue_times.json
2026-07-25T15:30:19.193Z,2026-07-25 08:30:19,2026-07-25,America/Los_Angeles,disneyland,Disneyland,Fantasyland,307,"""it's a small world""",TRUE,5,2026-07-25T15:25:33.000Z,2026-07-25 08:25:33,https://queue-times.com/parks/16/queue_times.json
2026-07-25T15:30:19.193Z,2026-07-25 08:30:19,2026-07-25,America/Los_Angeles,disneyland,Disneyland,Fantasyland,285,Alice in Wonderland,TRUE,10,2026-07-25T15:25:33.000Z,2026-07-25 08:25:33,https://queue-times.com/parks/16/queue_times.json
2026-07-25T15:30:19.193Z,2026-07-25 08:30:19,2026-07-25,America/Los_Angeles,disneyland,Disneyland,Fantasyland,16254,Bluey’s Best Day Ever! at Fantasyland Theatre,TRUE,0,2026-07-25T15:25:33.000Z,2026-07-25 08:25:33,https://queue-times.com/parks/16/queue_times.json
2026-07-25T15:30:19.193Z,2026-07-25 08:30:19,2026-07-25,America/Los_Angeles,disneyland,Disneyland,Fantasyland,303,Casey Jr. Circus Train,TRUE,5,2026-07-25T15:25:33.000Z,2026-07-25 08:25:33,https://queue-times.com/parks/16/queue_times.json
2026-07-25T15:30:19.193Z,2026-07-25 08:30:19,2026-07-25,America/Los_Angeles,disneyland,Disneyland,Fantasyland,275,Dumbo the Flying Elephant,TRUE,10,2026-07-25T15:25:33.000Z,2026-07-25 08:25:33,https://queue-times.com/parks/16/queue_times.json
2026-07-25T15:30:19.193Z,2026-07-25 08:30:19,2026-07-25,America/Los_Angeles,disneyland,Disneyland,Fantasyland,277,King Arthur Carrousel,TRUE,5,2026-07-25T15:25:33.000Z,2026-07-25 08:25:33,https://queue-times.com/parks/16/queue_times.json
2026-07-25T15:30:19.193Z,2026-07-25 08:30:19,2026-07-25,America/Los_Angeles,disneyland,Disneyland,Fantasyland,278,Mad Tea Party,TRUE,5,2026-07-25T15:25:33.000Z,2026-07-25 08:25:33,https://queue-times.com/parks/16/queue_times.json
2026-07-25T15:30:19.193Z,2026-07-25 08:30:19,2026-07-25,America/Los_Angeles,disneyland,Disneyland,Fantasyland,279,Matterhorn Bobsleds,TRUE,5,2026-07-25T15:25:33.000Z,2026-07-25 08:25:33,https://queue-times.com/parks/16/queue_times.json
2026-07-25T15:30:19.193Z,2026-07-25 08:30:19,2026-07-25,America/Los_Angeles,disneyland,Disneyland,Fantasyland,6711,Meet Disney Princesses at Royal Hall,FALSE,0,2026-07-25T15:25:33.000Z,2026-07-25 08:25:33,https://queue-times.com/parks/16/queue_times.json
2026-07-25T15:30:19.193Z,2026-07-25 08:30:19,2026-07-25,America/Los_Angeles,disneyland,Disneyland,Fantasyland,280,Mr. Toad's Wild Ride,TRUE,5,2026-07-25T15:25:33.000Z,2026-07-25 08:25:33,https://queue-times.com/parks/16/queue_times.json
2026-07-25T15:30:19.193Z,2026-07-25 08:30:19,2026-07-25,America/Los_Angeles,disneyland,Disneyland,Fantasyland,281,Peter Pan's Flight,TRUE,10,2026-07-25T15:25:33.000Z,2026-07-25 08:25:33,https://queue-times.com/parks/16/queue_times.json
2026-07-25T15:30:19.193Z,2026-07-25 08:30:19,2026-07-25,America/Los_Angeles,disneyland,Disneyland,Fantasyland,282,Pinocchio's Daring Journey,TRUE,5,2026-07-25T15:25:33.000Z,2026-07-25 08:25:33,https://queue-times.com/parks/16/queue_times.json
2026-07-25T15:30:19.193Z,2026-07-25 08:30:19,2026-07-25,America/Los_Angeles,disneyland,Disneyland,Fantasyland,687,Sleeping Beauty Castle Walkthrough,FALSE,0,2026-07-25T15:25:33.000Z,2026-07-25 08:25:33,https://queue-times.com/parks/16/queue_times.json
2026-07-25T15:30:19.193Z,2026-07-25 08:30:19,2026-07-25,America/Los_Angeles,disneyland,Disneyland,Fantasyland,283,Snow White's Enchanted Wish,TRUE,5,2026-07-25T15:25:33.000Z,2026-07-25 08:25:33,https://queue-times.com/parks/16/queue_times.json
2026-07-25T15:30:19.193Z,2026-07-25 08:30:19,2026-07-25,America/Los_Angeles,disneyland,Disneyland,Fantasyland,305,Storybook Land Canal Boats,TRUE,5,2026-07-25T15:25:33.000Z,2026-07-25 08:25:33,https://queue-times.com/parks/16/queue_times.json
2026-07-25T15:30:19.193Z,2026-07-25 08:30:19,2026-07-25,America/Los_Angeles,disneyland,Disneyland,Frontierland,323,Big Thunder Mountain Railroad,TRUE,15,2026-07-25T15:25:33.000Z,2026-07-25 08:25:33,https://queue-times.com/parks/16/queue_times.json
2026-07-25T15:30:19.193Z,2026-07-25 08:30:19,2026-07-25,America/Los_Angeles,disneyland,Disneyland,Frontierland,679,Frontierland Shootin' Exposition,FALSE,0,2026-07-25T15:25:33.000Z,2026-07-25 08:25:33,https://queue-times.com/parks/16/queue_times.json
2026-07-25T15:30:19.193Z,2026-07-25 08:30:19,2026-07-25,America/Los_Angeles,disneyland,Disneyland,Frontierland,456,Mark Twain Riverboat,FALSE,0,2026-07-25T15:25:33.000Z,2026-07-25 08:25:33,https://queue-times.com/parks/16/queue_times.json
2026-07-25T15:30:19.193Z,2026-07-25 08:30:19,2026-07-25,America/Los_Angeles,disneyland,Disneyland,Frontierland,331,Pirate's Lair on Tom Sawyer Island,FALSE,0,2026-07-25T15:25:33.000Z,2026-07-25 08:25:33,https://queue-times.com/parks/16/queue_times.json
2026-07-25T15:30:19.193Z,2026-07-25 08:30:19,2026-07-25,America/Los_Angeles,disneyland,Disneyland,Frontierland,328,Sailing Ship Columbia,FALSE,0,2026-07-25T15:25:33.000Z,2026-07-25 08:25:33,https://queue-times.com/parks/16/queue_times.json
2026-07-25T15:30:19.193Z,2026-07-25 08:30:19,2026-07-25,America/Los_Angeles,disneyland,Disneyland,Main Street U.S.A,674,Disneyland Railroad,TRUE,5,2026-07-25T15:25:33.000Z,2026-07-25 08:25:33,https://queue-times.com/parks/16/queue_times.json
2026-07-25T15:30:19.193Z,2026-07-25 08:30:19,2026-07-25,America/Los_Angeles,disneyland,Disneyland,Main Street U.S.A,690,Great Moments with Mr. Lincoln,TRUE,0,2026-07-25T15:25:33.000Z,2026-07-25 08:25:33,https://queue-times.com/parks/16/queue_times.json
2026-07-25T15:30:19.193Z,2026-07-25 08:30:19,2026-07-25,America/Los_Angeles,disneyland,Disneyland,Main Street U.S.A,686,Main Street Cinema,TRUE,0,2026-07-25T15:25:33.000Z,2026-07-25 08:25:33,https://queue-times.com/parks/16/queue_times.json
2026-07-25T15:30:19.193Z,2026-07-25 08:30:19,2026-07-25,America/Los_Angeles,disneyland,Disneyland,Main Street U.S.A,691,Main Street Vehicles,TRUE,0,2026-07-25T15:25:33.000Z,2026-07-25 08:25:33,https://queue-times.com/parks/16/queue_times.json
2026-07-25T15:30:19.193Z,2026-07-25 08:30:19,2026-07-25,America/Los_Angeles,disneyland,Disneyland,Main Street U.S.A,14915,Opera House - Walt Disney - A Magical Life,TRUE,0,2026-07-25T15:25:33.000Z,2026-07-25 08:25:33,https://queue-times.com/parks/16/queue_times.json
2026-07-25T15:30:19.193Z,2026-07-25 08:30:19,2026-07-25,America/Los_Angeles,disneyland,Disneyland,Main Street U.S.A,695,The Disney Gallery,TRUE,0,2026-07-25T15:25:33.000Z,2026-07-25 08:25:33,https://queue-times.com/parks/16/queue_times.json
2026-07-25T15:30:19.193Z,2026-07-25 08:30:19,2026-07-25,America/Los_Angeles,disneyland,Disneyland,Main Street U.S.A,14923,Walt Disney - A Magical Life,FALSE,0,2026-07-25T15:25:33.000Z,2026-07-25 08:25:33,https://queue-times.com/parks/16/queue_times.json
2026-07-25T15:30:19.193Z,2026-07-25 08:30:19,2026-07-25,America/Los_Angeles,disneyland,Disneyland,Mickey's Toontown,324,Chip 'n' Dale's GADGETcoaster,TRUE,5,2026-07-25T15:25:33.000Z,2026-07-25 08:25:33,https://queue-times.com/parks/16/queue_times.json
2026-07-25T15:30:19.193Z,2026-07-25 08:30:19,2026-07-25,America/Los_Angeles,disneyland,Disneyland,Mickey's Toontown,13814,Donald's Duck Pond,TRUE,0,2026-07-25T15:25:33.000Z,2026-07-25 08:25:33,https://queue-times.com/parks/16/queue_times.json
2026-07-25T15:30:19.193Z,2026-07-25 08:30:19,2026-07-25,America/Los_Angeles,disneyland,Disneyland,Mickey's Toontown,11980,Goofy's How-to-Play Yard,TRUE,0,2026-07-25T15:25:33.000Z,2026-07-25 08:25:33,https://queue-times.com/parks/16/queue_times.json
2026-07-25T15:30:19.193Z,2026-07-25 08:30:19,2026-07-25,America/Los_Angeles,disneyland,Disneyland,Mickey's Toontown,11526,Mickey & Minnie's Runaway Railway,TRUE,5,2026-07-25T15:25:33.000Z,2026-07-25 08:25:33,https://queue-times.com/parks/16/queue_times.json
2026-07-25T15:30:19.193Z,2026-07-25 08:30:19,2026-07-25,America/Los_Angeles,disneyland,Disneyland,Mickey's Toontown,709,Mickey's House and Meet Mickey Mouse,TRUE,5,2026-07-25T15:25:33.000Z,2026-07-25 08:25:33,https://queue-times.com/parks/16/queue_times.json
2026-07-25T15:30:19.193Z,2026-07-25 08:30:19,2026-07-25,America/Los_Angeles,disneyland,Disneyland,Mickey's Toontown,327,Mickey's House and Meet Mickey Mouse,FALSE,0,2026-07-25T15:25:33.000Z,2026-07-25 08:25:33,https://queue-times.com/parks/16/queue_times.json
2026-07-25T15:30:19.193Z,2026-07-25 08:30:19,2026-07-25,America/Los_Angeles,disneyland,Disneyland,Mickey's Toontown,684,Minnie's House,FALSE,0,2026-07-25T15:25:33.000Z,2026-07-25 08:25:33,https://queue-times.com/parks/16/queue_times.json
2026-07-25T15:30:19.193Z,2026-07-25 08:30:19,2026-07-25,America/Los_Angeles,disneyland,Disneyland,Mickey's Toontown,332,Roger Rabbit's Car Toon Spin,TRUE,5,2026-07-25T15:25:33.000Z,2026-07-25 08:25:33,https://queue-times.com/parks/16/queue_times.json
2026-07-25T15:30:19.193Z,2026-07-25 08:30:19,2026-07-25,America/Los_Angeles,disneyland,Disneyland,New Orleans Square,13958,Haunted Mansion,TRUE,13,2026-07-25T15:25:33.000Z,2026-07-25 08:25:33,https://queue-times.com/parks/16/queue_times.json
2026-07-25T15:30:19.193Z,2026-07-25 08:30:19,2026-07-25,America/Los_Angeles,disneyland,Disneyland,New Orleans Square,289,Pirates of the Caribbean,TRUE,5,2026-07-25T15:25:33.000Z,2026-07-25 08:25:33,https://queue-times.com/parks/16/queue_times.json
2026-07-25T15:30:19.193Z,2026-07-25 08:30:19,2026-07-25,America/Los_Angeles,disneyland,Disneyland,Star Wars: Galaxy's Edge,6339,Millennium Falcon: Smugglers Run,TRUE,5,2026-07-25T15:25:33.000Z,2026-07-25 08:25:33,https://queue-times.com/parks/16/queue_times.json
2026-07-25T15:30:19.193Z,2026-07-25 08:30:19,2026-07-25,America/Los_Angeles,disneyland,Disneyland,Star Wars: Galaxy's Edge,10903,Millennium Falcon: Smugglers Run Single Rider,TRUE,0,2026-07-25T15:25:33.000Z,2026-07-25 08:25:33,https://queue-times.com/parks/16/queue_times.json
2026-07-25T15:30:19.193Z,2026-07-25 08:30:19,2026-07-25,America/Los_Angeles,disneyland,Disneyland,Star Wars: Galaxy's Edge,6340,Star Wars: Rise of the Resistance,TRUE,40,2026-07-25T15:25:33.000Z,2026-07-25 08:25:33,https://queue-times.com/parks/16/queue_times.json
2026-07-25T15:30:19.193Z,2026-07-25 08:30:19,2026-07-25,America/Los_Angeles,disneyland,Disneyland,Tomorrowland,287,Astro Orbitor,TRUE,5,2026-07-25T15:25:33.000Z,2026-07-25 08:25:33,https://queue-times.com/parks/16/queue_times.json
2026-07-25T15:30:19.193Z,2026-07-25 08:30:19,2026-07-25,America/Los_Angeles,disneyland,Disneyland,Tomorrowland,317,Autopia,TRUE,5,2026-07-25T15:25:33.000Z,2026-07-25 08:25:33,https://queue-times.com/parks/16/queue_times.json
2026-07-25T15:30:19.193Z,2026-07-25 08:30:19,2026-07-25,America/Los_Angeles,disneyland,Disneyland,Tomorrowland,273,Buzz Lightyear Astro Blasters,TRUE,5,2026-07-25T15:25:33.000Z,2026-07-25 08:25:33,https://queue-times.com/parks/16/queue_times.json
2026-07-25T15:30:19.193Z,2026-07-25 08:30:19,2026-07-25,America/Los_Angeles,disneyland,Disneyland,Tomorrowland,274,Disneyland Monorail,TRUE,5,2026-07-25T15:25:33.000Z,2026-07-25 08:25:33,https://queue-times.com/parks/16/queue_times.json
2026-07-25T15:30:19.193Z,2026-07-25 08:30:19,2026-07-25,America/Los_Angeles,disneyland,Disneyland,Tomorrowland,276,Finding Nemo Submarine Voyage,TRUE,5,2026-07-25T15:25:33.000Z,2026-07-25 08:25:33,https://queue-times.com/parks/16/queue_times.json
2026-07-25T15:30:19.193Z,2026-07-25 08:30:19,2026-07-25,America/Los_Angeles,disneyland,Disneyland,Tomorrowland,16627,Pixar Short Film Spotlight,FALSE,0,2026-07-25T15:25:33.000Z,2026-07-25 08:25:33,https://queue-times.com/parks/16/queue_times.json
2026-07-25T15:30:19.193Z,2026-07-25 08:30:19,2026-07-25,America/Los_Angeles,disneyland,Disneyland,Tomorrowland,284,Space Mountain,TRUE,35,2026-07-25T15:25:33.000Z,2026-07-25 08:25:33,https://queue-times.com/parks/16/queue_times.json
2026-07-25T15:30:19.193Z,2026-07-25 08:30:19,2026-07-25,America/Los_Angeles,disneyland,Disneyland,Tomorrowland,286,Star Tours - The Adventures Continue,TRUE,5,2026-07-25T15:25:33.000Z,2026-07-25 08:25:33,https://queue-times.com/parks/16/queue_times.json
2026-07-25T15:30:19.193Z,2026-07-25 08:30:19,2026-07-25,America/Los_Angeles,dca,Disney California Adventure,Avengers Campus,329,Guardians of the Galaxy - Mission: BREAKOUT!,TRUE,20,2026-07-25T15:25:39.000Z,2026-07-25 08:25:39,https://queue-times.com/parks/17/queue_times.json
2026-07-25T15:30:19.193Z,2026-07-25 08:30:19,2026-07-25,America/Los_Angeles,dca,Disney California Adventure,Avengers Campus,8843,WEB SLINGERS: A Spider-Man Adventure,TRUE,5,2026-07-25T15:25:39.000Z,2026-07-25 08:25:39,https://queue-times.com/parks/17/queue_times.json
2026-07-25T15:30:19.193Z,2026-07-25 08:30:19,2026-07-25,America/Los_Angeles,dca,Disney California Adventure,Avengers Campus,10907,WEB SLINGERS: A Spider-Man Adventure Single Rider,TRUE,0,2026-07-25T15:25:39.000Z,2026-07-25 08:25:39,https://queue-times.com/parks/17/queue_times.json
2026-07-25T15:30:19.193Z,2026-07-25 08:30:19,2026-07-25,America/Los_Angeles,dca,Disney California Adventure,Cars Land,13961,Luigi's Rollickin' Roadsters,TRUE,15,2026-07-25T15:25:39.000Z,2026-07-25 08:25:39,https://queue-times.com/parks/17/queue_times.json
2026-07-25T15:30:19.193Z,2026-07-25 08:30:19,2026-07-25,America/Los_Angeles,dca,Disney California Adventure,Cars Land,315,Mater's Junkyard Jamboree,TRUE,5,2026-07-25T15:25:39.000Z,2026-07-25 08:25:39,https://queue-times.com/parks/17/queue_times.json
2026-07-25T15:30:19.193Z,2026-07-25 08:30:19,2026-07-25,America/Los_Angeles,dca,Disney California Adventure,Cars Land,295,Radiator Springs Racers,TRUE,80,2026-07-25T15:25:39.000Z,2026-07-25 08:25:39,https://queue-times.com/parks/17/queue_times.json
2026-07-25T15:30:19.193Z,2026-07-25 08:30:19,2026-07-25,America/Los_Angeles,dca,Disney California Adventure,Cars Land,10904,Radiator Springs Racers Single Rider,TRUE,0,2026-07-25T15:25:39.000Z,2026-07-25 08:25:39,https://queue-times.com/parks/17/queue_times.json
2026-07-25T15:30:19.193Z,2026-07-25 08:30:19,2026-07-25,America/Los_Angeles,dca,Disney California Adventure,Grizzly Peak,302,Grizzly River Run,TRUE,5,2026-07-25T15:25:39.000Z,2026-07-25 08:25:39,https://queue-times.com/parks/17/queue_times.json
2026-07-25T15:30:19.193Z,2026-07-25 08:30:19,2026-07-25,America/Los_Angeles,dca,Disney California Adventure,Grizzly Peak,293,Redwood Creek Challenge Trail,FALSE,0,2026-07-25T15:25:39.000Z,2026-07-25 08:25:39,https://queue-times.com/parks/17/queue_times.json
2026-07-25T15:30:19.193Z,2026-07-25 08:30:19,2026-07-25,America/Los_Angeles,dca,Disney California Adventure,Grizzly Peak,17129,Soarin’ Across America,TRUE,5,2026-07-25T15:25:39.000Z,2026-07-25 08:25:39,https://queue-times.com/parks/17/queue_times.json
2026-07-25T15:30:19.193Z,2026-07-25 08:30:19,2026-07-25,America/Los_Angeles,dca,Disney California Adventure,Hollywood Land,321,Animation Academy,TRUE,0,2026-07-25T15:25:39.000Z,2026-07-25 08:25:39,https://queue-times.com/parks/17/queue_times.json
2026-07-25T15:30:19.193Z,2026-07-25 08:30:19,2026-07-25,America/Los_Angeles,dca,Disney California Adventure,Hollywood Land,6440,Mickey's PhilharMagic,TRUE,10,2026-07-25T15:25:39.000Z,2026-07-25 08:25:39,https://queue-times.com/parks/17/queue_times.json
2026-07-25T15:30:19.193Z,2026-07-25 08:30:19,2026-07-25,America/Los_Angeles,dca,Disney California Adventure,Hollywood Land,291,"Monsters, Inc. Mike & Sulley to the Rescue!",TRUE,5,2026-07-25T15:25:39.000Z,2026-07-25 08:25:39,https://queue-times.com/parks/17/queue_times.json
2026-07-25T15:30:19.193Z,2026-07-25 08:30:19,2026-07-25,America/Los_Angeles,dca,Disney California Adventure,Hollywood Land,868,Sorcerer's Workshop,TRUE,0,2026-07-25T15:25:39.000Z,2026-07-25 08:25:39,https://queue-times.com/parks/17/queue_times.json
2026-07-25T15:30:19.193Z,2026-07-25 08:30:19,2026-07-25,America/Los_Angeles,dca,Disney California Adventure,Hollywood Land,294,Turtle Talk with Crush,TRUE,0,2026-07-25T15:25:39.000Z,2026-07-25 08:25:39,https://queue-times.com/parks/17/queue_times.json
2026-07-25T15:30:19.193Z,2026-07-25 08:30:19,2026-07-25,America/Los_Angeles,dca,Disney California Adventure,Pacific Wharf,869,The Bakery Tour,TRUE,0,2026-07-25T15:25:39.000Z,2026-07-25 08:25:39,https://queue-times.com/parks/17/queue_times.json
2026-07-25T15:30:19.193Z,2026-07-25 08:30:19,2026-07-25,America/Los_Angeles,dca,Disney California Adventure,Paradise Gardens Park,298,Golden Zephyr,TRUE,5,2026-07-25T15:25:39.000Z,2026-07-25 08:25:39,https://queue-times.com/parks/17/queue_times.json
2026-07-25T15:30:19.193Z,2026-07-25 08:30:19,2026-07-25,America/Los_Angeles,dca,Disney California Adventure,Paradise Gardens Park,319,Goofy's Sky School,FALSE,0,2026-07-25T15:25:39.000Z,2026-07-25 08:25:39,https://queue-times.com/parks/17/queue_times.json
2026-07-25T15:30:19.193Z,2026-07-25 08:30:19,2026-07-25,America/Los_Angeles,dca,Disney California Adventure,Paradise Gardens Park,301,Silly Symphony Swings,FALSE,0,2026-07-25T15:25:39.000Z,2026-07-25 08:25:39,https://queue-times.com/parks/17/queue_times.json
2026-07-25T15:30:19.193Z,2026-07-25 08:30:19,2026-07-25,America/Los_Angeles,dca,Disney California Adventure,Paradise Gardens Park,316,The Little Mermaid - Ariel's Undersea Adventure,FALSE,0,2026-07-25T15:25:39.000Z,2026-07-25 08:25:39,https://queue-times.com/parks/17/queue_times.json
2026-07-25T15:30:19.193Z,2026-07-25 08:30:19,2026-07-25,America/Los_Angeles,dca,Disney California Adventure,Paradise Gardens Park,14742,World of Color Happiness!,TRUE,0,2026-07-25T15:25:39.000Z,2026-07-25 08:25:39,https://queue-times.com/parks/17/queue_times.json
2026-07-25T15:30:19.193Z,2026-07-25 08:30:19,2026-07-25,America/Los_Angeles,dca,Disney California Adventure,Pixar Pier,866,Games of Pixar Pier,TRUE,0,2026-07-25T15:25:39.000Z,2026-07-25 08:25:39,https://queue-times.com/parks/17/queue_times.json
2026-07-25T15:30:19.193Z,2026-07-25 08:30:19,2026-07-25,America/Los_Angeles,dca,Disney California Adventure,Pixar Pier,322,Incredicoaster,TRUE,5,2026-07-25T15:25:39.000Z,2026-07-25 08:25:39,https://queue-times.com/parks/17/queue_times.json
2026-07-25T15:30:19.193Z,2026-07-25 08:30:19,2026-07-25,America/Los_Angeles,dca,Disney California Adventure,Pixar Pier,10906,Incredicoaster Single Rider,TRUE,0,2026-07-25T15:25:39.000Z,2026-07-25 08:25:39,https://queue-times.com/parks/17/queue_times.json
2026-07-25T15:30:19.193Z,2026-07-25 08:30:19,2026-07-25,America/Los_Angeles,dca,Disney California Adventure,Pixar Pier,6643,Inside Out Emotional Whirlwind,TRUE,5,2026-07-25T15:25:39.000Z,2026-07-25 08:25:39,https://queue-times.com/parks/17/queue_times.json
2026-07-25T15:30:19.193Z,2026-07-25 08:30:19,2026-07-25,America/Los_Angeles,dca,Disney California Adventure,Pixar Pier,310,Jessie's Critter Carousel,TRUE,5,2026-07-25T15:25:39.000Z,2026-07-25 08:25:39,https://queue-times.com/parks/17/queue_times.json
2026-07-25T15:30:19.193Z,2026-07-25 08:30:19,2026-07-25,America/Los_Angeles,dca,Disney California Adventure,Pixar Pier,300,Jumpin' Jellyfish,TRUE,5,2026-07-25T15:25:39.000Z,2026-07-25 08:25:39,https://queue-times.com/parks/17/queue_times.json
2026-07-25T15:30:19.193Z,2026-07-25 08:30:19,2026-07-25,America/Los_Angeles,dca,Disney California Adventure,Pixar Pier,311,Pixar Pal-A-Round - Swinging,TRUE,5,2026-07-25T15:25:39.000Z,2026-07-25 08:25:39,https://queue-times.com/parks/17/queue_times.json
2026-07-25T15:30:19.193Z,2026-07-25 08:30:19,2026-07-25,America/Los_Angeles,dca,Disney California Adventure,Pixar Pier,5557,Pixar Pal-A-Round – Non-Swinging,TRUE,5,2026-07-25T15:25:39.000Z,2026-07-25 08:25:39,https://queue-times.com/parks/17/queue_times.json
2026-07-25T15:30:19.193Z,2026-07-25 08:30:19,2026-07-25,America/Los_Angeles,dca,Disney California Adventure,Pixar Pier,313,Toy Story Midway Mania!,TRUE,5,2026-07-25T15:25:39.000Z,2026-07-25 08:25:39,https://queue-times.com/parks/17/queue_times.json
2026-07-25T15:45:14.935Z,2026-07-25 08:45:14,2026-07-25,America/Los_Angeles,disneyland,Disneyland,Adventureland,12428,Adventureland Treehouse inspired by Walt Disney’s Swiss Family Robinson,TRUE,0,2026-07-25T15:40:32.000Z,2026-07-25 08:40:32,https://queue-times.com/parks/16/queue_times.json
2026-07-25T15:45:14.935Z,2026-07-25 08:45:14,2026-07-25,America/Los_Angeles,disneyland,Disneyland,Adventureland,326,Indiana Jones™ Adventure,TRUE,25,2026-07-25T15:40:32.000Z,2026-07-25 08:40:32,https://queue-times.com/parks/16/queue_times.json
2026-07-25T15:45:14.935Z,2026-07-25 08:45:14,2026-07-25,America/Los_Angeles,disneyland,Disneyland,Adventureland,296,Jungle Cruise,TRUE,5,2026-07-25T15:40:32.000Z,2026-07-25 08:40:32,https://queue-times.com/parks/16/queue_times.json
2026-07-25T15:45:14.935Z,2026-07-25 08:45:14,2026-07-25,America/Los_Angeles,disneyland,Disneyland,Adventureland,288,Walt Disney's Enchanted Tiki Room,TRUE,0,2026-07-25T15:40:32.000Z,2026-07-25 08:40:32,https://queue-times.com/parks/16/queue_times.json
2026-07-25T15:45:14.935Z,2026-07-25 08:45:14,2026-07-25,America/Los_Angeles,disneyland,Disneyland,Bayou Country,304,Davy Crockett's Explorer Canoes,FALSE,0,2026-07-25T15:40:32.000Z,2026-07-25 08:40:32,https://queue-times.com/parks/16/queue_times.json
2026-07-25T15:45:14.935Z,2026-07-25 08:45:14,2026-07-25,America/Los_Angeles,disneyland,Disneyland,Bayou Country,306,The Many Adventures of Winnie the Pooh,TRUE,5,2026-07-25T15:40:32.000Z,2026-07-25 08:40:32,https://queue-times.com/parks/16/queue_times.json
2026-07-25T15:45:14.935Z,2026-07-25 08:45:14,2026-07-25,America/Los_Angeles,disneyland,Disneyland,Bayou Country,14168,Tiana's Bayou Adventure,TRUE,5,2026-07-25T15:40:32.000Z,2026-07-25 08:40:32,https://queue-times.com/parks/16/queue_times.json
2026-07-25T15:45:14.935Z,2026-07-25 08:45:14,2026-07-25,America/Los_Angeles,disneyland,Disneyland,Bayou Country,14326,Tiana's Bayou Adventure Single Rider,TRUE,0,2026-07-25T15:40:32.000Z,2026-07-25 08:40:32,https://queue-times.com/parks/16/queue_times.json
2026-07-25T15:45:14.935Z,2026-07-25 08:45:14,2026-07-25,America/Los_Angeles,disneyland,Disneyland,Fantasyland,307,"""it's a small world""",TRUE,5,2026-07-25T15:40:32.000Z,2026-07-25 08:40:32,https://queue-times.com/parks/16/queue_times.json
2026-07-25T15:45:14.935Z,2026-07-25 08:45:14,2026-07-25,America/Los_Angeles,disneyland,Disneyland,Fantasyland,285,Alice in Wonderland,TRUE,10,2026-07-25T15:40:32.000Z,2026-07-25 08:40:32,https://queue-times.com/parks/16/queue_times.json
2026-07-25T15:45:14.935Z,2026-07-25 08:45:14,2026-07-25,America/Los_Angeles,disneyland,Disneyland,Fantasyland,16254,Bluey’s Best Day Ever! at Fantasyland Theatre,TRUE,0,2026-07-25T15:40:32.000Z,2026-07-25 08:40:32,https://queue-times.com/parks/16/queue_times.json
2026-07-25T15:45:14.935Z,2026-07-25 08:45:14,2026-07-25,America/Los_Angeles,disneyland,Disneyland,Fantasyland,303,Casey Jr. Circus Train,TRUE,5,2026-07-25T15:40:32.000Z,2026-07-25 08:40:32,https://queue-times.com/parks/16/queue_times.json
2026-07-25T15:45:14.935Z,2026-07-25 08:45:14,2026-07-25,America/Los_Angeles,disneyland,Disneyland,Fantasyland,275,Dumbo the Flying Elephant,TRUE,20,2026-07-25T15:40:32.000Z,2026-07-25 08:40:32,https://queue-times.com/parks/16/queue_times.json
2026-07-25T15:45:14.935Z,2026-07-25 08:45:14,2026-07-25,America/Los_Angeles,disneyland,Disneyland,Fantasyland,277,King Arthur Carrousel,TRUE,5,2026-07-25T15:40:32.000Z,2026-07-25 08:40:32,https://queue-times.com/parks/16/queue_times.json
2026-07-25T15:45:14.935Z,2026-07-25 08:45:14,2026-07-25,America/Los_Angeles,disneyland,Disneyland,Fantasyland,278,Mad Tea Party,TRUE,5,2026-07-25T15:40:32.000Z,2026-07-25 08:40:32,https://queue-times.com/parks/16/queue_times.json
2026-07-25T15:45:14.935Z,2026-07-25 08:45:14,2026-07-25,America/Los_Angeles,disneyland,Disneyland,Fantasyland,279,Matterhorn Bobsleds,TRUE,20,2026-07-25T15:40:32.000Z,2026-07-25 08:40:32,https://queue-times.com/parks/16/queue_times.json
2026-07-25T15:45:14.935Z,2026-07-25 08:45:14,2026-07-25,America/Los_Angeles,disneyland,Disneyland,Fantasyland,6711,Meet Disney Princesses at Royal Hall,FALSE,0,2026-07-25T15:40:32.000Z,2026-07-25 08:40:32,https://queue-times.com/parks/16/queue_times.json
2026-07-25T15:45:14.935Z,2026-07-25 08:45:14,2026-07-25,America/Los_Angeles,disneyland,Disneyland,Fantasyland,280,Mr. Toad's Wild Ride,TRUE,5,2026-07-25T15:40:32.000Z,2026-07-25 08:40:32,https://queue-times.com/parks/16/queue_times.json
2026-07-25T15:45:14.935Z,2026-07-25 08:45:14,2026-07-25,America/Los_Angeles,disneyland,Disneyland,Fantasyland,281,Peter Pan's Flight,TRUE,10,2026-07-25T15:40:32.000Z,2026-07-25 08:40:32,https://queue-times.com/parks/16/queue_times.json
2026-07-25T15:45:14.935Z,2026-07-25 08:45:14,2026-07-25,America/Los_Angeles,disneyland,Disneyland,Fantasyland,282,Pinocchio's Daring Journey,TRUE,5,2026-07-25T15:40:32.000Z,2026-07-25 08:40:32,https://queue-times.com/parks/16/queue_times.json
2026-07-25T15:45:14.935Z,2026-07-25 08:45:14,2026-07-25,America/Los_Angeles,disneyland,Disneyland,Fantasyland,687,Sleeping Beauty Castle Walkthrough,FALSE,0,2026-07-25T15:40:32.000Z,2026-07-25 08:40:32,https://queue-times.com/parks/16/queue_times.json
2026-07-25T15:45:14.935Z,2026-07-25 08:45:14,2026-07-25,America/Los_Angeles,disneyland,Disneyland,Fantasyland,283,Snow White's Enchanted Wish,TRUE,15,2026-07-25T15:40:32.000Z,2026-07-25 08:40:32,https://queue-times.com/parks/16/queue_times.json
2026-07-25T15:45:14.935Z,2026-07-25 08:45:14,2026-07-25,America/Los_Angeles,disneyland,Disneyland,Fantasyland,305,Storybook Land Canal Boats,TRUE,10,2026-07-25T15:40:32.000Z,2026-07-25 08:40:32,https://queue-times.com/parks/16/queue_times.json
2026-07-25T15:45:14.935Z,2026-07-25 08:45:14,2026-07-25,America/Los_Angeles,disneyland,Disneyland,Frontierland,323,Big Thunder Mountain Railroad,TRUE,15,2026-07-25T15:40:32.000Z,2026-07-25 08:40:32,https://queue-times.com/parks/16/queue_times.json
2026-07-25T15:45:14.935Z,2026-07-25 08:45:14,2026-07-25,America/Los_Angeles,disneyland,Disneyland,Frontierland,679,Frontierland Shootin' Exposition,FALSE,0,2026-07-25T15:40:32.000Z,2026-07-25 08:40:32,https://queue-times.com/parks/16/queue_times.json
2026-07-25T15:45:14.935Z,2026-07-25 08:45:14,2026-07-25,America/Los_Angeles,disneyland,Disneyland,Frontierland,456,Mark Twain Riverboat,FALSE,0,2026-07-25T15:40:32.000Z,2026-07-25 08:40:32,https://queue-times.com/parks/16/queue_times.json
2026-07-25T15:45:14.935Z,2026-07-25 08:45:14,2026-07-25,America/Los_Angeles,disneyland,Disneyland,Frontierland,331,Pirate's Lair on Tom Sawyer Island,FALSE,0,2026-07-25T15:40:32.000Z,2026-07-25 08:40:32,https://queue-times.com/parks/16/queue_times.json
2026-07-25T15:45:14.935Z,2026-07-25 08:45:14,2026-07-25,America/Los_Angeles,disneyland,Disneyland,Frontierland,328,Sailing Ship Columbia,FALSE,0,2026-07-25T15:40:32.000Z,2026-07-25 08:40:32,https://queue-times.com/parks/16/queue_times.json
2026-07-25T15:45:14.935Z,2026-07-25 08:45:14,2026-07-25,America/Los_Angeles,disneyland,Disneyland,Main Street U.S.A,674,Disneyland Railroad,TRUE,5,2026-07-25T15:40:32.000Z,2026-07-25 08:40:32,https://queue-times.com/parks/16/queue_times.json
2026-07-25T15:45:14.935Z,2026-07-25 08:45:14,2026-07-25,America/Los_Angeles,disneyland,Disneyland,Main Street U.S.A,690,Great Moments with Mr. Lincoln,TRUE,0,2026-07-25T15:40:32.000Z,2026-07-25 08:40:32,https://queue-times.com/parks/16/queue_times.json
2026-07-25T15:45:14.935Z,2026-07-25 08:45:14,2026-07-25,America/Los_Angeles,disneyland,Disneyland,Main Street U.S.A,686,Main Street Cinema,TRUE,0,2026-07-25T15:40:32.000Z,2026-07-25 08:40:32,https://queue-times.com/parks/16/queue_times.json
2026-07-25T15:45:14.935Z,2026-07-25 08:45:14,2026-07-25,America/Los_Angeles,disneyland,Disneyland,Main Street U.S.A,691,Main Street Vehicles,TRUE,0,2026-07-25T15:40:32.000Z,2026-07-25 08:40:32,https://queue-times.com/parks/16/queue_times.json
2026-07-25T15:45:14.935Z,2026-07-25 08:45:14,2026-07-25,America/Los_Angeles,disneyland,Disneyland,Main Street U.S.A,14915,Opera House - Walt Disney - A Magical Life,TRUE,0,2026-07-25T15:40:32.000Z,2026-07-25 08:40:32,https://queue-times.com/parks/16/queue_times.json
2026-07-25T15:45:14.935Z,2026-07-25 08:45:14,2026-07-25,America/Los_Angeles,disneyland,Disneyland,Main Street U.S.A,695,The Disney Gallery,TRUE,0,2026-07-25T15:40:32.000Z,2026-07-25 08:40:32,https://queue-times.com/parks/16/queue_times.json
2026-07-25T15:45:14.935Z,2026-07-25 08:45:14,2026-07-25,America/Los_Angeles,disneyland,Disneyland,Main Street U.S.A,14923,Walt Disney - A Magical Life,FALSE,0,2026-07-25T15:40:32.000Z,2026-07-25 08:40:32,https://queue-times.com/parks/16/queue_times.json
2026-07-25T15:45:14.935Z,2026-07-25 08:45:14,2026-07-25,America/Los_Angeles,disneyland,Disneyland,Mickey's Toontown,324,Chip 'n' Dale's GADGETcoaster,TRUE,5,2026-07-25T15:40:32.000Z,2026-07-25 08:40:32,https://queue-times.com/parks/16/queue_times.json
2026-07-25T15:45:14.935Z,2026-07-25 08:45:14,2026-07-25,America/Los_Angeles,disneyland,Disneyland,Mickey's Toontown,13814,Donald's Duck Pond,TRUE,0,2026-07-25T15:40:32.000Z,2026-07-25 08:40:32,https://queue-times.com/parks/16/queue_times.json
2026-07-25T15:45:14.935Z,2026-07-25 08:45:14,2026-07-25,America/Los_Angeles,disneyland,Disneyland,Mickey's Toontown,11980,Goofy's How-to-Play Yard,TRUE,0,2026-07-25T15:40:32.000Z,2026-07-25 08:40:32,https://queue-times.com/parks/16/queue_times.json
2026-07-25T15:45:14.935Z,2026-07-25 08:45:14,2026-07-25,America/Los_Angeles,disneyland,Disneyland,Mickey's Toontown,11526,Mickey & Minnie's Runaway Railway,TRUE,5,2026-07-25T15:40:32.000Z,2026-07-25 08:40:32,https://queue-times.com/parks/16/queue_times.json
2026-07-25T15:45:14.935Z,2026-07-25 08:45:14,2026-07-25,America/Los_Angeles,disneyland,Disneyland,Mickey's Toontown,709,Mickey's House and Meet Mickey Mouse,TRUE,5,2026-07-25T15:40:32.000Z,2026-07-25 08:40:32,https://queue-times.com/parks/16/queue_times.json
2026-07-25T15:45:14.935Z,2026-07-25 08:45:14,2026-07-25,America/Los_Angeles,disneyland,Disneyland,Mickey's Toontown,327,Mickey's House and Meet Mickey Mouse,FALSE,0,2026-07-25T15:40:32.000Z,2026-07-25 08:40:32,https://queue-times.com/parks/16/queue_times.json
2026-07-25T15:45:14.935Z,2026-07-25 08:45:14,2026-07-25,America/Los_Angeles,disneyland,Disneyland,Mickey's Toontown,684,Minnie's House,FALSE,0,2026-07-25T15:40:32.000Z,2026-07-25 08:40:32,https://queue-times.com/parks/16/queue_times.json
2026-07-25T15:45:14.935Z,2026-07-25 08:45:14,2026-07-25,America/Los_Angeles,disneyland,Disneyland,Mickey's Toontown,332,Roger Rabbit's Car Toon Spin,TRUE,5,2026-07-25T15:40:32.000Z,2026-07-25 08:40:32,https://queue-times.com/parks/16/queue_times.json
2026-07-25T15:45:14.935Z,2026-07-25 08:45:14,2026-07-25,America/Los_Angeles,disneyland,Disneyland,New Orleans Square,13958,Haunted Mansion,TRUE,13,2026-07-25T15:40:32.000Z,2026-07-25 08:40:32,https://queue-times.com/parks/16/queue_times.json
2026-07-25T15:45:14.935Z,2026-07-25 08:45:14,2026-07-25,America/Los_Angeles,disneyland,Disneyland,New Orleans Square,289,Pirates of the Caribbean,TRUE,5,2026-07-25T15:40:32.000Z,2026-07-25 08:40:32,https://queue-times.com/parks/16/queue_times.json
2026-07-25T15:45:14.935Z,2026-07-25 08:45:14,2026-07-25,America/Los_Angeles,disneyland,Disneyland,Star Wars: Galaxy's Edge,6339,Millennium Falcon: Smugglers Run,TRUE,5,2026-07-25T15:40:32.000Z,2026-07-25 08:40:32,https://queue-times.com/parks/16/queue_times.json
2026-07-25T15:45:14.935Z,2026-07-25 08:45:14,2026-07-25,America/Los_Angeles,disneyland,Disneyland,Star Wars: Galaxy's Edge,10903,Millennium Falcon: Smugglers Run Single Rider,TRUE,0,2026-07-25T15:40:32.000Z,2026-07-25 08:40:32,https://queue-times.com/parks/16/queue_times.json
2026-07-25T15:45:14.935Z,2026-07-25 08:45:14,2026-07-25,America/Los_Angeles,disneyland,Disneyland,Star Wars: Galaxy's Edge,6340,Star Wars: Rise of the Resistance,TRUE,30,2026-07-25T15:40:32.000Z,2026-07-25 08:40:32,https://queue-times.com/parks/16/queue_times.json
2026-07-25T15:45:14.935Z,2026-07-25 08:45:14,2026-07-25,America/Los_Angeles,disneyland,Disneyland,Tomorrowland,287,Astro Orbitor,TRUE,5,2026-07-25T15:40:32.000Z,2026-07-25 08:40:32,https://queue-times.com/parks/16/queue_times.json
2026-07-25T15:45:14.935Z,2026-07-25 08:45:14,2026-07-25,America/Los_Angeles,disneyland,Disneyland,Tomorrowland,317,Autopia,TRUE,5,2026-07-25T15:40:32.000Z,2026-07-25 08:40:32,https://queue-times.com/parks/16/queue_times.json
2026-07-25T15:45:14.935Z,2026-07-25 08:45:14,2026-07-25,America/Los_Angeles,disneyland,Disneyland,Tomorrowland,273,Buzz Lightyear Astro Blasters,TRUE,5,2026-07-25T15:40:32.000Z,2026-07-25 08:40:32,https://queue-times.com/parks/16/queue_times.json
2026-07-25T15:45:14.935Z,2026-07-25 08:45:14,2026-07-25,America/Los_Angeles,disneyland,Disneyland,Tomorrowland,274,Disneyland Monorail,TRUE,5,2026-07-25T15:40:32.000Z,2026-07-25 08:40:32,https://queue-times.com/parks/16/queue_times.json
2026-07-25T15:45:14.935Z,2026-07-25 08:45:14,2026-07-25,America/Los_Angeles,disneyland,Disneyland,Tomorrowland,276,Finding Nemo Submarine Voyage,TRUE,5,2026-07-25T15:40:32.000Z,2026-07-25 08:40:32,https://queue-times.com/parks/16/queue_times.json
2026-07-25T15:45:14.935Z,2026-07-25 08:45:14,2026-07-25,America/Los_Angeles,disneyland,Disneyland,Tomorrowland,16627,Pixar Short Film Spotlight,FALSE,0,2026-07-25T15:40:32.000Z,2026-07-25 08:40:32,https://queue-times.com/parks/16/queue_times.json
2026-07-25T15:45:14.935Z,2026-07-25 08:45:14,2026-07-25,America/Los_Angeles,disneyland,Disneyland,Tomorrowland,284,Space Mountain,TRUE,25,2026-07-25T15:40:32.000Z,2026-07-25 08:40:32,https://queue-times.com/parks/16/queue_times.json
2026-07-25T15:45:14.935Z,2026-07-25 08:45:14,2026-07-25,America/Los_Angeles,disneyland,Disneyland,Tomorrowland,286,Star Tours - The Adventures Continue,TRUE,5,2026-07-25T15:40:32.000Z,2026-07-25 08:40:32,https://queue-times.com/parks/16/queue_times.json
2026-07-25T15:45:14.935Z,2026-07-25 08:45:14,2026-07-25,America/Los_Angeles,dca,Disney California Adventure,Avengers Campus,329,Guardians of the Galaxy - Mission: BREAKOUT!,TRUE,40,2026-07-25T15:40:44.000Z,2026-07-25 08:40:44,https://queue-times.com/parks/17/queue_times.json
2026-07-25T15:45:14.935Z,2026-07-25 08:45:14,2026-07-25,America/Los_Angeles,dca,Disney California Adventure,Avengers Campus,8843,WEB SLINGERS: A Spider-Man Adventure,TRUE,15,2026-07-25T15:40:44.000Z,2026-07-25 08:40:44,https://queue-times.com/parks/17/queue_times.json
2026-07-25T15:45:14.935Z,2026-07-25 08:45:14,2026-07-25,America/Los_Angeles,dca,Disney California Adventure,Avengers Campus,10907,WEB SLINGERS: A Spider-Man Adventure Single Rider,TRUE,0,2026-07-25T15:40:44.000Z,2026-07-25 08:40:44,https://queue-times.com/parks/17/queue_times.json
2026-07-25T15:45:14.935Z,2026-07-25 08:45:14,2026-07-25,America/Los_Angeles,dca,Disney California Adventure,Cars Land,13961,Luigi's Rollickin' Roadsters,TRUE,15,2026-07-25T15:40:44.000Z,2026-07-25 08:40:44,https://queue-times.com/parks/17/queue_times.json
2026-07-25T15:45:14.935Z,2026-07-25 08:45:14,2026-07-25,America/Los_Angeles,dca,Disney California Adventure,Cars Land,315,Mater's Junkyard Jamboree,TRUE,5,2026-07-25T15:40:44.000Z,2026-07-25 08:40:44,https://queue-times.com/parks/17/queue_times.json
2026-07-25T15:45:14.935Z,2026-07-25 08:45:14,2026-07-25,America/Los_Angeles,dca,Disney California Adventure,Cars Land,295,Radiator Springs Racers,TRUE,65,2026-07-25T15:40:44.000Z,2026-07-25 08:40:44,https://queue-times.com/parks/17/queue_times.json
2026-07-25T15:45:14.935Z,2026-07-25 08:45:14,2026-07-25,America/Los_Angeles,dca,Disney California Adventure,Cars Land,10904,Radiator Springs Racers Single Rider,TRUE,0,2026-07-25T15:40:44.000Z,2026-07-25 08:40:44,https://queue-times.com/parks/17/queue_times.json
2026-07-25T15:45:14.935Z,2026-07-25 08:45:14,2026-07-25,America/Los_Angeles,dca,Disney California Adventure,Grizzly Peak,302,Grizzly River Run,TRUE,5,2026-07-25T15:40:44.000Z,2026-07-25 08:40:44,https://queue-times.com/parks/17/queue_times.json
2026-07-25T15:45:14.935Z,2026-07-25 08:45:14,2026-07-25,America/Los_Angeles,dca,Disney California Adventure,Grizzly Peak,293,Redwood Creek Challenge Trail,FALSE,0,2026-07-25T15:40:44.000Z,2026-07-25 08:40:44,https://queue-times.com/parks/17/queue_times.json
2026-07-25T15:45:14.935Z,2026-07-25 08:45:14,2026-07-25,America/Los_Angeles,dca,Disney California Adventure,Grizzly Peak,17129,Soarin’ Across America,TRUE,5,2026-07-25T15:40:44.000Z,2026-07-25 08:40:44,https://queue-times.com/parks/17/queue_times.json
2026-07-25T15:45:14.935Z,2026-07-25 08:45:14,2026-07-25,America/Los_Angeles,dca,Disney California Adventure,Hollywood Land,321,Animation Academy,TRUE,0,2026-07-25T15:40:44.000Z,2026-07-25 08:40:44,https://queue-times.com/parks/17/queue_times.json
2026-07-25T15:45:14.935Z,2026-07-25 08:45:14,2026-07-25,America/Los_Angeles,dca,Disney California Adventure,Hollywood Land,6440,Mickey's PhilharMagic,TRUE,10,2026-07-25T15:40:44.000Z,2026-07-25 08:40:44,https://queue-times.com/parks/17/queue_times.json
2026-07-25T15:45:14.935Z,2026-07-25 08:45:14,2026-07-25,America/Los_Angeles,dca,Disney California Adventure,Hollywood Land,291,"Monsters, Inc. Mike & Sulley to the Rescue!",TRUE,5,2026-07-25T15:40:44.000Z,2026-07-25 08:40:44,https://queue-times.com/parks/17/queue_times.json
2026-07-25T15:45:14.935Z,2026-07-25 08:45:14,2026-07-25,America/Los_Angeles,dca,Disney California Adventure,Hollywood Land,868,Sorcerer's Workshop,TRUE,0,2026-07-25T15:40:44.000Z,2026-07-25 08:40:44,https://queue-times.com/parks/17/queue_times.json
2026-07-25T15:45:14.935Z,2026-07-25 08:45:14,2026-07-25,America/Los_Angeles,dca,Disney California Adventure,Hollywood Land,294,Turtle Talk with Crush,TRUE,0,2026-07-25T15:40:44.000Z,2026-07-25 08:40:44,https://queue-times.com/parks/17/queue_times.json
2026-07-25T15:45:14.935Z,2026-07-25 08:45:14,2026-07-25,America/Los_Angeles,dca,Disney California Adventure,Pacific Wharf,869,The Bakery Tour,TRUE,0,2026-07-25T15:40:44.000Z,2026-07-25 08:40:44,https://queue-times.com/parks/17/queue_times.json
2026-07-25T15:45:14.935Z,2026-07-25 08:45:14,2026-07-25,America/Los_Angeles,dca,Disney California Adventure,Paradise Gardens Park,298,Golden Zephyr,TRUE,5,2026-07-25T15:40:44.000Z,2026-07-25 08:40:44,https://queue-times.com/parks/17/queue_times.json
2026-07-25T15:45:14.935Z,2026-07-25 08:45:14,2026-07-25,America/Los_Angeles,dca,Disney California Adventure,Paradise Gardens Park,319,Goofy's Sky School,FALSE,0,2026-07-25T15:40:44.000Z,2026-07-25 08:40:44,https://queue-times.com/parks/17/queue_times.json
2026-07-25T15:45:14.935Z,2026-07-25 08:45:14,2026-07-25,America/Los_Angeles,dca,Disney California Adventure,Paradise Gardens Park,301,Silly Symphony Swings,FALSE,0,2026-07-25T15:40:44.000Z,2026-07-25 08:40:44,https://queue-times.com/parks/17/queue_times.json
2026-07-25T15:45:14.935Z,2026-07-25 08:45:14,2026-07-25,America/Los_Angeles,dca,Disney California Adventure,Paradise Gardens Park,316,The Little Mermaid - Ariel's Undersea Adventure,FALSE,0,2026-07-25T15:40:44.000Z,2026-07-25 08:40:44,https://queue-times.com/parks/17/queue_times.json
2026-07-25T15:45:14.935Z,2026-07-25 08:45:14,2026-07-25,America/Los_Angeles,dca,Disney California Adventure,Paradise Gardens Park,14742,World of Color Happiness!,TRUE,0,2026-07-25T15:40:44.000Z,2026-07-25 08:40:44,https://queue-times.com/parks/17/queue_times.json
2026-07-25T15:45:14.935Z,2026-07-25 08:45:14,2026-07-25,America/Los_Angeles,dca,Disney California Adventure,Pixar Pier,866,Games of Pixar Pier,TRUE,0,2026-07-25T15:40:44.000Z,2026-07-25 08:40:44,https://queue-times.com/parks/17/queue_times.json
2026-07-25T15:45:14.935Z,2026-07-25 08:45:14,2026-07-25,America/Los_Angeles,dca,Disney California Adventure,Pixar Pier,322,Incredicoaster,TRUE,20,2026-07-25T15:40:44.000Z,2026-07-25 08:40:44,https://queue-times.com/parks/17/queue_times.json
2026-07-25T15:45:14.935Z,2026-07-25 08:45:14,2026-07-25,America/Los_Angeles,dca,Disney California Adventure,Pixar Pier,10906,Incredicoaster Single Rider,TRUE,0,2026-07-25T15:40:44.000Z,2026-07-25 08:40:44,https://queue-times.com/parks/17/queue_times.json
2026-07-25T15:45:14.935Z,2026-07-25 08:45:14,2026-07-25,America/Los_Angeles,dca,Disney California Adventure,Pixar Pier,6643,Inside Out Emotional Whirlwind,TRUE,5,2026-07-25T15:40:44.000Z,2026-07-25 08:40:44,https://queue-times.com/parks/17/queue_times.json
2026-07-25T15:45:14.935Z,2026-07-25 08:45:14,2026-07-25,America/Los_Angeles,dca,Disney California Adventure,Pixar Pier,310,Jessie's Critter Carousel,TRUE,5,2026-07-25T15:40:44.000Z,2026-07-25 08:40:44,https://queue-times.com/parks/17/queue_times.json
2026-07-25T15:45:14.935Z,2026-07-25 08:45:14,2026-07-25,America/Los_Angeles,dca,Disney California Adventure,Pixar Pier,300,Jumpin' Jellyfish,TRUE,5,2026-07-25T15:40:44.000Z,2026-07-25 08:40:44,https://queue-times.com/parks/17/queue_times.json
2026-07-25T15:45:14.935Z,2026-07-25 08:45:14,2026-07-25,America/Los_Angeles,dca,Disney California Adventure,Pixar Pier,311,Pixar Pal-A-Round - Swinging,TRUE,5,2026-07-25T15:40:44.000Z,2026-07-25 08:40:44,https://queue-times.com/parks/17/queue_times.json
2026-07-25T15:45:14.935Z,2026-07-25 08:45:14,2026-07-25,America/Los_Angeles,dca,Disney California Adventure,Pixar Pier,5557,Pixar Pal-A-Round – Non-Swinging,TRUE,5,2026-07-25T15:40:44.000Z,2026-07-25 08:40:44,https://queue-times.com/parks/17/queue_times.json
2026-07-25T15:45:14.935Z,2026-07-25 08:45:14,2026-07-25,America/Los_Angeles,dca,Disney California Adventure,Pixar Pier,313,Toy Story Midway Mania!,TRUE,10,2026-07-25T15:40:44.000Z,2026-07-25 08:40:44,https://queue-times.com/parks/17/queue_times.json
2026-07-25T16:00:18.975Z,2026-07-25 09:00:18,2026-07-25,America/Los_Angeles,disneyland,Disneyland,Adventureland,12428,Adventureland Treehouse inspired by Walt Disney’s Swiss Family Robinson,TRUE,0,2026-07-25T15:55:32.000Z,2026-07-25 08:55:32,https://queue-times.com/parks/16/queue_times.json
2026-07-25T16:00:18.975Z,2026-07-25 09:00:18,2026-07-25,America/Los_Angeles,disneyland,Disneyland,Adventureland,326,Indiana Jones™ Adventure,TRUE,25,2026-07-25T15:55:32.000Z,2026-07-25 08:55:32,https://queue-times.com/parks/16/queue_times.json
2026-07-25T16:00:18.975Z,2026-07-25 09:00:18,2026-07-25,America/Los_Angeles,disneyland,Disneyland,Adventureland,296,Jungle Cruise,TRUE,5,2026-07-25T15:55:32.000Z,2026-07-25 08:55:32,https://queue-times.com/parks/16/queue_times.json
2026-07-25T16:00:18.975Z,2026-07-25 09:00:18,2026-07-25,America/Los_Angeles,disneyland,Disneyland,Adventureland,288,Walt Disney's Enchanted Tiki Room,TRUE,0,2026-07-25T15:55:32.000Z,2026-07-25 08:55:32,https://queue-times.com/parks/16/queue_times.json
2026-07-25T16:00:18.975Z,2026-07-25 09:00:18,2026-07-25,America/Los_Angeles,disneyland,Disneyland,Bayou Country,304,Davy Crockett's Explorer Canoes,FALSE,0,2026-07-25T15:55:32.000Z,2026-07-25 08:55:32,https://queue-times.com/parks/16/queue_times.json
2026-07-25T16:00:18.975Z,2026-07-25 09:00:18,2026-07-25,America/Los_Angeles,disneyland,Disneyland,Bayou Country,306,The Many Adventures of Winnie the Pooh,FALSE,0,2026-07-25T15:55:32.000Z,2026-07-25 08:55:32,https://queue-times.com/parks/16/queue_times.json
2026-07-25T16:00:18.975Z,2026-07-25 09:00:18,2026-07-25,America/Los_Angeles,disneyland,Disneyland,Bayou Country,14168,Tiana's Bayou Adventure,TRUE,5,2026-07-25T15:55:32.000Z,2026-07-25 08:55:32,https://queue-times.com/parks/16/queue_times.json
2026-07-25T16:00:18.975Z,2026-07-25 09:00:18,2026-07-25,America/Los_Angeles,disneyland,Disneyland,Bayou Country,14326,Tiana's Bayou Adventure Single Rider,TRUE,0,2026-07-25T15:55:32.000Z,2026-07-25 08:55:32,https://queue-times.com/parks/16/queue_times.json
2026-07-25T16:00:18.975Z,2026-07-25 09:00:18,2026-07-25,America/Los_Angeles,disneyland,Disneyland,Fantasyland,307,"""it's a small world""",TRUE,5,2026-07-25T15:55:32.000Z,2026-07-25 08:55:32,https://queue-times.com/parks/16/queue_times.json
2026-07-25T16:00:18.975Z,2026-07-25 09:00:18,2026-07-25,America/Los_Angeles,disneyland,Disneyland,Fantasyland,285,Alice in Wonderland,TRUE,15,2026-07-25T15:55:32.000Z,2026-07-25 08:55:32,https://queue-times.com/parks/16/queue_times.json
2026-07-25T16:00:18.975Z,2026-07-25 09:00:18,2026-07-25,America/Los_Angeles,disneyland,Disneyland,Fantasyland,16254,Bluey’s Best Day Ever! at Fantasyland Theatre,TRUE,0,2026-07-25T15:55:32.000Z,2026-07-25 08:55:32,https://queue-times.com/parks/16/queue_times.json
2026-07-25T16:00:18.975Z,2026-07-25 09:00:18,2026-07-25,America/Los_Angeles,disneyland,Disneyland,Fantasyland,303,Casey Jr. Circus Train,TRUE,5,2026-07-25T15:55:32.000Z,2026-07-25 08:55:32,https://queue-times.com/parks/16/queue_times.json
2026-07-25T16:00:18.975Z,2026-07-25 09:00:18,2026-07-25,America/Los_Angeles,disneyland,Disneyland,Fantasyland,275,Dumbo the Flying Elephant,TRUE,20,2026-07-25T15:55:32.000Z,2026-07-25 08:55:32,https://queue-times.com/parks/16/queue_times.json
2026-07-25T16:00:18.975Z,2026-07-25 09:00:18,2026-07-25,America/Los_Angeles,disneyland,Disneyland,Fantasyland,277,King Arthur Carrousel,TRUE,5,2026-07-25T15:55:32.000Z,2026-07-25 08:55:32,https://queue-times.com/parks/16/queue_times.json
2026-07-25T16:00:18.975Z,2026-07-25 09:00:18,2026-07-25,America/Los_Angeles,disneyland,Disneyland,Fantasyland,278,Mad Tea Party,TRUE,5,2026-07-25T15:55:32.000Z,2026-07-25 08:55:32,https://queue-times.com/parks/16/queue_times.json
2026-07-25T16:00:18.975Z,2026-07-25 09:00:18,2026-07-25,America/Los_Angeles,disneyland,Disneyland,Fantasyland,279,Matterhorn Bobsleds,TRUE,20,2026-07-25T15:55:32.000Z,2026-07-25 08:55:32,https://queue-times.com/parks/16/queue_times.json
2026-07-25T16:00:18.975Z,2026-07-25 09:00:18,2026-07-25,America/Los_Angeles,disneyland,Disneyland,Fantasyland,6711,Meet Disney Princesses at Royal Hall,FALSE,0,2026-07-25T15:55:32.000Z,2026-07-25 08:55:32,https://queue-times.com/parks/16/queue_times.json
2026-07-25T16:00:18.975Z,2026-07-25 09:00:18,2026-07-25,America/Los_Angeles,disneyland,Disneyland,Fantasyland,280,Mr. Toad's Wild Ride,TRUE,10,2026-07-25T15:55:32.000Z,2026-07-25 08:55:32,https://queue-times.com/parks/16/queue_times.json
2026-07-25T16:00:18.975Z,2026-07-25 09:00:18,2026-07-25,America/Los_Angeles,disneyland,Disneyland,Fantasyland,281,Peter Pan's Flight,TRUE,30,2026-07-25T15:55:32.000Z,2026-07-25 08:55:32,https://queue-times.com/parks/16/queue_times.json
2026-07-25T16:00:18.975Z,2026-07-25 09:00:18,2026-07-25,America/Los_Angeles,disneyland,Disneyland,Fantasyland,282,Pinocchio's Daring Journey,TRUE,5,2026-07-25T15:55:32.000Z,2026-07-25 08:55:32,https://queue-times.com/parks/16/queue_times.json
2026-07-25T16:00:18.975Z,2026-07-25 09:00:18,2026-07-25,America/Los_Angeles,disneyland,Disneyland,Fantasyland,687,Sleeping Beauty Castle Walkthrough,FALSE,0,2026-07-25T15:55:32.000Z,2026-07-25 08:55:32,https://queue-times.com/parks/16/queue_times.json
2026-07-25T16:00:18.975Z,2026-07-25 09:00:18,2026-07-25,America/Los_Angeles,disneyland,Disneyland,Fantasyland,283,Snow White's Enchanted Wish,TRUE,15,2026-07-25T15:55:32.000Z,2026-07-25 08:55:32,https://queue-times.com/parks/16/queue_times.json
2026-07-25T16:00:18.975Z,2026-07-25 09:00:18,2026-07-25,America/Los_Angeles,disneyland,Disneyland,Fantasyland,305,Storybook Land Canal Boats,TRUE,15,2026-07-25T15:55:32.000Z,2026-07-25 08:55:32,https://queue-times.com/parks/16/queue_times.json
2026-07-25T16:00:18.975Z,2026-07-25 09:00:18,2026-07-25,America/Los_Angeles,disneyland,Disneyland,Frontierland,323,Big Thunder Mountain Railroad,TRUE,15,2026-07-25T15:55:32.000Z,2026-07-25 08:55:32,https://queue-times.com/parks/16/queue_times.json
2026-07-25T16:00:18.975Z,2026-07-25 09:00:18,2026-07-25,America/Los_Angeles,disneyland,Disneyland,Frontierland,679,Frontierland Shootin' Exposition,FALSE,0,2026-07-25T15:55:32.000Z,2026-07-25 08:55:32,https://queue-times.com/parks/16/queue_times.json
2026-07-25T16:00:18.975Z,2026-07-25 09:00:18,2026-07-25,America/Los_Angeles,disneyland,Disneyland,Frontierland,456,Mark Twain Riverboat,FALSE,0,2026-07-25T15:55:32.000Z,2026-07-25 08:55:32,https://queue-times.com/parks/16/queue_times.json
2026-07-25T16:00:18.975Z,2026-07-25 09:00:18,2026-07-25,America/Los_Angeles,disneyland,Disneyland,Frontierland,331,Pirate's Lair on Tom Sawyer Island,FALSE,0,2026-07-25T15:55:32.000Z,2026-07-25 08:55:32,https://queue-times.com/parks/16/queue_times.json
2026-07-25T16:00:18.975Z,2026-07-25 09:00:18,2026-07-25,America/Los_Angeles,disneyland,Disneyland,Frontierland,328,Sailing Ship Columbia,FALSE,0,2026-07-25T15:55:32.000Z,2026-07-25 08:55:32,https://queue-times.com/parks/16/queue_times.json
2026-07-25T16:00:18.975Z,2026-07-25 09:00:18,2026-07-25,America/Los_Angeles,disneyland,Disneyland,Main Street U.S.A,674,Disneyland Railroad,TRUE,5,2026-07-25T15:55:32.000Z,2026-07-25 08:55:32,https://queue-times.com/parks/16/queue_times.json
2026-07-25T16:00:18.975Z,2026-07-25 09:00:18,2026-07-25,America/Los_Angeles,disneyland,Disneyland,Main Street U.S.A,690,Great Moments with Mr. Lincoln,TRUE,0,2026-07-25T15:55:32.000Z,2026-07-25 08:55:32,https://queue-times.com/parks/16/queue_times.json
2026-07-25T16:00:18.975Z,2026-07-25 09:00:18,2026-07-25,America/Los_Angeles,disneyland,Disneyland,Main Street U.S.A,686,Main Street Cinema,TRUE,0,2026-07-25T15:55:32.000Z,2026-07-25 08:55:32,https://queue-times.com/parks/16/queue_times.json
2026-07-25T16:00:18.975Z,2026-07-25 09:00:18,2026-07-25,America/Los_Angeles,disneyland,Disneyland,Main Street U.S.A,691,Main Street Vehicles,TRUE,0,2026-07-25T15:55:32.000Z,2026-07-25 08:55:32,https://queue-times.com/parks/16/queue_times.json
2026-07-25T16:00:18.975Z,2026-07-25 09:00:18,2026-07-25,America/Los_Angeles,disneyland,Disneyland,Main Street U.S.A,14915,Opera House - Walt Disney - A Magical Life,TRUE,0,2026-07-25T15:55:32.000Z,2026-07-25 08:55:32,https://queue-times.com/parks/16/queue_times.json
2026-07-25T16:00:18.975Z,2026-07-25 09:00:18,2026-07-25,America/Los_Angeles,disneyland,Disneyland,Main Street U.S.A,695,The Disney Gallery,TRUE,0,2026-07-25T15:55:32.000Z,2026-07-25 08:55:32,https://queue-times.com/parks/16/queue_times.json
2026-07-25T16:00:18.975Z,2026-07-25 09:00:18,2026-07-25,America/Los_Angeles,disneyland,Disneyland,Main Street U.S.A,14923,Walt Disney - A Magical Life,FALSE,0,2026-07-25T15:55:32.000Z,2026-07-25 08:55:32,https://queue-times.com/parks/16/queue_times.json
2026-07-25T16:00:18.975Z,2026-07-25 09:00:18,2026-07-25,America/Los_Angeles,disneyland,Disneyland,Mickey's Toontown,324,Chip 'n' Dale's GADGETcoaster,TRUE,5,2026-07-25T15:55:32.000Z,2026-07-25 08:55:32,https://queue-times.com/parks/16/queue_times.json
2026-07-25T16:00:18.975Z,2026-07-25 09:00:18,2026-07-25,America/Los_Angeles,disneyland,Disneyland,Mickey's Toontown,13814,Donald's Duck Pond,TRUE,0,2026-07-25T15:55:32.000Z,2026-07-25 08:55:32,https://queue-times.com/parks/16/queue_times.json
2026-07-25T16:00:18.975Z,2026-07-25 09:00:18,2026-07-25,America/Los_Angeles,disneyland,Disneyland,Mickey's Toontown,11980,Goofy's How-to-Play Yard,TRUE,0,2026-07-25T15:55:32.000Z,2026-07-25 08:55:32,https://queue-times.com/parks/16/queue_times.json
2026-07-25T16:00:18.975Z,2026-07-25 09:00:18,2026-07-25,America/Los_Angeles,disneyland,Disneyland,Mickey's Toontown,11526,Mickey & Minnie's Runaway Railway,TRUE,5,2026-07-25T15:55:32.000Z,2026-07-25 08:55:32,https://queue-times.com/parks/16/queue_times.json
2026-07-25T16:00:18.975Z,2026-07-25 09:00:18,2026-07-25,America/Los_Angeles,disneyland,Disneyland,Mickey's Toontown,709,Mickey's House and Meet Mickey Mouse,TRUE,5,2026-07-25T15:55:32.000Z,2026-07-25 08:55:32,https://queue-times.com/parks/16/queue_times.json
2026-07-25T16:00:18.975Z,2026-07-25 09:00:18,2026-07-25,America/Los_Angeles,disneyland,Disneyland,Mickey's Toontown,327,Mickey's House and Meet Mickey Mouse,FALSE,0,2026-07-25T15:55:32.000Z,2026-07-25 08:55:32,https://queue-times.com/parks/16/queue_times.json
2026-07-25T16:00:18.975Z,2026-07-25 09:00:18,2026-07-25,America/Los_Angeles,disneyland,Disneyland,Mickey's Toontown,684,Minnie's House,FALSE,0,2026-07-25T15:55:32.000Z,2026-07-25 08:55:32,https://queue-times.com/parks/16/queue_times.json
2026-07-25T16:00:18.975Z,2026-07-25 09:00:18,2026-07-25,America/Los_Angeles,disneyland,Disneyland,Mickey's Toontown,332,Roger Rabbit's Car Toon Spin,TRUE,5,2026-07-25T15:55:32.000Z,2026-07-25 08:55:32,https://queue-times.com/parks/16/queue_times.json
2026-07-25T16:00:18.975Z,2026-07-25 09:00:18,2026-07-25,America/Los_Angeles,disneyland,Disneyland,New Orleans Square,13958,Haunted Mansion,TRUE,13,2026-07-25T15:55:32.000Z,2026-07-25 08:55:32,https://queue-times.com/parks/16/queue_times.json
2026-07-25T16:00:18.975Z,2026-07-25 09:00:18,2026-07-25,America/Los_Angeles,disneyland,Disneyland,New Orleans Square,289,Pirates of the Caribbean,TRUE,5,2026-07-25T15:55:32.000Z,2026-07-25 08:55:32,https://queue-times.com/parks/16/queue_times.json
2026-07-25T16:00:18.975Z,2026-07-25 09:00:18,2026-07-25,America/Los_Angeles,disneyland,Disneyland,Star Wars: Galaxy's Edge,6339,Millennium Falcon: Smugglers Run,TRUE,5,2026-07-25T15:55:32.000Z,2026-07-25 08:55:32,https://queue-times.com/parks/16/queue_times.json
2026-07-25T16:00:18.975Z,2026-07-25 09:00:18,2026-07-25,America/Los_Angeles,disneyland,Disneyland,Star Wars: Galaxy's Edge,10903,Millennium Falcon: Smugglers Run Single Rider,TRUE,0,2026-07-25T15:55:32.000Z,2026-07-25 08:55:32,https://queue-times.com/parks/16/queue_times.json
2026-07-25T16:00:18.975Z,2026-07-25 09:00:18,2026-07-25,America/Los_Angeles,disneyland,Disneyland,Star Wars: Galaxy's Edge,6340,Star Wars: Rise of the Resistance,TRUE,45,2026-07-25T15:55:32.000Z,2026-07-25 08:55:32,https://queue-times.com/parks/16/queue_times.json
2026-07-25T16:00:18.975Z,2026-07-25 09:00:18,2026-07-25,America/Los_Angeles,disneyland,Disneyland,Tomorrowland,287,Astro Orbitor,TRUE,5,2026-07-25T15:55:32.000Z,2026-07-25 08:55:32,https://queue-times.com/parks/16/queue_times.json
2026-07-25T16:00:18.975Z,2026-07-25 09:00:18,2026-07-25,America/Los_Angeles,disneyland,Disneyland,Tomorrowland,317,Autopia,TRUE,5,2026-07-25T15:55:32.000Z,2026-07-25 08:55:32,https://queue-times.com/parks/16/queue_times.json
2026-07-25T16:00:18.975Z,2026-07-25 09:00:18,2026-07-25,America/Los_Angeles,disneyland,Disneyland,Tomorrowland,273,Buzz Lightyear Astro Blasters,TRUE,5,2026-07-25T15:55:32.000Z,2026-07-25 08:55:32,https://queue-times.com/parks/16/queue_times.json
2026-07-25T16:00:18.975Z,2026-07-25 09:00:18,2026-07-25,America/Los_Angeles,disneyland,Disneyland,Tomorrowland,274,Disneyland Monorail,TRUE,5,2026-07-25T15:55:32.000Z,2026-07-25 08:55:32,https://queue-times.com/parks/16/queue_times.json
2026-07-25T16:00:18.975Z,2026-07-25 09:00:18,2026-07-25,America/Los_Angeles,disneyland,Disneyland,Tomorrowland,276,Finding Nemo Submarine Voyage,TRUE,5,2026-07-25T15:55:32.000Z,2026-07-25 08:55:32,https://queue-times.com/parks/16/queue_times.json
2026-07-25T16:00:18.975Z,2026-07-25 09:00:18,2026-07-25,America/Los_Angeles,disneyland,Disneyland,Tomorrowland,16627,Pixar Short Film Spotlight,FALSE,0,2026-07-25T15:55:32.000Z,2026-07-25 08:55:32,https://queue-times.com/parks/16/queue_times.json
2026-07-25T16:00:18.975Z,2026-07-25 09:00:18,2026-07-25,America/Los_Angeles,disneyland,Disneyland,Tomorrowland,284,Space Mountain,TRUE,10,2026-07-25T15:55:32.000Z,2026-07-25 08:55:32,https://queue-times.com/parks/16/queue_times.json
2026-07-25T16:00:18.975Z,2026-07-25 09:00:18,2026-07-25,America/Los_Angeles,disneyland,Disneyland,Tomorrowland,286,Star Tours - The Adventures Continue,TRUE,5,2026-07-25T15:55:32.000Z,2026-07-25 08:55:32,https://queue-times.com/parks/16/queue_times.json
2026-07-25T16:00:18.975Z,2026-07-25 09:00:18,2026-07-25,America/Los_Angeles,dca,Disney California Adventure,Avengers Campus,329,Guardians of the Galaxy - Mission: BREAKOUT!,TRUE,40,2026-07-25T15:55:39.000Z,2026-07-25 08:55:39,https://queue-times.com/parks/17/queue_times.json
2026-07-25T16:00:18.975Z,2026-07-25 09:00:18,2026-07-25,America/Los_Angeles,dca,Disney California Adventure,Avengers Campus,8843,WEB SLINGERS: A Spider-Man Adventure,TRUE,25,2026-07-25T15:55:39.000Z,2026-07-25 08:55:39,https://queue-times.com/parks/17/queue_times.json
2026-07-25T16:00:18.975Z,2026-07-25 09:00:18,2026-07-25,America/Los_Angeles,dca,Disney California Adventure,Avengers Campus,10907,WEB SLINGERS: A Spider-Man Adventure Single Rider,TRUE,0,2026-07-25T15:55:39.000Z,2026-07-25 08:55:39,https://queue-times.com/parks/17/queue_times.json
2026-07-25T16:00:18.975Z,2026-07-25 09:00:18,2026-07-25,America/Los_Angeles,dca,Disney California Adventure,Cars Land,13961,Luigi's Rollickin' Roadsters,TRUE,15,2026-07-25T15:55:39.000Z,2026-07-25 08:55:39,https://queue-times.com/parks/17/queue_times.json
2026-07-25T16:00:18.975Z,2026-07-25 09:00:18,2026-07-25,America/Los_Angeles,dca,Disney California Adventure,Cars Land,315,Mater's Junkyard Jamboree,TRUE,15,2026-07-25T15:55:39.000Z,2026-07-25 08:55:39,https://queue-times.com/parks/17/queue_times.json
2026-07-25T16:00:18.975Z,2026-07-25 09:00:18,2026-07-25,America/Los_Angeles,dca,Disney California Adventure,Cars Land,295,Radiator Springs Racers,TRUE,65,2026-07-25T15:55:39.000Z,2026-07-25 08:55:39,https://queue-times.com/parks/17/queue_times.json
2026-07-25T16:00:18.975Z,2026-07-25 09:00:18,2026-07-25,America/Los_Angeles,dca,Disney California Adventure,Cars Land,10904,Radiator Springs Racers Single Rider,TRUE,0,2026-07-25T15:55:39.000Z,2026-07-25 08:55:39,https://queue-times.com/parks/17/queue_times.json
2026-07-25T16:00:18.975Z,2026-07-25 09:00:18,2026-07-25,America/Los_Angeles,dca,Disney California Adventure,Grizzly Peak,302,Grizzly River Run,TRUE,5,2026-07-25T15:55:39.000Z,2026-07-25 08:55:39,https://queue-times.com/parks/17/queue_times.json
2026-07-25T16:00:18.975Z,2026-07-25 09:00:18,2026-07-25,America/Los_Angeles,dca,Disney California Adventure,Grizzly Peak,293,Redwood Creek Challenge Trail,FALSE,0,2026-07-25T15:55:39.000Z,2026-07-25 08:55:39,https://queue-times.com/parks/17/queue_times.json
2026-07-25T16:00:18.975Z,2026-07-25 09:00:18,2026-07-25,America/Los_Angeles,dca,Disney California Adventure,Grizzly Peak,17129,Soarin’ Across America,TRUE,15,2026-07-25T15:55:39.000Z,2026-07-25 08:55:39,https://queue-times.com/parks/17/queue_times.json
2026-07-25T16:00:18.975Z,2026-07-25 09:00:18,2026-07-25,America/Los_Angeles,dca,Disney California Adventure,Hollywood Land,321,Animation Academy,TRUE,0,2026-07-25T15:55:39.000Z,2026-07-25 08:55:39,https://queue-times.com/parks/17/queue_times.json
2026-07-25T16:00:18.975Z,2026-07-25 09:00:18,2026-07-25,America/Los_Angeles,dca,Disney California Adventure,Hollywood Land,6440,Mickey's PhilharMagic,TRUE,10,2026-07-25T15:55:39.000Z,2026-07-25 08:55:39,https://queue-times.com/parks/17/queue_times.json
2026-07-25T16:00:18.975Z,2026-07-25 09:00:18,2026-07-25,America/Los_Angeles,dca,Disney California Adventure,Hollywood Land,291,"Monsters, Inc. Mike & Sulley to the Rescue!",TRUE,5,2026-07-25T15:55:39.000Z,2026-07-25 08:55:39,https://queue-times.com/parks/17/queue_times.json
2026-07-25T16:00:18.975Z,2026-07-25 09:00:18,2026-07-25,America/Los_Angeles,dca,Disney California Adventure,Hollywood Land,868,Sorcerer's Workshop,TRUE,0,2026-07-25T15:55:39.000Z,2026-07-25 08:55:39,https://queue-times.com/parks/17/queue_times.json
2026-07-25T16:00:18.975Z,2026-07-25 09:00:18,2026-07-25,America/Los_Angeles,dca,Disney California Adventure,Hollywood Land,294,Turtle Talk with Crush,TRUE,0,2026-07-25T15:55:39.000Z,2026-07-25 08:55:39,https://queue-times.com/parks/17/queue_times.json
2026-07-25T16:00:18.975Z,2026-07-25 09:00:18,2026-07-25,America/Los_Angeles,dca,Disney California Adventure,Pacific Wharf,869,The Bakery Tour,TRUE,0,2026-07-25T15:55:39.000Z,2026-07-25 08:55:39,https://queue-times.com/parks/17/queue_times.json
2026-07-25T16:00:18.975Z,2026-07-25 09:00:18,2026-07-25,America/Los_Angeles,dca,Disney California Adventure,Paradise Gardens Park,298,Golden Zephyr,TRUE,5,2026-07-25T15:55:39.000Z,2026-07-25 08:55:39,https://queue-times.com/parks/17/queue_times.json
2026-07-25T16:00:18.975Z,2026-07-25 09:00:18,2026-07-25,America/Los_Angeles,dca,Disney California Adventure,Paradise Gardens Park,319,Goofy's Sky School,FALSE,0,2026-07-25T15:55:39.000Z,2026-07-25 08:55:39,https://queue-times.com/parks/17/queue_times.json
2026-07-25T16:00:18.975Z,2026-07-25 09:00:18,2026-07-25,America/Los_Angeles,dca,Disney California Adventure,Paradise Gardens Park,301,Silly Symphony Swings,FALSE,0,2026-07-25T15:55:39.000Z,2026-07-25 08:55:39,https://queue-times.com/parks/17/queue_times.json
2026-07-25T16:00:18.975Z,2026-07-25 09:00:18,2026-07-25,America/Los_Angeles,dca,Disney California Adventure,Paradise Gardens Park,316,The Little Mermaid - Ariel's Undersea Adventure,FALSE,0,2026-07-25T15:55:39.000Z,2026-07-25 08:55:39,https://queue-times.com/parks/17/queue_times.json
2026-07-25T16:00:18.975Z,2026-07-25 09:00:18,2026-07-25,America/Los_Angeles,dca,Disney California Adventure,Paradise Gardens Park,14742,World of Color Happiness!,TRUE,0,2026-07-25T15:55:39.000Z,2026-07-25 08:55:39,https://queue-times.com/parks/17/queue_times.json
2026-07-25T16:00:18.975Z,2026-07-25 09:00:18,2026-07-25,America/Los_Angeles,dca,Disney California Adventure,Pixar Pier,866,Games of Pixar Pier,TRUE,0,2026-07-25T15:55:39.000Z,2026-07-25 08:55:39,https://queue-times.com/parks/17/queue_times.json
2026-07-25T16:00:18.975Z,2026-07-25 09:00:18,2026-07-25,America/Los_Angeles,dca,Disney California Adventure,Pixar Pier,322,Incredicoaster,TRUE,25,2026-07-25T15:55:39.000Z,2026-07-25 08:55:39,https://queue-times.com/parks/17/queue_times.json
2026-07-25T16:00:18.975Z,2026-07-25 09:00:18,2026-07-25,America/Los_Angeles,dca,Disney California Adventure,Pixar Pier,10906,Incredicoaster Single Rider,TRUE,0,2026-07-25T15:55:39.000Z,2026-07-25 08:55:39,https://queue-times.com/parks/17/queue_times.json
2026-07-25T16:00:18.975Z,2026-07-25 09:00:18,2026-07-25,America/Los_Angeles,dca,Disney California Adventure,Pixar Pier,6643,Inside Out Emotional Whirlwind,TRUE,5,2026-07-25T15:55:39.000Z,2026-07-25 08:55:39,https://queue-times.com/parks/17/queue_times.json
2026-07-25T16:00:18.975Z,2026-07-25 09:00:18,2026-07-25,America/Los_Angeles,dca,Disney California Adventure,Pixar Pier,310,Jessie's Critter Carousel,TRUE,5,2026-07-25T15:55:39.000Z,2026-07-25 08:55:39,https://queue-times.com/parks/17/queue_times.json
2026-07-25T16:00:18.975Z,2026-07-25 09:00:18,2026-07-25,America/Los_Angeles,dca,Disney California Adventure,Pixar Pier,300,Jumpin' Jellyfish,TRUE,5,2026-07-25T15:55:39.000Z,2026-07-25 08:55:39,https://queue-times.com/parks/17/queue_times.json
2026-07-25T16:00:18.975Z,2026-07-25 09:00:18,2026-07-25,America/Los_Angeles,dca,Disney California Adventure,Pixar Pier,311,Pixar Pal-A-Round - Swinging,TRUE,5,2026-07-25T15:55:39.000Z,2026-07-25 08:55:39,https://queue-times.com/parks/17/queue_times.json
2026-07-25T16:00:18.975Z,2026-07-25 09:00:18,2026-07-25,America/Los_Angeles,dca,Disney California Adventure,Pixar Pier,5557,Pixar Pal-A-Round – Non-Swinging,TRUE,5,2026-07-25T15:55:39.000Z,2026-07-25 08:55:39,https://queue-times.com/parks/17/queue_times.json
2026-07-25T16:00:18.975Z,2026-07-25 09:00:18,2026-07-25,America/Los_Angeles,dca,Disney California Adventure,Pixar Pier,313,Toy Story Midway Mania!,TRUE,25,2026-07-25T15:55:39.000Z,2026-07-25 08:55:39,https://queue-times.com/parks/17/queue_times.json
2026-07-25T16:15:07.405Z,2026-07-25 09:15:07,2026-07-25,America/Los_Angeles,disneyland,Disneyland,Adventureland,12428,Adventureland Treehouse inspired by Walt Disney’s Swiss Family Robinson,TRUE,0,2026-07-25T16:10:41.000Z,2026-07-25 09:10:41,https://queue-times.com/parks/16/queue_times.json
2026-07-25T16:15:07.405Z,2026-07-25 09:15:07,2026-07-25,America/Los_Angeles,disneyland,Disneyland,Adventureland,326,Indiana Jones™ Adventure,TRUE,15,2026-07-25T16:10:41.000Z,2026-07-25 09:10:41,https://queue-times.com/parks/16/queue_times.json
2026-07-25T16:15:07.405Z,2026-07-25 09:15:07,2026-07-25,America/Los_Angeles,disneyland,Disneyland,Adventureland,296,Jungle Cruise,TRUE,5,2026-07-25T16:10:41.000Z,2026-07-25 09:10:41,https://queue-times.com/parks/16/queue_times.json
2026-07-25T16:15:07.405Z,2026-07-25 09:15:07,2026-07-25,America/Los_Angeles,disneyland,Disneyland,Adventureland,288,Walt Disney's Enchanted Tiki Room,TRUE,0,2026-07-25T16:10:41.000Z,2026-07-25 09:10:41,https://queue-times.com/parks/16/queue_times.json
2026-07-25T16:15:07.405Z,2026-07-25 09:15:07,2026-07-25,America/Los_Angeles,disneyland,Disneyland,Bayou Country,304,Davy Crockett's Explorer Canoes,FALSE,0,2026-07-25T16:10:41.000Z,2026-07-25 09:10:41,https://queue-times.com/parks/16/queue_times.json
2026-07-25T16:15:07.405Z,2026-07-25 09:15:07,2026-07-25,America/Los_Angeles,disneyland,Disneyland,Bayou Country,306,The Many Adventures of Winnie the Pooh,FALSE,0,2026-07-25T16:10:41.000Z,2026-07-25 09:10:41,https://queue-times.com/parks/16/queue_times.json
2026-07-25T16:15:07.405Z,2026-07-25 09:15:07,2026-07-25,America/Los_Angeles,disneyland,Disneyland,Bayou Country,14168,Tiana's Bayou Adventure,TRUE,5,2026-07-25T16:10:41.000Z,2026-07-25 09:10:41,https://queue-times.com/parks/16/queue_times.json
2026-07-25T16:15:07.405Z,2026-07-25 09:15:07,2026-07-25,America/Los_Angeles,disneyland,Disneyland,Bayou Country,14326,Tiana's Bayou Adventure Single Rider,TRUE,0,2026-07-25T16:10:41.000Z,2026-07-25 09:10:41,https://queue-times.com/parks/16/queue_times.json
2026-07-25T16:15:07.405Z,2026-07-25 09:15:07,2026-07-25,America/Los_Angeles,disneyland,Disneyland,Fantasyland,307,"""it's a small world""",TRUE,5,2026-07-25T16:10:41.000Z,2026-07-25 09:10:41,https://queue-times.com/parks/16/queue_times.json
2026-07-25T16:15:07.405Z,2026-07-25 09:15:07,2026-07-25,America/Los_Angeles,disneyland,Disneyland,Fantasyland,285,Alice in Wonderland,TRUE,15,2026-07-25T16:10:41.000Z,2026-07-25 09:10:41,https://queue-times.com/parks/16/queue_times.json
2026-07-25T16:15:07.405Z,2026-07-25 09:15:07,2026-07-25,America/Los_Angeles,disneyland,Disneyland,Fantasyland,16254,Bluey’s Best Day Ever! at Fantasyland Theatre,TRUE,0,2026-07-25T16:10:41.000Z,2026-07-25 09:10:41,https://queue-times.com/parks/16/queue_times.json
2026-07-25T16:15:07.405Z,2026-07-25 09:15:07,2026-07-25,America/Los_Angeles,disneyland,Disneyland,Fantasyland,303,Casey Jr. Circus Train,TRUE,5,2026-07-25T16:10:41.000Z,2026-07-25 09:10:41,https://queue-times.com/parks/16/queue_times.json
2026-07-25T16:15:07.405Z,2026-07-25 09:15:07,2026-07-25,America/Los_Angeles,disneyland,Disneyland,Fantasyland,275,Dumbo the Flying Elephant,TRUE,15,2026-07-25T16:10:41.000Z,2026-07-25 09:10:41,https://queue-times.com/parks/16/queue_times.json
2026-07-25T16:15:07.405Z,2026-07-25 09:15:07,2026-07-25,America/Los_Angeles,disneyland,Disneyland,Fantasyland,277,King Arthur Carrousel,TRUE,5,2026-07-25T16:10:41.000Z,2026-07-25 09:10:41,https://queue-times.com/parks/16/queue_times.json
2026-07-25T16:15:07.405Z,2026-07-25 09:15:07,2026-07-25,America/Los_Angeles,disneyland,Disneyland,Fantasyland,278,Mad Tea Party,TRUE,5,2026-07-25T16:10:41.000Z,2026-07-25 09:10:41,https://queue-times.com/parks/16/queue_times.json
2026-07-25T16:15:07.405Z,2026-07-25 09:15:07,2026-07-25,America/Los_Angeles,disneyland,Disneyland,Fantasyland,279,Matterhorn Bobsleds,TRUE,20,2026-07-25T16:10:41.000Z,2026-07-25 09:10:41,https://queue-times.com/parks/16/queue_times.json
2026-07-25T16:15:07.405Z,2026-07-25 09:15:07,2026-07-25,America/Los_Angeles,disneyland,Disneyland,Fantasyland,6711,Meet Disney Princesses at Royal Hall,FALSE,0,2026-07-25T16:10:41.000Z,2026-07-25 09:10:41,https://queue-times.com/parks/16/queue_times.json
2026-07-25T16:15:07.405Z,2026-07-25 09:15:07,2026-07-25,America/Los_Angeles,disneyland,Disneyland,Fantasyland,280,Mr. Toad's Wild Ride,TRUE,5,2026-07-25T16:10:41.000Z,2026-07-25 09:10:41,https://queue-times.com/parks/16/queue_times.json
2026-07-25T16:15:07.405Z,2026-07-25 09:15:07,2026-07-25,America/Los_Angeles,disneyland,Disneyland,Fantasyland,281,Peter Pan's Flight,TRUE,30,2026-07-25T16:10:41.000Z,2026-07-25 09:10:41,https://queue-times.com/parks/16/queue_times.json
2026-07-25T16:15:07.405Z,2026-07-25 09:15:07,2026-07-25,America/Los_Angeles,disneyland,Disneyland,Fantasyland,282,Pinocchio's Daring Journey,TRUE,5,2026-07-25T16:10:41.000Z,2026-07-25 09:10:41,https://queue-times.com/parks/16/queue_times.json
2026-07-25T16:15:07.405Z,2026-07-25 09:15:07,2026-07-25,America/Los_Angeles,disneyland,Disneyland,Fantasyland,687,Sleeping Beauty Castle Walkthrough,FALSE,0,2026-07-25T16:10:41.000Z,2026-07-25 09:10:41,https://queue-times.com/parks/16/queue_times.json
2026-07-25T16:15:07.405Z,2026-07-25 09:15:07,2026-07-25,America/Los_Angeles,disneyland,Disneyland,Fantasyland,283,Snow White's Enchanted Wish,TRUE,5,2026-07-25T16:10:41.000Z,2026-07-25 09:10:41,https://queue-times.com/parks/16/queue_times.json
2026-07-25T16:15:07.405Z,2026-07-25 09:15:07,2026-07-25,America/Los_Angeles,disneyland,Disneyland,Fantasyland,305,Storybook Land Canal Boats,TRUE,15,2026-07-25T16:10:41.000Z,2026-07-25 09:10:41,https://queue-times.com/parks/16/queue_times.json
2026-07-25T16:15:07.405Z,2026-07-25 09:15:07,2026-07-25,America/Los_Angeles,disneyland,Disneyland,Frontierland,323,Big Thunder Mountain Railroad,TRUE,10,2026-07-25T16:10:41.000Z,2026-07-25 09:10:41,https://queue-times.com/parks/16/queue_times.json
2026-07-25T16:15:07.405Z,2026-07-25 09:15:07,2026-07-25,America/Los_Angeles,disneyland,Disneyland,Frontierland,679,Frontierland Shootin' Exposition,FALSE,0,2026-07-25T16:10:41.000Z,2026-07-25 09:10:41,https://queue-times.com/parks/16/queue_times.json
2026-07-25T16:15:07.405Z,2026-07-25 09:15:07,2026-07-25,America/Los_Angeles,disneyland,Disneyland,Frontierland,456,Mark Twain Riverboat,TRUE,10,2026-07-25T16:10:41.000Z,2026-07-25 09:10:41,https://queue-times.com/parks/16/queue_times.json
2026-07-25T16:15:07.405Z,2026-07-25 09:15:07,2026-07-25,America/Los_Angeles,disneyland,Disneyland,Frontierland,331,Pirate's Lair on Tom Sawyer Island,TRUE,5,2026-07-25T16:10:41.000Z,2026-07-25 09:10:41,https://queue-times.com/parks/16/queue_times.json
2026-07-25T16:15:07.405Z,2026-07-25 09:15:07,2026-07-25,America/Los_Angeles,disneyland,Disneyland,Frontierland,328,Sailing Ship Columbia,FALSE,0,2026-07-25T16:10:41.000Z,2026-07-25 09:10:41,https://queue-times.com/parks/16/queue_times.json
2026-07-25T16:15:07.405Z,2026-07-25 09:15:07,2026-07-25,America/Los_Angeles,disneyland,Disneyland,Main Street U.S.A,674,Disneyland Railroad,TRUE,5,2026-07-25T16:10:41.000Z,2026-07-25 09:10:41,https://queue-times.com/parks/16/queue_times.json
2026-07-25T16:15:07.405Z,2026-07-25 09:15:07,2026-07-25,America/Los_Angeles,disneyland,Disneyland,Main Street U.S.A,690,Great Moments with Mr. Lincoln,TRUE,0,2026-07-25T16:10:41.000Z,2026-07-25 09:10:41,https://queue-times.com/parks/16/queue_times.json
2026-07-25T16:15:07.405Z,2026-07-25 09:15:07,2026-07-25,America/Los_Angeles,disneyland,Disneyland,Main Street U.S.A,686,Main Street Cinema,TRUE,0,2026-07-25T16:10:41.000Z,2026-07-25 09:10:41,https://queue-times.com/parks/16/queue_times.json
2026-07-25T16:15:07.405Z,2026-07-25 09:15:07,2026-07-25,America/Los_Angeles,disneyland,Disneyland,Main Street U.S.A,691,Main Street Vehicles,TRUE,0,2026-07-25T16:10:41.000Z,2026-07-25 09:10:41,https://queue-times.com/parks/16/queue_times.json
2026-07-25T16:15:07.405Z,2026-07-25 09:15:07,2026-07-25,America/Los_Angeles,disneyland,Disneyland,Main Street U.S.A,14915,Opera House - Walt Disney - A Magical Life,TRUE,0,2026-07-25T16:10:41.000Z,2026-07-25 09:10:41,https://queue-times.com/parks/16/queue_times.json
2026-07-25T16:15:07.405Z,2026-07-25 09:15:07,2026-07-25,America/Los_Angeles,disneyland,Disneyland,Main Street U.S.A,695,The Disney Gallery,TRUE,0,2026-07-25T16:10:41.000Z,2026-07-25 09:10:41,https://queue-times.com/parks/16/queue_times.json
2026-07-25T16:15:07.405Z,2026-07-25 09:15:07,2026-07-25,America/Los_Angeles,disneyland,Disneyland,Main Street U.S.A,14923,Walt Disney - A Magical Life,FALSE,0,2026-07-25T16:10:41.000Z,2026-07-25 09:10:41,https://queue-times.com/parks/16/queue_times.json
2026-07-25T16:15:07.405Z,2026-07-25 09:15:07,2026-07-25,America/Los_Angeles,disneyland,Disneyland,Mickey's Toontown,324,Chip 'n' Dale's GADGETcoaster,TRUE,5,2026-07-25T16:10:41.000Z,2026-07-25 09:10:41,https://queue-times.com/parks/16/queue_times.json
2026-07-25T16:15:07.405Z,2026-07-25 09:15:07,2026-07-25,America/Los_Angeles,disneyland,Disneyland,Mickey's Toontown,13814,Donald's Duck Pond,TRUE,0,2026-07-25T16:10:41.000Z,2026-07-25 09:10:41,https://queue-times.com/parks/16/queue_times.json
2026-07-25T16:15:07.405Z,2026-07-25 09:15:07,2026-07-25,America/Los_Angeles,disneyland,Disneyland,Mickey's Toontown,11980,Goofy's How-to-Play Yard,TRUE,0,2026-07-25T16:10:41.000Z,2026-07-25 09:10:41,https://queue-times.com/parks/16/queue_times.json
2026-07-25T16:15:07.405Z,2026-07-25 09:15:07,2026-07-25,America/Los_Angeles,disneyland,Disneyland,Mickey's Toontown,11526,Mickey & Minnie's Runaway Railway,TRUE,5,2026-07-25T16:10:41.000Z,2026-07-25 09:10:41,https://queue-times.com/parks/16/queue_times.json
2026-07-25T16:15:07.405Z,2026-07-25 09:15:07,2026-07-25,America/Los_Angeles,disneyland,Disneyland,Mickey's Toontown,709,Mickey's House and Meet Mickey Mouse,TRUE,5,2026-07-25T16:10:41.000Z,2026-07-25 09:10:41,https://queue-times.com/parks/16/queue_times.json
2026-07-25T16:15:07.405Z,2026-07-25 09:15:07,2026-07-25,America/Los_Angeles,disneyland,Disneyland,Mickey's Toontown,327,Mickey's House and Meet Mickey Mouse,FALSE,0,2026-07-25T16:10:41.000Z,2026-07-25 09:10:41,https://queue-times.com/parks/16/queue_times.json
2026-07-25T16:15:07.405Z,2026-07-25 09:15:07,2026-07-25,America/Los_Angeles,disneyland,Disneyland,Mickey's Toontown,684,Minnie's House,TRUE,0,2026-07-25T16:10:41.000Z,2026-07-25 09:10:41,https://queue-times.com/parks/16/queue_times.json
2026-07-25T16:15:07.405Z,2026-07-25 09:15:07,2026-07-25,America/Los_Angeles,disneyland,Disneyland,Mickey's Toontown,332,Roger Rabbit's Car Toon Spin,TRUE,5,2026-07-25T16:10:41.000Z,2026-07-25 09:10:41,https://queue-times.com/parks/16/queue_times.json
2026-07-25T16:15:07.405Z,2026-07-25 09:15:07,2026-07-25,America/Los_Angeles,disneyland,Disneyland,New Orleans Square,13958,Haunted Mansion,TRUE,13,2026-07-25T16:10:41.000Z,2026-07-25 09:10:41,https://queue-times.com/parks/16/queue_times.json
2026-07-25T16:15:07.405Z,2026-07-25 09:15:07,2026-07-25,America/Los_Angeles,disneyland,Disneyland,New Orleans Square,289,Pirates of the Caribbean,TRUE,5,2026-07-25T16:10:41.000Z,2026-07-25 09:10:41,https://queue-times.com/parks/16/queue_times.json
2026-07-25T16:15:07.405Z,2026-07-25 09:15:07,2026-07-25,America/Los_Angeles,disneyland,Disneyland,Star Wars: Galaxy's Edge,6339,Millennium Falcon: Smugglers Run,TRUE,5,2026-07-25T16:10:41.000Z,2026-07-25 09:10:41,https://queue-times.com/parks/16/queue_times.json
2026-07-25T16:15:07.405Z,2026-07-25 09:15:07,2026-07-25,America/Los_Angeles,disneyland,Disneyland,Star Wars: Galaxy's Edge,10903,Millennium Falcon: Smugglers Run Single Rider,TRUE,0,2026-07-25T16:10:41.000Z,2026-07-25 09:10:41,https://queue-times.com/parks/16/queue_times.json
2026-07-25T16:15:07.405Z,2026-07-25 09:15:07,2026-07-25,America/Los_Angeles,disneyland,Disneyland,Star Wars: Galaxy's Edge,6340,Star Wars: Rise of the Resistance,TRUE,65,2026-07-25T16:10:41.000Z,2026-07-25 09:10:41,https://queue-times.com/parks/16/queue_times.json
2026-07-25T16:15:07.405Z,2026-07-25 09:15:07,2026-07-25,America/Los_Angeles,disneyland,Disneyland,Tomorrowland,287,Astro Orbitor,TRUE,5,2026-07-25T16:10:41.000Z,2026-07-25 09:10:41,https://queue-times.com/parks/16/queue_times.json
2026-07-25T16:15:07.405Z,2026-07-25 09:15:07,2026-07-25,America/Los_Angeles,disneyland,Disneyland,Tomorrowland,317,Autopia,TRUE,5,2026-07-25T16:10:41.000Z,2026-07-25 09:10:41,https://queue-times.com/parks/16/queue_times.json
2026-07-25T16:15:07.405Z,2026-07-25 09:15:07,2026-07-25,America/Los_Angeles,disneyland,Disneyland,Tomorrowland,273,Buzz Lightyear Astro Blasters,TRUE,5,2026-07-25T16:10:41.000Z,2026-07-25 09:10:41,https://queue-times.com/parks/16/queue_times.json
2026-07-25T16:15:07.405Z,2026-07-25 09:15:07,2026-07-25,America/Los_Angeles,disneyland,Disneyland,Tomorrowland,274,Disneyland Monorail,TRUE,5,2026-07-25T16:10:41.000Z,2026-07-25 09:10:41,https://queue-times.com/parks/16/queue_times.json
2026-07-25T16:15:07.405Z,2026-07-25 09:15:07,2026-07-25,America/Los_Angeles,disneyland,Disneyland,Tomorrowland,276,Finding Nemo Submarine Voyage,TRUE,5,2026-07-25T16:10:41.000Z,2026-07-25 09:10:41,https://queue-times.com/parks/16/queue_times.json
2026-07-25T16:15:07.405Z,2026-07-25 09:15:07,2026-07-25,America/Los_Angeles,disneyland,Disneyland,Tomorrowland,16627,Pixar Short Film Spotlight,FALSE,0,2026-07-25T16:10:41.000Z,2026-07-25 09:10:41,https://queue-times.com/parks/16/queue_times.json
2026-07-25T16:15:07.405Z,2026-07-25 09:15:07,2026-07-25,America/Los_Angeles,disneyland,Disneyland,Tomorrowland,284,Space Mountain,TRUE,20,2026-07-25T16:10:41.000Z,2026-07-25 09:10:41,https://queue-times.com/parks/16/queue_times.json
2026-07-25T16:15:07.405Z,2026-07-25 09:15:07,2026-07-25,America/Los_Angeles,disneyland,Disneyland,Tomorrowland,286,Star Tours - The Adventures Continue,TRUE,5,2026-07-25T16:10:41.000Z,2026-07-25 09:10:41,https://queue-times.com/parks/16/queue_times.json
2026-07-25T16:15:07.405Z,2026-07-25 09:15:07,2026-07-25,America/Los_Angeles,dca,Disney California Adventure,Avengers Campus,329,Guardians of the Galaxy - Mission: BREAKOUT!,TRUE,30,2026-07-25T16:10:41.000Z,2026-07-25 09:10:41,https://queue-times.com/parks/17/queue_times.json
2026-07-25T16:15:07.405Z,2026-07-25 09:15:07,2026-07-25,America/Los_Angeles,dca,Disney California Adventure,Avengers Campus,8843,WEB SLINGERS: A Spider-Man Adventure,TRUE,30,2026-07-25T16:10:41.000Z,2026-07-25 09:10:41,https://queue-times.com/parks/17/queue_times.json
2026-07-25T16:15:07.405Z,2026-07-25 09:15:07,2026-07-25,America/Los_Angeles,dca,Disney California Adventure,Avengers Campus,10907,WEB SLINGERS: A Spider-Man Adventure Single Rider,TRUE,0,2026-07-25T16:10:41.000Z,2026-07-25 09:10:41,https://queue-times.com/parks/17/queue_times.json
2026-07-25T16:15:07.405Z,2026-07-25 09:15:07,2026-07-25,America/Los_Angeles,dca,Disney California Adventure,Cars Land,13961,Luigi's Rollickin' Roadsters,TRUE,15,2026-07-25T16:10:41.000Z,2026-07-25 09:10:41,https://queue-times.com/parks/17/queue_times.json
2026-07-25T16:15:07.405Z,2026-07-25 09:15:07,2026-07-25,America/Los_Angeles,dca,Disney California Adventure,Cars Land,315,Mater's Junkyard Jamboree,TRUE,25,2026-07-25T16:10:41.000Z,2026-07-25 09:10:41,https://queue-times.com/parks/17/queue_times.json
2026-07-25T16:15:07.405Z,2026-07-25 09:15:07,2026-07-25,America/Los_Angeles,dca,Disney California Adventure,Cars Land,295,Radiator Springs Racers,TRUE,35,2026-07-25T16:10:41.000Z,2026-07-25 09:10:41,https://queue-times.com/parks/17/queue_times.json
2026-07-25T16:15:07.405Z,2026-07-25 09:15:07,2026-07-25,America/Los_Angeles,dca,Disney California Adventure,Cars Land,10904,Radiator Springs Racers Single Rider,TRUE,0,2026-07-25T16:10:41.000Z,2026-07-25 09:10:41,https://queue-times.com/parks/17/queue_times.json
2026-07-25T16:15:07.405Z,2026-07-25 09:15:07,2026-07-25,America/Los_Angeles,dca,Disney California Adventure,Grizzly Peak,302,Grizzly River Run,TRUE,5,2026-07-25T16:10:41.000Z,2026-07-25 09:10:41,https://queue-times.com/parks/17/queue_times.json
2026-07-25T16:15:07.405Z,2026-07-25 09:15:07,2026-07-25,America/Los_Angeles,dca,Disney California Adventure,Grizzly Peak,293,Redwood Creek Challenge Trail,FALSE,0,2026-07-25T16:10:41.000Z,2026-07-25 09:10:41,https://queue-times.com/parks/17/queue_times.json
2026-07-25T16:15:07.405Z,2026-07-25 09:15:07,2026-07-25,America/Los_Angeles,dca,Disney California Adventure,Grizzly Peak,17129,Soarin’ Across America,TRUE,10,2026-07-25T16:10:41.000Z,2026-07-25 09:10:41,https://queue-times.com/parks/17/queue_times.json
2026-07-25T16:15:07.405Z,2026-07-25 09:15:07,2026-07-25,America/Los_Angeles,dca,Disney California Adventure,Hollywood Land,321,Animation Academy,TRUE,0,2026-07-25T16:10:41.000Z,2026-07-25 09:10:41,https://queue-times.com/parks/17/queue_times.json
2026-07-25T16:15:07.405Z,2026-07-25 09:15:07,2026-07-25,America/Los_Angeles,dca,Disney California Adventure,Hollywood Land,6440,Mickey's PhilharMagic,TRUE,10,2026-07-25T16:10:41.000Z,2026-07-25 09:10:41,https://queue-times.com/parks/17/queue_times.json
2026-07-25T16:15:07.405Z,2026-07-25 09:15:07,2026-07-25,America/Los_Angeles,dca,Disney California Adventure,Hollywood Land,291,"Monsters, Inc. Mike & Sulley to the Rescue!",TRUE,5,2026-07-25T16:10:41.000Z,2026-07-25 09:10:41,https://queue-times.com/parks/17/queue_times.json
2026-07-25T16:15:07.405Z,2026-07-25 09:15:07,2026-07-25,America/Los_Angeles,dca,Disney California Adventure,Hollywood Land,868,Sorcerer's Workshop,TRUE,0,2026-07-25T16:10:41.000Z,2026-07-25 09:10:41,https://queue-times.com/parks/17/queue_times.json
2026-07-25T16:15:07.405Z,2026-07-25 09:15:07,2026-07-25,America/Los_Angeles,dca,Disney California Adventure,Hollywood Land,294,Turtle Talk with Crush,TRUE,0,2026-07-25T16:10:41.000Z,2026-07-25 09:10:41,https://queue-times.com/parks/17/queue_times.json
2026-07-25T16:15:07.405Z,2026-07-25 09:15:07,2026-07-25,America/Los_Angeles,dca,Disney California Adventure,Pacific Wharf,869,The Bakery Tour,TRUE,0,2026-07-25T16:10:41.000Z,2026-07-25 09:10:41,https://queue-times.com/parks/17/queue_times.json
2026-07-25T16:15:07.405Z,2026-07-25 09:15:07,2026-07-25,America/Los_Angeles,dca,Disney California Adventure,Paradise Gardens Park,298,Golden Zephyr,TRUE,5,2026-07-25T16:10:41.000Z,2026-07-25 09:10:41,https://queue-times.com/parks/17/queue_times.json
2026-07-25T16:15:07.405Z,2026-07-25 09:15:07,2026-07-25,America/Los_Angeles,dca,Disney California Adventure,Paradise Gardens Park,319,Goofy's Sky School,TRUE,5,2026-07-25T16:10:41.000Z,2026-07-25 09:10:41,https://queue-times.com/parks/17/queue_times.json
2026-07-25T16:15:07.405Z,2026-07-25 09:15:07,2026-07-25,America/Los_Angeles,dca,Disney California Adventure,Paradise Gardens Park,301,Silly Symphony Swings,FALSE,0,2026-07-25T16:10:41.000Z,2026-07-25 09:10:41,https://queue-times.com/parks/17/queue_times.json
2026-07-25T16:15:07.405Z,2026-07-25 09:15:07,2026-07-25,America/Los_Angeles,dca,Disney California Adventure,Paradise Gardens Park,316,The Little Mermaid - Ariel's Undersea Adventure,FALSE,0,2026-07-25T16:10:41.000Z,2026-07-25 09:10:41,https://queue-times.com/parks/17/queue_times.json
2026-07-25T16:15:07.405Z,2026-07-25 09:15:07,2026-07-25,America/Los_Angeles,dca,Disney California Adventure,Paradise Gardens Park,14742,World of Color Happiness!,TRUE,0,2026-07-25T16:10:41.000Z,2026-07-25 09:10:41,https://queue-times.com/parks/17/queue_times.json
2026-07-25T16:15:07.405Z,2026-07-25 09:15:07,2026-07-25,America/Los_Angeles,dca,Disney California Adventure,Pixar Pier,866,Games of Pixar Pier,TRUE,0,2026-07-25T16:10:41.000Z,2026-07-25 09:10:41,https://queue-times.com/parks/17/queue_times.json
2026-07-25T16:15:07.405Z,2026-07-25 09:15:07,2026-07-25,America/Los_Angeles,dca,Disney California Adventure,Pixar Pier,322,Incredicoaster,TRUE,30,2026-07-25T16:10:41.000Z,2026-07-25 09:10:41,https://queue-times.com/parks/17/queue_times.json
2026-07-25T16:15:07.405Z,2026-07-25 09:15:07,2026-07-25,America/Los_Angeles,dca,Disney California Adventure,Pixar Pier,10906,Incredicoaster Single Rider,TRUE,0,2026-07-25T16:10:41.000Z,2026-07-25 09:10:41,https://queue-times.com/parks/17/queue_times.json
2026-07-25T16:15:07.405Z,2026-07-25 09:15:07,2026-07-25,America/Los_Angeles,dca,Disney California Adventure,Pixar Pier,6643,Inside Out Emotional Whirlwind,FALSE,0,2026-07-25T16:10:41.000Z,2026-07-25 09:10:41,https://queue-times.com/parks/17/queue_times.json
2026-07-25T16:15:07.405Z,2026-07-25 09:15:07,2026-07-25,America/Los_Angeles,dca,Disney California Adventure,Pixar Pier,310,Jessie's Critter Carousel,TRUE,5,2026-07-25T16:10:41.000Z,2026-07-25 09:10:41,https://queue-times.com/parks/17/queue_times.json
2026-07-25T16:15:07.405Z,2026-07-25 09:15:07,2026-07-25,America/Los_Angeles,dca,Disney California Adventure,Pixar Pier,300,Jumpin' Jellyfish,TRUE,5,2026-07-25T16:10:41.000Z,2026-07-25 09:10:41,https://queue-times.com/parks/17/queue_times.json
2026-07-25T16:15:07.405Z,2026-07-25 09:15:07,2026-07-25,America/Los_Angeles,dca,Disney California Adventure,Pixar Pier,311,Pixar Pal-A-Round - Swinging,TRUE,5,2026-07-25T16:10:41.000Z,2026-07-25 09:10:41,https://queue-times.com/parks/17/queue_times.json
2026-07-25T16:15:07.405Z,2026-07-25 09:15:07,2026-07-25,America/Los_Angeles,dca,Disney California Adventure,Pixar Pier,5557,Pixar Pal-A-Round – Non-Swinging,TRUE,5,2026-07-25T16:10:41.000Z,2026-07-25 09:10:41,https://queue-times.com/parks/17/queue_times.json
2026-07-25T16:15:07.405Z,2026-07-25 09:15:07,2026-07-25,America/Los_Angeles,dca,Disney California Adventure,Pixar Pier,313,Toy Story Midway Mania!,TRUE,25,2026-07-25T16:10:41.000Z,2026-07-25 09:10:41,https://queue-times.com/parks/17/queue_times.json
2026-07-25T16:30:17.153Z,2026-07-25 09:30:17,2026-07-25,America/Los_Angeles,disneyland,Disneyland,Adventureland,12428,Adventureland Treehouse inspired by Walt Disney’s Swiss Family Robinson,TRUE,0,2026-07-25T16:25:34.000Z,2026-07-25 09:25:34,https://queue-times.com/parks/16/queue_times.json
2026-07-25T16:30:17.153Z,2026-07-25 09:30:17,2026-07-25,America/Los_Angeles,disneyland,Disneyland,Adventureland,326,Indiana Jones™ Adventure,TRUE,15,2026-07-25T16:25:34.000Z,2026-07-25 09:25:34,https://queue-times.com/parks/16/queue_times.json
2026-07-25T16:30:17.153Z,2026-07-25 09:30:17,2026-07-25,America/Los_Angeles,disneyland,Disneyland,Adventureland,296,Jungle Cruise,TRUE,5,2026-07-25T16:25:34.000Z,2026-07-25 09:25:34,https://queue-times.com/parks/16/queue_times.json
2026-07-25T16:30:17.153Z,2026-07-25 09:30:17,2026-07-25,America/Los_Angeles,disneyland,Disneyland,Adventureland,288,Walt Disney's Enchanted Tiki Room,TRUE,0,2026-07-25T16:25:34.000Z,2026-07-25 09:25:34,https://queue-times.com/parks/16/queue_times.json
2026-07-25T16:30:17.153Z,2026-07-25 09:30:17,2026-07-25,America/Los_Angeles,disneyland,Disneyland,Bayou Country,304,Davy Crockett's Explorer Canoes,FALSE,0,2026-07-25T16:25:34.000Z,2026-07-25 09:25:34,https://queue-times.com/parks/16/queue_times.json
2026-07-25T16:30:17.153Z,2026-07-25 09:30:17,2026-07-25,America/Los_Angeles,disneyland,Disneyland,Bayou Country,306,The Many Adventures of Winnie the Pooh,FALSE,0,2026-07-25T16:25:34.000Z,2026-07-25 09:25:34,https://queue-times.com/parks/16/queue_times.json
2026-07-25T16:30:17.153Z,2026-07-25 09:30:17,2026-07-25,America/Los_Angeles,disneyland,Disneyland,Bayou Country,14168,Tiana's Bayou Adventure,FALSE,0,2026-07-25T16:25:34.000Z,2026-07-25 09:25:34,https://queue-times.com/parks/16/queue_times.json
2026-07-25T16:30:17.153Z,2026-07-25 09:30:17,2026-07-25,America/Los_Angeles,disneyland,Disneyland,Bayou Country,14326,Tiana's Bayou Adventure Single Rider,FALSE,0,2026-07-25T16:25:34.000Z,2026-07-25 09:25:34,https://queue-times.com/parks/16/queue_times.json
2026-07-25T16:30:17.153Z,2026-07-25 09:30:17,2026-07-25,America/Los_Angeles,disneyland,Disneyland,Fantasyland,307,"""it's a small world""",TRUE,5,2026-07-25T16:25:34.000Z,2026-07-25 09:25:34,https://queue-times.com/parks/16/queue_times.json
2026-07-25T16:30:17.153Z,2026-07-25 09:30:17,2026-07-25,America/Los_Angeles,disneyland,Disneyland,Fantasyland,285,Alice in Wonderland,TRUE,15,2026-07-25T16:25:34.000Z,2026-07-25 09:25:34,https://queue-times.com/parks/16/queue_times.json
2026-07-25T16:30:17.153Z,2026-07-25 09:30:17,2026-07-25,America/Los_Angeles,disneyland,Disneyland,Fantasyland,16254,Bluey’s Best Day Ever! at Fantasyland Theatre,TRUE,0,2026-07-25T16:25:34.000Z,2026-07-25 09:25:34,https://queue-times.com/parks/16/queue_times.json
2026-07-25T16:30:17.153Z,2026-07-25 09:30:17,2026-07-25,America/Los_Angeles,disneyland,Disneyland,Fantasyland,303,Casey Jr. Circus Train,TRUE,10,2026-07-25T16:25:34.000Z,2026-07-25 09:25:34,https://queue-times.com/parks/16/queue_times.json
2026-07-25T16:30:17.153Z,2026-07-25 09:30:17,2026-07-25,America/Los_Angeles,disneyland,Disneyland,Fantasyland,275,Dumbo the Flying Elephant,TRUE,20,2026-07-25T16:25:34.000Z,2026-07-25 09:25:34,https://queue-times.com/parks/16/queue_times.json
2026-07-25T16:30:17.153Z,2026-07-25 09:30:17,2026-07-25,America/Los_Angeles,disneyland,Disneyland,Fantasyland,277,King Arthur Carrousel,TRUE,5,2026-07-25T16:25:34.000Z,2026-07-25 09:25:34,https://queue-times.com/parks/16/queue_times.json
2026-07-25T16:30:17.153Z,2026-07-25 09:30:17,2026-07-25,America/Los_Angeles,disneyland,Disneyland,Fantasyland,278,Mad Tea Party,TRUE,5,2026-07-25T16:25:34.000Z,2026-07-25 09:25:34,https://queue-times.com/parks/16/queue_times.json
2026-07-25T16:30:17.153Z,2026-07-25 09:30:17,2026-07-25,America/Los_Angeles,disneyland,Disneyland,Fantasyland,279,Matterhorn Bobsleds,TRUE,20,2026-07-25T16:25:34.000Z,2026-07-25 09:25:34,https://queue-times.com/parks/16/queue_times.json
2026-07-25T16:30:17.153Z,2026-07-25 09:30:17,2026-07-25,America/Los_Angeles,disneyland,Disneyland,Fantasyland,6711,Meet Disney Princesses at Royal Hall,FALSE,0,2026-07-25T16:25:34.000Z,2026-07-25 09:25:34,https://queue-times.com/parks/16/queue_times.json
2026-07-25T16:30:17.153Z,2026-07-25 09:30:17,2026-07-25,America/Los_Angeles,disneyland,Disneyland,Fantasyland,280,Mr. Toad's Wild Ride,TRUE,5,2026-07-25T16:25:34.000Z,2026-07-25 09:25:34,https://queue-times.com/parks/16/queue_times.json
2026-07-25T16:30:17.153Z,2026-07-25 09:30:17,2026-07-25,America/Los_Angeles,disneyland,Disneyland,Fantasyland,281,Peter Pan's Flight,TRUE,30,2026-07-25T16:25:34.000Z,2026-07-25 09:25:34,https://queue-times.com/parks/16/queue_times.json
2026-07-25T16:30:17.153Z,2026-07-25 09:30:17,2026-07-25,America/Los_Angeles,disneyland,Disneyland,Fantasyland,282,Pinocchio's Daring Journey,TRUE,5,2026-07-25T16:25:34.000Z,2026-07-25 09:25:34,https://queue-times.com/parks/16/queue_times.json
2026-07-25T16:30:17.153Z,2026-07-25 09:30:17,2026-07-25,America/Los_Angeles,disneyland,Disneyland,Fantasyland,687,Sleeping Beauty Castle Walkthrough,FALSE,0,2026-07-25T16:25:34.000Z,2026-07-25 09:25:34,https://queue-times.com/parks/16/queue_times.json
2026-07-25T16:30:17.153Z,2026-07-25 09:30:17,2026-07-25,America/Los_Angeles,disneyland,Disneyland,Fantasyland,283,Snow White's Enchanted Wish,TRUE,5,2026-07-25T16:25:34.000Z,2026-07-25 09:25:34,https://queue-times.com/parks/16/queue_times.json
2026-07-25T16:30:17.153Z,2026-07-25 09:30:17,2026-07-25,America/Los_Angeles,disneyland,Disneyland,Fantasyland,305,Storybook Land Canal Boats,TRUE,15,2026-07-25T16:25:34.000Z,2026-07-25 09:25:34,https://queue-times.com/parks/16/queue_times.json
2026-07-25T16:30:17.153Z,2026-07-25 09:30:17,2026-07-25,America/Los_Angeles,disneyland,Disneyland,Frontierland,323,Big Thunder Mountain Railroad,TRUE,15,2026-07-25T16:25:34.000Z,2026-07-25 09:25:34,https://queue-times.com/parks/16/queue_times.json
2026-07-25T16:30:17.153Z,2026-07-25 09:30:17,2026-07-25,America/Los_Angeles,disneyland,Disneyland,Frontierland,679,Frontierland Shootin' Exposition,FALSE,0,2026-07-25T16:25:34.000Z,2026-07-25 09:25:34,https://queue-times.com/parks/16/queue_times.json
2026-07-25T16:30:17.153Z,2026-07-25 09:30:17,2026-07-25,America/Los_Angeles,disneyland,Disneyland,Frontierland,456,Mark Twain Riverboat,TRUE,10,2026-07-25T16:25:34.000Z,2026-07-25 09:25:34,https://queue-times.com/parks/16/queue_times.json
2026-07-25T16:30:17.153Z,2026-07-25 09:30:17,2026-07-25,America/Los_Angeles,disneyland,Disneyland,Frontierland,331,Pirate's Lair on Tom Sawyer Island,TRUE,5,2026-07-25T16:25:34.000Z,2026-07-25 09:25:34,https://queue-times.com/parks/16/queue_times.json
2026-07-25T16:30:17.153Z,2026-07-25 09:30:17,2026-07-25,America/Los_Angeles,disneyland,Disneyland,Frontierland,328,Sailing Ship Columbia,FALSE,0,2026-07-25T16:25:34.000Z,2026-07-25 09:25:34,https://queue-times.com/parks/16/queue_times.json
2026-07-25T16:30:17.153Z,2026-07-25 09:30:17,2026-07-25,America/Los_Angeles,disneyland,Disneyland,Main Street U.S.A,674,Disneyland Railroad,TRUE,5,2026-07-25T16:25:34.000Z,2026-07-25 09:25:34,https://queue-times.com/parks/16/queue_times.json
2026-07-25T16:30:17.153Z,2026-07-25 09:30:17,2026-07-25,America/Los_Angeles,disneyland,Disneyland,Main Street U.S.A,690,Great Moments with Mr. Lincoln,TRUE,0,2026-07-25T16:25:34.000Z,2026-07-25 09:25:34,https://queue-times.com/parks/16/queue_times.json
2026-07-25T16:30:17.153Z,2026-07-25 09:30:17,2026-07-25,America/Los_Angeles,disneyland,Disneyland,Main Street U.S.A,686,Main Street Cinema,TRUE,0,2026-07-25T16:25:34.000Z,2026-07-25 09:25:34,https://queue-times.com/parks/16/queue_times.json
2026-07-25T16:30:17.153Z,2026-07-25 09:30:17,2026-07-25,America/Los_Angeles,disneyland,Disneyland,Main Street U.S.A,691,Main Street Vehicles,TRUE,0,2026-07-25T16:25:34.000Z,2026-07-25 09:25:34,https://queue-times.com/parks/16/queue_times.json
2026-07-25T16:30:17.153Z,2026-07-25 09:30:17,2026-07-25,America/Los_Angeles,disneyland,Disneyland,Main Street U.S.A,14915,Opera House - Walt Disney - A Magical Life,TRUE,0,2026-07-25T16:25:34.000Z,2026-07-25 09:25:34,https://queue-times.com/parks/16/queue_times.json
2026-07-25T16:30:17.153Z,2026-07-25 09:30:17,2026-07-25,America/Los_Angeles,disneyland,Disneyland,Main Street U.S.A,695,The Disney Gallery,TRUE,0,2026-07-25T16:25:34.000Z,2026-07-25 09:25:34,https://queue-times.com/parks/16/queue_times.json
2026-07-25T16:30:17.153Z,2026-07-25 09:30:17,2026-07-25,America/Los_Angeles,disneyland,Disneyland,Main Street U.S.A,14923,Walt Disney - A Magical Life,FALSE,0,2026-07-25T16:25:34.000Z,2026-07-25 09:25:34,https://queue-times.com/parks/16/queue_times.json
2026-07-25T16:30:17.153Z,2026-07-25 09:30:17,2026-07-25,America/Los_Angeles,disneyland,Disneyland,Mickey's Toontown,324,Chip 'n' Dale's GADGETcoaster,TRUE,5,2026-07-25T16:25:34.000Z,2026-07-25 09:25:34,https://queue-times.com/parks/16/queue_times.json
2026-07-25T16:30:17.153Z,2026-07-25 09:30:17,2026-07-25,America/Los_Angeles,disneyland,Disneyland,Mickey's Toontown,13814,Donald's Duck Pond,TRUE,0,2026-07-25T16:25:34.000Z,2026-07-25 09:25:34,https://queue-times.com/parks/16/queue_times.json
2026-07-25T16:30:17.153Z,2026-07-25 09:30:17,2026-07-25,America/Los_Angeles,disneyland,Disneyland,Mickey's Toontown,11980,Goofy's How-to-Play Yard,TRUE,0,2026-07-25T16:25:34.000Z,2026-07-25 09:25:34,https://queue-times.com/parks/16/queue_times.json
2026-07-25T16:30:17.153Z,2026-07-25 09:30:17,2026-07-25,America/Los_Angeles,disneyland,Disneyland,Mickey's Toontown,11526,Mickey & Minnie's Runaway Railway,TRUE,5,2026-07-25T16:25:34.000Z,2026-07-25 09:25:34,https://queue-times.com/parks/16/queue_times.json
2026-07-25T16:30:17.153Z,2026-07-25 09:30:17,2026-07-25,America/Los_Angeles,disneyland,Disneyland,Mickey's Toontown,709,Mickey's House and Meet Mickey Mouse,TRUE,5,2026-07-25T16:25:34.000Z,2026-07-25 09:25:34,https://queue-times.com/parks/16/queue_times.json
2026-07-25T16:30:17.153Z,2026-07-25 09:30:17,2026-07-25,America/Los_Angeles,disneyland,Disneyland,Mickey's Toontown,327,Mickey's House and Meet Mickey Mouse,FALSE,0,2026-07-25T16:25:34.000Z,2026-07-25 09:25:34,https://queue-times.com/parks/16/queue_times.json
2026-07-25T16:30:17.153Z,2026-07-25 09:30:17,2026-07-25,America/Los_Angeles,disneyland,Disneyland,Mickey's Toontown,684,Minnie's House,TRUE,0,2026-07-25T16:25:34.000Z,2026-07-25 09:25:34,https://queue-times.com/parks/16/queue_times.json
2026-07-25T16:30:17.153Z,2026-07-25 09:30:17,2026-07-25,America/Los_Angeles,disneyland,Disneyland,Mickey's Toontown,332,Roger Rabbit's Car Toon Spin,TRUE,15,2026-07-25T16:25:34.000Z,2026-07-25 09:25:34,https://queue-times.com/parks/16/queue_times.json
2026-07-25T16:30:17.153Z,2026-07-25 09:30:17,2026-07-25,America/Los_Angeles,disneyland,Disneyland,New Orleans Square,13958,Haunted Mansion,TRUE,13,2026-07-25T16:25:34.000Z,2026-07-25 09:25:34,https://queue-times.com/parks/16/queue_times.json
2026-07-25T16:30:17.153Z,2026-07-25 09:30:17,2026-07-25,America/Los_Angeles,disneyland,Disneyland,New Orleans Square,289,Pirates of the Caribbean,TRUE,5,2026-07-25T16:25:34.000Z,2026-07-25 09:25:34,https://queue-times.com/parks/16/queue_times.json
2026-07-25T16:30:17.153Z,2026-07-25 09:30:17,2026-07-25,America/Los_Angeles,disneyland,Disneyland,Star Wars: Galaxy's Edge,6339,Millennium Falcon: Smugglers Run,TRUE,5,2026-07-25T16:25:34.000Z,2026-07-25 09:25:34,https://queue-times.com/parks/16/queue_times.json
2026-07-25T16:30:17.153Z,2026-07-25 09:30:17,2026-07-25,America/Los_Angeles,disneyland,Disneyland,Star Wars: Galaxy's Edge,10903,Millennium Falcon: Smugglers Run Single Rider,TRUE,0,2026-07-25T16:25:34.000Z,2026-07-25 09:25:34,https://queue-times.com/parks/16/queue_times.json
2026-07-25T16:30:17.153Z,2026-07-25 09:30:17,2026-07-25,America/Los_Angeles,disneyland,Disneyland,Star Wars: Galaxy's Edge,6340,Star Wars: Rise of the Resistance,TRUE,65,2026-07-25T16:25:34.000Z,2026-07-25 09:25:34,https://queue-times.com/parks/16/queue_times.json
2026-07-25T16:30:17.153Z,2026-07-25 09:30:17,2026-07-25,America/Los_Angeles,disneyland,Disneyland,Tomorrowland,287,Astro Orbitor,TRUE,5,2026-07-25T16:25:34.000Z,2026-07-25 09:25:34,https://queue-times.com/parks/16/queue_times.json
2026-07-25T16:30:17.153Z,2026-07-25 09:30:17,2026-07-25,America/Los_Angeles,disneyland,Disneyland,Tomorrowland,317,Autopia,TRUE,5,2026-07-25T16:25:34.000Z,2026-07-25 09:25:34,https://queue-times.com/parks/16/queue_times.json
2026-07-25T16:30:17.153Z,2026-07-25 09:30:17,2026-07-25,America/Los_Angeles,disneyland,Disneyland,Tomorrowland,273,Buzz Lightyear Astro Blasters,TRUE,5,2026-07-25T16:25:34.000Z,2026-07-25 09:25:34,https://queue-times.com/parks/16/queue_times.json
2026-07-25T16:30:17.153Z,2026-07-25 09:30:17,2026-07-25,America/Los_Angeles,disneyland,Disneyland,Tomorrowland,274,Disneyland Monorail,TRUE,5,2026-07-25T16:25:34.000Z,2026-07-25 09:25:34,https://queue-times.com/parks/16/queue_times.json
2026-07-25T16:30:17.153Z,2026-07-25 09:30:17,2026-07-25,America/Los_Angeles,disneyland,Disneyland,Tomorrowland,276,Finding Nemo Submarine Voyage,TRUE,5,2026-07-25T16:25:34.000Z,2026-07-25 09:25:34,https://queue-times.com/parks/16/queue_times.json
2026-07-25T16:30:17.153Z,2026-07-25 09:30:17,2026-07-25,America/Los_Angeles,disneyland,Disneyland,Tomorrowland,16627,Pixar Short Film Spotlight,FALSE,0,2026-07-25T16:25:34.000Z,2026-07-25 09:25:34,https://queue-times.com/parks/16/queue_times.json
2026-07-25T16:30:17.153Z,2026-07-25 09:30:17,2026-07-25,America/Los_Angeles,disneyland,Disneyland,Tomorrowland,284,Space Mountain,TRUE,35,2026-07-25T16:25:34.000Z,2026-07-25 09:25:34,https://queue-times.com/parks/16/queue_times.json
2026-07-25T16:30:17.153Z,2026-07-25 09:30:17,2026-07-25,America/Los_Angeles,disneyland,Disneyland,Tomorrowland,286,Star Tours - The Adventures Continue,TRUE,5,2026-07-25T16:25:34.000Z,2026-07-25 09:25:34,https://queue-times.com/parks/16/queue_times.json
2026-07-25T16:30:17.153Z,2026-07-25 09:30:17,2026-07-25,America/Los_Angeles,dca,Disney California Adventure,Avengers Campus,329,Guardians of the Galaxy - Mission: BREAKOUT!,TRUE,30,2026-07-25T16:25:48.000Z,2026-07-25 09:25:48,https://queue-times.com/parks/17/queue_times.json
2026-07-25T16:30:17.153Z,2026-07-25 09:30:17,2026-07-25,America/Los_Angeles,dca,Disney California Adventure,Avengers Campus,8843,WEB SLINGERS: A Spider-Man Adventure,TRUE,30,2026-07-25T16:25:48.000Z,2026-07-25 09:25:48,https://queue-times.com/parks/17/queue_times.json
2026-07-25T16:30:17.153Z,2026-07-25 09:30:17,2026-07-25,America/Los_Angeles,dca,Disney California Adventure,Avengers Campus,10907,WEB SLINGERS: A Spider-Man Adventure Single Rider,TRUE,0,2026-07-25T16:25:48.000Z,2026-07-25 09:25:48,https://queue-times.com/parks/17/queue_times.json
2026-07-25T16:30:17.153Z,2026-07-25 09:30:17,2026-07-25,America/Los_Angeles,dca,Disney California Adventure,Cars Land,13961,Luigi's Rollickin' Roadsters,TRUE,15,2026-07-25T16:25:48.000Z,2026-07-25 09:25:48,https://queue-times.com/parks/17/queue_times.json
2026-07-25T16:30:17.153Z,2026-07-25 09:30:17,2026-07-25,America/Los_Angeles,dca,Disney California Adventure,Cars Land,315,Mater's Junkyard Jamboree,TRUE,25,2026-07-25T16:25:48.000Z,2026-07-25 09:25:48,https://queue-times.com/parks/17/queue_times.json
2026-07-25T16:30:17.153Z,2026-07-25 09:30:17,2026-07-25,America/Los_Angeles,dca,Disney California Adventure,Cars Land,295,Radiator Springs Racers,TRUE,65,2026-07-25T16:25:48.000Z,2026-07-25 09:25:48,https://queue-times.com/parks/17/queue_times.json
2026-07-25T16:30:17.153Z,2026-07-25 09:30:17,2026-07-25,America/Los_Angeles,dca,Disney California Adventure,Cars Land,10904,Radiator Springs Racers Single Rider,TRUE,0,2026-07-25T16:25:48.000Z,2026-07-25 09:25:48,https://queue-times.com/parks/17/queue_times.json
2026-07-25T16:30:17.153Z,2026-07-25 09:30:17,2026-07-25,America/Los_Angeles,dca,Disney California Adventure,Grizzly Peak,302,Grizzly River Run,TRUE,5,2026-07-25T16:25:48.000Z,2026-07-25 09:25:48,https://queue-times.com/parks/17/queue_times.json
2026-07-25T16:30:17.153Z,2026-07-25 09:30:17,2026-07-25,America/Los_Angeles,dca,Disney California Adventure,Grizzly Peak,293,Redwood Creek Challenge Trail,FALSE,0,2026-07-25T16:25:48.000Z,2026-07-25 09:25:48,https://queue-times.com/parks/17/queue_times.json
2026-07-25T16:30:17.153Z,2026-07-25 09:30:17,2026-07-25,America/Los_Angeles,dca,Disney California Adventure,Grizzly Peak,17129,Soarin’ Across America,TRUE,15,2026-07-25T16:25:48.000Z,2026-07-25 09:25:48,https://queue-times.com/parks/17/queue_times.json
2026-07-25T16:30:17.153Z,2026-07-25 09:30:17,2026-07-25,America/Los_Angeles,dca,Disney California Adventure,Hollywood Land,321,Animation Academy,TRUE,0,2026-07-25T16:25:48.000Z,2026-07-25 09:25:48,https://queue-times.com/parks/17/queue_times.json
2026-07-25T16:30:17.153Z,2026-07-25 09:30:17,2026-07-25,America/Los_Angeles,dca,Disney California Adventure,Hollywood Land,6440,Mickey's PhilharMagic,TRUE,10,2026-07-25T16:25:48.000Z,2026-07-25 09:25:48,https://queue-times.com/parks/17/queue_times.json
2026-07-25T16:30:17.153Z,2026-07-25 09:30:17,2026-07-25,America/Los_Angeles,dca,Disney California Adventure,Hollywood Land,291,"Monsters, Inc. Mike & Sulley to the Rescue!",TRUE,5,2026-07-25T16:25:48.000Z,2026-07-25 09:25:48,https://queue-times.com/parks/17/queue_times.json
2026-07-25T16:30:17.153Z,2026-07-25 09:30:17,2026-07-25,America/Los_Angeles,dca,Disney California Adventure,Hollywood Land,868,Sorcerer's Workshop,TRUE,0,2026-07-25T16:25:48.000Z,2026-07-25 09:25:48,https://queue-times.com/parks/17/queue_times.json
2026-07-25T16:30:17.153Z,2026-07-25 09:30:17,2026-07-25,America/Los_Angeles,dca,Disney California Adventure,Hollywood Land,294,Turtle Talk with Crush,TRUE,0,2026-07-25T16:25:48.000Z,2026-07-25 09:25:48,https://queue-times.com/parks/17/queue_times.json
2026-07-25T16:30:17.153Z,2026-07-25 09:30:17,2026-07-25,America/Los_Angeles,dca,Disney California Adventure,Pacific Wharf,869,The Bakery Tour,TRUE,0,2026-07-25T16:25:48.000Z,2026-07-25 09:25:48,https://queue-times.com/parks/17/queue_times.json
2026-07-25T16:30:17.153Z,2026-07-25 09:30:17,2026-07-25,America/Los_Angeles,dca,Disney California Adventure,Paradise Gardens Park,298,Golden Zephyr,TRUE,5,2026-07-25T16:25:48.000Z,2026-07-25 09:25:48,https://queue-times.com/parks/17/queue_times.json
2026-07-25T16:30:17.153Z,2026-07-25 09:30:17,2026-07-25,America/Los_Angeles,dca,Disney California Adventure,Paradise Gardens Park,319,Goofy's Sky School,TRUE,5,2026-07-25T16:25:48.000Z,2026-07-25 09:25:48,https://queue-times.com/parks/17/queue_times.json
2026-07-25T16:30:17.153Z,2026-07-25 09:30:17,2026-07-25,America/Los_Angeles,dca,Disney California Adventure,Paradise Gardens Park,301,Silly Symphony Swings,FALSE,0,2026-07-25T16:25:48.000Z,2026-07-25 09:25:48,https://queue-times.com/parks/17/queue_times.json
2026-07-25T16:30:17.153Z,2026-07-25 09:30:17,2026-07-25,America/Los_Angeles,dca,Disney California Adventure,Paradise Gardens Park,316,The Little Mermaid - Ariel's Undersea Adventure,FALSE,0,2026-07-25T16:25:48.000Z,2026-07-25 09:25:48,https://queue-times.com/parks/17/queue_times.json
2026-07-25T16:30:17.153Z,2026-07-25 09:30:17,2026-07-25,America/Los_Angeles,dca,Disney California Adventure,Paradise Gardens Park,14742,World of Color Happiness!,TRUE,0,2026-07-25T16:25:48.000Z,2026-07-25 09:25:48,https://queue-times.com/parks/17/queue_times.json
2026-07-25T16:30:17.153Z,2026-07-25 09:30:17,2026-07-25,America/Los_Angeles,dca,Disney California Adventure,Pixar Pier,866,Games of Pixar Pier,TRUE,5,2026-07-25T16:25:48.000Z,2026-07-25 09:25:48,https://queue-times.com/parks/17/queue_times.json
2026-07-25T16:30:17.153Z,2026-07-25 09:30:17,2026-07-25,America/Los_Angeles,dca,Disney California Adventure,Pixar Pier,322,Incredicoaster,TRUE,20,2026-07-25T16:25:48.000Z,2026-07-25 09:25:48,https://queue-times.com/parks/17/queue_times.json
2026-07-25T16:30:17.153Z,2026-07-25 09:30:17,2026-07-25,America/Los_Angeles,dca,Disney California Adventure,Pixar Pier,10906,Incredicoaster Single Rider,TRUE,0,2026-07-25T16:25:48.000Z,2026-07-25 09:25:48,https://queue-times.com/parks/17/queue_times.json
2026-07-25T16:30:17.153Z,2026-07-25 09:30:17,2026-07-25,America/Los_Angeles,dca,Disney California Adventure,Pixar Pier,6643,Inside Out Emotional Whirlwind,TRUE,5,2026-07-25T16:25:48.000Z,2026-07-25 09:25:48,https://queue-times.com/parks/17/queue_times.json
2026-07-25T16:30:17.153Z,2026-07-25 09:30:17,2026-07-25,America/Los_Angeles,dca,Disney California Adventure,Pixar Pier,310,Jessie's Critter Carousel,TRUE,5,2026-07-25T16:25:48.000Z,2026-07-25 09:25:48,https://queue-times.com/parks/17/queue_times.json
2026-07-25T16:30:17.153Z,2026-07-25 09:30:17,2026-07-25,America/Los_Angeles,dca,Disney California Adventure,Pixar Pier,300,Jumpin' Jellyfish,TRUE,5,2026-07-25T16:25:48.000Z,2026-07-25 09:25:48,https://queue-times.com/parks/17/queue_times.json
2026-07-25T16:30:17.153Z,2026-07-25 09:30:17,2026-07-25,America/Los_Angeles,dca,Disney California Adventure,Pixar Pier,311,Pixar Pal-A-Round - Swinging,TRUE,5,2026-07-25T16:25:48.000Z,2026-07-25 09:25:48,https://queue-times.com/parks/17/queue_times.json
2026-07-25T16:30:17.153Z,2026-07-25 09:30:17,2026-07-25,America/Los_Angeles,dca,Disney California Adventure,Pixar Pier,5557,Pixar Pal-A-Round – Non-Swinging,TRUE,5,2026-07-25T16:25:48.000Z,2026-07-25 09:25:48,https://queue-times.com/parks/17/queue_times.json
2026-07-25T16:30:17.153Z,2026-07-25 09:30:17,2026-07-25,America/Los_Angeles,dca,Disney California Adventure,Pixar Pier,313,Toy Story Midway Mania!,TRUE,25,2026-07-25T16:25:48.000Z,2026-07-25 09:25:48,https://queue-times.com/parks/17/queue_times.json
2026-07-25T16:45:21.260Z,2026-07-25 09:45:21,2026-07-25,America/Los_Angeles,disneyland,Disneyland,Adventureland,12428,Adventureland Treehouse inspired by Walt Disney’s Swiss Family Robinson,TRUE,0,2026-07-25T16:40:31.000Z,2026-07-25 09:40:31,https://queue-times.com/parks/16/queue_times.json
2026-07-25T16:45:21.260Z,2026-07-25 09:45:21,2026-07-25,America/Los_Angeles,disneyland,Disneyland,Adventureland,326,Indiana Jones™ Adventure,TRUE,45,2026-07-25T16:40:31.000Z,2026-07-25 09:40:31,https://queue-times.com/parks/16/queue_times.json
2026-07-25T16:45:21.260Z,2026-07-25 09:45:21,2026-07-25,America/Los_Angeles,disneyland,Disneyland,Adventureland,296,Jungle Cruise,TRUE,5,2026-07-25T16:40:31.000Z,2026-07-25 09:40:31,https://queue-times.com/parks/16/queue_times.json
2026-07-25T16:45:21.260Z,2026-07-25 09:45:21,2026-07-25,America/Los_Angeles,disneyland,Disneyland,Adventureland,288,Walt Disney's Enchanted Tiki Room,TRUE,0,2026-07-25T16:40:31.000Z,2026-07-25 09:40:31,https://queue-times.com/parks/16/queue_times.json
2026-07-25T16:45:21.260Z,2026-07-25 09:45:21,2026-07-25,America/Los_Angeles,disneyland,Disneyland,Bayou Country,304,Davy Crockett's Explorer Canoes,FALSE,0,2026-07-25T16:40:31.000Z,2026-07-25 09:40:31,https://queue-times.com/parks/16/queue_times.json
2026-07-25T16:45:21.260Z,2026-07-25 09:45:21,2026-07-25,America/Los_Angeles,disneyland,Disneyland,Bayou Country,306,The Many Adventures of Winnie the Pooh,FALSE,0,2026-07-25T16:40:31.000Z,2026-07-25 09:40:31,https://queue-times.com/parks/16/queue_times.json
2026-07-25T16:45:21.260Z,2026-07-25 09:45:21,2026-07-25,America/Los_Angeles,disneyland,Disneyland,Bayou Country,14168,Tiana's Bayou Adventure,FALSE,0,2026-07-25T16:40:31.000Z,2026-07-25 09:40:31,https://queue-times.com/parks/16/queue_times.json
2026-07-25T16:45:21.260Z,2026-07-25 09:45:21,2026-07-25,America/Los_Angeles,disneyland,Disneyland,Bayou Country,14326,Tiana's Bayou Adventure Single Rider,FALSE,0,2026-07-25T16:40:31.000Z,2026-07-25 09:40:31,https://queue-times.com/parks/16/queue_times.json
2026-07-25T16:45:21.260Z,2026-07-25 09:45:21,2026-07-25,America/Los_Angeles,disneyland,Disneyland,Fantasyland,307,"""it's a small world""",TRUE,5,2026-07-25T16:40:31.000Z,2026-07-25 09:40:31,https://queue-times.com/parks/16/queue_times.json
2026-07-25T16:45:21.260Z,2026-07-25 09:45:21,2026-07-25,America/Los_Angeles,disneyland,Disneyland,Fantasyland,285,Alice in Wonderland,TRUE,10,2026-07-25T16:40:31.000Z,2026-07-25 09:40:31,https://queue-times.com/parks/16/queue_times.json
2026-07-25T16:45:21.260Z,2026-07-25 09:45:21,2026-07-25,America/Los_Angeles,disneyland,Disneyland,Fantasyland,16254,Bluey’s Best Day Ever! at Fantasyland Theatre,TRUE,0,2026-07-25T16:40:31.000Z,2026-07-25 09:40:31,https://queue-times.com/parks/16/queue_times.json
2026-07-25T16:45:21.260Z,2026-07-25 09:45:21,2026-07-25,America/Los_Angeles,disneyland,Disneyland,Fantasyland,303,Casey Jr. Circus Train,TRUE,10,2026-07-25T16:40:31.000Z,2026-07-25 09:40:31,https://queue-times.com/parks/16/queue_times.json
2026-07-25T16:45:21.260Z,2026-07-25 09:45:21,2026-07-25,America/Los_Angeles,disneyland,Disneyland,Fantasyland,275,Dumbo the Flying Elephant,TRUE,20,2026-07-25T16:40:31.000Z,2026-07-25 09:40:31,https://queue-times.com/parks/16/queue_times.json
2026-07-25T16:45:21.260Z,2026-07-25 09:45:21,2026-07-25,America/Los_Angeles,disneyland,Disneyland,Fantasyland,277,King Arthur Carrousel,TRUE,5,2026-07-25T16:40:31.000Z,2026-07-25 09:40:31,https://queue-times.com/parks/16/queue_times.json
2026-07-25T16:45:21.260Z,2026-07-25 09:45:21,2026-07-25,America/Los_Angeles,disneyland,Disneyland,Fantasyland,278,Mad Tea Party,TRUE,5,2026-07-25T16:40:31.000Z,2026-07-25 09:40:31,https://queue-times.com/parks/16/queue_times.json
2026-07-25T16:45:21.260Z,2026-07-25 09:45:21,2026-07-25,America/Los_Angeles,disneyland,Disneyland,Fantasyland,279,Matterhorn Bobsleds,TRUE,25,2026-07-25T16:40:31.000Z,2026-07-25 09:40:31,https://queue-times.com/parks/16/queue_times.json
2026-07-25T16:45:21.260Z,2026-07-25 09:45:21,2026-07-25,America/Los_Angeles,disneyland,Disneyland,Fantasyland,6711,Meet Disney Princesses at Royal Hall,FALSE,0,2026-07-25T16:40:31.000Z,2026-07-25 09:40:31,https://queue-times.com/parks/16/queue_times.json
2026-07-25T16:45:21.260Z,2026-07-25 09:45:21,2026-07-25,America/Los_Angeles,disneyland,Disneyland,Fantasyland,280,Mr. Toad's Wild Ride,TRUE,5,2026-07-25T16:40:31.000Z,2026-07-25 09:40:31,https://queue-times.com/parks/16/queue_times.json
2026-07-25T16:45:21.260Z,2026-07-25 09:45:21,2026-07-25,America/Los_Angeles,disneyland,Disneyland,Fantasyland,281,Peter Pan's Flight,TRUE,30,2026-07-25T16:40:31.000Z,2026-07-25 09:40:31,https://queue-times.com/parks/16/queue_times.json
2026-07-25T16:45:21.260Z,2026-07-25 09:45:21,2026-07-25,America/Los_Angeles,disneyland,Disneyland,Fantasyland,282,Pinocchio's Daring Journey,TRUE,5,2026-07-25T16:40:31.000Z,2026-07-25 09:40:31,https://queue-times.com/parks/16/queue_times.json
2026-07-25T16:45:21.260Z,2026-07-25 09:45:21,2026-07-25,America/Los_Angeles,disneyland,Disneyland,Fantasyland,687,Sleeping Beauty Castle Walkthrough,FALSE,0,2026-07-25T16:40:31.000Z,2026-07-25 09:40:31,https://queue-times.com/parks/16/queue_times.json
2026-07-25T16:45:21.260Z,2026-07-25 09:45:21,2026-07-25,America/Los_Angeles,disneyland,Disneyland,Fantasyland,283,Snow White's Enchanted Wish,TRUE,5,2026-07-25T16:40:31.000Z,2026-07-25 09:40:31,https://queue-times.com/parks/16/queue_times.json
2026-07-25T16:45:21.260Z,2026-07-25 09:45:21,2026-07-25,America/Los_Angeles,disneyland,Disneyland,Fantasyland,305,Storybook Land Canal Boats,TRUE,10,2026-07-25T16:40:31.000Z,2026-07-25 09:40:31,https://queue-times.com/parks/16/queue_times.json
2026-07-25T16:45:21.260Z,2026-07-25 09:45:21,2026-07-25,America/Los_Angeles,disneyland,Disneyland,Frontierland,323,Big Thunder Mountain Railroad,TRUE,15,2026-07-25T16:40:31.000Z,2026-07-25 09:40:31,https://queue-times.com/parks/16/queue_times.json
2026-07-25T16:45:21.260Z,2026-07-25 09:45:21,2026-07-25,America/Los_Angeles,disneyland,Disneyland,Frontierland,679,Frontierland Shootin' Exposition,FALSE,0,2026-07-25T16:40:31.000Z,2026-07-25 09:40:31,https://queue-times.com/parks/16/queue_times.json
2026-07-25T16:45:21.260Z,2026-07-25 09:45:21,2026-07-25,America/Los_Angeles,disneyland,Disneyland,Frontierland,456,Mark Twain Riverboat,TRUE,10,2026-07-25T16:40:31.000Z,2026-07-25 09:40:31,https://queue-times.com/parks/16/queue_times.json
2026-07-25T16:45:21.260Z,2026-07-25 09:45:21,2026-07-25,America/Los_Angeles,disneyland,Disneyland,Frontierland,331,Pirate's Lair on Tom Sawyer Island,TRUE,5,2026-07-25T16:40:31.000Z,2026-07-25 09:40:31,https://queue-times.com/parks/16/queue_times.json
2026-07-25T16:45:21.260Z,2026-07-25 09:45:21,2026-07-25,America/Los_Angeles,disneyland,Disneyland,Frontierland,328,Sailing Ship Columbia,FALSE,0,2026-07-25T16:40:31.000Z,2026-07-25 09:40:31,https://queue-times.com/parks/16/queue_times.json
2026-07-25T16:45:21.260Z,2026-07-25 09:45:21,2026-07-25,America/Los_Angeles,disneyland,Disneyland,Main Street U.S.A,674,Disneyland Railroad,TRUE,5,2026-07-25T16:40:31.000Z,2026-07-25 09:40:31,https://queue-times.com/parks/16/queue_times.json
2026-07-25T16:45:21.260Z,2026-07-25 09:45:21,2026-07-25,America/Los_Angeles,disneyland,Disneyland,Main Street U.S.A,690,Great Moments with Mr. Lincoln,TRUE,0,2026-07-25T16:40:31.000Z,2026-07-25 09:40:31,https://queue-times.com/parks/16/queue_times.json
2026-07-25T16:45:21.260Z,2026-07-25 09:45:21,2026-07-25,America/Los_Angeles,disneyland,Disneyland,Main Street U.S.A,686,Main Street Cinema,TRUE,0,2026-07-25T16:40:31.000Z,2026-07-25 09:40:31,https://queue-times.com/parks/16/queue_times.json
2026-07-25T16:45:21.260Z,2026-07-25 09:45:21,2026-07-25,America/Los_Angeles,disneyland,Disneyland,Main Street U.S.A,691,Main Street Vehicles,TRUE,0,2026-07-25T16:40:31.000Z,2026-07-25 09:40:31,https://queue-times.com/parks/16/queue_times.json
2026-07-25T16:45:21.260Z,2026-07-25 09:45:21,2026-07-25,America/Los_Angeles,disneyland,Disneyland,Main Street U.S.A,14915,Opera House - Walt Disney - A Magical Life,TRUE,0,2026-07-25T16:40:31.000Z,2026-07-25 09:40:31,https://queue-times.com/parks/16/queue_times.json
2026-07-25T16:45:21.260Z,2026-07-25 09:45:21,2026-07-25,America/Los_Angeles,disneyland,Disneyland,Main Street U.S.A,695,The Disney Gallery,TRUE,0,2026-07-25T16:40:31.000Z,2026-07-25 09:40:31,https://queue-times.com/parks/16/queue_times.json
2026-07-25T16:45:21.260Z,2026-07-25 09:45:21,2026-07-25,America/Los_Angeles,disneyland,Disneyland,Main Street U.S.A,14923,Walt Disney - A Magical Life,FALSE,0,2026-07-25T16:40:31.000Z,2026-07-25 09:40:31,https://queue-times.com/parks/16/queue_times.json
2026-07-25T16:45:21.260Z,2026-07-25 09:45:21,2026-07-25,America/Los_Angeles,disneyland,Disneyland,Mickey's Toontown,324,Chip 'n' Dale's GADGETcoaster,TRUE,5,2026-07-25T16:40:31.000Z,2026-07-25 09:40:31,https://queue-times.com/parks/16/queue_times.json
2026-07-25T16:45:21.260Z,2026-07-25 09:45:21,2026-07-25,America/Los_Angeles,disneyland,Disneyland,Mickey's Toontown,13814,Donald's Duck Pond,TRUE,0,2026-07-25T16:40:31.000Z,2026-07-25 09:40:31,https://queue-times.com/parks/16/queue_times.json
2026-07-25T16:45:21.260Z,2026-07-25 09:45:21,2026-07-25,America/Los_Angeles,disneyland,Disneyland,Mickey's Toontown,11980,Goofy's How-to-Play Yard,TRUE,0,2026-07-25T16:40:31.000Z,2026-07-25 09:40:31,https://queue-times.com/parks/16/queue_times.json
2026-07-25T16:45:21.260Z,2026-07-25 09:45:21,2026-07-25,America/Los_Angeles,disneyland,Disneyland,Mickey's Toontown,11526,Mickey & Minnie's Runaway Railway,TRUE,5,2026-07-25T16:40:31.000Z,2026-07-25 09:40:31,https://queue-times.com/parks/16/queue_times.json
2026-07-25T16:45:21.260Z,2026-07-25 09:45:21,2026-07-25,America/Los_Angeles,disneyland,Disneyland,Mickey's Toontown,709,Mickey's House and Meet Mickey Mouse,TRUE,5,2026-07-25T16:40:31.000Z,2026-07-25 09:40:31,https://queue-times.com/parks/16/queue_times.json
2026-07-25T16:45:21.260Z,2026-07-25 09:45:21,2026-07-25,America/Los_Angeles,disneyland,Disneyland,Mickey's Toontown,327,Mickey's House and Meet Mickey Mouse,FALSE,0,2026-07-25T16:40:31.000Z,2026-07-25 09:40:31,https://queue-times.com/parks/16/queue_times.json
2026-07-25T16:45:21.260Z,2026-07-25 09:45:21,2026-07-25,America/Los_Angeles,disneyland,Disneyland,Mickey's Toontown,684,Minnie's House,TRUE,0,2026-07-25T16:40:31.000Z,2026-07-25 09:40:31,https://queue-times.com/parks/16/queue_times.json
2026-07-25T16:45:21.260Z,2026-07-25 09:45:21,2026-07-25,America/Los_Angeles,disneyland,Disneyland,Mickey's Toontown,332,Roger Rabbit's Car Toon Spin,TRUE,20,2026-07-25T16:40:31.000Z,2026-07-25 09:40:31,https://queue-times.com/parks/16/queue_times.json
2026-07-25T16:45:21.260Z,2026-07-25 09:45:21,2026-07-25,America/Los_Angeles,disneyland,Disneyland,New Orleans Square,13958,Haunted Mansion,TRUE,13,2026-07-25T16:40:31.000Z,2026-07-25 09:40:31,https://queue-times.com/parks/16/queue_times.json
2026-07-25T16:45:21.260Z,2026-07-25 09:45:21,2026-07-25,America/Los_Angeles,disneyland,Disneyland,New Orleans Square,289,Pirates of the Caribbean,TRUE,10,2026-07-25T16:40:31.000Z,2026-07-25 09:40:31,https://queue-times.com/parks/16/queue_times.json
2026-07-25T16:45:21.260Z,2026-07-25 09:45:21,2026-07-25,America/Los_Angeles,disneyland,Disneyland,Star Wars: Galaxy's Edge,6339,Millennium Falcon: Smugglers Run,TRUE,5,2026-07-25T16:40:31.000Z,2026-07-25 09:40:31,https://queue-times.com/parks/16/queue_times.json
2026-07-25T16:45:21.260Z,2026-07-25 09:45:21,2026-07-25,America/Los_Angeles,disneyland,Disneyland,Star Wars: Galaxy's Edge,10903,Millennium Falcon: Smugglers Run Single Rider,TRUE,0,2026-07-25T16:40:31.000Z,2026-07-25 09:40:31,https://queue-times.com/parks/16/queue_times.json
2026-07-25T16:45:21.260Z,2026-07-25 09:45:21,2026-07-25,America/Los_Angeles,disneyland,Disneyland,Star Wars: Galaxy's Edge,6340,Star Wars: Rise of the Resistance,TRUE,45,2026-07-25T16:40:31.000Z,2026-07-25 09:40:31,https://queue-times.com/parks/16/queue_times.json
2026-07-25T16:45:21.260Z,2026-07-25 09:45:21,2026-07-25,America/Los_Angeles,disneyland,Disneyland,Tomorrowland,287,Astro Orbitor,TRUE,15,2026-07-25T16:40:31.000Z,2026-07-25 09:40:31,https://queue-times.com/parks/16/queue_times.json
2026-07-25T16:45:21.260Z,2026-07-25 09:45:21,2026-07-25,America/Los_Angeles,disneyland,Disneyland,Tomorrowland,317,Autopia,TRUE,5,2026-07-25T16:40:31.000Z,2026-07-25 09:40:31,https://queue-times.com/parks/16/queue_times.json
2026-07-25T16:45:21.260Z,2026-07-25 09:45:21,2026-07-25,America/Los_Angeles,disneyland,Disneyland,Tomorrowland,273,Buzz Lightyear Astro Blasters,TRUE,5,2026-07-25T16:40:31.000Z,2026-07-25 09:40:31,https://queue-times.com/parks/16/queue_times.json
2026-07-25T16:45:21.260Z,2026-07-25 09:45:21,2026-07-25,America/Los_Angeles,disneyland,Disneyland,Tomorrowland,274,Disneyland Monorail,TRUE,5,2026-07-25T16:40:31.000Z,2026-07-25 09:40:31,https://queue-times.com/parks/16/queue_times.json
2026-07-25T16:45:21.260Z,2026-07-25 09:45:21,2026-07-25,America/Los_Angeles,disneyland,Disneyland,Tomorrowland,276,Finding Nemo Submarine Voyage,TRUE,5,2026-07-25T16:40:31.000Z,2026-07-25 09:40:31,https://queue-times.com/parks/16/queue_times.json
2026-07-25T16:45:21.260Z,2026-07-25 09:45:21,2026-07-25,America/Los_Angeles,disneyland,Disneyland,Tomorrowland,16627,Pixar Short Film Spotlight,FALSE,0,2026-07-25T16:40:31.000Z,2026-07-25 09:40:31,https://queue-times.com/parks/16/queue_times.json
2026-07-25T16:45:21.260Z,2026-07-25 09:45:21,2026-07-25,America/Los_Angeles,disneyland,Disneyland,Tomorrowland,284,Space Mountain,TRUE,40,2026-07-25T16:40:31.000Z,2026-07-25 09:40:31,https://queue-times.com/parks/16/queue_times.json
2026-07-25T16:45:21.260Z,2026-07-25 09:45:21,2026-07-25,America/Los_Angeles,disneyland,Disneyland,Tomorrowland,286,Star Tours - The Adventures Continue,TRUE,5,2026-07-25T16:40:31.000Z,2026-07-25 09:40:31,https://queue-times.com/parks/16/queue_times.json
2026-07-25T16:45:21.260Z,2026-07-25 09:45:21,2026-07-25,America/Los_Angeles,dca,Disney California Adventure,Avengers Campus,329,Guardians of the Galaxy - Mission: BREAKOUT!,TRUE,30,2026-07-25T16:40:42.000Z,2026-07-25 09:40:42,https://queue-times.com/parks/17/queue_times.json
2026-07-25T16:45:21.260Z,2026-07-25 09:45:21,2026-07-25,America/Los_Angeles,dca,Disney California Adventure,Avengers Campus,8843,WEB SLINGERS: A Spider-Man Adventure,TRUE,30,2026-07-25T16:40:42.000Z,2026-07-25 09:40:42,https://queue-times.com/parks/17/queue_times.json
2026-07-25T16:45:21.260Z,2026-07-25 09:45:21,2026-07-25,America/Los_Angeles,dca,Disney California Adventure,Avengers Campus,10907,WEB SLINGERS: A Spider-Man Adventure Single Rider,TRUE,0,2026-07-25T16:40:42.000Z,2026-07-25 09:40:42,https://queue-times.com/parks/17/queue_times.json
2026-07-25T16:45:21.260Z,2026-07-25 09:45:21,2026-07-25,America/Los_Angeles,dca,Disney California Adventure,Cars Land,13961,Luigi's Rollickin' Roadsters,FALSE,0,2026-07-25T16:40:42.000Z,2026-07-25 09:40:42,https://queue-times.com/parks/17/queue_times.json
2026-07-25T16:45:21.260Z,2026-07-25 09:45:21,2026-07-25,America/Los_Angeles,dca,Disney California Adventure,Cars Land,315,Mater's Junkyard Jamboree,TRUE,20,2026-07-25T16:40:42.000Z,2026-07-25 09:40:42,https://queue-times.com/parks/17/queue_times.json
2026-07-25T16:45:21.260Z,2026-07-25 09:45:21,2026-07-25,America/Los_Angeles,dca,Disney California Adventure,Cars Land,295,Radiator Springs Racers,TRUE,70,2026-07-25T16:40:42.000Z,2026-07-25 09:40:42,https://queue-times.com/parks/17/queue_times.json
2026-07-25T16:45:21.260Z,2026-07-25 09:45:21,2026-07-25,America/Los_Angeles,dca,Disney California Adventure,Cars Land,10904,Radiator Springs Racers Single Rider,TRUE,0,2026-07-25T16:40:42.000Z,2026-07-25 09:40:42,https://queue-times.com/parks/17/queue_times.json
2026-07-25T16:45:21.260Z,2026-07-25 09:45:21,2026-07-25,America/Los_Angeles,dca,Disney California Adventure,Grizzly Peak,302,Grizzly River Run,TRUE,5,2026-07-25T16:40:42.000Z,2026-07-25 09:40:42,https://queue-times.com/parks/17/queue_times.json
2026-07-25T16:45:21.260Z,2026-07-25 09:45:21,2026-07-25,America/Los_Angeles,dca,Disney California Adventure,Grizzly Peak,293,Redwood Creek Challenge Trail,FALSE,0,2026-07-25T16:40:42.000Z,2026-07-25 09:40:42,https://queue-times.com/parks/17/queue_times.json
2026-07-25T16:45:21.260Z,2026-07-25 09:45:21,2026-07-25,America/Los_Angeles,dca,Disney California Adventure,Grizzly Peak,17129,Soarin’ Across America,TRUE,25,2026-07-25T16:40:42.000Z,2026-07-25 09:40:42,https://queue-times.com/parks/17/queue_times.json
2026-07-25T16:45:21.260Z,2026-07-25 09:45:21,2026-07-25,America/Los_Angeles,dca,Disney California Adventure,Hollywood Land,321,Animation Academy,TRUE,0,2026-07-25T16:40:42.000Z,2026-07-25 09:40:42,https://queue-times.com/parks/17/queue_times.json
2026-07-25T16:45:21.260Z,2026-07-25 09:45:21,2026-07-25,America/Los_Angeles,dca,Disney California Adventure,Hollywood Land,6440,Mickey's PhilharMagic,TRUE,10,2026-07-25T16:40:42.000Z,2026-07-25 09:40:42,https://queue-times.com/parks/17/queue_times.json
2026-07-25T16:45:21.260Z,2026-07-25 09:45:21,2026-07-25,America/Los_Angeles,dca,Disney California Adventure,Hollywood Land,291,"Monsters, Inc. Mike & Sulley to the Rescue!",TRUE,5,2026-07-25T16:40:42.000Z,2026-07-25 09:40:42,https://queue-times.com/parks/17/queue_times.json
2026-07-25T16:45:21.260Z,2026-07-25 09:45:21,2026-07-25,America/Los_Angeles,dca,Disney California Adventure,Hollywood Land,868,Sorcerer's Workshop,TRUE,0,2026-07-25T16:40:42.000Z,2026-07-25 09:40:42,https://queue-times.com/parks/17/queue_times.json
2026-07-25T16:45:21.260Z,2026-07-25 09:45:21,2026-07-25,America/Los_Angeles,dca,Disney California Adventure,Hollywood Land,294,Turtle Talk with Crush,TRUE,0,2026-07-25T16:40:42.000Z,2026-07-25 09:40:42,https://queue-times.com/parks/17/queue_times.json
2026-07-25T16:45:21.260Z,2026-07-25 09:45:21,2026-07-25,America/Los_Angeles,dca,Disney California Adventure,Pacific Wharf,869,The Bakery Tour,TRUE,0,2026-07-25T16:40:42.000Z,2026-07-25 09:40:42,https://queue-times.com/parks/17/queue_times.json
2026-07-25T16:45:21.260Z,2026-07-25 09:45:21,2026-07-25,America/Los_Angeles,dca,Disney California Adventure,Paradise Gardens Park,298,Golden Zephyr,TRUE,5,2026-07-25T16:40:42.000Z,2026-07-25 09:40:42,https://queue-times.com/parks/17/queue_times.json
2026-07-25T16:45:21.260Z,2026-07-25 09:45:21,2026-07-25,America/Los_Angeles,dca,Disney California Adventure,Paradise Gardens Park,319,Goofy's Sky School,TRUE,15,2026-07-25T16:40:42.000Z,2026-07-25 09:40:42,https://queue-times.com/parks/17/queue_times.json
2026-07-25T16:45:21.260Z,2026-07-25 09:45:21,2026-07-25,America/Los_Angeles,dca,Disney California Adventure,Paradise Gardens Park,301,Silly Symphony Swings,FALSE,0,2026-07-25T16:40:42.000Z,2026-07-25 09:40:42,https://queue-times.com/parks/17/queue_times.json
2026-07-25T16:45:21.260Z,2026-07-25 09:45:21,2026-07-25,America/Los_Angeles,dca,Disney California Adventure,Paradise Gardens Park,316,The Little Mermaid - Ariel's Undersea Adventure,FALSE,0,2026-07-25T16:40:42.000Z,2026-07-25 09:40:42,https://queue-times.com/parks/17/queue_times.json
2026-07-25T16:45:21.260Z,2026-07-25 09:45:21,2026-07-25,America/Los_Angeles,dca,Disney California Adventure,Paradise Gardens Park,14742,World of Color Happiness!,TRUE,0,2026-07-25T16:40:42.000Z,2026-07-25 09:40:42,https://queue-times.com/parks/17/queue_times.json
2026-07-25T16:45:21.260Z,2026-07-25 09:45:21,2026-07-25,America/Los_Angeles,dca,Disney California Adventure,Pixar Pier,866,Games of Pixar Pier,TRUE,5,2026-07-25T16:40:42.000Z,2026-07-25 09:40:42,https://queue-times.com/parks/17/queue_times.json
2026-07-25T16:45:21.260Z,2026-07-25 09:45:21,2026-07-25,America/Los_Angeles,dca,Disney California Adventure,Pixar Pier,322,Incredicoaster,TRUE,35,2026-07-25T16:40:42.000Z,2026-07-25 09:40:42,https://queue-times.com/parks/17/queue_times.json
2026-07-25T16:45:21.260Z,2026-07-25 09:45:21,2026-07-25,America/Los_Angeles,dca,Disney California Adventure,Pixar Pier,10906,Incredicoaster Single Rider,TRUE,0,2026-07-25T16:40:42.000Z,2026-07-25 09:40:42,https://queue-times.com/parks/17/queue_times.json
2026-07-25T16:45:21.260Z,2026-07-25 09:45:21,2026-07-25,America/Los_Angeles,dca,Disney California Adventure,Pixar Pier,6643,Inside Out Emotional Whirlwind,TRUE,5,2026-07-25T16:40:42.000Z,2026-07-25 09:40:42,https://queue-times.com/parks/17/queue_times.json
2026-07-25T16:45:21.260Z,2026-07-25 09:45:21,2026-07-25,America/Los_Angeles,dca,Disney California Adventure,Pixar Pier,310,Jessie's Critter Carousel,TRUE,5,2026-07-25T16:40:42.000Z,2026-07-25 09:40:42,https://queue-times.com/parks/17/queue_times.json
2026-07-25T16:45:21.260Z,2026-07-25 09:45:21,2026-07-25,America/Los_Angeles,dca,Disney California Adventure,Pixar Pier,300,Jumpin' Jellyfish,TRUE,5,2026-07-25T16:40:42.000Z,2026-07-25 09:40:42,https://queue-times.com/parks/17/queue_times.json
2026-07-25T16:45:21.260Z,2026-07-25 09:45:21,2026-07-25,America/Los_Angeles,dca,Disney California Adventure,Pixar Pier,311,Pixar Pal-A-Round - Swinging,TRUE,5,2026-07-25T16:40:42.000Z,2026-07-25 09:40:42,https://queue-times.com/parks/17/queue_times.json
2026-07-25T16:45:21.260Z,2026-07-25 09:45:21,2026-07-25,America/Los_Angeles,dca,Disney California Adventure,Pixar Pier,5557,Pixar Pal-A-Round – Non-Swinging,TRUE,5,2026-07-25T16:40:42.000Z,2026-07-25 09:40:42,https://queue-times.com/parks/17/queue_times.json
2026-07-25T16:45:21.260Z,2026-07-25 09:45:21,2026-07-25,America/Los_Angeles,dca,Disney California Adventure,Pixar Pier,313,Toy Story Midway Mania!,TRUE,45,2026-07-25T16:40:42.000Z,2026-07-25 09:40:42,https://queue-times.com/parks/17/queue_times.json
2026-07-25T17:00:21.121Z,2026-07-25 10:00:21,2026-07-25,America/Los_Angeles,disneyland,Disneyland,Adventureland,12428,Adventureland Treehouse inspired by Walt Disney’s Swiss Family Robinson,TRUE,0,2026-07-25T16:56:02.000Z,2026-07-25 09:56:02,https://queue-times.com/parks/16/queue_times.json
2026-07-25T17:00:21.121Z,2026-07-25 10:00:21,2026-07-25,America/Los_Angeles,disneyland,Disneyland,Adventureland,326,Indiana Jones™ Adventure,TRUE,45,2026-07-25T16:56:02.000Z,2026-07-25 09:56:02,https://queue-times.com/parks/16/queue_times.json
2026-07-25T17:00:21.121Z,2026-07-25 10:00:21,2026-07-25,America/Los_Angeles,disneyland,Disneyland,Adventureland,296,Jungle Cruise,TRUE,15,2026-07-25T16:56:02.000Z,2026-07-25 09:56:02,https://queue-times.com/parks/16/queue_times.json
2026-07-25T17:00:21.121Z,2026-07-25 10:00:21,2026-07-25,America/Los_Angeles,disneyland,Disneyland,Adventureland,288,Walt Disney's Enchanted Tiki Room,TRUE,0,2026-07-25T16:56:02.000Z,2026-07-25 09:56:02,https://queue-times.com/parks/16/queue_times.json
2026-07-25T17:00:21.121Z,2026-07-25 10:00:21,2026-07-25,America/Los_Angeles,disneyland,Disneyland,Bayou Country,304,Davy Crockett's Explorer Canoes,FALSE,0,2026-07-25T16:56:02.000Z,2026-07-25 09:56:02,https://queue-times.com/parks/16/queue_times.json
2026-07-25T17:00:21.121Z,2026-07-25 10:00:21,2026-07-25,America/Los_Angeles,disneyland,Disneyland,Bayou Country,306,The Many Adventures of Winnie the Pooh,TRUE,5,2026-07-25T16:56:02.000Z,2026-07-25 09:56:02,https://queue-times.com/parks/16/queue_times.json
2026-07-25T17:00:21.121Z,2026-07-25 10:00:21,2026-07-25,America/Los_Angeles,disneyland,Disneyland,Bayou Country,14168,Tiana's Bayou Adventure,TRUE,5,2026-07-25T16:56:02.000Z,2026-07-25 09:56:02,https://queue-times.com/parks/16/queue_times.json
2026-07-25T17:00:21.121Z,2026-07-25 10:00:21,2026-07-25,America/Los_Angeles,disneyland,Disneyland,Bayou Country,14326,Tiana's Bayou Adventure Single Rider,TRUE,0,2026-07-25T16:56:02.000Z,2026-07-25 09:56:02,https://queue-times.com/parks/16/queue_times.json
2026-07-25T17:00:21.121Z,2026-07-25 10:00:21,2026-07-25,America/Los_Angeles,disneyland,Disneyland,Fantasyland,307,"""it's a small world""",TRUE,5,2026-07-25T16:56:02.000Z,2026-07-25 09:56:02,https://queue-times.com/parks/16/queue_times.json
2026-07-25T17:00:21.121Z,2026-07-25 10:00:21,2026-07-25,America/Los_Angeles,disneyland,Disneyland,Fantasyland,285,Alice in Wonderland,TRUE,10,2026-07-25T16:56:02.000Z,2026-07-25 09:56:02,https://queue-times.com/parks/16/queue_times.json
2026-07-25T17:00:21.121Z,2026-07-25 10:00:21,2026-07-25,America/Los_Angeles,disneyland,Disneyland,Fantasyland,16254,Bluey’s Best Day Ever! at Fantasyland Theatre,TRUE,0,2026-07-25T16:56:02.000Z,2026-07-25 09:56:02,https://queue-times.com/parks/16/queue_times.json
2026-07-25T17:00:21.121Z,2026-07-25 10:00:21,2026-07-25,America/Los_Angeles,disneyland,Disneyland,Fantasyland,303,Casey Jr. Circus Train,TRUE,10,2026-07-25T16:56:02.000Z,2026-07-25 09:56:02,https://queue-times.com/parks/16/queue_times.json
2026-07-25T17:00:21.121Z,2026-07-25 10:00:21,2026-07-25,America/Los_Angeles,disneyland,Disneyland,Fantasyland,275,Dumbo the Flying Elephant,TRUE,20,2026-07-25T16:56:02.000Z,2026-07-25 09:56:02,https://queue-times.com/parks/16/queue_times.json
2026-07-25T17:00:21.121Z,2026-07-25 10:00:21,2026-07-25,America/Los_Angeles,disneyland,Disneyland,Fantasyland,277,King Arthur Carrousel,TRUE,5,2026-07-25T16:56:02.000Z,2026-07-25 09:56:02,https://queue-times.com/parks/16/queue_times.json
2026-07-25T17:00:21.121Z,2026-07-25 10:00:21,2026-07-25,America/Los_Angeles,disneyland,Disneyland,Fantasyland,278,Mad Tea Party,TRUE,5,2026-07-25T16:56:02.000Z,2026-07-25 09:56:02,https://queue-times.com/parks/16/queue_times.json
2026-07-25T17:00:21.121Z,2026-07-25 10:00:21,2026-07-25,America/Los_Angeles,disneyland,Disneyland,Fantasyland,279,Matterhorn Bobsleds,TRUE,25,2026-07-25T16:56:02.000Z,2026-07-25 09:56:02,https://queue-times.com/parks/16/queue_times.json
2026-07-25T17:00:21.121Z,2026-07-25 10:00:21,2026-07-25,America/Los_Angeles,disneyland,Disneyland,Fantasyland,6711,Meet Disney Princesses at Royal Hall,FALSE,0,2026-07-25T16:56:02.000Z,2026-07-25 09:56:02,https://queue-times.com/parks/16/queue_times.json
2026-07-25T17:00:21.121Z,2026-07-25 10:00:21,2026-07-25,America/Los_Angeles,disneyland,Disneyland,Fantasyland,280,Mr. Toad's Wild Ride,TRUE,5,2026-07-25T16:56:02.000Z,2026-07-25 09:56:02,https://queue-times.com/parks/16/queue_times.json
2026-07-25T17:00:21.121Z,2026-07-25 10:00:21,2026-07-25,America/Los_Angeles,disneyland,Disneyland,Fantasyland,281,Peter Pan's Flight,TRUE,30,2026-07-25T16:56:02.000Z,2026-07-25 09:56:02,https://queue-times.com/parks/16/queue_times.json
2026-07-25T17:00:21.121Z,2026-07-25 10:00:21,2026-07-25,America/Los_Angeles,disneyland,Disneyland,Fantasyland,282,Pinocchio's Daring Journey,TRUE,5,2026-07-25T16:56:02.000Z,2026-07-25 09:56:02,https://queue-times.com/parks/16/queue_times.json
2026-07-25T17:00:21.121Z,2026-07-25 10:00:21,2026-07-25,America/Los_Angeles,disneyland,Disneyland,Fantasyland,687,Sleeping Beauty Castle Walkthrough,FALSE,0,2026-07-25T16:56:02.000Z,2026-07-25 09:56:02,https://queue-times.com/parks/16/queue_times.json
2026-07-25T17:00:21.121Z,2026-07-25 10:00:21,2026-07-25,America/Los_Angeles,disneyland,Disneyland,Fantasyland,283,Snow White's Enchanted Wish,TRUE,5,2026-07-25T16:56:02.000Z,2026-07-25 09:56:02,https://queue-times.com/parks/16/queue_times.json
2026-07-25T17:00:21.121Z,2026-07-25 10:00:21,2026-07-25,America/Los_Angeles,disneyland,Disneyland,Fantasyland,305,Storybook Land Canal Boats,TRUE,10,2026-07-25T16:56:02.000Z,2026-07-25 09:56:02,https://queue-times.com/parks/16/queue_times.json
2026-07-25T17:00:21.121Z,2026-07-25 10:00:21,2026-07-25,America/Los_Angeles,disneyland,Disneyland,Frontierland,323,Big Thunder Mountain Railroad,TRUE,15,2026-07-25T16:56:02.000Z,2026-07-25 09:56:02,https://queue-times.com/parks/16/queue_times.json
2026-07-25T17:00:21.121Z,2026-07-25 10:00:21,2026-07-25,America/Los_Angeles,disneyland,Disneyland,Frontierland,679,Frontierland Shootin' Exposition,FALSE,0,2026-07-25T16:56:02.000Z,2026-07-25 09:56:02,https://queue-times.com/parks/16/queue_times.json
2026-07-25T17:00:21.121Z,2026-07-25 10:00:21,2026-07-25,America/Los_Angeles,disneyland,Disneyland,Frontierland,456,Mark Twain Riverboat,TRUE,10,2026-07-25T16:56:02.000Z,2026-07-25 09:56:02,https://queue-times.com/parks/16/queue_times.json
2026-07-25T17:00:21.121Z,2026-07-25 10:00:21,2026-07-25,America/Los_Angeles,disneyland,Disneyland,Frontierland,331,Pirate's Lair on Tom Sawyer Island,TRUE,5,2026-07-25T16:56:02.000Z,2026-07-25 09:56:02,https://queue-times.com/parks/16/queue_times.json
2026-07-25T17:00:21.121Z,2026-07-25 10:00:21,2026-07-25,America/Los_Angeles,disneyland,Disneyland,Frontierland,328,Sailing Ship Columbia,FALSE,0,2026-07-25T16:56:02.000Z,2026-07-25 09:56:02,https://queue-times.com/parks/16/queue_times.json
2026-07-25T17:00:21.121Z,2026-07-25 10:00:21,2026-07-25,America/Los_Angeles,disneyland,Disneyland,Main Street U.S.A,674,Disneyland Railroad,TRUE,5,2026-07-25T16:56:02.000Z,2026-07-25 09:56:02,https://queue-times.com/parks/16/queue_times.json
2026-07-25T17:00:21.121Z,2026-07-25 10:00:21,2026-07-25,America/Los_Angeles,disneyland,Disneyland,Main Street U.S.A,690,Great Moments with Mr. Lincoln,TRUE,0,2026-07-25T16:56:02.000Z,2026-07-25 09:56:02,https://queue-times.com/parks/16/queue_times.json
2026-07-25T17:00:21.121Z,2026-07-25 10:00:21,2026-07-25,America/Los_Angeles,disneyland,Disneyland,Main Street U.S.A,686,Main Street Cinema,TRUE,0,2026-07-25T16:56:02.000Z,2026-07-25 09:56:02,https://queue-times.com/parks/16/queue_times.json
2026-07-25T17:00:21.121Z,2026-07-25 10:00:21,2026-07-25,America/Los_Angeles,disneyland,Disneyland,Main Street U.S.A,691,Main Street Vehicles,TRUE,0,2026-07-25T16:56:02.000Z,2026-07-25 09:56:02,https://queue-times.com/parks/16/queue_times.json
2026-07-25T17:00:21.121Z,2026-07-25 10:00:21,2026-07-25,America/Los_Angeles,disneyland,Disneyland,Main Street U.S.A,14915,Opera House - Walt Disney - A Magical Life,TRUE,0,2026-07-25T16:56:02.000Z,2026-07-25 09:56:02,https://queue-times.com/parks/16/queue_times.json
2026-07-25T17:00:21.121Z,2026-07-25 10:00:21,2026-07-25,America/Los_Angeles,disneyland,Disneyland,Main Street U.S.A,695,The Disney Gallery,TRUE,0,2026-07-25T16:56:02.000Z,2026-07-25 09:56:02,https://queue-times.com/parks/16/queue_times.json
2026-07-25T17:00:21.121Z,2026-07-25 10:00:21,2026-07-25,America/Los_Angeles,disneyland,Disneyland,Main Street U.S.A,14923,Walt Disney - A Magical Life,FALSE,0,2026-07-25T16:56:02.000Z,2026-07-25 09:56:02,https://queue-times.com/parks/16/queue_times.json
2026-07-25T17:00:21.121Z,2026-07-25 10:00:21,2026-07-25,America/Los_Angeles,disneyland,Disneyland,Mickey's Toontown,324,Chip 'n' Dale's GADGETcoaster,TRUE,5,2026-07-25T16:56:02.000Z,2026-07-25 09:56:02,https://queue-times.com/parks/16/queue_times.json
2026-07-25T17:00:21.121Z,2026-07-25 10:00:21,2026-07-25,America/Los_Angeles,disneyland,Disneyland,Mickey's Toontown,13814,Donald's Duck Pond,TRUE,0,2026-07-25T16:56:02.000Z,2026-07-25 09:56:02,https://queue-times.com/parks/16/queue_times.json
2026-07-25T17:00:21.121Z,2026-07-25 10:00:21,2026-07-25,America/Los_Angeles,disneyland,Disneyland,Mickey's Toontown,11980,Goofy's How-to-Play Yard,TRUE,0,2026-07-25T16:56:02.000Z,2026-07-25 09:56:02,https://queue-times.com/parks/16/queue_times.json
2026-07-25T17:00:21.121Z,2026-07-25 10:00:21,2026-07-25,America/Los_Angeles,disneyland,Disneyland,Mickey's Toontown,11526,Mickey & Minnie's Runaway Railway,TRUE,10,2026-07-25T16:56:02.000Z,2026-07-25 09:56:02,https://queue-times.com/parks/16/queue_times.json
2026-07-25T17:00:21.121Z,2026-07-25 10:00:21,2026-07-25,America/Los_Angeles,disneyland,Disneyland,Mickey's Toontown,709,Mickey's House and Meet Mickey Mouse,TRUE,5,2026-07-25T16:56:02.000Z,2026-07-25 09:56:02,https://queue-times.com/parks/16/queue_times.json
2026-07-25T17:00:21.121Z,2026-07-25 10:00:21,2026-07-25,America/Los_Angeles,disneyland,Disneyland,Mickey's Toontown,327,Mickey's House and Meet Mickey Mouse,FALSE,0,2026-07-25T16:56:02.000Z,2026-07-25 09:56:02,https://queue-times.com/parks/16/queue_times.json
2026-07-25T17:00:21.121Z,2026-07-25 10:00:21,2026-07-25,America/Los_Angeles,disneyland,Disneyland,Mickey's Toontown,684,Minnie's House,TRUE,0,2026-07-25T16:56:02.000Z,2026-07-25 09:56:02,https://queue-times.com/parks/16/queue_times.json
2026-07-25T17:00:21.121Z,2026-07-25 10:00:21,2026-07-25,America/Los_Angeles,disneyland,Disneyland,Mickey's Toontown,332,Roger Rabbit's Car Toon Spin,TRUE,25,2026-07-25T16:56:02.000Z,2026-07-25 09:56:02,https://queue-times.com/parks/16/queue_times.json
2026-07-25T17:00:21.121Z,2026-07-25 10:00:21,2026-07-25,America/Los_Angeles,disneyland,Disneyland,New Orleans Square,13958,Haunted Mansion,TRUE,13,2026-07-25T16:56:02.000Z,2026-07-25 09:56:02,https://queue-times.com/parks/16/queue_times.json
2026-07-25T17:00:21.121Z,2026-07-25 10:00:21,2026-07-25,America/Los_Angeles,disneyland,Disneyland,New Orleans Square,289,Pirates of the Caribbean,TRUE,10,2026-07-25T16:56:02.000Z,2026-07-25 09:56:02,https://queue-times.com/parks/16/queue_times.json
2026-07-25T17:00:21.121Z,2026-07-25 10:00:21,2026-07-25,America/Los_Angeles,disneyland,Disneyland,Star Wars: Galaxy's Edge,6339,Millennium Falcon: Smugglers Run,TRUE,10,2026-07-25T16:56:02.000Z,2026-07-25 09:56:02,https://queue-times.com/parks/16/queue_times.json
2026-07-25T17:00:21.121Z,2026-07-25 10:00:21,2026-07-25,America/Los_Angeles,disneyland,Disneyland,Star Wars: Galaxy's Edge,10903,Millennium Falcon: Smugglers Run Single Rider,TRUE,0,2026-07-25T16:56:02.000Z,2026-07-25 09:56:02,https://queue-times.com/parks/16/queue_times.json
2026-07-25T17:00:21.121Z,2026-07-25 10:00:21,2026-07-25,America/Los_Angeles,disneyland,Disneyland,Star Wars: Galaxy's Edge,6340,Star Wars: Rise of the Resistance,TRUE,40,2026-07-25T16:56:02.000Z,2026-07-25 09:56:02,https://queue-times.com/parks/16/queue_times.json
2026-07-25T17:00:21.121Z,2026-07-25 10:00:21,2026-07-25,America/Los_Angeles,disneyland,Disneyland,Tomorrowland,287,Astro Orbitor,TRUE,15,2026-07-25T16:56:02.000Z,2026-07-25 09:56:02,https://queue-times.com/parks/16/queue_times.json
2026-07-25T17:00:21.121Z,2026-07-25 10:00:21,2026-07-25,America/Los_Angeles,disneyland,Disneyland,Tomorrowland,317,Autopia,TRUE,5,2026-07-25T16:56:02.000Z,2026-07-25 09:56:02,https://queue-times.com/parks/16/queue_times.json
2026-07-25T17:00:21.121Z,2026-07-25 10:00:21,2026-07-25,America/Los_Angeles,disneyland,Disneyland,Tomorrowland,273,Buzz Lightyear Astro Blasters,TRUE,5,2026-07-25T16:56:02.000Z,2026-07-25 09:56:02,https://queue-times.com/parks/16/queue_times.json
2026-07-25T17:00:21.121Z,2026-07-25 10:00:21,2026-07-25,America/Los_Angeles,disneyland,Disneyland,Tomorrowland,274,Disneyland Monorail,TRUE,5,2026-07-25T16:56:02.000Z,2026-07-25 09:56:02,https://queue-times.com/parks/16/queue_times.json
2026-07-25T17:00:21.121Z,2026-07-25 10:00:21,2026-07-25,America/Los_Angeles,disneyland,Disneyland,Tomorrowland,276,Finding Nemo Submarine Voyage,TRUE,15,2026-07-25T16:56:02.000Z,2026-07-25 09:56:02,https://queue-times.com/parks/16/queue_times.json
2026-07-25T17:00:21.121Z,2026-07-25 10:00:21,2026-07-25,America/Los_Angeles,disneyland,Disneyland,Tomorrowland,16627,Pixar Short Film Spotlight,FALSE,0,2026-07-25T16:56:02.000Z,2026-07-25 09:56:02,https://queue-times.com/parks/16/queue_times.json
2026-07-25T17:00:21.121Z,2026-07-25 10:00:21,2026-07-25,America/Los_Angeles,disneyland,Disneyland,Tomorrowland,284,Space Mountain,TRUE,40,2026-07-25T16:56:02.000Z,2026-07-25 09:56:02,https://queue-times.com/parks/16/queue_times.json
2026-07-25T17:00:21.121Z,2026-07-25 10:00:21,2026-07-25,America/Los_Angeles,disneyland,Disneyland,Tomorrowland,286,Star Tours - The Adventures Continue,TRUE,5,2026-07-25T16:56:02.000Z,2026-07-25 09:56:02,https://queue-times.com/parks/16/queue_times.json
2026-07-25T17:00:21.121Z,2026-07-25 10:00:21,2026-07-25,America/Los_Angeles,dca,Disney California Adventure,Avengers Campus,329,Guardians of the Galaxy - Mission: BREAKOUT!,TRUE,30,2026-07-25T16:56:02.000Z,2026-07-25 09:56:02,https://queue-times.com/parks/17/queue_times.json
2026-07-25T17:00:21.121Z,2026-07-25 10:00:21,2026-07-25,America/Los_Angeles,dca,Disney California Adventure,Avengers Campus,8843,WEB SLINGERS: A Spider-Man Adventure,TRUE,30,2026-07-25T16:56:02.000Z,2026-07-25 09:56:02,https://queue-times.com/parks/17/queue_times.json
2026-07-25T17:00:21.121Z,2026-07-25 10:00:21,2026-07-25,America/Los_Angeles,dca,Disney California Adventure,Avengers Campus,10907,WEB SLINGERS: A Spider-Man Adventure Single Rider,TRUE,0,2026-07-25T16:56:02.000Z,2026-07-25 09:56:02,https://queue-times.com/parks/17/queue_times.json
2026-07-25T17:00:21.121Z,2026-07-25 10:00:21,2026-07-25,America/Los_Angeles,dca,Disney California Adventure,Cars Land,13961,Luigi's Rollickin' Roadsters,TRUE,5,2026-07-25T16:56:02.000Z,2026-07-25 09:56:02,https://queue-times.com/parks/17/queue_times.json
2026-07-25T17:00:21.121Z,2026-07-25 10:00:21,2026-07-25,America/Los_Angeles,dca,Disney California Adventure,Cars Land,315,Mater's Junkyard Jamboree,TRUE,20,2026-07-25T16:56:02.000Z,2026-07-25 09:56:02,https://queue-times.com/parks/17/queue_times.json
2026-07-25T17:00:21.121Z,2026-07-25 10:00:21,2026-07-25,America/Los_Angeles,dca,Disney California Adventure,Cars Land,295,Radiator Springs Racers,TRUE,70,2026-07-25T16:56:02.000Z,2026-07-25 09:56:02,https://queue-times.com/parks/17/queue_times.json
2026-07-25T17:00:21.121Z,2026-07-25 10:00:21,2026-07-25,America/Los_Angeles,dca,Disney California Adventure,Cars Land,10904,Radiator Springs Racers Single Rider,TRUE,0,2026-07-25T16:56:02.000Z,2026-07-25 09:56:02,https://queue-times.com/parks/17/queue_times.json
2026-07-25T17:00:21.121Z,2026-07-25 10:00:21,2026-07-25,America/Los_Angeles,dca,Disney California Adventure,Grizzly Peak,302,Grizzly River Run,TRUE,5,2026-07-25T16:56:02.000Z,2026-07-25 09:56:02,https://queue-times.com/parks/17/queue_times.json
2026-07-25T17:00:21.121Z,2026-07-25 10:00:21,2026-07-25,America/Los_Angeles,dca,Disney California Adventure,Grizzly Peak,293,Redwood Creek Challenge Trail,FALSE,0,2026-07-25T16:56:02.000Z,2026-07-25 09:56:02,https://queue-times.com/parks/17/queue_times.json
2026-07-25T17:00:21.121Z,2026-07-25 10:00:21,2026-07-25,America/Los_Angeles,dca,Disney California Adventure,Grizzly Peak,17129,Soarin’ Across America,TRUE,40,2026-07-25T16:56:02.000Z,2026-07-25 09:56:02,https://queue-times.com/parks/17/queue_times.json
2026-07-25T17:00:21.121Z,2026-07-25 10:00:21,2026-07-25,America/Los_Angeles,dca,Disney California Adventure,Hollywood Land,321,Animation Academy,TRUE,0,2026-07-25T16:56:02.000Z,2026-07-25 09:56:02,https://queue-times.com/parks/17/queue_times.json
2026-07-25T17:00:21.121Z,2026-07-25 10:00:21,2026-07-25,America/Los_Angeles,dca,Disney California Adventure,Hollywood Land,6440,Mickey's PhilharMagic,TRUE,10,2026-07-25T16:56:02.000Z,2026-07-25 09:56:02,https://queue-times.com/parks/17/queue_times.json
2026-07-25T17:00:21.121Z,2026-07-25 10:00:21,2026-07-25,America/Los_Angeles,dca,Disney California Adventure,Hollywood Land,291,"Monsters, Inc. Mike & Sulley to the Rescue!",TRUE,30,2026-07-25T16:56:02.000Z,2026-07-25 09:56:02,https://queue-times.com/parks/17/queue_times.json
2026-07-25T17:00:21.121Z,2026-07-25 10:00:21,2026-07-25,America/Los_Angeles,dca,Disney California Adventure,Hollywood Land,868,Sorcerer's Workshop,TRUE,0,2026-07-25T16:56:02.000Z,2026-07-25 09:56:02,https://queue-times.com/parks/17/queue_times.json
2026-07-25T17:00:21.121Z,2026-07-25 10:00:21,2026-07-25,America/Los_Angeles,dca,Disney California Adventure,Hollywood Land,294,Turtle Talk with Crush,TRUE,0,2026-07-25T16:56:02.000Z,2026-07-25 09:56:02,https://queue-times.com/parks/17/queue_times.json
2026-07-25T17:00:21.121Z,2026-07-25 10:00:21,2026-07-25,America/Los_Angeles,dca,Disney California Adventure,Pacific Wharf,869,The Bakery Tour,TRUE,0,2026-07-25T16:56:02.000Z,2026-07-25 09:56:02,https://queue-times.com/parks/17/queue_times.json
2026-07-25T17:00:21.121Z,2026-07-25 10:00:21,2026-07-25,America/Los_Angeles,dca,Disney California Adventure,Paradise Gardens Park,298,Golden Zephyr,TRUE,5,2026-07-25T16:56:02.000Z,2026-07-25 09:56:02,https://queue-times.com/parks/17/queue_times.json
2026-07-25T17:00:21.121Z,2026-07-25 10:00:21,2026-07-25,America/Los_Angeles,dca,Disney California Adventure,Paradise Gardens Park,319,Goofy's Sky School,TRUE,25,2026-07-25T16:56:02.000Z,2026-07-25 09:56:02,https://queue-times.com/parks/17/queue_times.json
2026-07-25T17:00:21.121Z,2026-07-25 10:00:21,2026-07-25,America/Los_Angeles,dca,Disney California Adventure,Paradise Gardens Park,301,Silly Symphony Swings,FALSE,0,2026-07-25T16:56:02.000Z,2026-07-25 09:56:02,https://queue-times.com/parks/17/queue_times.json
2026-07-25T17:00:21.121Z,2026-07-25 10:00:21,2026-07-25,America/Los_Angeles,dca,Disney California Adventure,Paradise Gardens Park,316,The Little Mermaid - Ariel's Undersea Adventure,TRUE,5,2026-07-25T16:56:02.000Z,2026-07-25 09:56:02,https://queue-times.com/parks/17/queue_times.json
2026-07-25T17:00:21.121Z,2026-07-25 10:00:21,2026-07-25,America/Los_Angeles,dca,Disney California Adventure,Paradise Gardens Park,14742,World of Color Happiness!,TRUE,0,2026-07-25T16:56:02.000Z,2026-07-25 09:56:02,https://queue-times.com/parks/17/queue_times.json
2026-07-25T17:00:21.121Z,2026-07-25 10:00:21,2026-07-25,America/Los_Angeles,dca,Disney California Adventure,Pixar Pier,866,Games of Pixar Pier,TRUE,5,2026-07-25T16:56:02.000Z,2026-07-25 09:56:02,https://queue-times.com/parks/17/queue_times.json
2026-07-25T17:00:21.121Z,2026-07-25 10:00:21,2026-07-25,America/Los_Angeles,dca,Disney California Adventure,Pixar Pier,322,Incredicoaster,TRUE,35,2026-07-25T16:56:02.000Z,2026-07-25 09:56:02,https://queue-times.com/parks/17/queue_times.json
2026-07-25T17:00:21.121Z,2026-07-25 10:00:21,2026-07-25,America/Los_Angeles,dca,Disney California Adventure,Pixar Pier,10906,Incredicoaster Single Rider,TRUE,0,2026-07-25T16:56:02.000Z,2026-07-25 09:56:02,https://queue-times.com/parks/17/queue_times.json
2026-07-25T17:00:21.121Z,2026-07-25 10:00:21,2026-07-25,America/Los_Angeles,dca,Disney California Adventure,Pixar Pier,6643,Inside Out Emotional Whirlwind,TRUE,5,2026-07-25T16:56:02.000Z,2026-07-25 09:56:02,https://queue-times.com/parks/17/queue_times.json
2026-07-25T17:00:21.121Z,2026-07-25 10:00:21,2026-07-25,America/Los_Angeles,dca,Disney California Adventure,Pixar Pier,310,Jessie's Critter Carousel,TRUE,5,2026-07-25T16:56:02.000Z,2026-07-25 09:56:02,https://queue-times.com/parks/17/queue_times.json
2026-07-25T17:00:21.121Z,2026-07-25 10:00:21,2026-07-25,America/Los_Angeles,dca,Disney California Adventure,Pixar Pier,300,Jumpin' Jellyfish,TRUE,5,2026-07-25T16:56:02.000Z,2026-07-25 09:56:02,https://queue-times.com/parks/17/queue_times.json
2026-07-25T17:00:21.121Z,2026-07-25 10:00:21,2026-07-25,America/Los_Angeles,dca,Disney California Adventure,Pixar Pier,311,Pixar Pal-A-Round - Swinging,TRUE,5,2026-07-25T16:56:02.000Z,2026-07-25 09:56:02,https://queue-times.com/parks/17/queue_times.json
2026-07-25T17:00:21.121Z,2026-07-25 10:00:21,2026-07-25,America/Los_Angeles,dca,Disney California Adventure,Pixar Pier,5557,Pixar Pal-A-Round – Non-Swinging,TRUE,5,2026-07-25T16:56:02.000Z,2026-07-25 09:56:02,https://queue-times.com/parks/17/queue_times.json
2026-07-25T17:00:21.121Z,2026-07-25 10:00:21,2026-07-25,America/Los_Angeles,dca,Disney California Adventure,Pixar Pier,313,Toy Story Midway Mania!,TRUE,45,2026-07-25T16:56:02.000Z,2026-07-25 09:56:02,https://queue-times.com/parks/17/queue_times.json
2026-07-25T17:15:15.026Z,2026-07-25 10:15:15,2026-07-25,America/Los_Angeles,disneyland,Disneyland,Adventureland,12428,Adventureland Treehouse inspired by Walt Disney’s Swiss Family Robinson,TRUE,0,2026-07-25T17:10:37.000Z,2026-07-25 10:10:37,https://queue-times.com/parks/16/queue_times.json
2026-07-25T17:15:15.026Z,2026-07-25 10:15:15,2026-07-25,America/Los_Angeles,disneyland,Disneyland,Adventureland,326,Indiana Jones™ Adventure,TRUE,25,2026-07-25T17:10:37.000Z,2026-07-25 10:10:37,https://queue-times.com/parks/16/queue_times.json
2026-07-25T17:15:15.026Z,2026-07-25 10:15:15,2026-07-25,America/Los_Angeles,disneyland,Disneyland,Adventureland,296,Jungle Cruise,TRUE,15,2026-07-25T17:10:37.000Z,2026-07-25 10:10:37,https://queue-times.com/parks/16/queue_times.json
2026-07-25T17:15:15.026Z,2026-07-25 10:15:15,2026-07-25,America/Los_Angeles,disneyland,Disneyland,Adventureland,288,Walt Disney's Enchanted Tiki Room,TRUE,0,2026-07-25T17:10:37.000Z,2026-07-25 10:10:37,https://queue-times.com/parks/16/queue_times.json
2026-07-25T17:15:15.026Z,2026-07-25 10:15:15,2026-07-25,America/Los_Angeles,disneyland,Disneyland,Bayou Country,304,Davy Crockett's Explorer Canoes,TRUE,5,2026-07-25T17:10:37.000Z,2026-07-25 10:10:37,https://queue-times.com/parks/16/queue_times.json
2026-07-25T17:15:15.026Z,2026-07-25 10:15:15,2026-07-25,America/Los_Angeles,disneyland,Disneyland,Bayou Country,306,The Many Adventures of Winnie the Pooh,TRUE,5,2026-07-25T17:10:37.000Z,2026-07-25 10:10:37,https://queue-times.com/parks/16/queue_times.json
2026-07-25T17:15:15.026Z,2026-07-25 10:15:15,2026-07-25,America/Los_Angeles,disneyland,Disneyland,Bayou Country,14168,Tiana's Bayou Adventure,TRUE,20,2026-07-25T17:10:37.000Z,2026-07-25 10:10:37,https://queue-times.com/parks/16/queue_times.json
2026-07-25T17:15:15.026Z,2026-07-25 10:15:15,2026-07-25,America/Los_Angeles,disneyland,Disneyland,Bayou Country,14326,Tiana's Bayou Adventure Single Rider,TRUE,0,2026-07-25T17:10:37.000Z,2026-07-25 10:10:37,https://queue-times.com/parks/16/queue_times.json
2026-07-25T17:15:15.026Z,2026-07-25 10:15:15,2026-07-25,America/Los_Angeles,disneyland,Disneyland,Fantasyland,307,"""it's a small world""",TRUE,5,2026-07-25T17:10:37.000Z,2026-07-25 10:10:37,https://queue-times.com/parks/16/queue_times.json
2026-07-25T17:15:15.026Z,2026-07-25 10:15:15,2026-07-25,America/Los_Angeles,disneyland,Disneyland,Fantasyland,285,Alice in Wonderland,TRUE,30,2026-07-25T17:10:37.000Z,2026-07-25 10:10:37,https://queue-times.com/parks/16/queue_times.json
2026-07-25T17:15:15.026Z,2026-07-25 10:15:15,2026-07-25,America/Los_Angeles,disneyland,Disneyland,Fantasyland,16254,Bluey’s Best Day Ever! at Fantasyland Theatre,TRUE,0,2026-07-25T17:10:37.000Z,2026-07-25 10:10:37,https://queue-times.com/parks/16/queue_times.json
2026-07-25T17:15:15.026Z,2026-07-25 10:15:15,2026-07-25,America/Los_Angeles,disneyland,Disneyland,Fantasyland,303,Casey Jr. Circus Train,TRUE,10,2026-07-25T17:10:37.000Z,2026-07-25 10:10:37,https://queue-times.com/parks/16/queue_times.json
2026-07-25T17:15:15.026Z,2026-07-25 10:15:15,2026-07-25,America/Los_Angeles,disneyland,Disneyland,Fantasyland,275,Dumbo the Flying Elephant,TRUE,20,2026-07-25T17:10:37.000Z,2026-07-25 10:10:37,https://queue-times.com/parks/16/queue_times.json
2026-07-25T17:15:15.026Z,2026-07-25 10:15:15,2026-07-25,America/Los_Angeles,disneyland,Disneyland,Fantasyland,277,King Arthur Carrousel,TRUE,5,2026-07-25T17:10:37.000Z,2026-07-25 10:10:37,https://queue-times.com/parks/16/queue_times.json
2026-07-25T17:15:15.026Z,2026-07-25 10:15:15,2026-07-25,America/Los_Angeles,disneyland,Disneyland,Fantasyland,278,Mad Tea Party,TRUE,5,2026-07-25T17:10:37.000Z,2026-07-25 10:10:37,https://queue-times.com/parks/16/queue_times.json
2026-07-25T17:15:15.026Z,2026-07-25 10:15:15,2026-07-25,America/Los_Angeles,disneyland,Disneyland,Fantasyland,279,Matterhorn Bobsleds,TRUE,25,2026-07-25T17:10:37.000Z,2026-07-25 10:10:37,https://queue-times.com/parks/16/queue_times.json
2026-07-25T17:15:15.026Z,2026-07-25 10:15:15,2026-07-25,America/Los_Angeles,disneyland,Disneyland,Fantasyland,6711,Meet Disney Princesses at Royal Hall,TRUE,60,2026-07-25T17:10:37.000Z,2026-07-25 10:10:37,https://queue-times.com/parks/16/queue_times.json
2026-07-25T17:15:15.026Z,2026-07-25 10:15:15,2026-07-25,America/Los_Angeles,disneyland,Disneyland,Fantasyland,280,Mr. Toad's Wild Ride,TRUE,15,2026-07-25T17:10:37.000Z,2026-07-25 10:10:37,https://queue-times.com/parks/16/queue_times.json
2026-07-25T17:15:15.026Z,2026-07-25 10:15:15,2026-07-25,America/Los_Angeles,disneyland,Disneyland,Fantasyland,281,Peter Pan's Flight,TRUE,30,2026-07-25T17:10:37.000Z,2026-07-25 10:10:37,https://queue-times.com/parks/16/queue_times.json
2026-07-25T17:15:15.026Z,2026-07-25 10:15:15,2026-07-25,America/Los_Angeles,disneyland,Disneyland,Fantasyland,282,Pinocchio's Daring Journey,TRUE,5,2026-07-25T17:10:37.000Z,2026-07-25 10:10:37,https://queue-times.com/parks/16/queue_times.json
2026-07-25T17:15:15.026Z,2026-07-25 10:15:15,2026-07-25,America/Los_Angeles,disneyland,Disneyland,Fantasyland,687,Sleeping Beauty Castle Walkthrough,FALSE,0,2026-07-25T17:10:37.000Z,2026-07-25 10:10:37,https://queue-times.com/parks/16/queue_times.json
2026-07-25T17:15:15.026Z,2026-07-25 10:15:15,2026-07-25,America/Los_Angeles,disneyland,Disneyland,Fantasyland,283,Snow White's Enchanted Wish,TRUE,5,2026-07-25T17:10:37.000Z,2026-07-25 10:10:37,https://queue-times.com/parks/16/queue_times.json
2026-07-25T17:15:15.026Z,2026-07-25 10:15:15,2026-07-25,America/Los_Angeles,disneyland,Disneyland,Fantasyland,305,Storybook Land Canal Boats,TRUE,10,2026-07-25T17:10:37.000Z,2026-07-25 10:10:37,https://queue-times.com/parks/16/queue_times.json
2026-07-25T17:15:15.026Z,2026-07-25 10:15:15,2026-07-25,America/Los_Angeles,disneyland,Disneyland,Frontierland,323,Big Thunder Mountain Railroad,TRUE,25,2026-07-25T17:10:37.000Z,2026-07-25 10:10:37,https://queue-times.com/parks/16/queue_times.json
2026-07-25T17:15:15.026Z,2026-07-25 10:15:15,2026-07-25,America/Los_Angeles,disneyland,Disneyland,Frontierland,679,Frontierland Shootin' Exposition,FALSE,0,2026-07-25T17:10:37.000Z,2026-07-25 10:10:37,https://queue-times.com/parks/16/queue_times.json
2026-07-25T17:15:15.026Z,2026-07-25 10:15:15,2026-07-25,America/Los_Angeles,disneyland,Disneyland,Frontierland,456,Mark Twain Riverboat,TRUE,10,2026-07-25T17:10:37.000Z,2026-07-25 10:10:37,https://queue-times.com/parks/16/queue_times.json
2026-07-25T17:15:15.026Z,2026-07-25 10:15:15,2026-07-25,America/Los_Angeles,disneyland,Disneyland,Frontierland,331,Pirate's Lair on Tom Sawyer Island,TRUE,5,2026-07-25T17:10:37.000Z,2026-07-25 10:10:37,https://queue-times.com/parks/16/queue_times.json
2026-07-25T17:15:15.026Z,2026-07-25 10:15:15,2026-07-25,America/Los_Angeles,disneyland,Disneyland,Frontierland,328,Sailing Ship Columbia,FALSE,0,2026-07-25T17:10:37.000Z,2026-07-25 10:10:37,https://queue-times.com/parks/16/queue_times.json
2026-07-25T17:15:15.026Z,2026-07-25 10:15:15,2026-07-25,America/Los_Angeles,disneyland,Disneyland,Main Street U.S.A,674,Disneyland Railroad,TRUE,5,2026-07-25T17:10:37.000Z,2026-07-25 10:10:37,https://queue-times.com/parks/16/queue_times.json
2026-07-25T17:15:15.026Z,2026-07-25 10:15:15,2026-07-25,America/Los_Angeles,disneyland,Disneyland,Main Street U.S.A,690,Great Moments with Mr. Lincoln,TRUE,0,2026-07-25T17:10:37.000Z,2026-07-25 10:10:37,https://queue-times.com/parks/16/queue_times.json
2026-07-25T17:15:15.026Z,2026-07-25 10:15:15,2026-07-25,America/Los_Angeles,disneyland,Disneyland,Main Street U.S.A,686,Main Street Cinema,TRUE,0,2026-07-25T17:10:37.000Z,2026-07-25 10:10:37,https://queue-times.com/parks/16/queue_times.json
2026-07-25T17:15:15.026Z,2026-07-25 10:15:15,2026-07-25,America/Los_Angeles,disneyland,Disneyland,Main Street U.S.A,691,Main Street Vehicles,TRUE,0,2026-07-25T17:10:37.000Z,2026-07-25 10:10:37,https://queue-times.com/parks/16/queue_times.json
2026-07-25T17:15:15.026Z,2026-07-25 10:15:15,2026-07-25,America/Los_Angeles,disneyland,Disneyland,Main Street U.S.A,14915,Opera House - Walt Disney - A Magical Life,TRUE,0,2026-07-25T17:10:37.000Z,2026-07-25 10:10:37,https://queue-times.com/parks/16/queue_times.json
2026-07-25T17:15:15.026Z,2026-07-25 10:15:15,2026-07-25,America/Los_Angeles,disneyland,Disneyland,Main Street U.S.A,695,The Disney Gallery,TRUE,0,2026-07-25T17:10:37.000Z,2026-07-25 10:10:37,https://queue-times.com/parks/16/queue_times.json
2026-07-25T17:15:15.026Z,2026-07-25 10:15:15,2026-07-25,America/Los_Angeles,disneyland,Disneyland,Main Street U.S.A,14923,Walt Disney - A Magical Life,FALSE,0,2026-07-25T17:10:37.000Z,2026-07-25 10:10:37,https://queue-times.com/parks/16/queue_times.json
2026-07-25T17:15:15.026Z,2026-07-25 10:15:15,2026-07-25,America/Los_Angeles,disneyland,Disneyland,Mickey's Toontown,324,Chip 'n' Dale's GADGETcoaster,TRUE,20,2026-07-25T17:10:37.000Z,2026-07-25 10:10:37,https://queue-times.com/parks/16/queue_times.json
2026-07-25T17:15:15.026Z,2026-07-25 10:15:15,2026-07-25,America/Los_Angeles,disneyland,Disneyland,Mickey's Toontown,13814,Donald's Duck Pond,TRUE,0,2026-07-25T17:10:37.000Z,2026-07-25 10:10:37,https://queue-times.com/parks/16/queue_times.json
2026-07-25T17:15:15.026Z,2026-07-25 10:15:15,2026-07-25,America/Los_Angeles,disneyland,Disneyland,Mickey's Toontown,11980,Goofy's How-to-Play Yard,TRUE,0,2026-07-25T17:10:37.000Z,2026-07-25 10:10:37,https://queue-times.com/parks/16/queue_times.json
2026-07-25T17:15:15.026Z,2026-07-25 10:15:15,2026-07-25,America/Los_Angeles,disneyland,Disneyland,Mickey's Toontown,11526,Mickey & Minnie's Runaway Railway,TRUE,10,2026-07-25T17:10:37.000Z,2026-07-25 10:10:37,https://queue-times.com/parks/16/queue_times.json
2026-07-25T17:15:15.026Z,2026-07-25 10:15:15,2026-07-25,America/Los_Angeles,disneyland,Disneyland,Mickey's Toontown,709,Mickey's House and Meet Mickey Mouse,TRUE,5,2026-07-25T17:10:37.000Z,2026-07-25 10:10:37,https://queue-times.com/parks/16/queue_times.json
2026-07-25T17:15:15.026Z,2026-07-25 10:15:15,2026-07-25,America/Los_Angeles,disneyland,Disneyland,Mickey's Toontown,327,Mickey's House and Meet Mickey Mouse,FALSE,0,2026-07-25T17:10:37.000Z,2026-07-25 10:10:37,https://queue-times.com/parks/16/queue_times.json
2026-07-25T17:15:15.026Z,2026-07-25 10:15:15,2026-07-25,America/Los_Angeles,disneyland,Disneyland,Mickey's Toontown,684,Minnie's House,TRUE,0,2026-07-25T17:10:37.000Z,2026-07-25 10:10:37,https://queue-times.com/parks/16/queue_times.json
2026-07-25T17:15:15.026Z,2026-07-25 10:15:15,2026-07-25,America/Los_Angeles,disneyland,Disneyland,Mickey's Toontown,332,Roger Rabbit's Car Toon Spin,TRUE,20,2026-07-25T17:10:37.000Z,2026-07-25 10:10:37,https://queue-times.com/parks/16/queue_times.json
2026-07-25T17:15:15.026Z,2026-07-25 10:15:15,2026-07-25,America/Los_Angeles,disneyland,Disneyland,New Orleans Square,13958,Haunted Mansion,TRUE,20,2026-07-25T17:10:37.000Z,2026-07-25 10:10:37,https://queue-times.com/parks/16/queue_times.json
2026-07-25T17:15:15.026Z,2026-07-25 10:15:15,2026-07-25,America/Los_Angeles,disneyland,Disneyland,New Orleans Square,289,Pirates of the Caribbean,TRUE,15,2026-07-25T17:10:37.000Z,2026-07-25 10:10:37,https://queue-times.com/parks/16/queue_times.json
2026-07-25T17:15:15.026Z,2026-07-25 10:15:15,2026-07-25,America/Los_Angeles,disneyland,Disneyland,Star Wars: Galaxy's Edge,6339,Millennium Falcon: Smugglers Run,TRUE,10,2026-07-25T17:10:37.000Z,2026-07-25 10:10:37,https://queue-times.com/parks/16/queue_times.json
2026-07-25T17:15:15.026Z,2026-07-25 10:15:15,2026-07-25,America/Los_Angeles,disneyland,Disneyland,Star Wars: Galaxy's Edge,10903,Millennium Falcon: Smugglers Run Single Rider,TRUE,0,2026-07-25T17:10:37.000Z,2026-07-25 10:10:37,https://queue-times.com/parks/16/queue_times.json
2026-07-25T17:15:15.026Z,2026-07-25 10:15:15,2026-07-25,America/Los_Angeles,disneyland,Disneyland,Star Wars: Galaxy's Edge,6340,Star Wars: Rise of the Resistance,TRUE,40,2026-07-25T17:10:37.000Z,2026-07-25 10:10:37,https://queue-times.com/parks/16/queue_times.json
2026-07-25T17:15:15.026Z,2026-07-25 10:15:15,2026-07-25,America/Los_Angeles,disneyland,Disneyland,Tomorrowland,287,Astro Orbitor,TRUE,15,2026-07-25T17:10:37.000Z,2026-07-25 10:10:37,https://queue-times.com/parks/16/queue_times.json
2026-07-25T17:15:15.026Z,2026-07-25 10:15:15,2026-07-25,America/Los_Angeles,disneyland,Disneyland,Tomorrowland,317,Autopia,TRUE,15,2026-07-25T17:10:37.000Z,2026-07-25 10:10:37,https://queue-times.com/parks/16/queue_times.json
2026-07-25T17:15:15.026Z,2026-07-25 10:15:15,2026-07-25,America/Los_Angeles,disneyland,Disneyland,Tomorrowland,273,Buzz Lightyear Astro Blasters,TRUE,5,2026-07-25T17:10:37.000Z,2026-07-25 10:10:37,https://queue-times.com/parks/16/queue_times.json
2026-07-25T17:15:15.026Z,2026-07-25 10:15:15,2026-07-25,America/Los_Angeles,disneyland,Disneyland,Tomorrowland,274,Disneyland Monorail,TRUE,5,2026-07-25T17:10:37.000Z,2026-07-25 10:10:37,https://queue-times.com/parks/16/queue_times.json
2026-07-25T17:15:15.026Z,2026-07-25 10:15:15,2026-07-25,America/Los_Angeles,disneyland,Disneyland,Tomorrowland,276,Finding Nemo Submarine Voyage,TRUE,20,2026-07-25T17:10:37.000Z,2026-07-25 10:10:37,https://queue-times.com/parks/16/queue_times.json
2026-07-25T17:15:15.026Z,2026-07-25 10:15:15,2026-07-25,America/Los_Angeles,disneyland,Disneyland,Tomorrowland,16627,Pixar Short Film Spotlight,FALSE,0,2026-07-25T17:10:37.000Z,2026-07-25 10:10:37,https://queue-times.com/parks/16/queue_times.json
2026-07-25T17:15:15.026Z,2026-07-25 10:15:15,2026-07-25,America/Los_Angeles,disneyland,Disneyland,Tomorrowland,284,Space Mountain,TRUE,40,2026-07-25T17:10:37.000Z,2026-07-25 10:10:37,https://queue-times.com/parks/16/queue_times.json
2026-07-25T17:15:15.026Z,2026-07-25 10:15:15,2026-07-25,America/Los_Angeles,disneyland,Disneyland,Tomorrowland,286,Star Tours - The Adventures Continue,TRUE,5,2026-07-25T17:10:37.000Z,2026-07-25 10:10:37,https://queue-times.com/parks/16/queue_times.json
2026-07-25T17:15:15.026Z,2026-07-25 10:15:15,2026-07-25,America/Los_Angeles,dca,Disney California Adventure,Avengers Campus,329,Guardians of the Galaxy - Mission: BREAKOUT!,TRUE,25,2026-07-25T17:10:37.000Z,2026-07-25 10:10:37,https://queue-times.com/parks/17/queue_times.json
2026-07-25T17:15:15.026Z,2026-07-25 10:15:15,2026-07-25,America/Los_Angeles,dca,Disney California Adventure,Avengers Campus,8843,WEB SLINGERS: A Spider-Man Adventure,TRUE,35,2026-07-25T17:10:37.000Z,2026-07-25 10:10:37,https://queue-times.com/parks/17/queue_times.json
2026-07-25T17:15:15.026Z,2026-07-25 10:15:15,2026-07-25,America/Los_Angeles,dca,Disney California Adventure,Avengers Campus,10907,WEB SLINGERS: A Spider-Man Adventure Single Rider,TRUE,0,2026-07-25T17:10:37.000Z,2026-07-25 10:10:37,https://queue-times.com/parks/17/queue_times.json
2026-07-25T17:15:15.026Z,2026-07-25 10:15:15,2026-07-25,America/Los_Angeles,dca,Disney California Adventure,Cars Land,13961,Luigi's Rollickin' Roadsters,TRUE,5,2026-07-25T17:10:37.000Z,2026-07-25 10:10:37,https://queue-times.com/parks/17/queue_times.json
2026-07-25T17:15:15.026Z,2026-07-25 10:15:15,2026-07-25,America/Los_Angeles,dca,Disney California Adventure,Cars Land,315,Mater's Junkyard Jamboree,TRUE,20,2026-07-25T17:10:37.000Z,2026-07-25 10:10:37,https://queue-times.com/parks/17/queue_times.json
2026-07-25T17:15:15.026Z,2026-07-25 10:15:15,2026-07-25,America/Los_Angeles,dca,Disney California Adventure,Cars Land,295,Radiator Springs Racers,TRUE,75,2026-07-25T17:10:37.000Z,2026-07-25 10:10:37,https://queue-times.com/parks/17/queue_times.json
2026-07-25T17:15:15.026Z,2026-07-25 10:15:15,2026-07-25,America/Los_Angeles,dca,Disney California Adventure,Cars Land,10904,Radiator Springs Racers Single Rider,TRUE,0,2026-07-25T17:10:37.000Z,2026-07-25 10:10:37,https://queue-times.com/parks/17/queue_times.json
2026-07-25T17:15:15.026Z,2026-07-25 10:15:15,2026-07-25,America/Los_Angeles,dca,Disney California Adventure,Grizzly Peak,302,Grizzly River Run,TRUE,5,2026-07-25T17:10:37.000Z,2026-07-25 10:10:37,https://queue-times.com/parks/17/queue_times.json
2026-07-25T17:15:15.026Z,2026-07-25 10:15:15,2026-07-25,America/Los_Angeles,dca,Disney California Adventure,Grizzly Peak,293,Redwood Creek Challenge Trail,TRUE,5,2026-07-25T17:10:37.000Z,2026-07-25 10:10:37,https://queue-times.com/parks/17/queue_times.json
2026-07-25T17:15:15.026Z,2026-07-25 10:15:15,2026-07-25,America/Los_Angeles,dca,Disney California Adventure,Grizzly Peak,17129,Soarin’ Across America,TRUE,20,2026-07-25T17:10:37.000Z,2026-07-25 10:10:37,https://queue-times.com/parks/17/queue_times.json
2026-07-25T17:15:15.026Z,2026-07-25 10:15:15,2026-07-25,America/Los_Angeles,dca,Disney California Adventure,Hollywood Land,321,Animation Academy,TRUE,0,2026-07-25T17:10:37.000Z,2026-07-25 10:10:37,https://queue-times.com/parks/17/queue_times.json
2026-07-25T17:15:15.026Z,2026-07-25 10:15:15,2026-07-25,America/Los_Angeles,dca,Disney California Adventure,Hollywood Land,6440,Mickey's PhilharMagic,TRUE,10,2026-07-25T17:10:37.000Z,2026-07-25 10:10:37,https://queue-times.com/parks/17/queue_times.json
2026-07-25T17:15:15.026Z,2026-07-25 10:15:15,2026-07-25,America/Los_Angeles,dca,Disney California Adventure,Hollywood Land,291,"Monsters, Inc. Mike & Sulley to the Rescue!",TRUE,30,2026-07-25T17:10:37.000Z,2026-07-25 10:10:37,https://queue-times.com/parks/17/queue_times.json
2026-07-25T17:15:15.026Z,2026-07-25 10:15:15,2026-07-25,America/Los_Angeles,dca,Disney California Adventure,Hollywood Land,868,Sorcerer's Workshop,TRUE,0,2026-07-25T17:10:37.000Z,2026-07-25 10:10:37,https://queue-times.com/parks/17/queue_times.json
2026-07-25T17:15:15.026Z,2026-07-25 10:15:15,2026-07-25,America/Los_Angeles,dca,Disney California Adventure,Hollywood Land,294,Turtle Talk with Crush,TRUE,0,2026-07-25T17:10:37.000Z,2026-07-25 10:10:37,https://queue-times.com/parks/17/queue_times.json
2026-07-25T17:15:15.026Z,2026-07-25 10:15:15,2026-07-25,America/Los_Angeles,dca,Disney California Adventure,Pacific Wharf,869,The Bakery Tour,TRUE,0,2026-07-25T17:10:37.000Z,2026-07-25 10:10:37,https://queue-times.com/parks/17/queue_times.json
2026-07-25T17:15:15.026Z,2026-07-25 10:15:15,2026-07-25,America/Los_Angeles,dca,Disney California Adventure,Paradise Gardens Park,298,Golden Zephyr,TRUE,5,2026-07-25T17:10:37.000Z,2026-07-25 10:10:37,https://queue-times.com/parks/17/queue_times.json
2026-07-25T17:15:15.026Z,2026-07-25 10:15:15,2026-07-25,America/Los_Angeles,dca,Disney California Adventure,Paradise Gardens Park,319,Goofy's Sky School,TRUE,20,2026-07-25T17:10:37.000Z,2026-07-25 10:10:37,https://queue-times.com/parks/17/queue_times.json
2026-07-25T17:15:15.026Z,2026-07-25 10:15:15,2026-07-25,America/Los_Angeles,dca,Disney California Adventure,Paradise Gardens Park,301,Silly Symphony Swings,FALSE,0,2026-07-25T17:10:37.000Z,2026-07-25 10:10:37,https://queue-times.com/parks/17/queue_times.json
2026-07-25T17:15:15.026Z,2026-07-25 10:15:15,2026-07-25,America/Los_Angeles,dca,Disney California Adventure,Paradise Gardens Park,316,The Little Mermaid - Ariel's Undersea Adventure,TRUE,5,2026-07-25T17:10:37.000Z,2026-07-25 10:10:37,https://queue-times.com/parks/17/queue_times.json
2026-07-25T17:15:15.026Z,2026-07-25 10:15:15,2026-07-25,America/Los_Angeles,dca,Disney California Adventure,Paradise Gardens Park,14742,World of Color Happiness!,TRUE,0,2026-07-25T17:10:37.000Z,2026-07-25 10:10:37,https://queue-times.com/parks/17/queue_times.json
2026-07-25T17:15:15.026Z,2026-07-25 10:15:15,2026-07-25,America/Los_Angeles,dca,Disney California Adventure,Pixar Pier,866,Games of Pixar Pier,TRUE,5,2026-07-25T17:10:37.000Z,2026-07-25 10:10:37,https://queue-times.com/parks/17/queue_times.json
2026-07-25T17:15:15.026Z,2026-07-25 10:15:15,2026-07-25,America/Los_Angeles,dca,Disney California Adventure,Pixar Pier,322,Incredicoaster,TRUE,35,2026-07-25T17:10:37.000Z,2026-07-25 10:10:37,https://queue-times.com/parks/17/queue_times.json
2026-07-25T17:15:15.026Z,2026-07-25 10:15:15,2026-07-25,America/Los_Angeles,dca,Disney California Adventure,Pixar Pier,10906,Incredicoaster Single Rider,TRUE,0,2026-07-25T17:10:37.000Z,2026-07-25 10:10:37,https://queue-times.com/parks/17/queue_times.json
2026-07-25T17:15:15.026Z,2026-07-25 10:15:15,2026-07-25,America/Los_Angeles,dca,Disney California Adventure,Pixar Pier,6643,Inside Out Emotional Whirlwind,TRUE,5,2026-07-25T17:10:37.000Z,2026-07-25 10:10:37,https://queue-times.com/parks/17/queue_times.json
2026-07-25T17:15:15.026Z,2026-07-25 10:15:15,2026-07-25,America/Los_Angeles,dca,Disney California Adventure,Pixar Pier,310,Jessie's Critter Carousel,TRUE,5,2026-07-25T17:10:37.000Z,2026-07-25 10:10:37,https://queue-times.com/parks/17/queue_times.json
2026-07-25T17:15:15.026Z,2026-07-25 10:15:15,2026-07-25,America/Los_Angeles,dca,Disney California Adventure,Pixar Pier,300,Jumpin' Jellyfish,TRUE,5,2026-07-25T17:10:37.000Z,2026-07-25 10:10:37,https://queue-times.com/parks/17/queue_times.json
2026-07-25T17:15:15.026Z,2026-07-25 10:15:15,2026-07-25,America/Los_Angeles,dca,Disney California Adventure,Pixar Pier,311,Pixar Pal-A-Round - Swinging,TRUE,5,2026-07-25T17:10:37.000Z,2026-07-25 10:10:37,https://queue-times.com/parks/17/queue_times.json
2026-07-25T17:15:15.026Z,2026-07-25 10:15:15,2026-07-25,America/Los_Angeles,dca,Disney California Adventure,Pixar Pier,5557,Pixar Pal-A-Round – Non-Swinging,TRUE,5,2026-07-25T17:10:37.000Z,2026-07-25 10:10:37,https://queue-times.com/parks/17/queue_times.json
2026-07-25T17:15:15.026Z,2026-07-25 10:15:15,2026-07-25,America/Los_Angeles,dca,Disney California Adventure,Pixar Pier,313,Toy Story Midway Mania!,TRUE,30,2026-07-25T17:10:37.000Z,2026-07-25 10:10:37,https://queue-times.com/parks/17/queue_times.json
2026-07-25T17:26:51.871Z,2026-07-25 10:26:51,2026-07-25,America/Los_Angeles,disneyland,Disneyland,Adventureland,12428,Adventureland Treehouse inspired by Walt Disney’s Swiss Family Robinson,TRUE,0,2026-07-25T17:25:30.000Z,2026-07-25 10:25:30,https://queue-times.com/parks/16/queue_times.json
2026-07-25T17:26:51.871Z,2026-07-25 10:26:51,2026-07-25,America/Los_Angeles,disneyland,Disneyland,Adventureland,326,Indiana Jones™ Adventure,TRUE,30,2026-07-25T17:25:30.000Z,2026-07-25 10:25:30,https://queue-times.com/parks/16/queue_times.json
2026-07-25T17:26:51.871Z,2026-07-25 10:26:51,2026-07-25,America/Los_Angeles,disneyland,Disneyland,Adventureland,296,Jungle Cruise,TRUE,10,2026-07-25T17:25:30.000Z,2026-07-25 10:25:30,https://queue-times.com/parks/16/queue_times.json
2026-07-25T17:26:51.871Z,2026-07-25 10:26:51,2026-07-25,America/Los_Angeles,disneyland,Disneyland,Adventureland,288,Walt Disney's Enchanted Tiki Room,TRUE,0,2026-07-25T17:25:30.000Z,2026-07-25 10:25:30,https://queue-times.com/parks/16/queue_times.json
2026-07-25T17:26:51.871Z,2026-07-25 10:26:51,2026-07-25,America/Los_Angeles,disneyland,Disneyland,Bayou Country,304,Davy Crockett's Explorer Canoes,TRUE,5,2026-07-25T17:25:30.000Z,2026-07-25 10:25:30,https://queue-times.com/parks/16/queue_times.json
2026-07-25T17:26:51.871Z,2026-07-25 10:26:51,2026-07-25,America/Los_Angeles,disneyland,Disneyland,Bayou Country,306,The Many Adventures of Winnie the Pooh,TRUE,5,2026-07-25T17:25:30.000Z,2026-07-25 10:25:30,https://queue-times.com/parks/16/queue_times.json
2026-07-25T17:26:51.871Z,2026-07-25 10:26:51,2026-07-25,America/Los_Angeles,disneyland,Disneyland,Bayou Country,14168,Tiana's Bayou Adventure,TRUE,20,2026-07-25T17:25:30.000Z,2026-07-25 10:25:30,https://queue-times.com/parks/16/queue_times.json
2026-07-25T17:26:51.871Z,2026-07-25 10:26:51,2026-07-25,America/Los_Angeles,disneyland,Disneyland,Bayou Country,14326,Tiana's Bayou Adventure Single Rider,TRUE,0,2026-07-25T17:25:30.000Z,2026-07-25 10:25:30,https://queue-times.com/parks/16/queue_times.json
2026-07-25T17:26:51.871Z,2026-07-25 10:26:51,2026-07-25,America/Los_Angeles,disneyland,Disneyland,Fantasyland,307,"""it's a small world""",TRUE,5,2026-07-25T17:25:30.000Z,2026-07-25 10:25:30,https://queue-times.com/parks/16/queue_times.json
2026-07-25T17:26:51.871Z,2026-07-25 10:26:51,2026-07-25,America/Los_Angeles,disneyland,Disneyland,Fantasyland,285,Alice in Wonderland,TRUE,30,2026-07-25T17:25:30.000Z,2026-07-25 10:25:30,https://queue-times.com/parks/16/queue_times.json
2026-07-25T17:26:51.871Z,2026-07-25 10:26:51,2026-07-25,America/Los_Angeles,disneyland,Disneyland,Fantasyland,16254,Bluey’s Best Day Ever! at Fantasyland Theatre,TRUE,0,2026-07-25T17:25:30.000Z,2026-07-25 10:25:30,https://queue-times.com/parks/16/queue_times.json
2026-07-25T17:26:51.871Z,2026-07-25 10:26:51,2026-07-25,America/Los_Angeles,disneyland,Disneyland,Fantasyland,303,Casey Jr. Circus Train,TRUE,10,2026-07-25T17:25:30.000Z,2026-07-25 10:25:30,https://queue-times.com/parks/16/queue_times.json
2026-07-25T17:26:51.871Z,2026-07-25 10:26:51,2026-07-25,America/Los_Angeles,disneyland,Disneyland,Fantasyland,275,Dumbo the Flying Elephant,TRUE,20,2026-07-25T17:25:30.000Z,2026-07-25 10:25:30,https://queue-times.com/parks/16/queue_times.json
2026-07-25T17:26:51.871Z,2026-07-25 10:26:51,2026-07-25,America/Los_Angeles,disneyland,Disneyland,Fantasyland,277,King Arthur Carrousel,TRUE,5,2026-07-25T17:25:30.000Z,2026-07-25 10:25:30,https://queue-times.com/parks/16/queue_times.json
2026-07-25T17:26:51.871Z,2026-07-25 10:26:51,2026-07-25,America/Los_Angeles,disneyland,Disneyland,Fantasyland,278,Mad Tea Party,TRUE,5,2026-07-25T17:25:30.000Z,2026-07-25 10:25:30,https://queue-times.com/parks/16/queue_times.json
2026-07-25T17:26:51.871Z,2026-07-25 10:26:51,2026-07-25,America/Los_Angeles,disneyland,Disneyland,Fantasyland,279,Matterhorn Bobsleds,TRUE,25,2026-07-25T17:25:30.000Z,2026-07-25 10:25:30,https://queue-times.com/parks/16/queue_times.json
2026-07-25T17:26:51.871Z,2026-07-25 10:26:51,2026-07-25,America/Los_Angeles,disneyland,Disneyland,Fantasyland,6711,Meet Disney Princesses at Royal Hall,TRUE,60,2026-07-25T17:25:30.000Z,2026-07-25 10:25:30,https://queue-times.com/parks/16/queue_times.json
2026-07-25T17:26:51.871Z,2026-07-25 10:26:51,2026-07-25,America/Los_Angeles,disneyland,Disneyland,Fantasyland,280,Mr. Toad's Wild Ride,TRUE,15,2026-07-25T17:25:30.000Z,2026-07-25 10:25:30,https://queue-times.com/parks/16/queue_times.json
2026-07-25T17:26:51.871Z,2026-07-25 10:26:51,2026-07-25,America/Los_Angeles,disneyland,Disneyland,Fantasyland,281,Peter Pan's Flight,TRUE,30,2026-07-25T17:25:30.000Z,2026-07-25 10:25:30,https://queue-times.com/parks/16/queue_times.json
2026-07-25T17:26:51.871Z,2026-07-25 10:26:51,2026-07-25,America/Los_Angeles,disneyland,Disneyland,Fantasyland,282,Pinocchio's Daring Journey,TRUE,5,2026-07-25T17:25:30.000Z,2026-07-25 10:25:30,https://queue-times.com/parks/16/queue_times.json
2026-07-25T17:26:51.871Z,2026-07-25 10:26:51,2026-07-25,America/Los_Angeles,disneyland,Disneyland,Fantasyland,687,Sleeping Beauty Castle Walkthrough,FALSE,0,2026-07-25T17:25:30.000Z,2026-07-25 10:25:30,https://queue-times.com/parks/16/queue_times.json
2026-07-25T17:26:51.871Z,2026-07-25 10:26:51,2026-07-25,America/Los_Angeles,disneyland,Disneyland,Fantasyland,283,Snow White's Enchanted Wish,TRUE,5,2026-07-25T17:25:30.000Z,2026-07-25 10:25:30,https://queue-times.com/parks/16/queue_times.json
2026-07-25T17:26:51.871Z,2026-07-25 10:26:51,2026-07-25,America/Los_Angeles,disneyland,Disneyland,Fantasyland,305,Storybook Land Canal Boats,TRUE,10,2026-07-25T17:25:30.000Z,2026-07-25 10:25:30,https://queue-times.com/parks/16/queue_times.json
2026-07-25T17:26:51.871Z,2026-07-25 10:26:51,2026-07-25,America/Los_Angeles,disneyland,Disneyland,Frontierland,323,Big Thunder Mountain Railroad,TRUE,25,2026-07-25T17:25:30.000Z,2026-07-25 10:25:30,https://queue-times.com/parks/16/queue_times.json
2026-07-25T17:26:51.871Z,2026-07-25 10:26:51,2026-07-25,America/Los_Angeles,disneyland,Disneyland,Frontierland,679,Frontierland Shootin' Exposition,FALSE,0,2026-07-25T17:25:30.000Z,2026-07-25 10:25:30,https://queue-times.com/parks/16/queue_times.json
2026-07-25T17:26:51.871Z,2026-07-25 10:26:51,2026-07-25,America/Los_Angeles,disneyland,Disneyland,Frontierland,456,Mark Twain Riverboat,TRUE,10,2026-07-25T17:25:30.000Z,2026-07-25 10:25:30,https://queue-times.com/parks/16/queue_times.json
2026-07-25T17:26:51.871Z,2026-07-25 10:26:51,2026-07-25,America/Los_Angeles,disneyland,Disneyland,Frontierland,331,Pirate's Lair on Tom Sawyer Island,TRUE,5,2026-07-25T17:25:30.000Z,2026-07-25 10:25:30,https://queue-times.com/parks/16/queue_times.json
2026-07-25T17:26:51.871Z,2026-07-25 10:26:51,2026-07-25,America/Los_Angeles,disneyland,Disneyland,Frontierland,328,Sailing Ship Columbia,FALSE,0,2026-07-25T17:25:30.000Z,2026-07-25 10:25:30,https://queue-times.com/parks/16/queue_times.json
2026-07-25T17:26:51.871Z,2026-07-25 10:26:51,2026-07-25,America/Los_Angeles,disneyland,Disneyland,Main Street U.S.A,674,Disneyland Railroad,TRUE,5,2026-07-25T17:25:30.000Z,2026-07-25 10:25:30,https://queue-times.com/parks/16/queue_times.json
2026-07-25T17:26:51.871Z,2026-07-25 10:26:51,2026-07-25,America/Los_Angeles,disneyland,Disneyland,Main Street U.S.A,690,Great Moments with Mr. Lincoln,TRUE,0,2026-07-25T17:25:30.000Z,2026-07-25 10:25:30,https://queue-times.com/parks/16/queue_times.json
2026-07-25T17:26:51.871Z,2026-07-25 10:26:51,2026-07-25,America/Los_Angeles,disneyland,Disneyland,Main Street U.S.A,686,Main Street Cinema,TRUE,0,2026-07-25T17:25:30.000Z,2026-07-25 10:25:30,https://queue-times.com/parks/16/queue_times.json
2026-07-25T17:26:51.871Z,2026-07-25 10:26:51,2026-07-25,America/Los_Angeles,disneyland,Disneyland,Main Street U.S.A,691,Main Street Vehicles,TRUE,0,2026-07-25T17:25:30.000Z,2026-07-25 10:25:30,https://queue-times.com/parks/16/queue_times.json
2026-07-25T17:26:51.871Z,2026-07-25 10:26:51,2026-07-25,America/Los_Angeles,disneyland,Disneyland,Main Street U.S.A,14915,Opera House - Walt Disney - A Magical Life,TRUE,0,2026-07-25T17:25:30.000Z,2026-07-25 10:25:30,https://queue-times.com/parks/16/queue_times.json
2026-07-25T17:26:51.871Z,2026-07-25 10:26:51,2026-07-25,America/Los_Angeles,disneyland,Disneyland,Main Street U.S.A,695,The Disney Gallery,TRUE,0,2026-07-25T17:25:30.000Z,2026-07-25 10:25:30,https://queue-times.com/parks/16/queue_times.json
2026-07-25T17:26:51.871Z,2026-07-25 10:26:51,2026-07-25,America/Los_Angeles,disneyland,Disneyland,Main Street U.S.A,14923,Walt Disney - A Magical Life,FALSE,0,2026-07-25T17:25:30.000Z,2026-07-25 10:25:30,https://queue-times.com/parks/16/queue_times.json
2026-07-25T17:26:51.871Z,2026-07-25 10:26:51,2026-07-25,America/Los_Angeles,disneyland,Disneyland,Mickey's Toontown,324,Chip 'n' Dale's GADGETcoaster,TRUE,20,2026-07-25T17:25:30.000Z,2026-07-25 10:25:30,https://queue-times.com/parks/16/queue_times.json
2026-07-25T17:26:51.871Z,2026-07-25 10:26:51,2026-07-25,America/Los_Angeles,disneyland,Disneyland,Mickey's Toontown,13814,Donald's Duck Pond,TRUE,0,2026-07-25T17:25:30.000Z,2026-07-25 10:25:30,https://queue-times.com/parks/16/queue_times.json
2026-07-25T17:26:51.871Z,2026-07-25 10:26:51,2026-07-25,America/Los_Angeles,disneyland,Disneyland,Mickey's Toontown,11980,Goofy's How-to-Play Yard,TRUE,0,2026-07-25T17:25:30.000Z,2026-07-25 10:25:30,https://queue-times.com/parks/16/queue_times.json
2026-07-25T17:26:51.871Z,2026-07-25 10:26:51,2026-07-25,America/Los_Angeles,disneyland,Disneyland,Mickey's Toontown,11526,Mickey & Minnie's Runaway Railway,TRUE,20,2026-07-25T17:25:30.000Z,2026-07-25 10:25:30,https://queue-times.com/parks/16/queue_times.json
2026-07-25T17:26:51.871Z,2026-07-25 10:26:51,2026-07-25,America/Los_Angeles,disneyland,Disneyland,Mickey's Toontown,709,Mickey's House and Meet Mickey Mouse,TRUE,5,2026-07-25T17:25:30.000Z,2026-07-25 10:25:30,https://queue-times.com/parks/16/queue_times.json
2026-07-25T17:26:51.871Z,2026-07-25 10:26:51,2026-07-25,America/Los_Angeles,disneyland,Disneyland,Mickey's Toontown,327,Mickey's House and Meet Mickey Mouse,FALSE,0,2026-07-25T17:25:30.000Z,2026-07-25 10:25:30,https://queue-times.com/parks/16/queue_times.json
2026-07-25T17:26:51.871Z,2026-07-25 10:26:51,2026-07-25,America/Los_Angeles,disneyland,Disneyland,Mickey's Toontown,684,Minnie's House,TRUE,0,2026-07-25T17:25:30.000Z,2026-07-25 10:25:30,https://queue-times.com/parks/16/queue_times.json
2026-07-25T17:26:51.871Z,2026-07-25 10:26:51,2026-07-25,America/Los_Angeles,disneyland,Disneyland,Mickey's Toontown,332,Roger Rabbit's Car Toon Spin,TRUE,20,2026-07-25T17:25:30.000Z,2026-07-25 10:25:30,https://queue-times.com/parks/16/queue_times.json
2026-07-25T17:26:51.871Z,2026-07-25 10:26:51,2026-07-25,America/Los_Angeles,disneyland,Disneyland,New Orleans Square,13958,Haunted Mansion,TRUE,25,2026-07-25T17:25:30.000Z,2026-07-25 10:25:30,https://queue-times.com/parks/16/queue_times.json
2026-07-25T17:26:51.871Z,2026-07-25 10:26:51,2026-07-25,America/Los_Angeles,disneyland,Disneyland,New Orleans Square,289,Pirates of the Caribbean,FALSE,0,2026-07-25T17:25:30.000Z,2026-07-25 10:25:30,https://queue-times.com/parks/16/queue_times.json
2026-07-25T17:26:51.871Z,2026-07-25 10:26:51,2026-07-25,America/Los_Angeles,disneyland,Disneyland,Star Wars: Galaxy's Edge,6339,Millennium Falcon: Smugglers Run,TRUE,10,2026-07-25T17:25:30.000Z,2026-07-25 10:25:30,https://queue-times.com/parks/16/queue_times.json
2026-07-25T17:26:51.871Z,2026-07-25 10:26:51,2026-07-25,America/Los_Angeles,disneyland,Disneyland,Star Wars: Galaxy's Edge,10903,Millennium Falcon: Smugglers Run Single Rider,TRUE,0,2026-07-25T17:25:30.000Z,2026-07-25 10:25:30,https://queue-times.com/parks/16/queue_times.json
2026-07-25T17:26:51.871Z,2026-07-25 10:26:51,2026-07-25,America/Los_Angeles,disneyland,Disneyland,Star Wars: Galaxy's Edge,6340,Star Wars: Rise of the Resistance,TRUE,60,2026-07-25T17:25:30.000Z,2026-07-25 10:25:30,https://queue-times.com/parks/16/queue_times.json
2026-07-25T17:26:51.871Z,2026-07-25 10:26:51,2026-07-25,America/Los_Angeles,disneyland,Disneyland,Tomorrowland,287,Astro Orbitor,TRUE,15,2026-07-25T17:25:30.000Z,2026-07-25 10:25:30,https://queue-times.com/parks/16/queue_times.json
2026-07-25T17:26:51.871Z,2026-07-25 10:26:51,2026-07-25,America/Los_Angeles,disneyland,Disneyland,Tomorrowland,317,Autopia,TRUE,15,2026-07-25T17:25:30.000Z,2026-07-25 10:25:30,https://queue-times.com/parks/16/queue_times.json
2026-07-25T17:26:51.871Z,2026-07-25 10:26:51,2026-07-25,America/Los_Angeles,disneyland,Disneyland,Tomorrowland,273,Buzz Lightyear Astro Blasters,TRUE,15,2026-07-25T17:25:30.000Z,2026-07-25 10:25:30,https://queue-times.com/parks/16/queue_times.json
2026-07-25T17:26:51.871Z,2026-07-25 10:26:51,2026-07-25,America/Los_Angeles,disneyland,Disneyland,Tomorrowland,274,Disneyland Monorail,TRUE,5,2026-07-25T17:25:30.000Z,2026-07-25 10:25:30,https://queue-times.com/parks/16/queue_times.json
2026-07-25T17:26:51.871Z,2026-07-25 10:26:51,2026-07-25,America/Los_Angeles,disneyland,Disneyland,Tomorrowland,276,Finding Nemo Submarine Voyage,TRUE,10,2026-07-25T17:25:30.000Z,2026-07-25 10:25:30,https://queue-times.com/parks/16/queue_times.json
2026-07-25T17:26:51.871Z,2026-07-25 10:26:51,2026-07-25,America/Los_Angeles,disneyland,Disneyland,Tomorrowland,16627,Pixar Short Film Spotlight,FALSE,0,2026-07-25T17:25:30.000Z,2026-07-25 10:25:30,https://queue-times.com/parks/16/queue_times.json
2026-07-25T17:26:51.871Z,2026-07-25 10:26:51,2026-07-25,America/Los_Angeles,disneyland,Disneyland,Tomorrowland,284,Space Mountain,TRUE,20,2026-07-25T17:25:30.000Z,2026-07-25 10:25:30,https://queue-times.com/parks/16/queue_times.json
2026-07-25T17:26:51.871Z,2026-07-25 10:26:51,2026-07-25,America/Los_Angeles,disneyland,Disneyland,Tomorrowland,286,Star Tours - The Adventures Continue,TRUE,5,2026-07-25T17:25:30.000Z,2026-07-25 10:25:30,https://queue-times.com/parks/16/queue_times.json
2026-07-25T17:26:51.871Z,2026-07-25 10:26:51,2026-07-25,America/Los_Angeles,dca,Disney California Adventure,Avengers Campus,329,Guardians of the Galaxy - Mission: BREAKOUT!,TRUE,40,2026-07-25T17:25:40.000Z,2026-07-25 10:25:40,https://queue-times.com/parks/17/queue_times.json
2026-07-25T17:26:51.871Z,2026-07-25 10:26:51,2026-07-25,America/Los_Angeles,dca,Disney California Adventure,Avengers Campus,8843,WEB SLINGERS: A Spider-Man Adventure,TRUE,45,2026-07-25T17:25:40.000Z,2026-07-25 10:25:40,https://queue-times.com/parks/17/queue_times.json
2026-07-25T17:26:51.871Z,2026-07-25 10:26:51,2026-07-25,America/Los_Angeles,dca,Disney California Adventure,Avengers Campus,10907,WEB SLINGERS: A Spider-Man Adventure Single Rider,TRUE,0,2026-07-25T17:25:40.000Z,2026-07-25 10:25:40,https://queue-times.com/parks/17/queue_times.json
2026-07-25T17:26:51.871Z,2026-07-25 10:26:51,2026-07-25,America/Los_Angeles,dca,Disney California Adventure,Cars Land,13961,Luigi's Rollickin' Roadsters,TRUE,5,2026-07-25T17:25:40.000Z,2026-07-25 10:25:40,https://queue-times.com/parks/17/queue_times.json
2026-07-25T17:26:51.871Z,2026-07-25 10:26:51,2026-07-25,America/Los_Angeles,dca,Disney California Adventure,Cars Land,315,Mater's Junkyard Jamboree,TRUE,20,2026-07-25T17:25:40.000Z,2026-07-25 10:25:40,https://queue-times.com/parks/17/queue_times.json
2026-07-25T17:26:51.871Z,2026-07-25 10:26:51,2026-07-25,America/Los_Angeles,dca,Disney California Adventure,Cars Land,295,Radiator Springs Racers,TRUE,75,2026-07-25T17:25:40.000Z,2026-07-25 10:25:40,https://queue-times.com/parks/17/queue_times.json
2026-07-25T17:26:51.871Z,2026-07-25 10:26:51,2026-07-25,America/Los_Angeles,dca,Disney California Adventure,Cars Land,10904,Radiator Springs Racers Single Rider,TRUE,0,2026-07-25T17:25:40.000Z,2026-07-25 10:25:40,https://queue-times.com/parks/17/queue_times.json
2026-07-25T17:26:51.871Z,2026-07-25 10:26:51,2026-07-25,America/Los_Angeles,dca,Disney California Adventure,Grizzly Peak,302,Grizzly River Run,TRUE,15,2026-07-25T17:25:40.000Z,2026-07-25 10:25:40,https://queue-times.com/parks/17/queue_times.json
2026-07-25T17:26:51.871Z,2026-07-25 10:26:51,2026-07-25,America/Los_Angeles,dca,Disney California Adventure,Grizzly Peak,293,Redwood Creek Challenge Trail,TRUE,5,2026-07-25T17:25:40.000Z,2026-07-25 10:25:40,https://queue-times.com/parks/17/queue_times.json
2026-07-25T17:26:51.871Z,2026-07-25 10:26:51,2026-07-25,America/Los_Angeles,dca,Disney California Adventure,Grizzly Peak,17129,Soarin’ Across America,TRUE,20,2026-07-25T17:25:40.000Z,2026-07-25 10:25:40,https://queue-times.com/parks/17/queue_times.json
2026-07-25T17:26:51.871Z,2026-07-25 10:26:51,2026-07-25,America/Los_Angeles,dca,Disney California Adventure,Hollywood Land,321,Animation Academy,TRUE,0,2026-07-25T17:25:40.000Z,2026-07-25 10:25:40,https://queue-times.com/parks/17/queue_times.json
2026-07-25T17:26:51.871Z,2026-07-25 10:26:51,2026-07-25,America/Los_Angeles,dca,Disney California Adventure,Hollywood Land,6440,Mickey's PhilharMagic,TRUE,10,2026-07-25T17:25:40.000Z,2026-07-25 10:25:40,https://queue-times.com/parks/17/queue_times.json
2026-07-25T17:26:51.871Z,2026-07-25 10:26:51,2026-07-25,America/Los_Angeles,dca,Disney California Adventure,Hollywood Land,291,"Monsters, Inc. Mike & Sulley to the Rescue!",TRUE,30,2026-07-25T17:25:40.000Z,2026-07-25 10:25:40,https://queue-times.com/parks/17/queue_times.json
2026-07-25T17:26:51.871Z,2026-07-25 10:26:51,2026-07-25,America/Los_Angeles,dca,Disney California Adventure,Hollywood Land,868,Sorcerer's Workshop,TRUE,0,2026-07-25T17:25:40.000Z,2026-07-25 10:25:40,https://queue-times.com/parks/17/queue_times.json
2026-07-25T17:26:51.871Z,2026-07-25 10:26:51,2026-07-25,America/Los_Angeles,dca,Disney California Adventure,Hollywood Land,294,Turtle Talk with Crush,TRUE,0,2026-07-25T17:25:40.000Z,2026-07-25 10:25:40,https://queue-times.com/parks/17/queue_times.json
2026-07-25T17:26:51.871Z,2026-07-25 10:26:51,2026-07-25,America/Los_Angeles,dca,Disney California Adventure,Pacific Wharf,869,The Bakery Tour,TRUE,0,2026-07-25T17:25:40.000Z,2026-07-25 10:25:40,https://queue-times.com/parks/17/queue_times.json
2026-07-25T17:26:51.871Z,2026-07-25 10:26:51,2026-07-25,America/Los_Angeles,dca,Disney California Adventure,Paradise Gardens Park,298,Golden Zephyr,TRUE,5,2026-07-25T17:25:40.000Z,2026-07-25 10:25:40,https://queue-times.com/parks/17/queue_times.json
2026-07-25T17:26:51.871Z,2026-07-25 10:26:51,2026-07-25,America/Los_Angeles,dca,Disney California Adventure,Paradise Gardens Park,319,Goofy's Sky School,TRUE,20,2026-07-25T17:25:40.000Z,2026-07-25 10:25:40,https://queue-times.com/parks/17/queue_times.json
2026-07-25T17:26:51.871Z,2026-07-25 10:26:51,2026-07-25,America/Los_Angeles,dca,Disney California Adventure,Paradise Gardens Park,301,Silly Symphony Swings,FALSE,0,2026-07-25T17:25:40.000Z,2026-07-25 10:25:40,https://queue-times.com/parks/17/queue_times.json
2026-07-25T17:26:51.871Z,2026-07-25 10:26:51,2026-07-25,America/Los_Angeles,dca,Disney California Adventure,Paradise Gardens Park,316,The Little Mermaid - Ariel's Undersea Adventure,TRUE,10,2026-07-25T17:25:40.000Z,2026-07-25 10:25:40,https://queue-times.com/parks/17/queue_times.json
2026-07-25T17:26:51.871Z,2026-07-25 10:26:51,2026-07-25,America/Los_Angeles,dca,Disney California Adventure,Paradise Gardens Park,14742,World of Color Happiness!,TRUE,0,2026-07-25T17:25:40.000Z,2026-07-25 10:25:40,https://queue-times.com/parks/17/queue_times.json
2026-07-25T17:26:51.871Z,2026-07-25 10:26:51,2026-07-25,America/Los_Angeles,dca,Disney California Adventure,Pixar Pier,866,Games of Pixar Pier,TRUE,5,2026-07-25T17:25:40.000Z,2026-07-25 10:25:40,https://queue-times.com/parks/17/queue_times.json
2026-07-25T17:26:51.871Z,2026-07-25 10:26:51,2026-07-25,America/Los_Angeles,dca,Disney California Adventure,Pixar Pier,322,Incredicoaster,TRUE,25,2026-07-25T17:25:40.000Z,2026-07-25 10:25:40,https://queue-times.com/parks/17/queue_times.json
2026-07-25T17:26:51.871Z,2026-07-25 10:26:51,2026-07-25,America/Los_Angeles,dca,Disney California Adventure,Pixar Pier,10906,Incredicoaster Single Rider,TRUE,0,2026-07-25T17:25:40.000Z,2026-07-25 10:25:40,https://queue-times.com/parks/17/queue_times.json
2026-07-25T17:26:51.871Z,2026-07-25 10:26:51,2026-07-25,America/Los_Angeles,dca,Disney California Adventure,Pixar Pier,6643,Inside Out Emotional Whirlwind,TRUE,5,2026-07-25T17:25:40.000Z,2026-07-25 10:25:40,https://queue-times.com/parks/17/queue_times.json
2026-07-25T17:26:51.871Z,2026-07-25 10:26:51,2026-07-25,America/Los_Angeles,dca,Disney California Adventure,Pixar Pier,310,Jessie's Critter Carousel,TRUE,5,2026-07-25T17:25:40.000Z,2026-07-25 10:25:40,https://queue-times.com/parks/17/queue_times.json
2026-07-25T17:26:51.871Z,2026-07-25 10:26:51,2026-07-25,America/Los_Angeles,dca,Disney California Adventure,Pixar Pier,300,Jumpin' Jellyfish,TRUE,5,2026-07-25T17:25:40.000Z,2026-07-25 10:25:40,https://queue-times.com/parks/17/queue_times.json
2026-07-25T17:26:51.871Z,2026-07-25 10:26:51,2026-07-25,America/Los_Angeles,dca,Disney California Adventure,Pixar Pier,311,Pixar Pal-A-Round - Swinging,TRUE,5,2026-07-25T17:25:40.000Z,2026-07-25 10:25:40,https://queue-times.com/parks/17/queue_times.json
2026-07-25T17:26:51.871Z,2026-07-25 10:26:51,2026-07-25,America/Los_Angeles,dca,Disney California Adventure,Pixar Pier,5557,Pixar Pal-A-Round – Non-Swinging,TRUE,5,2026-07-25T17:25:40.000Z,2026-07-25 10:25:40,https://queue-times.com/parks/17/queue_times.json
2026-07-25T17:26:51.871Z,2026-07-25 10:26:51,2026-07-25,America/Los_Angeles,dca,Disney California Adventure,Pixar Pier,313,Toy Story Midway Mania!,TRUE,30,2026-07-25T17:25:40.000Z,2026-07-25 10:25:40,https://queue-times.com/parks/17/queue_times.json
2026-07-25T17:45:14.833Z,2026-07-25 10:45:14,2026-07-25,America/Los_Angeles,disneyland,Disneyland,Adventureland,12428,Adventureland Treehouse inspired by Walt Disney’s Swiss Family Robinson,TRUE,0,2026-07-25T17:40:34.000Z,2026-07-25 10:40:34,https://queue-times.com/parks/16/queue_times.json
2026-07-25T17:45:14.833Z,2026-07-25 10:45:14,2026-07-25,America/Los_Angeles,disneyland,Disneyland,Adventureland,326,Indiana Jones™ Adventure,TRUE,55,2026-07-25T17:40:34.000Z,2026-07-25 10:40:34,https://queue-times.com/parks/16/queue_times.json
2026-07-25T17:45:14.833Z,2026-07-25 10:45:14,2026-07-25,America/Los_Angeles,disneyland,Disneyland,Adventureland,296,Jungle Cruise,TRUE,10,2026-07-25T17:40:34.000Z,2026-07-25 10:40:34,https://queue-times.com/parks/16/queue_times.json
2026-07-25T17:45:14.833Z,2026-07-25 10:45:14,2026-07-25,America/Los_Angeles,disneyland,Disneyland,Adventureland,288,Walt Disney's Enchanted Tiki Room,TRUE,0,2026-07-25T17:40:34.000Z,2026-07-25 10:40:34,https://queue-times.com/parks/16/queue_times.json
2026-07-25T17:45:14.833Z,2026-07-25 10:45:14,2026-07-25,America/Los_Angeles,disneyland,Disneyland,Bayou Country,304,Davy Crockett's Explorer Canoes,TRUE,5,2026-07-25T17:40:34.000Z,2026-07-25 10:40:34,https://queue-times.com/parks/16/queue_times.json
2026-07-25T17:45:14.833Z,2026-07-25 10:45:14,2026-07-25,America/Los_Angeles,disneyland,Disneyland,Bayou Country,306,The Many Adventures of Winnie the Pooh,TRUE,5,2026-07-25T17:40:34.000Z,2026-07-25 10:40:34,https://queue-times.com/parks/16/queue_times.json
2026-07-25T17:45:14.833Z,2026-07-25 10:45:14,2026-07-25,America/Los_Angeles,disneyland,Disneyland,Bayou Country,14168,Tiana's Bayou Adventure,TRUE,50,2026-07-25T17:40:34.000Z,2026-07-25 10:40:34,https://queue-times.com/parks/16/queue_times.json
2026-07-25T17:45:14.833Z,2026-07-25 10:45:14,2026-07-25,America/Los_Angeles,disneyland,Disneyland,Bayou Country,14326,Tiana's Bayou Adventure Single Rider,TRUE,0,2026-07-25T17:40:34.000Z,2026-07-25 10:40:34,https://queue-times.com/parks/16/queue_times.json
2026-07-25T17:45:14.833Z,2026-07-25 10:45:14,2026-07-25,America/Los_Angeles,disneyland,Disneyland,Fantasyland,307,"""it's a small world""",TRUE,5,2026-07-25T17:40:34.000Z,2026-07-25 10:40:34,https://queue-times.com/parks/16/queue_times.json
2026-07-25T17:45:14.833Z,2026-07-25 10:45:14,2026-07-25,America/Los_Angeles,disneyland,Disneyland,Fantasyland,285,Alice in Wonderland,TRUE,20,2026-07-25T17:40:34.000Z,2026-07-25 10:40:34,https://queue-times.com/parks/16/queue_times.json
2026-07-25T17:45:14.833Z,2026-07-25 10:45:14,2026-07-25,America/Los_Angeles,disneyland,Disneyland,Fantasyland,16254,Bluey’s Best Day Ever! at Fantasyland Theatre,TRUE,0,2026-07-25T17:40:34.000Z,2026-07-25 10:40:34,https://queue-times.com/parks/16/queue_times.json
2026-07-25T17:45:14.833Z,2026-07-25 10:45:14,2026-07-25,America/Los_Angeles,disneyland,Disneyland,Fantasyland,303,Casey Jr. Circus Train,TRUE,10,2026-07-25T17:40:34.000Z,2026-07-25 10:40:34,https://queue-times.com/parks/16/queue_times.json
2026-07-25T17:45:14.833Z,2026-07-25 10:45:14,2026-07-25,America/Los_Angeles,disneyland,Disneyland,Fantasyland,275,Dumbo the Flying Elephant,TRUE,20,2026-07-25T17:40:34.000Z,2026-07-25 10:40:34,https://queue-times.com/parks/16/queue_times.json
2026-07-25T17:45:14.833Z,2026-07-25 10:45:14,2026-07-25,America/Los_Angeles,disneyland,Disneyland,Fantasyland,277,King Arthur Carrousel,TRUE,5,2026-07-25T17:40:34.000Z,2026-07-25 10:40:34,https://queue-times.com/parks/16/queue_times.json
2026-07-25T17:45:14.833Z,2026-07-25 10:45:14,2026-07-25,America/Los_Angeles,disneyland,Disneyland,Fantasyland,278,Mad Tea Party,TRUE,5,2026-07-25T17:40:34.000Z,2026-07-25 10:40:34,https://queue-times.com/parks/16/queue_times.json
2026-07-25T17:45:14.833Z,2026-07-25 10:45:14,2026-07-25,America/Los_Angeles,disneyland,Disneyland,Fantasyland,279,Matterhorn Bobsleds,TRUE,25,2026-07-25T17:40:34.000Z,2026-07-25 10:40:34,https://queue-times.com/parks/16/queue_times.json
2026-07-25T17:45:14.833Z,2026-07-25 10:45:14,2026-07-25,America/Los_Angeles,disneyland,Disneyland,Fantasyland,6711,Meet Disney Princesses at Royal Hall,TRUE,60,2026-07-25T17:40:34.000Z,2026-07-25 10:40:34,https://queue-times.com/parks/16/queue_times.json
2026-07-25T17:45:14.833Z,2026-07-25 10:45:14,2026-07-25,America/Los_Angeles,disneyland,Disneyland,Fantasyland,280,Mr. Toad's Wild Ride,TRUE,10,2026-07-25T17:40:34.000Z,2026-07-25 10:40:34,https://queue-times.com/parks/16/queue_times.json
2026-07-25T17:45:14.833Z,2026-07-25 10:45:14,2026-07-25,America/Los_Angeles,disneyland,Disneyland,Fantasyland,281,Peter Pan's Flight,TRUE,30,2026-07-25T17:40:34.000Z,2026-07-25 10:40:34,https://queue-times.com/parks/16/queue_times.json
2026-07-25T17:45:14.833Z,2026-07-25 10:45:14,2026-07-25,America/Los_Angeles,disneyland,Disneyland,Fantasyland,282,Pinocchio's Daring Journey,TRUE,5,2026-07-25T17:40:34.000Z,2026-07-25 10:40:34,https://queue-times.com/parks/16/queue_times.json
2026-07-25T17:45:14.833Z,2026-07-25 10:45:14,2026-07-25,America/Los_Angeles,disneyland,Disneyland,Fantasyland,687,Sleeping Beauty Castle Walkthrough,FALSE,0,2026-07-25T17:40:34.000Z,2026-07-25 10:40:34,https://queue-times.com/parks/16/queue_times.json
2026-07-25T17:45:14.833Z,2026-07-25 10:45:14,2026-07-25,America/Los_Angeles,disneyland,Disneyland,Fantasyland,283,Snow White's Enchanted Wish,TRUE,5,2026-07-25T17:40:34.000Z,2026-07-25 10:40:34,https://queue-times.com/parks/16/queue_times.json
2026-07-25T17:45:14.833Z,2026-07-25 10:45:14,2026-07-25,America/Los_Angeles,disneyland,Disneyland,Fantasyland,305,Storybook Land Canal Boats,TRUE,10,2026-07-25T17:40:34.000Z,2026-07-25 10:40:34,https://queue-times.com/parks/16/queue_times.json
2026-07-25T17:45:14.833Z,2026-07-25 10:45:14,2026-07-25,America/Los_Angeles,disneyland,Disneyland,Frontierland,323,Big Thunder Mountain Railroad,TRUE,25,2026-07-25T17:40:34.000Z,2026-07-25 10:40:34,https://queue-times.com/parks/16/queue_times.json
2026-07-25T17:45:14.833Z,2026-07-25 10:45:14,2026-07-25,America/Los_Angeles,disneyland,Disneyland,Frontierland,679,Frontierland Shootin' Exposition,FALSE,0,2026-07-25T17:40:34.000Z,2026-07-25 10:40:34,https://queue-times.com/parks/16/queue_times.json
2026-07-25T17:45:14.833Z,2026-07-25 10:45:14,2026-07-25,America/Los_Angeles,disneyland,Disneyland,Frontierland,456,Mark Twain Riverboat,TRUE,10,2026-07-25T17:40:34.000Z,2026-07-25 10:40:34,https://queue-times.com/parks/16/queue_times.json
2026-07-25T17:45:14.833Z,2026-07-25 10:45:14,2026-07-25,America/Los_Angeles,disneyland,Disneyland,Frontierland,331,Pirate's Lair on Tom Sawyer Island,TRUE,5,2026-07-25T17:40:34.000Z,2026-07-25 10:40:34,https://queue-times.com/parks/16/queue_times.json
2026-07-25T17:45:14.833Z,2026-07-25 10:45:14,2026-07-25,America/Los_Angeles,disneyland,Disneyland,Frontierland,328,Sailing Ship Columbia,FALSE,0,2026-07-25T17:40:34.000Z,2026-07-25 10:40:34,https://queue-times.com/parks/16/queue_times.json
2026-07-25T17:45:14.833Z,2026-07-25 10:45:14,2026-07-25,America/Los_Angeles,disneyland,Disneyland,Main Street U.S.A,674,Disneyland Railroad,TRUE,5,2026-07-25T17:40:34.000Z,2026-07-25 10:40:34,https://queue-times.com/parks/16/queue_times.json
2026-07-25T17:45:14.833Z,2026-07-25 10:45:14,2026-07-25,America/Los_Angeles,disneyland,Disneyland,Main Street U.S.A,690,Great Moments with Mr. Lincoln,TRUE,0,2026-07-25T17:40:34.000Z,2026-07-25 10:40:34,https://queue-times.com/parks/16/queue_times.json
2026-07-25T17:45:14.833Z,2026-07-25 10:45:14,2026-07-25,America/Los_Angeles,disneyland,Disneyland,Main Street U.S.A,686,Main Street Cinema,TRUE,0,2026-07-25T17:40:34.000Z,2026-07-25 10:40:34,https://queue-times.com/parks/16/queue_times.json
2026-07-25T17:45:14.833Z,2026-07-25 10:45:14,2026-07-25,America/Los_Angeles,disneyland,Disneyland,Main Street U.S.A,691,Main Street Vehicles,TRUE,0,2026-07-25T17:40:34.000Z,2026-07-25 10:40:34,https://queue-times.com/parks/16/queue_times.json
2026-07-25T17:45:14.833Z,2026-07-25 10:45:14,2026-07-25,America/Los_Angeles,disneyland,Disneyland,Main Street U.S.A,14915,Opera House - Walt Disney - A Magical Life,TRUE,0,2026-07-25T17:40:34.000Z,2026-07-25 10:40:34,https://queue-times.com/parks/16/queue_times.json
2026-07-25T17:45:14.833Z,2026-07-25 10:45:14,2026-07-25,America/Los_Angeles,disneyland,Disneyland,Main Street U.S.A,695,The Disney Gallery,TRUE,0,2026-07-25T17:40:34.000Z,2026-07-25 10:40:34,https://queue-times.com/parks/16/queue_times.json
2026-07-25T17:45:14.833Z,2026-07-25 10:45:14,2026-07-25,America/Los_Angeles,disneyland,Disneyland,Main Street U.S.A,14923,Walt Disney - A Magical Life,FALSE,0,2026-07-25T17:40:34.000Z,2026-07-25 10:40:34,https://queue-times.com/parks/16/queue_times.json
2026-07-25T17:45:14.833Z,2026-07-25 10:45:14,2026-07-25,America/Los_Angeles,disneyland,Disneyland,Mickey's Toontown,324,Chip 'n' Dale's GADGETcoaster,TRUE,15,2026-07-25T17:40:34.000Z,2026-07-25 10:40:34,https://queue-times.com/parks/16/queue_times.json
2026-07-25T17:45:14.833Z,2026-07-25 10:45:14,2026-07-25,America/Los_Angeles,disneyland,Disneyland,Mickey's Toontown,13814,Donald's Duck Pond,TRUE,0,2026-07-25T17:40:34.000Z,2026-07-25 10:40:34,https://queue-times.com/parks/16/queue_times.json
2026-07-25T17:45:14.833Z,2026-07-25 10:45:14,2026-07-25,America/Los_Angeles,disneyland,Disneyland,Mickey's Toontown,11980,Goofy's How-to-Play Yard,TRUE,0,2026-07-25T17:40:34.000Z,2026-07-25 10:40:34,https://queue-times.com/parks/16/queue_times.json
2026-07-25T17:45:14.833Z,2026-07-25 10:45:14,2026-07-25,America/Los_Angeles,disneyland,Disneyland,Mickey's Toontown,11526,Mickey & Minnie's Runaway Railway,TRUE,20,2026-07-25T17:40:34.000Z,2026-07-25 10:40:34,https://queue-times.com/parks/16/queue_times.json
2026-07-25T17:45:14.833Z,2026-07-25 10:45:14,2026-07-25,America/Los_Angeles,disneyland,Disneyland,Mickey's Toontown,709,Mickey's House and Meet Mickey Mouse,TRUE,5,2026-07-25T17:40:34.000Z,2026-07-25 10:40:34,https://queue-times.com/parks/16/queue_times.json
2026-07-25T17:45:14.833Z,2026-07-25 10:45:14,2026-07-25,America/Los_Angeles,disneyland,Disneyland,Mickey's Toontown,327,Mickey's House and Meet Mickey Mouse,FALSE,0,2026-07-25T17:40:34.000Z,2026-07-25 10:40:34,https://queue-times.com/parks/16/queue_times.json
2026-07-25T17:45:14.833Z,2026-07-25 10:45:14,2026-07-25,America/Los_Angeles,disneyland,Disneyland,Mickey's Toontown,684,Minnie's House,TRUE,0,2026-07-25T17:40:34.000Z,2026-07-25 10:40:34,https://queue-times.com/parks/16/queue_times.json
2026-07-25T17:45:14.833Z,2026-07-25 10:45:14,2026-07-25,America/Los_Angeles,disneyland,Disneyland,Mickey's Toontown,332,Roger Rabbit's Car Toon Spin,TRUE,25,2026-07-25T17:40:34.000Z,2026-07-25 10:40:34,https://queue-times.com/parks/16/queue_times.json
2026-07-25T17:45:14.833Z,2026-07-25 10:45:14,2026-07-25,America/Los_Angeles,disneyland,Disneyland,New Orleans Square,13958,Haunted Mansion,TRUE,25,2026-07-25T17:40:34.000Z,2026-07-25 10:40:34,https://queue-times.com/parks/16/queue_times.json
2026-07-25T17:45:14.833Z,2026-07-25 10:45:14,2026-07-25,America/Los_Angeles,disneyland,Disneyland,New Orleans Square,289,Pirates of the Caribbean,FALSE,0,2026-07-25T17:40:34.000Z,2026-07-25 10:40:34,https://queue-times.com/parks/16/queue_times.json
2026-07-25T17:45:14.833Z,2026-07-25 10:45:14,2026-07-25,America/Los_Angeles,disneyland,Disneyland,Star Wars: Galaxy's Edge,6339,Millennium Falcon: Smugglers Run,TRUE,25,2026-07-25T17:40:34.000Z,2026-07-25 10:40:34,https://queue-times.com/parks/16/queue_times.json
2026-07-25T17:45:14.833Z,2026-07-25 10:45:14,2026-07-25,America/Los_Angeles,disneyland,Disneyland,Star Wars: Galaxy's Edge,10903,Millennium Falcon: Smugglers Run Single Rider,TRUE,0,2026-07-25T17:40:34.000Z,2026-07-25 10:40:34,https://queue-times.com/parks/16/queue_times.json
2026-07-25T17:45:14.833Z,2026-07-25 10:45:14,2026-07-25,America/Los_Angeles,disneyland,Disneyland,Star Wars: Galaxy's Edge,6340,Star Wars: Rise of the Resistance,TRUE,35,2026-07-25T17:40:34.000Z,2026-07-25 10:40:34,https://queue-times.com/parks/16/queue_times.json
2026-07-25T17:45:14.833Z,2026-07-25 10:45:14,2026-07-25,America/Los_Angeles,disneyland,Disneyland,Tomorrowland,287,Astro Orbitor,TRUE,15,2026-07-25T17:40:34.000Z,2026-07-25 10:40:34,https://queue-times.com/parks/16/queue_times.json
2026-07-25T17:45:14.833Z,2026-07-25 10:45:14,2026-07-25,America/Los_Angeles,disneyland,Disneyland,Tomorrowland,317,Autopia,TRUE,20,2026-07-25T17:40:34.000Z,2026-07-25 10:40:34,https://queue-times.com/parks/16/queue_times.json
2026-07-25T17:45:14.833Z,2026-07-25 10:45:14,2026-07-25,America/Los_Angeles,disneyland,Disneyland,Tomorrowland,273,Buzz Lightyear Astro Blasters,TRUE,15,2026-07-25T17:40:34.000Z,2026-07-25 10:40:34,https://queue-times.com/parks/16/queue_times.json
2026-07-25T17:45:14.833Z,2026-07-25 10:45:14,2026-07-25,America/Los_Angeles,disneyland,Disneyland,Tomorrowland,274,Disneyland Monorail,TRUE,5,2026-07-25T17:40:34.000Z,2026-07-25 10:40:34,https://queue-times.com/parks/16/queue_times.json
2026-07-25T17:45:14.833Z,2026-07-25 10:45:14,2026-07-25,America/Los_Angeles,disneyland,Disneyland,Tomorrowland,276,Finding Nemo Submarine Voyage,TRUE,10,2026-07-25T17:40:34.000Z,2026-07-25 10:40:34,https://queue-times.com/parks/16/queue_times.json
2026-07-25T17:45:14.833Z,2026-07-25 10:45:14,2026-07-25,America/Los_Angeles,disneyland,Disneyland,Tomorrowland,16627,Pixar Short Film Spotlight,FALSE,0,2026-07-25T17:40:34.000Z,2026-07-25 10:40:34,https://queue-times.com/parks/16/queue_times.json
2026-07-25T17:45:14.833Z,2026-07-25 10:45:14,2026-07-25,America/Los_Angeles,disneyland,Disneyland,Tomorrowland,284,Space Mountain,TRUE,35,2026-07-25T17:40:34.000Z,2026-07-25 10:40:34,https://queue-times.com/parks/16/queue_times.json
2026-07-25T17:45:14.833Z,2026-07-25 10:45:14,2026-07-25,America/Los_Angeles,disneyland,Disneyland,Tomorrowland,286,Star Tours - The Adventures Continue,TRUE,5,2026-07-25T17:40:34.000Z,2026-07-25 10:40:34,https://queue-times.com/parks/16/queue_times.json
2026-07-25T17:45:14.833Z,2026-07-25 10:45:14,2026-07-25,America/Los_Angeles,dca,Disney California Adventure,Avengers Campus,329,Guardians of the Galaxy - Mission: BREAKOUT!,TRUE,40,2026-07-25T17:40:47.000Z,2026-07-25 10:40:47,https://queue-times.com/parks/17/queue_times.json
2026-07-25T17:45:14.833Z,2026-07-25 10:45:14,2026-07-25,America/Los_Angeles,dca,Disney California Adventure,Avengers Campus,8843,WEB SLINGERS: A Spider-Man Adventure,TRUE,45,2026-07-25T17:40:47.000Z,2026-07-25 10:40:47,https://queue-times.com/parks/17/queue_times.json
2026-07-25T17:45:14.833Z,2026-07-25 10:45:14,2026-07-25,America/Los_Angeles,dca,Disney California Adventure,Avengers Campus,10907,WEB SLINGERS: A Spider-Man Adventure Single Rider,TRUE,0,2026-07-25T17:40:47.000Z,2026-07-25 10:40:47,https://queue-times.com/parks/17/queue_times.json
2026-07-25T17:45:14.833Z,2026-07-25 10:45:14,2026-07-25,America/Los_Angeles,dca,Disney California Adventure,Cars Land,13961,Luigi's Rollickin' Roadsters,TRUE,20,2026-07-25T17:40:47.000Z,2026-07-25 10:40:47,https://queue-times.com/parks/17/queue_times.json
2026-07-25T17:45:14.833Z,2026-07-25 10:45:14,2026-07-25,America/Los_Angeles,dca,Disney California Adventure,Cars Land,315,Mater's Junkyard Jamboree,TRUE,20,2026-07-25T17:40:47.000Z,2026-07-25 10:40:47,https://queue-times.com/parks/17/queue_times.json
2026-07-25T17:45:14.833Z,2026-07-25 10:45:14,2026-07-25,America/Los_Angeles,dca,Disney California Adventure,Cars Land,295,Radiator Springs Racers,TRUE,90,2026-07-25T17:40:47.000Z,2026-07-25 10:40:47,https://queue-times.com/parks/17/queue_times.json
2026-07-25T17:45:14.833Z,2026-07-25 10:45:14,2026-07-25,America/Los_Angeles,dca,Disney California Adventure,Cars Land,10904,Radiator Springs Racers Single Rider,TRUE,0,2026-07-25T17:40:47.000Z,2026-07-25 10:40:47,https://queue-times.com/parks/17/queue_times.json
2026-07-25T17:45:14.833Z,2026-07-25 10:45:14,2026-07-25,America/Los_Angeles,dca,Disney California Adventure,Grizzly Peak,302,Grizzly River Run,TRUE,25,2026-07-25T17:40:47.000Z,2026-07-25 10:40:47,https://queue-times.com/parks/17/queue_times.json
2026-07-25T17:45:14.833Z,2026-07-25 10:45:14,2026-07-25,America/Los_Angeles,dca,Disney California Adventure,Grizzly Peak,293,Redwood Creek Challenge Trail,TRUE,5,2026-07-25T17:40:47.000Z,2026-07-25 10:40:47,https://queue-times.com/parks/17/queue_times.json
2026-07-25T17:45:14.833Z,2026-07-25 10:45:14,2026-07-25,America/Los_Angeles,dca,Disney California Adventure,Grizzly Peak,17129,Soarin’ Across America,TRUE,45,2026-07-25T17:40:47.000Z,2026-07-25 10:40:47,https://queue-times.com/parks/17/queue_times.json
2026-07-25T17:45:14.833Z,2026-07-25 10:45:14,2026-07-25,America/Los_Angeles,dca,Disney California Adventure,Hollywood Land,321,Animation Academy,TRUE,0,2026-07-25T17:40:47.000Z,2026-07-25 10:40:47,https://queue-times.com/parks/17/queue_times.json
2026-07-25T17:45:14.833Z,2026-07-25 10:45:14,2026-07-25,America/Los_Angeles,dca,Disney California Adventure,Hollywood Land,6440,Mickey's PhilharMagic,TRUE,10,2026-07-25T17:40:47.000Z,2026-07-25 10:40:47,https://queue-times.com/parks/17/queue_times.json
2026-07-25T17:45:14.833Z,2026-07-25 10:45:14,2026-07-25,America/Los_Angeles,dca,Disney California Adventure,Hollywood Land,291,"Monsters, Inc. Mike & Sulley to the Rescue!",TRUE,30,2026-07-25T17:40:47.000Z,2026-07-25 10:40:47,https://queue-times.com/parks/17/queue_times.json
2026-07-25T17:45:14.833Z,2026-07-25 10:45:14,2026-07-25,America/Los_Angeles,dca,Disney California Adventure,Hollywood Land,868,Sorcerer's Workshop,TRUE,0,2026-07-25T17:40:47.000Z,2026-07-25 10:40:47,https://queue-times.com/parks/17/queue_times.json
2026-07-25T17:45:14.833Z,2026-07-25 10:45:14,2026-07-25,America/Los_Angeles,dca,Disney California Adventure,Hollywood Land,294,Turtle Talk with Crush,TRUE,0,2026-07-25T17:40:47.000Z,2026-07-25 10:40:47,https://queue-times.com/parks/17/queue_times.json
2026-07-25T17:45:14.833Z,2026-07-25 10:45:14,2026-07-25,America/Los_Angeles,dca,Disney California Adventure,Pacific Wharf,869,The Bakery Tour,TRUE,0,2026-07-25T17:40:47.000Z,2026-07-25 10:40:47,https://queue-times.com/parks/17/queue_times.json
2026-07-25T17:45:14.833Z,2026-07-25 10:45:14,2026-07-25,America/Los_Angeles,dca,Disney California Adventure,Paradise Gardens Park,298,Golden Zephyr,TRUE,5,2026-07-25T17:40:47.000Z,2026-07-25 10:40:47,https://queue-times.com/parks/17/queue_times.json
2026-07-25T17:45:14.833Z,2026-07-25 10:45:14,2026-07-25,America/Los_Angeles,dca,Disney California Adventure,Paradise Gardens Park,319,Goofy's Sky School,TRUE,25,2026-07-25T17:40:47.000Z,2026-07-25 10:40:47,https://queue-times.com/parks/17/queue_times.json
2026-07-25T17:45:14.833Z,2026-07-25 10:45:14,2026-07-25,America/Los_Angeles,dca,Disney California Adventure,Paradise Gardens Park,301,Silly Symphony Swings,FALSE,0,2026-07-25T17:40:47.000Z,2026-07-25 10:40:47,https://queue-times.com/parks/17/queue_times.json
2026-07-25T17:45:14.833Z,2026-07-25 10:45:14,2026-07-25,America/Los_Angeles,dca,Disney California Adventure,Paradise Gardens Park,316,The Little Mermaid - Ariel's Undersea Adventure,TRUE,15,2026-07-25T17:40:47.000Z,2026-07-25 10:40:47,https://queue-times.com/parks/17/queue_times.json
2026-07-25T17:45:14.833Z,2026-07-25 10:45:14,2026-07-25,America/Los_Angeles,dca,Disney California Adventure,Paradise Gardens Park,14742,World of Color Happiness!,TRUE,0,2026-07-25T17:40:47.000Z,2026-07-25 10:40:47,https://queue-times.com/parks/17/queue_times.json
2026-07-25T17:45:14.833Z,2026-07-25 10:45:14,2026-07-25,America/Los_Angeles,dca,Disney California Adventure,Pixar Pier,866,Games of Pixar Pier,TRUE,5,2026-07-25T17:40:47.000Z,2026-07-25 10:40:47,https://queue-times.com/parks/17/queue_times.json
2026-07-25T17:45:14.833Z,2026-07-25 10:45:14,2026-07-25,America/Los_Angeles,dca,Disney California Adventure,Pixar Pier,322,Incredicoaster,TRUE,20,2026-07-25T17:40:47.000Z,2026-07-25 10:40:47,https://queue-times.com/parks/17/queue_times.json
2026-07-25T17:45:14.833Z,2026-07-25 10:45:14,2026-07-25,America/Los_Angeles,dca,Disney California Adventure,Pixar Pier,10906,Incredicoaster Single Rider,TRUE,0,2026-07-25T17:40:47.000Z,2026-07-25 10:40:47,https://queue-times.com/parks/17/queue_times.json
2026-07-25T17:45:14.833Z,2026-07-25 10:45:14,2026-07-25,America/Los_Angeles,dca,Disney California Adventure,Pixar Pier,6643,Inside Out Emotional Whirlwind,TRUE,5,2026-07-25T17:40:47.000Z,2026-07-25 10:40:47,https://queue-times.com/parks/17/queue_times.json
2026-07-25T17:45:14.833Z,2026-07-25 10:45:14,2026-07-25,America/Los_Angeles,dca,Disney California Adventure,Pixar Pier,310,Jessie's Critter Carousel,TRUE,5,2026-07-25T17:40:47.000Z,2026-07-25 10:40:47,https://queue-times.com/parks/17/queue_times.json
2026-07-25T17:45:14.833Z,2026-07-25 10:45:14,2026-07-25,America/Los_Angeles,dca,Disney California Adventure,Pixar Pier,300,Jumpin' Jellyfish,TRUE,5,2026-07-25T17:40:47.000Z,2026-07-25 10:40:47,https://queue-times.com/parks/17/queue_times.json
2026-07-25T17:45:14.833Z,2026-07-25 10:45:14,2026-07-25,America/Los_Angeles,dca,Disney California Adventure,Pixar Pier,311,Pixar Pal-A-Round - Swinging,TRUE,15,2026-07-25T17:40:47.000Z,2026-07-25 10:40:47,https://queue-times.com/parks/17/queue_times.json
2026-07-25T17:45:14.833Z,2026-07-25 10:45:14,2026-07-25,America/Los_Angeles,dca,Disney California Adventure,Pixar Pier,5557,Pixar Pal-A-Round – Non-Swinging,TRUE,15,2026-07-25T17:40:47.000Z,2026-07-25 10:40:47,https://queue-times.com/parks/17/queue_times.json
2026-07-25T17:45:14.833Z,2026-07-25 10:45:14,2026-07-25,America/Los_Angeles,dca,Disney California Adventure,Pixar Pier,313,Toy Story Midway Mania!,TRUE,35,2026-07-25T17:40:47.000Z,2026-07-25 10:40:47,https://queue-times.com/parks/17/queue_times.json
2026-07-25T18:00:18.013Z,2026-07-25 11:00:18,2026-07-25,America/Los_Angeles,disneyland,Disneyland,Adventureland,12428,Adventureland Treehouse inspired by Walt Disney’s Swiss Family Robinson,TRUE,0,2026-07-25T17:55:42.000Z,2026-07-25 10:55:42,https://queue-times.com/parks/16/queue_times.json
2026-07-25T18:00:18.013Z,2026-07-25 11:00:18,2026-07-25,America/Los_Angeles,disneyland,Disneyland,Adventureland,326,Indiana Jones™ Adventure,TRUE,40,2026-07-25T17:55:42.000Z,2026-07-25 10:55:42,https://queue-times.com/parks/16/queue_times.json
2026-07-25T18:00:18.013Z,2026-07-25 11:00:18,2026-07-25,America/Los_Angeles,disneyland,Disneyland,Adventureland,296,Jungle Cruise,TRUE,10,2026-07-25T17:55:42.000Z,2026-07-25 10:55:42,https://queue-times.com/parks/16/queue_times.json
2026-07-25T18:00:18.013Z,2026-07-25 11:00:18,2026-07-25,America/Los_Angeles,disneyland,Disneyland,Adventureland,288,Walt Disney's Enchanted Tiki Room,TRUE,0,2026-07-25T17:55:42.000Z,2026-07-25 10:55:42,https://queue-times.com/parks/16/queue_times.json
2026-07-25T18:00:18.013Z,2026-07-25 11:00:18,2026-07-25,America/Los_Angeles,disneyland,Disneyland,Bayou Country,304,Davy Crockett's Explorer Canoes,TRUE,5,2026-07-25T17:55:42.000Z,2026-07-25 10:55:42,https://queue-times.com/parks/16/queue_times.json
2026-07-25T18:00:18.013Z,2026-07-25 11:00:18,2026-07-25,America/Los_Angeles,disneyland,Disneyland,Bayou Country,306,The Many Adventures of Winnie the Pooh,TRUE,10,2026-07-25T17:55:42.000Z,2026-07-25 10:55:42,https://queue-times.com/parks/16/queue_times.json
2026-07-25T18:00:18.013Z,2026-07-25 11:00:18,2026-07-25,America/Los_Angeles,disneyland,Disneyland,Bayou Country,14168,Tiana's Bayou Adventure,TRUE,50,2026-07-25T17:55:42.000Z,2026-07-25 10:55:42,https://queue-times.com/parks/16/queue_times.json
2026-07-25T18:00:18.013Z,2026-07-25 11:00:18,2026-07-25,America/Los_Angeles,disneyland,Disneyland,Bayou Country,14326,Tiana's Bayou Adventure Single Rider,TRUE,0,2026-07-25T17:55:42.000Z,2026-07-25 10:55:42,https://queue-times.com/parks/16/queue_times.json
2026-07-25T18:00:18.013Z,2026-07-25 11:00:18,2026-07-25,America/Los_Angeles,disneyland,Disneyland,Fantasyland,307,"""it's a small world""",TRUE,5,2026-07-25T17:55:42.000Z,2026-07-25 10:55:42,https://queue-times.com/parks/16/queue_times.json
2026-07-25T18:00:18.013Z,2026-07-25 11:00:18,2026-07-25,America/Los_Angeles,disneyland,Disneyland,Fantasyland,285,Alice in Wonderland,TRUE,25,2026-07-25T17:55:42.000Z,2026-07-25 10:55:42,https://queue-times.com/parks/16/queue_times.json
2026-07-25T18:00:18.013Z,2026-07-25 11:00:18,2026-07-25,America/Los_Angeles,disneyland,Disneyland,Fantasyland,16254,Bluey’s Best Day Ever! at Fantasyland Theatre,TRUE,0,2026-07-25T17:55:42.000Z,2026-07-25 10:55:42,https://queue-times.com/parks/16/queue_times.json
2026-07-25T18:00:18.013Z,2026-07-25 11:00:18,2026-07-25,America/Los_Angeles,disneyland,Disneyland,Fantasyland,303,Casey Jr. Circus Train,TRUE,10,2026-07-25T17:55:42.000Z,2026-07-25 10:55:42,https://queue-times.com/parks/16/queue_times.json
2026-07-25T18:00:18.013Z,2026-07-25 11:00:18,2026-07-25,America/Los_Angeles,disneyland,Disneyland,Fantasyland,275,Dumbo the Flying Elephant,TRUE,20,2026-07-25T17:55:42.000Z,2026-07-25 10:55:42,https://queue-times.com/parks/16/queue_times.json
2026-07-25T18:00:18.013Z,2026-07-25 11:00:18,2026-07-25,America/Los_Angeles,disneyland,Disneyland,Fantasyland,277,King Arthur Carrousel,TRUE,5,2026-07-25T17:55:42.000Z,2026-07-25 10:55:42,https://queue-times.com/parks/16/queue_times.json
2026-07-25T18:00:18.013Z,2026-07-25 11:00:18,2026-07-25,America/Los_Angeles,disneyland,Disneyland,Fantasyland,278,Mad Tea Party,TRUE,5,2026-07-25T17:55:42.000Z,2026-07-25 10:55:42,https://queue-times.com/parks/16/queue_times.json
2026-07-25T18:00:18.013Z,2026-07-25 11:00:18,2026-07-25,America/Los_Angeles,disneyland,Disneyland,Fantasyland,279,Matterhorn Bobsleds,TRUE,30,2026-07-25T17:55:42.000Z,2026-07-25 10:55:42,https://queue-times.com/parks/16/queue_times.json
2026-07-25T18:00:18.013Z,2026-07-25 11:00:18,2026-07-25,America/Los_Angeles,disneyland,Disneyland,Fantasyland,6711,Meet Disney Princesses at Royal Hall,TRUE,60,2026-07-25T17:55:42.000Z,2026-07-25 10:55:42,https://queue-times.com/parks/16/queue_times.json
2026-07-25T18:00:18.013Z,2026-07-25 11:00:18,2026-07-25,America/Los_Angeles,disneyland,Disneyland,Fantasyland,280,Mr. Toad's Wild Ride,TRUE,15,2026-07-25T17:55:42.000Z,2026-07-25 10:55:42,https://queue-times.com/parks/16/queue_times.json
2026-07-25T18:00:18.013Z,2026-07-25 11:00:18,2026-07-25,America/Los_Angeles,disneyland,Disneyland,Fantasyland,281,Peter Pan's Flight,TRUE,30,2026-07-25T17:55:42.000Z,2026-07-25 10:55:42,https://queue-times.com/parks/16/queue_times.json
2026-07-25T18:00:18.013Z,2026-07-25 11:00:18,2026-07-25,America/Los_Angeles,disneyland,Disneyland,Fantasyland,282,Pinocchio's Daring Journey,TRUE,10,2026-07-25T17:55:42.000Z,2026-07-25 10:55:42,https://queue-times.com/parks/16/queue_times.json
2026-07-25T18:00:18.013Z,2026-07-25 11:00:18,2026-07-25,America/Los_Angeles,disneyland,Disneyland,Fantasyland,687,Sleeping Beauty Castle Walkthrough,FALSE,0,2026-07-25T17:55:42.000Z,2026-07-25 10:55:42,https://queue-times.com/parks/16/queue_times.json
2026-07-25T18:00:18.013Z,2026-07-25 11:00:18,2026-07-25,America/Los_Angeles,disneyland,Disneyland,Fantasyland,283,Snow White's Enchanted Wish,TRUE,5,2026-07-25T17:55:42.000Z,2026-07-25 10:55:42,https://queue-times.com/parks/16/queue_times.json
2026-07-25T18:00:18.013Z,2026-07-25 11:00:18,2026-07-25,America/Los_Angeles,disneyland,Disneyland,Fantasyland,305,Storybook Land Canal Boats,TRUE,10,2026-07-25T17:55:42.000Z,2026-07-25 10:55:42,https://queue-times.com/parks/16/queue_times.json
2026-07-25T18:00:18.013Z,2026-07-25 11:00:18,2026-07-25,America/Los_Angeles,disneyland,Disneyland,Frontierland,323,Big Thunder Mountain Railroad,TRUE,25,2026-07-25T17:55:42.000Z,2026-07-25 10:55:42,https://queue-times.com/parks/16/queue_times.json
2026-07-25T18:00:18.013Z,2026-07-25 11:00:18,2026-07-25,America/Los_Angeles,disneyland,Disneyland,Frontierland,679,Frontierland Shootin' Exposition,FALSE,0,2026-07-25T17:55:42.000Z,2026-07-25 10:55:42,https://queue-times.com/parks/16/queue_times.json
2026-07-25T18:00:18.013Z,2026-07-25 11:00:18,2026-07-25,America/Los_Angeles,disneyland,Disneyland,Frontierland,456,Mark Twain Riverboat,TRUE,10,2026-07-25T17:55:42.000Z,2026-07-25 10:55:42,https://queue-times.com/parks/16/queue_times.json
2026-07-25T18:00:18.013Z,2026-07-25 11:00:18,2026-07-25,America/Los_Angeles,disneyland,Disneyland,Frontierland,331,Pirate's Lair on Tom Sawyer Island,TRUE,5,2026-07-25T17:55:42.000Z,2026-07-25 10:55:42,https://queue-times.com/parks/16/queue_times.json
2026-07-25T18:00:18.013Z,2026-07-25 11:00:18,2026-07-25,America/Los_Angeles,disneyland,Disneyland,Frontierland,328,Sailing Ship Columbia,FALSE,0,2026-07-25T17:55:42.000Z,2026-07-25 10:55:42,https://queue-times.com/parks/16/queue_times.json
2026-07-25T18:00:18.013Z,2026-07-25 11:00:18,2026-07-25,America/Los_Angeles,disneyland,Disneyland,Main Street U.S.A,674,Disneyland Railroad,TRUE,5,2026-07-25T17:55:42.000Z,2026-07-25 10:55:42,https://queue-times.com/parks/16/queue_times.json
2026-07-25T18:00:18.013Z,2026-07-25 11:00:18,2026-07-25,America/Los_Angeles,disneyland,Disneyland,Main Street U.S.A,690,Great Moments with Mr. Lincoln,TRUE,0,2026-07-25T17:55:42.000Z,2026-07-25 10:55:42,https://queue-times.com/parks/16/queue_times.json
2026-07-25T18:00:18.013Z,2026-07-25 11:00:18,2026-07-25,America/Los_Angeles,disneyland,Disneyland,Main Street U.S.A,686,Main Street Cinema,TRUE,0,2026-07-25T17:55:42.000Z,2026-07-25 10:55:42,https://queue-times.com/parks/16/queue_times.json
2026-07-25T18:00:18.013Z,2026-07-25 11:00:18,2026-07-25,America/Los_Angeles,disneyland,Disneyland,Main Street U.S.A,691,Main Street Vehicles,TRUE,0,2026-07-25T17:55:42.000Z,2026-07-25 10:55:42,https://queue-times.com/parks/16/queue_times.json
2026-07-25T18:00:18.013Z,2026-07-25 11:00:18,2026-07-25,America/Los_Angeles,disneyland,Disneyland,Main Street U.S.A,14915,Opera House - Walt Disney - A Magical Life,TRUE,0,2026-07-25T17:55:42.000Z,2026-07-25 10:55:42,https://queue-times.com/parks/16/queue_times.json
2026-07-25T18:00:18.013Z,2026-07-25 11:00:18,2026-07-25,America/Los_Angeles,disneyland,Disneyland,Main Street U.S.A,695,The Disney Gallery,TRUE,0,2026-07-25T17:55:42.000Z,2026-07-25 10:55:42,https://queue-times.com/parks/16/queue_times.json
2026-07-25T18:00:18.013Z,2026-07-25 11:00:18,2026-07-25,America/Los_Angeles,disneyland,Disneyland,Main Street U.S.A,14923,Walt Disney - A Magical Life,FALSE,0,2026-07-25T17:55:42.000Z,2026-07-25 10:55:42,https://queue-times.com/parks/16/queue_times.json
2026-07-25T18:00:18.013Z,2026-07-25 11:00:18,2026-07-25,America/Los_Angeles,disneyland,Disneyland,Mickey's Toontown,324,Chip 'n' Dale's GADGETcoaster,TRUE,30,2026-07-25T17:55:42.000Z,2026-07-25 10:55:42,https://queue-times.com/parks/16/queue_times.json
2026-07-25T18:00:18.013Z,2026-07-25 11:00:18,2026-07-25,America/Los_Angeles,disneyland,Disneyland,Mickey's Toontown,13814,Donald's Duck Pond,TRUE,0,2026-07-25T17:55:42.000Z,2026-07-25 10:55:42,https://queue-times.com/parks/16/queue_times.json
2026-07-25T18:00:18.013Z,2026-07-25 11:00:18,2026-07-25,America/Los_Angeles,disneyland,Disneyland,Mickey's Toontown,11980,Goofy's How-to-Play Yard,TRUE,0,2026-07-25T17:55:42.000Z,2026-07-25 10:55:42,https://queue-times.com/parks/16/queue_times.json
2026-07-25T18:00:18.013Z,2026-07-25 11:00:18,2026-07-25,America/Los_Angeles,disneyland,Disneyland,Mickey's Toontown,11526,Mickey & Minnie's Runaway Railway,TRUE,30,2026-07-25T17:55:42.000Z,2026-07-25 10:55:42,https://queue-times.com/parks/16/queue_times.json
2026-07-25T18:00:18.013Z,2026-07-25 11:00:18,2026-07-25,America/Los_Angeles,disneyland,Disneyland,Mickey's Toontown,709,Mickey's House and Meet Mickey Mouse,TRUE,5,2026-07-25T17:55:42.000Z,2026-07-25 10:55:42,https://queue-times.com/parks/16/queue_times.json
2026-07-25T18:00:18.013Z,2026-07-25 11:00:18,2026-07-25,America/Los_Angeles,disneyland,Disneyland,Mickey's Toontown,327,Mickey's House and Meet Mickey Mouse,FALSE,0,2026-07-25T17:55:42.000Z,2026-07-25 10:55:42,https://queue-times.com/parks/16/queue_times.json
2026-07-25T18:00:18.013Z,2026-07-25 11:00:18,2026-07-25,America/Los_Angeles,disneyland,Disneyland,Mickey's Toontown,684,Minnie's House,TRUE,0,2026-07-25T17:55:42.000Z,2026-07-25 10:55:42,https://queue-times.com/parks/16/queue_times.json
2026-07-25T18:00:18.013Z,2026-07-25 11:00:18,2026-07-25,America/Los_Angeles,disneyland,Disneyland,Mickey's Toontown,332,Roger Rabbit's Car Toon Spin,TRUE,25,2026-07-25T17:55:42.000Z,2026-07-25 10:55:42,https://queue-times.com/parks/16/queue_times.json
2026-07-25T18:00:18.013Z,2026-07-25 11:00:18,2026-07-25,America/Los_Angeles,disneyland,Disneyland,New Orleans Square,13958,Haunted Mansion,TRUE,35,2026-07-25T17:55:42.000Z,2026-07-25 10:55:42,https://queue-times.com/parks/16/queue_times.json
2026-07-25T18:00:18.013Z,2026-07-25 11:00:18,2026-07-25,America/Los_Angeles,disneyland,Disneyland,New Orleans Square,289,Pirates of the Caribbean,FALSE,0,2026-07-25T17:55:42.000Z,2026-07-25 10:55:42,https://queue-times.com/parks/16/queue_times.json
2026-07-25T18:00:18.013Z,2026-07-25 11:00:18,2026-07-25,America/Los_Angeles,disneyland,Disneyland,Star Wars: Galaxy's Edge,6339,Millennium Falcon: Smugglers Run,TRUE,15,2026-07-25T17:55:42.000Z,2026-07-25 10:55:42,https://queue-times.com/parks/16/queue_times.json
2026-07-25T18:00:18.013Z,2026-07-25 11:00:18,2026-07-25,America/Los_Angeles,disneyland,Disneyland,Star Wars: Galaxy's Edge,10903,Millennium Falcon: Smugglers Run Single Rider,TRUE,0,2026-07-25T17:55:42.000Z,2026-07-25 10:55:42,https://queue-times.com/parks/16/queue_times.json
2026-07-25T18:00:18.013Z,2026-07-25 11:00:18,2026-07-25,America/Los_Angeles,disneyland,Disneyland,Star Wars: Galaxy's Edge,6340,Star Wars: Rise of the Resistance,TRUE,50,2026-07-25T17:55:42.000Z,2026-07-25 10:55:42,https://queue-times.com/parks/16/queue_times.json
2026-07-25T18:00:18.013Z,2026-07-25 11:00:18,2026-07-25,America/Los_Angeles,disneyland,Disneyland,Tomorrowland,287,Astro Orbitor,TRUE,15,2026-07-25T17:55:42.000Z,2026-07-25 10:55:42,https://queue-times.com/parks/16/queue_times.json
2026-07-25T18:00:18.013Z,2026-07-25 11:00:18,2026-07-25,America/Los_Angeles,disneyland,Disneyland,Tomorrowland,317,Autopia,TRUE,25,2026-07-25T17:55:42.000Z,2026-07-25 10:55:42,https://queue-times.com/parks/16/queue_times.json
2026-07-25T18:00:18.013Z,2026-07-25 11:00:18,2026-07-25,America/Los_Angeles,disneyland,Disneyland,Tomorrowland,273,Buzz Lightyear Astro Blasters,TRUE,15,2026-07-25T17:55:42.000Z,2026-07-25 10:55:42,https://queue-times.com/parks/16/queue_times.json
2026-07-25T18:00:18.013Z,2026-07-25 11:00:18,2026-07-25,America/Los_Angeles,disneyland,Disneyland,Tomorrowland,274,Disneyland Monorail,TRUE,5,2026-07-25T17:55:42.000Z,2026-07-25 10:55:42,https://queue-times.com/parks/16/queue_times.json
2026-07-25T18:00:18.013Z,2026-07-25 11:00:18,2026-07-25,America/Los_Angeles,disneyland,Disneyland,Tomorrowland,276,Finding Nemo Submarine Voyage,TRUE,15,2026-07-25T17:55:42.000Z,2026-07-25 10:55:42,https://queue-times.com/parks/16/queue_times.json
2026-07-25T18:00:18.013Z,2026-07-25 11:00:18,2026-07-25,America/Los_Angeles,disneyland,Disneyland,Tomorrowland,16627,Pixar Short Film Spotlight,FALSE,0,2026-07-25T17:55:42.000Z,2026-07-25 10:55:42,https://queue-times.com/parks/16/queue_times.json
2026-07-25T18:00:18.013Z,2026-07-25 11:00:18,2026-07-25,America/Los_Angeles,disneyland,Disneyland,Tomorrowland,284,Space Mountain,TRUE,50,2026-07-25T17:55:42.000Z,2026-07-25 10:55:42,https://queue-times.com/parks/16/queue_times.json
2026-07-25T18:00:18.013Z,2026-07-25 11:00:18,2026-07-25,America/Los_Angeles,disneyland,Disneyland,Tomorrowland,286,Star Tours - The Adventures Continue,TRUE,15,2026-07-25T17:55:42.000Z,2026-07-25 10:55:42,https://queue-times.com/parks/16/queue_times.json
2026-07-25T18:00:18.013Z,2026-07-25 11:00:18,2026-07-25,America/Los_Angeles,dca,Disney California Adventure,Avengers Campus,329,Guardians of the Galaxy - Mission: BREAKOUT!,TRUE,40,2026-07-25T17:55:42.000Z,2026-07-25 10:55:42,https://queue-times.com/parks/17/queue_times.json
2026-07-25T18:00:18.013Z,2026-07-25 11:00:18,2026-07-25,America/Los_Angeles,dca,Disney California Adventure,Avengers Campus,8843,WEB SLINGERS: A Spider-Man Adventure,TRUE,45,2026-07-25T17:55:42.000Z,2026-07-25 10:55:42,https://queue-times.com/parks/17/queue_times.json
2026-07-25T18:00:18.013Z,2026-07-25 11:00:18,2026-07-25,America/Los_Angeles,dca,Disney California Adventure,Avengers Campus,10907,WEB SLINGERS: A Spider-Man Adventure Single Rider,TRUE,0,2026-07-25T17:55:42.000Z,2026-07-25 10:55:42,https://queue-times.com/parks/17/queue_times.json
2026-07-25T18:00:18.013Z,2026-07-25 11:00:18,2026-07-25,America/Los_Angeles,dca,Disney California Adventure,Cars Land,13961,Luigi's Rollickin' Roadsters,TRUE,20,2026-07-25T17:55:42.000Z,2026-07-25 10:55:42,https://queue-times.com/parks/17/queue_times.json
2026-07-25T18:00:18.013Z,2026-07-25 11:00:18,2026-07-25,America/Los_Angeles,dca,Disney California Adventure,Cars Land,315,Mater's Junkyard Jamboree,TRUE,5,2026-07-25T17:55:42.000Z,2026-07-25 10:55:42,https://queue-times.com/parks/17/queue_times.json
2026-07-25T18:00:18.013Z,2026-07-25 11:00:18,2026-07-25,America/Los_Angeles,dca,Disney California Adventure,Cars Land,295,Radiator Springs Racers,TRUE,90,2026-07-25T17:55:42.000Z,2026-07-25 10:55:42,https://queue-times.com/parks/17/queue_times.json
2026-07-25T18:00:18.013Z,2026-07-25 11:00:18,2026-07-25,America/Los_Angeles,dca,Disney California Adventure,Cars Land,10904,Radiator Springs Racers Single Rider,TRUE,0,2026-07-25T17:55:42.000Z,2026-07-25 10:55:42,https://queue-times.com/parks/17/queue_times.json
2026-07-25T18:00:18.013Z,2026-07-25 11:00:18,2026-07-25,America/Los_Angeles,dca,Disney California Adventure,Grizzly Peak,302,Grizzly River Run,TRUE,25,2026-07-25T17:55:42.000Z,2026-07-25 10:55:42,https://queue-times.com/parks/17/queue_times.json
2026-07-25T18:00:18.013Z,2026-07-25 11:00:18,2026-07-25,America/Los_Angeles,dca,Disney California Adventure,Grizzly Peak,293,Redwood Creek Challenge Trail,TRUE,5,2026-07-25T17:55:42.000Z,2026-07-25 10:55:42,https://queue-times.com/parks/17/queue_times.json
2026-07-25T18:00:18.013Z,2026-07-25 11:00:18,2026-07-25,America/Los_Angeles,dca,Disney California Adventure,Grizzly Peak,17129,Soarin’ Across America,TRUE,95,2026-07-25T17:55:42.000Z,2026-07-25 10:55:42,https://queue-times.com/parks/17/queue_times.json
2026-07-25T18:00:18.013Z,2026-07-25 11:00:18,2026-07-25,America/Los_Angeles,dca,Disney California Adventure,Hollywood Land,321,Animation Academy,TRUE,0,2026-07-25T17:55:42.000Z,2026-07-25 10:55:42,https://queue-times.com/parks/17/queue_times.json
2026-07-25T18:00:18.013Z,2026-07-25 11:00:18,2026-07-25,America/Los_Angeles,dca,Disney California Adventure,Hollywood Land,6440,Mickey's PhilharMagic,TRUE,10,2026-07-25T17:55:42.000Z,2026-07-25 10:55:42,https://queue-times.com/parks/17/queue_times.json
2026-07-25T18:00:18.013Z,2026-07-25 11:00:18,2026-07-25,America/Los_Angeles,dca,Disney California Adventure,Hollywood Land,291,"Monsters, Inc. Mike & Sulley to the Rescue!",TRUE,20,2026-07-25T17:55:42.000Z,2026-07-25 10:55:42,https://queue-times.com/parks/17/queue_times.json
2026-07-25T18:00:18.013Z,2026-07-25 11:00:18,2026-07-25,America/Los_Angeles,dca,Disney California Adventure,Hollywood Land,868,Sorcerer's Workshop,TRUE,0,2026-07-25T17:55:42.000Z,2026-07-25 10:55:42,https://queue-times.com/parks/17/queue_times.json
2026-07-25T18:00:18.013Z,2026-07-25 11:00:18,2026-07-25,America/Los_Angeles,dca,Disney California Adventure,Hollywood Land,294,Turtle Talk with Crush,TRUE,0,2026-07-25T17:55:42.000Z,2026-07-25 10:55:42,https://queue-times.com/parks/17/queue_times.json
2026-07-25T18:00:18.013Z,2026-07-25 11:00:18,2026-07-25,America/Los_Angeles,dca,Disney California Adventure,Pacific Wharf,869,The Bakery Tour,TRUE,0,2026-07-25T17:55:42.000Z,2026-07-25 10:55:42,https://queue-times.com/parks/17/queue_times.json
2026-07-25T18:00:18.013Z,2026-07-25 11:00:18,2026-07-25,America/Los_Angeles,dca,Disney California Adventure,Paradise Gardens Park,298,Golden Zephyr,TRUE,5,2026-07-25T17:55:42.000Z,2026-07-25 10:55:42,https://queue-times.com/parks/17/queue_times.json
2026-07-25T18:00:18.013Z,2026-07-25 11:00:18,2026-07-25,America/Los_Angeles,dca,Disney California Adventure,Paradise Gardens Park,319,Goofy's Sky School,TRUE,25,2026-07-25T17:55:42.000Z,2026-07-25 10:55:42,https://queue-times.com/parks/17/queue_times.json
2026-07-25T18:00:18.013Z,2026-07-25 11:00:18,2026-07-25,America/Los_Angeles,dca,Disney California Adventure,Paradise Gardens Park,301,Silly Symphony Swings,FALSE,0,2026-07-25T17:55:42.000Z,2026-07-25 10:55:42,https://queue-times.com/parks/17/queue_times.json
2026-07-25T18:00:18.013Z,2026-07-25 11:00:18,2026-07-25,America/Los_Angeles,dca,Disney California Adventure,Paradise Gardens Park,316,The Little Mermaid - Ariel's Undersea Adventure,TRUE,25,2026-07-25T17:55:42.000Z,2026-07-25 10:55:42,https://queue-times.com/parks/17/queue_times.json
2026-07-25T18:00:18.013Z,2026-07-25 11:00:18,2026-07-25,America/Los_Angeles,dca,Disney California Adventure,Paradise Gardens Park,14742,World of Color Happiness!,TRUE,0,2026-07-25T17:55:42.000Z,2026-07-25 10:55:42,https://queue-times.com/parks/17/queue_times.json
2026-07-25T18:00:18.013Z,2026-07-25 11:00:18,2026-07-25,America/Los_Angeles,dca,Disney California Adventure,Pixar Pier,866,Games of Pixar Pier,TRUE,5,2026-07-25T17:55:42.000Z,2026-07-25 10:55:42,https://queue-times.com/parks/17/queue_times.json
2026-07-25T18:00:18.013Z,2026-07-25 11:00:18,2026-07-25,America/Los_Angeles,dca,Disney California Adventure,Pixar Pier,322,Incredicoaster,TRUE,25,2026-07-25T17:55:42.000Z,2026-07-25 10:55:42,https://queue-times.com/parks/17/queue_times.json
2026-07-25T18:00:18.013Z,2026-07-25 11:00:18,2026-07-25,America/Los_Angeles,dca,Disney California Adventure,Pixar Pier,10906,Incredicoaster Single Rider,TRUE,0,2026-07-25T17:55:42.000Z,2026-07-25 10:55:42,https://queue-times.com/parks/17/queue_times.json
2026-07-25T18:00:18.013Z,2026-07-25 11:00:18,2026-07-25,America/Los_Angeles,dca,Disney California Adventure,Pixar Pier,6643,Inside Out Emotional Whirlwind,TRUE,5,2026-07-25T17:55:42.000Z,2026-07-25 10:55:42,https://queue-times.com/parks/17/queue_times.json
2026-07-25T18:00:18.013Z,2026-07-25 11:00:18,2026-07-25,America/Los_Angeles,dca,Disney California Adventure,Pixar Pier,310,Jessie's Critter Carousel,TRUE,5,2026-07-25T17:55:42.000Z,2026-07-25 10:55:42,https://queue-times.com/parks/17/queue_times.json
2026-07-25T18:00:18.013Z,2026-07-25 11:00:18,2026-07-25,America/Los_Angeles,dca,Disney California Adventure,Pixar Pier,300,Jumpin' Jellyfish,TRUE,5,2026-07-25T17:55:42.000Z,2026-07-25 10:55:42,https://queue-times.com/parks/17/queue_times.json
2026-07-25T18:00:18.013Z,2026-07-25 11:00:18,2026-07-25,America/Los_Angeles,dca,Disney California Adventure,Pixar Pier,311,Pixar Pal-A-Round - Swinging,TRUE,15,2026-07-25T17:55:42.000Z,2026-07-25 10:55:42,https://queue-times.com/parks/17/queue_times.json
2026-07-25T18:00:18.013Z,2026-07-25 11:00:18,2026-07-25,America/Los_Angeles,dca,Disney California Adventure,Pixar Pier,5557,Pixar Pal-A-Round – Non-Swinging,TRUE,15,2026-07-25T17:55:42.000Z,2026-07-25 10:55:42,https://queue-times.com/parks/17/queue_times.json
2026-07-25T18:00:18.013Z,2026-07-25 11:00:18,2026-07-25,America/Los_Angeles,dca,Disney California Adventure,Pixar Pier,313,Toy Story Midway Mania!,TRUE,40,2026-07-25T17:55:42.000Z,2026-07-25 10:55:42,https://queue-times.com/parks/17/queue_times.json
2026-07-25T18:15:17.190Z,2026-07-25 11:15:17,2026-07-25,America/Los_Angeles,disneyland,Disneyland,Adventureland,12428,Adventureland Treehouse inspired by Walt Disney’s Swiss Family Robinson,TRUE,0,2026-07-25T18:10:38.000Z,2026-07-25 11:10:38,https://queue-times.com/parks/16/queue_times.json
2026-07-25T18:15:17.190Z,2026-07-25 11:15:17,2026-07-25,America/Los_Angeles,disneyland,Disneyland,Adventureland,326,Indiana Jones™ Adventure,TRUE,45,2026-07-25T18:10:38.000Z,2026-07-25 11:10:38,https://queue-times.com/parks/16/queue_times.json
2026-07-25T18:15:17.190Z,2026-07-25 11:15:17,2026-07-25,America/Los_Angeles,disneyland,Disneyland,Adventureland,296,Jungle Cruise,TRUE,20,2026-07-25T18:10:38.000Z,2026-07-25 11:10:38,https://queue-times.com/parks/16/queue_times.json
2026-07-25T18:15:17.190Z,2026-07-25 11:15:17,2026-07-25,America/Los_Angeles,disneyland,Disneyland,Adventureland,288,Walt Disney's Enchanted Tiki Room,TRUE,0,2026-07-25T18:10:38.000Z,2026-07-25 11:10:38,https://queue-times.com/parks/16/queue_times.json
2026-07-25T18:15:17.190Z,2026-07-25 11:15:17,2026-07-25,America/Los_Angeles,disneyland,Disneyland,Bayou Country,304,Davy Crockett's Explorer Canoes,TRUE,5,2026-07-25T18:10:38.000Z,2026-07-25 11:10:38,https://queue-times.com/parks/16/queue_times.json
2026-07-25T18:15:17.190Z,2026-07-25 11:15:17,2026-07-25,America/Los_Angeles,disneyland,Disneyland,Bayou Country,306,The Many Adventures of Winnie the Pooh,TRUE,10,2026-07-25T18:10:38.000Z,2026-07-25 11:10:38,https://queue-times.com/parks/16/queue_times.json
2026-07-25T18:15:17.190Z,2026-07-25 11:15:17,2026-07-25,America/Los_Angeles,disneyland,Disneyland,Bayou Country,14168,Tiana's Bayou Adventure,TRUE,35,2026-07-25T18:10:38.000Z,2026-07-25 11:10:38,https://queue-times.com/parks/16/queue_times.json
2026-07-25T18:15:17.190Z,2026-07-25 11:15:17,2026-07-25,America/Los_Angeles,disneyland,Disneyland,Bayou Country,14326,Tiana's Bayou Adventure Single Rider,TRUE,0,2026-07-25T18:10:38.000Z,2026-07-25 11:10:38,https://queue-times.com/parks/16/queue_times.json
2026-07-25T18:15:17.190Z,2026-07-25 11:15:17,2026-07-25,America/Los_Angeles,disneyland,Disneyland,Fantasyland,307,"""it's a small world""",TRUE,5,2026-07-25T18:10:38.000Z,2026-07-25 11:10:38,https://queue-times.com/parks/16/queue_times.json
2026-07-25T18:15:17.190Z,2026-07-25 11:15:17,2026-07-25,America/Los_Angeles,disneyland,Disneyland,Fantasyland,285,Alice in Wonderland,TRUE,25,2026-07-25T18:10:38.000Z,2026-07-25 11:10:38,https://queue-times.com/parks/16/queue_times.json
2026-07-25T18:15:17.190Z,2026-07-25 11:15:17,2026-07-25,America/Los_Angeles,disneyland,Disneyland,Fantasyland,16254,Bluey’s Best Day Ever! at Fantasyland Theatre,TRUE,0,2026-07-25T18:10:38.000Z,2026-07-25 11:10:38,https://queue-times.com/parks/16/queue_times.json
2026-07-25T18:15:17.190Z,2026-07-25 11:15:17,2026-07-25,America/Los_Angeles,disneyland,Disneyland,Fantasyland,303,Casey Jr. Circus Train,TRUE,10,2026-07-25T18:10:38.000Z,2026-07-25 11:10:38,https://queue-times.com/parks/16/queue_times.json
2026-07-25T18:15:17.190Z,2026-07-25 11:15:17,2026-07-25,America/Los_Angeles,disneyland,Disneyland,Fantasyland,275,Dumbo the Flying Elephant,TRUE,20,2026-07-25T18:10:38.000Z,2026-07-25 11:10:38,https://queue-times.com/parks/16/queue_times.json
2026-07-25T18:15:17.190Z,2026-07-25 11:15:17,2026-07-25,America/Los_Angeles,disneyland,Disneyland,Fantasyland,277,King Arthur Carrousel,TRUE,5,2026-07-25T18:10:38.000Z,2026-07-25 11:10:38,https://queue-times.com/parks/16/queue_times.json
2026-07-25T18:15:17.190Z,2026-07-25 11:15:17,2026-07-25,America/Los_Angeles,disneyland,Disneyland,Fantasyland,278,Mad Tea Party,TRUE,5,2026-07-25T18:10:38.000Z,2026-07-25 11:10:38,https://queue-times.com/parks/16/queue_times.json
2026-07-25T18:15:17.190Z,2026-07-25 11:15:17,2026-07-25,America/Los_Angeles,disneyland,Disneyland,Fantasyland,279,Matterhorn Bobsleds,TRUE,35,2026-07-25T18:10:38.000Z,2026-07-25 11:10:38,https://queue-times.com/parks/16/queue_times.json
2026-07-25T18:15:17.190Z,2026-07-25 11:15:17,2026-07-25,America/Los_Angeles,disneyland,Disneyland,Fantasyland,6711,Meet Disney Princesses at Royal Hall,TRUE,60,2026-07-25T18:10:38.000Z,2026-07-25 11:10:38,https://queue-times.com/parks/16/queue_times.json
2026-07-25T18:15:17.190Z,2026-07-25 11:15:17,2026-07-25,America/Los_Angeles,disneyland,Disneyland,Fantasyland,280,Mr. Toad's Wild Ride,TRUE,15,2026-07-25T18:10:38.000Z,2026-07-25 11:10:38,https://queue-times.com/parks/16/queue_times.json
2026-07-25T18:15:17.190Z,2026-07-25 11:15:17,2026-07-25,America/Los_Angeles,disneyland,Disneyland,Fantasyland,281,Peter Pan's Flight,TRUE,30,2026-07-25T18:10:38.000Z,2026-07-25 11:10:38,https://queue-times.com/parks/16/queue_times.json
2026-07-25T18:15:17.190Z,2026-07-25 11:15:17,2026-07-25,America/Los_Angeles,disneyland,Disneyland,Fantasyland,282,Pinocchio's Daring Journey,TRUE,10,2026-07-25T18:10:38.000Z,2026-07-25 11:10:38,https://queue-times.com/parks/16/queue_times.json
2026-07-25T18:15:17.190Z,2026-07-25 11:15:17,2026-07-25,America/Los_Angeles,disneyland,Disneyland,Fantasyland,687,Sleeping Beauty Castle Walkthrough,FALSE,0,2026-07-25T18:10:38.000Z,2026-07-25 11:10:38,https://queue-times.com/parks/16/queue_times.json
2026-07-25T18:15:17.190Z,2026-07-25 11:15:17,2026-07-25,America/Los_Angeles,disneyland,Disneyland,Fantasyland,283,Snow White's Enchanted Wish,TRUE,10,2026-07-25T18:10:38.000Z,2026-07-25 11:10:38,https://queue-times.com/parks/16/queue_times.json
2026-07-25T18:15:17.190Z,2026-07-25 11:15:17,2026-07-25,America/Los_Angeles,disneyland,Disneyland,Fantasyland,305,Storybook Land Canal Boats,TRUE,10,2026-07-25T18:10:38.000Z,2026-07-25 11:10:38,https://queue-times.com/parks/16/queue_times.json
2026-07-25T18:15:17.190Z,2026-07-25 11:15:17,2026-07-25,America/Los_Angeles,disneyland,Disneyland,Frontierland,323,Big Thunder Mountain Railroad,TRUE,25,2026-07-25T18:10:38.000Z,2026-07-25 11:10:38,https://queue-times.com/parks/16/queue_times.json
2026-07-25T18:15:17.190Z,2026-07-25 11:15:17,2026-07-25,America/Los_Angeles,disneyland,Disneyland,Frontierland,679,Frontierland Shootin' Exposition,FALSE,0,2026-07-25T18:10:38.000Z,2026-07-25 11:10:38,https://queue-times.com/parks/16/queue_times.json
2026-07-25T18:15:17.190Z,2026-07-25 11:15:17,2026-07-25,America/Los_Angeles,disneyland,Disneyland,Frontierland,456,Mark Twain Riverboat,TRUE,10,2026-07-25T18:10:38.000Z,2026-07-25 11:10:38,https://queue-times.com/parks/16/queue_times.json
2026-07-25T18:15:17.190Z,2026-07-25 11:15:17,2026-07-25,America/Los_Angeles,disneyland,Disneyland,Frontierland,331,Pirate's Lair on Tom Sawyer Island,TRUE,5,2026-07-25T18:10:38.000Z,2026-07-25 11:10:38,https://queue-times.com/parks/16/queue_times.json
2026-07-25T18:15:17.190Z,2026-07-25 11:15:17,2026-07-25,America/Los_Angeles,disneyland,Disneyland,Frontierland,328,Sailing Ship Columbia,TRUE,0,2026-07-25T18:10:38.000Z,2026-07-25 11:10:38,https://queue-times.com/parks/16/queue_times.json
2026-07-25T18:15:17.190Z,2026-07-25 11:15:17,2026-07-25,America/Los_Angeles,disneyland,Disneyland,Main Street U.S.A,674,Disneyland Railroad,TRUE,5,2026-07-25T18:10:38.000Z,2026-07-25 11:10:38,https://queue-times.com/parks/16/queue_times.json
2026-07-25T18:15:17.190Z,2026-07-25 11:15:17,2026-07-25,America/Los_Angeles,disneyland,Disneyland,Main Street U.S.A,690,Great Moments with Mr. Lincoln,TRUE,0,2026-07-25T18:10:38.000Z,2026-07-25 11:10:38,https://queue-times.com/parks/16/queue_times.json
2026-07-25T18:15:17.190Z,2026-07-25 11:15:17,2026-07-25,America/Los_Angeles,disneyland,Disneyland,Main Street U.S.A,686,Main Street Cinema,TRUE,0,2026-07-25T18:10:38.000Z,2026-07-25 11:10:38,https://queue-times.com/parks/16/queue_times.json
2026-07-25T18:15:17.190Z,2026-07-25 11:15:17,2026-07-25,America/Los_Angeles,disneyland,Disneyland,Main Street U.S.A,691,Main Street Vehicles,TRUE,0,2026-07-25T18:10:38.000Z,2026-07-25 11:10:38,https://queue-times.com/parks/16/queue_times.json
2026-07-25T18:15:17.190Z,2026-07-25 11:15:17,2026-07-25,America/Los_Angeles,disneyland,Disneyland,Main Street U.S.A,14915,Opera House - Walt Disney - A Magical Life,TRUE,0,2026-07-25T18:10:38.000Z,2026-07-25 11:10:38,https://queue-times.com/parks/16/queue_times.json
2026-07-25T18:15:17.190Z,2026-07-25 11:15:17,2026-07-25,America/Los_Angeles,disneyland,Disneyland,Main Street U.S.A,695,The Disney Gallery,TRUE,0,2026-07-25T18:10:38.000Z,2026-07-25 11:10:38,https://queue-times.com/parks/16/queue_times.json
2026-07-25T18:15:17.190Z,2026-07-25 11:15:17,2026-07-25,America/Los_Angeles,disneyland,Disneyland,Main Street U.S.A,14923,Walt Disney - A Magical Life,FALSE,0,2026-07-25T18:10:38.000Z,2026-07-25 11:10:38,https://queue-times.com/parks/16/queue_times.json
2026-07-25T18:15:17.190Z,2026-07-25 11:15:17,2026-07-25,America/Los_Angeles,disneyland,Disneyland,Mickey's Toontown,324,Chip 'n' Dale's GADGETcoaster,TRUE,20,2026-07-25T18:10:38.000Z,2026-07-25 11:10:38,https://queue-times.com/parks/16/queue_times.json
2026-07-25T18:15:17.190Z,2026-07-25 11:15:17,2026-07-25,America/Los_Angeles,disneyland,Disneyland,Mickey's Toontown,13814,Donald's Duck Pond,TRUE,0,2026-07-25T18:10:38.000Z,2026-07-25 11:10:38,https://queue-times.com/parks/16/queue_times.json
2026-07-25T18:15:17.190Z,2026-07-25 11:15:17,2026-07-25,America/Los_Angeles,disneyland,Disneyland,Mickey's Toontown,11980,Goofy's How-to-Play Yard,TRUE,0,2026-07-25T18:10:38.000Z,2026-07-25 11:10:38,https://queue-times.com/parks/16/queue_times.json
2026-07-25T18:15:17.190Z,2026-07-25 11:15:17,2026-07-25,America/Los_Angeles,disneyland,Disneyland,Mickey's Toontown,11526,Mickey & Minnie's Runaway Railway,TRUE,30,2026-07-25T18:10:38.000Z,2026-07-25 11:10:38,https://queue-times.com/parks/16/queue_times.json
2026-07-25T18:15:17.190Z,2026-07-25 11:15:17,2026-07-25,America/Los_Angeles,disneyland,Disneyland,Mickey's Toontown,709,Mickey's House and Meet Mickey Mouse,TRUE,5,2026-07-25T18:10:38.000Z,2026-07-25 11:10:38,https://queue-times.com/parks/16/queue_times.json
2026-07-25T18:15:17.190Z,2026-07-25 11:15:17,2026-07-25,America/Los_Angeles,disneyland,Disneyland,Mickey's Toontown,327,Mickey's House and Meet Mickey Mouse,FALSE,0,2026-07-25T18:10:38.000Z,2026-07-25 11:10:38,https://queue-times.com/parks/16/queue_times.json
2026-07-25T18:15:17.190Z,2026-07-25 11:15:17,2026-07-25,America/Los_Angeles,disneyland,Disneyland,Mickey's Toontown,684,Minnie's House,TRUE,0,2026-07-25T18:10:38.000Z,2026-07-25 11:10:38,https://queue-times.com/parks/16/queue_times.json
2026-07-25T18:15:17.190Z,2026-07-25 11:15:17,2026-07-25,America/Los_Angeles,disneyland,Disneyland,Mickey's Toontown,332,Roger Rabbit's Car Toon Spin,TRUE,25,2026-07-25T18:10:38.000Z,2026-07-25 11:10:38,https://queue-times.com/parks/16/queue_times.json
2026-07-25T18:15:17.190Z,2026-07-25 11:15:17,2026-07-25,America/Los_Angeles,disneyland,Disneyland,New Orleans Square,13958,Haunted Mansion,TRUE,45,2026-07-25T18:10:38.000Z,2026-07-25 11:10:38,https://queue-times.com/parks/16/queue_times.json
2026-07-25T18:15:17.190Z,2026-07-25 11:15:17,2026-07-25,America/Los_Angeles,disneyland,Disneyland,New Orleans Square,289,Pirates of the Caribbean,FALSE,0,2026-07-25T18:10:38.000Z,2026-07-25 11:10:38,https://queue-times.com/parks/16/queue_times.json
2026-07-25T18:15:17.190Z,2026-07-25 11:15:17,2026-07-25,America/Los_Angeles,disneyland,Disneyland,Star Wars: Galaxy's Edge,6339,Millennium Falcon: Smugglers Run,TRUE,10,2026-07-25T18:10:38.000Z,2026-07-25 11:10:38,https://queue-times.com/parks/16/queue_times.json
2026-07-25T18:15:17.190Z,2026-07-25 11:15:17,2026-07-25,America/Los_Angeles,disneyland,Disneyland,Star Wars: Galaxy's Edge,10903,Millennium Falcon: Smugglers Run Single Rider,TRUE,0,2026-07-25T18:10:38.000Z,2026-07-25 11:10:38,https://queue-times.com/parks/16/queue_times.json
2026-07-25T18:15:17.190Z,2026-07-25 11:15:17,2026-07-25,America/Los_Angeles,disneyland,Disneyland,Star Wars: Galaxy's Edge,6340,Star Wars: Rise of the Resistance,TRUE,60,2026-07-25T18:10:38.000Z,2026-07-25 11:10:38,https://queue-times.com/parks/16/queue_times.json
2026-07-25T18:15:17.190Z,2026-07-25 11:15:17,2026-07-25,America/Los_Angeles,disneyland,Disneyland,Tomorrowland,287,Astro Orbitor,TRUE,15,2026-07-25T18:10:38.000Z,2026-07-25 11:10:38,https://queue-times.com/parks/16/queue_times.json
2026-07-25T18:15:17.190Z,2026-07-25 11:15:17,2026-07-25,America/Los_Angeles,disneyland,Disneyland,Tomorrowland,317,Autopia,TRUE,20,2026-07-25T18:10:38.000Z,2026-07-25 11:10:38,https://queue-times.com/parks/16/queue_times.json
2026-07-25T18:15:17.190Z,2026-07-25 11:15:17,2026-07-25,America/Los_Angeles,disneyland,Disneyland,Tomorrowland,273,Buzz Lightyear Astro Blasters,TRUE,15,2026-07-25T18:10:38.000Z,2026-07-25 11:10:38,https://queue-times.com/parks/16/queue_times.json
2026-07-25T18:15:17.190Z,2026-07-25 11:15:17,2026-07-25,America/Los_Angeles,disneyland,Disneyland,Tomorrowland,274,Disneyland Monorail,TRUE,5,2026-07-25T18:10:38.000Z,2026-07-25 11:10:38,https://queue-times.com/parks/16/queue_times.json
2026-07-25T18:15:17.190Z,2026-07-25 11:15:17,2026-07-25,America/Los_Angeles,disneyland,Disneyland,Tomorrowland,276,Finding Nemo Submarine Voyage,TRUE,20,2026-07-25T18:10:38.000Z,2026-07-25 11:10:38,https://queue-times.com/parks/16/queue_times.json
2026-07-25T18:15:17.190Z,2026-07-25 11:15:17,2026-07-25,America/Los_Angeles,disneyland,Disneyland,Tomorrowland,16627,Pixar Short Film Spotlight,FALSE,0,2026-07-25T18:10:38.000Z,2026-07-25 11:10:38,https://queue-times.com/parks/16/queue_times.json
2026-07-25T18:15:17.190Z,2026-07-25 11:15:17,2026-07-25,America/Los_Angeles,disneyland,Disneyland,Tomorrowland,284,Space Mountain,TRUE,50,2026-07-25T18:10:38.000Z,2026-07-25 11:10:38,https://queue-times.com/parks/16/queue_times.json
2026-07-25T18:15:17.190Z,2026-07-25 11:15:17,2026-07-25,America/Los_Angeles,disneyland,Disneyland,Tomorrowland,286,Star Tours - The Adventures Continue,TRUE,25,2026-07-25T18:10:38.000Z,2026-07-25 11:10:38,https://queue-times.com/parks/16/queue_times.json
2026-07-25T18:15:17.190Z,2026-07-25 11:15:17,2026-07-25,America/Los_Angeles,dca,Disney California Adventure,Avengers Campus,329,Guardians of the Galaxy - Mission: BREAKOUT!,TRUE,20,2026-07-25T18:10:38.000Z,2026-07-25 11:10:38,https://queue-times.com/parks/17/queue_times.json
2026-07-25T18:15:17.190Z,2026-07-25 11:15:17,2026-07-25,America/Los_Angeles,dca,Disney California Adventure,Avengers Campus,8843,WEB SLINGERS: A Spider-Man Adventure,TRUE,45,2026-07-25T18:10:38.000Z,2026-07-25 11:10:38,https://queue-times.com/parks/17/queue_times.json
2026-07-25T18:15:17.190Z,2026-07-25 11:15:17,2026-07-25,America/Los_Angeles,dca,Disney California Adventure,Avengers Campus,10907,WEB SLINGERS: A Spider-Man Adventure Single Rider,TRUE,0,2026-07-25T18:10:38.000Z,2026-07-25 11:10:38,https://queue-times.com/parks/17/queue_times.json
2026-07-25T18:15:17.190Z,2026-07-25 11:15:17,2026-07-25,America/Los_Angeles,dca,Disney California Adventure,Cars Land,13961,Luigi's Rollickin' Roadsters,TRUE,20,2026-07-25T18:10:38.000Z,2026-07-25 11:10:38,https://queue-times.com/parks/17/queue_times.json
2026-07-25T18:15:17.190Z,2026-07-25 11:15:17,2026-07-25,America/Los_Angeles,dca,Disney California Adventure,Cars Land,315,Mater's Junkyard Jamboree,TRUE,20,2026-07-25T18:10:38.000Z,2026-07-25 11:10:38,https://queue-times.com/parks/17/queue_times.json
2026-07-25T18:15:17.190Z,2026-07-25 11:15:17,2026-07-25,America/Los_Angeles,dca,Disney California Adventure,Cars Land,295,Radiator Springs Racers,TRUE,90,2026-07-25T18:10:38.000Z,2026-07-25 11:10:38,https://queue-times.com/parks/17/queue_times.json
2026-07-25T18:15:17.190Z,2026-07-25 11:15:17,2026-07-25,America/Los_Angeles,dca,Disney California Adventure,Cars Land,10904,Radiator Springs Racers Single Rider,TRUE,0,2026-07-25T18:10:38.000Z,2026-07-25 11:10:38,https://queue-times.com/parks/17/queue_times.json
2026-07-25T18:15:17.190Z,2026-07-25 11:15:17,2026-07-25,America/Los_Angeles,dca,Disney California Adventure,Grizzly Peak,302,Grizzly River Run,TRUE,45,2026-07-25T18:10:38.000Z,2026-07-25 11:10:38,https://queue-times.com/parks/17/queue_times.json
2026-07-25T18:15:17.190Z,2026-07-25 11:15:17,2026-07-25,America/Los_Angeles,dca,Disney California Adventure,Grizzly Peak,293,Redwood Creek Challenge Trail,TRUE,5,2026-07-25T18:10:38.000Z,2026-07-25 11:10:38,https://queue-times.com/parks/17/queue_times.json
2026-07-25T18:15:17.190Z,2026-07-25 11:15:17,2026-07-25,America/Los_Angeles,dca,Disney California Adventure,Grizzly Peak,17129,Soarin’ Across America,TRUE,95,2026-07-25T18:10:38.000Z,2026-07-25 11:10:38,https://queue-times.com/parks/17/queue_times.json
2026-07-25T18:15:17.190Z,2026-07-25 11:15:17,2026-07-25,America/Los_Angeles,dca,Disney California Adventure,Hollywood Land,321,Animation Academy,TRUE,0,2026-07-25T18:10:38.000Z,2026-07-25 11:10:38,https://queue-times.com/parks/17/queue_times.json
2026-07-25T18:15:17.190Z,2026-07-25 11:15:17,2026-07-25,America/Los_Angeles,dca,Disney California Adventure,Hollywood Land,6440,Mickey's PhilharMagic,TRUE,10,2026-07-25T18:10:38.000Z,2026-07-25 11:10:38,https://queue-times.com/parks/17/queue_times.json
2026-07-25T18:15:17.190Z,2026-07-25 11:15:17,2026-07-25,America/Los_Angeles,dca,Disney California Adventure,Hollywood Land,291,"Monsters, Inc. Mike & Sulley to the Rescue!",TRUE,35,2026-07-25T18:10:38.000Z,2026-07-25 11:10:38,https://queue-times.com/parks/17/queue_times.json
2026-07-25T18:15:17.190Z,2026-07-25 11:15:17,2026-07-25,America/Los_Angeles,dca,Disney California Adventure,Hollywood Land,868,Sorcerer's Workshop,TRUE,0,2026-07-25T18:10:38.000Z,2026-07-25 11:10:38,https://queue-times.com/parks/17/queue_times.json
2026-07-25T18:15:17.190Z,2026-07-25 11:15:17,2026-07-25,America/Los_Angeles,dca,Disney California Adventure,Hollywood Land,294,Turtle Talk with Crush,TRUE,0,2026-07-25T18:10:38.000Z,2026-07-25 11:10:38,https://queue-times.com/parks/17/queue_times.json
2026-07-25T18:15:17.190Z,2026-07-25 11:15:17,2026-07-25,America/Los_Angeles,dca,Disney California Adventure,Pacific Wharf,869,The Bakery Tour,TRUE,0,2026-07-25T18:10:38.000Z,2026-07-25 11:10:38,https://queue-times.com/parks/17/queue_times.json
2026-07-25T18:15:17.190Z,2026-07-25 11:15:17,2026-07-25,America/Los_Angeles,dca,Disney California Adventure,Paradise Gardens Park,298,Golden Zephyr,TRUE,5,2026-07-25T18:10:38.000Z,2026-07-25 11:10:38,https://queue-times.com/parks/17/queue_times.json
2026-07-25T18:15:17.190Z,2026-07-25 11:15:17,2026-07-25,America/Los_Angeles,dca,Disney California Adventure,Paradise Gardens Park,319,Goofy's Sky School,TRUE,35,2026-07-25T18:10:38.000Z,2026-07-25 11:10:38,https://queue-times.com/parks/17/queue_times.json
2026-07-25T18:15:17.190Z,2026-07-25 11:15:17,2026-07-25,America/Los_Angeles,dca,Disney California Adventure,Paradise Gardens Park,301,Silly Symphony Swings,FALSE,0,2026-07-25T18:10:38.000Z,2026-07-25 11:10:38,https://queue-times.com/parks/17/queue_times.json
2026-07-25T18:15:17.190Z,2026-07-25 11:15:17,2026-07-25,America/Los_Angeles,dca,Disney California Adventure,Paradise Gardens Park,316,The Little Mermaid - Ariel's Undersea Adventure,TRUE,25,2026-07-25T18:10:38.000Z,2026-07-25 11:10:38,https://queue-times.com/parks/17/queue_times.json
2026-07-25T18:15:17.190Z,2026-07-25 11:15:17,2026-07-25,America/Los_Angeles,dca,Disney California Adventure,Paradise Gardens Park,14742,World of Color Happiness!,TRUE,0,2026-07-25T18:10:38.000Z,2026-07-25 11:10:38,https://queue-times.com/parks/17/queue_times.json
2026-07-25T18:15:17.190Z,2026-07-25 11:15:17,2026-07-25,America/Los_Angeles,dca,Disney California Adventure,Pixar Pier,866,Games of Pixar Pier,TRUE,5,2026-07-25T18:10:38.000Z,2026-07-25 11:10:38,https://queue-times.com/parks/17/queue_times.json
2026-07-25T18:15:17.190Z,2026-07-25 11:15:17,2026-07-25,America/Los_Angeles,dca,Disney California Adventure,Pixar Pier,322,Incredicoaster,TRUE,35,2026-07-25T18:10:38.000Z,2026-07-25 11:10:38,https://queue-times.com/parks/17/queue_times.json
2026-07-25T18:15:17.190Z,2026-07-25 11:15:17,2026-07-25,America/Los_Angeles,dca,Disney California Adventure,Pixar Pier,10906,Incredicoaster Single Rider,TRUE,0,2026-07-25T18:10:38.000Z,2026-07-25 11:10:38,https://queue-times.com/parks/17/queue_times.json
2026-07-25T18:15:17.190Z,2026-07-25 11:15:17,2026-07-25,America/Los_Angeles,dca,Disney California Adventure,Pixar Pier,6643,Inside Out Emotional Whirlwind,TRUE,10,2026-07-25T18:10:38.000Z,2026-07-25 11:10:38,https://queue-times.com/parks/17/queue_times.json
2026-07-25T18:15:17.190Z,2026-07-25 11:15:17,2026-07-25,America/Los_Angeles,dca,Disney California Adventure,Pixar Pier,310,Jessie's Critter Carousel,TRUE,5,2026-07-25T18:10:38.000Z,2026-07-25 11:10:38,https://queue-times.com/parks/17/queue_times.json
2026-07-25T18:15:17.190Z,2026-07-25 11:15:17,2026-07-25,America/Los_Angeles,dca,Disney California Adventure,Pixar Pier,300,Jumpin' Jellyfish,TRUE,5,2026-07-25T18:10:38.000Z,2026-07-25 11:10:38,https://queue-times.com/parks/17/queue_times.json
2026-07-25T18:15:17.190Z,2026-07-25 11:15:17,2026-07-25,America/Los_Angeles,dca,Disney California Adventure,Pixar Pier,311,Pixar Pal-A-Round - Swinging,TRUE,30,2026-07-25T18:10:38.000Z,2026-07-25 11:10:38,https://queue-times.com/parks/17/queue_times.json
2026-07-25T18:15:17.190Z,2026-07-25 11:15:17,2026-07-25,America/Los_Angeles,dca,Disney California Adventure,Pixar Pier,5557,Pixar Pal-A-Round – Non-Swinging,TRUE,15,2026-07-25T18:10:38.000Z,2026-07-25 11:10:38,https://queue-times.com/parks/17/queue_times.json
2026-07-25T18:15:17.190Z,2026-07-25 11:15:17,2026-07-25,America/Los_Angeles,dca,Disney California Adventure,Pixar Pier,313,Toy Story Midway Mania!,TRUE,40,2026-07-25T18:10:38.000Z,2026-07-25 11:10:38,https://queue-times.com/parks/17/queue_times.json
2026-07-25T18:30:21.733Z,2026-07-25 11:30:21,2026-07-25,America/Los_Angeles,disneyland,Disneyland,Adventureland,12428,Adventureland Treehouse inspired by Walt Disney’s Swiss Family Robinson,TRUE,0,2026-07-25T18:25:39.000Z,2026-07-25 11:25:39,https://queue-times.com/parks/16/queue_times.json
2026-07-25T18:30:21.733Z,2026-07-25 11:30:21,2026-07-25,America/Los_Angeles,disneyland,Disneyland,Adventureland,326,Indiana Jones™ Adventure,TRUE,45,2026-07-25T18:25:39.000Z,2026-07-25 11:25:39,https://queue-times.com/parks/16/queue_times.json
2026-07-25T18:30:21.733Z,2026-07-25 11:30:21,2026-07-25,America/Los_Angeles,disneyland,Disneyland,Adventureland,296,Jungle Cruise,TRUE,20,2026-07-25T18:25:39.000Z,2026-07-25 11:25:39,https://queue-times.com/parks/16/queue_times.json
2026-07-25T18:30:21.733Z,2026-07-25 11:30:21,2026-07-25,America/Los_Angeles,disneyland,Disneyland,Adventureland,288,Walt Disney's Enchanted Tiki Room,TRUE,0,2026-07-25T18:25:39.000Z,2026-07-25 11:25:39,https://queue-times.com/parks/16/queue_times.json
2026-07-25T18:30:21.733Z,2026-07-25 11:30:21,2026-07-25,America/Los_Angeles,disneyland,Disneyland,Bayou Country,304,Davy Crockett's Explorer Canoes,TRUE,5,2026-07-25T18:25:39.000Z,2026-07-25 11:25:39,https://queue-times.com/parks/16/queue_times.json
2026-07-25T18:30:21.733Z,2026-07-25 11:30:21,2026-07-25,America/Los_Angeles,disneyland,Disneyland,Bayou Country,306,The Many Adventures of Winnie the Pooh,TRUE,15,2026-07-25T18:25:39.000Z,2026-07-25 11:25:39,https://queue-times.com/parks/16/queue_times.json
2026-07-25T18:30:21.733Z,2026-07-25 11:30:21,2026-07-25,America/Los_Angeles,disneyland,Disneyland,Bayou Country,14168,Tiana's Bayou Adventure,TRUE,45,2026-07-25T18:25:39.000Z,2026-07-25 11:25:39,https://queue-times.com/parks/16/queue_times.json
2026-07-25T18:30:21.733Z,2026-07-25 11:30:21,2026-07-25,America/Los_Angeles,disneyland,Disneyland,Bayou Country,14326,Tiana's Bayou Adventure Single Rider,TRUE,0,2026-07-25T18:25:39.000Z,2026-07-25 11:25:39,https://queue-times.com/parks/16/queue_times.json
2026-07-25T18:30:21.733Z,2026-07-25 11:30:21,2026-07-25,America/Los_Angeles,disneyland,Disneyland,Fantasyland,307,"""it's a small world""",TRUE,5,2026-07-25T18:25:39.000Z,2026-07-25 11:25:39,https://queue-times.com/parks/16/queue_times.json
2026-07-25T18:30:21.733Z,2026-07-25 11:30:21,2026-07-25,America/Los_Angeles,disneyland,Disneyland,Fantasyland,285,Alice in Wonderland,TRUE,25,2026-07-25T18:25:39.000Z,2026-07-25 11:25:39,https://queue-times.com/parks/16/queue_times.json
2026-07-25T18:30:21.733Z,2026-07-25 11:30:21,2026-07-25,America/Los_Angeles,disneyland,Disneyland,Fantasyland,16254,Bluey’s Best Day Ever! at Fantasyland Theatre,TRUE,0,2026-07-25T18:25:39.000Z,2026-07-25 11:25:39,https://queue-times.com/parks/16/queue_times.json
2026-07-25T18:30:21.733Z,2026-07-25 11:30:21,2026-07-25,America/Los_Angeles,disneyland,Disneyland,Fantasyland,303,Casey Jr. Circus Train,TRUE,10,2026-07-25T18:25:39.000Z,2026-07-25 11:25:39,https://queue-times.com/parks/16/queue_times.json
2026-07-25T18:30:21.733Z,2026-07-25 11:30:21,2026-07-25,America/Los_Angeles,disneyland,Disneyland,Fantasyland,275,Dumbo the Flying Elephant,TRUE,20,2026-07-25T18:25:39.000Z,2026-07-25 11:25:39,https://queue-times.com/parks/16/queue_times.json
2026-07-25T18:30:21.733Z,2026-07-25 11:30:21,2026-07-25,America/Los_Angeles,disneyland,Disneyland,Fantasyland,277,King Arthur Carrousel,TRUE,5,2026-07-25T18:25:39.000Z,2026-07-25 11:25:39,https://queue-times.com/parks/16/queue_times.json
2026-07-25T18:30:21.733Z,2026-07-25 11:30:21,2026-07-25,America/Los_Angeles,disneyland,Disneyland,Fantasyland,278,Mad Tea Party,TRUE,10,2026-07-25T18:25:39.000Z,2026-07-25 11:25:39,https://queue-times.com/parks/16/queue_times.json
2026-07-25T18:30:21.733Z,2026-07-25 11:30:21,2026-07-25,America/Los_Angeles,disneyland,Disneyland,Fantasyland,279,Matterhorn Bobsleds,TRUE,35,2026-07-25T18:25:39.000Z,2026-07-25 11:25:39,https://queue-times.com/parks/16/queue_times.json
2026-07-25T18:30:21.733Z,2026-07-25 11:30:21,2026-07-25,America/Los_Angeles,disneyland,Disneyland,Fantasyland,6711,Meet Disney Princesses at Royal Hall,TRUE,60,2026-07-25T18:25:39.000Z,2026-07-25 11:25:39,https://queue-times.com/parks/16/queue_times.json
2026-07-25T18:30:21.733Z,2026-07-25 11:30:21,2026-07-25,America/Los_Angeles,disneyland,Disneyland,Fantasyland,280,Mr. Toad's Wild Ride,TRUE,15,2026-07-25T18:25:39.000Z,2026-07-25 11:25:39,https://queue-times.com/parks/16/queue_times.json
2026-07-25T18:30:21.733Z,2026-07-25 11:30:21,2026-07-25,America/Los_Angeles,disneyland,Disneyland,Fantasyland,281,Peter Pan's Flight,TRUE,30,2026-07-25T18:25:39.000Z,2026-07-25 11:25:39,https://queue-times.com/parks/16/queue_times.json
2026-07-25T18:30:21.733Z,2026-07-25 11:30:21,2026-07-25,America/Los_Angeles,disneyland,Disneyland,Fantasyland,282,Pinocchio's Daring Journey,TRUE,10,2026-07-25T18:25:39.000Z,2026-07-25 11:25:39,https://queue-times.com/parks/16/queue_times.json
2026-07-25T18:30:21.733Z,2026-07-25 11:30:21,2026-07-25,America/Los_Angeles,disneyland,Disneyland,Fantasyland,687,Sleeping Beauty Castle Walkthrough,FALSE,0,2026-07-25T18:25:39.000Z,2026-07-25 11:25:39,https://queue-times.com/parks/16/queue_times.json
2026-07-25T18:30:21.733Z,2026-07-25 11:30:21,2026-07-25,America/Los_Angeles,disneyland,Disneyland,Fantasyland,283,Snow White's Enchanted Wish,TRUE,15,2026-07-25T18:25:39.000Z,2026-07-25 11:25:39,https://queue-times.com/parks/16/queue_times.json
2026-07-25T18:30:21.733Z,2026-07-25 11:30:21,2026-07-25,America/Los_Angeles,disneyland,Disneyland,Fantasyland,305,Storybook Land Canal Boats,TRUE,15,2026-07-25T18:25:39.000Z,2026-07-25 11:25:39,https://queue-times.com/parks/16/queue_times.json
2026-07-25T18:30:21.733Z,2026-07-25 11:30:21,2026-07-25,America/Los_Angeles,disneyland,Disneyland,Frontierland,323,Big Thunder Mountain Railroad,TRUE,30,2026-07-25T18:25:39.000Z,2026-07-25 11:25:39,https://queue-times.com/parks/16/queue_times.json
2026-07-25T18:30:21.733Z,2026-07-25 11:30:21,2026-07-25,America/Los_Angeles,disneyland,Disneyland,Frontierland,679,Frontierland Shootin' Exposition,FALSE,0,2026-07-25T18:25:39.000Z,2026-07-25 11:25:39,https://queue-times.com/parks/16/queue_times.json
2026-07-25T18:30:21.733Z,2026-07-25 11:30:21,2026-07-25,America/Los_Angeles,disneyland,Disneyland,Frontierland,456,Mark Twain Riverboat,TRUE,10,2026-07-25T18:25:39.000Z,2026-07-25 11:25:39,https://queue-times.com/parks/16/queue_times.json
2026-07-25T18:30:21.733Z,2026-07-25 11:30:21,2026-07-25,America/Los_Angeles,disneyland,Disneyland,Frontierland,331,Pirate's Lair on Tom Sawyer Island,TRUE,5,2026-07-25T18:25:39.000Z,2026-07-25 11:25:39,https://queue-times.com/parks/16/queue_times.json
2026-07-25T18:30:21.733Z,2026-07-25 11:30:21,2026-07-25,America/Los_Angeles,disneyland,Disneyland,Frontierland,328,Sailing Ship Columbia,TRUE,0,2026-07-25T18:25:39.000Z,2026-07-25 11:25:39,https://queue-times.com/parks/16/queue_times.json
2026-07-25T18:30:21.733Z,2026-07-25 11:30:21,2026-07-25,America/Los_Angeles,disneyland,Disneyland,Main Street U.S.A,674,Disneyland Railroad,TRUE,5,2026-07-25T18:25:39.000Z,2026-07-25 11:25:39,https://queue-times.com/parks/16/queue_times.json
2026-07-25T18:30:21.733Z,2026-07-25 11:30:21,2026-07-25,America/Los_Angeles,disneyland,Disneyland,Main Street U.S.A,690,Great Moments with Mr. Lincoln,TRUE,0,2026-07-25T18:25:39.000Z,2026-07-25 11:25:39,https://queue-times.com/parks/16/queue_times.json
2026-07-25T18:30:21.733Z,2026-07-25 11:30:21,2026-07-25,America/Los_Angeles,disneyland,Disneyland,Main Street U.S.A,686,Main Street Cinema,TRUE,0,2026-07-25T18:25:39.000Z,2026-07-25 11:25:39,https://queue-times.com/parks/16/queue_times.json
2026-07-25T18:30:21.733Z,2026-07-25 11:30:21,2026-07-25,America/Los_Angeles,disneyland,Disneyland,Main Street U.S.A,691,Main Street Vehicles,TRUE,0,2026-07-25T18:25:39.000Z,2026-07-25 11:25:39,https://queue-times.com/parks/16/queue_times.json
2026-07-25T18:30:21.733Z,2026-07-25 11:30:21,2026-07-25,America/Los_Angeles,disneyland,Disneyland,Main Street U.S.A,14915,Opera House - Walt Disney - A Magical Life,TRUE,0,2026-07-25T18:25:39.000Z,2026-07-25 11:25:39,https://queue-times.com/parks/16/queue_times.json
2026-07-25T18:30:21.733Z,2026-07-25 11:30:21,2026-07-25,America/Los_Angeles,disneyland,Disneyland,Main Street U.S.A,695,The Disney Gallery,TRUE,0,2026-07-25T18:25:39.000Z,2026-07-25 11:25:39,https://queue-times.com/parks/16/queue_times.json
2026-07-25T18:30:21.733Z,2026-07-25 11:30:21,2026-07-25,America/Los_Angeles,disneyland,Disneyland,Main Street U.S.A,14923,Walt Disney - A Magical Life,FALSE,0,2026-07-25T18:25:39.000Z,2026-07-25 11:25:39,https://queue-times.com/parks/16/queue_times.json
2026-07-25T18:30:21.733Z,2026-07-25 11:30:21,2026-07-25,America/Los_Angeles,disneyland,Disneyland,Mickey's Toontown,324,Chip 'n' Dale's GADGETcoaster,TRUE,20,2026-07-25T18:25:39.000Z,2026-07-25 11:25:39,https://queue-times.com/parks/16/queue_times.json
2026-07-25T18:30:21.733Z,2026-07-25 11:30:21,2026-07-25,America/Los_Angeles,disneyland,Disneyland,Mickey's Toontown,13814,Donald's Duck Pond,TRUE,0,2026-07-25T18:25:39.000Z,2026-07-25 11:25:39,https://queue-times.com/parks/16/queue_times.json
2026-07-25T18:30:21.733Z,2026-07-25 11:30:21,2026-07-25,America/Los_Angeles,disneyland,Disneyland,Mickey's Toontown,11980,Goofy's How-to-Play Yard,TRUE,0,2026-07-25T18:25:39.000Z,2026-07-25 11:25:39,https://queue-times.com/parks/16/queue_times.json
2026-07-25T18:30:21.733Z,2026-07-25 11:30:21,2026-07-25,America/Los_Angeles,disneyland,Disneyland,Mickey's Toontown,11526,Mickey & Minnie's Runaway Railway,TRUE,25,2026-07-25T18:25:39.000Z,2026-07-25 11:25:39,https://queue-times.com/parks/16/queue_times.json
2026-07-25T18:30:21.733Z,2026-07-25 11:30:21,2026-07-25,America/Los_Angeles,disneyland,Disneyland,Mickey's Toontown,709,Mickey's House and Meet Mickey Mouse,TRUE,5,2026-07-25T18:25:39.000Z,2026-07-25 11:25:39,https://queue-times.com/parks/16/queue_times.json
2026-07-25T18:30:21.733Z,2026-07-25 11:30:21,2026-07-25,America/Los_Angeles,disneyland,Disneyland,Mickey's Toontown,327,Mickey's House and Meet Mickey Mouse,FALSE,0,2026-07-25T18:25:39.000Z,2026-07-25 11:25:39,https://queue-times.com/parks/16/queue_times.json
2026-07-25T18:30:21.733Z,2026-07-25 11:30:21,2026-07-25,America/Los_Angeles,disneyland,Disneyland,Mickey's Toontown,684,Minnie's House,TRUE,0,2026-07-25T18:25:39.000Z,2026-07-25 11:25:39,https://queue-times.com/parks/16/queue_times.json
2026-07-25T18:30:21.733Z,2026-07-25 11:30:21,2026-07-25,America/Los_Angeles,disneyland,Disneyland,Mickey's Toontown,332,Roger Rabbit's Car Toon Spin,TRUE,50,2026-07-25T18:25:39.000Z,2026-07-25 11:25:39,https://queue-times.com/parks/16/queue_times.json
2026-07-25T18:30:21.733Z,2026-07-25 11:30:21,2026-07-25,America/Los_Angeles,disneyland,Disneyland,New Orleans Square,13958,Haunted Mansion,TRUE,45,2026-07-25T18:25:39.000Z,2026-07-25 11:25:39,https://queue-times.com/parks/16/queue_times.json
2026-07-25T18:30:21.733Z,2026-07-25 11:30:21,2026-07-25,America/Los_Angeles,disneyland,Disneyland,New Orleans Square,289,Pirates of the Caribbean,FALSE,0,2026-07-25T18:25:39.000Z,2026-07-25 11:25:39,https://queue-times.com/parks/16/queue_times.json
2026-07-25T18:30:21.733Z,2026-07-25 11:30:21,2026-07-25,America/Los_Angeles,disneyland,Disneyland,Star Wars: Galaxy's Edge,6339,Millennium Falcon: Smugglers Run,TRUE,10,2026-07-25T18:25:39.000Z,2026-07-25 11:25:39,https://queue-times.com/parks/16/queue_times.json
2026-07-25T18:30:21.733Z,2026-07-25 11:30:21,2026-07-25,America/Los_Angeles,disneyland,Disneyland,Star Wars: Galaxy's Edge,10903,Millennium Falcon: Smugglers Run Single Rider,TRUE,0,2026-07-25T18:25:39.000Z,2026-07-25 11:25:39,https://queue-times.com/parks/16/queue_times.json
2026-07-25T18:30:21.733Z,2026-07-25 11:30:21,2026-07-25,America/Los_Angeles,disneyland,Disneyland,Star Wars: Galaxy's Edge,6340,Star Wars: Rise of the Resistance,TRUE,60,2026-07-25T18:25:39.000Z,2026-07-25 11:25:39,https://queue-times.com/parks/16/queue_times.json
2026-07-25T18:30:21.733Z,2026-07-25 11:30:21,2026-07-25,America/Los_Angeles,disneyland,Disneyland,Tomorrowland,287,Astro Orbitor,TRUE,15,2026-07-25T18:25:39.000Z,2026-07-25 11:25:39,https://queue-times.com/parks/16/queue_times.json
2026-07-25T18:30:21.733Z,2026-07-25 11:30:21,2026-07-25,America/Los_Angeles,disneyland,Disneyland,Tomorrowland,317,Autopia,TRUE,25,2026-07-25T18:25:39.000Z,2026-07-25 11:25:39,https://queue-times.com/parks/16/queue_times.json
2026-07-25T18:30:21.733Z,2026-07-25 11:30:21,2026-07-25,America/Los_Angeles,disneyland,Disneyland,Tomorrowland,273,Buzz Lightyear Astro Blasters,TRUE,15,2026-07-25T18:25:39.000Z,2026-07-25 11:25:39,https://queue-times.com/parks/16/queue_times.json
2026-07-25T18:30:21.733Z,2026-07-25 11:30:21,2026-07-25,America/Los_Angeles,disneyland,Disneyland,Tomorrowland,274,Disneyland Monorail,TRUE,5,2026-07-25T18:25:39.000Z,2026-07-25 11:25:39,https://queue-times.com/parks/16/queue_times.json
2026-07-25T18:30:21.733Z,2026-07-25 11:30:21,2026-07-25,America/Los_Angeles,disneyland,Disneyland,Tomorrowland,276,Finding Nemo Submarine Voyage,TRUE,20,2026-07-25T18:25:39.000Z,2026-07-25 11:25:39,https://queue-times.com/parks/16/queue_times.json
2026-07-25T18:30:21.733Z,2026-07-25 11:30:21,2026-07-25,America/Los_Angeles,disneyland,Disneyland,Tomorrowland,16627,Pixar Short Film Spotlight,FALSE,0,2026-07-25T18:25:39.000Z,2026-07-25 11:25:39,https://queue-times.com/parks/16/queue_times.json
2026-07-25T18:30:21.733Z,2026-07-25 11:30:21,2026-07-25,America/Los_Angeles,disneyland,Disneyland,Tomorrowland,284,Space Mountain,TRUE,50,2026-07-25T18:25:39.000Z,2026-07-25 11:25:39,https://queue-times.com/parks/16/queue_times.json
2026-07-25T18:30:21.733Z,2026-07-25 11:30:21,2026-07-25,America/Los_Angeles,disneyland,Disneyland,Tomorrowland,286,Star Tours - The Adventures Continue,TRUE,30,2026-07-25T18:25:39.000Z,2026-07-25 11:25:39,https://queue-times.com/parks/16/queue_times.json
2026-07-25T18:30:21.733Z,2026-07-25 11:30:21,2026-07-25,America/Los_Angeles,dca,Disney California Adventure,Avengers Campus,329,Guardians of the Galaxy - Mission: BREAKOUT!,TRUE,20,2026-07-25T18:25:39.000Z,2026-07-25 11:25:39,https://queue-times.com/parks/17/queue_times.json
2026-07-25T18:30:21.733Z,2026-07-25 11:30:21,2026-07-25,America/Los_Angeles,dca,Disney California Adventure,Avengers Campus,8843,WEB SLINGERS: A Spider-Man Adventure,TRUE,40,2026-07-25T18:25:39.000Z,2026-07-25 11:25:39,https://queue-times.com/parks/17/queue_times.json
2026-07-25T18:30:21.733Z,2026-07-25 11:30:21,2026-07-25,America/Los_Angeles,dca,Disney California Adventure,Avengers Campus,10907,WEB SLINGERS: A Spider-Man Adventure Single Rider,TRUE,0,2026-07-25T18:25:39.000Z,2026-07-25 11:25:39,https://queue-times.com/parks/17/queue_times.json
2026-07-25T18:30:21.733Z,2026-07-25 11:30:21,2026-07-25,America/Los_Angeles,dca,Disney California Adventure,Cars Land,13961,Luigi's Rollickin' Roadsters,TRUE,15,2026-07-25T18:25:39.000Z,2026-07-25 11:25:39,https://queue-times.com/parks/17/queue_times.json
2026-07-25T18:30:21.733Z,2026-07-25 11:30:21,2026-07-25,America/Los_Angeles,dca,Disney California Adventure,Cars Land,315,Mater's Junkyard Jamboree,TRUE,20,2026-07-25T18:25:39.000Z,2026-07-25 11:25:39,https://queue-times.com/parks/17/queue_times.json
2026-07-25T18:30:21.733Z,2026-07-25 11:30:21,2026-07-25,America/Los_Angeles,dca,Disney California Adventure,Cars Land,295,Radiator Springs Racers,TRUE,90,2026-07-25T18:25:39.000Z,2026-07-25 11:25:39,https://queue-times.com/parks/17/queue_times.json
2026-07-25T18:30:21.733Z,2026-07-25 11:30:21,2026-07-25,America/Los_Angeles,dca,Disney California Adventure,Cars Land,10904,Radiator Springs Racers Single Rider,TRUE,0,2026-07-25T18:25:39.000Z,2026-07-25 11:25:39,https://queue-times.com/parks/17/queue_times.json
2026-07-25T18:30:21.733Z,2026-07-25 11:30:21,2026-07-25,America/Los_Angeles,dca,Disney California Adventure,Grizzly Peak,302,Grizzly River Run,TRUE,45,2026-07-25T18:25:39.000Z,2026-07-25 11:25:39,https://queue-times.com/parks/17/queue_times.json
2026-07-25T18:30:21.733Z,2026-07-25 11:30:21,2026-07-25,America/Los_Angeles,dca,Disney California Adventure,Grizzly Peak,293,Redwood Creek Challenge Trail,TRUE,5,2026-07-25T18:25:39.000Z,2026-07-25 11:25:39,https://queue-times.com/parks/17/queue_times.json
2026-07-25T18:30:21.733Z,2026-07-25 11:30:21,2026-07-25,America/Los_Angeles,dca,Disney California Adventure,Grizzly Peak,17129,Soarin’ Across America,TRUE,25,2026-07-25T18:25:39.000Z,2026-07-25 11:25:39,https://queue-times.com/parks/17/queue_times.json
2026-07-25T18:30:21.733Z,2026-07-25 11:30:21,2026-07-25,America/Los_Angeles,dca,Disney California Adventure,Hollywood Land,321,Animation Academy,TRUE,0,2026-07-25T18:25:39.000Z,2026-07-25 11:25:39,https://queue-times.com/parks/17/queue_times.json
2026-07-25T18:30:21.733Z,2026-07-25 11:30:21,2026-07-25,America/Los_Angeles,dca,Disney California Adventure,Hollywood Land,6440,Mickey's PhilharMagic,TRUE,10,2026-07-25T18:25:39.000Z,2026-07-25 11:25:39,https://queue-times.com/parks/17/queue_times.json
2026-07-25T18:30:21.733Z,2026-07-25 11:30:21,2026-07-25,America/Los_Angeles,dca,Disney California Adventure,Hollywood Land,291,"Monsters, Inc. Mike & Sulley to the Rescue!",TRUE,35,2026-07-25T18:25:39.000Z,2026-07-25 11:25:39,https://queue-times.com/parks/17/queue_times.json
2026-07-25T18:30:21.733Z,2026-07-25 11:30:21,2026-07-25,America/Los_Angeles,dca,Disney California Adventure,Hollywood Land,868,Sorcerer's Workshop,TRUE,0,2026-07-25T18:25:39.000Z,2026-07-25 11:25:39,https://queue-times.com/parks/17/queue_times.json
2026-07-25T18:30:21.733Z,2026-07-25 11:30:21,2026-07-25,America/Los_Angeles,dca,Disney California Adventure,Hollywood Land,294,Turtle Talk with Crush,TRUE,0,2026-07-25T18:25:39.000Z,2026-07-25 11:25:39,https://queue-times.com/parks/17/queue_times.json
2026-07-25T18:30:21.733Z,2026-07-25 11:30:21,2026-07-25,America/Los_Angeles,dca,Disney California Adventure,Pacific Wharf,869,The Bakery Tour,TRUE,0,2026-07-25T18:25:39.000Z,2026-07-25 11:25:39,https://queue-times.com/parks/17/queue_times.json
2026-07-25T18:30:21.733Z,2026-07-25 11:30:21,2026-07-25,America/Los_Angeles,dca,Disney California Adventure,Paradise Gardens Park,298,Golden Zephyr,TRUE,5,2026-07-25T18:25:39.000Z,2026-07-25 11:25:39,https://queue-times.com/parks/17/queue_times.json
2026-07-25T18:30:21.733Z,2026-07-25 11:30:21,2026-07-25,America/Los_Angeles,dca,Disney California Adventure,Paradise Gardens Park,319,Goofy's Sky School,TRUE,35,2026-07-25T18:25:39.000Z,2026-07-25 11:25:39,https://queue-times.com/parks/17/queue_times.json
2026-07-25T18:30:21.733Z,2026-07-25 11:30:21,2026-07-25,America/Los_Angeles,dca,Disney California Adventure,Paradise Gardens Park,301,Silly Symphony Swings,FALSE,0,2026-07-25T18:25:39.000Z,2026-07-25 11:25:39,https://queue-times.com/parks/17/queue_times.json
2026-07-25T18:30:21.733Z,2026-07-25 11:30:21,2026-07-25,America/Los_Angeles,dca,Disney California Adventure,Paradise Gardens Park,316,The Little Mermaid - Ariel's Undersea Adventure,TRUE,25,2026-07-25T18:25:39.000Z,2026-07-25 11:25:39,https://queue-times.com/parks/17/queue_times.json
2026-07-25T18:30:21.733Z,2026-07-25 11:30:21,2026-07-25,America/Los_Angeles,dca,Disney California Adventure,Paradise Gardens Park,14742,World of Color Happiness!,TRUE,0,2026-07-25T18:25:39.000Z,2026-07-25 11:25:39,https://queue-times.com/parks/17/queue_times.json
2026-07-25T18:30:21.733Z,2026-07-25 11:30:21,2026-07-25,America/Los_Angeles,dca,Disney California Adventure,Pixar Pier,866,Games of Pixar Pier,TRUE,5,2026-07-25T18:25:39.000Z,2026-07-25 11:25:39,https://queue-times.com/parks/17/queue_times.json
2026-07-25T18:30:21.733Z,2026-07-25 11:30:21,2026-07-25,America/Los_Angeles,dca,Disney California Adventure,Pixar Pier,322,Incredicoaster,TRUE,35,2026-07-25T18:25:39.000Z,2026-07-25 11:25:39,https://queue-times.com/parks/17/queue_times.json
2026-07-25T18:30:21.733Z,2026-07-25 11:30:21,2026-07-25,America/Los_Angeles,dca,Disney California Adventure,Pixar Pier,10906,Incredicoaster Single Rider,TRUE,0,2026-07-25T18:25:39.000Z,2026-07-25 11:25:39,https://queue-times.com/parks/17/queue_times.json
2026-07-25T18:30:21.733Z,2026-07-25 11:30:21,2026-07-25,America/Los_Angeles,dca,Disney California Adventure,Pixar Pier,6643,Inside Out Emotional Whirlwind,FALSE,0,2026-07-25T18:25:39.000Z,2026-07-25 11:25:39,https://queue-times.com/parks/17/queue_times.json
2026-07-25T18:30:21.733Z,2026-07-25 11:30:21,2026-07-25,America/Los_Angeles,dca,Disney California Adventure,Pixar Pier,310,Jessie's Critter Carousel,TRUE,5,2026-07-25T18:25:39.000Z,2026-07-25 11:25:39,https://queue-times.com/parks/17/queue_times.json
2026-07-25T18:30:21.733Z,2026-07-25 11:30:21,2026-07-25,America/Los_Angeles,dca,Disney California Adventure,Pixar Pier,300,Jumpin' Jellyfish,TRUE,5,2026-07-25T18:25:39.000Z,2026-07-25 11:25:39,https://queue-times.com/parks/17/queue_times.json
2026-07-25T18:30:21.733Z,2026-07-25 11:30:21,2026-07-25,America/Los_Angeles,dca,Disney California Adventure,Pixar Pier,311,Pixar Pal-A-Round - Swinging,TRUE,30,2026-07-25T18:25:39.000Z,2026-07-25 11:25:39,https://queue-times.com/parks/17/queue_times.json
2026-07-25T18:30:21.733Z,2026-07-25 11:30:21,2026-07-25,America/Los_Angeles,dca,Disney California Adventure,Pixar Pier,5557,Pixar Pal-A-Round – Non-Swinging,TRUE,15,2026-07-25T18:25:39.000Z,2026-07-25 11:25:39,https://queue-times.com/parks/17/queue_times.json
2026-07-25T18:30:21.733Z,2026-07-25 11:30:21,2026-07-25,America/Los_Angeles,dca,Disney California Adventure,Pixar Pier,313,Toy Story Midway Mania!,FALSE,0,2026-07-25T18:25:39.000Z,2026-07-25 11:25:39,https://queue-times.com/parks/17/queue_times.json
2026-07-25T18:45:13.760Z,2026-07-25 11:45:13,2026-07-25,America/Los_Angeles,disneyland,Disneyland,Adventureland,12428,Adventureland Treehouse inspired by Walt Disney’s Swiss Family Robinson,TRUE,0,2026-07-25T18:40:31.000Z,2026-07-25 11:40:31,https://queue-times.com/parks/16/queue_times.json
2026-07-25T18:45:13.760Z,2026-07-25 11:45:13,2026-07-25,America/Los_Angeles,disneyland,Disneyland,Adventureland,326,Indiana Jones™ Adventure,TRUE,40,2026-07-25T18:40:31.000Z,2026-07-25 11:40:31,https://queue-times.com/parks/16/queue_times.json
2026-07-25T18:45:13.760Z,2026-07-25 11:45:13,2026-07-25,America/Los_Angeles,disneyland,Disneyland,Adventureland,296,Jungle Cruise,TRUE,20,2026-07-25T18:40:31.000Z,2026-07-25 11:40:31,https://queue-times.com/parks/16/queue_times.json
2026-07-25T18:45:13.760Z,2026-07-25 11:45:13,2026-07-25,America/Los_Angeles,disneyland,Disneyland,Adventureland,288,Walt Disney's Enchanted Tiki Room,TRUE,0,2026-07-25T18:40:31.000Z,2026-07-25 11:40:31,https://queue-times.com/parks/16/queue_times.json
2026-07-25T18:45:13.760Z,2026-07-25 11:45:13,2026-07-25,America/Los_Angeles,disneyland,Disneyland,Bayou Country,304,Davy Crockett's Explorer Canoes,TRUE,5,2026-07-25T18:40:31.000Z,2026-07-25 11:40:31,https://queue-times.com/parks/16/queue_times.json
2026-07-25T18:45:13.760Z,2026-07-25 11:45:13,2026-07-25,America/Los_Angeles,disneyland,Disneyland,Bayou Country,306,The Many Adventures of Winnie the Pooh,TRUE,15,2026-07-25T18:40:31.000Z,2026-07-25 11:40:31,https://queue-times.com/parks/16/queue_times.json
2026-07-25T18:45:13.760Z,2026-07-25 11:45:13,2026-07-25,America/Los_Angeles,disneyland,Disneyland,Bayou Country,14168,Tiana's Bayou Adventure,TRUE,45,2026-07-25T18:40:31.000Z,2026-07-25 11:40:31,https://queue-times.com/parks/16/queue_times.json
2026-07-25T18:45:13.760Z,2026-07-25 11:45:13,2026-07-25,America/Los_Angeles,disneyland,Disneyland,Bayou Country,14326,Tiana's Bayou Adventure Single Rider,TRUE,0,2026-07-25T18:40:31.000Z,2026-07-25 11:40:31,https://queue-times.com/parks/16/queue_times.json
2026-07-25T18:45:13.760Z,2026-07-25 11:45:13,2026-07-25,America/Los_Angeles,disneyland,Disneyland,Fantasyland,307,"""it's a small world""",TRUE,10,2026-07-25T18:40:31.000Z,2026-07-25 11:40:31,https://queue-times.com/parks/16/queue_times.json
2026-07-25T18:45:13.760Z,2026-07-25 11:45:13,2026-07-25,America/Los_Angeles,disneyland,Disneyland,Fantasyland,285,Alice in Wonderland,TRUE,25,2026-07-25T18:40:31.000Z,2026-07-25 11:40:31,https://queue-times.com/parks/16/queue_times.json
2026-07-25T18:45:13.760Z,2026-07-25 11:45:13,2026-07-25,America/Los_Angeles,disneyland,Disneyland,Fantasyland,16254,Bluey’s Best Day Ever! at Fantasyland Theatre,TRUE,0,2026-07-25T18:40:31.000Z,2026-07-25 11:40:31,https://queue-times.com/parks/16/queue_times.json
2026-07-25T18:45:13.760Z,2026-07-25 11:45:13,2026-07-25,America/Los_Angeles,disneyland,Disneyland,Fantasyland,303,Casey Jr. Circus Train,TRUE,10,2026-07-25T18:40:31.000Z,2026-07-25 11:40:31,https://queue-times.com/parks/16/queue_times.json
2026-07-25T18:45:13.760Z,2026-07-25 11:45:13,2026-07-25,America/Los_Angeles,disneyland,Disneyland,Fantasyland,275,Dumbo the Flying Elephant,TRUE,20,2026-07-25T18:40:31.000Z,2026-07-25 11:40:31,https://queue-times.com/parks/16/queue_times.json
2026-07-25T18:45:13.760Z,2026-07-25 11:45:13,2026-07-25,America/Los_Angeles,disneyland,Disneyland,Fantasyland,277,King Arthur Carrousel,TRUE,5,2026-07-25T18:40:31.000Z,2026-07-25 11:40:31,https://queue-times.com/parks/16/queue_times.json
2026-07-25T18:45:13.760Z,2026-07-25 11:45:13,2026-07-25,America/Los_Angeles,disneyland,Disneyland,Fantasyland,278,Mad Tea Party,TRUE,10,2026-07-25T18:40:31.000Z,2026-07-25 11:40:31,https://queue-times.com/parks/16/queue_times.json
2026-07-25T18:45:13.760Z,2026-07-25 11:45:13,2026-07-25,America/Los_Angeles,disneyland,Disneyland,Fantasyland,279,Matterhorn Bobsleds,TRUE,50,2026-07-25T18:40:31.000Z,2026-07-25 11:40:31,https://queue-times.com/parks/16/queue_times.json
2026-07-25T18:45:13.760Z,2026-07-25 11:45:13,2026-07-25,America/Los_Angeles,disneyland,Disneyland,Fantasyland,6711,Meet Disney Princesses at Royal Hall,TRUE,60,2026-07-25T18:40:31.000Z,2026-07-25 11:40:31,https://queue-times.com/parks/16/queue_times.json
2026-07-25T18:45:13.760Z,2026-07-25 11:45:13,2026-07-25,America/Los_Angeles,disneyland,Disneyland,Fantasyland,280,Mr. Toad's Wild Ride,TRUE,15,2026-07-25T18:40:31.000Z,2026-07-25 11:40:31,https://queue-times.com/parks/16/queue_times.json
2026-07-25T18:45:13.760Z,2026-07-25 11:45:13,2026-07-25,America/Los_Angeles,disneyland,Disneyland,Fantasyland,281,Peter Pan's Flight,FALSE,0,2026-07-25T18:40:31.000Z,2026-07-25 11:40:31,https://queue-times.com/parks/16/queue_times.json
2026-07-25T18:45:13.760Z,2026-07-25 11:45:13,2026-07-25,America/Los_Angeles,disneyland,Disneyland,Fantasyland,282,Pinocchio's Daring Journey,TRUE,10,2026-07-25T18:40:31.000Z,2026-07-25 11:40:31,https://queue-times.com/parks/16/queue_times.json
2026-07-25T18:45:13.760Z,2026-07-25 11:45:13,2026-07-25,America/Los_Angeles,disneyland,Disneyland,Fantasyland,687,Sleeping Beauty Castle Walkthrough,FALSE,0,2026-07-25T18:40:31.000Z,2026-07-25 11:40:31,https://queue-times.com/parks/16/queue_times.json
2026-07-25T18:45:13.760Z,2026-07-25 11:45:13,2026-07-25,America/Los_Angeles,disneyland,Disneyland,Fantasyland,283,Snow White's Enchanted Wish,TRUE,15,2026-07-25T18:40:31.000Z,2026-07-25 11:40:31,https://queue-times.com/parks/16/queue_times.json
2026-07-25T18:45:13.760Z,2026-07-25 11:45:13,2026-07-25,America/Los_Angeles,disneyland,Disneyland,Fantasyland,305,Storybook Land Canal Boats,TRUE,15,2026-07-25T18:40:31.000Z,2026-07-25 11:40:31,https://queue-times.com/parks/16/queue_times.json
2026-07-25T18:45:13.760Z,2026-07-25 11:45:13,2026-07-25,America/Los_Angeles,disneyland,Disneyland,Frontierland,323,Big Thunder Mountain Railroad,TRUE,40,2026-07-25T18:40:31.000Z,2026-07-25 11:40:31,https://queue-times.com/parks/16/queue_times.json
2026-07-25T18:45:13.760Z,2026-07-25 11:45:13,2026-07-25,America/Los_Angeles,disneyland,Disneyland,Frontierland,679,Frontierland Shootin' Exposition,FALSE,0,2026-07-25T18:40:31.000Z,2026-07-25 11:40:31,https://queue-times.com/parks/16/queue_times.json
2026-07-25T18:45:13.760Z,2026-07-25 11:45:13,2026-07-25,America/Los_Angeles,disneyland,Disneyland,Frontierland,456,Mark Twain Riverboat,TRUE,10,2026-07-25T18:40:31.000Z,2026-07-25 11:40:31,https://queue-times.com/parks/16/queue_times.json
2026-07-25T18:45:13.760Z,2026-07-25 11:45:13,2026-07-25,America/Los_Angeles,disneyland,Disneyland,Frontierland,331,Pirate's Lair on Tom Sawyer Island,TRUE,5,2026-07-25T18:40:31.000Z,2026-07-25 11:40:31,https://queue-times.com/parks/16/queue_times.json
2026-07-25T18:45:13.760Z,2026-07-25 11:45:13,2026-07-25,America/Los_Angeles,disneyland,Disneyland,Frontierland,328,Sailing Ship Columbia,TRUE,0,2026-07-25T18:40:31.000Z,2026-07-25 11:40:31,https://queue-times.com/parks/16/queue_times.json
2026-07-25T18:45:13.760Z,2026-07-25 11:45:13,2026-07-25,America/Los_Angeles,disneyland,Disneyland,Main Street U.S.A,674,Disneyland Railroad,TRUE,5,2026-07-25T18:40:31.000Z,2026-07-25 11:40:31,https://queue-times.com/parks/16/queue_times.json
2026-07-25T18:45:13.760Z,2026-07-25 11:45:13,2026-07-25,America/Los_Angeles,disneyland,Disneyland,Main Street U.S.A,690,Great Moments with Mr. Lincoln,TRUE,0,2026-07-25T18:40:31.000Z,2026-07-25 11:40:31,https://queue-times.com/parks/16/queue_times.json
2026-07-25T18:45:13.760Z,2026-07-25 11:45:13,2026-07-25,America/Los_Angeles,disneyland,Disneyland,Main Street U.S.A,686,Main Street Cinema,TRUE,0,2026-07-25T18:40:31.000Z,2026-07-25 11:40:31,https://queue-times.com/parks/16/queue_times.json
2026-07-25T18:45:13.760Z,2026-07-25 11:45:13,2026-07-25,America/Los_Angeles,disneyland,Disneyland,Main Street U.S.A,691,Main Street Vehicles,TRUE,0,2026-07-25T18:40:31.000Z,2026-07-25 11:40:31,https://queue-times.com/parks/16/queue_times.json
2026-07-25T18:45:13.760Z,2026-07-25 11:45:13,2026-07-25,America/Los_Angeles,disneyland,Disneyland,Main Street U.S.A,14915,Opera House - Walt Disney - A Magical Life,TRUE,0,2026-07-25T18:40:31.000Z,2026-07-25 11:40:31,https://queue-times.com/parks/16/queue_times.json
2026-07-25T18:45:13.760Z,2026-07-25 11:45:13,2026-07-25,America/Los_Angeles,disneyland,Disneyland,Main Street U.S.A,695,The Disney Gallery,TRUE,0,2026-07-25T18:40:31.000Z,2026-07-25 11:40:31,https://queue-times.com/parks/16/queue_times.json
2026-07-25T18:45:13.760Z,2026-07-25 11:45:13,2026-07-25,America/Los_Angeles,disneyland,Disneyland,Main Street U.S.A,14923,Walt Disney - A Magical Life,FALSE,0,2026-07-25T18:40:31.000Z,2026-07-25 11:40:31,https://queue-times.com/parks/16/queue_times.json
2026-07-25T18:45:13.760Z,2026-07-25 11:45:13,2026-07-25,America/Los_Angeles,disneyland,Disneyland,Mickey's Toontown,324,Chip 'n' Dale's GADGETcoaster,TRUE,15,2026-07-25T18:40:31.000Z,2026-07-25 11:40:31,https://queue-times.com/parks/16/queue_times.json
2026-07-25T18:45:13.760Z,2026-07-25 11:45:13,2026-07-25,America/Los_Angeles,disneyland,Disneyland,Mickey's Toontown,13814,Donald's Duck Pond,TRUE,0,2026-07-25T18:40:31.000Z,2026-07-25 11:40:31,https://queue-times.com/parks/16/queue_times.json
2026-07-25T18:45:13.760Z,2026-07-25 11:45:13,2026-07-25,America/Los_Angeles,disneyland,Disneyland,Mickey's Toontown,11980,Goofy's How-to-Play Yard,TRUE,0,2026-07-25T18:40:31.000Z,2026-07-25 11:40:31,https://queue-times.com/parks/16/queue_times.json
2026-07-25T18:45:13.760Z,2026-07-25 11:45:13,2026-07-25,America/Los_Angeles,disneyland,Disneyland,Mickey's Toontown,11526,Mickey & Minnie's Runaway Railway,TRUE,30,2026-07-25T18:40:31.000Z,2026-07-25 11:40:31,https://queue-times.com/parks/16/queue_times.json
2026-07-25T18:45:13.760Z,2026-07-25 11:45:13,2026-07-25,America/Los_Angeles,disneyland,Disneyland,Mickey's Toontown,709,Mickey's House and Meet Mickey Mouse,TRUE,5,2026-07-25T18:40:31.000Z,2026-07-25 11:40:31,https://queue-times.com/parks/16/queue_times.json
2026-07-25T18:45:13.760Z,2026-07-25 11:45:13,2026-07-25,America/Los_Angeles,disneyland,Disneyland,Mickey's Toontown,327,Mickey's House and Meet Mickey Mouse,FALSE,0,2026-07-25T18:40:31.000Z,2026-07-25 11:40:31,https://queue-times.com/parks/16/queue_times.json
2026-07-25T18:45:13.760Z,2026-07-25 11:45:13,2026-07-25,America/Los_Angeles,disneyland,Disneyland,Mickey's Toontown,684,Minnie's House,TRUE,0,2026-07-25T18:40:31.000Z,2026-07-25 11:40:31,https://queue-times.com/parks/16/queue_times.json
2026-07-25T18:45:13.760Z,2026-07-25 11:45:13,2026-07-25,America/Los_Angeles,disneyland,Disneyland,Mickey's Toontown,332,Roger Rabbit's Car Toon Spin,TRUE,50,2026-07-25T18:40:31.000Z,2026-07-25 11:40:31,https://queue-times.com/parks/16/queue_times.json
2026-07-25T18:45:13.760Z,2026-07-25 11:45:13,2026-07-25,America/Los_Angeles,disneyland,Disneyland,New Orleans Square,13958,Haunted Mansion,TRUE,35,2026-07-25T18:40:31.000Z,2026-07-25 11:40:31,https://queue-times.com/parks/16/queue_times.json
2026-07-25T18:45:13.760Z,2026-07-25 11:45:13,2026-07-25,America/Los_Angeles,disneyland,Disneyland,New Orleans Square,289,Pirates of the Caribbean,FALSE,0,2026-07-25T18:40:31.000Z,2026-07-25 11:40:31,https://queue-times.com/parks/16/queue_times.json
2026-07-25T18:45:13.760Z,2026-07-25 11:45:13,2026-07-25,America/Los_Angeles,disneyland,Disneyland,Star Wars: Galaxy's Edge,6339,Millennium Falcon: Smugglers Run,TRUE,20,2026-07-25T18:40:31.000Z,2026-07-25 11:40:31,https://queue-times.com/parks/16/queue_times.json
2026-07-25T18:45:13.760Z,2026-07-25 11:45:13,2026-07-25,America/Los_Angeles,disneyland,Disneyland,Star Wars: Galaxy's Edge,10903,Millennium Falcon: Smugglers Run Single Rider,TRUE,0,2026-07-25T18:40:31.000Z,2026-07-25 11:40:31,https://queue-times.com/parks/16/queue_times.json
2026-07-25T18:45:13.760Z,2026-07-25 11:45:13,2026-07-25,America/Los_Angeles,disneyland,Disneyland,Star Wars: Galaxy's Edge,6340,Star Wars: Rise of the Resistance,TRUE,40,2026-07-25T18:40:31.000Z,2026-07-25 11:40:31,https://queue-times.com/parks/16/queue_times.json
2026-07-25T18:45:13.760Z,2026-07-25 11:45:13,2026-07-25,America/Los_Angeles,disneyland,Disneyland,Tomorrowland,287,Astro Orbitor,TRUE,15,2026-07-25T18:40:31.000Z,2026-07-25 11:40:31,https://queue-times.com/parks/16/queue_times.json
2026-07-25T18:45:13.760Z,2026-07-25 11:45:13,2026-07-25,America/Los_Angeles,disneyland,Disneyland,Tomorrowland,317,Autopia,TRUE,25,2026-07-25T18:40:31.000Z,2026-07-25 11:40:31,https://queue-times.com/parks/16/queue_times.json
2026-07-25T18:45:13.760Z,2026-07-25 11:45:13,2026-07-25,America/Los_Angeles,disneyland,Disneyland,Tomorrowland,273,Buzz Lightyear Astro Blasters,TRUE,25,2026-07-25T18:40:31.000Z,2026-07-25 11:40:31,https://queue-times.com/parks/16/queue_times.json
2026-07-25T18:45:13.760Z,2026-07-25 11:45:13,2026-07-25,America/Los_Angeles,disneyland,Disneyland,Tomorrowland,274,Disneyland Monorail,TRUE,5,2026-07-25T18:40:31.000Z,2026-07-25 11:40:31,https://queue-times.com/parks/16/queue_times.json
2026-07-25T18:45:13.760Z,2026-07-25 11:45:13,2026-07-25,America/Los_Angeles,disneyland,Disneyland,Tomorrowland,276,Finding Nemo Submarine Voyage,TRUE,30,2026-07-25T18:40:31.000Z,2026-07-25 11:40:31,https://queue-times.com/parks/16/queue_times.json
2026-07-25T18:45:13.760Z,2026-07-25 11:45:13,2026-07-25,America/Los_Angeles,disneyland,Disneyland,Tomorrowland,16627,Pixar Short Film Spotlight,FALSE,0,2026-07-25T18:40:31.000Z,2026-07-25 11:40:31,https://queue-times.com/parks/16/queue_times.json
2026-07-25T18:45:13.760Z,2026-07-25 11:45:13,2026-07-25,America/Los_Angeles,disneyland,Disneyland,Tomorrowland,284,Space Mountain,TRUE,30,2026-07-25T18:40:31.000Z,2026-07-25 11:40:31,https://queue-times.com/parks/16/queue_times.json
2026-07-25T18:45:13.760Z,2026-07-25 11:45:13,2026-07-25,America/Los_Angeles,disneyland,Disneyland,Tomorrowland,286,Star Tours - The Adventures Continue,TRUE,30,2026-07-25T18:40:31.000Z,2026-07-25 11:40:31,https://queue-times.com/parks/16/queue_times.json
2026-07-25T18:45:13.760Z,2026-07-25 11:45:13,2026-07-25,America/Los_Angeles,dca,Disney California Adventure,Avengers Campus,329,Guardians of the Galaxy - Mission: BREAKOUT!,TRUE,40,2026-07-25T18:40:40.000Z,2026-07-25 11:40:40,https://queue-times.com/parks/17/queue_times.json
2026-07-25T18:45:13.760Z,2026-07-25 11:45:13,2026-07-25,America/Los_Angeles,dca,Disney California Adventure,Avengers Campus,8843,WEB SLINGERS: A Spider-Man Adventure,TRUE,40,2026-07-25T18:40:40.000Z,2026-07-25 11:40:40,https://queue-times.com/parks/17/queue_times.json
2026-07-25T18:45:13.760Z,2026-07-25 11:45:13,2026-07-25,America/Los_Angeles,dca,Disney California Adventure,Avengers Campus,10907,WEB SLINGERS: A Spider-Man Adventure Single Rider,TRUE,0,2026-07-25T18:40:40.000Z,2026-07-25 11:40:40,https://queue-times.com/parks/17/queue_times.json
2026-07-25T18:45:13.760Z,2026-07-25 11:45:13,2026-07-25,America/Los_Angeles,dca,Disney California Adventure,Cars Land,13961,Luigi's Rollickin' Roadsters,TRUE,15,2026-07-25T18:40:40.000Z,2026-07-25 11:40:40,https://queue-times.com/parks/17/queue_times.json
2026-07-25T18:45:13.760Z,2026-07-25 11:45:13,2026-07-25,America/Los_Angeles,dca,Disney California Adventure,Cars Land,315,Mater's Junkyard Jamboree,TRUE,20,2026-07-25T18:40:40.000Z,2026-07-25 11:40:40,https://queue-times.com/parks/17/queue_times.json
2026-07-25T18:45:13.760Z,2026-07-25 11:45:13,2026-07-25,America/Los_Angeles,dca,Disney California Adventure,Cars Land,295,Radiator Springs Racers,TRUE,90,2026-07-25T18:40:40.000Z,2026-07-25 11:40:40,https://queue-times.com/parks/17/queue_times.json
2026-07-25T18:45:13.760Z,2026-07-25 11:45:13,2026-07-25,America/Los_Angeles,dca,Disney California Adventure,Cars Land,10904,Radiator Springs Racers Single Rider,TRUE,0,2026-07-25T18:40:40.000Z,2026-07-25 11:40:40,https://queue-times.com/parks/17/queue_times.json
2026-07-25T18:45:13.760Z,2026-07-25 11:45:13,2026-07-25,America/Los_Angeles,dca,Disney California Adventure,Grizzly Peak,302,Grizzly River Run,TRUE,45,2026-07-25T18:40:40.000Z,2026-07-25 11:40:40,https://queue-times.com/parks/17/queue_times.json
2026-07-25T18:45:13.760Z,2026-07-25 11:45:13,2026-07-25,America/Los_Angeles,dca,Disney California Adventure,Grizzly Peak,293,Redwood Creek Challenge Trail,TRUE,5,2026-07-25T18:40:40.000Z,2026-07-25 11:40:40,https://queue-times.com/parks/17/queue_times.json
2026-07-25T18:45:13.760Z,2026-07-25 11:45:13,2026-07-25,America/Los_Angeles,dca,Disney California Adventure,Grizzly Peak,17129,Soarin’ Across America,TRUE,70,2026-07-25T18:40:40.000Z,2026-07-25 11:40:40,https://queue-times.com/parks/17/queue_times.json
2026-07-25T18:45:13.760Z,2026-07-25 11:45:13,2026-07-25,America/Los_Angeles,dca,Disney California Adventure,Hollywood Land,321,Animation Academy,TRUE,0,2026-07-25T18:40:40.000Z,2026-07-25 11:40:40,https://queue-times.com/parks/17/queue_times.json
2026-07-25T18:45:13.760Z,2026-07-25 11:45:13,2026-07-25,America/Los_Angeles,dca,Disney California Adventure,Hollywood Land,6440,Mickey's PhilharMagic,TRUE,10,2026-07-25T18:40:40.000Z,2026-07-25 11:40:40,https://queue-times.com/parks/17/queue_times.json
2026-07-25T18:45:13.760Z,2026-07-25 11:45:13,2026-07-25,America/Los_Angeles,dca,Disney California Adventure,Hollywood Land,291,"Monsters, Inc. Mike & Sulley to the Rescue!",TRUE,35,2026-07-25T18:40:40.000Z,2026-07-25 11:40:40,https://queue-times.com/parks/17/queue_times.json
2026-07-25T18:45:13.760Z,2026-07-25 11:45:13,2026-07-25,America/Los_Angeles,dca,Disney California Adventure,Hollywood Land,868,Sorcerer's Workshop,TRUE,0,2026-07-25T18:40:40.000Z,2026-07-25 11:40:40,https://queue-times.com/parks/17/queue_times.json
2026-07-25T18:45:13.760Z,2026-07-25 11:45:13,2026-07-25,America/Los_Angeles,dca,Disney California Adventure,Hollywood Land,294,Turtle Talk with Crush,TRUE,0,2026-07-25T18:40:40.000Z,2026-07-25 11:40:40,https://queue-times.com/parks/17/queue_times.json
2026-07-25T18:45:13.760Z,2026-07-25 11:45:13,2026-07-25,America/Los_Angeles,dca,Disney California Adventure,Pacific Wharf,869,The Bakery Tour,TRUE,0,2026-07-25T18:40:40.000Z,2026-07-25 11:40:40,https://queue-times.com/parks/17/queue_times.json
2026-07-25T18:45:13.760Z,2026-07-25 11:45:13,2026-07-25,America/Los_Angeles,dca,Disney California Adventure,Paradise Gardens Park,298,Golden Zephyr,TRUE,5,2026-07-25T18:40:40.000Z,2026-07-25 11:40:40,https://queue-times.com/parks/17/queue_times.json
2026-07-25T18:45:13.760Z,2026-07-25 11:45:13,2026-07-25,America/Los_Angeles,dca,Disney California Adventure,Paradise Gardens Park,319,Goofy's Sky School,TRUE,40,2026-07-25T18:40:40.000Z,2026-07-25 11:40:40,https://queue-times.com/parks/17/queue_times.json
2026-07-25T18:45:13.760Z,2026-07-25 11:45:13,2026-07-25,America/Los_Angeles,dca,Disney California Adventure,Paradise Gardens Park,301,Silly Symphony Swings,FALSE,0,2026-07-25T18:40:40.000Z,2026-07-25 11:40:40,https://queue-times.com/parks/17/queue_times.json
2026-07-25T18:45:13.760Z,2026-07-25 11:45:13,2026-07-25,America/Los_Angeles,dca,Disney California Adventure,Paradise Gardens Park,316,The Little Mermaid - Ariel's Undersea Adventure,TRUE,20,2026-07-25T18:40:40.000Z,2026-07-25 11:40:40,https://queue-times.com/parks/17/queue_times.json
2026-07-25T18:45:13.760Z,2026-07-25 11:45:13,2026-07-25,America/Los_Angeles,dca,Disney California Adventure,Paradise Gardens Park,14742,World of Color Happiness!,TRUE,0,2026-07-25T18:40:40.000Z,2026-07-25 11:40:40,https://queue-times.com/parks/17/queue_times.json
2026-07-25T18:45:13.760Z,2026-07-25 11:45:13,2026-07-25,America/Los_Angeles,dca,Disney California Adventure,Pixar Pier,866,Games of Pixar Pier,TRUE,5,2026-07-25T18:40:40.000Z,2026-07-25 11:40:40,https://queue-times.com/parks/17/queue_times.json
2026-07-25T18:45:13.760Z,2026-07-25 11:45:13,2026-07-25,America/Los_Angeles,dca,Disney California Adventure,Pixar Pier,322,Incredicoaster,TRUE,30,2026-07-25T18:40:40.000Z,2026-07-25 11:40:40,https://queue-times.com/parks/17/queue_times.json
2026-07-25T18:45:13.760Z,2026-07-25 11:45:13,2026-07-25,America/Los_Angeles,dca,Disney California Adventure,Pixar Pier,10906,Incredicoaster Single Rider,TRUE,0,2026-07-25T18:40:40.000Z,2026-07-25 11:40:40,https://queue-times.com/parks/17/queue_times.json
2026-07-25T18:45:13.760Z,2026-07-25 11:45:13,2026-07-25,America/Los_Angeles,dca,Disney California Adventure,Pixar Pier,6643,Inside Out Emotional Whirlwind,FALSE,0,2026-07-25T18:40:40.000Z,2026-07-25 11:40:40,https://queue-times.com/parks/17/queue_times.json
2026-07-25T18:45:13.760Z,2026-07-25 11:45:13,2026-07-25,America/Los_Angeles,dca,Disney California Adventure,Pixar Pier,310,Jessie's Critter Carousel,TRUE,5,2026-07-25T18:40:40.000Z,2026-07-25 11:40:40,https://queue-times.com/parks/17/queue_times.json
2026-07-25T18:45:13.760Z,2026-07-25 11:45:13,2026-07-25,America/Los_Angeles,dca,Disney California Adventure,Pixar Pier,300,Jumpin' Jellyfish,TRUE,5,2026-07-25T18:40:40.000Z,2026-07-25 11:40:40,https://queue-times.com/parks/17/queue_times.json
2026-07-25T18:45:13.760Z,2026-07-25 11:45:13,2026-07-25,America/Los_Angeles,dca,Disney California Adventure,Pixar Pier,311,Pixar Pal-A-Round - Swinging,TRUE,30,2026-07-25T18:40:40.000Z,2026-07-25 11:40:40,https://queue-times.com/parks/17/queue_times.json
2026-07-25T18:45:13.760Z,2026-07-25 11:45:13,2026-07-25,America/Los_Angeles,dca,Disney California Adventure,Pixar Pier,5557,Pixar Pal-A-Round – Non-Swinging,TRUE,15,2026-07-25T18:40:40.000Z,2026-07-25 11:40:40,https://queue-times.com/parks/17/queue_times.json
2026-07-25T18:45:13.760Z,2026-07-25 11:45:13,2026-07-25,America/Los_Angeles,dca,Disney California Adventure,Pixar Pier,313,Toy Story Midway Mania!,FALSE,0,2026-07-25T18:40:40.000Z,2026-07-25 11:40:40,https://queue-times.com/parks/17/queue_times.json
2026-07-25T19:00:16.776Z,2026-07-25 12:00:16,2026-07-25,America/Los_Angeles,disneyland,Disneyland,Adventureland,12428,Adventureland Treehouse inspired by Walt Disney’s Swiss Family Robinson,TRUE,0,2026-07-25T18:55:36.000Z,2026-07-25 11:55:36,https://queue-times.com/parks/16/queue_times.json
2026-07-25T19:00:16.776Z,2026-07-25 12:00:16,2026-07-25,America/Los_Angeles,disneyland,Disneyland,Adventureland,326,Indiana Jones™ Adventure,TRUE,40,2026-07-25T18:55:36.000Z,2026-07-25 11:55:36,https://queue-times.com/parks/16/queue_times.json
2026-07-25T19:00:16.776Z,2026-07-25 12:00:16,2026-07-25,America/Los_Angeles,disneyland,Disneyland,Adventureland,296,Jungle Cruise,TRUE,20,2026-07-25T18:55:36.000Z,2026-07-25 11:55:36,https://queue-times.com/parks/16/queue_times.json
2026-07-25T19:00:16.776Z,2026-07-25 12:00:16,2026-07-25,America/Los_Angeles,disneyland,Disneyland,Adventureland,288,Walt Disney's Enchanted Tiki Room,TRUE,0,2026-07-25T18:55:36.000Z,2026-07-25 11:55:36,https://queue-times.com/parks/16/queue_times.json
2026-07-25T19:00:16.776Z,2026-07-25 12:00:16,2026-07-25,America/Los_Angeles,disneyland,Disneyland,Bayou Country,304,Davy Crockett's Explorer Canoes,TRUE,5,2026-07-25T18:55:36.000Z,2026-07-25 11:55:36,https://queue-times.com/parks/16/queue_times.json
2026-07-25T19:00:16.776Z,2026-07-25 12:00:16,2026-07-25,America/Los_Angeles,disneyland,Disneyland,Bayou Country,306,The Many Adventures of Winnie the Pooh,TRUE,15,2026-07-25T18:55:36.000Z,2026-07-25 11:55:36,https://queue-times.com/parks/16/queue_times.json
2026-07-25T19:00:16.776Z,2026-07-25 12:00:16,2026-07-25,America/Los_Angeles,disneyland,Disneyland,Bayou Country,14168,Tiana's Bayou Adventure,TRUE,50,2026-07-25T18:55:36.000Z,2026-07-25 11:55:36,https://queue-times.com/parks/16/queue_times.json
2026-07-25T19:00:16.776Z,2026-07-25 12:00:16,2026-07-25,America/Los_Angeles,disneyland,Disneyland,Bayou Country,14326,Tiana's Bayou Adventure Single Rider,TRUE,0,2026-07-25T18:55:36.000Z,2026-07-25 11:55:36,https://queue-times.com/parks/16/queue_times.json
2026-07-25T19:00:16.776Z,2026-07-25 12:00:16,2026-07-25,America/Los_Angeles,disneyland,Disneyland,Fantasyland,307,"""it's a small world""",TRUE,10,2026-07-25T18:55:36.000Z,2026-07-25 11:55:36,https://queue-times.com/parks/16/queue_times.json
2026-07-25T19:00:16.776Z,2026-07-25 12:00:16,2026-07-25,America/Los_Angeles,disneyland,Disneyland,Fantasyland,285,Alice in Wonderland,TRUE,25,2026-07-25T18:55:36.000Z,2026-07-25 11:55:36,https://queue-times.com/parks/16/queue_times.json
2026-07-25T19:00:16.776Z,2026-07-25 12:00:16,2026-07-25,America/Los_Angeles,disneyland,Disneyland,Fantasyland,16254,Bluey’s Best Day Ever! at Fantasyland Theatre,TRUE,0,2026-07-25T18:55:36.000Z,2026-07-25 11:55:36,https://queue-times.com/parks/16/queue_times.json
2026-07-25T19:00:16.776Z,2026-07-25 12:00:16,2026-07-25,America/Los_Angeles,disneyland,Disneyland,Fantasyland,303,Casey Jr. Circus Train,TRUE,10,2026-07-25T18:55:36.000Z,2026-07-25 11:55:36,https://queue-times.com/parks/16/queue_times.json
2026-07-25T19:00:16.776Z,2026-07-25 12:00:16,2026-07-25,America/Los_Angeles,disneyland,Disneyland,Fantasyland,275,Dumbo the Flying Elephant,TRUE,20,2026-07-25T18:55:36.000Z,2026-07-25 11:55:36,https://queue-times.com/parks/16/queue_times.json
2026-07-25T19:00:16.776Z,2026-07-25 12:00:16,2026-07-25,America/Los_Angeles,disneyland,Disneyland,Fantasyland,277,King Arthur Carrousel,TRUE,5,2026-07-25T18:55:36.000Z,2026-07-25 11:55:36,https://queue-times.com/parks/16/queue_times.json
2026-07-25T19:00:16.776Z,2026-07-25 12:00:16,2026-07-25,America/Los_Angeles,disneyland,Disneyland,Fantasyland,278,Mad Tea Party,FALSE,0,2026-07-25T18:55:36.000Z,2026-07-25 11:55:36,https://queue-times.com/parks/16/queue_times.json
2026-07-25T19:00:16.776Z,2026-07-25 12:00:16,2026-07-25,America/Los_Angeles,disneyland,Disneyland,Fantasyland,279,Matterhorn Bobsleds,TRUE,60,2026-07-25T18:55:36.000Z,2026-07-25 11:55:36,https://queue-times.com/parks/16/queue_times.json
2026-07-25T19:00:16.776Z,2026-07-25 12:00:16,2026-07-25,America/Los_Angeles,disneyland,Disneyland,Fantasyland,6711,Meet Disney Princesses at Royal Hall,TRUE,15,2026-07-25T18:55:36.000Z,2026-07-25 11:55:36,https://queue-times.com/parks/16/queue_times.json
2026-07-25T19:00:16.776Z,2026-07-25 12:00:16,2026-07-25,America/Los_Angeles,disneyland,Disneyland,Fantasyland,280,Mr. Toad's Wild Ride,TRUE,15,2026-07-25T18:55:36.000Z,2026-07-25 11:55:36,https://queue-times.com/parks/16/queue_times.json
2026-07-25T19:00:16.776Z,2026-07-25 12:00:16,2026-07-25,America/Los_Angeles,disneyland,Disneyland,Fantasyland,281,Peter Pan's Flight,FALSE,0,2026-07-25T18:55:36.000Z,2026-07-25 11:55:36,https://queue-times.com/parks/16/queue_times.json
2026-07-25T19:00:16.776Z,2026-07-25 12:00:16,2026-07-25,America/Los_Angeles,disneyland,Disneyland,Fantasyland,282,Pinocchio's Daring Journey,TRUE,10,2026-07-25T18:55:36.000Z,2026-07-25 11:55:36,https://queue-times.com/parks/16/queue_times.json
2026-07-25T19:00:16.776Z,2026-07-25 12:00:16,2026-07-25,America/Los_Angeles,disneyland,Disneyland,Fantasyland,687,Sleeping Beauty Castle Walkthrough,FALSE,0,2026-07-25T18:55:36.000Z,2026-07-25 11:55:36,https://queue-times.com/parks/16/queue_times.json
2026-07-25T19:00:16.776Z,2026-07-25 12:00:16,2026-07-25,America/Los_Angeles,disneyland,Disneyland,Fantasyland,283,Snow White's Enchanted Wish,TRUE,15,2026-07-25T18:55:36.000Z,2026-07-25 11:55:36,https://queue-times.com/parks/16/queue_times.json
2026-07-25T19:00:16.776Z,2026-07-25 12:00:16,2026-07-25,America/Los_Angeles,disneyland,Disneyland,Fantasyland,305,Storybook Land Canal Boats,TRUE,15,2026-07-25T18:55:36.000Z,2026-07-25 11:55:36,https://queue-times.com/parks/16/queue_times.json
2026-07-25T19:00:16.776Z,2026-07-25 12:00:16,2026-07-25,America/Los_Angeles,disneyland,Disneyland,Frontierland,323,Big Thunder Mountain Railroad,TRUE,40,2026-07-25T18:55:36.000Z,2026-07-25 11:55:36,https://queue-times.com/parks/16/queue_times.json
2026-07-25T19:00:16.776Z,2026-07-25 12:00:16,2026-07-25,America/Los_Angeles,disneyland,Disneyland,Frontierland,679,Frontierland Shootin' Exposition,FALSE,0,2026-07-25T18:55:36.000Z,2026-07-25 11:55:36,https://queue-times.com/parks/16/queue_times.json
2026-07-25T19:00:16.776Z,2026-07-25 12:00:16,2026-07-25,America/Los_Angeles,disneyland,Disneyland,Frontierland,456,Mark Twain Riverboat,TRUE,10,2026-07-25T18:55:36.000Z,2026-07-25 11:55:36,https://queue-times.com/parks/16/queue_times.json
2026-07-25T19:00:16.776Z,2026-07-25 12:00:16,2026-07-25,America/Los_Angeles,disneyland,Disneyland,Frontierland,331,Pirate's Lair on Tom Sawyer Island,TRUE,5,2026-07-25T18:55:36.000Z,2026-07-25 11:55:36,https://queue-times.com/parks/16/queue_times.json
2026-07-25T19:00:16.776Z,2026-07-25 12:00:16,2026-07-25,America/Los_Angeles,disneyland,Disneyland,Frontierland,328,Sailing Ship Columbia,TRUE,10,2026-07-25T18:55:36.000Z,2026-07-25 11:55:36,https://queue-times.com/parks/16/queue_times.json
2026-07-25T19:00:16.776Z,2026-07-25 12:00:16,2026-07-25,America/Los_Angeles,disneyland,Disneyland,Main Street U.S.A,674,Disneyland Railroad,TRUE,5,2026-07-25T18:55:36.000Z,2026-07-25 11:55:36,https://queue-times.com/parks/16/queue_times.json
2026-07-25T19:00:16.776Z,2026-07-25 12:00:16,2026-07-25,America/Los_Angeles,disneyland,Disneyland,Main Street U.S.A,690,Great Moments with Mr. Lincoln,TRUE,0,2026-07-25T18:55:36.000Z,2026-07-25 11:55:36,https://queue-times.com/parks/16/queue_times.json
2026-07-25T19:00:16.776Z,2026-07-25 12:00:16,2026-07-25,America/Los_Angeles,disneyland,Disneyland,Main Street U.S.A,686,Main Street Cinema,TRUE,0,2026-07-25T18:55:36.000Z,2026-07-25 11:55:36,https://queue-times.com/parks/16/queue_times.json
2026-07-25T19:00:16.776Z,2026-07-25 12:00:16,2026-07-25,America/Los_Angeles,disneyland,Disneyland,Main Street U.S.A,691,Main Street Vehicles,TRUE,0,2026-07-25T18:55:36.000Z,2026-07-25 11:55:36,https://queue-times.com/parks/16/queue_times.json
2026-07-25T19:00:16.776Z,2026-07-25 12:00:16,2026-07-25,America/Los_Angeles,disneyland,Disneyland,Main Street U.S.A,14915,Opera House - Walt Disney - A Magical Life,TRUE,0,2026-07-25T18:55:36.000Z,2026-07-25 11:55:36,https://queue-times.com/parks/16/queue_times.json
2026-07-25T19:00:16.776Z,2026-07-25 12:00:16,2026-07-25,America/Los_Angeles,disneyland,Disneyland,Main Street U.S.A,695,The Disney Gallery,TRUE,0,2026-07-25T18:55:36.000Z,2026-07-25 11:55:36,https://queue-times.com/parks/16/queue_times.json
2026-07-25T19:00:16.776Z,2026-07-25 12:00:16,2026-07-25,America/Los_Angeles,disneyland,Disneyland,Main Street U.S.A,14923,Walt Disney - A Magical Life,FALSE,0,2026-07-25T18:55:36.000Z,2026-07-25 11:55:36,https://queue-times.com/parks/16/queue_times.json
2026-07-25T19:00:16.776Z,2026-07-25 12:00:16,2026-07-25,America/Los_Angeles,disneyland,Disneyland,Mickey's Toontown,324,Chip 'n' Dale's GADGETcoaster,TRUE,30,2026-07-25T18:55:36.000Z,2026-07-25 11:55:36,https://queue-times.com/parks/16/queue_times.json
2026-07-25T19:00:16.776Z,2026-07-25 12:00:16,2026-07-25,America/Los_Angeles,disneyland,Disneyland,Mickey's Toontown,13814,Donald's Duck Pond,TRUE,0,2026-07-25T18:55:36.000Z,2026-07-25 11:55:36,https://queue-times.com/parks/16/queue_times.json
2026-07-25T19:00:16.776Z,2026-07-25 12:00:16,2026-07-25,America/Los_Angeles,disneyland,Disneyland,Mickey's Toontown,11980,Goofy's How-to-Play Yard,TRUE,0,2026-07-25T18:55:36.000Z,2026-07-25 11:55:36,https://queue-times.com/parks/16/queue_times.json
2026-07-25T19:00:16.776Z,2026-07-25 12:00:16,2026-07-25,America/Los_Angeles,disneyland,Disneyland,Mickey's Toontown,11526,Mickey & Minnie's Runaway Railway,TRUE,40,2026-07-25T18:55:36.000Z,2026-07-25 11:55:36,https://queue-times.com/parks/16/queue_times.json
2026-07-25T19:00:16.776Z,2026-07-25 12:00:16,2026-07-25,America/Los_Angeles,disneyland,Disneyland,Mickey's Toontown,709,Mickey's House and Meet Mickey Mouse,TRUE,5,2026-07-25T18:55:36.000Z,2026-07-25 11:55:36,https://queue-times.com/parks/16/queue_times.json
2026-07-25T19:00:16.776Z,2026-07-25 12:00:16,2026-07-25,America/Los_Angeles,disneyland,Disneyland,Mickey's Toontown,327,Mickey's House and Meet Mickey Mouse,FALSE,0,2026-07-25T18:55:36.000Z,2026-07-25 11:55:36,https://queue-times.com/parks/16/queue_times.json
2026-07-25T19:00:16.776Z,2026-07-25 12:00:16,2026-07-25,America/Los_Angeles,disneyland,Disneyland,Mickey's Toontown,684,Minnie's House,TRUE,0,2026-07-25T18:55:36.000Z,2026-07-25 11:55:36,https://queue-times.com/parks/16/queue_times.json
2026-07-25T19:00:16.776Z,2026-07-25 12:00:16,2026-07-25,America/Los_Angeles,disneyland,Disneyland,Mickey's Toontown,332,Roger Rabbit's Car Toon Spin,TRUE,50,2026-07-25T18:55:36.000Z,2026-07-25 11:55:36,https://queue-times.com/parks/16/queue_times.json
2026-07-25T19:00:16.776Z,2026-07-25 12:00:16,2026-07-25,America/Los_Angeles,disneyland,Disneyland,New Orleans Square,13958,Haunted Mansion,TRUE,35,2026-07-25T18:55:36.000Z,2026-07-25 11:55:36,https://queue-times.com/parks/16/queue_times.json
2026-07-25T19:00:16.776Z,2026-07-25 12:00:16,2026-07-25,America/Los_Angeles,disneyland,Disneyland,New Orleans Square,289,Pirates of the Caribbean,FALSE,0,2026-07-25T18:55:36.000Z,2026-07-25 11:55:36,https://queue-times.com/parks/16/queue_times.json
2026-07-25T19:00:16.776Z,2026-07-25 12:00:16,2026-07-25,America/Los_Angeles,disneyland,Disneyland,Star Wars: Galaxy's Edge,6339,Millennium Falcon: Smugglers Run,TRUE,30,2026-07-25T18:55:36.000Z,2026-07-25 11:55:36,https://queue-times.com/parks/16/queue_times.json
2026-07-25T19:00:16.776Z,2026-07-25 12:00:16,2026-07-25,America/Los_Angeles,disneyland,Disneyland,Star Wars: Galaxy's Edge,10903,Millennium Falcon: Smugglers Run Single Rider,TRUE,0,2026-07-25T18:55:36.000Z,2026-07-25 11:55:36,https://queue-times.com/parks/16/queue_times.json
2026-07-25T19:00:16.776Z,2026-07-25 12:00:16,2026-07-25,America/Los_Angeles,disneyland,Disneyland,Star Wars: Galaxy's Edge,6340,Star Wars: Rise of the Resistance,TRUE,40,2026-07-25T18:55:36.000Z,2026-07-25 11:55:36,https://queue-times.com/parks/16/queue_times.json
2026-07-25T19:00:16.776Z,2026-07-25 12:00:16,2026-07-25,America/Los_Angeles,disneyland,Disneyland,Tomorrowland,287,Astro Orbitor,TRUE,40,2026-07-25T18:55:36.000Z,2026-07-25 11:55:36,https://queue-times.com/parks/16/queue_times.json
2026-07-25T19:00:16.776Z,2026-07-25 12:00:16,2026-07-25,America/Los_Angeles,disneyland,Disneyland,Tomorrowland,317,Autopia,TRUE,25,2026-07-25T18:55:36.000Z,2026-07-25 11:55:36,https://queue-times.com/parks/16/queue_times.json
2026-07-25T19:00:16.776Z,2026-07-25 12:00:16,2026-07-25,America/Los_Angeles,disneyland,Disneyland,Tomorrowland,273,Buzz Lightyear Astro Blasters,FALSE,0,2026-07-25T18:55:36.000Z,2026-07-25 11:55:36,https://queue-times.com/parks/16/queue_times.json
2026-07-25T19:00:16.776Z,2026-07-25 12:00:16,2026-07-25,America/Los_Angeles,disneyland,Disneyland,Tomorrowland,274,Disneyland Monorail,TRUE,5,2026-07-25T18:55:36.000Z,2026-07-25 11:55:36,https://queue-times.com/parks/16/queue_times.json
2026-07-25T19:00:16.776Z,2026-07-25 12:00:16,2026-07-25,America/Los_Angeles,disneyland,Disneyland,Tomorrowland,276,Finding Nemo Submarine Voyage,TRUE,30,2026-07-25T18:55:36.000Z,2026-07-25 11:55:36,https://queue-times.com/parks/16/queue_times.json
2026-07-25T19:00:16.776Z,2026-07-25 12:00:16,2026-07-25,America/Los_Angeles,disneyland,Disneyland,Tomorrowland,16627,Pixar Short Film Spotlight,FALSE,0,2026-07-25T18:55:36.000Z,2026-07-25 11:55:36,https://queue-times.com/parks/16/queue_times.json
2026-07-25T19:00:16.776Z,2026-07-25 12:00:16,2026-07-25,America/Los_Angeles,disneyland,Disneyland,Tomorrowland,284,Space Mountain,TRUE,60,2026-07-25T18:55:36.000Z,2026-07-25 11:55:36,https://queue-times.com/parks/16/queue_times.json
2026-07-25T19:00:16.776Z,2026-07-25 12:00:16,2026-07-25,America/Los_Angeles,disneyland,Disneyland,Tomorrowland,286,Star Tours - The Adventures Continue,TRUE,45,2026-07-25T18:55:36.000Z,2026-07-25 11:55:36,https://queue-times.com/parks/16/queue_times.json
2026-07-25T19:00:16.776Z,2026-07-25 12:00:16,2026-07-25,America/Los_Angeles,dca,Disney California Adventure,Avengers Campus,329,Guardians of the Galaxy - Mission: BREAKOUT!,TRUE,40,2026-07-25T18:55:36.000Z,2026-07-25 11:55:36,https://queue-times.com/parks/17/queue_times.json
2026-07-25T19:00:16.776Z,2026-07-25 12:00:16,2026-07-25,America/Los_Angeles,dca,Disney California Adventure,Avengers Campus,8843,WEB SLINGERS: A Spider-Man Adventure,TRUE,55,2026-07-25T18:55:36.000Z,2026-07-25 11:55:36,https://queue-times.com/parks/17/queue_times.json
2026-07-25T19:00:16.776Z,2026-07-25 12:00:16,2026-07-25,America/Los_Angeles,dca,Disney California Adventure,Avengers Campus,10907,WEB SLINGERS: A Spider-Man Adventure Single Rider,TRUE,0,2026-07-25T18:55:36.000Z,2026-07-25 11:55:36,https://queue-times.com/parks/17/queue_times.json
2026-07-25T19:00:16.776Z,2026-07-25 12:00:16,2026-07-25,America/Los_Angeles,dca,Disney California Adventure,Cars Land,13961,Luigi's Rollickin' Roadsters,TRUE,15,2026-07-25T18:55:36.000Z,2026-07-25 11:55:36,https://queue-times.com/parks/17/queue_times.json
2026-07-25T19:00:16.776Z,2026-07-25 12:00:16,2026-07-25,America/Los_Angeles,dca,Disney California Adventure,Cars Land,315,Mater's Junkyard Jamboree,TRUE,45,2026-07-25T18:55:36.000Z,2026-07-25 11:55:36,https://queue-times.com/parks/17/queue_times.json
2026-07-25T19:00:16.776Z,2026-07-25 12:00:16,2026-07-25,America/Los_Angeles,dca,Disney California Adventure,Cars Land,295,Radiator Springs Racers,FALSE,0,2026-07-25T18:55:36.000Z,2026-07-25 11:55:36,https://queue-times.com/parks/17/queue_times.json
2026-07-25T19:00:16.776Z,2026-07-25 12:00:16,2026-07-25,America/Los_Angeles,dca,Disney California Adventure,Cars Land,10904,Radiator Springs Racers Single Rider,FALSE,0,2026-07-25T18:55:36.000Z,2026-07-25 11:55:36,https://queue-times.com/parks/17/queue_times.json
2026-07-25T19:00:16.776Z,2026-07-25 12:00:16,2026-07-25,America/Los_Angeles,dca,Disney California Adventure,Grizzly Peak,302,Grizzly River Run,TRUE,45,2026-07-25T18:55:36.000Z,2026-07-25 11:55:36,https://queue-times.com/parks/17/queue_times.json
2026-07-25T19:00:16.776Z,2026-07-25 12:00:16,2026-07-25,America/Los_Angeles,dca,Disney California Adventure,Grizzly Peak,293,Redwood Creek Challenge Trail,TRUE,5,2026-07-25T18:55:36.000Z,2026-07-25 11:55:36,https://queue-times.com/parks/17/queue_times.json
2026-07-25T19:00:16.776Z,2026-07-25 12:00:16,2026-07-25,America/Los_Angeles,dca,Disney California Adventure,Grizzly Peak,17129,Soarin’ Across America,TRUE,25,2026-07-25T18:55:36.000Z,2026-07-25 11:55:36,https://queue-times.com/parks/17/queue_times.json
2026-07-25T19:00:16.776Z,2026-07-25 12:00:16,2026-07-25,America/Los_Angeles,dca,Disney California Adventure,Hollywood Land,321,Animation Academy,TRUE,0,2026-07-25T18:55:36.000Z,2026-07-25 11:55:36,https://queue-times.com/parks/17/queue_times.json
2026-07-25T19:00:16.776Z,2026-07-25 12:00:16,2026-07-25,America/Los_Angeles,dca,Disney California Adventure,Hollywood Land,6440,Mickey's PhilharMagic,TRUE,10,2026-07-25T18:55:36.000Z,2026-07-25 11:55:36,https://queue-times.com/parks/17/queue_times.json
2026-07-25T19:00:16.776Z,2026-07-25 12:00:16,2026-07-25,America/Los_Angeles,dca,Disney California Adventure,Hollywood Land,291,"Monsters, Inc. Mike & Sulley to the Rescue!",TRUE,40,2026-07-25T18:55:36.000Z,2026-07-25 11:55:36,https://queue-times.com/parks/17/queue_times.json
2026-07-25T19:00:16.776Z,2026-07-25 12:00:16,2026-07-25,America/Los_Angeles,dca,Disney California Adventure,Hollywood Land,868,Sorcerer's Workshop,TRUE,0,2026-07-25T18:55:36.000Z,2026-07-25 11:55:36,https://queue-times.com/parks/17/queue_times.json
2026-07-25T19:00:16.776Z,2026-07-25 12:00:16,2026-07-25,America/Los_Angeles,dca,Disney California Adventure,Hollywood Land,294,Turtle Talk with Crush,TRUE,0,2026-07-25T18:55:36.000Z,2026-07-25 11:55:36,https://queue-times.com/parks/17/queue_times.json
2026-07-25T19:00:16.776Z,2026-07-25 12:00:16,2026-07-25,America/Los_Angeles,dca,Disney California Adventure,Pacific Wharf,869,The Bakery Tour,TRUE,0,2026-07-25T18:55:36.000Z,2026-07-25 11:55:36,https://queue-times.com/parks/17/queue_times.json
2026-07-25T19:00:16.776Z,2026-07-25 12:00:16,2026-07-25,America/Los_Angeles,dca,Disney California Adventure,Paradise Gardens Park,298,Golden Zephyr,TRUE,5,2026-07-25T18:55:36.000Z,2026-07-25 11:55:36,https://queue-times.com/parks/17/queue_times.json
2026-07-25T19:00:16.776Z,2026-07-25 12:00:16,2026-07-25,America/Los_Angeles,dca,Disney California Adventure,Paradise Gardens Park,319,Goofy's Sky School,TRUE,40,2026-07-25T18:55:36.000Z,2026-07-25 11:55:36,https://queue-times.com/parks/17/queue_times.json
2026-07-25T19:00:16.776Z,2026-07-25 12:00:16,2026-07-25,America/Los_Angeles,dca,Disney California Adventure,Paradise Gardens Park,301,Silly Symphony Swings,FALSE,0,2026-07-25T18:55:36.000Z,2026-07-25 11:55:36,https://queue-times.com/parks/17/queue_times.json
2026-07-25T19:00:16.776Z,2026-07-25 12:00:16,2026-07-25,America/Los_Angeles,dca,Disney California Adventure,Paradise Gardens Park,316,The Little Mermaid - Ariel's Undersea Adventure,TRUE,40,2026-07-25T18:55:36.000Z,2026-07-25 11:55:36,https://queue-times.com/parks/17/queue_times.json
2026-07-25T19:00:16.776Z,2026-07-25 12:00:16,2026-07-25,America/Los_Angeles,dca,Disney California Adventure,Paradise Gardens Park,14742,World of Color Happiness!,TRUE,0,2026-07-25T18:55:36.000Z,2026-07-25 11:55:36,https://queue-times.com/parks/17/queue_times.json
2026-07-25T19:00:16.776Z,2026-07-25 12:00:16,2026-07-25,America/Los_Angeles,dca,Disney California Adventure,Pixar Pier,866,Games of Pixar Pier,TRUE,5,2026-07-25T18:55:36.000Z,2026-07-25 11:55:36,https://queue-times.com/parks/17/queue_times.json
2026-07-25T19:00:16.776Z,2026-07-25 12:00:16,2026-07-25,America/Los_Angeles,dca,Disney California Adventure,Pixar Pier,322,Incredicoaster,TRUE,30,2026-07-25T18:55:36.000Z,2026-07-25 11:55:36,https://queue-times.com/parks/17/queue_times.json
2026-07-25T19:00:16.776Z,2026-07-25 12:00:16,2026-07-25,America/Los_Angeles,dca,Disney California Adventure,Pixar Pier,10906,Incredicoaster Single Rider,TRUE,0,2026-07-25T18:55:36.000Z,2026-07-25 11:55:36,https://queue-times.com/parks/17/queue_times.json
2026-07-25T19:00:16.776Z,2026-07-25 12:00:16,2026-07-25,America/Los_Angeles,dca,Disney California Adventure,Pixar Pier,6643,Inside Out Emotional Whirlwind,FALSE,0,2026-07-25T18:55:36.000Z,2026-07-25 11:55:36,https://queue-times.com/parks/17/queue_times.json
2026-07-25T19:00:16.776Z,2026-07-25 12:00:16,2026-07-25,America/Los_Angeles,dca,Disney California Adventure,Pixar Pier,310,Jessie's Critter Carousel,TRUE,5,2026-07-25T18:55:36.000Z,2026-07-25 11:55:36,https://queue-times.com/parks/17/queue_times.json
2026-07-25T19:00:16.776Z,2026-07-25 12:00:16,2026-07-25,America/Los_Angeles,dca,Disney California Adventure,Pixar Pier,300,Jumpin' Jellyfish,TRUE,5,2026-07-25T18:55:36.000Z,2026-07-25 11:55:36,https://queue-times.com/parks/17/queue_times.json
2026-07-25T19:00:16.776Z,2026-07-25 12:00:16,2026-07-25,America/Los_Angeles,dca,Disney California Adventure,Pixar Pier,311,Pixar Pal-A-Round - Swinging,TRUE,25,2026-07-25T18:55:36.000Z,2026-07-25 11:55:36,https://queue-times.com/parks/17/queue_times.json
2026-07-25T19:00:16.776Z,2026-07-25 12:00:16,2026-07-25,America/Los_Angeles,dca,Disney California Adventure,Pixar Pier,5557,Pixar Pal-A-Round – Non-Swinging,TRUE,40,2026-07-25T18:55:36.000Z,2026-07-25 11:55:36,https://queue-times.com/parks/17/queue_times.json
2026-07-25T19:00:16.776Z,2026-07-25 12:00:16,2026-07-25,America/Los_Angeles,dca,Disney California Adventure,Pixar Pier,313,Toy Story Midway Mania!,FALSE,0,2026-07-25T18:55:36.000Z,2026-07-25 11:55:36,https://queue-times.com/parks/17/queue_times.json
2026-07-25T19:15:17.615Z,2026-07-25 12:15:17,2026-07-25,America/Los_Angeles,disneyland,Disneyland,Adventureland,12428,Adventureland Treehouse inspired by Walt Disney’s Swiss Family Robinson,TRUE,0,2026-07-25T19:10:37.000Z,2026-07-25 12:10:37,https://queue-times.com/parks/16/queue_times.json
2026-07-25T19:15:17.615Z,2026-07-25 12:15:17,2026-07-25,America/Los_Angeles,disneyland,Disneyland,Adventureland,326,Indiana Jones™ Adventure,TRUE,40,2026-07-25T19:10:37.000Z,2026-07-25 12:10:37,https://queue-times.com/parks/16/queue_times.json
2026-07-25T19:15:17.615Z,2026-07-25 12:15:17,2026-07-25,America/Los_Angeles,disneyland,Disneyland,Adventureland,296,Jungle Cruise,TRUE,15,2026-07-25T19:10:37.000Z,2026-07-25 12:10:37,https://queue-times.com/parks/16/queue_times.json
2026-07-25T19:15:17.615Z,2026-07-25 12:15:17,2026-07-25,America/Los_Angeles,disneyland,Disneyland,Adventureland,288,Walt Disney's Enchanted Tiki Room,TRUE,0,2026-07-25T19:10:37.000Z,2026-07-25 12:10:37,https://queue-times.com/parks/16/queue_times.json
2026-07-25T19:15:17.615Z,2026-07-25 12:15:17,2026-07-25,America/Los_Angeles,disneyland,Disneyland,Bayou Country,304,Davy Crockett's Explorer Canoes,TRUE,5,2026-07-25T19:10:37.000Z,2026-07-25 12:10:37,https://queue-times.com/parks/16/queue_times.json
2026-07-25T19:15:17.615Z,2026-07-25 12:15:17,2026-07-25,America/Los_Angeles,disneyland,Disneyland,Bayou Country,306,The Many Adventures of Winnie the Pooh,TRUE,15,2026-07-25T19:10:37.000Z,2026-07-25 12:10:37,https://queue-times.com/parks/16/queue_times.json
2026-07-25T19:15:17.615Z,2026-07-25 12:15:17,2026-07-25,America/Los_Angeles,disneyland,Disneyland,Bayou Country,14168,Tiana's Bayou Adventure,TRUE,50,2026-07-25T19:10:37.000Z,2026-07-25 12:10:37,https://queue-times.com/parks/16/queue_times.json
2026-07-25T19:15:17.615Z,2026-07-25 12:15:17,2026-07-25,America/Los_Angeles,disneyland,Disneyland,Bayou Country,14326,Tiana's Bayou Adventure Single Rider,TRUE,0,2026-07-25T19:10:37.000Z,2026-07-25 12:10:37,https://queue-times.com/parks/16/queue_times.json
2026-07-25T19:15:17.615Z,2026-07-25 12:15:17,2026-07-25,America/Los_Angeles,disneyland,Disneyland,Fantasyland,307,"""it's a small world""",TRUE,15,2026-07-25T19:10:37.000Z,2026-07-25 12:10:37,https://queue-times.com/parks/16/queue_times.json
2026-07-25T19:15:17.615Z,2026-07-25 12:15:17,2026-07-25,America/Los_Angeles,disneyland,Disneyland,Fantasyland,285,Alice in Wonderland,TRUE,30,2026-07-25T19:10:37.000Z,2026-07-25 12:10:37,https://queue-times.com/parks/16/queue_times.json
2026-07-25T19:15:17.615Z,2026-07-25 12:15:17,2026-07-25,America/Los_Angeles,disneyland,Disneyland,Fantasyland,16254,Bluey’s Best Day Ever! at Fantasyland Theatre,TRUE,0,2026-07-25T19:10:37.000Z,2026-07-25 12:10:37,https://queue-times.com/parks/16/queue_times.json
2026-07-25T19:15:17.615Z,2026-07-25 12:15:17,2026-07-25,America/Los_Angeles,disneyland,Disneyland,Fantasyland,303,Casey Jr. Circus Train,TRUE,10,2026-07-25T19:10:37.000Z,2026-07-25 12:10:37,https://queue-times.com/parks/16/queue_times.json
2026-07-25T19:15:17.615Z,2026-07-25 12:15:17,2026-07-25,America/Los_Angeles,disneyland,Disneyland,Fantasyland,275,Dumbo the Flying Elephant,TRUE,40,2026-07-25T19:10:37.000Z,2026-07-25 12:10:37,https://queue-times.com/parks/16/queue_times.json
2026-07-25T19:15:17.615Z,2026-07-25 12:15:17,2026-07-25,America/Los_Angeles,disneyland,Disneyland,Fantasyland,277,King Arthur Carrousel,TRUE,5,2026-07-25T19:10:37.000Z,2026-07-25 12:10:37,https://queue-times.com/parks/16/queue_times.json
2026-07-25T19:15:17.615Z,2026-07-25 12:15:17,2026-07-25,America/Los_Angeles,disneyland,Disneyland,Fantasyland,278,Mad Tea Party,FALSE,0,2026-07-25T19:10:37.000Z,2026-07-25 12:10:37,https://queue-times.com/parks/16/queue_times.json
2026-07-25T19:15:17.615Z,2026-07-25 12:15:17,2026-07-25,America/Los_Angeles,disneyland,Disneyland,Fantasyland,279,Matterhorn Bobsleds,TRUE,55,2026-07-25T19:10:37.000Z,2026-07-25 12:10:37,https://queue-times.com/parks/16/queue_times.json
2026-07-25T19:15:17.615Z,2026-07-25 12:15:17,2026-07-25,America/Los_Angeles,disneyland,Disneyland,Fantasyland,6711,Meet Disney Princesses at Royal Hall,TRUE,15,2026-07-25T19:10:37.000Z,2026-07-25 12:10:37,https://queue-times.com/parks/16/queue_times.json
2026-07-25T19:15:17.615Z,2026-07-25 12:15:17,2026-07-25,America/Los_Angeles,disneyland,Disneyland,Fantasyland,280,Mr. Toad's Wild Ride,TRUE,15,2026-07-25T19:10:37.000Z,2026-07-25 12:10:37,https://queue-times.com/parks/16/queue_times.json
2026-07-25T19:15:17.615Z,2026-07-25 12:15:17,2026-07-25,America/Los_Angeles,disneyland,Disneyland,Fantasyland,281,Peter Pan's Flight,TRUE,30,2026-07-25T19:10:37.000Z,2026-07-25 12:10:37,https://queue-times.com/parks/16/queue_times.json
2026-07-25T19:15:17.615Z,2026-07-25 12:15:17,2026-07-25,America/Los_Angeles,disneyland,Disneyland,Fantasyland,282,Pinocchio's Daring Journey,TRUE,10,2026-07-25T19:10:37.000Z,2026-07-25 12:10:37,https://queue-times.com/parks/16/queue_times.json
2026-07-25T19:15:17.615Z,2026-07-25 12:15:17,2026-07-25,America/Los_Angeles,disneyland,Disneyland,Fantasyland,687,Sleeping Beauty Castle Walkthrough,FALSE,0,2026-07-25T19:10:37.000Z,2026-07-25 12:10:37,https://queue-times.com/parks/16/queue_times.json
2026-07-25T19:15:17.615Z,2026-07-25 12:15:17,2026-07-25,America/Los_Angeles,disneyland,Disneyland,Fantasyland,283,Snow White's Enchanted Wish,TRUE,20,2026-07-25T19:10:37.000Z,2026-07-25 12:10:37,https://queue-times.com/parks/16/queue_times.json
2026-07-25T19:15:17.615Z,2026-07-25 12:15:17,2026-07-25,America/Los_Angeles,disneyland,Disneyland,Fantasyland,305,Storybook Land Canal Boats,TRUE,15,2026-07-25T19:10:37.000Z,2026-07-25 12:10:37,https://queue-times.com/parks/16/queue_times.json
2026-07-25T19:15:17.615Z,2026-07-25 12:15:17,2026-07-25,America/Los_Angeles,disneyland,Disneyland,Frontierland,323,Big Thunder Mountain Railroad,TRUE,30,2026-07-25T19:10:37.000Z,2026-07-25 12:10:37,https://queue-times.com/parks/16/queue_times.json
2026-07-25T19:15:17.615Z,2026-07-25 12:15:17,2026-07-25,America/Los_Angeles,disneyland,Disneyland,Frontierland,679,Frontierland Shootin' Exposition,FALSE,0,2026-07-25T19:10:37.000Z,2026-07-25 12:10:37,https://queue-times.com/parks/16/queue_times.json
2026-07-25T19:15:17.615Z,2026-07-25 12:15:17,2026-07-25,America/Los_Angeles,disneyland,Disneyland,Frontierland,456,Mark Twain Riverboat,TRUE,10,2026-07-25T19:10:37.000Z,2026-07-25 12:10:37,https://queue-times.com/parks/16/queue_times.json
2026-07-25T19:15:17.615Z,2026-07-25 12:15:17,2026-07-25,America/Los_Angeles,disneyland,Disneyland,Frontierland,331,Pirate's Lair on Tom Sawyer Island,TRUE,5,2026-07-25T19:10:37.000Z,2026-07-25 12:10:37,https://queue-times.com/parks/16/queue_times.json
2026-07-25T19:15:17.615Z,2026-07-25 12:15:17,2026-07-25,America/Los_Angeles,disneyland,Disneyland,Frontierland,328,Sailing Ship Columbia,TRUE,10,2026-07-25T19:10:37.000Z,2026-07-25 12:10:37,https://queue-times.com/parks/16/queue_times.json
2026-07-25T19:15:17.615Z,2026-07-25 12:15:17,2026-07-25,America/Los_Angeles,disneyland,Disneyland,Main Street U.S.A,674,Disneyland Railroad,TRUE,5,2026-07-25T19:10:37.000Z,2026-07-25 12:10:37,https://queue-times.com/parks/16/queue_times.json
2026-07-25T19:15:17.615Z,2026-07-25 12:15:17,2026-07-25,America/Los_Angeles,disneyland,Disneyland,Main Street U.S.A,690,Great Moments with Mr. Lincoln,TRUE,0,2026-07-25T19:10:37.000Z,2026-07-25 12:10:37,https://queue-times.com/parks/16/queue_times.json
2026-07-25T19:15:17.615Z,2026-07-25 12:15:17,2026-07-25,America/Los_Angeles,disneyland,Disneyland,Main Street U.S.A,686,Main Street Cinema,TRUE,0,2026-07-25T19:10:37.000Z,2026-07-25 12:10:37,https://queue-times.com/parks/16/queue_times.json
2026-07-25T19:15:17.615Z,2026-07-25 12:15:17,2026-07-25,America/Los_Angeles,disneyland,Disneyland,Main Street U.S.A,691,Main Street Vehicles,TRUE,0,2026-07-25T19:10:37.000Z,2026-07-25 12:10:37,https://queue-times.com/parks/16/queue_times.json
2026-07-25T19:15:17.615Z,2026-07-25 12:15:17,2026-07-25,America/Los_Angeles,disneyland,Disneyland,Main Street U.S.A,14915,Opera House - Walt Disney - A Magical Life,TRUE,0,2026-07-25T19:10:37.000Z,2026-07-25 12:10:37,https://queue-times.com/parks/16/queue_times.json
2026-07-25T19:15:17.615Z,2026-07-25 12:15:17,2026-07-25,America/Los_Angeles,disneyland,Disneyland,Main Street U.S.A,695,The Disney Gallery,TRUE,0,2026-07-25T19:10:37.000Z,2026-07-25 12:10:37,https://queue-times.com/parks/16/queue_times.json
2026-07-25T19:15:17.615Z,2026-07-25 12:15:17,2026-07-25,America/Los_Angeles,disneyland,Disneyland,Main Street U.S.A,14923,Walt Disney - A Magical Life,FALSE,0,2026-07-25T19:10:37.000Z,2026-07-25 12:10:37,https://queue-times.com/parks/16/queue_times.json
2026-07-25T19:15:17.615Z,2026-07-25 12:15:17,2026-07-25,America/Los_Angeles,disneyland,Disneyland,Mickey's Toontown,324,Chip 'n' Dale's GADGETcoaster,TRUE,15,2026-07-25T19:10:37.000Z,2026-07-25 12:10:37,https://queue-times.com/parks/16/queue_times.json
2026-07-25T19:15:17.615Z,2026-07-25 12:15:17,2026-07-25,America/Los_Angeles,disneyland,Disneyland,Mickey's Toontown,13814,Donald's Duck Pond,TRUE,0,2026-07-25T19:10:37.000Z,2026-07-25 12:10:37,https://queue-times.com/parks/16/queue_times.json
2026-07-25T19:15:17.615Z,2026-07-25 12:15:17,2026-07-25,America/Los_Angeles,disneyland,Disneyland,Mickey's Toontown,11980,Goofy's How-to-Play Yard,TRUE,0,2026-07-25T19:10:37.000Z,2026-07-25 12:10:37,https://queue-times.com/parks/16/queue_times.json
2026-07-25T19:15:17.615Z,2026-07-25 12:15:17,2026-07-25,America/Los_Angeles,disneyland,Disneyland,Mickey's Toontown,11526,Mickey & Minnie's Runaway Railway,TRUE,35,2026-07-25T19:10:37.000Z,2026-07-25 12:10:37,https://queue-times.com/parks/16/queue_times.json
2026-07-25T19:15:17.615Z,2026-07-25 12:15:17,2026-07-25,America/Los_Angeles,disneyland,Disneyland,Mickey's Toontown,709,Mickey's House and Meet Mickey Mouse,TRUE,5,2026-07-25T19:10:37.000Z,2026-07-25 12:10:37,https://queue-times.com/parks/16/queue_times.json
2026-07-25T19:15:17.615Z,2026-07-25 12:15:17,2026-07-25,America/Los_Angeles,disneyland,Disneyland,Mickey's Toontown,327,Mickey's House and Meet Mickey Mouse,FALSE,0,2026-07-25T19:10:37.000Z,2026-07-25 12:10:37,https://queue-times.com/parks/16/queue_times.json
2026-07-25T19:15:17.615Z,2026-07-25 12:15:17,2026-07-25,America/Los_Angeles,disneyland,Disneyland,Mickey's Toontown,684,Minnie's House,TRUE,0,2026-07-25T19:10:37.000Z,2026-07-25 12:10:37,https://queue-times.com/parks/16/queue_times.json
2026-07-25T19:15:17.615Z,2026-07-25 12:15:17,2026-07-25,America/Los_Angeles,disneyland,Disneyland,Mickey's Toontown,332,Roger Rabbit's Car Toon Spin,TRUE,50,2026-07-25T19:10:37.000Z,2026-07-25 12:10:37,https://queue-times.com/parks/16/queue_times.json
2026-07-25T19:15:17.615Z,2026-07-25 12:15:17,2026-07-25,America/Los_Angeles,disneyland,Disneyland,New Orleans Square,13958,Haunted Mansion,TRUE,30,2026-07-25T19:10:37.000Z,2026-07-25 12:10:37,https://queue-times.com/parks/16/queue_times.json
2026-07-25T19:15:17.615Z,2026-07-25 12:15:17,2026-07-25,America/Los_Angeles,disneyland,Disneyland,New Orleans Square,289,Pirates of the Caribbean,FALSE,0,2026-07-25T19:10:37.000Z,2026-07-25 12:10:37,https://queue-times.com/parks/16/queue_times.json
2026-07-25T19:15:17.615Z,2026-07-25 12:15:17,2026-07-25,America/Los_Angeles,disneyland,Disneyland,Star Wars: Galaxy's Edge,6339,Millennium Falcon: Smugglers Run,TRUE,30,2026-07-25T19:10:37.000Z,2026-07-25 12:10:37,https://queue-times.com/parks/16/queue_times.json
2026-07-25T19:15:17.615Z,2026-07-25 12:15:17,2026-07-25,America/Los_Angeles,disneyland,Disneyland,Star Wars: Galaxy's Edge,10903,Millennium Falcon: Smugglers Run Single Rider,TRUE,0,2026-07-25T19:10:37.000Z,2026-07-25 12:10:37,https://queue-times.com/parks/16/queue_times.json
2026-07-25T19:15:17.615Z,2026-07-25 12:15:17,2026-07-25,America/Los_Angeles,disneyland,Disneyland,Star Wars: Galaxy's Edge,6340,Star Wars: Rise of the Resistance,TRUE,50,2026-07-25T19:10:37.000Z,2026-07-25 12:10:37,https://queue-times.com/parks/16/queue_times.json
2026-07-25T19:15:17.615Z,2026-07-25 12:15:17,2026-07-25,America/Los_Angeles,disneyland,Disneyland,Tomorrowland,287,Astro Orbitor,TRUE,40,2026-07-25T19:10:37.000Z,2026-07-25 12:10:37,https://queue-times.com/parks/16/queue_times.json
2026-07-25T19:15:17.615Z,2026-07-25 12:15:17,2026-07-25,America/Los_Angeles,disneyland,Disneyland,Tomorrowland,317,Autopia,TRUE,30,2026-07-25T19:10:37.000Z,2026-07-25 12:10:37,https://queue-times.com/parks/16/queue_times.json
2026-07-25T19:15:17.615Z,2026-07-25 12:15:17,2026-07-25,America/Los_Angeles,disneyland,Disneyland,Tomorrowland,273,Buzz Lightyear Astro Blasters,FALSE,0,2026-07-25T19:10:37.000Z,2026-07-25 12:10:37,https://queue-times.com/parks/16/queue_times.json
2026-07-25T19:15:17.615Z,2026-07-25 12:15:17,2026-07-25,America/Los_Angeles,disneyland,Disneyland,Tomorrowland,274,Disneyland Monorail,FALSE,0,2026-07-25T19:10:37.000Z,2026-07-25 12:10:37,https://queue-times.com/parks/16/queue_times.json
2026-07-25T19:15:17.615Z,2026-07-25 12:15:17,2026-07-25,America/Los_Angeles,disneyland,Disneyland,Tomorrowland,276,Finding Nemo Submarine Voyage,TRUE,30,2026-07-25T19:10:37.000Z,2026-07-25 12:10:37,https://queue-times.com/parks/16/queue_times.json
2026-07-25T19:15:17.615Z,2026-07-25 12:15:17,2026-07-25,America/Los_Angeles,disneyland,Disneyland,Tomorrowland,16627,Pixar Short Film Spotlight,FALSE,0,2026-07-25T19:10:37.000Z,2026-07-25 12:10:37,https://queue-times.com/parks/16/queue_times.json
2026-07-25T19:15:17.615Z,2026-07-25 12:15:17,2026-07-25,America/Los_Angeles,disneyland,Disneyland,Tomorrowland,284,Space Mountain,TRUE,65,2026-07-25T19:10:37.000Z,2026-07-25 12:10:37,https://queue-times.com/parks/16/queue_times.json
2026-07-25T19:15:17.615Z,2026-07-25 12:15:17,2026-07-25,America/Los_Angeles,disneyland,Disneyland,Tomorrowland,286,Star Tours - The Adventures Continue,TRUE,30,2026-07-25T19:10:37.000Z,2026-07-25 12:10:37,https://queue-times.com/parks/16/queue_times.json
2026-07-25T19:15:17.615Z,2026-07-25 12:15:17,2026-07-25,America/Los_Angeles,dca,Disney California Adventure,Avengers Campus,329,Guardians of the Galaxy - Mission: BREAKOUT!,TRUE,35,2026-07-25T19:10:37.000Z,2026-07-25 12:10:37,https://queue-times.com/parks/17/queue_times.json
2026-07-25T19:15:17.615Z,2026-07-25 12:15:17,2026-07-25,America/Los_Angeles,dca,Disney California Adventure,Avengers Campus,8843,WEB SLINGERS: A Spider-Man Adventure,TRUE,40,2026-07-25T19:10:37.000Z,2026-07-25 12:10:37,https://queue-times.com/parks/17/queue_times.json
2026-07-25T19:15:17.615Z,2026-07-25 12:15:17,2026-07-25,America/Los_Angeles,dca,Disney California Adventure,Avengers Campus,10907,WEB SLINGERS: A Spider-Man Adventure Single Rider,TRUE,0,2026-07-25T19:10:37.000Z,2026-07-25 12:10:37,https://queue-times.com/parks/17/queue_times.json
2026-07-25T19:15:17.615Z,2026-07-25 12:15:17,2026-07-25,America/Los_Angeles,dca,Disney California Adventure,Cars Land,13961,Luigi's Rollickin' Roadsters,TRUE,10,2026-07-25T19:10:37.000Z,2026-07-25 12:10:37,https://queue-times.com/parks/17/queue_times.json
2026-07-25T19:15:17.615Z,2026-07-25 12:15:17,2026-07-25,America/Los_Angeles,dca,Disney California Adventure,Cars Land,315,Mater's Junkyard Jamboree,TRUE,20,2026-07-25T19:10:37.000Z,2026-07-25 12:10:37,https://queue-times.com/parks/17/queue_times.json
2026-07-25T19:15:17.615Z,2026-07-25 12:15:17,2026-07-25,America/Los_Angeles,dca,Disney California Adventure,Cars Land,295,Radiator Springs Racers,TRUE,120,2026-07-25T19:10:37.000Z,2026-07-25 12:10:37,https://queue-times.com/parks/17/queue_times.json
2026-07-25T19:15:17.615Z,2026-07-25 12:15:17,2026-07-25,America/Los_Angeles,dca,Disney California Adventure,Cars Land,10904,Radiator Springs Racers Single Rider,TRUE,0,2026-07-25T19:10:37.000Z,2026-07-25 12:10:37,https://queue-times.com/parks/17/queue_times.json
2026-07-25T19:15:17.615Z,2026-07-25 12:15:17,2026-07-25,America/Los_Angeles,dca,Disney California Adventure,Grizzly Peak,302,Grizzly River Run,TRUE,45,2026-07-25T19:10:37.000Z,2026-07-25 12:10:37,https://queue-times.com/parks/17/queue_times.json
2026-07-25T19:15:17.615Z,2026-07-25 12:15:17,2026-07-25,America/Los_Angeles,dca,Disney California Adventure,Grizzly Peak,293,Redwood Creek Challenge Trail,TRUE,5,2026-07-25T19:10:37.000Z,2026-07-25 12:10:37,https://queue-times.com/parks/17/queue_times.json
2026-07-25T19:15:17.615Z,2026-07-25 12:15:17,2026-07-25,America/Los_Angeles,dca,Disney California Adventure,Grizzly Peak,17129,Soarin’ Across America,TRUE,40,2026-07-25T19:10:37.000Z,2026-07-25 12:10:37,https://queue-times.com/parks/17/queue_times.json
2026-07-25T19:15:17.615Z,2026-07-25 12:15:17,2026-07-25,America/Los_Angeles,dca,Disney California Adventure,Hollywood Land,321,Animation Academy,TRUE,0,2026-07-25T19:10:37.000Z,2026-07-25 12:10:37,https://queue-times.com/parks/17/queue_times.json
2026-07-25T19:15:17.615Z,2026-07-25 12:15:17,2026-07-25,America/Los_Angeles,dca,Disney California Adventure,Hollywood Land,6440,Mickey's PhilharMagic,TRUE,10,2026-07-25T19:10:37.000Z,2026-07-25 12:10:37,https://queue-times.com/parks/17/queue_times.json
2026-07-25T19:15:17.615Z,2026-07-25 12:15:17,2026-07-25,America/Los_Angeles,dca,Disney California Adventure,Hollywood Land,291,"Monsters, Inc. Mike & Sulley to the Rescue!",TRUE,40,2026-07-25T19:10:37.000Z,2026-07-25 12:10:37,https://queue-times.com/parks/17/queue_times.json
2026-07-25T19:15:17.615Z,2026-07-25 12:15:17,2026-07-25,America/Los_Angeles,dca,Disney California Adventure,Hollywood Land,868,Sorcerer's Workshop,TRUE,0,2026-07-25T19:10:37.000Z,2026-07-25 12:10:37,https://queue-times.com/parks/17/queue_times.json
2026-07-25T19:15:17.615Z,2026-07-25 12:15:17,2026-07-25,America/Los_Angeles,dca,Disney California Adventure,Hollywood Land,294,Turtle Talk with Crush,TRUE,0,2026-07-25T19:10:37.000Z,2026-07-25 12:10:37,https://queue-times.com/parks/17/queue_times.json
2026-07-25T19:15:17.615Z,2026-07-25 12:15:17,2026-07-25,America/Los_Angeles,dca,Disney California Adventure,Pacific Wharf,869,The Bakery Tour,TRUE,0,2026-07-25T19:10:37.000Z,2026-07-25 12:10:37,https://queue-times.com/parks/17/queue_times.json
2026-07-25T19:15:17.615Z,2026-07-25 12:15:17,2026-07-25,America/Los_Angeles,dca,Disney California Adventure,Paradise Gardens Park,298,Golden Zephyr,TRUE,5,2026-07-25T19:10:37.000Z,2026-07-25 12:10:37,https://queue-times.com/parks/17/queue_times.json
2026-07-25T19:15:17.615Z,2026-07-25 12:15:17,2026-07-25,America/Los_Angeles,dca,Disney California Adventure,Paradise Gardens Park,319,Goofy's Sky School,TRUE,25,2026-07-25T19:10:37.000Z,2026-07-25 12:10:37,https://queue-times.com/parks/17/queue_times.json
2026-07-25T19:15:17.615Z,2026-07-25 12:15:17,2026-07-25,America/Los_Angeles,dca,Disney California Adventure,Paradise Gardens Park,301,Silly Symphony Swings,FALSE,0,2026-07-25T19:10:37.000Z,2026-07-25 12:10:37,https://queue-times.com/parks/17/queue_times.json
2026-07-25T19:15:17.615Z,2026-07-25 12:15:17,2026-07-25,America/Los_Angeles,dca,Disney California Adventure,Paradise Gardens Park,316,The Little Mermaid - Ariel's Undersea Adventure,TRUE,45,2026-07-25T19:10:37.000Z,2026-07-25 12:10:37,https://queue-times.com/parks/17/queue_times.json
2026-07-25T19:15:17.615Z,2026-07-25 12:15:17,2026-07-25,America/Los_Angeles,dca,Disney California Adventure,Paradise Gardens Park,14742,World of Color Happiness!,TRUE,0,2026-07-25T19:10:37.000Z,2026-07-25 12:10:37,https://queue-times.com/parks/17/queue_times.json
2026-07-25T19:15:17.615Z,2026-07-25 12:15:17,2026-07-25,America/Los_Angeles,dca,Disney California Adventure,Pixar Pier,866,Games of Pixar Pier,TRUE,5,2026-07-25T19:10:37.000Z,2026-07-25 12:10:37,https://queue-times.com/parks/17/queue_times.json
2026-07-25T19:15:17.615Z,2026-07-25 12:15:17,2026-07-25,America/Los_Angeles,dca,Disney California Adventure,Pixar Pier,322,Incredicoaster,TRUE,15,2026-07-25T19:10:37.000Z,2026-07-25 12:10:37,https://queue-times.com/parks/17/queue_times.json
2026-07-25T19:15:17.615Z,2026-07-25 12:15:17,2026-07-25,America/Los_Angeles,dca,Disney California Adventure,Pixar Pier,10906,Incredicoaster Single Rider,TRUE,0,2026-07-25T19:10:37.000Z,2026-07-25 12:10:37,https://queue-times.com/parks/17/queue_times.json
2026-07-25T19:15:17.615Z,2026-07-25 12:15:17,2026-07-25,America/Los_Angeles,dca,Disney California Adventure,Pixar Pier,6643,Inside Out Emotional Whirlwind,TRUE,10,2026-07-25T19:10:37.000Z,2026-07-25 12:10:37,https://queue-times.com/parks/17/queue_times.json
2026-07-25T19:15:17.615Z,2026-07-25 12:15:17,2026-07-25,America/Los_Angeles,dca,Disney California Adventure,Pixar Pier,310,Jessie's Critter Carousel,TRUE,5,2026-07-25T19:10:37.000Z,2026-07-25 12:10:37,https://queue-times.com/parks/17/queue_times.json
2026-07-25T19:15:17.615Z,2026-07-25 12:15:17,2026-07-25,America/Los_Angeles,dca,Disney California Adventure,Pixar Pier,300,Jumpin' Jellyfish,TRUE,5,2026-07-25T19:10:37.000Z,2026-07-25 12:10:37,https://queue-times.com/parks/17/queue_times.json
2026-07-25T19:15:17.615Z,2026-07-25 12:15:17,2026-07-25,America/Los_Angeles,dca,Disney California Adventure,Pixar Pier,311,Pixar Pal-A-Round - Swinging,TRUE,25,2026-07-25T19:10:37.000Z,2026-07-25 12:10:37,https://queue-times.com/parks/17/queue_times.json
2026-07-25T19:15:17.615Z,2026-07-25 12:15:17,2026-07-25,America/Los_Angeles,dca,Disney California Adventure,Pixar Pier,5557,Pixar Pal-A-Round – Non-Swinging,TRUE,40,2026-07-25T19:10:37.000Z,2026-07-25 12:10:37,https://queue-times.com/parks/17/queue_times.json
2026-07-25T19:15:17.615Z,2026-07-25 12:15:17,2026-07-25,America/Los_Angeles,dca,Disney California Adventure,Pixar Pier,313,Toy Story Midway Mania!,FALSE,0,2026-07-25T19:10:37.000Z,2026-07-25 12:10:37,https://queue-times.com/parks/17/queue_times.json
2026-07-25T19:30:15.662Z,2026-07-25 12:30:15,2026-07-25,America/Los_Angeles,disneyland,Disneyland,Adventureland,12428,Adventureland Treehouse inspired by Walt Disney’s Swiss Family Robinson,TRUE,0,2026-07-25T19:25:37.000Z,2026-07-25 12:25:37,https://queue-times.com/parks/16/queue_times.json
2026-07-25T19:30:15.662Z,2026-07-25 12:30:15,2026-07-25,America/Los_Angeles,disneyland,Disneyland,Adventureland,326,Indiana Jones™ Adventure,TRUE,40,2026-07-25T19:25:37.000Z,2026-07-25 12:25:37,https://queue-times.com/parks/16/queue_times.json
2026-07-25T19:30:15.662Z,2026-07-25 12:30:15,2026-07-25,America/Los_Angeles,disneyland,Disneyland,Adventureland,296,Jungle Cruise,TRUE,15,2026-07-25T19:25:37.000Z,2026-07-25 12:25:37,https://queue-times.com/parks/16/queue_times.json
2026-07-25T19:30:15.662Z,2026-07-25 12:30:15,2026-07-25,America/Los_Angeles,disneyland,Disneyland,Adventureland,288,Walt Disney's Enchanted Tiki Room,TRUE,0,2026-07-25T19:25:37.000Z,2026-07-25 12:25:37,https://queue-times.com/parks/16/queue_times.json
2026-07-25T19:30:15.662Z,2026-07-25 12:30:15,2026-07-25,America/Los_Angeles,disneyland,Disneyland,Bayou Country,304,Davy Crockett's Explorer Canoes,TRUE,5,2026-07-25T19:25:37.000Z,2026-07-25 12:25:37,https://queue-times.com/parks/16/queue_times.json
2026-07-25T19:30:15.662Z,2026-07-25 12:30:15,2026-07-25,America/Los_Angeles,disneyland,Disneyland,Bayou Country,306,The Many Adventures of Winnie the Pooh,TRUE,15,2026-07-25T19:25:37.000Z,2026-07-25 12:25:37,https://queue-times.com/parks/16/queue_times.json
2026-07-25T19:30:15.662Z,2026-07-25 12:30:15,2026-07-25,America/Los_Angeles,disneyland,Disneyland,Bayou Country,14168,Tiana's Bayou Adventure,TRUE,70,2026-07-25T19:25:37.000Z,2026-07-25 12:25:37,https://queue-times.com/parks/16/queue_times.json
2026-07-25T19:30:15.662Z,2026-07-25 12:30:15,2026-07-25,America/Los_Angeles,disneyland,Disneyland,Bayou Country,14326,Tiana's Bayou Adventure Single Rider,TRUE,0,2026-07-25T19:25:37.000Z,2026-07-25 12:25:37,https://queue-times.com/parks/16/queue_times.json
2026-07-25T19:30:15.662Z,2026-07-25 12:30:15,2026-07-25,America/Los_Angeles,disneyland,Disneyland,Fantasyland,307,"""it's a small world""",TRUE,15,2026-07-25T19:25:37.000Z,2026-07-25 12:25:37,https://queue-times.com/parks/16/queue_times.json
2026-07-25T19:30:15.662Z,2026-07-25 12:30:15,2026-07-25,America/Los_Angeles,disneyland,Disneyland,Fantasyland,285,Alice in Wonderland,TRUE,30,2026-07-25T19:25:37.000Z,2026-07-25 12:25:37,https://queue-times.com/parks/16/queue_times.json
2026-07-25T19:30:15.662Z,2026-07-25 12:30:15,2026-07-25,America/Los_Angeles,disneyland,Disneyland,Fantasyland,16254,Bluey’s Best Day Ever! at Fantasyland Theatre,TRUE,0,2026-07-25T19:25:37.000Z,2026-07-25 12:25:37,https://queue-times.com/parks/16/queue_times.json
2026-07-25T19:30:15.662Z,2026-07-25 12:30:15,2026-07-25,America/Los_Angeles,disneyland,Disneyland,Fantasyland,303,Casey Jr. Circus Train,TRUE,10,2026-07-25T19:25:37.000Z,2026-07-25 12:25:37,https://queue-times.com/parks/16/queue_times.json
2026-07-25T19:30:15.662Z,2026-07-25 12:30:15,2026-07-25,America/Los_Angeles,disneyland,Disneyland,Fantasyland,275,Dumbo the Flying Elephant,TRUE,25,2026-07-25T19:25:37.000Z,2026-07-25 12:25:37,https://queue-times.com/parks/16/queue_times.json
2026-07-25T19:30:15.662Z,2026-07-25 12:30:15,2026-07-25,America/Los_Angeles,disneyland,Disneyland,Fantasyland,277,King Arthur Carrousel,TRUE,10,2026-07-25T19:25:37.000Z,2026-07-25 12:25:37,https://queue-times.com/parks/16/queue_times.json
2026-07-25T19:30:15.662Z,2026-07-25 12:30:15,2026-07-25,America/Los_Angeles,disneyland,Disneyland,Fantasyland,278,Mad Tea Party,TRUE,10,2026-07-25T19:25:37.000Z,2026-07-25 12:25:37,https://queue-times.com/parks/16/queue_times.json
2026-07-25T19:30:15.662Z,2026-07-25 12:30:15,2026-07-25,America/Los_Angeles,disneyland,Disneyland,Fantasyland,279,Matterhorn Bobsleds,TRUE,45,2026-07-25T19:25:37.000Z,2026-07-25 12:25:37,https://queue-times.com/parks/16/queue_times.json
2026-07-25T19:30:15.662Z,2026-07-25 12:30:15,2026-07-25,America/Los_Angeles,disneyland,Disneyland,Fantasyland,6711,Meet Disney Princesses at Royal Hall,TRUE,15,2026-07-25T19:25:37.000Z,2026-07-25 12:25:37,https://queue-times.com/parks/16/queue_times.json
2026-07-25T19:30:15.662Z,2026-07-25 12:30:15,2026-07-25,America/Los_Angeles,disneyland,Disneyland,Fantasyland,280,Mr. Toad's Wild Ride,TRUE,15,2026-07-25T19:25:37.000Z,2026-07-25 12:25:37,https://queue-times.com/parks/16/queue_times.json
2026-07-25T19:30:15.662Z,2026-07-25 12:30:15,2026-07-25,America/Los_Angeles,disneyland,Disneyland,Fantasyland,281,Peter Pan's Flight,TRUE,30,2026-07-25T19:25:37.000Z,2026-07-25 12:25:37,https://queue-times.com/parks/16/queue_times.json
2026-07-25T19:30:15.662Z,2026-07-25 12:30:15,2026-07-25,America/Los_Angeles,disneyland,Disneyland,Fantasyland,282,Pinocchio's Daring Journey,TRUE,10,2026-07-25T19:25:37.000Z,2026-07-25 12:25:37,https://queue-times.com/parks/16/queue_times.json
2026-07-25T19:30:15.662Z,2026-07-25 12:30:15,2026-07-25,America/Los_Angeles,disneyland,Disneyland,Fantasyland,687,Sleeping Beauty Castle Walkthrough,FALSE,0,2026-07-25T19:25:37.000Z,2026-07-25 12:25:37,https://queue-times.com/parks/16/queue_times.json
2026-07-25T19:30:15.662Z,2026-07-25 12:30:15,2026-07-25,America/Los_Angeles,disneyland,Disneyland,Fantasyland,283,Snow White's Enchanted Wish,TRUE,10,2026-07-25T19:25:37.000Z,2026-07-25 12:25:37,https://queue-times.com/parks/16/queue_times.json
2026-07-25T19:30:15.662Z,2026-07-25 12:30:15,2026-07-25,America/Los_Angeles,disneyland,Disneyland,Fantasyland,305,Storybook Land Canal Boats,TRUE,15,2026-07-25T19:25:37.000Z,2026-07-25 12:25:37,https://queue-times.com/parks/16/queue_times.json
2026-07-25T19:30:15.662Z,2026-07-25 12:30:15,2026-07-25,America/Los_Angeles,disneyland,Disneyland,Frontierland,323,Big Thunder Mountain Railroad,TRUE,15,2026-07-25T19:25:37.000Z,2026-07-25 12:25:37,https://queue-times.com/parks/16/queue_times.json
2026-07-25T19:30:15.662Z,2026-07-25 12:30:15,2026-07-25,America/Los_Angeles,disneyland,Disneyland,Frontierland,679,Frontierland Shootin' Exposition,FALSE,0,2026-07-25T19:25:37.000Z,2026-07-25 12:25:37,https://queue-times.com/parks/16/queue_times.json
2026-07-25T19:30:15.662Z,2026-07-25 12:30:15,2026-07-25,America/Los_Angeles,disneyland,Disneyland,Frontierland,456,Mark Twain Riverboat,TRUE,10,2026-07-25T19:25:37.000Z,2026-07-25 12:25:37,https://queue-times.com/parks/16/queue_times.json
2026-07-25T19:30:15.662Z,2026-07-25 12:30:15,2026-07-25,America/Los_Angeles,disneyland,Disneyland,Frontierland,331,Pirate's Lair on Tom Sawyer Island,TRUE,5,2026-07-25T19:25:37.000Z,2026-07-25 12:25:37,https://queue-times.com/parks/16/queue_times.json
2026-07-25T19:30:15.662Z,2026-07-25 12:30:15,2026-07-25,America/Los_Angeles,disneyland,Disneyland,Frontierland,328,Sailing Ship Columbia,TRUE,10,2026-07-25T19:25:37.000Z,2026-07-25 12:25:37,https://queue-times.com/parks/16/queue_times.json
2026-07-25T19:30:15.662Z,2026-07-25 12:30:15,2026-07-25,America/Los_Angeles,disneyland,Disneyland,Main Street U.S.A,674,Disneyland Railroad,TRUE,5,2026-07-25T19:25:37.000Z,2026-07-25 12:25:37,https://queue-times.com/parks/16/queue_times.json
2026-07-25T19:30:15.662Z,2026-07-25 12:30:15,2026-07-25,America/Los_Angeles,disneyland,Disneyland,Main Street U.S.A,690,Great Moments with Mr. Lincoln,TRUE,0,2026-07-25T19:25:37.000Z,2026-07-25 12:25:37,https://queue-times.com/parks/16/queue_times.json
2026-07-25T19:30:15.662Z,2026-07-25 12:30:15,2026-07-25,America/Los_Angeles,disneyland,Disneyland,Main Street U.S.A,686,Main Street Cinema,TRUE,0,2026-07-25T19:25:37.000Z,2026-07-25 12:25:37,https://queue-times.com/parks/16/queue_times.json
2026-07-25T19:30:15.662Z,2026-07-25 12:30:15,2026-07-25,America/Los_Angeles,disneyland,Disneyland,Main Street U.S.A,691,Main Street Vehicles,TRUE,0,2026-07-25T19:25:37.000Z,2026-07-25 12:25:37,https://queue-times.com/parks/16/queue_times.json
2026-07-25T19:30:15.662Z,2026-07-25 12:30:15,2026-07-25,America/Los_Angeles,disneyland,Disneyland,Main Street U.S.A,14915,Opera House - Walt Disney - A Magical Life,TRUE,0,2026-07-25T19:25:37.000Z,2026-07-25 12:25:37,https://queue-times.com/parks/16/queue_times.json
2026-07-25T19:30:15.662Z,2026-07-25 12:30:15,2026-07-25,America/Los_Angeles,disneyland,Disneyland,Main Street U.S.A,695,The Disney Gallery,TRUE,0,2026-07-25T19:25:37.000Z,2026-07-25 12:25:37,https://queue-times.com/parks/16/queue_times.json
2026-07-25T19:30:15.662Z,2026-07-25 12:30:15,2026-07-25,America/Los_Angeles,disneyland,Disneyland,Main Street U.S.A,14923,Walt Disney - A Magical Life,FALSE,0,2026-07-25T19:25:37.000Z,2026-07-25 12:25:37,https://queue-times.com/parks/16/queue_times.json
2026-07-25T19:30:15.662Z,2026-07-25 12:30:15,2026-07-25,America/Los_Angeles,disneyland,Disneyland,Mickey's Toontown,324,Chip 'n' Dale's GADGETcoaster,TRUE,15,2026-07-25T19:25:37.000Z,2026-07-25 12:25:37,https://queue-times.com/parks/16/queue_times.json
2026-07-25T19:30:15.662Z,2026-07-25 12:30:15,2026-07-25,America/Los_Angeles,disneyland,Disneyland,Mickey's Toontown,13814,Donald's Duck Pond,TRUE,0,2026-07-25T19:25:37.000Z,2026-07-25 12:25:37,https://queue-times.com/parks/16/queue_times.json
2026-07-25T19:30:15.662Z,2026-07-25 12:30:15,2026-07-25,America/Los_Angeles,disneyland,Disneyland,Mickey's Toontown,11980,Goofy's How-to-Play Yard,TRUE,0,2026-07-25T19:25:37.000Z,2026-07-25 12:25:37,https://queue-times.com/parks/16/queue_times.json
2026-07-25T19:30:15.662Z,2026-07-25 12:30:15,2026-07-25,America/Los_Angeles,disneyland,Disneyland,Mickey's Toontown,11526,Mickey & Minnie's Runaway Railway,TRUE,30,2026-07-25T19:25:37.000Z,2026-07-25 12:25:37,https://queue-times.com/parks/16/queue_times.json
2026-07-25T19:30:15.662Z,2026-07-25 12:30:15,2026-07-25,America/Los_Angeles,disneyland,Disneyland,Mickey's Toontown,709,Mickey's House and Meet Mickey Mouse,TRUE,5,2026-07-25T19:25:37.000Z,2026-07-25 12:25:37,https://queue-times.com/parks/16/queue_times.json
2026-07-25T19:30:15.662Z,2026-07-25 12:30:15,2026-07-25,America/Los_Angeles,disneyland,Disneyland,Mickey's Toontown,327,Mickey's House and Meet Mickey Mouse,FALSE,0,2026-07-25T19:25:37.000Z,2026-07-25 12:25:37,https://queue-times.com/parks/16/queue_times.json
2026-07-25T19:30:15.662Z,2026-07-25 12:30:15,2026-07-25,America/Los_Angeles,disneyland,Disneyland,Mickey's Toontown,684,Minnie's House,TRUE,0,2026-07-25T19:25:37.000Z,2026-07-25 12:25:37,https://queue-times.com/parks/16/queue_times.json
2026-07-25T19:30:15.662Z,2026-07-25 12:30:15,2026-07-25,America/Los_Angeles,disneyland,Disneyland,Mickey's Toontown,332,Roger Rabbit's Car Toon Spin,TRUE,40,2026-07-25T19:25:37.000Z,2026-07-25 12:25:37,https://queue-times.com/parks/16/queue_times.json
2026-07-25T19:30:15.662Z,2026-07-25 12:30:15,2026-07-25,America/Los_Angeles,disneyland,Disneyland,New Orleans Square,13958,Haunted Mansion,TRUE,20,2026-07-25T19:25:37.000Z,2026-07-25 12:25:37,https://queue-times.com/parks/16/queue_times.json
2026-07-25T19:30:15.662Z,2026-07-25 12:30:15,2026-07-25,America/Los_Angeles,disneyland,Disneyland,New Orleans Square,289,Pirates of the Caribbean,TRUE,15,2026-07-25T19:25:37.000Z,2026-07-25 12:25:37,https://queue-times.com/parks/16/queue_times.json
2026-07-25T19:30:15.662Z,2026-07-25 12:30:15,2026-07-25,America/Los_Angeles,disneyland,Disneyland,Star Wars: Galaxy's Edge,6339,Millennium Falcon: Smugglers Run,TRUE,10,2026-07-25T19:25:37.000Z,2026-07-25 12:25:37,https://queue-times.com/parks/16/queue_times.json
2026-07-25T19:30:15.662Z,2026-07-25 12:30:15,2026-07-25,America/Los_Angeles,disneyland,Disneyland,Star Wars: Galaxy's Edge,10903,Millennium Falcon: Smugglers Run Single Rider,TRUE,0,2026-07-25T19:25:37.000Z,2026-07-25 12:25:37,https://queue-times.com/parks/16/queue_times.json
2026-07-25T19:30:15.662Z,2026-07-25 12:30:15,2026-07-25,America/Los_Angeles,disneyland,Disneyland,Star Wars: Galaxy's Edge,6340,Star Wars: Rise of the Resistance,TRUE,50,2026-07-25T19:25:37.000Z,2026-07-25 12:25:37,https://queue-times.com/parks/16/queue_times.json
2026-07-25T19:30:15.662Z,2026-07-25 12:30:15,2026-07-25,America/Los_Angeles,disneyland,Disneyland,Tomorrowland,287,Astro Orbitor,TRUE,40,2026-07-25T19:25:37.000Z,2026-07-25 12:25:37,https://queue-times.com/parks/16/queue_times.json
2026-07-25T19:30:15.662Z,2026-07-25 12:30:15,2026-07-25,America/Los_Angeles,disneyland,Disneyland,Tomorrowland,317,Autopia,TRUE,20,2026-07-25T19:25:37.000Z,2026-07-25 12:25:37,https://queue-times.com/parks/16/queue_times.json
2026-07-25T19:30:15.662Z,2026-07-25 12:30:15,2026-07-25,America/Los_Angeles,disneyland,Disneyland,Tomorrowland,273,Buzz Lightyear Astro Blasters,FALSE,0,2026-07-25T19:25:37.000Z,2026-07-25 12:25:37,https://queue-times.com/parks/16/queue_times.json
2026-07-25T19:30:15.662Z,2026-07-25 12:30:15,2026-07-25,America/Los_Angeles,disneyland,Disneyland,Tomorrowland,274,Disneyland Monorail,FALSE,0,2026-07-25T19:25:37.000Z,2026-07-25 12:25:37,https://queue-times.com/parks/16/queue_times.json
2026-07-25T19:30:15.662Z,2026-07-25 12:30:15,2026-07-25,America/Los_Angeles,disneyland,Disneyland,Tomorrowland,276,Finding Nemo Submarine Voyage,TRUE,25,2026-07-25T19:25:37.000Z,2026-07-25 12:25:37,https://queue-times.com/parks/16/queue_times.json
2026-07-25T19:30:15.662Z,2026-07-25 12:30:15,2026-07-25,America/Los_Angeles,disneyland,Disneyland,Tomorrowland,16627,Pixar Short Film Spotlight,FALSE,0,2026-07-25T19:25:37.000Z,2026-07-25 12:25:37,https://queue-times.com/parks/16/queue_times.json
2026-07-25T19:30:15.662Z,2026-07-25 12:30:15,2026-07-25,America/Los_Angeles,disneyland,Disneyland,Tomorrowland,284,Space Mountain,TRUE,65,2026-07-25T19:25:37.000Z,2026-07-25 12:25:37,https://queue-times.com/parks/16/queue_times.json
2026-07-25T19:30:15.662Z,2026-07-25 12:30:15,2026-07-25,America/Los_Angeles,disneyland,Disneyland,Tomorrowland,286,Star Tours - The Adventures Continue,TRUE,25,2026-07-25T19:25:37.000Z,2026-07-25 12:25:37,https://queue-times.com/parks/16/queue_times.json
2026-07-25T19:30:15.662Z,2026-07-25 12:30:15,2026-07-25,America/Los_Angeles,dca,Disney California Adventure,Avengers Campus,329,Guardians of the Galaxy - Mission: BREAKOUT!,TRUE,35,2026-07-25T19:25:37.000Z,2026-07-25 12:25:37,https://queue-times.com/parks/17/queue_times.json
2026-07-25T19:30:15.662Z,2026-07-25 12:30:15,2026-07-25,America/Los_Angeles,dca,Disney California Adventure,Avengers Campus,8843,WEB SLINGERS: A Spider-Man Adventure,TRUE,50,2026-07-25T19:25:37.000Z,2026-07-25 12:25:37,https://queue-times.com/parks/17/queue_times.json
2026-07-25T19:30:15.662Z,2026-07-25 12:30:15,2026-07-25,America/Los_Angeles,dca,Disney California Adventure,Avengers Campus,10907,WEB SLINGERS: A Spider-Man Adventure Single Rider,TRUE,0,2026-07-25T19:25:37.000Z,2026-07-25 12:25:37,https://queue-times.com/parks/17/queue_times.json
2026-07-25T19:30:15.662Z,2026-07-25 12:30:15,2026-07-25,America/Los_Angeles,dca,Disney California Adventure,Cars Land,13961,Luigi's Rollickin' Roadsters,TRUE,5,2026-07-25T19:25:37.000Z,2026-07-25 12:25:37,https://queue-times.com/parks/17/queue_times.json
2026-07-25T19:30:15.662Z,2026-07-25 12:30:15,2026-07-25,America/Los_Angeles,dca,Disney California Adventure,Cars Land,315,Mater's Junkyard Jamboree,TRUE,5,2026-07-25T19:25:37.000Z,2026-07-25 12:25:37,https://queue-times.com/parks/17/queue_times.json
2026-07-25T19:30:15.662Z,2026-07-25 12:30:15,2026-07-25,America/Los_Angeles,dca,Disney California Adventure,Cars Land,295,Radiator Springs Racers,TRUE,120,2026-07-25T19:25:37.000Z,2026-07-25 12:25:37,https://queue-times.com/parks/17/queue_times.json
2026-07-25T19:30:15.662Z,2026-07-25 12:30:15,2026-07-25,America/Los_Angeles,dca,Disney California Adventure,Cars Land,10904,Radiator Springs Racers Single Rider,TRUE,0,2026-07-25T19:25:37.000Z,2026-07-25 12:25:37,https://queue-times.com/parks/17/queue_times.json
2026-07-25T19:30:15.662Z,2026-07-25 12:30:15,2026-07-25,America/Los_Angeles,dca,Disney California Adventure,Grizzly Peak,302,Grizzly River Run,TRUE,45,2026-07-25T19:25:37.000Z,2026-07-25 12:25:37,https://queue-times.com/parks/17/queue_times.json
2026-07-25T19:30:15.662Z,2026-07-25 12:30:15,2026-07-25,America/Los_Angeles,dca,Disney California Adventure,Grizzly Peak,293,Redwood Creek Challenge Trail,TRUE,5,2026-07-25T19:25:37.000Z,2026-07-25 12:25:37,https://queue-times.com/parks/17/queue_times.json
2026-07-25T19:30:15.662Z,2026-07-25 12:30:15,2026-07-25,America/Los_Angeles,dca,Disney California Adventure,Grizzly Peak,17129,Soarin’ Across America,TRUE,45,2026-07-25T19:25:37.000Z,2026-07-25 12:25:37,https://queue-times.com/parks/17/queue_times.json
2026-07-25T19:30:15.662Z,2026-07-25 12:30:15,2026-07-25,America/Los_Angeles,dca,Disney California Adventure,Hollywood Land,321,Animation Academy,TRUE,0,2026-07-25T19:25:37.000Z,2026-07-25 12:25:37,https://queue-times.com/parks/17/queue_times.json
2026-07-25T19:30:15.662Z,2026-07-25 12:30:15,2026-07-25,America/Los_Angeles,dca,Disney California Adventure,Hollywood Land,6440,Mickey's PhilharMagic,TRUE,10,2026-07-25T19:25:37.000Z,2026-07-25 12:25:37,https://queue-times.com/parks/17/queue_times.json
2026-07-25T19:30:15.662Z,2026-07-25 12:30:15,2026-07-25,America/Los_Angeles,dca,Disney California Adventure,Hollywood Land,291,"Monsters, Inc. Mike & Sulley to the Rescue!",TRUE,30,2026-07-25T19:25:37.000Z,2026-07-25 12:25:37,https://queue-times.com/parks/17/queue_times.json
2026-07-25T19:30:15.662Z,2026-07-25 12:30:15,2026-07-25,America/Los_Angeles,dca,Disney California Adventure,Hollywood Land,868,Sorcerer's Workshop,TRUE,0,2026-07-25T19:25:37.000Z,2026-07-25 12:25:37,https://queue-times.com/parks/17/queue_times.json
2026-07-25T19:30:15.662Z,2026-07-25 12:30:15,2026-07-25,America/Los_Angeles,dca,Disney California Adventure,Hollywood Land,294,Turtle Talk with Crush,TRUE,0,2026-07-25T19:25:37.000Z,2026-07-25 12:25:37,https://queue-times.com/parks/17/queue_times.json
2026-07-25T19:30:15.662Z,2026-07-25 12:30:15,2026-07-25,America/Los_Angeles,dca,Disney California Adventure,Pacific Wharf,869,The Bakery Tour,TRUE,0,2026-07-25T19:25:37.000Z,2026-07-25 12:25:37,https://queue-times.com/parks/17/queue_times.json
2026-07-25T19:30:15.662Z,2026-07-25 12:30:15,2026-07-25,America/Los_Angeles,dca,Disney California Adventure,Paradise Gardens Park,298,Golden Zephyr,TRUE,5,2026-07-25T19:25:37.000Z,2026-07-25 12:25:37,https://queue-times.com/parks/17/queue_times.json
2026-07-25T19:30:15.662Z,2026-07-25 12:30:15,2026-07-25,America/Los_Angeles,dca,Disney California Adventure,Paradise Gardens Park,319,Goofy's Sky School,TRUE,25,2026-07-25T19:25:37.000Z,2026-07-25 12:25:37,https://queue-times.com/parks/17/queue_times.json
2026-07-25T19:30:15.662Z,2026-07-25 12:30:15,2026-07-25,America/Los_Angeles,dca,Disney California Adventure,Paradise Gardens Park,301,Silly Symphony Swings,FALSE,0,2026-07-25T19:25:37.000Z,2026-07-25 12:25:37,https://queue-times.com/parks/17/queue_times.json
2026-07-25T19:30:15.662Z,2026-07-25 12:30:15,2026-07-25,America/Los_Angeles,dca,Disney California Adventure,Paradise Gardens Park,316,The Little Mermaid - Ariel's Undersea Adventure,TRUE,30,2026-07-25T19:25:37.000Z,2026-07-25 12:25:37,https://queue-times.com/parks/17/queue_times.json
2026-07-25T19:30:15.662Z,2026-07-25 12:30:15,2026-07-25,America/Los_Angeles,dca,Disney California Adventure,Paradise Gardens Park,14742,World of Color Happiness!,TRUE,0,2026-07-25T19:25:37.000Z,2026-07-25 12:25:37,https://queue-times.com/parks/17/queue_times.json
2026-07-25T19:30:15.662Z,2026-07-25 12:30:15,2026-07-25,America/Los_Angeles,dca,Disney California Adventure,Pixar Pier,866,Games of Pixar Pier,TRUE,5,2026-07-25T19:25:37.000Z,2026-07-25 12:25:37,https://queue-times.com/parks/17/queue_times.json
2026-07-25T19:30:15.662Z,2026-07-25 12:30:15,2026-07-25,America/Los_Angeles,dca,Disney California Adventure,Pixar Pier,322,Incredicoaster,TRUE,35,2026-07-25T19:25:37.000Z,2026-07-25 12:25:37,https://queue-times.com/parks/17/queue_times.json
2026-07-25T19:30:15.662Z,2026-07-25 12:30:15,2026-07-25,America/Los_Angeles,dca,Disney California Adventure,Pixar Pier,10906,Incredicoaster Single Rider,TRUE,0,2026-07-25T19:25:37.000Z,2026-07-25 12:25:37,https://queue-times.com/parks/17/queue_times.json
2026-07-25T19:30:15.662Z,2026-07-25 12:30:15,2026-07-25,America/Los_Angeles,dca,Disney California Adventure,Pixar Pier,6643,Inside Out Emotional Whirlwind,TRUE,10,2026-07-25T19:25:37.000Z,2026-07-25 12:25:37,https://queue-times.com/parks/17/queue_times.json
2026-07-25T19:30:15.662Z,2026-07-25 12:30:15,2026-07-25,America/Los_Angeles,dca,Disney California Adventure,Pixar Pier,310,Jessie's Critter Carousel,TRUE,5,2026-07-25T19:25:37.000Z,2026-07-25 12:25:37,https://queue-times.com/parks/17/queue_times.json
2026-07-25T19:30:15.662Z,2026-07-25 12:30:15,2026-07-25,America/Los_Angeles,dca,Disney California Adventure,Pixar Pier,300,Jumpin' Jellyfish,TRUE,5,2026-07-25T19:25:37.000Z,2026-07-25 12:25:37,https://queue-times.com/parks/17/queue_times.json
2026-07-25T19:30:15.662Z,2026-07-25 12:30:15,2026-07-25,America/Los_Angeles,dca,Disney California Adventure,Pixar Pier,311,Pixar Pal-A-Round - Swinging,TRUE,25,2026-07-25T19:25:37.000Z,2026-07-25 12:25:37,https://queue-times.com/parks/17/queue_times.json
2026-07-25T19:30:15.662Z,2026-07-25 12:30:15,2026-07-25,America/Los_Angeles,dca,Disney California Adventure,Pixar Pier,5557,Pixar Pal-A-Round – Non-Swinging,TRUE,40,2026-07-25T19:25:37.000Z,2026-07-25 12:25:37,https://queue-times.com/parks/17/queue_times.json
2026-07-25T19:30:15.662Z,2026-07-25 12:30:15,2026-07-25,America/Los_Angeles,dca,Disney California Adventure,Pixar Pier,313,Toy Story Midway Mania!,FALSE,0,2026-07-25T19:25:37.000Z,2026-07-25 12:25:37,https://queue-times.com/parks/17/queue_times.json
2026-07-25T19:45:17.789Z,2026-07-25 12:45:17,2026-07-25,America/Los_Angeles,disneyland,Disneyland,Adventureland,12428,Adventureland Treehouse inspired by Walt Disney’s Swiss Family Robinson,TRUE,0,2026-07-25T19:40:31.000Z,2026-07-25 12:40:31,https://queue-times.com/parks/16/queue_times.json
2026-07-25T19:45:17.789Z,2026-07-25 12:45:17,2026-07-25,America/Los_Angeles,disneyland,Disneyland,Adventureland,326,Indiana Jones™ Adventure,TRUE,40,2026-07-25T19:40:31.000Z,2026-07-25 12:40:31,https://queue-times.com/parks/16/queue_times.json
2026-07-25T19:45:17.789Z,2026-07-25 12:45:17,2026-07-25,America/Los_Angeles,disneyland,Disneyland,Adventureland,296,Jungle Cruise,TRUE,15,2026-07-25T19:40:31.000Z,2026-07-25 12:40:31,https://queue-times.com/parks/16/queue_times.json
2026-07-25T19:45:17.789Z,2026-07-25 12:45:17,2026-07-25,America/Los_Angeles,disneyland,Disneyland,Adventureland,288,Walt Disney's Enchanted Tiki Room,TRUE,0,2026-07-25T19:40:31.000Z,2026-07-25 12:40:31,https://queue-times.com/parks/16/queue_times.json
2026-07-25T19:45:17.789Z,2026-07-25 12:45:17,2026-07-25,America/Los_Angeles,disneyland,Disneyland,Bayou Country,304,Davy Crockett's Explorer Canoes,TRUE,5,2026-07-25T19:40:31.000Z,2026-07-25 12:40:31,https://queue-times.com/parks/16/queue_times.json
2026-07-25T19:45:17.789Z,2026-07-25 12:45:17,2026-07-25,America/Los_Angeles,disneyland,Disneyland,Bayou Country,306,The Many Adventures of Winnie the Pooh,TRUE,15,2026-07-25T19:40:31.000Z,2026-07-25 12:40:31,https://queue-times.com/parks/16/queue_times.json
2026-07-25T19:45:17.789Z,2026-07-25 12:45:17,2026-07-25,America/Los_Angeles,disneyland,Disneyland,Bayou Country,14168,Tiana's Bayou Adventure,TRUE,70,2026-07-25T19:40:31.000Z,2026-07-25 12:40:31,https://queue-times.com/parks/16/queue_times.json
2026-07-25T19:45:17.789Z,2026-07-25 12:45:17,2026-07-25,America/Los_Angeles,disneyland,Disneyland,Bayou Country,14326,Tiana's Bayou Adventure Single Rider,TRUE,0,2026-07-25T19:40:31.000Z,2026-07-25 12:40:31,https://queue-times.com/parks/16/queue_times.json
2026-07-25T19:45:17.789Z,2026-07-25 12:45:17,2026-07-25,America/Los_Angeles,disneyland,Disneyland,Fantasyland,307,"""it's a small world""",TRUE,15,2026-07-25T19:40:31.000Z,2026-07-25 12:40:31,https://queue-times.com/parks/16/queue_times.json
2026-07-25T19:45:17.789Z,2026-07-25 12:45:17,2026-07-25,America/Los_Angeles,disneyland,Disneyland,Fantasyland,285,Alice in Wonderland,TRUE,30,2026-07-25T19:40:31.000Z,2026-07-25 12:40:31,https://queue-times.com/parks/16/queue_times.json
2026-07-25T19:45:17.789Z,2026-07-25 12:45:17,2026-07-25,America/Los_Angeles,disneyland,Disneyland,Fantasyland,16254,Bluey’s Best Day Ever! at Fantasyland Theatre,TRUE,0,2026-07-25T19:40:31.000Z,2026-07-25 12:40:31,https://queue-times.com/parks/16/queue_times.json
2026-07-25T19:45:17.789Z,2026-07-25 12:45:17,2026-07-25,America/Los_Angeles,disneyland,Disneyland,Fantasyland,303,Casey Jr. Circus Train,TRUE,10,2026-07-25T19:40:31.000Z,2026-07-25 12:40:31,https://queue-times.com/parks/16/queue_times.json
2026-07-25T19:45:17.789Z,2026-07-25 12:45:17,2026-07-25,America/Los_Angeles,disneyland,Disneyland,Fantasyland,275,Dumbo the Flying Elephant,TRUE,20,2026-07-25T19:40:31.000Z,2026-07-25 12:40:31,https://queue-times.com/parks/16/queue_times.json
2026-07-25T19:45:17.789Z,2026-07-25 12:45:17,2026-07-25,America/Los_Angeles,disneyland,Disneyland,Fantasyland,277,King Arthur Carrousel,TRUE,10,2026-07-25T19:40:31.000Z,2026-07-25 12:40:31,https://queue-times.com/parks/16/queue_times.json
2026-07-25T19:45:17.789Z,2026-07-25 12:45:17,2026-07-25,America/Los_Angeles,disneyland,Disneyland,Fantasyland,278,Mad Tea Party,TRUE,10,2026-07-25T19:40:31.000Z,2026-07-25 12:40:31,https://queue-times.com/parks/16/queue_times.json
2026-07-25T19:45:17.789Z,2026-07-25 12:45:17,2026-07-25,America/Los_Angeles,disneyland,Disneyland,Fantasyland,279,Matterhorn Bobsleds,TRUE,30,2026-07-25T19:40:31.000Z,2026-07-25 12:40:31,https://queue-times.com/parks/16/queue_times.json
2026-07-25T19:45:17.789Z,2026-07-25 12:45:17,2026-07-25,America/Los_Angeles,disneyland,Disneyland,Fantasyland,6711,Meet Disney Princesses at Royal Hall,TRUE,15,2026-07-25T19:40:31.000Z,2026-07-25 12:40:31,https://queue-times.com/parks/16/queue_times.json
2026-07-25T19:45:17.789Z,2026-07-25 12:45:17,2026-07-25,America/Los_Angeles,disneyland,Disneyland,Fantasyland,280,Mr. Toad's Wild Ride,TRUE,15,2026-07-25T19:40:31.000Z,2026-07-25 12:40:31,https://queue-times.com/parks/16/queue_times.json
2026-07-25T19:45:17.789Z,2026-07-25 12:45:17,2026-07-25,America/Los_Angeles,disneyland,Disneyland,Fantasyland,281,Peter Pan's Flight,TRUE,30,2026-07-25T19:40:31.000Z,2026-07-25 12:40:31,https://queue-times.com/parks/16/queue_times.json
2026-07-25T19:45:17.789Z,2026-07-25 12:45:17,2026-07-25,America/Los_Angeles,disneyland,Disneyland,Fantasyland,282,Pinocchio's Daring Journey,TRUE,10,2026-07-25T19:40:31.000Z,2026-07-25 12:40:31,https://queue-times.com/parks/16/queue_times.json
2026-07-25T19:45:17.789Z,2026-07-25 12:45:17,2026-07-25,America/Los_Angeles,disneyland,Disneyland,Fantasyland,687,Sleeping Beauty Castle Walkthrough,FALSE,0,2026-07-25T19:40:31.000Z,2026-07-25 12:40:31,https://queue-times.com/parks/16/queue_times.json
2026-07-25T19:45:17.789Z,2026-07-25 12:45:17,2026-07-25,America/Los_Angeles,disneyland,Disneyland,Fantasyland,283,Snow White's Enchanted Wish,TRUE,10,2026-07-25T19:40:31.000Z,2026-07-25 12:40:31,https://queue-times.com/parks/16/queue_times.json
2026-07-25T19:45:17.789Z,2026-07-25 12:45:17,2026-07-25,America/Los_Angeles,disneyland,Disneyland,Fantasyland,305,Storybook Land Canal Boats,TRUE,15,2026-07-25T19:40:31.000Z,2026-07-25 12:40:31,https://queue-times.com/parks/16/queue_times.json
2026-07-25T19:45:17.789Z,2026-07-25 12:45:17,2026-07-25,America/Los_Angeles,disneyland,Disneyland,Frontierland,323,Big Thunder Mountain Railroad,TRUE,30,2026-07-25T19:40:31.000Z,2026-07-25 12:40:31,https://queue-times.com/parks/16/queue_times.json
2026-07-25T19:45:17.789Z,2026-07-25 12:45:17,2026-07-25,America/Los_Angeles,disneyland,Disneyland,Frontierland,679,Frontierland Shootin' Exposition,FALSE,0,2026-07-25T19:40:31.000Z,2026-07-25 12:40:31,https://queue-times.com/parks/16/queue_times.json
2026-07-25T19:45:17.789Z,2026-07-25 12:45:17,2026-07-25,America/Los_Angeles,disneyland,Disneyland,Frontierland,456,Mark Twain Riverboat,TRUE,10,2026-07-25T19:40:31.000Z,2026-07-25 12:40:31,https://queue-times.com/parks/16/queue_times.json
2026-07-25T19:45:17.789Z,2026-07-25 12:45:17,2026-07-25,America/Los_Angeles,disneyland,Disneyland,Frontierland,331,Pirate's Lair on Tom Sawyer Island,TRUE,5,2026-07-25T19:40:31.000Z,2026-07-25 12:40:31,https://queue-times.com/parks/16/queue_times.json
2026-07-25T19:45:17.789Z,2026-07-25 12:45:17,2026-07-25,America/Los_Angeles,disneyland,Disneyland,Frontierland,328,Sailing Ship Columbia,TRUE,10,2026-07-25T19:40:31.000Z,2026-07-25 12:40:31,https://queue-times.com/parks/16/queue_times.json
2026-07-25T19:45:17.789Z,2026-07-25 12:45:17,2026-07-25,America/Los_Angeles,disneyland,Disneyland,Main Street U.S.A,674,Disneyland Railroad,TRUE,5,2026-07-25T19:40:31.000Z,2026-07-25 12:40:31,https://queue-times.com/parks/16/queue_times.json
2026-07-25T19:45:17.789Z,2026-07-25 12:45:17,2026-07-25,America/Los_Angeles,disneyland,Disneyland,Main Street U.S.A,690,Great Moments with Mr. Lincoln,TRUE,0,2026-07-25T19:40:31.000Z,2026-07-25 12:40:31,https://queue-times.com/parks/16/queue_times.json
2026-07-25T19:45:17.789Z,2026-07-25 12:45:17,2026-07-25,America/Los_Angeles,disneyland,Disneyland,Main Street U.S.A,686,Main Street Cinema,TRUE,0,2026-07-25T19:40:31.000Z,2026-07-25 12:40:31,https://queue-times.com/parks/16/queue_times.json
2026-07-25T19:45:17.789Z,2026-07-25 12:45:17,2026-07-25,America/Los_Angeles,disneyland,Disneyland,Main Street U.S.A,691,Main Street Vehicles,TRUE,0,2026-07-25T19:40:31.000Z,2026-07-25 12:40:31,https://queue-times.com/parks/16/queue_times.json
2026-07-25T19:45:17.789Z,2026-07-25 12:45:17,2026-07-25,America/Los_Angeles,disneyland,Disneyland,Main Street U.S.A,14915,Opera House - Walt Disney - A Magical Life,TRUE,0,2026-07-25T19:40:31.000Z,2026-07-25 12:40:31,https://queue-times.com/parks/16/queue_times.json
2026-07-25T19:45:17.789Z,2026-07-25 12:45:17,2026-07-25,America/Los_Angeles,disneyland,Disneyland,Main Street U.S.A,695,The Disney Gallery,TRUE,0,2026-07-25T19:40:31.000Z,2026-07-25 12:40:31,https://queue-times.com/parks/16/queue_times.json
2026-07-25T19:45:17.789Z,2026-07-25 12:45:17,2026-07-25,America/Los_Angeles,disneyland,Disneyland,Main Street U.S.A,14923,Walt Disney - A Magical Life,FALSE,0,2026-07-25T19:40:31.000Z,2026-07-25 12:40:31,https://queue-times.com/parks/16/queue_times.json
2026-07-25T19:45:17.789Z,2026-07-25 12:45:17,2026-07-25,America/Los_Angeles,disneyland,Disneyland,Mickey's Toontown,324,Chip 'n' Dale's GADGETcoaster,TRUE,15,2026-07-25T19:40:31.000Z,2026-07-25 12:40:31,https://queue-times.com/parks/16/queue_times.json
2026-07-25T19:45:17.789Z,2026-07-25 12:45:17,2026-07-25,America/Los_Angeles,disneyland,Disneyland,Mickey's Toontown,13814,Donald's Duck Pond,TRUE,0,2026-07-25T19:40:31.000Z,2026-07-25 12:40:31,https://queue-times.com/parks/16/queue_times.json
2026-07-25T19:45:17.789Z,2026-07-25 12:45:17,2026-07-25,America/Los_Angeles,disneyland,Disneyland,Mickey's Toontown,11980,Goofy's How-to-Play Yard,TRUE,0,2026-07-25T19:40:31.000Z,2026-07-25 12:40:31,https://queue-times.com/parks/16/queue_times.json
2026-07-25T19:45:17.789Z,2026-07-25 12:45:17,2026-07-25,America/Los_Angeles,disneyland,Disneyland,Mickey's Toontown,11526,Mickey & Minnie's Runaway Railway,TRUE,30,2026-07-25T19:40:31.000Z,2026-07-25 12:40:31,https://queue-times.com/parks/16/queue_times.json
2026-07-25T19:45:17.789Z,2026-07-25 12:45:17,2026-07-25,America/Los_Angeles,disneyland,Disneyland,Mickey's Toontown,709,Mickey's House and Meet Mickey Mouse,TRUE,5,2026-07-25T19:40:31.000Z,2026-07-25 12:40:31,https://queue-times.com/parks/16/queue_times.json
2026-07-25T19:45:17.789Z,2026-07-25 12:45:17,2026-07-25,America/Los_Angeles,disneyland,Disneyland,Mickey's Toontown,327,Mickey's House and Meet Mickey Mouse,FALSE,0,2026-07-25T19:40:31.000Z,2026-07-25 12:40:31,https://queue-times.com/parks/16/queue_times.json
2026-07-25T19:45:17.789Z,2026-07-25 12:45:17,2026-07-25,America/Los_Angeles,disneyland,Disneyland,Mickey's Toontown,684,Minnie's House,TRUE,0,2026-07-25T19:40:31.000Z,2026-07-25 12:40:31,https://queue-times.com/parks/16/queue_times.json
2026-07-25T19:45:17.789Z,2026-07-25 12:45:17,2026-07-25,America/Los_Angeles,disneyland,Disneyland,Mickey's Toontown,332,Roger Rabbit's Car Toon Spin,TRUE,40,2026-07-25T19:40:31.000Z,2026-07-25 12:40:31,https://queue-times.com/parks/16/queue_times.json
2026-07-25T19:45:17.789Z,2026-07-25 12:45:17,2026-07-25,America/Los_Angeles,disneyland,Disneyland,New Orleans Square,13958,Haunted Mansion,TRUE,30,2026-07-25T19:40:31.000Z,2026-07-25 12:40:31,https://queue-times.com/parks/16/queue_times.json
2026-07-25T19:45:17.789Z,2026-07-25 12:45:17,2026-07-25,America/Los_Angeles,disneyland,Disneyland,New Orleans Square,289,Pirates of the Caribbean,TRUE,25,2026-07-25T19:40:31.000Z,2026-07-25 12:40:31,https://queue-times.com/parks/16/queue_times.json
2026-07-25T19:45:17.789Z,2026-07-25 12:45:17,2026-07-25,America/Los_Angeles,disneyland,Disneyland,Star Wars: Galaxy's Edge,6339,Millennium Falcon: Smugglers Run,TRUE,10,2026-07-25T19:40:31.000Z,2026-07-25 12:40:31,https://queue-times.com/parks/16/queue_times.json
2026-07-25T19:45:17.789Z,2026-07-25 12:45:17,2026-07-25,America/Los_Angeles,disneyland,Disneyland,Star Wars: Galaxy's Edge,10903,Millennium Falcon: Smugglers Run Single Rider,TRUE,0,2026-07-25T19:40:31.000Z,2026-07-25 12:40:31,https://queue-times.com/parks/16/queue_times.json
2026-07-25T19:45:17.789Z,2026-07-25 12:45:17,2026-07-25,America/Los_Angeles,disneyland,Disneyland,Star Wars: Galaxy's Edge,6340,Star Wars: Rise of the Resistance,TRUE,40,2026-07-25T19:40:31.000Z,2026-07-25 12:40:31,https://queue-times.com/parks/16/queue_times.json
2026-07-25T19:45:17.789Z,2026-07-25 12:45:17,2026-07-25,America/Los_Angeles,disneyland,Disneyland,Tomorrowland,287,Astro Orbitor,TRUE,40,2026-07-25T19:40:31.000Z,2026-07-25 12:40:31,https://queue-times.com/parks/16/queue_times.json
2026-07-25T19:45:17.789Z,2026-07-25 12:45:17,2026-07-25,America/Los_Angeles,disneyland,Disneyland,Tomorrowland,317,Autopia,TRUE,20,2026-07-25T19:40:31.000Z,2026-07-25 12:40:31,https://queue-times.com/parks/16/queue_times.json
2026-07-25T19:45:17.789Z,2026-07-25 12:45:17,2026-07-25,America/Los_Angeles,disneyland,Disneyland,Tomorrowland,273,Buzz Lightyear Astro Blasters,FALSE,0,2026-07-25T19:40:31.000Z,2026-07-25 12:40:31,https://queue-times.com/parks/16/queue_times.json
2026-07-25T19:45:17.789Z,2026-07-25 12:45:17,2026-07-25,America/Los_Angeles,disneyland,Disneyland,Tomorrowland,274,Disneyland Monorail,FALSE,0,2026-07-25T19:40:31.000Z,2026-07-25 12:40:31,https://queue-times.com/parks/16/queue_times.json
2026-07-25T19:45:17.789Z,2026-07-25 12:45:17,2026-07-25,America/Los_Angeles,disneyland,Disneyland,Tomorrowland,276,Finding Nemo Submarine Voyage,TRUE,25,2026-07-25T19:40:31.000Z,2026-07-25 12:40:31,https://queue-times.com/parks/16/queue_times.json
2026-07-25T19:45:17.789Z,2026-07-25 12:45:17,2026-07-25,America/Los_Angeles,disneyland,Disneyland,Tomorrowland,16627,Pixar Short Film Spotlight,FALSE,0,2026-07-25T19:40:31.000Z,2026-07-25 12:40:31,https://queue-times.com/parks/16/queue_times.json
2026-07-25T19:45:17.789Z,2026-07-25 12:45:17,2026-07-25,America/Los_Angeles,disneyland,Disneyland,Tomorrowland,284,Space Mountain,TRUE,45,2026-07-25T19:40:31.000Z,2026-07-25 12:40:31,https://queue-times.com/parks/16/queue_times.json
2026-07-25T19:45:17.789Z,2026-07-25 12:45:17,2026-07-25,America/Los_Angeles,disneyland,Disneyland,Tomorrowland,286,Star Tours - The Adventures Continue,TRUE,25,2026-07-25T19:40:31.000Z,2026-07-25 12:40:31,https://queue-times.com/parks/16/queue_times.json
2026-07-25T19:45:17.789Z,2026-07-25 12:45:17,2026-07-25,America/Los_Angeles,dca,Disney California Adventure,Avengers Campus,329,Guardians of the Galaxy - Mission: BREAKOUT!,TRUE,40,2026-07-25T19:40:41.000Z,2026-07-25 12:40:41,https://queue-times.com/parks/17/queue_times.json
2026-07-25T19:45:17.789Z,2026-07-25 12:45:17,2026-07-25,America/Los_Angeles,dca,Disney California Adventure,Avengers Campus,8843,WEB SLINGERS: A Spider-Man Adventure,TRUE,50,2026-07-25T19:40:41.000Z,2026-07-25 12:40:41,https://queue-times.com/parks/17/queue_times.json
2026-07-25T19:45:17.789Z,2026-07-25 12:45:17,2026-07-25,America/Los_Angeles,dca,Disney California Adventure,Avengers Campus,10907,WEB SLINGERS: A Spider-Man Adventure Single Rider,TRUE,0,2026-07-25T19:40:41.000Z,2026-07-25 12:40:41,https://queue-times.com/parks/17/queue_times.json
2026-07-25T19:45:17.789Z,2026-07-25 12:45:17,2026-07-25,America/Los_Angeles,dca,Disney California Adventure,Cars Land,13961,Luigi's Rollickin' Roadsters,TRUE,5,2026-07-25T19:40:41.000Z,2026-07-25 12:40:41,https://queue-times.com/parks/17/queue_times.json
2026-07-25T19:45:17.789Z,2026-07-25 12:45:17,2026-07-25,America/Los_Angeles,dca,Disney California Adventure,Cars Land,315,Mater's Junkyard Jamboree,TRUE,10,2026-07-25T19:40:41.000Z,2026-07-25 12:40:41,https://queue-times.com/parks/17/queue_times.json
2026-07-25T19:45:17.789Z,2026-07-25 12:45:17,2026-07-25,America/Los_Angeles,dca,Disney California Adventure,Cars Land,295,Radiator Springs Racers,TRUE,80,2026-07-25T19:40:41.000Z,2026-07-25 12:40:41,https://queue-times.com/parks/17/queue_times.json
2026-07-25T19:45:17.789Z,2026-07-25 12:45:17,2026-07-25,America/Los_Angeles,dca,Disney California Adventure,Cars Land,10904,Radiator Springs Racers Single Rider,TRUE,0,2026-07-25T19:40:41.000Z,2026-07-25 12:40:41,https://queue-times.com/parks/17/queue_times.json
2026-07-25T19:45:17.789Z,2026-07-25 12:45:17,2026-07-25,America/Los_Angeles,dca,Disney California Adventure,Grizzly Peak,302,Grizzly River Run,TRUE,45,2026-07-25T19:40:41.000Z,2026-07-25 12:40:41,https://queue-times.com/parks/17/queue_times.json
2026-07-25T19:45:17.789Z,2026-07-25 12:45:17,2026-07-25,America/Los_Angeles,dca,Disney California Adventure,Grizzly Peak,293,Redwood Creek Challenge Trail,TRUE,5,2026-07-25T19:40:41.000Z,2026-07-25 12:40:41,https://queue-times.com/parks/17/queue_times.json
2026-07-25T19:45:17.789Z,2026-07-25 12:45:17,2026-07-25,America/Los_Angeles,dca,Disney California Adventure,Grizzly Peak,17129,Soarin’ Across America,TRUE,45,2026-07-25T19:40:41.000Z,2026-07-25 12:40:41,https://queue-times.com/parks/17/queue_times.json
2026-07-25T19:45:17.789Z,2026-07-25 12:45:17,2026-07-25,America/Los_Angeles,dca,Disney California Adventure,Hollywood Land,321,Animation Academy,TRUE,0,2026-07-25T19:40:41.000Z,2026-07-25 12:40:41,https://queue-times.com/parks/17/queue_times.json
2026-07-25T19:45:17.789Z,2026-07-25 12:45:17,2026-07-25,America/Los_Angeles,dca,Disney California Adventure,Hollywood Land,6440,Mickey's PhilharMagic,TRUE,10,2026-07-25T19:40:41.000Z,2026-07-25 12:40:41,https://queue-times.com/parks/17/queue_times.json
2026-07-25T19:45:17.789Z,2026-07-25 12:45:17,2026-07-25,America/Los_Angeles,dca,Disney California Adventure,Hollywood Land,291,"Monsters, Inc. Mike & Sulley to the Rescue!",TRUE,30,2026-07-25T19:40:41.000Z,2026-07-25 12:40:41,https://queue-times.com/parks/17/queue_times.json
2026-07-25T19:45:17.789Z,2026-07-25 12:45:17,2026-07-25,America/Los_Angeles,dca,Disney California Adventure,Hollywood Land,868,Sorcerer's Workshop,TRUE,0,2026-07-25T19:40:41.000Z,2026-07-25 12:40:41,https://queue-times.com/parks/17/queue_times.json
2026-07-25T19:45:17.789Z,2026-07-25 12:45:17,2026-07-25,America/Los_Angeles,dca,Disney California Adventure,Hollywood Land,294,Turtle Talk with Crush,TRUE,0,2026-07-25T19:40:41.000Z,2026-07-25 12:40:41,https://queue-times.com/parks/17/queue_times.json
2026-07-25T19:45:17.789Z,2026-07-25 12:45:17,2026-07-25,America/Los_Angeles,dca,Disney California Adventure,Pacific Wharf,869,The Bakery Tour,TRUE,0,2026-07-25T19:40:41.000Z,2026-07-25 12:40:41,https://queue-times.com/parks/17/queue_times.json
2026-07-25T19:45:17.789Z,2026-07-25 12:45:17,2026-07-25,America/Los_Angeles,dca,Disney California Adventure,Paradise Gardens Park,298,Golden Zephyr,TRUE,5,2026-07-25T19:40:41.000Z,2026-07-25 12:40:41,https://queue-times.com/parks/17/queue_times.json
2026-07-25T19:45:17.789Z,2026-07-25 12:45:17,2026-07-25,America/Los_Angeles,dca,Disney California Adventure,Paradise Gardens Park,319,Goofy's Sky School,TRUE,35,2026-07-25T19:40:41.000Z,2026-07-25 12:40:41,https://queue-times.com/parks/17/queue_times.json
2026-07-25T19:45:17.789Z,2026-07-25 12:45:17,2026-07-25,America/Los_Angeles,dca,Disney California Adventure,Paradise Gardens Park,301,Silly Symphony Swings,FALSE,0,2026-07-25T19:40:41.000Z,2026-07-25 12:40:41,https://queue-times.com/parks/17/queue_times.json
2026-07-25T19:45:17.789Z,2026-07-25 12:45:17,2026-07-25,America/Los_Angeles,dca,Disney California Adventure,Paradise Gardens Park,316,The Little Mermaid - Ariel's Undersea Adventure,TRUE,30,2026-07-25T19:40:41.000Z,2026-07-25 12:40:41,https://queue-times.com/parks/17/queue_times.json
2026-07-25T19:45:17.789Z,2026-07-25 12:45:17,2026-07-25,America/Los_Angeles,dca,Disney California Adventure,Paradise Gardens Park,14742,World of Color Happiness!,TRUE,0,2026-07-25T19:40:41.000Z,2026-07-25 12:40:41,https://queue-times.com/parks/17/queue_times.json
2026-07-25T19:45:17.789Z,2026-07-25 12:45:17,2026-07-25,America/Los_Angeles,dca,Disney California Adventure,Pixar Pier,866,Games of Pixar Pier,TRUE,5,2026-07-25T19:40:41.000Z,2026-07-25 12:40:41,https://queue-times.com/parks/17/queue_times.json
2026-07-25T19:45:17.789Z,2026-07-25 12:45:17,2026-07-25,America/Los_Angeles,dca,Disney California Adventure,Pixar Pier,322,Incredicoaster,TRUE,25,2026-07-25T19:40:41.000Z,2026-07-25 12:40:41,https://queue-times.com/parks/17/queue_times.json
2026-07-25T19:45:17.789Z,2026-07-25 12:45:17,2026-07-25,America/Los_Angeles,dca,Disney California Adventure,Pixar Pier,10906,Incredicoaster Single Rider,TRUE,0,2026-07-25T19:40:41.000Z,2026-07-25 12:40:41,https://queue-times.com/parks/17/queue_times.json
2026-07-25T19:45:17.789Z,2026-07-25 12:45:17,2026-07-25,America/Los_Angeles,dca,Disney California Adventure,Pixar Pier,6643,Inside Out Emotional Whirlwind,TRUE,10,2026-07-25T19:40:41.000Z,2026-07-25 12:40:41,https://queue-times.com/parks/17/queue_times.json
2026-07-25T19:45:17.789Z,2026-07-25 12:45:17,2026-07-25,America/Los_Angeles,dca,Disney California Adventure,Pixar Pier,310,Jessie's Critter Carousel,TRUE,5,2026-07-25T19:40:41.000Z,2026-07-25 12:40:41,https://queue-times.com/parks/17/queue_times.json
2026-07-25T19:45:17.789Z,2026-07-25 12:45:17,2026-07-25,America/Los_Angeles,dca,Disney California Adventure,Pixar Pier,300,Jumpin' Jellyfish,TRUE,5,2026-07-25T19:40:41.000Z,2026-07-25 12:40:41,https://queue-times.com/parks/17/queue_times.json
2026-07-25T19:45:17.789Z,2026-07-25 12:45:17,2026-07-25,America/Los_Angeles,dca,Disney California Adventure,Pixar Pier,311,Pixar Pal-A-Round - Swinging,TRUE,15,2026-07-25T19:40:41.000Z,2026-07-25 12:40:41,https://queue-times.com/parks/17/queue_times.json
2026-07-25T19:45:17.789Z,2026-07-25 12:45:17,2026-07-25,America/Los_Angeles,dca,Disney California Adventure,Pixar Pier,5557,Pixar Pal-A-Round – Non-Swinging,TRUE,20,2026-07-25T19:40:41.000Z,2026-07-25 12:40:41,https://queue-times.com/parks/17/queue_times.json
2026-07-25T19:45:17.789Z,2026-07-25 12:45:17,2026-07-25,America/Los_Angeles,dca,Disney California Adventure,Pixar Pier,313,Toy Story Midway Mania!,FALSE,0,2026-07-25T19:40:41.000Z,2026-07-25 12:40:41,https://queue-times.com/parks/17/queue_times.json
2026-07-25T19:51:31.941Z,2026-07-25 12:51:31,2026-07-25,America/Los_Angeles,disneyland,Disneyland,Adventureland,12428,Adventureland Treehouse inspired by Walt Disney’s Swiss Family Robinson,TRUE,0,2026-07-25T19:50:34.000Z,2026-07-25 12:50:34,https://queue-times.com/parks/16/queue_times.json
2026-07-25T19:51:31.941Z,2026-07-25 12:51:31,2026-07-25,America/Los_Angeles,disneyland,Disneyland,Adventureland,326,Indiana Jones™ Adventure,TRUE,45,2026-07-25T19:50:34.000Z,2026-07-25 12:50:34,https://queue-times.com/parks/16/queue_times.json
2026-07-25T19:51:31.941Z,2026-07-25 12:51:31,2026-07-25,America/Los_Angeles,disneyland,Disneyland,Adventureland,296,Jungle Cruise,TRUE,15,2026-07-25T19:50:34.000Z,2026-07-25 12:50:34,https://queue-times.com/parks/16/queue_times.json
2026-07-25T19:51:31.941Z,2026-07-25 12:51:31,2026-07-25,America/Los_Angeles,disneyland,Disneyland,Adventureland,288,Walt Disney's Enchanted Tiki Room,TRUE,0,2026-07-25T19:50:34.000Z,2026-07-25 12:50:34,https://queue-times.com/parks/16/queue_times.json
2026-07-25T19:51:31.941Z,2026-07-25 12:51:31,2026-07-25,America/Los_Angeles,disneyland,Disneyland,Bayou Country,304,Davy Crockett's Explorer Canoes,TRUE,5,2026-07-25T19:50:34.000Z,2026-07-25 12:50:34,https://queue-times.com/parks/16/queue_times.json
2026-07-25T19:51:31.941Z,2026-07-25 12:51:31,2026-07-25,America/Los_Angeles,disneyland,Disneyland,Bayou Country,306,The Many Adventures of Winnie the Pooh,TRUE,15,2026-07-25T19:50:34.000Z,2026-07-25 12:50:34,https://queue-times.com/parks/16/queue_times.json
2026-07-25T19:51:31.941Z,2026-07-25 12:51:31,2026-07-25,America/Los_Angeles,disneyland,Disneyland,Bayou Country,14168,Tiana's Bayou Adventure,TRUE,60,2026-07-25T19:50:34.000Z,2026-07-25 12:50:34,https://queue-times.com/parks/16/queue_times.json
2026-07-25T19:51:31.941Z,2026-07-25 12:51:31,2026-07-25,America/Los_Angeles,disneyland,Disneyland,Bayou Country,14326,Tiana's Bayou Adventure Single Rider,TRUE,0,2026-07-25T19:50:34.000Z,2026-07-25 12:50:34,https://queue-times.com/parks/16/queue_times.json
2026-07-25T19:51:31.941Z,2026-07-25 12:51:31,2026-07-25,America/Los_Angeles,disneyland,Disneyland,Fantasyland,307,"""it's a small world""",TRUE,15,2026-07-25T19:50:34.000Z,2026-07-25 12:50:34,https://queue-times.com/parks/16/queue_times.json
2026-07-25T19:51:31.941Z,2026-07-25 12:51:31,2026-07-25,America/Los_Angeles,disneyland,Disneyland,Fantasyland,285,Alice in Wonderland,TRUE,30,2026-07-25T19:50:34.000Z,2026-07-25 12:50:34,https://queue-times.com/parks/16/queue_times.json
2026-07-25T19:51:31.941Z,2026-07-25 12:51:31,2026-07-25,America/Los_Angeles,disneyland,Disneyland,Fantasyland,16254,Bluey’s Best Day Ever! at Fantasyland Theatre,TRUE,0,2026-07-25T19:50:34.000Z,2026-07-25 12:50:34,https://queue-times.com/parks/16/queue_times.json
2026-07-25T19:51:31.941Z,2026-07-25 12:51:31,2026-07-25,America/Los_Angeles,disneyland,Disneyland,Fantasyland,303,Casey Jr. Circus Train,TRUE,10,2026-07-25T19:50:34.000Z,2026-07-25 12:50:34,https://queue-times.com/parks/16/queue_times.json
2026-07-25T19:51:31.941Z,2026-07-25 12:51:31,2026-07-25,America/Los_Angeles,disneyland,Disneyland,Fantasyland,275,Dumbo the Flying Elephant,TRUE,20,2026-07-25T19:50:34.000Z,2026-07-25 12:50:34,https://queue-times.com/parks/16/queue_times.json
2026-07-25T19:51:31.941Z,2026-07-25 12:51:31,2026-07-25,America/Los_Angeles,disneyland,Disneyland,Fantasyland,277,King Arthur Carrousel,TRUE,10,2026-07-25T19:50:34.000Z,2026-07-25 12:50:34,https://queue-times.com/parks/16/queue_times.json
2026-07-25T19:51:31.941Z,2026-07-25 12:51:31,2026-07-25,America/Los_Angeles,disneyland,Disneyland,Fantasyland,278,Mad Tea Party,TRUE,10,2026-07-25T19:50:34.000Z,2026-07-25 12:50:34,https://queue-times.com/parks/16/queue_times.json
2026-07-25T19:51:31.941Z,2026-07-25 12:51:31,2026-07-25,America/Los_Angeles,disneyland,Disneyland,Fantasyland,279,Matterhorn Bobsleds,TRUE,15,2026-07-25T19:50:34.000Z,2026-07-25 12:50:34,https://queue-times.com/parks/16/queue_times.json
2026-07-25T19:51:31.941Z,2026-07-25 12:51:31,2026-07-25,America/Los_Angeles,disneyland,Disneyland,Fantasyland,6711,Meet Disney Princesses at Royal Hall,TRUE,15,2026-07-25T19:50:34.000Z,2026-07-25 12:50:34,https://queue-times.com/parks/16/queue_times.json
2026-07-25T19:51:31.941Z,2026-07-25 12:51:31,2026-07-25,America/Los_Angeles,disneyland,Disneyland,Fantasyland,280,Mr. Toad's Wild Ride,TRUE,15,2026-07-25T19:50:34.000Z,2026-07-25 12:50:34,https://queue-times.com/parks/16/queue_times.json
2026-07-25T19:51:31.941Z,2026-07-25 12:51:31,2026-07-25,America/Los_Angeles,disneyland,Disneyland,Fantasyland,281,Peter Pan's Flight,TRUE,30,2026-07-25T19:50:34.000Z,2026-07-25 12:50:34,https://queue-times.com/parks/16/queue_times.json
2026-07-25T19:51:31.941Z,2026-07-25 12:51:31,2026-07-25,America/Los_Angeles,disneyland,Disneyland,Fantasyland,282,Pinocchio's Daring Journey,TRUE,10,2026-07-25T19:50:34.000Z,2026-07-25 12:50:34,https://queue-times.com/parks/16/queue_times.json
2026-07-25T19:51:31.941Z,2026-07-25 12:51:31,2026-07-25,America/Los_Angeles,disneyland,Disneyland,Fantasyland,687,Sleeping Beauty Castle Walkthrough,FALSE,0,2026-07-25T19:50:34.000Z,2026-07-25 12:50:34,https://queue-times.com/parks/16/queue_times.json
2026-07-25T19:51:31.941Z,2026-07-25 12:51:31,2026-07-25,America/Los_Angeles,disneyland,Disneyland,Fantasyland,283,Snow White's Enchanted Wish,TRUE,10,2026-07-25T19:50:34.000Z,2026-07-25 12:50:34,https://queue-times.com/parks/16/queue_times.json
2026-07-25T19:51:31.941Z,2026-07-25 12:51:31,2026-07-25,America/Los_Angeles,disneyland,Disneyland,Fantasyland,305,Storybook Land Canal Boats,TRUE,15,2026-07-25T19:50:34.000Z,2026-07-25 12:50:34,https://queue-times.com/parks/16/queue_times.json
2026-07-25T19:51:31.941Z,2026-07-25 12:51:31,2026-07-25,America/Los_Angeles,disneyland,Disneyland,Frontierland,323,Big Thunder Mountain Railroad,TRUE,30,2026-07-25T19:50:34.000Z,2026-07-25 12:50:34,https://queue-times.com/parks/16/queue_times.json
2026-07-25T19:51:31.941Z,2026-07-25 12:51:31,2026-07-25,America/Los_Angeles,disneyland,Disneyland,Frontierland,679,Frontierland Shootin' Exposition,FALSE,0,2026-07-25T19:50:34.000Z,2026-07-25 12:50:34,https://queue-times.com/parks/16/queue_times.json
2026-07-25T19:51:31.941Z,2026-07-25 12:51:31,2026-07-25,America/Los_Angeles,disneyland,Disneyland,Frontierland,456,Mark Twain Riverboat,TRUE,10,2026-07-25T19:50:34.000Z,2026-07-25 12:50:34,https://queue-times.com/parks/16/queue_times.json
2026-07-25T19:51:31.941Z,2026-07-25 12:51:31,2026-07-25,America/Los_Angeles,disneyland,Disneyland,Frontierland,331,Pirate's Lair on Tom Sawyer Island,TRUE,5,2026-07-25T19:50:34.000Z,2026-07-25 12:50:34,https://queue-times.com/parks/16/queue_times.json
2026-07-25T19:51:31.941Z,2026-07-25 12:51:31,2026-07-25,America/Los_Angeles,disneyland,Disneyland,Frontierland,328,Sailing Ship Columbia,TRUE,10,2026-07-25T19:50:34.000Z,2026-07-25 12:50:34,https://queue-times.com/parks/16/queue_times.json
2026-07-25T19:51:31.941Z,2026-07-25 12:51:31,2026-07-25,America/Los_Angeles,disneyland,Disneyland,Main Street U.S.A,674,Disneyland Railroad,TRUE,5,2026-07-25T19:50:34.000Z,2026-07-25 12:50:34,https://queue-times.com/parks/16/queue_times.json
2026-07-25T19:51:31.941Z,2026-07-25 12:51:31,2026-07-25,America/Los_Angeles,disneyland,Disneyland,Main Street U.S.A,690,Great Moments with Mr. Lincoln,TRUE,0,2026-07-25T19:50:34.000Z,2026-07-25 12:50:34,https://queue-times.com/parks/16/queue_times.json
2026-07-25T19:51:31.941Z,2026-07-25 12:51:31,2026-07-25,America/Los_Angeles,disneyland,Disneyland,Main Street U.S.A,686,Main Street Cinema,TRUE,0,2026-07-25T19:50:34.000Z,2026-07-25 12:50:34,https://queue-times.com/parks/16/queue_times.json
2026-07-25T19:51:31.941Z,2026-07-25 12:51:31,2026-07-25,America/Los_Angeles,disneyland,Disneyland,Main Street U.S.A,691,Main Street Vehicles,TRUE,0,2026-07-25T19:50:34.000Z,2026-07-25 12:50:34,https://queue-times.com/parks/16/queue_times.json
2026-07-25T19:51:31.941Z,2026-07-25 12:51:31,2026-07-25,America/Los_Angeles,disneyland,Disneyland,Main Street U.S.A,14915,Opera House - Walt Disney - A Magical Life,TRUE,0,2026-07-25T19:50:34.000Z,2026-07-25 12:50:34,https://queue-times.com/parks/16/queue_times.json
2026-07-25T19:51:31.941Z,2026-07-25 12:51:31,2026-07-25,America/Los_Angeles,disneyland,Disneyland,Main Street U.S.A,695,The Disney Gallery,TRUE,0,2026-07-25T19:50:34.000Z,2026-07-25 12:50:34,https://queue-times.com/parks/16/queue_times.json
2026-07-25T19:51:31.941Z,2026-07-25 12:51:31,2026-07-25,America/Los_Angeles,disneyland,Disneyland,Main Street U.S.A,14923,Walt Disney - A Magical Life,FALSE,0,2026-07-25T19:50:34.000Z,2026-07-25 12:50:34,https://queue-times.com/parks/16/queue_times.json
2026-07-25T19:51:31.941Z,2026-07-25 12:51:31,2026-07-25,America/Los_Angeles,disneyland,Disneyland,Mickey's Toontown,324,Chip 'n' Dale's GADGETcoaster,TRUE,15,2026-07-25T19:50:34.000Z,2026-07-25 12:50:34,https://queue-times.com/parks/16/queue_times.json
2026-07-25T19:51:31.941Z,2026-07-25 12:51:31,2026-07-25,America/Los_Angeles,disneyland,Disneyland,Mickey's Toontown,13814,Donald's Duck Pond,TRUE,0,2026-07-25T19:50:34.000Z,2026-07-25 12:50:34,https://queue-times.com/parks/16/queue_times.json
2026-07-25T19:51:31.941Z,2026-07-25 12:51:31,2026-07-25,America/Los_Angeles,disneyland,Disneyland,Mickey's Toontown,11980,Goofy's How-to-Play Yard,TRUE,0,2026-07-25T19:50:34.000Z,2026-07-25 12:50:34,https://queue-times.com/parks/16/queue_times.json
2026-07-25T19:51:31.941Z,2026-07-25 12:51:31,2026-07-25,America/Los_Angeles,disneyland,Disneyland,Mickey's Toontown,11526,Mickey & Minnie's Runaway Railway,TRUE,25,2026-07-25T19:50:34.000Z,2026-07-25 12:50:34,https://queue-times.com/parks/16/queue_times.json
2026-07-25T19:51:31.941Z,2026-07-25 12:51:31,2026-07-25,America/Los_Angeles,disneyland,Disneyland,Mickey's Toontown,709,Mickey's House and Meet Mickey Mouse,TRUE,5,2026-07-25T19:50:34.000Z,2026-07-25 12:50:34,https://queue-times.com/parks/16/queue_times.json
2026-07-25T19:51:31.941Z,2026-07-25 12:51:31,2026-07-25,America/Los_Angeles,disneyland,Disneyland,Mickey's Toontown,327,Mickey's House and Meet Mickey Mouse,FALSE,0,2026-07-25T19:50:34.000Z,2026-07-25 12:50:34,https://queue-times.com/parks/16/queue_times.json
2026-07-25T19:51:31.941Z,2026-07-25 12:51:31,2026-07-25,America/Los_Angeles,disneyland,Disneyland,Mickey's Toontown,684,Minnie's House,TRUE,0,2026-07-25T19:50:34.000Z,2026-07-25 12:50:34,https://queue-times.com/parks/16/queue_times.json
2026-07-25T19:51:31.941Z,2026-07-25 12:51:31,2026-07-25,America/Los_Angeles,disneyland,Disneyland,Mickey's Toontown,332,Roger Rabbit's Car Toon Spin,TRUE,40,2026-07-25T19:50:34.000Z,2026-07-25 12:50:34,https://queue-times.com/parks/16/queue_times.json
2026-07-25T19:51:31.941Z,2026-07-25 12:51:31,2026-07-25,America/Los_Angeles,disneyland,Disneyland,New Orleans Square,13958,Haunted Mansion,TRUE,30,2026-07-25T19:50:34.000Z,2026-07-25 12:50:34,https://queue-times.com/parks/16/queue_times.json
2026-07-25T19:51:31.941Z,2026-07-25 12:51:31,2026-07-25,America/Los_Angeles,disneyland,Disneyland,New Orleans Square,289,Pirates of the Caribbean,TRUE,35,2026-07-25T19:50:34.000Z,2026-07-25 12:50:34,https://queue-times.com/parks/16/queue_times.json
2026-07-25T19:51:31.941Z,2026-07-25 12:51:31,2026-07-25,America/Los_Angeles,disneyland,Disneyland,Star Wars: Galaxy's Edge,6339,Millennium Falcon: Smugglers Run,TRUE,10,2026-07-25T19:50:34.000Z,2026-07-25 12:50:34,https://queue-times.com/parks/16/queue_times.json
2026-07-25T19:51:31.941Z,2026-07-25 12:51:31,2026-07-25,America/Los_Angeles,disneyland,Disneyland,Star Wars: Galaxy's Edge,10903,Millennium Falcon: Smugglers Run Single Rider,TRUE,0,2026-07-25T19:50:34.000Z,2026-07-25 12:50:34,https://queue-times.com/parks/16/queue_times.json
2026-07-25T19:51:31.941Z,2026-07-25 12:51:31,2026-07-25,America/Los_Angeles,disneyland,Disneyland,Star Wars: Galaxy's Edge,6340,Star Wars: Rise of the Resistance,TRUE,40,2026-07-25T19:50:34.000Z,2026-07-25 12:50:34,https://queue-times.com/parks/16/queue_times.json
2026-07-25T19:51:31.941Z,2026-07-25 12:51:31,2026-07-25,America/Los_Angeles,disneyland,Disneyland,Tomorrowland,287,Astro Orbitor,TRUE,40,2026-07-25T19:50:34.000Z,2026-07-25 12:50:34,https://queue-times.com/parks/16/queue_times.json
2026-07-25T19:51:31.941Z,2026-07-25 12:51:31,2026-07-25,America/Los_Angeles,disneyland,Disneyland,Tomorrowland,317,Autopia,TRUE,25,2026-07-25T19:50:34.000Z,2026-07-25 12:50:34,https://queue-times.com/parks/16/queue_times.json
2026-07-25T19:51:31.941Z,2026-07-25 12:51:31,2026-07-25,America/Los_Angeles,disneyland,Disneyland,Tomorrowland,273,Buzz Lightyear Astro Blasters,FALSE,0,2026-07-25T19:50:34.000Z,2026-07-25 12:50:34,https://queue-times.com/parks/16/queue_times.json
2026-07-25T19:51:31.941Z,2026-07-25 12:51:31,2026-07-25,America/Los_Angeles,disneyland,Disneyland,Tomorrowland,274,Disneyland Monorail,FALSE,0,2026-07-25T19:50:34.000Z,2026-07-25 12:50:34,https://queue-times.com/parks/16/queue_times.json
2026-07-25T19:51:31.941Z,2026-07-25 12:51:31,2026-07-25,America/Los_Angeles,disneyland,Disneyland,Tomorrowland,276,Finding Nemo Submarine Voyage,TRUE,25,2026-07-25T19:50:34.000Z,2026-07-25 12:50:34,https://queue-times.com/parks/16/queue_times.json
2026-07-25T19:51:31.941Z,2026-07-25 12:51:31,2026-07-25,America/Los_Angeles,disneyland,Disneyland,Tomorrowland,16627,Pixar Short Film Spotlight,FALSE,0,2026-07-25T19:50:34.000Z,2026-07-25 12:50:34,https://queue-times.com/parks/16/queue_times.json
2026-07-25T19:51:31.941Z,2026-07-25 12:51:31,2026-07-25,America/Los_Angeles,disneyland,Disneyland,Tomorrowland,284,Space Mountain,TRUE,45,2026-07-25T19:50:34.000Z,2026-07-25 12:50:34,https://queue-times.com/parks/16/queue_times.json
2026-07-25T19:51:31.941Z,2026-07-25 12:51:31,2026-07-25,America/Los_Angeles,disneyland,Disneyland,Tomorrowland,286,Star Tours - The Adventures Continue,TRUE,20,2026-07-25T19:50:34.000Z,2026-07-25 12:50:34,https://queue-times.com/parks/16/queue_times.json
2026-07-25T19:51:31.941Z,2026-07-25 12:51:31,2026-07-25,America/Los_Angeles,dca,Disney California Adventure,Avengers Campus,329,Guardians of the Galaxy - Mission: BREAKOUT!,TRUE,50,2026-07-25T19:50:45.000Z,2026-07-25 12:50:45,https://queue-times.com/parks/17/queue_times.json
2026-07-25T19:51:31.941Z,2026-07-25 12:51:31,2026-07-25,America/Los_Angeles,dca,Disney California Adventure,Avengers Campus,8843,WEB SLINGERS: A Spider-Man Adventure,TRUE,50,2026-07-25T19:50:45.000Z,2026-07-25 12:50:45,https://queue-times.com/parks/17/queue_times.json
2026-07-25T19:51:31.941Z,2026-07-25 12:51:31,2026-07-25,America/Los_Angeles,dca,Disney California Adventure,Avengers Campus,10907,WEB SLINGERS: A Spider-Man Adventure Single Rider,TRUE,0,2026-07-25T19:50:45.000Z,2026-07-25 12:50:45,https://queue-times.com/parks/17/queue_times.json
2026-07-25T19:51:31.941Z,2026-07-25 12:51:31,2026-07-25,America/Los_Angeles,dca,Disney California Adventure,Cars Land,13961,Luigi's Rollickin' Roadsters,TRUE,15,2026-07-25T19:50:45.000Z,2026-07-25 12:50:45,https://queue-times.com/parks/17/queue_times.json
2026-07-25T19:51:31.941Z,2026-07-25 12:51:31,2026-07-25,America/Los_Angeles,dca,Disney California Adventure,Cars Land,315,Mater's Junkyard Jamboree,TRUE,10,2026-07-25T19:50:45.000Z,2026-07-25 12:50:45,https://queue-times.com/parks/17/queue_times.json
2026-07-25T19:51:31.941Z,2026-07-25 12:51:31,2026-07-25,America/Los_Angeles,dca,Disney California Adventure,Cars Land,295,Radiator Springs Racers,TRUE,80,2026-07-25T19:50:45.000Z,2026-07-25 12:50:45,https://queue-times.com/parks/17/queue_times.json
2026-07-25T19:51:31.941Z,2026-07-25 12:51:31,2026-07-25,America/Los_Angeles,dca,Disney California Adventure,Cars Land,10904,Radiator Springs Racers Single Rider,TRUE,0,2026-07-25T19:50:45.000Z,2026-07-25 12:50:45,https://queue-times.com/parks/17/queue_times.json
2026-07-25T19:51:31.941Z,2026-07-25 12:51:31,2026-07-25,America/Los_Angeles,dca,Disney California Adventure,Grizzly Peak,302,Grizzly River Run,TRUE,40,2026-07-25T19:50:45.000Z,2026-07-25 12:50:45,https://queue-times.com/parks/17/queue_times.json
2026-07-25T19:51:31.941Z,2026-07-25 12:51:31,2026-07-25,America/Los_Angeles,dca,Disney California Adventure,Grizzly Peak,293,Redwood Creek Challenge Trail,TRUE,5,2026-07-25T19:50:45.000Z,2026-07-25 12:50:45,https://queue-times.com/parks/17/queue_times.json
2026-07-25T19:51:31.941Z,2026-07-25 12:51:31,2026-07-25,America/Los_Angeles,dca,Disney California Adventure,Grizzly Peak,17129,Soarin’ Across America,TRUE,45,2026-07-25T19:50:45.000Z,2026-07-25 12:50:45,https://queue-times.com/parks/17/queue_times.json
2026-07-25T19:51:31.941Z,2026-07-25 12:51:31,2026-07-25,America/Los_Angeles,dca,Disney California Adventure,Hollywood Land,321,Animation Academy,TRUE,0,2026-07-25T19:50:45.000Z,2026-07-25 12:50:45,https://queue-times.com/parks/17/queue_times.json
2026-07-25T19:51:31.941Z,2026-07-25 12:51:31,2026-07-25,America/Los_Angeles,dca,Disney California Adventure,Hollywood Land,6440,Mickey's PhilharMagic,TRUE,10,2026-07-25T19:50:45.000Z,2026-07-25 12:50:45,https://queue-times.com/parks/17/queue_times.json
2026-07-25T19:51:31.941Z,2026-07-25 12:51:31,2026-07-25,America/Los_Angeles,dca,Disney California Adventure,Hollywood Land,291,"Monsters, Inc. Mike & Sulley to the Rescue!",TRUE,30,2026-07-25T19:50:45.000Z,2026-07-25 12:50:45,https://queue-times.com/parks/17/queue_times.json
2026-07-25T19:51:31.941Z,2026-07-25 12:51:31,2026-07-25,America/Los_Angeles,dca,Disney California Adventure,Hollywood Land,868,Sorcerer's Workshop,TRUE,0,2026-07-25T19:50:45.000Z,2026-07-25 12:50:45,https://queue-times.com/parks/17/queue_times.json
2026-07-25T19:51:31.941Z,2026-07-25 12:51:31,2026-07-25,America/Los_Angeles,dca,Disney California Adventure,Hollywood Land,294,Turtle Talk with Crush,TRUE,0,2026-07-25T19:50:45.000Z,2026-07-25 12:50:45,https://queue-times.com/parks/17/queue_times.json
2026-07-25T19:51:31.941Z,2026-07-25 12:51:31,2026-07-25,America/Los_Angeles,dca,Disney California Adventure,Pacific Wharf,869,The Bakery Tour,TRUE,0,2026-07-25T19:50:45.000Z,2026-07-25 12:50:45,https://queue-times.com/parks/17/queue_times.json
2026-07-25T19:51:31.941Z,2026-07-25 12:51:31,2026-07-25,America/Los_Angeles,dca,Disney California Adventure,Paradise Gardens Park,298,Golden Zephyr,TRUE,5,2026-07-25T19:50:45.000Z,2026-07-25 12:50:45,https://queue-times.com/parks/17/queue_times.json
2026-07-25T19:51:31.941Z,2026-07-25 12:51:31,2026-07-25,America/Los_Angeles,dca,Disney California Adventure,Paradise Gardens Park,319,Goofy's Sky School,TRUE,40,2026-07-25T19:50:45.000Z,2026-07-25 12:50:45,https://queue-times.com/parks/17/queue_times.json
2026-07-25T19:51:31.941Z,2026-07-25 12:51:31,2026-07-25,America/Los_Angeles,dca,Disney California Adventure,Paradise Gardens Park,301,Silly Symphony Swings,FALSE,0,2026-07-25T19:50:45.000Z,2026-07-25 12:50:45,https://queue-times.com/parks/17/queue_times.json
2026-07-25T19:51:31.941Z,2026-07-25 12:51:31,2026-07-25,America/Los_Angeles,dca,Disney California Adventure,Paradise Gardens Park,316,The Little Mermaid - Ariel's Undersea Adventure,TRUE,30,2026-07-25T19:50:45.000Z,2026-07-25 12:50:45,https://queue-times.com/parks/17/queue_times.json
2026-07-25T19:51:31.941Z,2026-07-25 12:51:31,2026-07-25,America/Los_Angeles,dca,Disney California Adventure,Paradise Gardens Park,14742,World of Color Happiness!,TRUE,0,2026-07-25T19:50:45.000Z,2026-07-25 12:50:45,https://queue-times.com/parks/17/queue_times.json
2026-07-25T19:51:31.941Z,2026-07-25 12:51:31,2026-07-25,America/Los_Angeles,dca,Disney California Adventure,Pixar Pier,866,Games of Pixar Pier,TRUE,5,2026-07-25T19:50:45.000Z,2026-07-25 12:50:45,https://queue-times.com/parks/17/queue_times.json
2026-07-25T19:51:31.941Z,2026-07-25 12:51:31,2026-07-25,America/Los_Angeles,dca,Disney California Adventure,Pixar Pier,322,Incredicoaster,TRUE,25,2026-07-25T19:50:45.000Z,2026-07-25 12:50:45,https://queue-times.com/parks/17/queue_times.json
2026-07-25T19:51:31.941Z,2026-07-25 12:51:31,2026-07-25,America/Los_Angeles,dca,Disney California Adventure,Pixar Pier,10906,Incredicoaster Single Rider,TRUE,0,2026-07-25T19:50:45.000Z,2026-07-25 12:50:45,https://queue-times.com/parks/17/queue_times.json
2026-07-25T19:51:31.941Z,2026-07-25 12:51:31,2026-07-25,America/Los_Angeles,dca,Disney California Adventure,Pixar Pier,6643,Inside Out Emotional Whirlwind,TRUE,10,2026-07-25T19:50:45.000Z,2026-07-25 12:50:45,https://queue-times.com/parks/17/queue_times.json
2026-07-25T19:51:31.941Z,2026-07-25 12:51:31,2026-07-25,America/Los_Angeles,dca,Disney California Adventure,Pixar Pier,310,Jessie's Critter Carousel,TRUE,5,2026-07-25T19:50:45.000Z,2026-07-25 12:50:45,https://queue-times.com/parks/17/queue_times.json
2026-07-25T19:51:31.941Z,2026-07-25 12:51:31,2026-07-25,America/Los_Angeles,dca,Disney California Adventure,Pixar Pier,300,Jumpin' Jellyfish,TRUE,5,2026-07-25T19:50:45.000Z,2026-07-25 12:50:45,https://queue-times.com/parks/17/queue_times.json
2026-07-25T19:51:31.941Z,2026-07-25 12:51:31,2026-07-25,America/Los_Angeles,dca,Disney California Adventure,Pixar Pier,311,Pixar Pal-A-Round - Swinging,TRUE,15,2026-07-25T19:50:45.000Z,2026-07-25 12:50:45,https://queue-times.com/parks/17/queue_times.json
2026-07-25T19:51:31.941Z,2026-07-25 12:51:31,2026-07-25,America/Los_Angeles,dca,Disney California Adventure,Pixar Pier,5557,Pixar Pal-A-Round – Non-Swinging,TRUE,20,2026-07-25T19:50:45.000Z,2026-07-25 12:50:45,https://queue-times.com/parks/17/queue_times.json
2026-07-25T19:51:31.941Z,2026-07-25 12:51:31,2026-07-25,America/Los_Angeles,dca,Disney California Adventure,Pixar Pier,313,Toy Story Midway Mania!,FALSE,0,2026-07-25T19:50:45.000Z,2026-07-25 12:50:45,https://queue-times.com/parks/17/queue_times.json
2026-07-25T20:00:17.201Z,2026-07-25 13:00:17,2026-07-25,America/Los_Angeles,disneyland,Disneyland,Adventureland,12428,Adventureland Treehouse inspired by Walt Disney’s Swiss Family Robinson,TRUE,0,2026-07-25T19:55:43.000Z,2026-07-25 12:55:43,https://queue-times.com/parks/16/queue_times.json
2026-07-25T20:00:17.201Z,2026-07-25 13:00:17,2026-07-25,America/Los_Angeles,disneyland,Disneyland,Adventureland,326,Indiana Jones™ Adventure,TRUE,40,2026-07-25T19:55:43.000Z,2026-07-25 12:55:43,https://queue-times.com/parks/16/queue_times.json
2026-07-25T20:00:17.201Z,2026-07-25 13:00:17,2026-07-25,America/Los_Angeles,disneyland,Disneyland,Adventureland,296,Jungle Cruise,TRUE,15,2026-07-25T19:55:43.000Z,2026-07-25 12:55:43,https://queue-times.com/parks/16/queue_times.json
2026-07-25T20:00:17.201Z,2026-07-25 13:00:17,2026-07-25,America/Los_Angeles,disneyland,Disneyland,Adventureland,288,Walt Disney's Enchanted Tiki Room,TRUE,0,2026-07-25T19:55:43.000Z,2026-07-25 12:55:43,https://queue-times.com/parks/16/queue_times.json
2026-07-25T20:00:17.201Z,2026-07-25 13:00:17,2026-07-25,America/Los_Angeles,disneyland,Disneyland,Bayou Country,304,Davy Crockett's Explorer Canoes,TRUE,5,2026-07-25T19:55:43.000Z,2026-07-25 12:55:43,https://queue-times.com/parks/16/queue_times.json
2026-07-25T20:00:17.201Z,2026-07-25 13:00:17,2026-07-25,America/Los_Angeles,disneyland,Disneyland,Bayou Country,306,The Many Adventures of Winnie the Pooh,TRUE,15,2026-07-25T19:55:43.000Z,2026-07-25 12:55:43,https://queue-times.com/parks/16/queue_times.json
2026-07-25T20:00:17.201Z,2026-07-25 13:00:17,2026-07-25,America/Los_Angeles,disneyland,Disneyland,Bayou Country,14168,Tiana's Bayou Adventure,TRUE,60,2026-07-25T19:55:43.000Z,2026-07-25 12:55:43,https://queue-times.com/parks/16/queue_times.json
2026-07-25T20:00:17.201Z,2026-07-25 13:00:17,2026-07-25,America/Los_Angeles,disneyland,Disneyland,Bayou Country,14326,Tiana's Bayou Adventure Single Rider,TRUE,0,2026-07-25T19:55:43.000Z,2026-07-25 12:55:43,https://queue-times.com/parks/16/queue_times.json
2026-07-25T20:00:17.201Z,2026-07-25 13:00:17,2026-07-25,America/Los_Angeles,disneyland,Disneyland,Fantasyland,307,"""it's a small world""",TRUE,15,2026-07-25T19:55:43.000Z,2026-07-25 12:55:43,https://queue-times.com/parks/16/queue_times.json
2026-07-25T20:00:17.201Z,2026-07-25 13:00:17,2026-07-25,America/Los_Angeles,disneyland,Disneyland,Fantasyland,285,Alice in Wonderland,TRUE,30,2026-07-25T19:55:43.000Z,2026-07-25 12:55:43,https://queue-times.com/parks/16/queue_times.json
2026-07-25T20:00:17.201Z,2026-07-25 13:00:17,2026-07-25,America/Los_Angeles,disneyland,Disneyland,Fantasyland,16254,Bluey’s Best Day Ever! at Fantasyland Theatre,TRUE,0,2026-07-25T19:55:43.000Z,2026-07-25 12:55:43,https://queue-times.com/parks/16/queue_times.json
2026-07-25T20:00:17.201Z,2026-07-25 13:00:17,2026-07-25,America/Los_Angeles,disneyland,Disneyland,Fantasyland,303,Casey Jr. Circus Train,TRUE,10,2026-07-25T19:55:43.000Z,2026-07-25 12:55:43,https://queue-times.com/parks/16/queue_times.json
2026-07-25T20:00:17.201Z,2026-07-25 13:00:17,2026-07-25,America/Los_Angeles,disneyland,Disneyland,Fantasyland,275,Dumbo the Flying Elephant,TRUE,20,2026-07-25T19:55:43.000Z,2026-07-25 12:55:43,https://queue-times.com/parks/16/queue_times.json
2026-07-25T20:00:17.201Z,2026-07-25 13:00:17,2026-07-25,America/Los_Angeles,disneyland,Disneyland,Fantasyland,277,King Arthur Carrousel,TRUE,10,2026-07-25T19:55:43.000Z,2026-07-25 12:55:43,https://queue-times.com/parks/16/queue_times.json
2026-07-25T20:00:17.201Z,2026-07-25 13:00:17,2026-07-25,America/Los_Angeles,disneyland,Disneyland,Fantasyland,278,Mad Tea Party,TRUE,10,2026-07-25T19:55:43.000Z,2026-07-25 12:55:43,https://queue-times.com/parks/16/queue_times.json
2026-07-25T20:00:17.201Z,2026-07-25 13:00:17,2026-07-25,America/Los_Angeles,disneyland,Disneyland,Fantasyland,279,Matterhorn Bobsleds,TRUE,20,2026-07-25T19:55:43.000Z,2026-07-25 12:55:43,https://queue-times.com/parks/16/queue_times.json
2026-07-25T20:00:17.201Z,2026-07-25 13:00:17,2026-07-25,America/Los_Angeles,disneyland,Disneyland,Fantasyland,6711,Meet Disney Princesses at Royal Hall,TRUE,15,2026-07-25T19:55:43.000Z,2026-07-25 12:55:43,https://queue-times.com/parks/16/queue_times.json
2026-07-25T20:00:17.201Z,2026-07-25 13:00:17,2026-07-25,America/Los_Angeles,disneyland,Disneyland,Fantasyland,280,Mr. Toad's Wild Ride,TRUE,15,2026-07-25T19:55:43.000Z,2026-07-25 12:55:43,https://queue-times.com/parks/16/queue_times.json
2026-07-25T20:00:17.201Z,2026-07-25 13:00:17,2026-07-25,America/Los_Angeles,disneyland,Disneyland,Fantasyland,281,Peter Pan's Flight,TRUE,30,2026-07-25T19:55:43.000Z,2026-07-25 12:55:43,https://queue-times.com/parks/16/queue_times.json
2026-07-25T20:00:17.201Z,2026-07-25 13:00:17,2026-07-25,America/Los_Angeles,disneyland,Disneyland,Fantasyland,282,Pinocchio's Daring Journey,TRUE,10,2026-07-25T19:55:43.000Z,2026-07-25 12:55:43,https://queue-times.com/parks/16/queue_times.json
2026-07-25T20:00:17.201Z,2026-07-25 13:00:17,2026-07-25,America/Los_Angeles,disneyland,Disneyland,Fantasyland,687,Sleeping Beauty Castle Walkthrough,FALSE,0,2026-07-25T19:55:43.000Z,2026-07-25 12:55:43,https://queue-times.com/parks/16/queue_times.json
2026-07-25T20:00:17.201Z,2026-07-25 13:00:17,2026-07-25,America/Los_Angeles,disneyland,Disneyland,Fantasyland,283,Snow White's Enchanted Wish,TRUE,10,2026-07-25T19:55:43.000Z,2026-07-25 12:55:43,https://queue-times.com/parks/16/queue_times.json
2026-07-25T20:00:17.201Z,2026-07-25 13:00:17,2026-07-25,America/Los_Angeles,disneyland,Disneyland,Fantasyland,305,Storybook Land Canal Boats,TRUE,15,2026-07-25T19:55:43.000Z,2026-07-25 12:55:43,https://queue-times.com/parks/16/queue_times.json
2026-07-25T20:00:17.201Z,2026-07-25 13:00:17,2026-07-25,America/Los_Angeles,disneyland,Disneyland,Frontierland,323,Big Thunder Mountain Railroad,TRUE,30,2026-07-25T19:55:43.000Z,2026-07-25 12:55:43,https://queue-times.com/parks/16/queue_times.json
2026-07-25T20:00:17.201Z,2026-07-25 13:00:17,2026-07-25,America/Los_Angeles,disneyland,Disneyland,Frontierland,679,Frontierland Shootin' Exposition,FALSE,0,2026-07-25T19:55:43.000Z,2026-07-25 12:55:43,https://queue-times.com/parks/16/queue_times.json
2026-07-25T20:00:17.201Z,2026-07-25 13:00:17,2026-07-25,America/Los_Angeles,disneyland,Disneyland,Frontierland,456,Mark Twain Riverboat,TRUE,10,2026-07-25T19:55:43.000Z,2026-07-25 12:55:43,https://queue-times.com/parks/16/queue_times.json
2026-07-25T20:00:17.201Z,2026-07-25 13:00:17,2026-07-25,America/Los_Angeles,disneyland,Disneyland,Frontierland,331,Pirate's Lair on Tom Sawyer Island,TRUE,5,2026-07-25T19:55:43.000Z,2026-07-25 12:55:43,https://queue-times.com/parks/16/queue_times.json
2026-07-25T20:00:17.201Z,2026-07-25 13:00:17,2026-07-25,America/Los_Angeles,disneyland,Disneyland,Frontierland,328,Sailing Ship Columbia,TRUE,10,2026-07-25T19:55:43.000Z,2026-07-25 12:55:43,https://queue-times.com/parks/16/queue_times.json
2026-07-25T20:00:17.201Z,2026-07-25 13:00:17,2026-07-25,America/Los_Angeles,disneyland,Disneyland,Main Street U.S.A,674,Disneyland Railroad,TRUE,5,2026-07-25T19:55:43.000Z,2026-07-25 12:55:43,https://queue-times.com/parks/16/queue_times.json
2026-07-25T20:00:17.201Z,2026-07-25 13:00:17,2026-07-25,America/Los_Angeles,disneyland,Disneyland,Main Street U.S.A,690,Great Moments with Mr. Lincoln,TRUE,0,2026-07-25T19:55:43.000Z,2026-07-25 12:55:43,https://queue-times.com/parks/16/queue_times.json
2026-07-25T20:00:17.201Z,2026-07-25 13:00:17,2026-07-25,America/Los_Angeles,disneyland,Disneyland,Main Street U.S.A,686,Main Street Cinema,TRUE,0,2026-07-25T19:55:43.000Z,2026-07-25 12:55:43,https://queue-times.com/parks/16/queue_times.json
2026-07-25T20:00:17.201Z,2026-07-25 13:00:17,2026-07-25,America/Los_Angeles,disneyland,Disneyland,Main Street U.S.A,691,Main Street Vehicles,TRUE,0,2026-07-25T19:55:43.000Z,2026-07-25 12:55:43,https://queue-times.com/parks/16/queue_times.json
2026-07-25T20:00:17.201Z,2026-07-25 13:00:17,2026-07-25,America/Los_Angeles,disneyland,Disneyland,Main Street U.S.A,14915,Opera House - Walt Disney - A Magical Life,TRUE,0,2026-07-25T19:55:43.000Z,2026-07-25 12:55:43,https://queue-times.com/parks/16/queue_times.json
2026-07-25T20:00:17.201Z,2026-07-25 13:00:17,2026-07-25,America/Los_Angeles,disneyland,Disneyland,Main Street U.S.A,695,The Disney Gallery,TRUE,0,2026-07-25T19:55:43.000Z,2026-07-25 12:55:43,https://queue-times.com/parks/16/queue_times.json
2026-07-25T20:00:17.201Z,2026-07-25 13:00:17,2026-07-25,America/Los_Angeles,disneyland,Disneyland,Main Street U.S.A,14923,Walt Disney - A Magical Life,FALSE,0,2026-07-25T19:55:43.000Z,2026-07-25 12:55:43,https://queue-times.com/parks/16/queue_times.json
2026-07-25T20:00:17.201Z,2026-07-25 13:00:17,2026-07-25,America/Los_Angeles,disneyland,Disneyland,Mickey's Toontown,324,Chip 'n' Dale's GADGETcoaster,TRUE,15,2026-07-25T19:55:43.000Z,2026-07-25 12:55:43,https://queue-times.com/parks/16/queue_times.json
2026-07-25T20:00:17.201Z,2026-07-25 13:00:17,2026-07-25,America/Los_Angeles,disneyland,Disneyland,Mickey's Toontown,13814,Donald's Duck Pond,TRUE,0,2026-07-25T19:55:43.000Z,2026-07-25 12:55:43,https://queue-times.com/parks/16/queue_times.json
2026-07-25T20:00:17.201Z,2026-07-25 13:00:17,2026-07-25,America/Los_Angeles,disneyland,Disneyland,Mickey's Toontown,11980,Goofy's How-to-Play Yard,TRUE,0,2026-07-25T19:55:43.000Z,2026-07-25 12:55:43,https://queue-times.com/parks/16/queue_times.json
2026-07-25T20:00:17.201Z,2026-07-25 13:00:17,2026-07-25,America/Los_Angeles,disneyland,Disneyland,Mickey's Toontown,11526,Mickey & Minnie's Runaway Railway,TRUE,25,2026-07-25T19:55:43.000Z,2026-07-25 12:55:43,https://queue-times.com/parks/16/queue_times.json
2026-07-25T20:00:17.201Z,2026-07-25 13:00:17,2026-07-25,America/Los_Angeles,disneyland,Disneyland,Mickey's Toontown,709,Mickey's House and Meet Mickey Mouse,TRUE,5,2026-07-25T19:55:43.000Z,2026-07-25 12:55:43,https://queue-times.com/parks/16/queue_times.json
2026-07-25T20:00:17.201Z,2026-07-25 13:00:17,2026-07-25,America/Los_Angeles,disneyland,Disneyland,Mickey's Toontown,327,Mickey's House and Meet Mickey Mouse,FALSE,0,2026-07-25T19:55:43.000Z,2026-07-25 12:55:43,https://queue-times.com/parks/16/queue_times.json
2026-07-25T20:00:17.201Z,2026-07-25 13:00:17,2026-07-25,America/Los_Angeles,disneyland,Disneyland,Mickey's Toontown,684,Minnie's House,TRUE,0,2026-07-25T19:55:43.000Z,2026-07-25 12:55:43,https://queue-times.com/parks/16/queue_times.json
2026-07-25T20:00:17.201Z,2026-07-25 13:00:17,2026-07-25,America/Los_Angeles,disneyland,Disneyland,Mickey's Toontown,332,Roger Rabbit's Car Toon Spin,TRUE,25,2026-07-25T19:55:43.000Z,2026-07-25 12:55:43,https://queue-times.com/parks/16/queue_times.json
2026-07-25T20:00:17.201Z,2026-07-25 13:00:17,2026-07-25,America/Los_Angeles,disneyland,Disneyland,New Orleans Square,13958,Haunted Mansion,TRUE,30,2026-07-25T19:55:43.000Z,2026-07-25 12:55:43,https://queue-times.com/parks/16/queue_times.json
2026-07-25T20:00:17.201Z,2026-07-25 13:00:17,2026-07-25,America/Los_Angeles,disneyland,Disneyland,New Orleans Square,289,Pirates of the Caribbean,TRUE,35,2026-07-25T19:55:43.000Z,2026-07-25 12:55:43,https://queue-times.com/parks/16/queue_times.json
2026-07-25T20:00:17.201Z,2026-07-25 13:00:17,2026-07-25,America/Los_Angeles,disneyland,Disneyland,Star Wars: Galaxy's Edge,6339,Millennium Falcon: Smugglers Run,TRUE,10,2026-07-25T19:55:43.000Z,2026-07-25 12:55:43,https://queue-times.com/parks/16/queue_times.json
2026-07-25T20:00:17.201Z,2026-07-25 13:00:17,2026-07-25,America/Los_Angeles,disneyland,Disneyland,Star Wars: Galaxy's Edge,10903,Millennium Falcon: Smugglers Run Single Rider,TRUE,0,2026-07-25T19:55:43.000Z,2026-07-25 12:55:43,https://queue-times.com/parks/16/queue_times.json
2026-07-25T20:00:17.201Z,2026-07-25 13:00:17,2026-07-25,America/Los_Angeles,disneyland,Disneyland,Star Wars: Galaxy's Edge,6340,Star Wars: Rise of the Resistance,TRUE,40,2026-07-25T19:55:43.000Z,2026-07-25 12:55:43,https://queue-times.com/parks/16/queue_times.json
2026-07-25T20:00:17.201Z,2026-07-25 13:00:17,2026-07-25,America/Los_Angeles,disneyland,Disneyland,Tomorrowland,287,Astro Orbitor,TRUE,40,2026-07-25T19:55:43.000Z,2026-07-25 12:55:43,https://queue-times.com/parks/16/queue_times.json
2026-07-25T20:00:17.201Z,2026-07-25 13:00:17,2026-07-25,America/Los_Angeles,disneyland,Disneyland,Tomorrowland,317,Autopia,TRUE,25,2026-07-25T19:55:43.000Z,2026-07-25 12:55:43,https://queue-times.com/parks/16/queue_times.json
2026-07-25T20:00:17.201Z,2026-07-25 13:00:17,2026-07-25,America/Los_Angeles,disneyland,Disneyland,Tomorrowland,273,Buzz Lightyear Astro Blasters,FALSE,0,2026-07-25T19:55:43.000Z,2026-07-25 12:55:43,https://queue-times.com/parks/16/queue_times.json
2026-07-25T20:00:17.201Z,2026-07-25 13:00:17,2026-07-25,America/Los_Angeles,disneyland,Disneyland,Tomorrowland,274,Disneyland Monorail,FALSE,0,2026-07-25T19:55:43.000Z,2026-07-25 12:55:43,https://queue-times.com/parks/16/queue_times.json
2026-07-25T20:00:17.201Z,2026-07-25 13:00:17,2026-07-25,America/Los_Angeles,disneyland,Disneyland,Tomorrowland,276,Finding Nemo Submarine Voyage,TRUE,25,2026-07-25T19:55:43.000Z,2026-07-25 12:55:43,https://queue-times.com/parks/16/queue_times.json
2026-07-25T20:00:17.201Z,2026-07-25 13:00:17,2026-07-25,America/Los_Angeles,disneyland,Disneyland,Tomorrowland,16627,Pixar Short Film Spotlight,FALSE,0,2026-07-25T19:55:43.000Z,2026-07-25 12:55:43,https://queue-times.com/parks/16/queue_times.json
2026-07-25T20:00:17.201Z,2026-07-25 13:00:17,2026-07-25,America/Los_Angeles,disneyland,Disneyland,Tomorrowland,284,Space Mountain,TRUE,45,2026-07-25T19:55:43.000Z,2026-07-25 12:55:43,https://queue-times.com/parks/16/queue_times.json
2026-07-25T20:00:17.201Z,2026-07-25 13:00:17,2026-07-25,America/Los_Angeles,disneyland,Disneyland,Tomorrowland,286,Star Tours - The Adventures Continue,TRUE,20,2026-07-25T19:55:43.000Z,2026-07-25 12:55:43,https://queue-times.com/parks/16/queue_times.json
2026-07-25T20:00:17.201Z,2026-07-25 13:00:17,2026-07-25,America/Los_Angeles,dca,Disney California Adventure,Avengers Campus,329,Guardians of the Galaxy - Mission: BREAKOUT!,TRUE,50,2026-07-25T19:55:43.000Z,2026-07-25 12:55:43,https://queue-times.com/parks/17/queue_times.json
2026-07-25T20:00:17.201Z,2026-07-25 13:00:17,2026-07-25,America/Los_Angeles,dca,Disney California Adventure,Avengers Campus,8843,WEB SLINGERS: A Spider-Man Adventure,TRUE,50,2026-07-25T19:55:43.000Z,2026-07-25 12:55:43,https://queue-times.com/parks/17/queue_times.json
2026-07-25T20:00:17.201Z,2026-07-25 13:00:17,2026-07-25,America/Los_Angeles,dca,Disney California Adventure,Avengers Campus,10907,WEB SLINGERS: A Spider-Man Adventure Single Rider,TRUE,0,2026-07-25T19:55:43.000Z,2026-07-25 12:55:43,https://queue-times.com/parks/17/queue_times.json
2026-07-25T20:00:17.201Z,2026-07-25 13:00:17,2026-07-25,America/Los_Angeles,dca,Disney California Adventure,Cars Land,13961,Luigi's Rollickin' Roadsters,TRUE,15,2026-07-25T19:55:43.000Z,2026-07-25 12:55:43,https://queue-times.com/parks/17/queue_times.json
2026-07-25T20:00:17.201Z,2026-07-25 13:00:17,2026-07-25,America/Los_Angeles,dca,Disney California Adventure,Cars Land,315,Mater's Junkyard Jamboree,TRUE,10,2026-07-25T19:55:43.000Z,2026-07-25 12:55:43,https://queue-times.com/parks/17/queue_times.json
2026-07-25T20:00:17.201Z,2026-07-25 13:00:17,2026-07-25,America/Los_Angeles,dca,Disney California Adventure,Cars Land,295,Radiator Springs Racers,TRUE,80,2026-07-25T19:55:43.000Z,2026-07-25 12:55:43,https://queue-times.com/parks/17/queue_times.json
2026-07-25T20:00:17.201Z,2026-07-25 13:00:17,2026-07-25,America/Los_Angeles,dca,Disney California Adventure,Cars Land,10904,Radiator Springs Racers Single Rider,TRUE,0,2026-07-25T19:55:43.000Z,2026-07-25 12:55:43,https://queue-times.com/parks/17/queue_times.json
2026-07-25T20:00:17.201Z,2026-07-25 13:00:17,2026-07-25,America/Los_Angeles,dca,Disney California Adventure,Grizzly Peak,302,Grizzly River Run,TRUE,40,2026-07-25T19:55:43.000Z,2026-07-25 12:55:43,https://queue-times.com/parks/17/queue_times.json
2026-07-25T20:00:17.201Z,2026-07-25 13:00:17,2026-07-25,America/Los_Angeles,dca,Disney California Adventure,Grizzly Peak,293,Redwood Creek Challenge Trail,TRUE,5,2026-07-25T19:55:43.000Z,2026-07-25 12:55:43,https://queue-times.com/parks/17/queue_times.json
2026-07-25T20:00:17.201Z,2026-07-25 13:00:17,2026-07-25,America/Los_Angeles,dca,Disney California Adventure,Grizzly Peak,17129,Soarin’ Across America,TRUE,45,2026-07-25T19:55:43.000Z,2026-07-25 12:55:43,https://queue-times.com/parks/17/queue_times.json
2026-07-25T20:00:17.201Z,2026-07-25 13:00:17,2026-07-25,America/Los_Angeles,dca,Disney California Adventure,Hollywood Land,321,Animation Academy,TRUE,0,2026-07-25T19:55:43.000Z,2026-07-25 12:55:43,https://queue-times.com/parks/17/queue_times.json
2026-07-25T20:00:17.201Z,2026-07-25 13:00:17,2026-07-25,America/Los_Angeles,dca,Disney California Adventure,Hollywood Land,6440,Mickey's PhilharMagic,TRUE,10,2026-07-25T19:55:43.000Z,2026-07-25 12:55:43,https://queue-times.com/parks/17/queue_times.json
2026-07-25T20:00:17.201Z,2026-07-25 13:00:17,2026-07-25,America/Los_Angeles,dca,Disney California Adventure,Hollywood Land,291,"Monsters, Inc. Mike & Sulley to the Rescue!",TRUE,30,2026-07-25T19:55:43.000Z,2026-07-25 12:55:43,https://queue-times.com/parks/17/queue_times.json
2026-07-25T20:00:17.201Z,2026-07-25 13:00:17,2026-07-25,America/Los_Angeles,dca,Disney California Adventure,Hollywood Land,868,Sorcerer's Workshop,TRUE,0,2026-07-25T19:55:43.000Z,2026-07-25 12:55:43,https://queue-times.com/parks/17/queue_times.json
2026-07-25T20:00:17.201Z,2026-07-25 13:00:17,2026-07-25,America/Los_Angeles,dca,Disney California Adventure,Hollywood Land,294,Turtle Talk with Crush,TRUE,0,2026-07-25T19:55:43.000Z,2026-07-25 12:55:43,https://queue-times.com/parks/17/queue_times.json
2026-07-25T20:00:17.201Z,2026-07-25 13:00:17,2026-07-25,America/Los_Angeles,dca,Disney California Adventure,Pacific Wharf,869,The Bakery Tour,TRUE,0,2026-07-25T19:55:43.000Z,2026-07-25 12:55:43,https://queue-times.com/parks/17/queue_times.json
2026-07-25T20:00:17.201Z,2026-07-25 13:00:17,2026-07-25,America/Los_Angeles,dca,Disney California Adventure,Paradise Gardens Park,298,Golden Zephyr,TRUE,5,2026-07-25T19:55:43.000Z,2026-07-25 12:55:43,https://queue-times.com/parks/17/queue_times.json
2026-07-25T20:00:17.201Z,2026-07-25 13:00:17,2026-07-25,America/Los_Angeles,dca,Disney California Adventure,Paradise Gardens Park,319,Goofy's Sky School,TRUE,40,2026-07-25T19:55:43.000Z,2026-07-25 12:55:43,https://queue-times.com/parks/17/queue_times.json
2026-07-25T20:00:17.201Z,2026-07-25 13:00:17,2026-07-25,America/Los_Angeles,dca,Disney California Adventure,Paradise Gardens Park,301,Silly Symphony Swings,FALSE,0,2026-07-25T19:55:43.000Z,2026-07-25 12:55:43,https://queue-times.com/parks/17/queue_times.json
2026-07-25T20:00:17.201Z,2026-07-25 13:00:17,2026-07-25,America/Los_Angeles,dca,Disney California Adventure,Paradise Gardens Park,316,The Little Mermaid - Ariel's Undersea Adventure,TRUE,30,2026-07-25T19:55:43.000Z,2026-07-25 12:55:43,https://queue-times.com/parks/17/queue_times.json
2026-07-25T20:00:17.201Z,2026-07-25 13:00:17,2026-07-25,America/Los_Angeles,dca,Disney California Adventure,Paradise Gardens Park,14742,World of Color Happiness!,TRUE,0,2026-07-25T19:55:43.000Z,2026-07-25 12:55:43,https://queue-times.com/parks/17/queue_times.json
2026-07-25T20:00:17.201Z,2026-07-25 13:00:17,2026-07-25,America/Los_Angeles,dca,Disney California Adventure,Pixar Pier,866,Games of Pixar Pier,TRUE,5,2026-07-25T19:55:43.000Z,2026-07-25 12:55:43,https://queue-times.com/parks/17/queue_times.json
2026-07-25T20:00:17.201Z,2026-07-25 13:00:17,2026-07-25,America/Los_Angeles,dca,Disney California Adventure,Pixar Pier,322,Incredicoaster,TRUE,25,2026-07-25T19:55:43.000Z,2026-07-25 12:55:43,https://queue-times.com/parks/17/queue_times.json
2026-07-25T20:00:17.201Z,2026-07-25 13:00:17,2026-07-25,America/Los_Angeles,dca,Disney California Adventure,Pixar Pier,10906,Incredicoaster Single Rider,TRUE,0,2026-07-25T19:55:43.000Z,2026-07-25 12:55:43,https://queue-times.com/parks/17/queue_times.json
2026-07-25T20:00:17.201Z,2026-07-25 13:00:17,2026-07-25,America/Los_Angeles,dca,Disney California Adventure,Pixar Pier,6643,Inside Out Emotional Whirlwind,TRUE,10,2026-07-25T19:55:43.000Z,2026-07-25 12:55:43,https://queue-times.com/parks/17/queue_times.json
2026-07-25T20:00:17.201Z,2026-07-25 13:00:17,2026-07-25,America/Los_Angeles,dca,Disney California Adventure,Pixar Pier,310,Jessie's Critter Carousel,TRUE,5,2026-07-25T19:55:43.000Z,2026-07-25 12:55:43,https://queue-times.com/parks/17/queue_times.json
2026-07-25T20:00:17.201Z,2026-07-25 13:00:17,2026-07-25,America/Los_Angeles,dca,Disney California Adventure,Pixar Pier,300,Jumpin' Jellyfish,TRUE,5,2026-07-25T19:55:43.000Z,2026-07-25 12:55:43,https://queue-times.com/parks/17/queue_times.json
2026-07-25T20:00:17.201Z,2026-07-25 13:00:17,2026-07-25,America/Los_Angeles,dca,Disney California Adventure,Pixar Pier,311,Pixar Pal-A-Round - Swinging,TRUE,15,2026-07-25T19:55:43.000Z,2026-07-25 12:55:43,https://queue-times.com/parks/17/queue_times.json
2026-07-25T20:00:17.201Z,2026-07-25 13:00:17,2026-07-25,America/Los_Angeles,dca,Disney California Adventure,Pixar Pier,5557,Pixar Pal-A-Round – Non-Swinging,TRUE,20,2026-07-25T19:55:43.000Z,2026-07-25 12:55:43,https://queue-times.com/parks/17/queue_times.json
2026-07-25T20:00:17.201Z,2026-07-25 13:00:17,2026-07-25,America/Los_Angeles,dca,Disney California Adventure,Pixar Pier,313,Toy Story Midway Mania!,FALSE,0,2026-07-25T19:55:43.000Z,2026-07-25 12:55:43,https://queue-times.com/parks/17/queue_times.json
2026-07-25T20:15:19.346Z,2026-07-25 13:15:19,2026-07-25,America/Los_Angeles,disneyland,Disneyland,Adventureland,12428,Adventureland Treehouse inspired by Walt Disney’s Swiss Family Robinson,TRUE,0,2026-07-25T20:10:46.000Z,2026-07-25 13:10:46,https://queue-times.com/parks/16/queue_times.json
2026-07-25T20:15:19.346Z,2026-07-25 13:15:19,2026-07-25,America/Los_Angeles,disneyland,Disneyland,Adventureland,326,Indiana Jones™ Adventure,TRUE,30,2026-07-25T20:10:46.000Z,2026-07-25 13:10:46,https://queue-times.com/parks/16/queue_times.json
2026-07-25T20:15:19.346Z,2026-07-25 13:15:19,2026-07-25,America/Los_Angeles,disneyland,Disneyland,Adventureland,296,Jungle Cruise,TRUE,15,2026-07-25T20:10:46.000Z,2026-07-25 13:10:46,https://queue-times.com/parks/16/queue_times.json
2026-07-25T20:15:19.346Z,2026-07-25 13:15:19,2026-07-25,America/Los_Angeles,disneyland,Disneyland,Adventureland,288,Walt Disney's Enchanted Tiki Room,TRUE,0,2026-07-25T20:10:46.000Z,2026-07-25 13:10:46,https://queue-times.com/parks/16/queue_times.json
2026-07-25T20:15:19.346Z,2026-07-25 13:15:19,2026-07-25,America/Los_Angeles,disneyland,Disneyland,Bayou Country,304,Davy Crockett's Explorer Canoes,TRUE,5,2026-07-25T20:10:46.000Z,2026-07-25 13:10:46,https://queue-times.com/parks/16/queue_times.json
2026-07-25T20:15:19.346Z,2026-07-25 13:15:19,2026-07-25,America/Los_Angeles,disneyland,Disneyland,Bayou Country,306,The Many Adventures of Winnie the Pooh,TRUE,15,2026-07-25T20:10:46.000Z,2026-07-25 13:10:46,https://queue-times.com/parks/16/queue_times.json
2026-07-25T20:15:19.346Z,2026-07-25 13:15:19,2026-07-25,America/Los_Angeles,disneyland,Disneyland,Bayou Country,14168,Tiana's Bayou Adventure,TRUE,60,2026-07-25T20:10:46.000Z,2026-07-25 13:10:46,https://queue-times.com/parks/16/queue_times.json
2026-07-25T20:15:19.346Z,2026-07-25 13:15:19,2026-07-25,America/Los_Angeles,disneyland,Disneyland,Bayou Country,14326,Tiana's Bayou Adventure Single Rider,TRUE,0,2026-07-25T20:10:46.000Z,2026-07-25 13:10:46,https://queue-times.com/parks/16/queue_times.json
2026-07-25T20:15:19.346Z,2026-07-25 13:15:19,2026-07-25,America/Los_Angeles,disneyland,Disneyland,Fantasyland,307,"""it's a small world""",TRUE,15,2026-07-25T20:10:46.000Z,2026-07-25 13:10:46,https://queue-times.com/parks/16/queue_times.json
2026-07-25T20:15:19.346Z,2026-07-25 13:15:19,2026-07-25,America/Los_Angeles,disneyland,Disneyland,Fantasyland,285,Alice in Wonderland,TRUE,30,2026-07-25T20:10:46.000Z,2026-07-25 13:10:46,https://queue-times.com/parks/16/queue_times.json
2026-07-25T20:15:19.346Z,2026-07-25 13:15:19,2026-07-25,America/Los_Angeles,disneyland,Disneyland,Fantasyland,16254,Bluey’s Best Day Ever! at Fantasyland Theatre,TRUE,0,2026-07-25T20:10:46.000Z,2026-07-25 13:10:46,https://queue-times.com/parks/16/queue_times.json
2026-07-25T20:15:19.346Z,2026-07-25 13:15:19,2026-07-25,America/Los_Angeles,disneyland,Disneyland,Fantasyland,303,Casey Jr. Circus Train,TRUE,10,2026-07-25T20:10:46.000Z,2026-07-25 13:10:46,https://queue-times.com/parks/16/queue_times.json
2026-07-25T20:15:19.346Z,2026-07-25 13:15:19,2026-07-25,America/Los_Angeles,disneyland,Disneyland,Fantasyland,275,Dumbo the Flying Elephant,TRUE,25,2026-07-25T20:10:46.000Z,2026-07-25 13:10:46,https://queue-times.com/parks/16/queue_times.json
2026-07-25T20:15:19.346Z,2026-07-25 13:15:19,2026-07-25,America/Los_Angeles,disneyland,Disneyland,Fantasyland,277,King Arthur Carrousel,TRUE,10,2026-07-25T20:10:46.000Z,2026-07-25 13:10:46,https://queue-times.com/parks/16/queue_times.json
2026-07-25T20:15:19.346Z,2026-07-25 13:15:19,2026-07-25,America/Los_Angeles,disneyland,Disneyland,Fantasyland,278,Mad Tea Party,TRUE,10,2026-07-25T20:10:46.000Z,2026-07-25 13:10:46,https://queue-times.com/parks/16/queue_times.json
2026-07-25T20:15:19.346Z,2026-07-25 13:15:19,2026-07-25,America/Los_Angeles,disneyland,Disneyland,Fantasyland,279,Matterhorn Bobsleds,TRUE,25,2026-07-25T20:10:46.000Z,2026-07-25 13:10:46,https://queue-times.com/parks/16/queue_times.json
2026-07-25T20:15:19.346Z,2026-07-25 13:15:19,2026-07-25,America/Los_Angeles,disneyland,Disneyland,Fantasyland,6711,Meet Disney Princesses at Royal Hall,TRUE,15,2026-07-25T20:10:46.000Z,2026-07-25 13:10:46,https://queue-times.com/parks/16/queue_times.json
2026-07-25T20:15:19.346Z,2026-07-25 13:15:19,2026-07-25,America/Los_Angeles,disneyland,Disneyland,Fantasyland,280,Mr. Toad's Wild Ride,TRUE,10,2026-07-25T20:10:46.000Z,2026-07-25 13:10:46,https://queue-times.com/parks/16/queue_times.json
2026-07-25T20:15:19.346Z,2026-07-25 13:15:19,2026-07-25,America/Los_Angeles,disneyland,Disneyland,Fantasyland,281,Peter Pan's Flight,TRUE,30,2026-07-25T20:10:46.000Z,2026-07-25 13:10:46,https://queue-times.com/parks/16/queue_times.json
2026-07-25T20:15:19.346Z,2026-07-25 13:15:19,2026-07-25,America/Los_Angeles,disneyland,Disneyland,Fantasyland,282,Pinocchio's Daring Journey,TRUE,10,2026-07-25T20:10:46.000Z,2026-07-25 13:10:46,https://queue-times.com/parks/16/queue_times.json
2026-07-25T20:15:19.346Z,2026-07-25 13:15:19,2026-07-25,America/Los_Angeles,disneyland,Disneyland,Fantasyland,687,Sleeping Beauty Castle Walkthrough,FALSE,0,2026-07-25T20:10:46.000Z,2026-07-25 13:10:46,https://queue-times.com/parks/16/queue_times.json
2026-07-25T20:15:19.346Z,2026-07-25 13:15:19,2026-07-25,America/Los_Angeles,disneyland,Disneyland,Fantasyland,283,Snow White's Enchanted Wish,TRUE,10,2026-07-25T20:10:46.000Z,2026-07-25 13:10:46,https://queue-times.com/parks/16/queue_times.json
2026-07-25T20:15:19.346Z,2026-07-25 13:15:19,2026-07-25,America/Los_Angeles,disneyland,Disneyland,Fantasyland,305,Storybook Land Canal Boats,TRUE,10,2026-07-25T20:10:46.000Z,2026-07-25 13:10:46,https://queue-times.com/parks/16/queue_times.json
2026-07-25T20:15:19.346Z,2026-07-25 13:15:19,2026-07-25,America/Los_Angeles,disneyland,Disneyland,Frontierland,323,Big Thunder Mountain Railroad,TRUE,25,2026-07-25T20:10:46.000Z,2026-07-25 13:10:46,https://queue-times.com/parks/16/queue_times.json
2026-07-25T20:15:19.346Z,2026-07-25 13:15:19,2026-07-25,America/Los_Angeles,disneyland,Disneyland,Frontierland,679,Frontierland Shootin' Exposition,FALSE,0,2026-07-25T20:10:46.000Z,2026-07-25 13:10:46,https://queue-times.com/parks/16/queue_times.json
2026-07-25T20:15:19.346Z,2026-07-25 13:15:19,2026-07-25,America/Los_Angeles,disneyland,Disneyland,Frontierland,456,Mark Twain Riverboat,TRUE,10,2026-07-25T20:10:46.000Z,2026-07-25 13:10:46,https://queue-times.com/parks/16/queue_times.json
2026-07-25T20:15:19.346Z,2026-07-25 13:15:19,2026-07-25,America/Los_Angeles,disneyland,Disneyland,Frontierland,331,Pirate's Lair on Tom Sawyer Island,TRUE,5,2026-07-25T20:10:46.000Z,2026-07-25 13:10:46,https://queue-times.com/parks/16/queue_times.json
2026-07-25T20:15:19.346Z,2026-07-25 13:15:19,2026-07-25,America/Los_Angeles,disneyland,Disneyland,Frontierland,328,Sailing Ship Columbia,TRUE,10,2026-07-25T20:10:46.000Z,2026-07-25 13:10:46,https://queue-times.com/parks/16/queue_times.json
2026-07-25T20:15:19.346Z,2026-07-25 13:15:19,2026-07-25,America/Los_Angeles,disneyland,Disneyland,Main Street U.S.A,674,Disneyland Railroad,TRUE,5,2026-07-25T20:10:46.000Z,2026-07-25 13:10:46,https://queue-times.com/parks/16/queue_times.json
2026-07-25T20:15:19.346Z,2026-07-25 13:15:19,2026-07-25,America/Los_Angeles,disneyland,Disneyland,Main Street U.S.A,690,Great Moments with Mr. Lincoln,TRUE,0,2026-07-25T20:10:46.000Z,2026-07-25 13:10:46,https://queue-times.com/parks/16/queue_times.json
2026-07-25T20:15:19.346Z,2026-07-25 13:15:19,2026-07-25,America/Los_Angeles,disneyland,Disneyland,Main Street U.S.A,686,Main Street Cinema,TRUE,0,2026-07-25T20:10:46.000Z,2026-07-25 13:10:46,https://queue-times.com/parks/16/queue_times.json
2026-07-25T20:15:19.346Z,2026-07-25 13:15:19,2026-07-25,America/Los_Angeles,disneyland,Disneyland,Main Street U.S.A,691,Main Street Vehicles,TRUE,0,2026-07-25T20:10:46.000Z,2026-07-25 13:10:46,https://queue-times.com/parks/16/queue_times.json
2026-07-25T20:15:19.346Z,2026-07-25 13:15:19,2026-07-25,America/Los_Angeles,disneyland,Disneyland,Main Street U.S.A,14915,Opera House - Walt Disney - A Magical Life,TRUE,0,2026-07-25T20:10:46.000Z,2026-07-25 13:10:46,https://queue-times.com/parks/16/queue_times.json
2026-07-25T20:15:19.346Z,2026-07-25 13:15:19,2026-07-25,America/Los_Angeles,disneyland,Disneyland,Main Street U.S.A,695,The Disney Gallery,TRUE,0,2026-07-25T20:10:46.000Z,2026-07-25 13:10:46,https://queue-times.com/parks/16/queue_times.json
2026-07-25T20:15:19.346Z,2026-07-25 13:15:19,2026-07-25,America/Los_Angeles,disneyland,Disneyland,Main Street U.S.A,14923,Walt Disney - A Magical Life,FALSE,0,2026-07-25T20:10:46.000Z,2026-07-25 13:10:46,https://queue-times.com/parks/16/queue_times.json
2026-07-25T20:15:19.346Z,2026-07-25 13:15:19,2026-07-25,America/Los_Angeles,disneyland,Disneyland,Mickey's Toontown,324,Chip 'n' Dale's GADGETcoaster,TRUE,15,2026-07-25T20:10:46.000Z,2026-07-25 13:10:46,https://queue-times.com/parks/16/queue_times.json
2026-07-25T20:15:19.346Z,2026-07-25 13:15:19,2026-07-25,America/Los_Angeles,disneyland,Disneyland,Mickey's Toontown,13814,Donald's Duck Pond,TRUE,0,2026-07-25T20:10:46.000Z,2026-07-25 13:10:46,https://queue-times.com/parks/16/queue_times.json
2026-07-25T20:15:19.346Z,2026-07-25 13:15:19,2026-07-25,America/Los_Angeles,disneyland,Disneyland,Mickey's Toontown,11980,Goofy's How-to-Play Yard,TRUE,0,2026-07-25T20:10:46.000Z,2026-07-25 13:10:46,https://queue-times.com/parks/16/queue_times.json
2026-07-25T20:15:19.346Z,2026-07-25 13:15:19,2026-07-25,America/Los_Angeles,disneyland,Disneyland,Mickey's Toontown,11526,Mickey & Minnie's Runaway Railway,TRUE,35,2026-07-25T20:10:46.000Z,2026-07-25 13:10:46,https://queue-times.com/parks/16/queue_times.json
2026-07-25T20:15:19.346Z,2026-07-25 13:15:19,2026-07-25,America/Los_Angeles,disneyland,Disneyland,Mickey's Toontown,709,Mickey's House and Meet Mickey Mouse,TRUE,5,2026-07-25T20:10:46.000Z,2026-07-25 13:10:46,https://queue-times.com/parks/16/queue_times.json
2026-07-25T20:15:19.346Z,2026-07-25 13:15:19,2026-07-25,America/Los_Angeles,disneyland,Disneyland,Mickey's Toontown,327,Mickey's House and Meet Mickey Mouse,FALSE,0,2026-07-25T20:10:46.000Z,2026-07-25 13:10:46,https://queue-times.com/parks/16/queue_times.json
2026-07-25T20:15:19.346Z,2026-07-25 13:15:19,2026-07-25,America/Los_Angeles,disneyland,Disneyland,Mickey's Toontown,684,Minnie's House,TRUE,0,2026-07-25T20:10:46.000Z,2026-07-25 13:10:46,https://queue-times.com/parks/16/queue_times.json
2026-07-25T20:15:19.346Z,2026-07-25 13:15:19,2026-07-25,America/Los_Angeles,disneyland,Disneyland,Mickey's Toontown,332,Roger Rabbit's Car Toon Spin,TRUE,35,2026-07-25T20:10:46.000Z,2026-07-25 13:10:46,https://queue-times.com/parks/16/queue_times.json
2026-07-25T20:15:19.346Z,2026-07-25 13:15:19,2026-07-25,America/Los_Angeles,disneyland,Disneyland,New Orleans Square,13958,Haunted Mansion,TRUE,30,2026-07-25T20:10:46.000Z,2026-07-25 13:10:46,https://queue-times.com/parks/16/queue_times.json
2026-07-25T20:15:19.346Z,2026-07-25 13:15:19,2026-07-25,America/Los_Angeles,disneyland,Disneyland,New Orleans Square,289,Pirates of the Caribbean,TRUE,35,2026-07-25T20:10:46.000Z,2026-07-25 13:10:46,https://queue-times.com/parks/16/queue_times.json
2026-07-25T20:15:19.346Z,2026-07-25 13:15:19,2026-07-25,America/Los_Angeles,disneyland,Disneyland,Star Wars: Galaxy's Edge,6339,Millennium Falcon: Smugglers Run,TRUE,35,2026-07-25T20:10:46.000Z,2026-07-25 13:10:46,https://queue-times.com/parks/16/queue_times.json
2026-07-25T20:15:19.346Z,2026-07-25 13:15:19,2026-07-25,America/Los_Angeles,disneyland,Disneyland,Star Wars: Galaxy's Edge,10903,Millennium Falcon: Smugglers Run Single Rider,TRUE,0,2026-07-25T20:10:46.000Z,2026-07-25 13:10:46,https://queue-times.com/parks/16/queue_times.json
2026-07-25T20:15:19.346Z,2026-07-25 13:15:19,2026-07-25,America/Los_Angeles,disneyland,Disneyland,Star Wars: Galaxy's Edge,6340,Star Wars: Rise of the Resistance,TRUE,50,2026-07-25T20:10:46.000Z,2026-07-25 13:10:46,https://queue-times.com/parks/16/queue_times.json
2026-07-25T20:15:19.346Z,2026-07-25 13:15:19,2026-07-25,America/Los_Angeles,disneyland,Disneyland,Tomorrowland,287,Astro Orbitor,TRUE,40,2026-07-25T20:10:46.000Z,2026-07-25 13:10:46,https://queue-times.com/parks/16/queue_times.json
2026-07-25T20:15:19.346Z,2026-07-25 13:15:19,2026-07-25,America/Los_Angeles,disneyland,Disneyland,Tomorrowland,317,Autopia,TRUE,10,2026-07-25T20:10:46.000Z,2026-07-25 13:10:46,https://queue-times.com/parks/16/queue_times.json
2026-07-25T20:15:19.346Z,2026-07-25 13:15:19,2026-07-25,America/Los_Angeles,disneyland,Disneyland,Tomorrowland,273,Buzz Lightyear Astro Blasters,FALSE,0,2026-07-25T20:10:46.000Z,2026-07-25 13:10:46,https://queue-times.com/parks/16/queue_times.json
2026-07-25T20:15:19.346Z,2026-07-25 13:15:19,2026-07-25,America/Los_Angeles,disneyland,Disneyland,Tomorrowland,274,Disneyland Monorail,FALSE,0,2026-07-25T20:10:46.000Z,2026-07-25 13:10:46,https://queue-times.com/parks/16/queue_times.json
2026-07-25T20:15:19.346Z,2026-07-25 13:15:19,2026-07-25,America/Los_Angeles,disneyland,Disneyland,Tomorrowland,276,Finding Nemo Submarine Voyage,TRUE,25,2026-07-25T20:10:46.000Z,2026-07-25 13:10:46,https://queue-times.com/parks/16/queue_times.json
2026-07-25T20:15:19.346Z,2026-07-25 13:15:19,2026-07-25,America/Los_Angeles,disneyland,Disneyland,Tomorrowland,16627,Pixar Short Film Spotlight,FALSE,0,2026-07-25T20:10:46.000Z,2026-07-25 13:10:46,https://queue-times.com/parks/16/queue_times.json
2026-07-25T20:15:19.346Z,2026-07-25 13:15:19,2026-07-25,America/Los_Angeles,disneyland,Disneyland,Tomorrowland,284,Space Mountain,TRUE,40,2026-07-25T20:10:46.000Z,2026-07-25 13:10:46,https://queue-times.com/parks/16/queue_times.json
2026-07-25T20:15:19.346Z,2026-07-25 13:15:19,2026-07-25,America/Los_Angeles,disneyland,Disneyland,Tomorrowland,286,Star Tours - The Adventures Continue,TRUE,20,2026-07-25T20:10:46.000Z,2026-07-25 13:10:46,https://queue-times.com/parks/16/queue_times.json
2026-07-25T20:15:19.346Z,2026-07-25 13:15:19,2026-07-25,America/Los_Angeles,dca,Disney California Adventure,Avengers Campus,329,Guardians of the Galaxy - Mission: BREAKOUT!,TRUE,50,2026-07-25T20:10:46.000Z,2026-07-25 13:10:46,https://queue-times.com/parks/17/queue_times.json
2026-07-25T20:15:19.346Z,2026-07-25 13:15:19,2026-07-25,America/Los_Angeles,dca,Disney California Adventure,Avengers Campus,8843,WEB SLINGERS: A Spider-Man Adventure,TRUE,45,2026-07-25T20:10:46.000Z,2026-07-25 13:10:46,https://queue-times.com/parks/17/queue_times.json
2026-07-25T20:15:19.346Z,2026-07-25 13:15:19,2026-07-25,America/Los_Angeles,dca,Disney California Adventure,Avengers Campus,10907,WEB SLINGERS: A Spider-Man Adventure Single Rider,TRUE,0,2026-07-25T20:10:46.000Z,2026-07-25 13:10:46,https://queue-times.com/parks/17/queue_times.json
2026-07-25T20:15:19.346Z,2026-07-25 13:15:19,2026-07-25,America/Los_Angeles,dca,Disney California Adventure,Cars Land,13961,Luigi's Rollickin' Roadsters,TRUE,10,2026-07-25T20:10:46.000Z,2026-07-25 13:10:46,https://queue-times.com/parks/17/queue_times.json
2026-07-25T20:15:19.346Z,2026-07-25 13:15:19,2026-07-25,America/Los_Angeles,dca,Disney California Adventure,Cars Land,315,Mater's Junkyard Jamboree,TRUE,10,2026-07-25T20:10:46.000Z,2026-07-25 13:10:46,https://queue-times.com/parks/17/queue_times.json
2026-07-25T20:15:19.346Z,2026-07-25 13:15:19,2026-07-25,America/Los_Angeles,dca,Disney California Adventure,Cars Land,295,Radiator Springs Racers,TRUE,80,2026-07-25T20:10:46.000Z,2026-07-25 13:10:46,https://queue-times.com/parks/17/queue_times.json
2026-07-25T20:15:19.346Z,2026-07-25 13:15:19,2026-07-25,America/Los_Angeles,dca,Disney California Adventure,Cars Land,10904,Radiator Springs Racers Single Rider,TRUE,0,2026-07-25T20:10:46.000Z,2026-07-25 13:10:46,https://queue-times.com/parks/17/queue_times.json
2026-07-25T20:15:19.346Z,2026-07-25 13:15:19,2026-07-25,America/Los_Angeles,dca,Disney California Adventure,Grizzly Peak,302,Grizzly River Run,TRUE,45,2026-07-25T20:10:46.000Z,2026-07-25 13:10:46,https://queue-times.com/parks/17/queue_times.json
2026-07-25T20:15:19.346Z,2026-07-25 13:15:19,2026-07-25,America/Los_Angeles,dca,Disney California Adventure,Grizzly Peak,293,Redwood Creek Challenge Trail,TRUE,5,2026-07-25T20:10:46.000Z,2026-07-25 13:10:46,https://queue-times.com/parks/17/queue_times.json
2026-07-25T20:15:19.346Z,2026-07-25 13:15:19,2026-07-25,America/Los_Angeles,dca,Disney California Adventure,Grizzly Peak,17129,Soarin’ Across America,TRUE,45,2026-07-25T20:10:46.000Z,2026-07-25 13:10:46,https://queue-times.com/parks/17/queue_times.json
2026-07-25T20:15:19.346Z,2026-07-25 13:15:19,2026-07-25,America/Los_Angeles,dca,Disney California Adventure,Hollywood Land,321,Animation Academy,TRUE,0,2026-07-25T20:10:46.000Z,2026-07-25 13:10:46,https://queue-times.com/parks/17/queue_times.json
2026-07-25T20:15:19.346Z,2026-07-25 13:15:19,2026-07-25,America/Los_Angeles,dca,Disney California Adventure,Hollywood Land,6440,Mickey's PhilharMagic,TRUE,10,2026-07-25T20:10:46.000Z,2026-07-25 13:10:46,https://queue-times.com/parks/17/queue_times.json
2026-07-25T20:15:19.346Z,2026-07-25 13:15:19,2026-07-25,America/Los_Angeles,dca,Disney California Adventure,Hollywood Land,291,"Monsters, Inc. Mike & Sulley to the Rescue!",TRUE,30,2026-07-25T20:10:46.000Z,2026-07-25 13:10:46,https://queue-times.com/parks/17/queue_times.json
2026-07-25T20:15:19.346Z,2026-07-25 13:15:19,2026-07-25,America/Los_Angeles,dca,Disney California Adventure,Hollywood Land,868,Sorcerer's Workshop,TRUE,0,2026-07-25T20:10:46.000Z,2026-07-25 13:10:46,https://queue-times.com/parks/17/queue_times.json
2026-07-25T20:15:19.346Z,2026-07-25 13:15:19,2026-07-25,America/Los_Angeles,dca,Disney California Adventure,Hollywood Land,294,Turtle Talk with Crush,TRUE,0,2026-07-25T20:10:46.000Z,2026-07-25 13:10:46,https://queue-times.com/parks/17/queue_times.json
2026-07-25T20:15:19.346Z,2026-07-25 13:15:19,2026-07-25,America/Los_Angeles,dca,Disney California Adventure,Pacific Wharf,869,The Bakery Tour,TRUE,0,2026-07-25T20:10:46.000Z,2026-07-25 13:10:46,https://queue-times.com/parks/17/queue_times.json
2026-07-25T20:15:19.346Z,2026-07-25 13:15:19,2026-07-25,America/Los_Angeles,dca,Disney California Adventure,Paradise Gardens Park,298,Golden Zephyr,TRUE,5,2026-07-25T20:10:46.000Z,2026-07-25 13:10:46,https://queue-times.com/parks/17/queue_times.json
2026-07-25T20:15:19.346Z,2026-07-25 13:15:19,2026-07-25,America/Los_Angeles,dca,Disney California Adventure,Paradise Gardens Park,319,Goofy's Sky School,TRUE,40,2026-07-25T20:10:46.000Z,2026-07-25 13:10:46,https://queue-times.com/parks/17/queue_times.json
2026-07-25T20:15:19.346Z,2026-07-25 13:15:19,2026-07-25,America/Los_Angeles,dca,Disney California Adventure,Paradise Gardens Park,301,Silly Symphony Swings,FALSE,0,2026-07-25T20:10:46.000Z,2026-07-25 13:10:46,https://queue-times.com/parks/17/queue_times.json
2026-07-25T20:15:19.346Z,2026-07-25 13:15:19,2026-07-25,America/Los_Angeles,dca,Disney California Adventure,Paradise Gardens Park,316,The Little Mermaid - Ariel's Undersea Adventure,TRUE,20,2026-07-25T20:10:46.000Z,2026-07-25 13:10:46,https://queue-times.com/parks/17/queue_times.json
2026-07-25T20:15:19.346Z,2026-07-25 13:15:19,2026-07-25,America/Los_Angeles,dca,Disney California Adventure,Paradise Gardens Park,14742,World of Color Happiness!,TRUE,0,2026-07-25T20:10:46.000Z,2026-07-25 13:10:46,https://queue-times.com/parks/17/queue_times.json
2026-07-25T20:15:19.346Z,2026-07-25 13:15:19,2026-07-25,America/Los_Angeles,dca,Disney California Adventure,Pixar Pier,866,Games of Pixar Pier,TRUE,5,2026-07-25T20:10:46.000Z,2026-07-25 13:10:46,https://queue-times.com/parks/17/queue_times.json
2026-07-25T20:15:19.346Z,2026-07-25 13:15:19,2026-07-25,America/Los_Angeles,dca,Disney California Adventure,Pixar Pier,322,Incredicoaster,TRUE,25,2026-07-25T20:10:46.000Z,2026-07-25 13:10:46,https://queue-times.com/parks/17/queue_times.json
2026-07-25T20:15:19.346Z,2026-07-25 13:15:19,2026-07-25,America/Los_Angeles,dca,Disney California Adventure,Pixar Pier,10906,Incredicoaster Single Rider,TRUE,0,2026-07-25T20:10:46.000Z,2026-07-25 13:10:46,https://queue-times.com/parks/17/queue_times.json
2026-07-25T20:15:19.346Z,2026-07-25 13:15:19,2026-07-25,America/Los_Angeles,dca,Disney California Adventure,Pixar Pier,6643,Inside Out Emotional Whirlwind,TRUE,15,2026-07-25T20:10:46.000Z,2026-07-25 13:10:46,https://queue-times.com/parks/17/queue_times.json
2026-07-25T20:15:19.346Z,2026-07-25 13:15:19,2026-07-25,America/Los_Angeles,dca,Disney California Adventure,Pixar Pier,310,Jessie's Critter Carousel,TRUE,5,2026-07-25T20:10:46.000Z,2026-07-25 13:10:46,https://queue-times.com/parks/17/queue_times.json
2026-07-25T20:15:19.346Z,2026-07-25 13:15:19,2026-07-25,America/Los_Angeles,dca,Disney California Adventure,Pixar Pier,300,Jumpin' Jellyfish,TRUE,5,2026-07-25T20:10:46.000Z,2026-07-25 13:10:46,https://queue-times.com/parks/17/queue_times.json
2026-07-25T20:15:19.346Z,2026-07-25 13:15:19,2026-07-25,America/Los_Angeles,dca,Disney California Adventure,Pixar Pier,311,Pixar Pal-A-Round - Swinging,TRUE,15,2026-07-25T20:10:46.000Z,2026-07-25 13:10:46,https://queue-times.com/parks/17/queue_times.json
2026-07-25T20:15:19.346Z,2026-07-25 13:15:19,2026-07-25,America/Los_Angeles,dca,Disney California Adventure,Pixar Pier,5557,Pixar Pal-A-Round – Non-Swinging,TRUE,30,2026-07-25T20:10:46.000Z,2026-07-25 13:10:46,https://queue-times.com/parks/17/queue_times.json
2026-07-25T20:15:19.346Z,2026-07-25 13:15:19,2026-07-25,America/Los_Angeles,dca,Disney California Adventure,Pixar Pier,313,Toy Story Midway Mania!,FALSE,0,2026-07-25T20:10:46.000Z,2026-07-25 13:10:46,https://queue-times.com/parks/17/queue_times.json
2026-07-25T20:30:18.288Z,2026-07-25 13:30:18,2026-07-25,America/Los_Angeles,disneyland,Disneyland,Adventureland,12428,Adventureland Treehouse inspired by Walt Disney’s Swiss Family Robinson,TRUE,0,2026-07-25T20:25:46.000Z,2026-07-25 13:25:46,https://queue-times.com/parks/16/queue_times.json
2026-07-25T20:30:18.288Z,2026-07-25 13:30:18,2026-07-25,America/Los_Angeles,disneyland,Disneyland,Adventureland,326,Indiana Jones™ Adventure,TRUE,35,2026-07-25T20:25:46.000Z,2026-07-25 13:25:46,https://queue-times.com/parks/16/queue_times.json
2026-07-25T20:30:18.288Z,2026-07-25 13:30:18,2026-07-25,America/Los_Angeles,disneyland,Disneyland,Adventureland,296,Jungle Cruise,TRUE,15,2026-07-25T20:25:46.000Z,2026-07-25 13:25:46,https://queue-times.com/parks/16/queue_times.json
2026-07-25T20:30:18.288Z,2026-07-25 13:30:18,2026-07-25,America/Los_Angeles,disneyland,Disneyland,Adventureland,288,Walt Disney's Enchanted Tiki Room,TRUE,0,2026-07-25T20:25:46.000Z,2026-07-25 13:25:46,https://queue-times.com/parks/16/queue_times.json
2026-07-25T20:30:18.288Z,2026-07-25 13:30:18,2026-07-25,America/Los_Angeles,disneyland,Disneyland,Bayou Country,304,Davy Crockett's Explorer Canoes,TRUE,5,2026-07-25T20:25:46.000Z,2026-07-25 13:25:46,https://queue-times.com/parks/16/queue_times.json
2026-07-25T20:30:18.288Z,2026-07-25 13:30:18,2026-07-25,America/Los_Angeles,disneyland,Disneyland,Bayou Country,306,The Many Adventures of Winnie the Pooh,TRUE,5,2026-07-25T20:25:46.000Z,2026-07-25 13:25:46,https://queue-times.com/parks/16/queue_times.json
2026-07-25T20:30:18.288Z,2026-07-25 13:30:18,2026-07-25,America/Los_Angeles,disneyland,Disneyland,Bayou Country,14168,Tiana's Bayou Adventure,TRUE,60,2026-07-25T20:25:46.000Z,2026-07-25 13:25:46,https://queue-times.com/parks/16/queue_times.json
2026-07-25T20:30:18.288Z,2026-07-25 13:30:18,2026-07-25,America/Los_Angeles,disneyland,Disneyland,Bayou Country,14326,Tiana's Bayou Adventure Single Rider,TRUE,0,2026-07-25T20:25:46.000Z,2026-07-25 13:25:46,https://queue-times.com/parks/16/queue_times.json
2026-07-25T20:30:18.288Z,2026-07-25 13:30:18,2026-07-25,America/Los_Angeles,disneyland,Disneyland,Fantasyland,307,"""it's a small world""",TRUE,10,2026-07-25T20:25:46.000Z,2026-07-25 13:25:46,https://queue-times.com/parks/16/queue_times.json
2026-07-25T20:30:18.288Z,2026-07-25 13:30:18,2026-07-25,America/Los_Angeles,disneyland,Disneyland,Fantasyland,285,Alice in Wonderland,TRUE,20,2026-07-25T20:25:46.000Z,2026-07-25 13:25:46,https://queue-times.com/parks/16/queue_times.json
2026-07-25T20:30:18.288Z,2026-07-25 13:30:18,2026-07-25,America/Los_Angeles,disneyland,Disneyland,Fantasyland,16254,Bluey’s Best Day Ever! at Fantasyland Theatre,TRUE,0,2026-07-25T20:25:46.000Z,2026-07-25 13:25:46,https://queue-times.com/parks/16/queue_times.json
2026-07-25T20:30:18.288Z,2026-07-25 13:30:18,2026-07-25,America/Los_Angeles,disneyland,Disneyland,Fantasyland,303,Casey Jr. Circus Train,TRUE,10,2026-07-25T20:25:46.000Z,2026-07-25 13:25:46,https://queue-times.com/parks/16/queue_times.json
2026-07-25T20:30:18.288Z,2026-07-25 13:30:18,2026-07-25,America/Los_Angeles,disneyland,Disneyland,Fantasyland,275,Dumbo the Flying Elephant,TRUE,25,2026-07-25T20:25:46.000Z,2026-07-25 13:25:46,https://queue-times.com/parks/16/queue_times.json
2026-07-25T20:30:18.288Z,2026-07-25 13:30:18,2026-07-25,America/Los_Angeles,disneyland,Disneyland,Fantasyland,277,King Arthur Carrousel,TRUE,10,2026-07-25T20:25:46.000Z,2026-07-25 13:25:46,https://queue-times.com/parks/16/queue_times.json
2026-07-25T20:30:18.288Z,2026-07-25 13:30:18,2026-07-25,America/Los_Angeles,disneyland,Disneyland,Fantasyland,278,Mad Tea Party,TRUE,5,2026-07-25T20:25:46.000Z,2026-07-25 13:25:46,https://queue-times.com/parks/16/queue_times.json
2026-07-25T20:30:18.288Z,2026-07-25 13:30:18,2026-07-25,America/Los_Angeles,disneyland,Disneyland,Fantasyland,279,Matterhorn Bobsleds,TRUE,35,2026-07-25T20:25:46.000Z,2026-07-25 13:25:46,https://queue-times.com/parks/16/queue_times.json
2026-07-25T20:30:18.288Z,2026-07-25 13:30:18,2026-07-25,America/Los_Angeles,disneyland,Disneyland,Fantasyland,6711,Meet Disney Princesses at Royal Hall,TRUE,15,2026-07-25T20:25:46.000Z,2026-07-25 13:25:46,https://queue-times.com/parks/16/queue_times.json
2026-07-25T20:30:18.288Z,2026-07-25 13:30:18,2026-07-25,America/Los_Angeles,disneyland,Disneyland,Fantasyland,280,Mr. Toad's Wild Ride,TRUE,10,2026-07-25T20:25:46.000Z,2026-07-25 13:25:46,https://queue-times.com/parks/16/queue_times.json
2026-07-25T20:30:18.288Z,2026-07-25 13:30:18,2026-07-25,America/Los_Angeles,disneyland,Disneyland,Fantasyland,281,Peter Pan's Flight,TRUE,30,2026-07-25T20:25:46.000Z,2026-07-25 13:25:46,https://queue-times.com/parks/16/queue_times.json
2026-07-25T20:30:18.288Z,2026-07-25 13:30:18,2026-07-25,America/Los_Angeles,disneyland,Disneyland,Fantasyland,282,Pinocchio's Daring Journey,TRUE,10,2026-07-25T20:25:46.000Z,2026-07-25 13:25:46,https://queue-times.com/parks/16/queue_times.json
2026-07-25T20:30:18.288Z,2026-07-25 13:30:18,2026-07-25,America/Los_Angeles,disneyland,Disneyland,Fantasyland,687,Sleeping Beauty Castle Walkthrough,FALSE,0,2026-07-25T20:25:46.000Z,2026-07-25 13:25:46,https://queue-times.com/parks/16/queue_times.json
2026-07-25T20:30:18.288Z,2026-07-25 13:30:18,2026-07-25,America/Los_Angeles,disneyland,Disneyland,Fantasyland,283,Snow White's Enchanted Wish,TRUE,15,2026-07-25T20:25:46.000Z,2026-07-25 13:25:46,https://queue-times.com/parks/16/queue_times.json
2026-07-25T20:30:18.288Z,2026-07-25 13:30:18,2026-07-25,America/Los_Angeles,disneyland,Disneyland,Fantasyland,305,Storybook Land Canal Boats,TRUE,10,2026-07-25T20:25:46.000Z,2026-07-25 13:25:46,https://queue-times.com/parks/16/queue_times.json
2026-07-25T20:30:18.288Z,2026-07-25 13:30:18,2026-07-25,America/Los_Angeles,disneyland,Disneyland,Frontierland,323,Big Thunder Mountain Railroad,TRUE,15,2026-07-25T20:25:46.000Z,2026-07-25 13:25:46,https://queue-times.com/parks/16/queue_times.json
2026-07-25T20:30:18.288Z,2026-07-25 13:30:18,2026-07-25,America/Los_Angeles,disneyland,Disneyland,Frontierland,679,Frontierland Shootin' Exposition,FALSE,0,2026-07-25T20:25:46.000Z,2026-07-25 13:25:46,https://queue-times.com/parks/16/queue_times.json
2026-07-25T20:30:18.288Z,2026-07-25 13:30:18,2026-07-25,America/Los_Angeles,disneyland,Disneyland,Frontierland,456,Mark Twain Riverboat,TRUE,10,2026-07-25T20:25:46.000Z,2026-07-25 13:25:46,https://queue-times.com/parks/16/queue_times.json
2026-07-25T20:30:18.288Z,2026-07-25 13:30:18,2026-07-25,America/Los_Angeles,disneyland,Disneyland,Frontierland,331,Pirate's Lair on Tom Sawyer Island,TRUE,5,2026-07-25T20:25:46.000Z,2026-07-25 13:25:46,https://queue-times.com/parks/16/queue_times.json
2026-07-25T20:30:18.288Z,2026-07-25 13:30:18,2026-07-25,America/Los_Angeles,disneyland,Disneyland,Frontierland,328,Sailing Ship Columbia,TRUE,10,2026-07-25T20:25:46.000Z,2026-07-25 13:25:46,https://queue-times.com/parks/16/queue_times.json
2026-07-25T20:30:18.288Z,2026-07-25 13:30:18,2026-07-25,America/Los_Angeles,disneyland,Disneyland,Main Street U.S.A,674,Disneyland Railroad,TRUE,5,2026-07-25T20:25:46.000Z,2026-07-25 13:25:46,https://queue-times.com/parks/16/queue_times.json
2026-07-25T20:30:18.288Z,2026-07-25 13:30:18,2026-07-25,America/Los_Angeles,disneyland,Disneyland,Main Street U.S.A,690,Great Moments with Mr. Lincoln,TRUE,0,2026-07-25T20:25:46.000Z,2026-07-25 13:25:46,https://queue-times.com/parks/16/queue_times.json
2026-07-25T20:30:18.288Z,2026-07-25 13:30:18,2026-07-25,America/Los_Angeles,disneyland,Disneyland,Main Street U.S.A,686,Main Street Cinema,TRUE,0,2026-07-25T20:25:46.000Z,2026-07-25 13:25:46,https://queue-times.com/parks/16/queue_times.json
2026-07-25T20:30:18.288Z,2026-07-25 13:30:18,2026-07-25,America/Los_Angeles,disneyland,Disneyland,Main Street U.S.A,691,Main Street Vehicles,TRUE,0,2026-07-25T20:25:46.000Z,2026-07-25 13:25:46,https://queue-times.com/parks/16/queue_times.json
2026-07-25T20:30:18.288Z,2026-07-25 13:30:18,2026-07-25,America/Los_Angeles,disneyland,Disneyland,Main Street U.S.A,14915,Opera House - Walt Disney - A Magical Life,TRUE,0,2026-07-25T20:25:46.000Z,2026-07-25 13:25:46,https://queue-times.com/parks/16/queue_times.json
2026-07-25T20:30:18.288Z,2026-07-25 13:30:18,2026-07-25,America/Los_Angeles,disneyland,Disneyland,Main Street U.S.A,695,The Disney Gallery,TRUE,0,2026-07-25T20:25:46.000Z,2026-07-25 13:25:46,https://queue-times.com/parks/16/queue_times.json
2026-07-25T20:30:18.288Z,2026-07-25 13:30:18,2026-07-25,America/Los_Angeles,disneyland,Disneyland,Main Street U.S.A,14923,Walt Disney - A Magical Life,FALSE,0,2026-07-25T20:25:46.000Z,2026-07-25 13:25:46,https://queue-times.com/parks/16/queue_times.json
2026-07-25T20:30:18.288Z,2026-07-25 13:30:18,2026-07-25,America/Los_Angeles,disneyland,Disneyland,Mickey's Toontown,324,Chip 'n' Dale's GADGETcoaster,TRUE,15,2026-07-25T20:25:46.000Z,2026-07-25 13:25:46,https://queue-times.com/parks/16/queue_times.json
2026-07-25T20:30:18.288Z,2026-07-25 13:30:18,2026-07-25,America/Los_Angeles,disneyland,Disneyland,Mickey's Toontown,13814,Donald's Duck Pond,TRUE,0,2026-07-25T20:25:46.000Z,2026-07-25 13:25:46,https://queue-times.com/parks/16/queue_times.json
2026-07-25T20:30:18.288Z,2026-07-25 13:30:18,2026-07-25,America/Los_Angeles,disneyland,Disneyland,Mickey's Toontown,11980,Goofy's How-to-Play Yard,TRUE,0,2026-07-25T20:25:46.000Z,2026-07-25 13:25:46,https://queue-times.com/parks/16/queue_times.json
2026-07-25T20:30:18.288Z,2026-07-25 13:30:18,2026-07-25,America/Los_Angeles,disneyland,Disneyland,Mickey's Toontown,11526,Mickey & Minnie's Runaway Railway,TRUE,35,2026-07-25T20:25:46.000Z,2026-07-25 13:25:46,https://queue-times.com/parks/16/queue_times.json
2026-07-25T20:30:18.288Z,2026-07-25 13:30:18,2026-07-25,America/Los_Angeles,disneyland,Disneyland,Mickey's Toontown,709,Mickey's House and Meet Mickey Mouse,TRUE,5,2026-07-25T20:25:46.000Z,2026-07-25 13:25:46,https://queue-times.com/parks/16/queue_times.json
2026-07-25T20:30:18.288Z,2026-07-25 13:30:18,2026-07-25,America/Los_Angeles,disneyland,Disneyland,Mickey's Toontown,327,Mickey's House and Meet Mickey Mouse,FALSE,0,2026-07-25T20:25:46.000Z,2026-07-25 13:25:46,https://queue-times.com/parks/16/queue_times.json
2026-07-25T20:30:18.288Z,2026-07-25 13:30:18,2026-07-25,America/Los_Angeles,disneyland,Disneyland,Mickey's Toontown,684,Minnie's House,TRUE,0,2026-07-25T20:25:46.000Z,2026-07-25 13:25:46,https://queue-times.com/parks/16/queue_times.json
2026-07-25T20:30:18.288Z,2026-07-25 13:30:18,2026-07-25,America/Los_Angeles,disneyland,Disneyland,Mickey's Toontown,332,Roger Rabbit's Car Toon Spin,TRUE,35,2026-07-25T20:25:46.000Z,2026-07-25 13:25:46,https://queue-times.com/parks/16/queue_times.json
2026-07-25T20:30:18.288Z,2026-07-25 13:30:18,2026-07-25,America/Los_Angeles,disneyland,Disneyland,New Orleans Square,13958,Haunted Mansion,TRUE,25,2026-07-25T20:25:46.000Z,2026-07-25 13:25:46,https://queue-times.com/parks/16/queue_times.json
2026-07-25T20:30:18.288Z,2026-07-25 13:30:18,2026-07-25,America/Los_Angeles,disneyland,Disneyland,New Orleans Square,289,Pirates of the Caribbean,TRUE,25,2026-07-25T20:25:46.000Z,2026-07-25 13:25:46,https://queue-times.com/parks/16/queue_times.json
2026-07-25T20:30:18.288Z,2026-07-25 13:30:18,2026-07-25,America/Los_Angeles,disneyland,Disneyland,Star Wars: Galaxy's Edge,6339,Millennium Falcon: Smugglers Run,TRUE,15,2026-07-25T20:25:46.000Z,2026-07-25 13:25:46,https://queue-times.com/parks/16/queue_times.json
2026-07-25T20:30:18.288Z,2026-07-25 13:30:18,2026-07-25,America/Los_Angeles,disneyland,Disneyland,Star Wars: Galaxy's Edge,10903,Millennium Falcon: Smugglers Run Single Rider,TRUE,0,2026-07-25T20:25:46.000Z,2026-07-25 13:25:46,https://queue-times.com/parks/16/queue_times.json
2026-07-25T20:30:18.288Z,2026-07-25 13:30:18,2026-07-25,America/Los_Angeles,disneyland,Disneyland,Star Wars: Galaxy's Edge,6340,Star Wars: Rise of the Resistance,TRUE,50,2026-07-25T20:25:46.000Z,2026-07-25 13:25:46,https://queue-times.com/parks/16/queue_times.json
2026-07-25T20:30:18.288Z,2026-07-25 13:30:18,2026-07-25,America/Los_Angeles,disneyland,Disneyland,Tomorrowland,287,Astro Orbitor,TRUE,40,2026-07-25T20:25:46.000Z,2026-07-25 13:25:46,https://queue-times.com/parks/16/queue_times.json
2026-07-25T20:30:18.288Z,2026-07-25 13:30:18,2026-07-25,America/Los_Angeles,disneyland,Disneyland,Tomorrowland,317,Autopia,TRUE,5,2026-07-25T20:25:46.000Z,2026-07-25 13:25:46,https://queue-times.com/parks/16/queue_times.json
2026-07-25T20:30:18.288Z,2026-07-25 13:30:18,2026-07-25,America/Los_Angeles,disneyland,Disneyland,Tomorrowland,273,Buzz Lightyear Astro Blasters,FALSE,0,2026-07-25T20:25:46.000Z,2026-07-25 13:25:46,https://queue-times.com/parks/16/queue_times.json
2026-07-25T20:30:18.288Z,2026-07-25 13:30:18,2026-07-25,America/Los_Angeles,disneyland,Disneyland,Tomorrowland,274,Disneyland Monorail,FALSE,0,2026-07-25T20:25:46.000Z,2026-07-25 13:25:46,https://queue-times.com/parks/16/queue_times.json
2026-07-25T20:30:18.288Z,2026-07-25 13:30:18,2026-07-25,America/Los_Angeles,disneyland,Disneyland,Tomorrowland,276,Finding Nemo Submarine Voyage,TRUE,20,2026-07-25T20:25:46.000Z,2026-07-25 13:25:46,https://queue-times.com/parks/16/queue_times.json
2026-07-25T20:30:18.288Z,2026-07-25 13:30:18,2026-07-25,America/Los_Angeles,disneyland,Disneyland,Tomorrowland,16627,Pixar Short Film Spotlight,FALSE,0,2026-07-25T20:25:46.000Z,2026-07-25 13:25:46,https://queue-times.com/parks/16/queue_times.json
2026-07-25T20:30:18.288Z,2026-07-25 13:30:18,2026-07-25,America/Los_Angeles,disneyland,Disneyland,Tomorrowland,284,Space Mountain,TRUE,40,2026-07-25T20:25:46.000Z,2026-07-25 13:25:46,https://queue-times.com/parks/16/queue_times.json
2026-07-25T20:30:18.288Z,2026-07-25 13:30:18,2026-07-25,America/Los_Angeles,disneyland,Disneyland,Tomorrowland,286,Star Tours - The Adventures Continue,TRUE,20,2026-07-25T20:25:46.000Z,2026-07-25 13:25:46,https://queue-times.com/parks/16/queue_times.json
2026-07-25T20:30:18.288Z,2026-07-25 13:30:18,2026-07-25,America/Los_Angeles,dca,Disney California Adventure,Avengers Campus,329,Guardians of the Galaxy - Mission: BREAKOUT!,TRUE,30,2026-07-25T20:25:49.000Z,2026-07-25 13:25:49,https://queue-times.com/parks/17/queue_times.json
2026-07-25T20:30:18.288Z,2026-07-25 13:30:18,2026-07-25,America/Los_Angeles,dca,Disney California Adventure,Avengers Campus,8843,WEB SLINGERS: A Spider-Man Adventure,TRUE,45,2026-07-25T20:25:49.000Z,2026-07-25 13:25:49,https://queue-times.com/parks/17/queue_times.json
2026-07-25T20:30:18.288Z,2026-07-25 13:30:18,2026-07-25,America/Los_Angeles,dca,Disney California Adventure,Avengers Campus,10907,WEB SLINGERS: A Spider-Man Adventure Single Rider,TRUE,0,2026-07-25T20:25:49.000Z,2026-07-25 13:25:49,https://queue-times.com/parks/17/queue_times.json
2026-07-25T20:30:18.288Z,2026-07-25 13:30:18,2026-07-25,America/Los_Angeles,dca,Disney California Adventure,Cars Land,13961,Luigi's Rollickin' Roadsters,TRUE,10,2026-07-25T20:25:49.000Z,2026-07-25 13:25:49,https://queue-times.com/parks/17/queue_times.json
2026-07-25T20:30:18.288Z,2026-07-25 13:30:18,2026-07-25,America/Los_Angeles,dca,Disney California Adventure,Cars Land,315,Mater's Junkyard Jamboree,TRUE,10,2026-07-25T20:25:49.000Z,2026-07-25 13:25:49,https://queue-times.com/parks/17/queue_times.json
2026-07-25T20:30:18.288Z,2026-07-25 13:30:18,2026-07-25,America/Los_Angeles,dca,Disney California Adventure,Cars Land,295,Radiator Springs Racers,TRUE,80,2026-07-25T20:25:49.000Z,2026-07-25 13:25:49,https://queue-times.com/parks/17/queue_times.json
2026-07-25T20:30:18.288Z,2026-07-25 13:30:18,2026-07-25,America/Los_Angeles,dca,Disney California Adventure,Cars Land,10904,Radiator Springs Racers Single Rider,TRUE,0,2026-07-25T20:25:49.000Z,2026-07-25 13:25:49,https://queue-times.com/parks/17/queue_times.json
2026-07-25T20:30:18.288Z,2026-07-25 13:30:18,2026-07-25,America/Los_Angeles,dca,Disney California Adventure,Grizzly Peak,302,Grizzly River Run,TRUE,55,2026-07-25T20:25:49.000Z,2026-07-25 13:25:49,https://queue-times.com/parks/17/queue_times.json
2026-07-25T20:30:18.288Z,2026-07-25 13:30:18,2026-07-25,America/Los_Angeles,dca,Disney California Adventure,Grizzly Peak,293,Redwood Creek Challenge Trail,TRUE,5,2026-07-25T20:25:49.000Z,2026-07-25 13:25:49,https://queue-times.com/parks/17/queue_times.json
2026-07-25T20:30:18.288Z,2026-07-25 13:30:18,2026-07-25,America/Los_Angeles,dca,Disney California Adventure,Grizzly Peak,17129,Soarin’ Across America,TRUE,40,2026-07-25T20:25:49.000Z,2026-07-25 13:25:49,https://queue-times.com/parks/17/queue_times.json
2026-07-25T20:30:18.288Z,2026-07-25 13:30:18,2026-07-25,America/Los_Angeles,dca,Disney California Adventure,Hollywood Land,321,Animation Academy,TRUE,0,2026-07-25T20:25:49.000Z,2026-07-25 13:25:49,https://queue-times.com/parks/17/queue_times.json
2026-07-25T20:30:18.288Z,2026-07-25 13:30:18,2026-07-25,America/Los_Angeles,dca,Disney California Adventure,Hollywood Land,6440,Mickey's PhilharMagic,TRUE,10,2026-07-25T20:25:49.000Z,2026-07-25 13:25:49,https://queue-times.com/parks/17/queue_times.json
2026-07-25T20:30:18.288Z,2026-07-25 13:30:18,2026-07-25,America/Los_Angeles,dca,Disney California Adventure,Hollywood Land,291,"Monsters, Inc. Mike & Sulley to the Rescue!",TRUE,60,2026-07-25T20:25:49.000Z,2026-07-25 13:25:49,https://queue-times.com/parks/17/queue_times.json
2026-07-25T20:30:18.288Z,2026-07-25 13:30:18,2026-07-25,America/Los_Angeles,dca,Disney California Adventure,Hollywood Land,868,Sorcerer's Workshop,TRUE,0,2026-07-25T20:25:49.000Z,2026-07-25 13:25:49,https://queue-times.com/parks/17/queue_times.json
2026-07-25T20:30:18.288Z,2026-07-25 13:30:18,2026-07-25,America/Los_Angeles,dca,Disney California Adventure,Hollywood Land,294,Turtle Talk with Crush,TRUE,0,2026-07-25T20:25:49.000Z,2026-07-25 13:25:49,https://queue-times.com/parks/17/queue_times.json
2026-07-25T20:30:18.288Z,2026-07-25 13:30:18,2026-07-25,America/Los_Angeles,dca,Disney California Adventure,Pacific Wharf,869,The Bakery Tour,TRUE,0,2026-07-25T20:25:49.000Z,2026-07-25 13:25:49,https://queue-times.com/parks/17/queue_times.json
2026-07-25T20:30:18.288Z,2026-07-25 13:30:18,2026-07-25,America/Los_Angeles,dca,Disney California Adventure,Paradise Gardens Park,298,Golden Zephyr,TRUE,5,2026-07-25T20:25:49.000Z,2026-07-25 13:25:49,https://queue-times.com/parks/17/queue_times.json
2026-07-25T20:30:18.288Z,2026-07-25 13:30:18,2026-07-25,America/Los_Angeles,dca,Disney California Adventure,Paradise Gardens Park,319,Goofy's Sky School,FALSE,0,2026-07-25T20:25:49.000Z,2026-07-25 13:25:49,https://queue-times.com/parks/17/queue_times.json
2026-07-25T20:30:18.288Z,2026-07-25 13:30:18,2026-07-25,America/Los_Angeles,dca,Disney California Adventure,Paradise Gardens Park,301,Silly Symphony Swings,FALSE,0,2026-07-25T20:25:49.000Z,2026-07-25 13:25:49,https://queue-times.com/parks/17/queue_times.json
2026-07-25T20:30:18.288Z,2026-07-25 13:30:18,2026-07-25,America/Los_Angeles,dca,Disney California Adventure,Paradise Gardens Park,316,The Little Mermaid - Ariel's Undersea Adventure,TRUE,20,2026-07-25T20:25:49.000Z,2026-07-25 13:25:49,https://queue-times.com/parks/17/queue_times.json
2026-07-25T20:30:18.288Z,2026-07-25 13:30:18,2026-07-25,America/Los_Angeles,dca,Disney California Adventure,Paradise Gardens Park,14742,World of Color Happiness!,TRUE,0,2026-07-25T20:25:49.000Z,2026-07-25 13:25:49,https://queue-times.com/parks/17/queue_times.json
2026-07-25T20:30:18.288Z,2026-07-25 13:30:18,2026-07-25,America/Los_Angeles,dca,Disney California Adventure,Pixar Pier,866,Games of Pixar Pier,TRUE,5,2026-07-25T20:25:49.000Z,2026-07-25 13:25:49,https://queue-times.com/parks/17/queue_times.json
2026-07-25T20:30:18.288Z,2026-07-25 13:30:18,2026-07-25,America/Los_Angeles,dca,Disney California Adventure,Pixar Pier,322,Incredicoaster,TRUE,45,2026-07-25T20:25:49.000Z,2026-07-25 13:25:49,https://queue-times.com/parks/17/queue_times.json
2026-07-25T20:30:18.288Z,2026-07-25 13:30:18,2026-07-25,America/Los_Angeles,dca,Disney California Adventure,Pixar Pier,10906,Incredicoaster Single Rider,TRUE,0,2026-07-25T20:25:49.000Z,2026-07-25 13:25:49,https://queue-times.com/parks/17/queue_times.json
2026-07-25T20:30:18.288Z,2026-07-25 13:30:18,2026-07-25,America/Los_Angeles,dca,Disney California Adventure,Pixar Pier,6643,Inside Out Emotional Whirlwind,FALSE,0,2026-07-25T20:25:49.000Z,2026-07-25 13:25:49,https://queue-times.com/parks/17/queue_times.json
2026-07-25T20:30:18.288Z,2026-07-25 13:30:18,2026-07-25,America/Los_Angeles,dca,Disney California Adventure,Pixar Pier,310,Jessie's Critter Carousel,TRUE,5,2026-07-25T20:25:49.000Z,2026-07-25 13:25:49,https://queue-times.com/parks/17/queue_times.json
2026-07-25T20:30:18.288Z,2026-07-25 13:30:18,2026-07-25,America/Los_Angeles,dca,Disney California Adventure,Pixar Pier,300,Jumpin' Jellyfish,TRUE,5,2026-07-25T20:25:49.000Z,2026-07-25 13:25:49,https://queue-times.com/parks/17/queue_times.json
2026-07-25T20:30:18.288Z,2026-07-25 13:30:18,2026-07-25,America/Los_Angeles,dca,Disney California Adventure,Pixar Pier,311,Pixar Pal-A-Round - Swinging,TRUE,30,2026-07-25T20:25:49.000Z,2026-07-25 13:25:49,https://queue-times.com/parks/17/queue_times.json
2026-07-25T20:30:18.288Z,2026-07-25 13:30:18,2026-07-25,America/Los_Angeles,dca,Disney California Adventure,Pixar Pier,5557,Pixar Pal-A-Round – Non-Swinging,TRUE,30,2026-07-25T20:25:49.000Z,2026-07-25 13:25:49,https://queue-times.com/parks/17/queue_times.json
2026-07-25T20:30:18.288Z,2026-07-25 13:30:18,2026-07-25,America/Los_Angeles,dca,Disney California Adventure,Pixar Pier,313,Toy Story Midway Mania!,FALSE,0,2026-07-25T20:25:49.000Z,2026-07-25 13:25:49,https://queue-times.com/parks/17/queue_times.json
2026-07-25T20:42:53.392Z,2026-07-25 13:42:53,2026-07-25,America/Los_Angeles,disneyland,Disneyland,Adventureland,12428,Adventureland Treehouse inspired by Walt Disney’s Swiss Family Robinson,TRUE,0,2026-07-25T20:40:58.000Z,2026-07-25 13:40:58,https://queue-times.com/parks/16/queue_times.json
2026-07-25T20:42:53.392Z,2026-07-25 13:42:53,2026-07-25,America/Los_Angeles,disneyland,Disneyland,Adventureland,326,Indiana Jones™ Adventure,TRUE,45,2026-07-25T20:40:58.000Z,2026-07-25 13:40:58,https://queue-times.com/parks/16/queue_times.json
2026-07-25T20:42:53.392Z,2026-07-25 13:42:53,2026-07-25,America/Los_Angeles,disneyland,Disneyland,Adventureland,296,Jungle Cruise,TRUE,15,2026-07-25T20:40:58.000Z,2026-07-25 13:40:58,https://queue-times.com/parks/16/queue_times.json
2026-07-25T20:42:53.392Z,2026-07-25 13:42:53,2026-07-25,America/Los_Angeles,disneyland,Disneyland,Adventureland,288,Walt Disney's Enchanted Tiki Room,TRUE,0,2026-07-25T20:40:58.000Z,2026-07-25 13:40:58,https://queue-times.com/parks/16/queue_times.json
2026-07-25T20:42:53.392Z,2026-07-25 13:42:53,2026-07-25,America/Los_Angeles,disneyland,Disneyland,Bayou Country,304,Davy Crockett's Explorer Canoes,TRUE,5,2026-07-25T20:40:58.000Z,2026-07-25 13:40:58,https://queue-times.com/parks/16/queue_times.json
2026-07-25T20:42:53.392Z,2026-07-25 13:42:53,2026-07-25,America/Los_Angeles,disneyland,Disneyland,Bayou Country,306,The Many Adventures of Winnie the Pooh,TRUE,5,2026-07-25T20:40:58.000Z,2026-07-25 13:40:58,https://queue-times.com/parks/16/queue_times.json
2026-07-25T20:42:53.392Z,2026-07-25 13:42:53,2026-07-25,America/Los_Angeles,disneyland,Disneyland,Bayou Country,14168,Tiana's Bayou Adventure,TRUE,60,2026-07-25T20:40:58.000Z,2026-07-25 13:40:58,https://queue-times.com/parks/16/queue_times.json
2026-07-25T20:42:53.392Z,2026-07-25 13:42:53,2026-07-25,America/Los_Angeles,disneyland,Disneyland,Bayou Country,14326,Tiana's Bayou Adventure Single Rider,TRUE,0,2026-07-25T20:40:58.000Z,2026-07-25 13:40:58,https://queue-times.com/parks/16/queue_times.json
2026-07-25T20:42:53.392Z,2026-07-25 13:42:53,2026-07-25,America/Los_Angeles,disneyland,Disneyland,Fantasyland,307,"""it's a small world""",TRUE,10,2026-07-25T20:40:58.000Z,2026-07-25 13:40:58,https://queue-times.com/parks/16/queue_times.json
2026-07-25T20:42:53.392Z,2026-07-25 13:42:53,2026-07-25,America/Los_Angeles,disneyland,Disneyland,Fantasyland,285,Alice in Wonderland,TRUE,15,2026-07-25T20:40:58.000Z,2026-07-25 13:40:58,https://queue-times.com/parks/16/queue_times.json
2026-07-25T20:42:53.392Z,2026-07-25 13:42:53,2026-07-25,America/Los_Angeles,disneyland,Disneyland,Fantasyland,16254,Bluey’s Best Day Ever! at Fantasyland Theatre,TRUE,0,2026-07-25T20:40:58.000Z,2026-07-25 13:40:58,https://queue-times.com/parks/16/queue_times.json
2026-07-25T20:42:53.392Z,2026-07-25 13:42:53,2026-07-25,America/Los_Angeles,disneyland,Disneyland,Fantasyland,303,Casey Jr. Circus Train,TRUE,10,2026-07-25T20:40:58.000Z,2026-07-25 13:40:58,https://queue-times.com/parks/16/queue_times.json
2026-07-25T20:42:53.392Z,2026-07-25 13:42:53,2026-07-25,America/Los_Angeles,disneyland,Disneyland,Fantasyland,275,Dumbo the Flying Elephant,TRUE,25,2026-07-25T20:40:58.000Z,2026-07-25 13:40:58,https://queue-times.com/parks/16/queue_times.json
2026-07-25T20:42:53.392Z,2026-07-25 13:42:53,2026-07-25,America/Los_Angeles,disneyland,Disneyland,Fantasyland,277,King Arthur Carrousel,TRUE,10,2026-07-25T20:40:58.000Z,2026-07-25 13:40:58,https://queue-times.com/parks/16/queue_times.json
2026-07-25T20:42:53.392Z,2026-07-25 13:42:53,2026-07-25,America/Los_Angeles,disneyland,Disneyland,Fantasyland,278,Mad Tea Party,TRUE,5,2026-07-25T20:40:58.000Z,2026-07-25 13:40:58,https://queue-times.com/parks/16/queue_times.json
2026-07-25T20:42:53.392Z,2026-07-25 13:42:53,2026-07-25,America/Los_Angeles,disneyland,Disneyland,Fantasyland,279,Matterhorn Bobsleds,TRUE,45,2026-07-25T20:40:58.000Z,2026-07-25 13:40:58,https://queue-times.com/parks/16/queue_times.json
2026-07-25T20:42:53.392Z,2026-07-25 13:42:53,2026-07-25,America/Los_Angeles,disneyland,Disneyland,Fantasyland,6711,Meet Disney Princesses at Royal Hall,TRUE,15,2026-07-25T20:40:58.000Z,2026-07-25 13:40:58,https://queue-times.com/parks/16/queue_times.json
2026-07-25T20:42:53.392Z,2026-07-25 13:42:53,2026-07-25,America/Los_Angeles,disneyland,Disneyland,Fantasyland,280,Mr. Toad's Wild Ride,TRUE,10,2026-07-25T20:40:58.000Z,2026-07-25 13:40:58,https://queue-times.com/parks/16/queue_times.json
2026-07-25T20:42:53.392Z,2026-07-25 13:42:53,2026-07-25,America/Los_Angeles,disneyland,Disneyland,Fantasyland,281,Peter Pan's Flight,TRUE,30,2026-07-25T20:40:58.000Z,2026-07-25 13:40:58,https://queue-times.com/parks/16/queue_times.json
2026-07-25T20:42:53.392Z,2026-07-25 13:42:53,2026-07-25,America/Los_Angeles,disneyland,Disneyland,Fantasyland,282,Pinocchio's Daring Journey,TRUE,10,2026-07-25T20:40:58.000Z,2026-07-25 13:40:58,https://queue-times.com/parks/16/queue_times.json
2026-07-25T20:42:53.392Z,2026-07-25 13:42:53,2026-07-25,America/Los_Angeles,disneyland,Disneyland,Fantasyland,687,Sleeping Beauty Castle Walkthrough,FALSE,0,2026-07-25T20:40:58.000Z,2026-07-25 13:40:58,https://queue-times.com/parks/16/queue_times.json
2026-07-25T20:42:53.392Z,2026-07-25 13:42:53,2026-07-25,America/Los_Angeles,disneyland,Disneyland,Fantasyland,283,Snow White's Enchanted Wish,TRUE,15,2026-07-25T20:40:58.000Z,2026-07-25 13:40:58,https://queue-times.com/parks/16/queue_times.json
2026-07-25T20:42:53.392Z,2026-07-25 13:42:53,2026-07-25,America/Los_Angeles,disneyland,Disneyland,Fantasyland,305,Storybook Land Canal Boats,TRUE,10,2026-07-25T20:40:58.000Z,2026-07-25 13:40:58,https://queue-times.com/parks/16/queue_times.json
2026-07-25T20:42:53.392Z,2026-07-25 13:42:53,2026-07-25,America/Los_Angeles,disneyland,Disneyland,Frontierland,323,Big Thunder Mountain Railroad,TRUE,20,2026-07-25T20:40:58.000Z,2026-07-25 13:40:58,https://queue-times.com/parks/16/queue_times.json
2026-07-25T20:42:53.392Z,2026-07-25 13:42:53,2026-07-25,America/Los_Angeles,disneyland,Disneyland,Frontierland,679,Frontierland Shootin' Exposition,FALSE,0,2026-07-25T20:40:58.000Z,2026-07-25 13:40:58,https://queue-times.com/parks/16/queue_times.json
2026-07-25T20:42:53.392Z,2026-07-25 13:42:53,2026-07-25,America/Los_Angeles,disneyland,Disneyland,Frontierland,456,Mark Twain Riverboat,TRUE,10,2026-07-25T20:40:58.000Z,2026-07-25 13:40:58,https://queue-times.com/parks/16/queue_times.json
2026-07-25T20:42:53.392Z,2026-07-25 13:42:53,2026-07-25,America/Los_Angeles,disneyland,Disneyland,Frontierland,331,Pirate's Lair on Tom Sawyer Island,TRUE,5,2026-07-25T20:40:58.000Z,2026-07-25 13:40:58,https://queue-times.com/parks/16/queue_times.json
2026-07-25T20:42:53.392Z,2026-07-25 13:42:53,2026-07-25,America/Los_Angeles,disneyland,Disneyland,Frontierland,328,Sailing Ship Columbia,TRUE,10,2026-07-25T20:40:58.000Z,2026-07-25 13:40:58,https://queue-times.com/parks/16/queue_times.json
2026-07-25T20:42:53.392Z,2026-07-25 13:42:53,2026-07-25,America/Los_Angeles,disneyland,Disneyland,Main Street U.S.A,674,Disneyland Railroad,TRUE,5,2026-07-25T20:40:58.000Z,2026-07-25 13:40:58,https://queue-times.com/parks/16/queue_times.json
2026-07-25T20:42:53.392Z,2026-07-25 13:42:53,2026-07-25,America/Los_Angeles,disneyland,Disneyland,Main Street U.S.A,690,Great Moments with Mr. Lincoln,FALSE,0,2026-07-25T20:40:58.000Z,2026-07-25 13:40:58,https://queue-times.com/parks/16/queue_times.json
2026-07-25T20:42:53.392Z,2026-07-25 13:42:53,2026-07-25,America/Los_Angeles,disneyland,Disneyland,Main Street U.S.A,686,Main Street Cinema,TRUE,0,2026-07-25T20:40:58.000Z,2026-07-25 13:40:58,https://queue-times.com/parks/16/queue_times.json
2026-07-25T20:42:53.392Z,2026-07-25 13:42:53,2026-07-25,America/Los_Angeles,disneyland,Disneyland,Main Street U.S.A,691,Main Street Vehicles,TRUE,0,2026-07-25T20:40:58.000Z,2026-07-25 13:40:58,https://queue-times.com/parks/16/queue_times.json
2026-07-25T20:42:53.392Z,2026-07-25 13:42:53,2026-07-25,America/Los_Angeles,disneyland,Disneyland,Main Street U.S.A,14915,Opera House - Walt Disney - A Magical Life,TRUE,0,2026-07-25T20:40:58.000Z,2026-07-25 13:40:58,https://queue-times.com/parks/16/queue_times.json
2026-07-25T20:42:53.392Z,2026-07-25 13:42:53,2026-07-25,America/Los_Angeles,disneyland,Disneyland,Main Street U.S.A,695,The Disney Gallery,TRUE,0,2026-07-25T20:40:58.000Z,2026-07-25 13:40:58,https://queue-times.com/parks/16/queue_times.json
2026-07-25T20:42:53.392Z,2026-07-25 13:42:53,2026-07-25,America/Los_Angeles,disneyland,Disneyland,Main Street U.S.A,14923,Walt Disney - A Magical Life,FALSE,0,2026-07-25T20:40:58.000Z,2026-07-25 13:40:58,https://queue-times.com/parks/16/queue_times.json
2026-07-25T20:42:53.392Z,2026-07-25 13:42:53,2026-07-25,America/Los_Angeles,disneyland,Disneyland,Mickey's Toontown,324,Chip 'n' Dale's GADGETcoaster,TRUE,30,2026-07-25T20:40:58.000Z,2026-07-25 13:40:58,https://queue-times.com/parks/16/queue_times.json
2026-07-25T20:42:53.392Z,2026-07-25 13:42:53,2026-07-25,America/Los_Angeles,disneyland,Disneyland,Mickey's Toontown,13814,Donald's Duck Pond,TRUE,0,2026-07-25T20:40:58.000Z,2026-07-25 13:40:58,https://queue-times.com/parks/16/queue_times.json
2026-07-25T20:42:53.392Z,2026-07-25 13:42:53,2026-07-25,America/Los_Angeles,disneyland,Disneyland,Mickey's Toontown,11980,Goofy's How-to-Play Yard,TRUE,0,2026-07-25T20:40:58.000Z,2026-07-25 13:40:58,https://queue-times.com/parks/16/queue_times.json
2026-07-25T20:42:53.392Z,2026-07-25 13:42:53,2026-07-25,America/Los_Angeles,disneyland,Disneyland,Mickey's Toontown,11526,Mickey & Minnie's Runaway Railway,TRUE,35,2026-07-25T20:40:58.000Z,2026-07-25 13:40:58,https://queue-times.com/parks/16/queue_times.json
2026-07-25T20:42:53.392Z,2026-07-25 13:42:53,2026-07-25,America/Los_Angeles,disneyland,Disneyland,Mickey's Toontown,709,Mickey's House and Meet Mickey Mouse,TRUE,5,2026-07-25T20:40:58.000Z,2026-07-25 13:40:58,https://queue-times.com/parks/16/queue_times.json
2026-07-25T20:42:53.392Z,2026-07-25 13:42:53,2026-07-25,America/Los_Angeles,disneyland,Disneyland,Mickey's Toontown,327,Mickey's House and Meet Mickey Mouse,FALSE,0,2026-07-25T20:40:58.000Z,2026-07-25 13:40:58,https://queue-times.com/parks/16/queue_times.json
2026-07-25T20:42:53.392Z,2026-07-25 13:42:53,2026-07-25,America/Los_Angeles,disneyland,Disneyland,Mickey's Toontown,684,Minnie's House,TRUE,0,2026-07-25T20:40:58.000Z,2026-07-25 13:40:58,https://queue-times.com/parks/16/queue_times.json
2026-07-25T20:42:53.392Z,2026-07-25 13:42:53,2026-07-25,America/Los_Angeles,disneyland,Disneyland,Mickey's Toontown,332,Roger Rabbit's Car Toon Spin,TRUE,35,2026-07-25T20:40:58.000Z,2026-07-25 13:40:58,https://queue-times.com/parks/16/queue_times.json
2026-07-25T20:42:53.392Z,2026-07-25 13:42:53,2026-07-25,America/Los_Angeles,disneyland,Disneyland,New Orleans Square,13958,Haunted Mansion,TRUE,25,2026-07-25T20:40:58.000Z,2026-07-25 13:40:58,https://queue-times.com/parks/16/queue_times.json
2026-07-25T20:42:53.392Z,2026-07-25 13:42:53,2026-07-25,America/Los_Angeles,disneyland,Disneyland,New Orleans Square,289,Pirates of the Caribbean,TRUE,35,2026-07-25T20:40:58.000Z,2026-07-25 13:40:58,https://queue-times.com/parks/16/queue_times.json
2026-07-25T20:42:53.392Z,2026-07-25 13:42:53,2026-07-25,America/Los_Angeles,disneyland,Disneyland,Star Wars: Galaxy's Edge,6339,Millennium Falcon: Smugglers Run,TRUE,20,2026-07-25T20:40:58.000Z,2026-07-25 13:40:58,https://queue-times.com/parks/16/queue_times.json
2026-07-25T20:42:53.392Z,2026-07-25 13:42:53,2026-07-25,America/Los_Angeles,disneyland,Disneyland,Star Wars: Galaxy's Edge,10903,Millennium Falcon: Smugglers Run Single Rider,TRUE,0,2026-07-25T20:40:58.000Z,2026-07-25 13:40:58,https://queue-times.com/parks/16/queue_times.json
2026-07-25T20:42:53.392Z,2026-07-25 13:42:53,2026-07-25,America/Los_Angeles,disneyland,Disneyland,Star Wars: Galaxy's Edge,6340,Star Wars: Rise of the Resistance,TRUE,40,2026-07-25T20:40:58.000Z,2026-07-25 13:40:58,https://queue-times.com/parks/16/queue_times.json
2026-07-25T20:42:53.392Z,2026-07-25 13:42:53,2026-07-25,America/Los_Angeles,disneyland,Disneyland,Tomorrowland,287,Astro Orbitor,TRUE,40,2026-07-25T20:40:58.000Z,2026-07-25 13:40:58,https://queue-times.com/parks/16/queue_times.json
2026-07-25T20:42:53.392Z,2026-07-25 13:42:53,2026-07-25,America/Los_Angeles,disneyland,Disneyland,Tomorrowland,317,Autopia,TRUE,10,2026-07-25T20:40:58.000Z,2026-07-25 13:40:58,https://queue-times.com/parks/16/queue_times.json
2026-07-25T20:42:53.392Z,2026-07-25 13:42:53,2026-07-25,America/Los_Angeles,disneyland,Disneyland,Tomorrowland,273,Buzz Lightyear Astro Blasters,FALSE,0,2026-07-25T20:40:58.000Z,2026-07-25 13:40:58,https://queue-times.com/parks/16/queue_times.json
2026-07-25T20:42:53.392Z,2026-07-25 13:42:53,2026-07-25,America/Los_Angeles,disneyland,Disneyland,Tomorrowland,274,Disneyland Monorail,FALSE,0,2026-07-25T20:40:58.000Z,2026-07-25 13:40:58,https://queue-times.com/parks/16/queue_times.json
2026-07-25T20:42:53.392Z,2026-07-25 13:42:53,2026-07-25,America/Los_Angeles,disneyland,Disneyland,Tomorrowland,276,Finding Nemo Submarine Voyage,TRUE,20,2026-07-25T20:40:58.000Z,2026-07-25 13:40:58,https://queue-times.com/parks/16/queue_times.json
2026-07-25T20:42:53.392Z,2026-07-25 13:42:53,2026-07-25,America/Los_Angeles,disneyland,Disneyland,Tomorrowland,16627,Pixar Short Film Spotlight,FALSE,0,2026-07-25T20:40:58.000Z,2026-07-25 13:40:58,https://queue-times.com/parks/16/queue_times.json
2026-07-25T20:42:53.392Z,2026-07-25 13:42:53,2026-07-25,America/Los_Angeles,disneyland,Disneyland,Tomorrowland,284,Space Mountain,TRUE,40,2026-07-25T20:40:58.000Z,2026-07-25 13:40:58,https://queue-times.com/parks/16/queue_times.json
2026-07-25T20:42:53.392Z,2026-07-25 13:42:53,2026-07-25,America/Los_Angeles,disneyland,Disneyland,Tomorrowland,286,Star Tours - The Adventures Continue,TRUE,15,2026-07-25T20:40:58.000Z,2026-07-25 13:40:58,https://queue-times.com/parks/16/queue_times.json
2026-07-25T20:42:53.392Z,2026-07-25 13:42:53,2026-07-25,America/Los_Angeles,dca,Disney California Adventure,Avengers Campus,329,Guardians of the Galaxy - Mission: BREAKOUT!,TRUE,35,2026-07-25T20:41:05.000Z,2026-07-25 13:41:05,https://queue-times.com/parks/17/queue_times.json
2026-07-25T20:42:53.392Z,2026-07-25 13:42:53,2026-07-25,America/Los_Angeles,dca,Disney California Adventure,Avengers Campus,8843,WEB SLINGERS: A Spider-Man Adventure,FALSE,0,2026-07-25T20:41:05.000Z,2026-07-25 13:41:05,https://queue-times.com/parks/17/queue_times.json
2026-07-25T20:42:53.392Z,2026-07-25 13:42:53,2026-07-25,America/Los_Angeles,dca,Disney California Adventure,Avengers Campus,10907,WEB SLINGERS: A Spider-Man Adventure Single Rider,FALSE,0,2026-07-25T20:41:05.000Z,2026-07-25 13:41:05,https://queue-times.com/parks/17/queue_times.json
2026-07-25T20:42:53.392Z,2026-07-25 13:42:53,2026-07-25,America/Los_Angeles,dca,Disney California Adventure,Cars Land,13961,Luigi's Rollickin' Roadsters,TRUE,15,2026-07-25T20:41:05.000Z,2026-07-25 13:41:05,https://queue-times.com/parks/17/queue_times.json
2026-07-25T20:42:53.392Z,2026-07-25 13:42:53,2026-07-25,America/Los_Angeles,dca,Disney California Adventure,Cars Land,315,Mater's Junkyard Jamboree,TRUE,15,2026-07-25T20:41:05.000Z,2026-07-25 13:41:05,https://queue-times.com/parks/17/queue_times.json
2026-07-25T20:42:53.392Z,2026-07-25 13:42:53,2026-07-25,America/Los_Angeles,dca,Disney California Adventure,Cars Land,295,Radiator Springs Racers,TRUE,45,2026-07-25T20:41:05.000Z,2026-07-25 13:41:05,https://queue-times.com/parks/17/queue_times.json
2026-07-25T20:42:53.392Z,2026-07-25 13:42:53,2026-07-25,America/Los_Angeles,dca,Disney California Adventure,Cars Land,10904,Radiator Springs Racers Single Rider,TRUE,0,2026-07-25T20:41:05.000Z,2026-07-25 13:41:05,https://queue-times.com/parks/17/queue_times.json
2026-07-25T20:42:53.392Z,2026-07-25 13:42:53,2026-07-25,America/Los_Angeles,dca,Disney California Adventure,Grizzly Peak,302,Grizzly River Run,TRUE,55,2026-07-25T20:41:05.000Z,2026-07-25 13:41:05,https://queue-times.com/parks/17/queue_times.json
2026-07-25T20:42:53.392Z,2026-07-25 13:42:53,2026-07-25,America/Los_Angeles,dca,Disney California Adventure,Grizzly Peak,293,Redwood Creek Challenge Trail,TRUE,5,2026-07-25T20:41:05.000Z,2026-07-25 13:41:05,https://queue-times.com/parks/17/queue_times.json
2026-07-25T20:42:53.392Z,2026-07-25 13:42:53,2026-07-25,America/Los_Angeles,dca,Disney California Adventure,Grizzly Peak,17129,Soarin’ Across America,TRUE,40,2026-07-25T20:41:05.000Z,2026-07-25 13:41:05,https://queue-times.com/parks/17/queue_times.json
2026-07-25T20:42:53.392Z,2026-07-25 13:42:53,2026-07-25,America/Los_Angeles,dca,Disney California Adventure,Hollywood Land,321,Animation Academy,TRUE,0,2026-07-25T20:41:05.000Z,2026-07-25 13:41:05,https://queue-times.com/parks/17/queue_times.json
2026-07-25T20:42:53.392Z,2026-07-25 13:42:53,2026-07-25,America/Los_Angeles,dca,Disney California Adventure,Hollywood Land,6440,Mickey's PhilharMagic,TRUE,10,2026-07-25T20:41:05.000Z,2026-07-25 13:41:05,https://queue-times.com/parks/17/queue_times.json
2026-07-25T20:42:53.392Z,2026-07-25 13:42:53,2026-07-25,America/Los_Angeles,dca,Disney California Adventure,Hollywood Land,291,"Monsters, Inc. Mike & Sulley to the Rescue!",TRUE,60,2026-07-25T20:41:05.000Z,2026-07-25 13:41:05,https://queue-times.com/parks/17/queue_times.json
2026-07-25T20:42:53.392Z,2026-07-25 13:42:53,2026-07-25,America/Los_Angeles,dca,Disney California Adventure,Hollywood Land,868,Sorcerer's Workshop,TRUE,0,2026-07-25T20:41:05.000Z,2026-07-25 13:41:05,https://queue-times.com/parks/17/queue_times.json
2026-07-25T20:42:53.392Z,2026-07-25 13:42:53,2026-07-25,America/Los_Angeles,dca,Disney California Adventure,Hollywood Land,294,Turtle Talk with Crush,TRUE,0,2026-07-25T20:41:05.000Z,2026-07-25 13:41:05,https://queue-times.com/parks/17/queue_times.json
2026-07-25T20:42:53.392Z,2026-07-25 13:42:53,2026-07-25,America/Los_Angeles,dca,Disney California Adventure,Pacific Wharf,869,The Bakery Tour,TRUE,0,2026-07-25T20:41:05.000Z,2026-07-25 13:41:05,https://queue-times.com/parks/17/queue_times.json
2026-07-25T20:42:53.392Z,2026-07-25 13:42:53,2026-07-25,America/Los_Angeles,dca,Disney California Adventure,Paradise Gardens Park,298,Golden Zephyr,TRUE,5,2026-07-25T20:41:05.000Z,2026-07-25 13:41:05,https://queue-times.com/parks/17/queue_times.json
2026-07-25T20:42:53.392Z,2026-07-25 13:42:53,2026-07-25,America/Los_Angeles,dca,Disney California Adventure,Paradise Gardens Park,319,Goofy's Sky School,FALSE,0,2026-07-25T20:41:05.000Z,2026-07-25 13:41:05,https://queue-times.com/parks/17/queue_times.json
2026-07-25T20:42:53.392Z,2026-07-25 13:42:53,2026-07-25,America/Los_Angeles,dca,Disney California Adventure,Paradise Gardens Park,301,Silly Symphony Swings,FALSE,0,2026-07-25T20:41:05.000Z,2026-07-25 13:41:05,https://queue-times.com/parks/17/queue_times.json
2026-07-25T20:42:53.392Z,2026-07-25 13:42:53,2026-07-25,America/Los_Angeles,dca,Disney California Adventure,Paradise Gardens Park,316,The Little Mermaid - Ariel's Undersea Adventure,TRUE,35,2026-07-25T20:41:05.000Z,2026-07-25 13:41:05,https://queue-times.com/parks/17/queue_times.json
2026-07-25T20:42:53.392Z,2026-07-25 13:42:53,2026-07-25,America/Los_Angeles,dca,Disney California Adventure,Paradise Gardens Park,14742,World of Color Happiness!,TRUE,0,2026-07-25T20:41:05.000Z,2026-07-25 13:41:05,https://queue-times.com/parks/17/queue_times.json
2026-07-25T20:42:53.392Z,2026-07-25 13:42:53,2026-07-25,America/Los_Angeles,dca,Disney California Adventure,Pixar Pier,866,Games of Pixar Pier,TRUE,5,2026-07-25T20:41:05.000Z,2026-07-25 13:41:05,https://queue-times.com/parks/17/queue_times.json
2026-07-25T20:42:53.392Z,2026-07-25 13:42:53,2026-07-25,America/Los_Angeles,dca,Disney California Adventure,Pixar Pier,322,Incredicoaster,TRUE,30,2026-07-25T20:41:05.000Z,2026-07-25 13:41:05,https://queue-times.com/parks/17/queue_times.json
2026-07-25T20:42:53.392Z,2026-07-25 13:42:53,2026-07-25,America/Los_Angeles,dca,Disney California Adventure,Pixar Pier,10906,Incredicoaster Single Rider,TRUE,0,2026-07-25T20:41:05.000Z,2026-07-25 13:41:05,https://queue-times.com/parks/17/queue_times.json
2026-07-25T20:42:53.392Z,2026-07-25 13:42:53,2026-07-25,America/Los_Angeles,dca,Disney California Adventure,Pixar Pier,6643,Inside Out Emotional Whirlwind,TRUE,5,2026-07-25T20:41:05.000Z,2026-07-25 13:41:05,https://queue-times.com/parks/17/queue_times.json
2026-07-25T20:42:53.392Z,2026-07-25 13:42:53,2026-07-25,America/Los_Angeles,dca,Disney California Adventure,Pixar Pier,310,Jessie's Critter Carousel,TRUE,5,2026-07-25T20:41:05.000Z,2026-07-25 13:41:05,https://queue-times.com/parks/17/queue_times.json
2026-07-25T20:42:53.392Z,2026-07-25 13:42:53,2026-07-25,America/Los_Angeles,dca,Disney California Adventure,Pixar Pier,300,Jumpin' Jellyfish,TRUE,15,2026-07-25T20:41:05.000Z,2026-07-25 13:41:05,https://queue-times.com/parks/17/queue_times.json
2026-07-25T20:42:53.392Z,2026-07-25 13:42:53,2026-07-25,America/Los_Angeles,dca,Disney California Adventure,Pixar Pier,311,Pixar Pal-A-Round - Swinging,TRUE,30,2026-07-25T20:41:05.000Z,2026-07-25 13:41:05,https://queue-times.com/parks/17/queue_times.json
2026-07-25T20:42:53.392Z,2026-07-25 13:42:53,2026-07-25,America/Los_Angeles,dca,Disney California Adventure,Pixar Pier,5557,Pixar Pal-A-Round – Non-Swinging,TRUE,30,2026-07-25T20:41:05.000Z,2026-07-25 13:41:05,https://queue-times.com/parks/17/queue_times.json
2026-07-25T20:42:53.392Z,2026-07-25 13:42:53,2026-07-25,America/Los_Angeles,dca,Disney California Adventure,Pixar Pier,313,Toy Story Midway Mania!,FALSE,0,2026-07-25T20:41:05.000Z,2026-07-25 13:41:05,https://queue-times.com/parks/17/queue_times.json
2026-07-25T21:00:22.179Z,2026-07-25 14:00:22,2026-07-25,America/Los_Angeles,disneyland,Disneyland,Adventureland,12428,Adventureland Treehouse inspired by Walt Disney’s Swiss Family Robinson,TRUE,0,2026-07-25T20:56:02.000Z,2026-07-25 13:56:02,https://queue-times.com/parks/16/queue_times.json
2026-07-25T21:00:22.179Z,2026-07-25 14:00:22,2026-07-25,America/Los_Angeles,disneyland,Disneyland,Adventureland,326,Indiana Jones™ Adventure,TRUE,40,2026-07-25T20:56:02.000Z,2026-07-25 13:56:02,https://queue-times.com/parks/16/queue_times.json
2026-07-25T21:00:22.179Z,2026-07-25 14:00:22,2026-07-25,America/Los_Angeles,disneyland,Disneyland,Adventureland,296,Jungle Cruise,TRUE,15,2026-07-25T20:56:02.000Z,2026-07-25 13:56:02,https://queue-times.com/parks/16/queue_times.json
2026-07-25T21:00:22.179Z,2026-07-25 14:00:22,2026-07-25,America/Los_Angeles,disneyland,Disneyland,Adventureland,288,Walt Disney's Enchanted Tiki Room,TRUE,0,2026-07-25T20:56:02.000Z,2026-07-25 13:56:02,https://queue-times.com/parks/16/queue_times.json
2026-07-25T21:00:22.179Z,2026-07-25 14:00:22,2026-07-25,America/Los_Angeles,disneyland,Disneyland,Bayou Country,304,Davy Crockett's Explorer Canoes,TRUE,5,2026-07-25T20:56:02.000Z,2026-07-25 13:56:02,https://queue-times.com/parks/16/queue_times.json
2026-07-25T21:00:22.179Z,2026-07-25 14:00:22,2026-07-25,America/Los_Angeles,disneyland,Disneyland,Bayou Country,306,The Many Adventures of Winnie the Pooh,TRUE,5,2026-07-25T20:56:02.000Z,2026-07-25 13:56:02,https://queue-times.com/parks/16/queue_times.json
2026-07-25T21:00:22.179Z,2026-07-25 14:00:22,2026-07-25,America/Los_Angeles,disneyland,Disneyland,Bayou Country,14168,Tiana's Bayou Adventure,TRUE,50,2026-07-25T20:56:02.000Z,2026-07-25 13:56:02,https://queue-times.com/parks/16/queue_times.json
2026-07-25T21:00:22.179Z,2026-07-25 14:00:22,2026-07-25,America/Los_Angeles,disneyland,Disneyland,Bayou Country,14326,Tiana's Bayou Adventure Single Rider,TRUE,0,2026-07-25T20:56:02.000Z,2026-07-25 13:56:02,https://queue-times.com/parks/16/queue_times.json
2026-07-25T21:00:22.179Z,2026-07-25 14:00:22,2026-07-25,America/Los_Angeles,disneyland,Disneyland,Fantasyland,307,"""it's a small world""",TRUE,5,2026-07-25T20:56:02.000Z,2026-07-25 13:56:02,https://queue-times.com/parks/16/queue_times.json
2026-07-25T21:00:22.179Z,2026-07-25 14:00:22,2026-07-25,America/Los_Angeles,disneyland,Disneyland,Fantasyland,285,Alice in Wonderland,TRUE,20,2026-07-25T20:56:02.000Z,2026-07-25 13:56:02,https://queue-times.com/parks/16/queue_times.json
2026-07-25T21:00:22.179Z,2026-07-25 14:00:22,2026-07-25,America/Los_Angeles,disneyland,Disneyland,Fantasyland,16254,Bluey’s Best Day Ever! at Fantasyland Theatre,TRUE,0,2026-07-25T20:56:02.000Z,2026-07-25 13:56:02,https://queue-times.com/parks/16/queue_times.json
2026-07-25T21:00:22.179Z,2026-07-25 14:00:22,2026-07-25,America/Los_Angeles,disneyland,Disneyland,Fantasyland,303,Casey Jr. Circus Train,TRUE,5,2026-07-25T20:56:02.000Z,2026-07-25 13:56:02,https://queue-times.com/parks/16/queue_times.json
2026-07-25T21:00:22.179Z,2026-07-25 14:00:22,2026-07-25,America/Los_Angeles,disneyland,Disneyland,Fantasyland,275,Dumbo the Flying Elephant,TRUE,25,2026-07-25T20:56:02.000Z,2026-07-25 13:56:02,https://queue-times.com/parks/16/queue_times.json
2026-07-25T21:00:22.179Z,2026-07-25 14:00:22,2026-07-25,America/Los_Angeles,disneyland,Disneyland,Fantasyland,277,King Arthur Carrousel,TRUE,5,2026-07-25T20:56:02.000Z,2026-07-25 13:56:02,https://queue-times.com/parks/16/queue_times.json
2026-07-25T21:00:22.179Z,2026-07-25 14:00:22,2026-07-25,America/Los_Angeles,disneyland,Disneyland,Fantasyland,278,Mad Tea Party,TRUE,5,2026-07-25T20:56:02.000Z,2026-07-25 13:56:02,https://queue-times.com/parks/16/queue_times.json
2026-07-25T21:00:22.179Z,2026-07-25 14:00:22,2026-07-25,America/Los_Angeles,disneyland,Disneyland,Fantasyland,279,Matterhorn Bobsleds,TRUE,30,2026-07-25T20:56:02.000Z,2026-07-25 13:56:02,https://queue-times.com/parks/16/queue_times.json
2026-07-25T21:00:22.179Z,2026-07-25 14:00:22,2026-07-25,America/Los_Angeles,disneyland,Disneyland,Fantasyland,6711,Meet Disney Princesses at Royal Hall,TRUE,15,2026-07-25T20:56:02.000Z,2026-07-25 13:56:02,https://queue-times.com/parks/16/queue_times.json
2026-07-25T21:00:22.179Z,2026-07-25 14:00:22,2026-07-25,America/Los_Angeles,disneyland,Disneyland,Fantasyland,280,Mr. Toad's Wild Ride,TRUE,15,2026-07-25T20:56:02.000Z,2026-07-25 13:56:02,https://queue-times.com/parks/16/queue_times.json
2026-07-25T21:00:22.179Z,2026-07-25 14:00:22,2026-07-25,America/Los_Angeles,disneyland,Disneyland,Fantasyland,281,Peter Pan's Flight,TRUE,30,2026-07-25T20:56:02.000Z,2026-07-25 13:56:02,https://queue-times.com/parks/16/queue_times.json
2026-07-25T21:00:22.179Z,2026-07-25 14:00:22,2026-07-25,America/Los_Angeles,disneyland,Disneyland,Fantasyland,282,Pinocchio's Daring Journey,TRUE,10,2026-07-25T20:56:02.000Z,2026-07-25 13:56:02,https://queue-times.com/parks/16/queue_times.json
2026-07-25T21:00:22.179Z,2026-07-25 14:00:22,2026-07-25,America/Los_Angeles,disneyland,Disneyland,Fantasyland,687,Sleeping Beauty Castle Walkthrough,FALSE,0,2026-07-25T20:56:02.000Z,2026-07-25 13:56:02,https://queue-times.com/parks/16/queue_times.json
2026-07-25T21:00:22.179Z,2026-07-25 14:00:22,2026-07-25,America/Los_Angeles,disneyland,Disneyland,Fantasyland,283,Snow White's Enchanted Wish,TRUE,15,2026-07-25T20:56:02.000Z,2026-07-25 13:56:02,https://queue-times.com/parks/16/queue_times.json
2026-07-25T21:00:22.179Z,2026-07-25 14:00:22,2026-07-25,America/Los_Angeles,disneyland,Disneyland,Fantasyland,305,Storybook Land Canal Boats,TRUE,10,2026-07-25T20:56:02.000Z,2026-07-25 13:56:02,https://queue-times.com/parks/16/queue_times.json
2026-07-25T21:00:22.179Z,2026-07-25 14:00:22,2026-07-25,America/Los_Angeles,disneyland,Disneyland,Frontierland,323,Big Thunder Mountain Railroad,TRUE,25,2026-07-25T20:56:02.000Z,2026-07-25 13:56:02,https://queue-times.com/parks/16/queue_times.json
2026-07-25T21:00:22.179Z,2026-07-25 14:00:22,2026-07-25,America/Los_Angeles,disneyland,Disneyland,Frontierland,679,Frontierland Shootin' Exposition,FALSE,0,2026-07-25T20:56:02.000Z,2026-07-25 13:56:02,https://queue-times.com/parks/16/queue_times.json
2026-07-25T21:00:22.179Z,2026-07-25 14:00:22,2026-07-25,America/Los_Angeles,disneyland,Disneyland,Frontierland,456,Mark Twain Riverboat,TRUE,10,2026-07-25T20:56:02.000Z,2026-07-25 13:56:02,https://queue-times.com/parks/16/queue_times.json
2026-07-25T21:00:22.179Z,2026-07-25 14:00:22,2026-07-25,America/Los_Angeles,disneyland,Disneyland,Frontierland,331,Pirate's Lair on Tom Sawyer Island,TRUE,5,2026-07-25T20:56:02.000Z,2026-07-25 13:56:02,https://queue-times.com/parks/16/queue_times.json
2026-07-25T21:00:22.179Z,2026-07-25 14:00:22,2026-07-25,America/Los_Angeles,disneyland,Disneyland,Frontierland,328,Sailing Ship Columbia,TRUE,10,2026-07-25T20:56:02.000Z,2026-07-25 13:56:02,https://queue-times.com/parks/16/queue_times.json
2026-07-25T21:00:22.179Z,2026-07-25 14:00:22,2026-07-25,America/Los_Angeles,disneyland,Disneyland,Main Street U.S.A,674,Disneyland Railroad,TRUE,5,2026-07-25T20:56:02.000Z,2026-07-25 13:56:02,https://queue-times.com/parks/16/queue_times.json
2026-07-25T21:00:22.179Z,2026-07-25 14:00:22,2026-07-25,America/Los_Angeles,disneyland,Disneyland,Main Street U.S.A,690,Great Moments with Mr. Lincoln,FALSE,0,2026-07-25T20:56:02.000Z,2026-07-25 13:56:02,https://queue-times.com/parks/16/queue_times.json
2026-07-25T21:00:22.179Z,2026-07-25 14:00:22,2026-07-25,America/Los_Angeles,disneyland,Disneyland,Main Street U.S.A,686,Main Street Cinema,TRUE,0,2026-07-25T20:56:02.000Z,2026-07-25 13:56:02,https://queue-times.com/parks/16/queue_times.json
2026-07-25T21:00:22.179Z,2026-07-25 14:00:22,2026-07-25,America/Los_Angeles,disneyland,Disneyland,Main Street U.S.A,691,Main Street Vehicles,TRUE,0,2026-07-25T20:56:02.000Z,2026-07-25 13:56:02,https://queue-times.com/parks/16/queue_times.json
2026-07-25T21:00:22.179Z,2026-07-25 14:00:22,2026-07-25,America/Los_Angeles,disneyland,Disneyland,Main Street U.S.A,14915,Opera House - Walt Disney - A Magical Life,TRUE,0,2026-07-25T20:56:02.000Z,2026-07-25 13:56:02,https://queue-times.com/parks/16/queue_times.json
2026-07-25T21:00:22.179Z,2026-07-25 14:00:22,2026-07-25,America/Los_Angeles,disneyland,Disneyland,Main Street U.S.A,695,The Disney Gallery,TRUE,0,2026-07-25T20:56:02.000Z,2026-07-25 13:56:02,https://queue-times.com/parks/16/queue_times.json
2026-07-25T21:00:22.179Z,2026-07-25 14:00:22,2026-07-25,America/Los_Angeles,disneyland,Disneyland,Main Street U.S.A,14923,Walt Disney - A Magical Life,FALSE,0,2026-07-25T20:56:02.000Z,2026-07-25 13:56:02,https://queue-times.com/parks/16/queue_times.json
2026-07-25T21:00:22.179Z,2026-07-25 14:00:22,2026-07-25,America/Los_Angeles,disneyland,Disneyland,Mickey's Toontown,324,Chip 'n' Dale's GADGETcoaster,TRUE,20,2026-07-25T20:56:02.000Z,2026-07-25 13:56:02,https://queue-times.com/parks/16/queue_times.json
2026-07-25T21:00:22.179Z,2026-07-25 14:00:22,2026-07-25,America/Los_Angeles,disneyland,Disneyland,Mickey's Toontown,13814,Donald's Duck Pond,TRUE,0,2026-07-25T20:56:02.000Z,2026-07-25 13:56:02,https://queue-times.com/parks/16/queue_times.json
2026-07-25T21:00:22.179Z,2026-07-25 14:00:22,2026-07-25,America/Los_Angeles,disneyland,Disneyland,Mickey's Toontown,11980,Goofy's How-to-Play Yard,TRUE,0,2026-07-25T20:56:02.000Z,2026-07-25 13:56:02,https://queue-times.com/parks/16/queue_times.json
2026-07-25T21:00:22.179Z,2026-07-25 14:00:22,2026-07-25,America/Los_Angeles,disneyland,Disneyland,Mickey's Toontown,11526,Mickey & Minnie's Runaway Railway,TRUE,35,2026-07-25T20:56:02.000Z,2026-07-25 13:56:02,https://queue-times.com/parks/16/queue_times.json
2026-07-25T21:00:22.179Z,2026-07-25 14:00:22,2026-07-25,America/Los_Angeles,disneyland,Disneyland,Mickey's Toontown,709,Mickey's House and Meet Mickey Mouse,TRUE,30,2026-07-25T20:56:02.000Z,2026-07-25 13:56:02,https://queue-times.com/parks/16/queue_times.json
2026-07-25T21:00:22.179Z,2026-07-25 14:00:22,2026-07-25,America/Los_Angeles,disneyland,Disneyland,Mickey's Toontown,327,Mickey's House and Meet Mickey Mouse,FALSE,0,2026-07-25T20:56:02.000Z,2026-07-25 13:56:02,https://queue-times.com/parks/16/queue_times.json
2026-07-25T21:00:22.179Z,2026-07-25 14:00:22,2026-07-25,America/Los_Angeles,disneyland,Disneyland,Mickey's Toontown,684,Minnie's House,TRUE,0,2026-07-25T20:56:02.000Z,2026-07-25 13:56:02,https://queue-times.com/parks/16/queue_times.json
2026-07-25T21:00:22.179Z,2026-07-25 14:00:22,2026-07-25,America/Los_Angeles,disneyland,Disneyland,Mickey's Toontown,332,Roger Rabbit's Car Toon Spin,TRUE,50,2026-07-25T20:56:02.000Z,2026-07-25 13:56:02,https://queue-times.com/parks/16/queue_times.json
2026-07-25T21:00:22.179Z,2026-07-25 14:00:22,2026-07-25,America/Los_Angeles,disneyland,Disneyland,New Orleans Square,13958,Haunted Mansion,TRUE,30,2026-07-25T20:56:02.000Z,2026-07-25 13:56:02,https://queue-times.com/parks/16/queue_times.json
2026-07-25T21:00:22.179Z,2026-07-25 14:00:22,2026-07-25,America/Los_Angeles,disneyland,Disneyland,New Orleans Square,289,Pirates of the Caribbean,TRUE,35,2026-07-25T20:56:02.000Z,2026-07-25 13:56:02,https://queue-times.com/parks/16/queue_times.json
2026-07-25T21:00:22.179Z,2026-07-25 14:00:22,2026-07-25,America/Los_Angeles,disneyland,Disneyland,Star Wars: Galaxy's Edge,6339,Millennium Falcon: Smugglers Run,TRUE,20,2026-07-25T20:56:02.000Z,2026-07-25 13:56:02,https://queue-times.com/parks/16/queue_times.json
2026-07-25T21:00:22.179Z,2026-07-25 14:00:22,2026-07-25,America/Los_Angeles,disneyland,Disneyland,Star Wars: Galaxy's Edge,10903,Millennium Falcon: Smugglers Run Single Rider,TRUE,0,2026-07-25T20:56:02.000Z,2026-07-25 13:56:02,https://queue-times.com/parks/16/queue_times.json
2026-07-25T21:00:22.179Z,2026-07-25 14:00:22,2026-07-25,America/Los_Angeles,disneyland,Disneyland,Star Wars: Galaxy's Edge,6340,Star Wars: Rise of the Resistance,TRUE,30,2026-07-25T20:56:02.000Z,2026-07-25 13:56:02,https://queue-times.com/parks/16/queue_times.json
2026-07-25T21:00:22.179Z,2026-07-25 14:00:22,2026-07-25,America/Los_Angeles,disneyland,Disneyland,Tomorrowland,287,Astro Orbitor,TRUE,40,2026-07-25T20:56:02.000Z,2026-07-25 13:56:02,https://queue-times.com/parks/16/queue_times.json
2026-07-25T21:00:22.179Z,2026-07-25 14:00:22,2026-07-25,America/Los_Angeles,disneyland,Disneyland,Tomorrowland,317,Autopia,TRUE,15,2026-07-25T20:56:02.000Z,2026-07-25 13:56:02,https://queue-times.com/parks/16/queue_times.json
2026-07-25T21:00:22.179Z,2026-07-25 14:00:22,2026-07-25,America/Los_Angeles,disneyland,Disneyland,Tomorrowland,273,Buzz Lightyear Astro Blasters,FALSE,0,2026-07-25T20:56:02.000Z,2026-07-25 13:56:02,https://queue-times.com/parks/16/queue_times.json
2026-07-25T21:00:22.179Z,2026-07-25 14:00:22,2026-07-25,America/Los_Angeles,disneyland,Disneyland,Tomorrowland,274,Disneyland Monorail,FALSE,0,2026-07-25T20:56:02.000Z,2026-07-25 13:56:02,https://queue-times.com/parks/16/queue_times.json
2026-07-25T21:00:22.179Z,2026-07-25 14:00:22,2026-07-25,America/Los_Angeles,disneyland,Disneyland,Tomorrowland,276,Finding Nemo Submarine Voyage,TRUE,20,2026-07-25T20:56:02.000Z,2026-07-25 13:56:02,https://queue-times.com/parks/16/queue_times.json
2026-07-25T21:00:22.179Z,2026-07-25 14:00:22,2026-07-25,America/Los_Angeles,disneyland,Disneyland,Tomorrowland,16627,Pixar Short Film Spotlight,FALSE,0,2026-07-25T20:56:02.000Z,2026-07-25 13:56:02,https://queue-times.com/parks/16/queue_times.json
2026-07-25T21:00:22.179Z,2026-07-25 14:00:22,2026-07-25,America/Los_Angeles,disneyland,Disneyland,Tomorrowland,284,Space Mountain,TRUE,45,2026-07-25T20:56:02.000Z,2026-07-25 13:56:02,https://queue-times.com/parks/16/queue_times.json
2026-07-25T21:00:22.179Z,2026-07-25 14:00:22,2026-07-25,America/Los_Angeles,disneyland,Disneyland,Tomorrowland,286,Star Tours - The Adventures Continue,TRUE,15,2026-07-25T20:56:02.000Z,2026-07-25 13:56:02,https://queue-times.com/parks/16/queue_times.json
2026-07-25T21:00:22.179Z,2026-07-25 14:00:22,2026-07-25,America/Los_Angeles,dca,Disney California Adventure,Avengers Campus,329,Guardians of the Galaxy - Mission: BREAKOUT!,TRUE,55,2026-07-25T20:56:06.000Z,2026-07-25 13:56:06,https://queue-times.com/parks/17/queue_times.json
2026-07-25T21:00:22.179Z,2026-07-25 14:00:22,2026-07-25,America/Los_Angeles,dca,Disney California Adventure,Avengers Campus,8843,WEB SLINGERS: A Spider-Man Adventure,FALSE,0,2026-07-25T20:56:06.000Z,2026-07-25 13:56:06,https://queue-times.com/parks/17/queue_times.json
2026-07-25T21:00:22.179Z,2026-07-25 14:00:22,2026-07-25,America/Los_Angeles,dca,Disney California Adventure,Avengers Campus,10907,WEB SLINGERS: A Spider-Man Adventure Single Rider,FALSE,0,2026-07-25T20:56:06.000Z,2026-07-25 13:56:06,https://queue-times.com/parks/17/queue_times.json
2026-07-25T21:00:22.179Z,2026-07-25 14:00:22,2026-07-25,America/Los_Angeles,dca,Disney California Adventure,Cars Land,13961,Luigi's Rollickin' Roadsters,TRUE,15,2026-07-25T20:56:06.000Z,2026-07-25 13:56:06,https://queue-times.com/parks/17/queue_times.json
2026-07-25T21:00:22.179Z,2026-07-25 14:00:22,2026-07-25,America/Los_Angeles,dca,Disney California Adventure,Cars Land,315,Mater's Junkyard Jamboree,TRUE,15,2026-07-25T20:56:06.000Z,2026-07-25 13:56:06,https://queue-times.com/parks/17/queue_times.json
2026-07-25T21:00:22.179Z,2026-07-25 14:00:22,2026-07-25,America/Los_Angeles,dca,Disney California Adventure,Cars Land,295,Radiator Springs Racers,TRUE,45,2026-07-25T20:56:06.000Z,2026-07-25 13:56:06,https://queue-times.com/parks/17/queue_times.json
2026-07-25T21:00:22.179Z,2026-07-25 14:00:22,2026-07-25,America/Los_Angeles,dca,Disney California Adventure,Cars Land,10904,Radiator Springs Racers Single Rider,TRUE,0,2026-07-25T20:56:06.000Z,2026-07-25 13:56:06,https://queue-times.com/parks/17/queue_times.json
2026-07-25T21:00:22.179Z,2026-07-25 14:00:22,2026-07-25,America/Los_Angeles,dca,Disney California Adventure,Grizzly Peak,302,Grizzly River Run,TRUE,55,2026-07-25T20:56:06.000Z,2026-07-25 13:56:06,https://queue-times.com/parks/17/queue_times.json
2026-07-25T21:00:22.179Z,2026-07-25 14:00:22,2026-07-25,America/Los_Angeles,dca,Disney California Adventure,Grizzly Peak,293,Redwood Creek Challenge Trail,TRUE,5,2026-07-25T20:56:06.000Z,2026-07-25 13:56:06,https://queue-times.com/parks/17/queue_times.json
2026-07-25T21:00:22.179Z,2026-07-25 14:00:22,2026-07-25,America/Los_Angeles,dca,Disney California Adventure,Grizzly Peak,17129,Soarin’ Across America,TRUE,45,2026-07-25T20:56:06.000Z,2026-07-25 13:56:06,https://queue-times.com/parks/17/queue_times.json
2026-07-25T21:00:22.179Z,2026-07-25 14:00:22,2026-07-25,America/Los_Angeles,dca,Disney California Adventure,Hollywood Land,321,Animation Academy,TRUE,0,2026-07-25T20:56:06.000Z,2026-07-25 13:56:06,https://queue-times.com/parks/17/queue_times.json
2026-07-25T21:00:22.179Z,2026-07-25 14:00:22,2026-07-25,America/Los_Angeles,dca,Disney California Adventure,Hollywood Land,6440,Mickey's PhilharMagic,TRUE,10,2026-07-25T20:56:06.000Z,2026-07-25 13:56:06,https://queue-times.com/parks/17/queue_times.json
2026-07-25T21:00:22.179Z,2026-07-25 14:00:22,2026-07-25,America/Los_Angeles,dca,Disney California Adventure,Hollywood Land,291,"Monsters, Inc. Mike & Sulley to the Rescue!",TRUE,60,2026-07-25T20:56:06.000Z,2026-07-25 13:56:06,https://queue-times.com/parks/17/queue_times.json
2026-07-25T21:00:22.179Z,2026-07-25 14:00:22,2026-07-25,America/Los_Angeles,dca,Disney California Adventure,Hollywood Land,868,Sorcerer's Workshop,TRUE,0,2026-07-25T20:56:06.000Z,2026-07-25 13:56:06,https://queue-times.com/parks/17/queue_times.json
2026-07-25T21:00:22.179Z,2026-07-25 14:00:22,2026-07-25,America/Los_Angeles,dca,Disney California Adventure,Hollywood Land,294,Turtle Talk with Crush,TRUE,0,2026-07-25T20:56:06.000Z,2026-07-25 13:56:06,https://queue-times.com/parks/17/queue_times.json
2026-07-25T21:00:22.179Z,2026-07-25 14:00:22,2026-07-25,America/Los_Angeles,dca,Disney California Adventure,Pacific Wharf,869,The Bakery Tour,TRUE,0,2026-07-25T20:56:06.000Z,2026-07-25 13:56:06,https://queue-times.com/parks/17/queue_times.json
2026-07-25T21:00:22.179Z,2026-07-25 14:00:22,2026-07-25,America/Los_Angeles,dca,Disney California Adventure,Paradise Gardens Park,298,Golden Zephyr,TRUE,5,2026-07-25T20:56:06.000Z,2026-07-25 13:56:06,https://queue-times.com/parks/17/queue_times.json
2026-07-25T21:00:22.179Z,2026-07-25 14:00:22,2026-07-25,America/Los_Angeles,dca,Disney California Adventure,Paradise Gardens Park,319,Goofy's Sky School,FALSE,0,2026-07-25T20:56:06.000Z,2026-07-25 13:56:06,https://queue-times.com/parks/17/queue_times.json
2026-07-25T21:00:22.179Z,2026-07-25 14:00:22,2026-07-25,America/Los_Angeles,dca,Disney California Adventure,Paradise Gardens Park,301,Silly Symphony Swings,FALSE,0,2026-07-25T20:56:06.000Z,2026-07-25 13:56:06,https://queue-times.com/parks/17/queue_times.json
2026-07-25T21:00:22.179Z,2026-07-25 14:00:22,2026-07-25,America/Los_Angeles,dca,Disney California Adventure,Paradise Gardens Park,316,The Little Mermaid - Ariel's Undersea Adventure,TRUE,35,2026-07-25T20:56:06.000Z,2026-07-25 13:56:06,https://queue-times.com/parks/17/queue_times.json
2026-07-25T21:00:22.179Z,2026-07-25 14:00:22,2026-07-25,America/Los_Angeles,dca,Disney California Adventure,Paradise Gardens Park,14742,World of Color Happiness!,TRUE,0,2026-07-25T20:56:06.000Z,2026-07-25 13:56:06,https://queue-times.com/parks/17/queue_times.json
2026-07-25T21:00:22.179Z,2026-07-25 14:00:22,2026-07-25,America/Los_Angeles,dca,Disney California Adventure,Pixar Pier,866,Games of Pixar Pier,TRUE,5,2026-07-25T20:56:06.000Z,2026-07-25 13:56:06,https://queue-times.com/parks/17/queue_times.json
2026-07-25T21:00:22.179Z,2026-07-25 14:00:22,2026-07-25,America/Los_Angeles,dca,Disney California Adventure,Pixar Pier,322,Incredicoaster,TRUE,30,2026-07-25T20:56:06.000Z,2026-07-25 13:56:06,https://queue-times.com/parks/17/queue_times.json
2026-07-25T21:00:22.179Z,2026-07-25 14:00:22,2026-07-25,America/Los_Angeles,dca,Disney California Adventure,Pixar Pier,10906,Incredicoaster Single Rider,TRUE,0,2026-07-25T20:56:06.000Z,2026-07-25 13:56:06,https://queue-times.com/parks/17/queue_times.json
2026-07-25T21:00:22.179Z,2026-07-25 14:00:22,2026-07-25,America/Los_Angeles,dca,Disney California Adventure,Pixar Pier,6643,Inside Out Emotional Whirlwind,TRUE,5,2026-07-25T20:56:06.000Z,2026-07-25 13:56:06,https://queue-times.com/parks/17/queue_times.json
2026-07-25T21:00:22.179Z,2026-07-25 14:00:22,2026-07-25,America/Los_Angeles,dca,Disney California Adventure,Pixar Pier,310,Jessie's Critter Carousel,TRUE,5,2026-07-25T20:56:06.000Z,2026-07-25 13:56:06,https://queue-times.com/parks/17/queue_times.json
2026-07-25T21:00:22.179Z,2026-07-25 14:00:22,2026-07-25,America/Los_Angeles,dca,Disney California Adventure,Pixar Pier,300,Jumpin' Jellyfish,TRUE,15,2026-07-25T20:56:06.000Z,2026-07-25 13:56:06,https://queue-times.com/parks/17/queue_times.json
2026-07-25T21:00:22.179Z,2026-07-25 14:00:22,2026-07-25,America/Los_Angeles,dca,Disney California Adventure,Pixar Pier,311,Pixar Pal-A-Round - Swinging,TRUE,20,2026-07-25T20:56:06.000Z,2026-07-25 13:56:06,https://queue-times.com/parks/17/queue_times.json
2026-07-25T21:00:22.179Z,2026-07-25 14:00:22,2026-07-25,America/Los_Angeles,dca,Disney California Adventure,Pixar Pier,5557,Pixar Pal-A-Round – Non-Swinging,TRUE,20,2026-07-25T20:56:06.000Z,2026-07-25 13:56:06,https://queue-times.com/parks/17/queue_times.json
2026-07-25T21:00:22.179Z,2026-07-25 14:00:22,2026-07-25,America/Los_Angeles,dca,Disney California Adventure,Pixar Pier,313,Toy Story Midway Mania!,FALSE,0,2026-07-25T20:56:06.000Z,2026-07-25 13:56:06,https://queue-times.com/parks/17/queue_times.json
2026-07-25T21:15:17.794Z,2026-07-25 14:15:17,2026-07-25,America/Los_Angeles,disneyland,Disneyland,Adventureland,12428,Adventureland Treehouse inspired by Walt Disney’s Swiss Family Robinson,TRUE,0,2026-07-25T21:10:32.000Z,2026-07-25 14:10:32,https://queue-times.com/parks/16/queue_times.json
2026-07-25T21:15:17.794Z,2026-07-25 14:15:17,2026-07-25,America/Los_Angeles,disneyland,Disneyland,Adventureland,326,Indiana Jones™ Adventure,TRUE,40,2026-07-25T21:10:32.000Z,2026-07-25 14:10:32,https://queue-times.com/parks/16/queue_times.json
2026-07-25T21:15:17.794Z,2026-07-25 14:15:17,2026-07-25,America/Los_Angeles,disneyland,Disneyland,Adventureland,296,Jungle Cruise,TRUE,15,2026-07-25T21:10:32.000Z,2026-07-25 14:10:32,https://queue-times.com/parks/16/queue_times.json
2026-07-25T21:15:17.794Z,2026-07-25 14:15:17,2026-07-25,America/Los_Angeles,disneyland,Disneyland,Adventureland,288,Walt Disney's Enchanted Tiki Room,TRUE,0,2026-07-25T21:10:32.000Z,2026-07-25 14:10:32,https://queue-times.com/parks/16/queue_times.json
2026-07-25T21:15:17.794Z,2026-07-25 14:15:17,2026-07-25,America/Los_Angeles,disneyland,Disneyland,Bayou Country,304,Davy Crockett's Explorer Canoes,TRUE,5,2026-07-25T21:10:32.000Z,2026-07-25 14:10:32,https://queue-times.com/parks/16/queue_times.json
2026-07-25T21:15:17.794Z,2026-07-25 14:15:17,2026-07-25,America/Los_Angeles,disneyland,Disneyland,Bayou Country,306,The Many Adventures of Winnie the Pooh,TRUE,15,2026-07-25T21:10:32.000Z,2026-07-25 14:10:32,https://queue-times.com/parks/16/queue_times.json
2026-07-25T21:15:17.794Z,2026-07-25 14:15:17,2026-07-25,America/Los_Angeles,disneyland,Disneyland,Bayou Country,14168,Tiana's Bayou Adventure,TRUE,50,2026-07-25T21:10:32.000Z,2026-07-25 14:10:32,https://queue-times.com/parks/16/queue_times.json
2026-07-25T21:15:17.794Z,2026-07-25 14:15:17,2026-07-25,America/Los_Angeles,disneyland,Disneyland,Bayou Country,14326,Tiana's Bayou Adventure Single Rider,TRUE,0,2026-07-25T21:10:32.000Z,2026-07-25 14:10:32,https://queue-times.com/parks/16/queue_times.json
2026-07-25T21:15:17.794Z,2026-07-25 14:15:17,2026-07-25,America/Los_Angeles,disneyland,Disneyland,Fantasyland,307,"""it's a small world""",TRUE,10,2026-07-25T21:10:32.000Z,2026-07-25 14:10:32,https://queue-times.com/parks/16/queue_times.json
2026-07-25T21:15:17.794Z,2026-07-25 14:15:17,2026-07-25,America/Los_Angeles,disneyland,Disneyland,Fantasyland,285,Alice in Wonderland,TRUE,20,2026-07-25T21:10:32.000Z,2026-07-25 14:10:32,https://queue-times.com/parks/16/queue_times.json
2026-07-25T21:15:17.794Z,2026-07-25 14:15:17,2026-07-25,America/Los_Angeles,disneyland,Disneyland,Fantasyland,16254,Bluey’s Best Day Ever! at Fantasyland Theatre,TRUE,0,2026-07-25T21:10:32.000Z,2026-07-25 14:10:32,https://queue-times.com/parks/16/queue_times.json
2026-07-25T21:15:17.794Z,2026-07-25 14:15:17,2026-07-25,America/Los_Angeles,disneyland,Disneyland,Fantasyland,303,Casey Jr. Circus Train,TRUE,5,2026-07-25T21:10:32.000Z,2026-07-25 14:10:32,https://queue-times.com/parks/16/queue_times.json
2026-07-25T21:15:17.794Z,2026-07-25 14:15:17,2026-07-25,America/Los_Angeles,disneyland,Disneyland,Fantasyland,275,Dumbo the Flying Elephant,TRUE,20,2026-07-25T21:10:32.000Z,2026-07-25 14:10:32,https://queue-times.com/parks/16/queue_times.json
2026-07-25T21:15:17.794Z,2026-07-25 14:15:17,2026-07-25,America/Los_Angeles,disneyland,Disneyland,Fantasyland,277,King Arthur Carrousel,TRUE,5,2026-07-25T21:10:32.000Z,2026-07-25 14:10:32,https://queue-times.com/parks/16/queue_times.json
2026-07-25T21:15:17.794Z,2026-07-25 14:15:17,2026-07-25,America/Los_Angeles,disneyland,Disneyland,Fantasyland,278,Mad Tea Party,TRUE,5,2026-07-25T21:10:32.000Z,2026-07-25 14:10:32,https://queue-times.com/parks/16/queue_times.json
2026-07-25T21:15:17.794Z,2026-07-25 14:15:17,2026-07-25,America/Los_Angeles,disneyland,Disneyland,Fantasyland,279,Matterhorn Bobsleds,TRUE,30,2026-07-25T21:10:32.000Z,2026-07-25 14:10:32,https://queue-times.com/parks/16/queue_times.json
2026-07-25T21:15:17.794Z,2026-07-25 14:15:17,2026-07-25,America/Los_Angeles,disneyland,Disneyland,Fantasyland,6711,Meet Disney Princesses at Royal Hall,TRUE,15,2026-07-25T21:10:32.000Z,2026-07-25 14:10:32,https://queue-times.com/parks/16/queue_times.json
2026-07-25T21:15:17.794Z,2026-07-25 14:15:17,2026-07-25,America/Los_Angeles,disneyland,Disneyland,Fantasyland,280,Mr. Toad's Wild Ride,TRUE,15,2026-07-25T21:10:32.000Z,2026-07-25 14:10:32,https://queue-times.com/parks/16/queue_times.json
2026-07-25T21:15:17.794Z,2026-07-25 14:15:17,2026-07-25,America/Los_Angeles,disneyland,Disneyland,Fantasyland,281,Peter Pan's Flight,TRUE,25,2026-07-25T21:10:32.000Z,2026-07-25 14:10:32,https://queue-times.com/parks/16/queue_times.json
2026-07-25T21:15:17.794Z,2026-07-25 14:15:17,2026-07-25,America/Los_Angeles,disneyland,Disneyland,Fantasyland,282,Pinocchio's Daring Journey,TRUE,10,2026-07-25T21:10:32.000Z,2026-07-25 14:10:32,https://queue-times.com/parks/16/queue_times.json
2026-07-25T21:15:17.794Z,2026-07-25 14:15:17,2026-07-25,America/Los_Angeles,disneyland,Disneyland,Fantasyland,687,Sleeping Beauty Castle Walkthrough,FALSE,0,2026-07-25T21:10:32.000Z,2026-07-25 14:10:32,https://queue-times.com/parks/16/queue_times.json
2026-07-25T21:15:17.794Z,2026-07-25 14:15:17,2026-07-25,America/Los_Angeles,disneyland,Disneyland,Fantasyland,283,Snow White's Enchanted Wish,TRUE,5,2026-07-25T21:10:32.000Z,2026-07-25 14:10:32,https://queue-times.com/parks/16/queue_times.json
2026-07-25T21:15:17.794Z,2026-07-25 14:15:17,2026-07-25,America/Los_Angeles,disneyland,Disneyland,Fantasyland,305,Storybook Land Canal Boats,TRUE,10,2026-07-25T21:10:32.000Z,2026-07-25 14:10:32,https://queue-times.com/parks/16/queue_times.json
2026-07-25T21:15:17.794Z,2026-07-25 14:15:17,2026-07-25,America/Los_Angeles,disneyland,Disneyland,Frontierland,323,Big Thunder Mountain Railroad,TRUE,30,2026-07-25T21:10:32.000Z,2026-07-25 14:10:32,https://queue-times.com/parks/16/queue_times.json
2026-07-25T21:15:17.794Z,2026-07-25 14:15:17,2026-07-25,America/Los_Angeles,disneyland,Disneyland,Frontierland,679,Frontierland Shootin' Exposition,FALSE,0,2026-07-25T21:10:32.000Z,2026-07-25 14:10:32,https://queue-times.com/parks/16/queue_times.json
2026-07-25T21:15:17.794Z,2026-07-25 14:15:17,2026-07-25,America/Los_Angeles,disneyland,Disneyland,Frontierland,456,Mark Twain Riverboat,TRUE,10,2026-07-25T21:10:32.000Z,2026-07-25 14:10:32,https://queue-times.com/parks/16/queue_times.json
2026-07-25T21:15:17.794Z,2026-07-25 14:15:17,2026-07-25,America/Los_Angeles,disneyland,Disneyland,Frontierland,331,Pirate's Lair on Tom Sawyer Island,TRUE,5,2026-07-25T21:10:32.000Z,2026-07-25 14:10:32,https://queue-times.com/parks/16/queue_times.json
2026-07-25T21:15:17.794Z,2026-07-25 14:15:17,2026-07-25,America/Los_Angeles,disneyland,Disneyland,Frontierland,328,Sailing Ship Columbia,TRUE,10,2026-07-25T21:10:32.000Z,2026-07-25 14:10:32,https://queue-times.com/parks/16/queue_times.json
2026-07-25T21:15:17.794Z,2026-07-25 14:15:17,2026-07-25,America/Los_Angeles,disneyland,Disneyland,Main Street U.S.A,674,Disneyland Railroad,TRUE,5,2026-07-25T21:10:32.000Z,2026-07-25 14:10:32,https://queue-times.com/parks/16/queue_times.json
2026-07-25T21:15:17.794Z,2026-07-25 14:15:17,2026-07-25,America/Los_Angeles,disneyland,Disneyland,Main Street U.S.A,690,Great Moments with Mr. Lincoln,FALSE,0,2026-07-25T21:10:32.000Z,2026-07-25 14:10:32,https://queue-times.com/parks/16/queue_times.json
2026-07-25T21:15:17.794Z,2026-07-25 14:15:17,2026-07-25,America/Los_Angeles,disneyland,Disneyland,Main Street U.S.A,686,Main Street Cinema,TRUE,0,2026-07-25T21:10:32.000Z,2026-07-25 14:10:32,https://queue-times.com/parks/16/queue_times.json
2026-07-25T21:15:17.794Z,2026-07-25 14:15:17,2026-07-25,America/Los_Angeles,disneyland,Disneyland,Main Street U.S.A,691,Main Street Vehicles,TRUE,0,2026-07-25T21:10:32.000Z,2026-07-25 14:10:32,https://queue-times.com/parks/16/queue_times.json
2026-07-25T21:15:17.794Z,2026-07-25 14:15:17,2026-07-25,America/Los_Angeles,disneyland,Disneyland,Main Street U.S.A,14915,Opera House - Walt Disney - A Magical Life,TRUE,0,2026-07-25T21:10:32.000Z,2026-07-25 14:10:32,https://queue-times.com/parks/16/queue_times.json
2026-07-25T21:15:17.794Z,2026-07-25 14:15:17,2026-07-25,America/Los_Angeles,disneyland,Disneyland,Main Street U.S.A,695,The Disney Gallery,TRUE,0,2026-07-25T21:10:32.000Z,2026-07-25 14:10:32,https://queue-times.com/parks/16/queue_times.json
2026-07-25T21:15:17.794Z,2026-07-25 14:15:17,2026-07-25,America/Los_Angeles,disneyland,Disneyland,Main Street U.S.A,14923,Walt Disney - A Magical Life,TRUE,0,2026-07-25T21:10:32.000Z,2026-07-25 14:10:32,https://queue-times.com/parks/16/queue_times.json
2026-07-25T21:15:17.794Z,2026-07-25 14:15:17,2026-07-25,America/Los_Angeles,disneyland,Disneyland,Mickey's Toontown,324,Chip 'n' Dale's GADGETcoaster,TRUE,10,2026-07-25T21:10:32.000Z,2026-07-25 14:10:32,https://queue-times.com/parks/16/queue_times.json
2026-07-25T21:15:17.794Z,2026-07-25 14:15:17,2026-07-25,America/Los_Angeles,disneyland,Disneyland,Mickey's Toontown,13814,Donald's Duck Pond,TRUE,0,2026-07-25T21:10:32.000Z,2026-07-25 14:10:32,https://queue-times.com/parks/16/queue_times.json
2026-07-25T21:15:17.794Z,2026-07-25 14:15:17,2026-07-25,America/Los_Angeles,disneyland,Disneyland,Mickey's Toontown,11980,Goofy's How-to-Play Yard,TRUE,0,2026-07-25T21:10:32.000Z,2026-07-25 14:10:32,https://queue-times.com/parks/16/queue_times.json
2026-07-25T21:15:17.794Z,2026-07-25 14:15:17,2026-07-25,America/Los_Angeles,disneyland,Disneyland,Mickey's Toontown,11526,Mickey & Minnie's Runaway Railway,TRUE,40,2026-07-25T21:10:32.000Z,2026-07-25 14:10:32,https://queue-times.com/parks/16/queue_times.json
2026-07-25T21:15:17.794Z,2026-07-25 14:15:17,2026-07-25,America/Los_Angeles,disneyland,Disneyland,Mickey's Toontown,709,Mickey's House and Meet Mickey Mouse,TRUE,30,2026-07-25T21:10:32.000Z,2026-07-25 14:10:32,https://queue-times.com/parks/16/queue_times.json
2026-07-25T21:15:17.794Z,2026-07-25 14:15:17,2026-07-25,America/Los_Angeles,disneyland,Disneyland,Mickey's Toontown,327,Mickey's House and Meet Mickey Mouse,FALSE,0,2026-07-25T21:10:32.000Z,2026-07-25 14:10:32,https://queue-times.com/parks/16/queue_times.json
2026-07-25T21:15:17.794Z,2026-07-25 14:15:17,2026-07-25,America/Los_Angeles,disneyland,Disneyland,Mickey's Toontown,684,Minnie's House,TRUE,0,2026-07-25T21:10:32.000Z,2026-07-25 14:10:32,https://queue-times.com/parks/16/queue_times.json
2026-07-25T21:15:17.794Z,2026-07-25 14:15:17,2026-07-25,America/Los_Angeles,disneyland,Disneyland,Mickey's Toontown,332,Roger Rabbit's Car Toon Spin,TRUE,40,2026-07-25T21:10:32.000Z,2026-07-25 14:10:32,https://queue-times.com/parks/16/queue_times.json
2026-07-25T21:15:17.794Z,2026-07-25 14:15:17,2026-07-25,America/Los_Angeles,disneyland,Disneyland,New Orleans Square,13958,Haunted Mansion,TRUE,30,2026-07-25T21:10:32.000Z,2026-07-25 14:10:32,https://queue-times.com/parks/16/queue_times.json
2026-07-25T21:15:17.794Z,2026-07-25 14:15:17,2026-07-25,America/Los_Angeles,disneyland,Disneyland,New Orleans Square,289,Pirates of the Caribbean,TRUE,35,2026-07-25T21:10:32.000Z,2026-07-25 14:10:32,https://queue-times.com/parks/16/queue_times.json
2026-07-25T21:15:17.794Z,2026-07-25 14:15:17,2026-07-25,America/Los_Angeles,disneyland,Disneyland,Star Wars: Galaxy's Edge,6339,Millennium Falcon: Smugglers Run,TRUE,20,2026-07-25T21:10:32.000Z,2026-07-25 14:10:32,https://queue-times.com/parks/16/queue_times.json
2026-07-25T21:15:17.794Z,2026-07-25 14:15:17,2026-07-25,America/Los_Angeles,disneyland,Disneyland,Star Wars: Galaxy's Edge,10903,Millennium Falcon: Smugglers Run Single Rider,TRUE,0,2026-07-25T21:10:32.000Z,2026-07-25 14:10:32,https://queue-times.com/parks/16/queue_times.json
2026-07-25T21:15:17.794Z,2026-07-25 14:15:17,2026-07-25,America/Los_Angeles,disneyland,Disneyland,Star Wars: Galaxy's Edge,6340,Star Wars: Rise of the Resistance,TRUE,30,2026-07-25T21:10:32.000Z,2026-07-25 14:10:32,https://queue-times.com/parks/16/queue_times.json
2026-07-25T21:15:17.794Z,2026-07-25 14:15:17,2026-07-25,America/Los_Angeles,disneyland,Disneyland,Tomorrowland,287,Astro Orbitor,TRUE,40,2026-07-25T21:10:32.000Z,2026-07-25 14:10:32,https://queue-times.com/parks/16/queue_times.json
2026-07-25T21:15:17.794Z,2026-07-25 14:15:17,2026-07-25,America/Los_Angeles,disneyland,Disneyland,Tomorrowland,317,Autopia,TRUE,15,2026-07-25T21:10:32.000Z,2026-07-25 14:10:32,https://queue-times.com/parks/16/queue_times.json
2026-07-25T21:15:17.794Z,2026-07-25 14:15:17,2026-07-25,America/Los_Angeles,disneyland,Disneyland,Tomorrowland,273,Buzz Lightyear Astro Blasters,FALSE,0,2026-07-25T21:10:32.000Z,2026-07-25 14:10:32,https://queue-times.com/parks/16/queue_times.json
2026-07-25T21:15:17.794Z,2026-07-25 14:15:17,2026-07-25,America/Los_Angeles,disneyland,Disneyland,Tomorrowland,274,Disneyland Monorail,FALSE,0,2026-07-25T21:10:32.000Z,2026-07-25 14:10:32,https://queue-times.com/parks/16/queue_times.json
2026-07-25T21:15:17.794Z,2026-07-25 14:15:17,2026-07-25,America/Los_Angeles,disneyland,Disneyland,Tomorrowland,276,Finding Nemo Submarine Voyage,TRUE,30,2026-07-25T21:10:32.000Z,2026-07-25 14:10:32,https://queue-times.com/parks/16/queue_times.json
2026-07-25T21:15:17.794Z,2026-07-25 14:15:17,2026-07-25,America/Los_Angeles,disneyland,Disneyland,Tomorrowland,16627,Pixar Short Film Spotlight,FALSE,0,2026-07-25T21:10:32.000Z,2026-07-25 14:10:32,https://queue-times.com/parks/16/queue_times.json
2026-07-25T21:15:17.794Z,2026-07-25 14:15:17,2026-07-25,America/Los_Angeles,disneyland,Disneyland,Tomorrowland,284,Space Mountain,TRUE,50,2026-07-25T21:10:32.000Z,2026-07-25 14:10:32,https://queue-times.com/parks/16/queue_times.json
2026-07-25T21:15:17.794Z,2026-07-25 14:15:17,2026-07-25,America/Los_Angeles,disneyland,Disneyland,Tomorrowland,286,Star Tours - The Adventures Continue,TRUE,15,2026-07-25T21:10:32.000Z,2026-07-25 14:10:32,https://queue-times.com/parks/16/queue_times.json
2026-07-25T21:15:17.794Z,2026-07-25 14:15:17,2026-07-25,America/Los_Angeles,dca,Disney California Adventure,Avengers Campus,329,Guardians of the Galaxy - Mission: BREAKOUT!,TRUE,55,2026-07-25T21:10:38.000Z,2026-07-25 14:10:38,https://queue-times.com/parks/17/queue_times.json
2026-07-25T21:15:17.794Z,2026-07-25 14:15:17,2026-07-25,America/Los_Angeles,dca,Disney California Adventure,Avengers Campus,8843,WEB SLINGERS: A Spider-Man Adventure,FALSE,0,2026-07-25T21:10:38.000Z,2026-07-25 14:10:38,https://queue-times.com/parks/17/queue_times.json
2026-07-25T21:15:17.794Z,2026-07-25 14:15:17,2026-07-25,America/Los_Angeles,dca,Disney California Adventure,Avengers Campus,10907,WEB SLINGERS: A Spider-Man Adventure Single Rider,FALSE,0,2026-07-25T21:10:38.000Z,2026-07-25 14:10:38,https://queue-times.com/parks/17/queue_times.json
2026-07-25T21:15:17.794Z,2026-07-25 14:15:17,2026-07-25,America/Los_Angeles,dca,Disney California Adventure,Cars Land,13961,Luigi's Rollickin' Roadsters,TRUE,15,2026-07-25T21:10:38.000Z,2026-07-25 14:10:38,https://queue-times.com/parks/17/queue_times.json
2026-07-25T21:15:17.794Z,2026-07-25 14:15:17,2026-07-25,America/Los_Angeles,dca,Disney California Adventure,Cars Land,315,Mater's Junkyard Jamboree,TRUE,15,2026-07-25T21:10:38.000Z,2026-07-25 14:10:38,https://queue-times.com/parks/17/queue_times.json
2026-07-25T21:15:17.794Z,2026-07-25 14:15:17,2026-07-25,America/Los_Angeles,dca,Disney California Adventure,Cars Land,295,Radiator Springs Racers,TRUE,65,2026-07-25T21:10:38.000Z,2026-07-25 14:10:38,https://queue-times.com/parks/17/queue_times.json
2026-07-25T21:15:17.794Z,2026-07-25 14:15:17,2026-07-25,America/Los_Angeles,dca,Disney California Adventure,Cars Land,10904,Radiator Springs Racers Single Rider,TRUE,0,2026-07-25T21:10:38.000Z,2026-07-25 14:10:38,https://queue-times.com/parks/17/queue_times.json
2026-07-25T21:15:17.794Z,2026-07-25 14:15:17,2026-07-25,America/Los_Angeles,dca,Disney California Adventure,Grizzly Peak,302,Grizzly River Run,TRUE,55,2026-07-25T21:10:38.000Z,2026-07-25 14:10:38,https://queue-times.com/parks/17/queue_times.json
2026-07-25T21:15:17.794Z,2026-07-25 14:15:17,2026-07-25,America/Los_Angeles,dca,Disney California Adventure,Grizzly Peak,293,Redwood Creek Challenge Trail,TRUE,5,2026-07-25T21:10:38.000Z,2026-07-25 14:10:38,https://queue-times.com/parks/17/queue_times.json
2026-07-25T21:15:17.794Z,2026-07-25 14:15:17,2026-07-25,America/Los_Angeles,dca,Disney California Adventure,Grizzly Peak,17129,Soarin’ Across America,TRUE,60,2026-07-25T21:10:38.000Z,2026-07-25 14:10:38,https://queue-times.com/parks/17/queue_times.json
2026-07-25T21:15:17.794Z,2026-07-25 14:15:17,2026-07-25,America/Los_Angeles,dca,Disney California Adventure,Hollywood Land,321,Animation Academy,TRUE,0,2026-07-25T21:10:38.000Z,2026-07-25 14:10:38,https://queue-times.com/parks/17/queue_times.json
2026-07-25T21:15:17.794Z,2026-07-25 14:15:17,2026-07-25,America/Los_Angeles,dca,Disney California Adventure,Hollywood Land,6440,Mickey's PhilharMagic,TRUE,10,2026-07-25T21:10:38.000Z,2026-07-25 14:10:38,https://queue-times.com/parks/17/queue_times.json
2026-07-25T21:15:17.794Z,2026-07-25 14:15:17,2026-07-25,America/Los_Angeles,dca,Disney California Adventure,Hollywood Land,291,"Monsters, Inc. Mike & Sulley to the Rescue!",TRUE,25,2026-07-25T21:10:38.000Z,2026-07-25 14:10:38,https://queue-times.com/parks/17/queue_times.json
2026-07-25T21:15:17.794Z,2026-07-25 14:15:17,2026-07-25,America/Los_Angeles,dca,Disney California Adventure,Hollywood Land,868,Sorcerer's Workshop,TRUE,0,2026-07-25T21:10:38.000Z,2026-07-25 14:10:38,https://queue-times.com/parks/17/queue_times.json
2026-07-25T21:15:17.794Z,2026-07-25 14:15:17,2026-07-25,America/Los_Angeles,dca,Disney California Adventure,Hollywood Land,294,Turtle Talk with Crush,TRUE,0,2026-07-25T21:10:38.000Z,2026-07-25 14:10:38,https://queue-times.com/parks/17/queue_times.json
2026-07-25T21:15:17.794Z,2026-07-25 14:15:17,2026-07-25,America/Los_Angeles,dca,Disney California Adventure,Pacific Wharf,869,The Bakery Tour,TRUE,0,2026-07-25T21:10:38.000Z,2026-07-25 14:10:38,https://queue-times.com/parks/17/queue_times.json
2026-07-25T21:15:17.794Z,2026-07-25 14:15:17,2026-07-25,America/Los_Angeles,dca,Disney California Adventure,Paradise Gardens Park,298,Golden Zephyr,TRUE,5,2026-07-25T21:10:38.000Z,2026-07-25 14:10:38,https://queue-times.com/parks/17/queue_times.json
2026-07-25T21:15:17.794Z,2026-07-25 14:15:17,2026-07-25,America/Los_Angeles,dca,Disney California Adventure,Paradise Gardens Park,319,Goofy's Sky School,TRUE,20,2026-07-25T21:10:38.000Z,2026-07-25 14:10:38,https://queue-times.com/parks/17/queue_times.json
2026-07-25T21:15:17.794Z,2026-07-25 14:15:17,2026-07-25,America/Los_Angeles,dca,Disney California Adventure,Paradise Gardens Park,301,Silly Symphony Swings,FALSE,0,2026-07-25T21:10:38.000Z,2026-07-25 14:10:38,https://queue-times.com/parks/17/queue_times.json
2026-07-25T21:15:17.794Z,2026-07-25 14:15:17,2026-07-25,America/Los_Angeles,dca,Disney California Adventure,Paradise Gardens Park,316,The Little Mermaid - Ariel's Undersea Adventure,TRUE,35,2026-07-25T21:10:38.000Z,2026-07-25 14:10:38,https://queue-times.com/parks/17/queue_times.json
2026-07-25T21:15:17.794Z,2026-07-25 14:15:17,2026-07-25,America/Los_Angeles,dca,Disney California Adventure,Paradise Gardens Park,14742,World of Color Happiness!,TRUE,0,2026-07-25T21:10:38.000Z,2026-07-25 14:10:38,https://queue-times.com/parks/17/queue_times.json
2026-07-25T21:15:17.794Z,2026-07-25 14:15:17,2026-07-25,America/Los_Angeles,dca,Disney California Adventure,Pixar Pier,866,Games of Pixar Pier,TRUE,5,2026-07-25T21:10:38.000Z,2026-07-25 14:10:38,https://queue-times.com/parks/17/queue_times.json
2026-07-25T21:15:17.794Z,2026-07-25 14:15:17,2026-07-25,America/Los_Angeles,dca,Disney California Adventure,Pixar Pier,322,Incredicoaster,TRUE,25,2026-07-25T21:10:38.000Z,2026-07-25 14:10:38,https://queue-times.com/parks/17/queue_times.json
2026-07-25T21:15:17.794Z,2026-07-25 14:15:17,2026-07-25,America/Los_Angeles,dca,Disney California Adventure,Pixar Pier,10906,Incredicoaster Single Rider,TRUE,0,2026-07-25T21:10:38.000Z,2026-07-25 14:10:38,https://queue-times.com/parks/17/queue_times.json
2026-07-25T21:15:17.794Z,2026-07-25 14:15:17,2026-07-25,America/Los_Angeles,dca,Disney California Adventure,Pixar Pier,6643,Inside Out Emotional Whirlwind,FALSE,0,2026-07-25T21:10:38.000Z,2026-07-25 14:10:38,https://queue-times.com/parks/17/queue_times.json
2026-07-25T21:15:17.794Z,2026-07-25 14:15:17,2026-07-25,America/Los_Angeles,dca,Disney California Adventure,Pixar Pier,310,Jessie's Critter Carousel,TRUE,5,2026-07-25T21:10:38.000Z,2026-07-25 14:10:38,https://queue-times.com/parks/17/queue_times.json
2026-07-25T21:15:17.794Z,2026-07-25 14:15:17,2026-07-25,America/Los_Angeles,dca,Disney California Adventure,Pixar Pier,300,Jumpin' Jellyfish,TRUE,15,2026-07-25T21:10:38.000Z,2026-07-25 14:10:38,https://queue-times.com/parks/17/queue_times.json
2026-07-25T21:15:17.794Z,2026-07-25 14:15:17,2026-07-25,America/Los_Angeles,dca,Disney California Adventure,Pixar Pier,311,Pixar Pal-A-Round - Swinging,TRUE,30,2026-07-25T21:10:38.000Z,2026-07-25 14:10:38,https://queue-times.com/parks/17/queue_times.json
2026-07-25T21:15:17.794Z,2026-07-25 14:15:17,2026-07-25,America/Los_Angeles,dca,Disney California Adventure,Pixar Pier,5557,Pixar Pal-A-Round – Non-Swinging,TRUE,20,2026-07-25T21:10:38.000Z,2026-07-25 14:10:38,https://queue-times.com/parks/17/queue_times.json
2026-07-25T21:15:17.794Z,2026-07-25 14:15:17,2026-07-25,America/Los_Angeles,dca,Disney California Adventure,Pixar Pier,313,Toy Story Midway Mania!,TRUE,40,2026-07-25T21:10:38.000Z,2026-07-25 14:10:38,https://queue-times.com/parks/17/queue_times.json
2026-07-25T21:30:15.667Z,2026-07-25 14:30:15,2026-07-25,America/Los_Angeles,disneyland,Disneyland,Adventureland,12428,Adventureland Treehouse inspired by Walt Disney’s Swiss Family Robinson,TRUE,0,2026-07-25T21:25:54.000Z,2026-07-25 14:25:54,https://queue-times.com/parks/16/queue_times.json
2026-07-25T21:30:15.667Z,2026-07-25 14:30:15,2026-07-25,America/Los_Angeles,disneyland,Disneyland,Adventureland,326,Indiana Jones™ Adventure,TRUE,35,2026-07-25T21:25:54.000Z,2026-07-25 14:25:54,https://queue-times.com/parks/16/queue_times.json
2026-07-25T21:30:15.667Z,2026-07-25 14:30:15,2026-07-25,America/Los_Angeles,disneyland,Disneyland,Adventureland,296,Jungle Cruise,TRUE,15,2026-07-25T21:25:54.000Z,2026-07-25 14:25:54,https://queue-times.com/parks/16/queue_times.json
2026-07-25T21:30:15.667Z,2026-07-25 14:30:15,2026-07-25,America/Los_Angeles,disneyland,Disneyland,Adventureland,288,Walt Disney's Enchanted Tiki Room,TRUE,0,2026-07-25T21:25:54.000Z,2026-07-25 14:25:54,https://queue-times.com/parks/16/queue_times.json
2026-07-25T21:30:15.667Z,2026-07-25 14:30:15,2026-07-25,America/Los_Angeles,disneyland,Disneyland,Bayou Country,304,Davy Crockett's Explorer Canoes,TRUE,5,2026-07-25T21:25:54.000Z,2026-07-25 14:25:54,https://queue-times.com/parks/16/queue_times.json
2026-07-25T21:30:15.667Z,2026-07-25 14:30:15,2026-07-25,America/Los_Angeles,disneyland,Disneyland,Bayou Country,306,The Many Adventures of Winnie the Pooh,TRUE,5,2026-07-25T21:25:54.000Z,2026-07-25 14:25:54,https://queue-times.com/parks/16/queue_times.json
2026-07-25T21:30:15.667Z,2026-07-25 14:30:15,2026-07-25,America/Los_Angeles,disneyland,Disneyland,Bayou Country,14168,Tiana's Bayou Adventure,TRUE,65,2026-07-25T21:25:54.000Z,2026-07-25 14:25:54,https://queue-times.com/parks/16/queue_times.json
2026-07-25T21:30:15.667Z,2026-07-25 14:30:15,2026-07-25,America/Los_Angeles,disneyland,Disneyland,Bayou Country,14326,Tiana's Bayou Adventure Single Rider,TRUE,0,2026-07-25T21:25:54.000Z,2026-07-25 14:25:54,https://queue-times.com/parks/16/queue_times.json
2026-07-25T21:30:15.667Z,2026-07-25 14:30:15,2026-07-25,America/Los_Angeles,disneyland,Disneyland,Fantasyland,307,"""it's a small world""",TRUE,10,2026-07-25T21:25:54.000Z,2026-07-25 14:25:54,https://queue-times.com/parks/16/queue_times.json
2026-07-25T21:30:15.667Z,2026-07-25 14:30:15,2026-07-25,America/Los_Angeles,disneyland,Disneyland,Fantasyland,285,Alice in Wonderland,TRUE,20,2026-07-25T21:25:54.000Z,2026-07-25 14:25:54,https://queue-times.com/parks/16/queue_times.json
2026-07-25T21:30:15.667Z,2026-07-25 14:30:15,2026-07-25,America/Los_Angeles,disneyland,Disneyland,Fantasyland,16254,Bluey’s Best Day Ever! at Fantasyland Theatre,TRUE,0,2026-07-25T21:25:54.000Z,2026-07-25 14:25:54,https://queue-times.com/parks/16/queue_times.json
2026-07-25T21:30:15.667Z,2026-07-25 14:30:15,2026-07-25,America/Los_Angeles,disneyland,Disneyland,Fantasyland,303,Casey Jr. Circus Train,TRUE,5,2026-07-25T21:25:54.000Z,2026-07-25 14:25:54,https://queue-times.com/parks/16/queue_times.json
2026-07-25T21:30:15.667Z,2026-07-25 14:30:15,2026-07-25,America/Los_Angeles,disneyland,Disneyland,Fantasyland,275,Dumbo the Flying Elephant,TRUE,20,2026-07-25T21:25:54.000Z,2026-07-25 14:25:54,https://queue-times.com/parks/16/queue_times.json
2026-07-25T21:30:15.667Z,2026-07-25 14:30:15,2026-07-25,America/Los_Angeles,disneyland,Disneyland,Fantasyland,277,King Arthur Carrousel,TRUE,5,2026-07-25T21:25:54.000Z,2026-07-25 14:25:54,https://queue-times.com/parks/16/queue_times.json
2026-07-25T21:30:15.667Z,2026-07-25 14:30:15,2026-07-25,America/Los_Angeles,disneyland,Disneyland,Fantasyland,278,Mad Tea Party,TRUE,5,2026-07-25T21:25:54.000Z,2026-07-25 14:25:54,https://queue-times.com/parks/16/queue_times.json
2026-07-25T21:30:15.667Z,2026-07-25 14:30:15,2026-07-25,America/Los_Angeles,disneyland,Disneyland,Fantasyland,279,Matterhorn Bobsleds,TRUE,30,2026-07-25T21:25:54.000Z,2026-07-25 14:25:54,https://queue-times.com/parks/16/queue_times.json
2026-07-25T21:30:15.667Z,2026-07-25 14:30:15,2026-07-25,America/Los_Angeles,disneyland,Disneyland,Fantasyland,6711,Meet Disney Princesses at Royal Hall,TRUE,15,2026-07-25T21:25:54.000Z,2026-07-25 14:25:54,https://queue-times.com/parks/16/queue_times.json
2026-07-25T21:30:15.667Z,2026-07-25 14:30:15,2026-07-25,America/Los_Angeles,disneyland,Disneyland,Fantasyland,280,Mr. Toad's Wild Ride,TRUE,15,2026-07-25T21:25:54.000Z,2026-07-25 14:25:54,https://queue-times.com/parks/16/queue_times.json
2026-07-25T21:30:15.667Z,2026-07-25 14:30:15,2026-07-25,America/Los_Angeles,disneyland,Disneyland,Fantasyland,281,Peter Pan's Flight,TRUE,25,2026-07-25T21:25:54.000Z,2026-07-25 14:25:54,https://queue-times.com/parks/16/queue_times.json
2026-07-25T21:30:15.667Z,2026-07-25 14:30:15,2026-07-25,America/Los_Angeles,disneyland,Disneyland,Fantasyland,282,Pinocchio's Daring Journey,TRUE,10,2026-07-25T21:25:54.000Z,2026-07-25 14:25:54,https://queue-times.com/parks/16/queue_times.json
2026-07-25T21:30:15.667Z,2026-07-25 14:30:15,2026-07-25,America/Los_Angeles,disneyland,Disneyland,Fantasyland,687,Sleeping Beauty Castle Walkthrough,FALSE,0,2026-07-25T21:25:54.000Z,2026-07-25 14:25:54,https://queue-times.com/parks/16/queue_times.json
2026-07-25T21:30:15.667Z,2026-07-25 14:30:15,2026-07-25,America/Los_Angeles,disneyland,Disneyland,Fantasyland,283,Snow White's Enchanted Wish,TRUE,5,2026-07-25T21:25:54.000Z,2026-07-25 14:25:54,https://queue-times.com/parks/16/queue_times.json
2026-07-25T21:30:15.667Z,2026-07-25 14:30:15,2026-07-25,America/Los_Angeles,disneyland,Disneyland,Fantasyland,305,Storybook Land Canal Boats,TRUE,10,2026-07-25T21:25:54.000Z,2026-07-25 14:25:54,https://queue-times.com/parks/16/queue_times.json
2026-07-25T21:30:15.667Z,2026-07-25 14:30:15,2026-07-25,America/Los_Angeles,disneyland,Disneyland,Frontierland,323,Big Thunder Mountain Railroad,TRUE,20,2026-07-25T21:25:54.000Z,2026-07-25 14:25:54,https://queue-times.com/parks/16/queue_times.json
2026-07-25T21:30:15.667Z,2026-07-25 14:30:15,2026-07-25,America/Los_Angeles,disneyland,Disneyland,Frontierland,679,Frontierland Shootin' Exposition,FALSE,0,2026-07-25T21:25:54.000Z,2026-07-25 14:25:54,https://queue-times.com/parks/16/queue_times.json
2026-07-25T21:30:15.667Z,2026-07-25 14:30:15,2026-07-25,America/Los_Angeles,disneyland,Disneyland,Frontierland,456,Mark Twain Riverboat,TRUE,10,2026-07-25T21:25:54.000Z,2026-07-25 14:25:54,https://queue-times.com/parks/16/queue_times.json
2026-07-25T21:30:15.667Z,2026-07-25 14:30:15,2026-07-25,America/Los_Angeles,disneyland,Disneyland,Frontierland,331,Pirate's Lair on Tom Sawyer Island,TRUE,5,2026-07-25T21:25:54.000Z,2026-07-25 14:25:54,https://queue-times.com/parks/16/queue_times.json
2026-07-25T21:30:15.667Z,2026-07-25 14:30:15,2026-07-25,America/Los_Angeles,disneyland,Disneyland,Frontierland,328,Sailing Ship Columbia,TRUE,10,2026-07-25T21:25:54.000Z,2026-07-25 14:25:54,https://queue-times.com/parks/16/queue_times.json
2026-07-25T21:30:15.667Z,2026-07-25 14:30:15,2026-07-25,America/Los_Angeles,disneyland,Disneyland,Main Street U.S.A,674,Disneyland Railroad,TRUE,5,2026-07-25T21:25:54.000Z,2026-07-25 14:25:54,https://queue-times.com/parks/16/queue_times.json
2026-07-25T21:30:15.667Z,2026-07-25 14:30:15,2026-07-25,America/Los_Angeles,disneyland,Disneyland,Main Street U.S.A,690,Great Moments with Mr. Lincoln,FALSE,0,2026-07-25T21:25:54.000Z,2026-07-25 14:25:54,https://queue-times.com/parks/16/queue_times.json
2026-07-25T21:30:15.667Z,2026-07-25 14:30:15,2026-07-25,America/Los_Angeles,disneyland,Disneyland,Main Street U.S.A,686,Main Street Cinema,TRUE,0,2026-07-25T21:25:54.000Z,2026-07-25 14:25:54,https://queue-times.com/parks/16/queue_times.json
2026-07-25T21:30:15.667Z,2026-07-25 14:30:15,2026-07-25,America/Los_Angeles,disneyland,Disneyland,Main Street U.S.A,691,Main Street Vehicles,TRUE,0,2026-07-25T21:25:54.000Z,2026-07-25 14:25:54,https://queue-times.com/parks/16/queue_times.json
2026-07-25T21:30:15.667Z,2026-07-25 14:30:15,2026-07-25,America/Los_Angeles,disneyland,Disneyland,Main Street U.S.A,14915,Opera House - Walt Disney - A Magical Life,TRUE,0,2026-07-25T21:25:54.000Z,2026-07-25 14:25:54,https://queue-times.com/parks/16/queue_times.json
2026-07-25T21:30:15.667Z,2026-07-25 14:30:15,2026-07-25,America/Los_Angeles,disneyland,Disneyland,Main Street U.S.A,695,The Disney Gallery,TRUE,0,2026-07-25T21:25:54.000Z,2026-07-25 14:25:54,https://queue-times.com/parks/16/queue_times.json
2026-07-25T21:30:15.667Z,2026-07-25 14:30:15,2026-07-25,America/Los_Angeles,disneyland,Disneyland,Main Street U.S.A,14923,Walt Disney - A Magical Life,TRUE,0,2026-07-25T21:25:54.000Z,2026-07-25 14:25:54,https://queue-times.com/parks/16/queue_times.json
2026-07-25T21:30:15.667Z,2026-07-25 14:30:15,2026-07-25,America/Los_Angeles,disneyland,Disneyland,Mickey's Toontown,324,Chip 'n' Dale's GADGETcoaster,TRUE,10,2026-07-25T21:25:54.000Z,2026-07-25 14:25:54,https://queue-times.com/parks/16/queue_times.json
2026-07-25T21:30:15.667Z,2026-07-25 14:30:15,2026-07-25,America/Los_Angeles,disneyland,Disneyland,Mickey's Toontown,13814,Donald's Duck Pond,TRUE,0,2026-07-25T21:25:54.000Z,2026-07-25 14:25:54,https://queue-times.com/parks/16/queue_times.json
2026-07-25T21:30:15.667Z,2026-07-25 14:30:15,2026-07-25,America/Los_Angeles,disneyland,Disneyland,Mickey's Toontown,11980,Goofy's How-to-Play Yard,TRUE,0,2026-07-25T21:25:54.000Z,2026-07-25 14:25:54,https://queue-times.com/parks/16/queue_times.json
2026-07-25T21:30:15.667Z,2026-07-25 14:30:15,2026-07-25,America/Los_Angeles,disneyland,Disneyland,Mickey's Toontown,11526,Mickey & Minnie's Runaway Railway,TRUE,20,2026-07-25T21:25:54.000Z,2026-07-25 14:25:54,https://queue-times.com/parks/16/queue_times.json
2026-07-25T21:30:15.667Z,2026-07-25 14:30:15,2026-07-25,America/Los_Angeles,disneyland,Disneyland,Mickey's Toontown,709,Mickey's House and Meet Mickey Mouse,TRUE,30,2026-07-25T21:25:54.000Z,2026-07-25 14:25:54,https://queue-times.com/parks/16/queue_times.json
2026-07-25T21:30:15.667Z,2026-07-25 14:30:15,2026-07-25,America/Los_Angeles,disneyland,Disneyland,Mickey's Toontown,327,Mickey's House and Meet Mickey Mouse,FALSE,0,2026-07-25T21:25:54.000Z,2026-07-25 14:25:54,https://queue-times.com/parks/16/queue_times.json
2026-07-25T21:30:15.667Z,2026-07-25 14:30:15,2026-07-25,America/Los_Angeles,disneyland,Disneyland,Mickey's Toontown,684,Minnie's House,TRUE,0,2026-07-25T21:25:54.000Z,2026-07-25 14:25:54,https://queue-times.com/parks/16/queue_times.json
2026-07-25T21:30:15.667Z,2026-07-25 14:30:15,2026-07-25,America/Los_Angeles,disneyland,Disneyland,Mickey's Toontown,332,Roger Rabbit's Car Toon Spin,TRUE,40,2026-07-25T21:25:54.000Z,2026-07-25 14:25:54,https://queue-times.com/parks/16/queue_times.json
2026-07-25T21:30:15.667Z,2026-07-25 14:30:15,2026-07-25,America/Los_Angeles,disneyland,Disneyland,New Orleans Square,13958,Haunted Mansion,TRUE,30,2026-07-25T21:25:54.000Z,2026-07-25 14:25:54,https://queue-times.com/parks/16/queue_times.json
2026-07-25T21:30:15.667Z,2026-07-25 14:30:15,2026-07-25,America/Los_Angeles,disneyland,Disneyland,New Orleans Square,289,Pirates of the Caribbean,TRUE,25,2026-07-25T21:25:54.000Z,2026-07-25 14:25:54,https://queue-times.com/parks/16/queue_times.json
2026-07-25T21:30:15.667Z,2026-07-25 14:30:15,2026-07-25,America/Los_Angeles,disneyland,Disneyland,Star Wars: Galaxy's Edge,6339,Millennium Falcon: Smugglers Run,TRUE,30,2026-07-25T21:25:54.000Z,2026-07-25 14:25:54,https://queue-times.com/parks/16/queue_times.json
2026-07-25T21:30:15.667Z,2026-07-25 14:30:15,2026-07-25,America/Los_Angeles,disneyland,Disneyland,Star Wars: Galaxy's Edge,10903,Millennium Falcon: Smugglers Run Single Rider,TRUE,0,2026-07-25T21:25:54.000Z,2026-07-25 14:25:54,https://queue-times.com/parks/16/queue_times.json
2026-07-25T21:30:15.667Z,2026-07-25 14:30:15,2026-07-25,America/Los_Angeles,disneyland,Disneyland,Star Wars: Galaxy's Edge,6340,Star Wars: Rise of the Resistance,TRUE,50,2026-07-25T21:25:54.000Z,2026-07-25 14:25:54,https://queue-times.com/parks/16/queue_times.json
2026-07-25T21:30:15.667Z,2026-07-25 14:30:15,2026-07-25,America/Los_Angeles,disneyland,Disneyland,Tomorrowland,287,Astro Orbitor,TRUE,40,2026-07-25T21:25:54.000Z,2026-07-25 14:25:54,https://queue-times.com/parks/16/queue_times.json
2026-07-25T21:30:15.667Z,2026-07-25 14:30:15,2026-07-25,America/Los_Angeles,disneyland,Disneyland,Tomorrowland,317,Autopia,TRUE,15,2026-07-25T21:25:54.000Z,2026-07-25 14:25:54,https://queue-times.com/parks/16/queue_times.json
2026-07-25T21:30:15.667Z,2026-07-25 14:30:15,2026-07-25,America/Los_Angeles,disneyland,Disneyland,Tomorrowland,273,Buzz Lightyear Astro Blasters,FALSE,0,2026-07-25T21:25:54.000Z,2026-07-25 14:25:54,https://queue-times.com/parks/16/queue_times.json
2026-07-25T21:30:15.667Z,2026-07-25 14:30:15,2026-07-25,America/Los_Angeles,disneyland,Disneyland,Tomorrowland,274,Disneyland Monorail,FALSE,0,2026-07-25T21:25:54.000Z,2026-07-25 14:25:54,https://queue-times.com/parks/16/queue_times.json
2026-07-25T21:30:15.667Z,2026-07-25 14:30:15,2026-07-25,America/Los_Angeles,disneyland,Disneyland,Tomorrowland,276,Finding Nemo Submarine Voyage,TRUE,30,2026-07-25T21:25:54.000Z,2026-07-25 14:25:54,https://queue-times.com/parks/16/queue_times.json
2026-07-25T21:30:15.667Z,2026-07-25 14:30:15,2026-07-25,America/Los_Angeles,disneyland,Disneyland,Tomorrowland,16627,Pixar Short Film Spotlight,FALSE,0,2026-07-25T21:25:54.000Z,2026-07-25 14:25:54,https://queue-times.com/parks/16/queue_times.json
2026-07-25T21:30:15.667Z,2026-07-25 14:30:15,2026-07-25,America/Los_Angeles,disneyland,Disneyland,Tomorrowland,284,Space Mountain,TRUE,30,2026-07-25T21:25:54.000Z,2026-07-25 14:25:54,https://queue-times.com/parks/16/queue_times.json
2026-07-25T21:30:15.667Z,2026-07-25 14:30:15,2026-07-25,America/Los_Angeles,disneyland,Disneyland,Tomorrowland,286,Star Tours - The Adventures Continue,TRUE,15,2026-07-25T21:25:54.000Z,2026-07-25 14:25:54,https://queue-times.com/parks/16/queue_times.json
2026-07-25T21:30:15.667Z,2026-07-25 14:30:15,2026-07-25,America/Los_Angeles,dca,Disney California Adventure,Avengers Campus,329,Guardians of the Galaxy - Mission: BREAKOUT!,TRUE,15,2026-07-25T21:26:00.000Z,2026-07-25 14:26:00,https://queue-times.com/parks/17/queue_times.json
2026-07-25T21:30:15.667Z,2026-07-25 14:30:15,2026-07-25,America/Los_Angeles,dca,Disney California Adventure,Avengers Campus,8843,WEB SLINGERS: A Spider-Man Adventure,TRUE,15,2026-07-25T21:26:00.000Z,2026-07-25 14:26:00,https://queue-times.com/parks/17/queue_times.json
2026-07-25T21:30:15.667Z,2026-07-25 14:30:15,2026-07-25,America/Los_Angeles,dca,Disney California Adventure,Avengers Campus,10907,WEB SLINGERS: A Spider-Man Adventure Single Rider,TRUE,0,2026-07-25T21:26:00.000Z,2026-07-25 14:26:00,https://queue-times.com/parks/17/queue_times.json
2026-07-25T21:30:15.667Z,2026-07-25 14:30:15,2026-07-25,America/Los_Angeles,dca,Disney California Adventure,Cars Land,13961,Luigi's Rollickin' Roadsters,TRUE,15,2026-07-25T21:26:00.000Z,2026-07-25 14:26:00,https://queue-times.com/parks/17/queue_times.json
2026-07-25T21:30:15.667Z,2026-07-25 14:30:15,2026-07-25,America/Los_Angeles,dca,Disney California Adventure,Cars Land,315,Mater's Junkyard Jamboree,TRUE,15,2026-07-25T21:26:00.000Z,2026-07-25 14:26:00,https://queue-times.com/parks/17/queue_times.json
2026-07-25T21:30:15.667Z,2026-07-25 14:30:15,2026-07-25,America/Los_Angeles,dca,Disney California Adventure,Cars Land,295,Radiator Springs Racers,TRUE,65,2026-07-25T21:26:00.000Z,2026-07-25 14:26:00,https://queue-times.com/parks/17/queue_times.json
2026-07-25T21:30:15.667Z,2026-07-25 14:30:15,2026-07-25,America/Los_Angeles,dca,Disney California Adventure,Cars Land,10904,Radiator Springs Racers Single Rider,TRUE,0,2026-07-25T21:26:00.000Z,2026-07-25 14:26:00,https://queue-times.com/parks/17/queue_times.json
2026-07-25T21:30:15.667Z,2026-07-25 14:30:15,2026-07-25,America/Los_Angeles,dca,Disney California Adventure,Grizzly Peak,302,Grizzly River Run,TRUE,40,2026-07-25T21:26:00.000Z,2026-07-25 14:26:00,https://queue-times.com/parks/17/queue_times.json
2026-07-25T21:30:15.667Z,2026-07-25 14:30:15,2026-07-25,America/Los_Angeles,dca,Disney California Adventure,Grizzly Peak,293,Redwood Creek Challenge Trail,TRUE,5,2026-07-25T21:26:00.000Z,2026-07-25 14:26:00,https://queue-times.com/parks/17/queue_times.json
2026-07-25T21:30:15.667Z,2026-07-25 14:30:15,2026-07-25,America/Los_Angeles,dca,Disney California Adventure,Grizzly Peak,17129,Soarin’ Across America,TRUE,60,2026-07-25T21:26:00.000Z,2026-07-25 14:26:00,https://queue-times.com/parks/17/queue_times.json
2026-07-25T21:30:15.667Z,2026-07-25 14:30:15,2026-07-25,America/Los_Angeles,dca,Disney California Adventure,Hollywood Land,321,Animation Academy,TRUE,0,2026-07-25T21:26:00.000Z,2026-07-25 14:26:00,https://queue-times.com/parks/17/queue_times.json
2026-07-25T21:30:15.667Z,2026-07-25 14:30:15,2026-07-25,America/Los_Angeles,dca,Disney California Adventure,Hollywood Land,6440,Mickey's PhilharMagic,TRUE,10,2026-07-25T21:26:00.000Z,2026-07-25 14:26:00,https://queue-times.com/parks/17/queue_times.json
2026-07-25T21:30:15.667Z,2026-07-25 14:30:15,2026-07-25,America/Los_Angeles,dca,Disney California Adventure,Hollywood Land,291,"Monsters, Inc. Mike & Sulley to the Rescue!",TRUE,45,2026-07-25T21:26:00.000Z,2026-07-25 14:26:00,https://queue-times.com/parks/17/queue_times.json
2026-07-25T21:30:15.667Z,2026-07-25 14:30:15,2026-07-25,America/Los_Angeles,dca,Disney California Adventure,Hollywood Land,868,Sorcerer's Workshop,TRUE,0,2026-07-25T21:26:00.000Z,2026-07-25 14:26:00,https://queue-times.com/parks/17/queue_times.json
2026-07-25T21:30:15.667Z,2026-07-25 14:30:15,2026-07-25,America/Los_Angeles,dca,Disney California Adventure,Hollywood Land,294,Turtle Talk with Crush,TRUE,0,2026-07-25T21:26:00.000Z,2026-07-25 14:26:00,https://queue-times.com/parks/17/queue_times.json
2026-07-25T21:30:15.667Z,2026-07-25 14:30:15,2026-07-25,America/Los_Angeles,dca,Disney California Adventure,Pacific Wharf,869,The Bakery Tour,TRUE,0,2026-07-25T21:26:00.000Z,2026-07-25 14:26:00,https://queue-times.com/parks/17/queue_times.json
2026-07-25T21:30:15.667Z,2026-07-25 14:30:15,2026-07-25,America/Los_Angeles,dca,Disney California Adventure,Paradise Gardens Park,298,Golden Zephyr,TRUE,5,2026-07-25T21:26:00.000Z,2026-07-25 14:26:00,https://queue-times.com/parks/17/queue_times.json
2026-07-25T21:30:15.667Z,2026-07-25 14:30:15,2026-07-25,America/Los_Angeles,dca,Disney California Adventure,Paradise Gardens Park,319,Goofy's Sky School,TRUE,35,2026-07-25T21:26:00.000Z,2026-07-25 14:26:00,https://queue-times.com/parks/17/queue_times.json
2026-07-25T21:30:15.667Z,2026-07-25 14:30:15,2026-07-25,America/Los_Angeles,dca,Disney California Adventure,Paradise Gardens Park,301,Silly Symphony Swings,FALSE,0,2026-07-25T21:26:00.000Z,2026-07-25 14:26:00,https://queue-times.com/parks/17/queue_times.json
2026-07-25T21:30:15.667Z,2026-07-25 14:30:15,2026-07-25,America/Los_Angeles,dca,Disney California Adventure,Paradise Gardens Park,316,The Little Mermaid - Ariel's Undersea Adventure,TRUE,20,2026-07-25T21:26:00.000Z,2026-07-25 14:26:00,https://queue-times.com/parks/17/queue_times.json
2026-07-25T21:30:15.667Z,2026-07-25 14:30:15,2026-07-25,America/Los_Angeles,dca,Disney California Adventure,Paradise Gardens Park,14742,World of Color Happiness!,TRUE,0,2026-07-25T21:26:00.000Z,2026-07-25 14:26:00,https://queue-times.com/parks/17/queue_times.json
2026-07-25T21:30:15.667Z,2026-07-25 14:30:15,2026-07-25,America/Los_Angeles,dca,Disney California Adventure,Pixar Pier,866,Games of Pixar Pier,TRUE,5,2026-07-25T21:26:00.000Z,2026-07-25 14:26:00,https://queue-times.com/parks/17/queue_times.json
2026-07-25T21:30:15.667Z,2026-07-25 14:30:15,2026-07-25,America/Los_Angeles,dca,Disney California Adventure,Pixar Pier,322,Incredicoaster,TRUE,25,2026-07-25T21:26:00.000Z,2026-07-25 14:26:00,https://queue-times.com/parks/17/queue_times.json
2026-07-25T21:30:15.667Z,2026-07-25 14:30:15,2026-07-25,America/Los_Angeles,dca,Disney California Adventure,Pixar Pier,10906,Incredicoaster Single Rider,TRUE,0,2026-07-25T21:26:00.000Z,2026-07-25 14:26:00,https://queue-times.com/parks/17/queue_times.json
2026-07-25T21:30:15.667Z,2026-07-25 14:30:15,2026-07-25,America/Los_Angeles,dca,Disney California Adventure,Pixar Pier,6643,Inside Out Emotional Whirlwind,TRUE,5,2026-07-25T21:26:00.000Z,2026-07-25 14:26:00,https://queue-times.com/parks/17/queue_times.json
2026-07-25T21:30:15.667Z,2026-07-25 14:30:15,2026-07-25,America/Los_Angeles,dca,Disney California Adventure,Pixar Pier,310,Jessie's Critter Carousel,TRUE,5,2026-07-25T21:26:00.000Z,2026-07-25 14:26:00,https://queue-times.com/parks/17/queue_times.json
2026-07-25T21:30:15.667Z,2026-07-25 14:30:15,2026-07-25,America/Los_Angeles,dca,Disney California Adventure,Pixar Pier,300,Jumpin' Jellyfish,TRUE,5,2026-07-25T21:26:00.000Z,2026-07-25 14:26:00,https://queue-times.com/parks/17/queue_times.json
2026-07-25T21:30:15.667Z,2026-07-25 14:30:15,2026-07-25,America/Los_Angeles,dca,Disney California Adventure,Pixar Pier,311,Pixar Pal-A-Round - Swinging,TRUE,30,2026-07-25T21:26:00.000Z,2026-07-25 14:26:00,https://queue-times.com/parks/17/queue_times.json
2026-07-25T21:30:15.667Z,2026-07-25 14:30:15,2026-07-25,America/Los_Angeles,dca,Disney California Adventure,Pixar Pier,5557,Pixar Pal-A-Round – Non-Swinging,TRUE,20,2026-07-25T21:26:00.000Z,2026-07-25 14:26:00,https://queue-times.com/parks/17/queue_times.json
2026-07-25T21:30:15.667Z,2026-07-25 14:30:15,2026-07-25,America/Los_Angeles,dca,Disney California Adventure,Pixar Pier,313,Toy Story Midway Mania!,TRUE,30,2026-07-25T21:26:00.000Z,2026-07-25 14:26:00,https://queue-times.com/parks/17/queue_times.json
2026-07-25T21:40:05.646Z,2026-07-25 14:40:05,2026-07-25,America/Los_Angeles,disneyland,Disneyland,Adventureland,12428,Adventureland Treehouse inspired by Walt Disney’s Swiss Family Robinson,TRUE,0,2026-07-25T21:35:35.000Z,2026-07-25 14:35:35,https://queue-times.com/parks/16/queue_times.json
2026-07-25T21:40:05.646Z,2026-07-25 14:40:05,2026-07-25,America/Los_Angeles,disneyland,Disneyland,Adventureland,326,Indiana Jones™ Adventure,FALSE,0,2026-07-25T21:35:35.000Z,2026-07-25 14:35:35,https://queue-times.com/parks/16/queue_times.json
2026-07-25T21:40:05.646Z,2026-07-25 14:40:05,2026-07-25,America/Los_Angeles,disneyland,Disneyland,Adventureland,296,Jungle Cruise,TRUE,15,2026-07-25T21:35:35.000Z,2026-07-25 14:35:35,https://queue-times.com/parks/16/queue_times.json
2026-07-25T21:40:05.646Z,2026-07-25 14:40:05,2026-07-25,America/Los_Angeles,disneyland,Disneyland,Adventureland,288,Walt Disney's Enchanted Tiki Room,TRUE,0,2026-07-25T21:35:35.000Z,2026-07-25 14:35:35,https://queue-times.com/parks/16/queue_times.json
2026-07-25T21:40:05.646Z,2026-07-25 14:40:05,2026-07-25,America/Los_Angeles,disneyland,Disneyland,Bayou Country,304,Davy Crockett's Explorer Canoes,TRUE,5,2026-07-25T21:35:35.000Z,2026-07-25 14:35:35,https://queue-times.com/parks/16/queue_times.json
2026-07-25T21:40:05.646Z,2026-07-25 14:40:05,2026-07-25,America/Los_Angeles,disneyland,Disneyland,Bayou Country,306,The Many Adventures of Winnie the Pooh,TRUE,5,2026-07-25T21:35:35.000Z,2026-07-25 14:35:35,https://queue-times.com/parks/16/queue_times.json
2026-07-25T21:40:05.646Z,2026-07-25 14:40:05,2026-07-25,America/Los_Angeles,disneyland,Disneyland,Bayou Country,14168,Tiana's Bayou Adventure,TRUE,65,2026-07-25T21:35:35.000Z,2026-07-25 14:35:35,https://queue-times.com/parks/16/queue_times.json
2026-07-25T21:40:05.646Z,2026-07-25 14:40:05,2026-07-25,America/Los_Angeles,disneyland,Disneyland,Bayou Country,14326,Tiana's Bayou Adventure Single Rider,TRUE,0,2026-07-25T21:35:35.000Z,2026-07-25 14:35:35,https://queue-times.com/parks/16/queue_times.json
2026-07-25T21:40:05.646Z,2026-07-25 14:40:05,2026-07-25,America/Los_Angeles,disneyland,Disneyland,Fantasyland,307,"""it's a small world""",TRUE,10,2026-07-25T21:35:35.000Z,2026-07-25 14:35:35,https://queue-times.com/parks/16/queue_times.json
2026-07-25T21:40:05.646Z,2026-07-25 14:40:05,2026-07-25,America/Los_Angeles,disneyland,Disneyland,Fantasyland,285,Alice in Wonderland,TRUE,20,2026-07-25T21:35:35.000Z,2026-07-25 14:35:35,https://queue-times.com/parks/16/queue_times.json
2026-07-25T21:40:05.646Z,2026-07-25 14:40:05,2026-07-25,America/Los_Angeles,disneyland,Disneyland,Fantasyland,16254,Bluey’s Best Day Ever! at Fantasyland Theatre,TRUE,0,2026-07-25T21:35:35.000Z,2026-07-25 14:35:35,https://queue-times.com/parks/16/queue_times.json
2026-07-25T21:40:05.646Z,2026-07-25 14:40:05,2026-07-25,America/Los_Angeles,disneyland,Disneyland,Fantasyland,303,Casey Jr. Circus Train,TRUE,5,2026-07-25T21:35:35.000Z,2026-07-25 14:35:35,https://queue-times.com/parks/16/queue_times.json
2026-07-25T21:40:05.646Z,2026-07-25 14:40:05,2026-07-25,America/Los_Angeles,disneyland,Disneyland,Fantasyland,275,Dumbo the Flying Elephant,TRUE,20,2026-07-25T21:35:35.000Z,2026-07-25 14:35:35,https://queue-times.com/parks/16/queue_times.json
2026-07-25T21:40:05.646Z,2026-07-25 14:40:05,2026-07-25,America/Los_Angeles,disneyland,Disneyland,Fantasyland,277,King Arthur Carrousel,TRUE,5,2026-07-25T21:35:35.000Z,2026-07-25 14:35:35,https://queue-times.com/parks/16/queue_times.json
2026-07-25T21:40:05.646Z,2026-07-25 14:40:05,2026-07-25,America/Los_Angeles,disneyland,Disneyland,Fantasyland,278,Mad Tea Party,TRUE,5,2026-07-25T21:35:35.000Z,2026-07-25 14:35:35,https://queue-times.com/parks/16/queue_times.json
2026-07-25T21:40:05.646Z,2026-07-25 14:40:05,2026-07-25,America/Los_Angeles,disneyland,Disneyland,Fantasyland,279,Matterhorn Bobsleds,TRUE,25,2026-07-25T21:35:35.000Z,2026-07-25 14:35:35,https://queue-times.com/parks/16/queue_times.json
2026-07-25T21:40:05.646Z,2026-07-25 14:40:05,2026-07-25,America/Los_Angeles,disneyland,Disneyland,Fantasyland,6711,Meet Disney Princesses at Royal Hall,TRUE,15,2026-07-25T21:35:35.000Z,2026-07-25 14:35:35,https://queue-times.com/parks/16/queue_times.json
2026-07-25T21:40:05.646Z,2026-07-25 14:40:05,2026-07-25,America/Los_Angeles,disneyland,Disneyland,Fantasyland,280,Mr. Toad's Wild Ride,TRUE,15,2026-07-25T21:35:35.000Z,2026-07-25 14:35:35,https://queue-times.com/parks/16/queue_times.json
2026-07-25T21:40:05.646Z,2026-07-25 14:40:05,2026-07-25,America/Los_Angeles,disneyland,Disneyland,Fantasyland,281,Peter Pan's Flight,TRUE,25,2026-07-25T21:35:35.000Z,2026-07-25 14:35:35,https://queue-times.com/parks/16/queue_times.json
2026-07-25T21:40:05.646Z,2026-07-25 14:40:05,2026-07-25,America/Los_Angeles,disneyland,Disneyland,Fantasyland,282,Pinocchio's Daring Journey,TRUE,10,2026-07-25T21:35:35.000Z,2026-07-25 14:35:35,https://queue-times.com/parks/16/queue_times.json
2026-07-25T21:40:05.646Z,2026-07-25 14:40:05,2026-07-25,America/Los_Angeles,disneyland,Disneyland,Fantasyland,687,Sleeping Beauty Castle Walkthrough,FALSE,0,2026-07-25T21:35:35.000Z,2026-07-25 14:35:35,https://queue-times.com/parks/16/queue_times.json
2026-07-25T21:40:05.646Z,2026-07-25 14:40:05,2026-07-25,America/Los_Angeles,disneyland,Disneyland,Fantasyland,283,Snow White's Enchanted Wish,TRUE,5,2026-07-25T21:35:35.000Z,2026-07-25 14:35:35,https://queue-times.com/parks/16/queue_times.json
2026-07-25T21:40:05.646Z,2026-07-25 14:40:05,2026-07-25,America/Los_Angeles,disneyland,Disneyland,Fantasyland,305,Storybook Land Canal Boats,TRUE,10,2026-07-25T21:35:35.000Z,2026-07-25 14:35:35,https://queue-times.com/parks/16/queue_times.json
2026-07-25T21:40:05.646Z,2026-07-25 14:40:05,2026-07-25,America/Los_Angeles,disneyland,Disneyland,Frontierland,323,Big Thunder Mountain Railroad,TRUE,35,2026-07-25T21:35:35.000Z,2026-07-25 14:35:35,https://queue-times.com/parks/16/queue_times.json
2026-07-25T21:40:05.646Z,2026-07-25 14:40:05,2026-07-25,America/Los_Angeles,disneyland,Disneyland,Frontierland,679,Frontierland Shootin' Exposition,FALSE,0,2026-07-25T21:35:35.000Z,2026-07-25 14:35:35,https://queue-times.com/parks/16/queue_times.json
2026-07-25T21:40:05.646Z,2026-07-25 14:40:05,2026-07-25,America/Los_Angeles,disneyland,Disneyland,Frontierland,456,Mark Twain Riverboat,TRUE,10,2026-07-25T21:35:35.000Z,2026-07-25 14:35:35,https://queue-times.com/parks/16/queue_times.json
2026-07-25T21:40:05.646Z,2026-07-25 14:40:05,2026-07-25,America/Los_Angeles,disneyland,Disneyland,Frontierland,331,Pirate's Lair on Tom Sawyer Island,TRUE,5,2026-07-25T21:35:35.000Z,2026-07-25 14:35:35,https://queue-times.com/parks/16/queue_times.json
2026-07-25T21:40:05.646Z,2026-07-25 14:40:05,2026-07-25,America/Los_Angeles,disneyland,Disneyland,Frontierland,328,Sailing Ship Columbia,TRUE,10,2026-07-25T21:35:35.000Z,2026-07-25 14:35:35,https://queue-times.com/parks/16/queue_times.json
2026-07-25T21:40:05.646Z,2026-07-25 14:40:05,2026-07-25,America/Los_Angeles,disneyland,Disneyland,Main Street U.S.A,674,Disneyland Railroad,TRUE,5,2026-07-25T21:35:35.000Z,2026-07-25 14:35:35,https://queue-times.com/parks/16/queue_times.json
2026-07-25T21:40:05.646Z,2026-07-25 14:40:05,2026-07-25,America/Los_Angeles,disneyland,Disneyland,Main Street U.S.A,690,Great Moments with Mr. Lincoln,FALSE,0,2026-07-25T21:35:35.000Z,2026-07-25 14:35:35,https://queue-times.com/parks/16/queue_times.json
2026-07-25T21:40:05.646Z,2026-07-25 14:40:05,2026-07-25,America/Los_Angeles,disneyland,Disneyland,Main Street U.S.A,686,Main Street Cinema,TRUE,0,2026-07-25T21:35:35.000Z,2026-07-25 14:35:35,https://queue-times.com/parks/16/queue_times.json
2026-07-25T21:40:05.646Z,2026-07-25 14:40:05,2026-07-25,America/Los_Angeles,disneyland,Disneyland,Main Street U.S.A,691,Main Street Vehicles,TRUE,0,2026-07-25T21:35:35.000Z,2026-07-25 14:35:35,https://queue-times.com/parks/16/queue_times.json
2026-07-25T21:40:05.646Z,2026-07-25 14:40:05,2026-07-25,America/Los_Angeles,disneyland,Disneyland,Main Street U.S.A,14915,Opera House - Walt Disney - A Magical Life,TRUE,0,2026-07-25T21:35:35.000Z,2026-07-25 14:35:35,https://queue-times.com/parks/16/queue_times.json
2026-07-25T21:40:05.646Z,2026-07-25 14:40:05,2026-07-25,America/Los_Angeles,disneyland,Disneyland,Main Street U.S.A,695,The Disney Gallery,TRUE,0,2026-07-25T21:35:35.000Z,2026-07-25 14:35:35,https://queue-times.com/parks/16/queue_times.json
2026-07-25T21:40:05.646Z,2026-07-25 14:40:05,2026-07-25,America/Los_Angeles,disneyland,Disneyland,Main Street U.S.A,14923,Walt Disney - A Magical Life,TRUE,0,2026-07-25T21:35:35.000Z,2026-07-25 14:35:35,https://queue-times.com/parks/16/queue_times.json
2026-07-25T21:40:05.646Z,2026-07-25 14:40:05,2026-07-25,America/Los_Angeles,disneyland,Disneyland,Mickey's Toontown,324,Chip 'n' Dale's GADGETcoaster,TRUE,10,2026-07-25T21:35:35.000Z,2026-07-25 14:35:35,https://queue-times.com/parks/16/queue_times.json
2026-07-25T21:40:05.646Z,2026-07-25 14:40:05,2026-07-25,America/Los_Angeles,disneyland,Disneyland,Mickey's Toontown,13814,Donald's Duck Pond,TRUE,0,2026-07-25T21:35:35.000Z,2026-07-25 14:35:35,https://queue-times.com/parks/16/queue_times.json
2026-07-25T21:40:05.646Z,2026-07-25 14:40:05,2026-07-25,America/Los_Angeles,disneyland,Disneyland,Mickey's Toontown,11980,Goofy's How-to-Play Yard,TRUE,0,2026-07-25T21:35:35.000Z,2026-07-25 14:35:35,https://queue-times.com/parks/16/queue_times.json
2026-07-25T21:40:05.646Z,2026-07-25 14:40:05,2026-07-25,America/Los_Angeles,disneyland,Disneyland,Mickey's Toontown,11526,Mickey & Minnie's Runaway Railway,TRUE,20,2026-07-25T21:35:35.000Z,2026-07-25 14:35:35,https://queue-times.com/parks/16/queue_times.json
2026-07-25T21:40:05.646Z,2026-07-25 14:40:05,2026-07-25,America/Los_Angeles,disneyland,Disneyland,Mickey's Toontown,709,Mickey's House and Meet Mickey Mouse,TRUE,30,2026-07-25T21:35:35.000Z,2026-07-25 14:35:35,https://queue-times.com/parks/16/queue_times.json
2026-07-25T21:40:05.646Z,2026-07-25 14:40:05,2026-07-25,America/Los_Angeles,disneyland,Disneyland,Mickey's Toontown,327,Mickey's House and Meet Mickey Mouse,FALSE,0,2026-07-25T21:35:35.000Z,2026-07-25 14:35:35,https://queue-times.com/parks/16/queue_times.json
2026-07-25T21:40:05.646Z,2026-07-25 14:40:05,2026-07-25,America/Los_Angeles,disneyland,Disneyland,Mickey's Toontown,684,Minnie's House,TRUE,0,2026-07-25T21:35:35.000Z,2026-07-25 14:35:35,https://queue-times.com/parks/16/queue_times.json
2026-07-25T21:40:05.646Z,2026-07-25 14:40:05,2026-07-25,America/Los_Angeles,disneyland,Disneyland,Mickey's Toontown,332,Roger Rabbit's Car Toon Spin,TRUE,45,2026-07-25T21:35:35.000Z,2026-07-25 14:35:35,https://queue-times.com/parks/16/queue_times.json
2026-07-25T21:40:05.646Z,2026-07-25 14:40:05,2026-07-25,America/Los_Angeles,disneyland,Disneyland,New Orleans Square,13958,Haunted Mansion,TRUE,30,2026-07-25T21:35:35.000Z,2026-07-25 14:35:35,https://queue-times.com/parks/16/queue_times.json
2026-07-25T21:40:05.646Z,2026-07-25 14:40:05,2026-07-25,America/Los_Angeles,disneyland,Disneyland,New Orleans Square,289,Pirates of the Caribbean,TRUE,25,2026-07-25T21:35:35.000Z,2026-07-25 14:35:35,https://queue-times.com/parks/16/queue_times.json
2026-07-25T21:40:05.646Z,2026-07-25 14:40:05,2026-07-25,America/Los_Angeles,disneyland,Disneyland,Star Wars: Galaxy's Edge,6339,Millennium Falcon: Smugglers Run,TRUE,30,2026-07-25T21:35:35.000Z,2026-07-25 14:35:35,https://queue-times.com/parks/16/queue_times.json
2026-07-25T21:40:05.646Z,2026-07-25 14:40:05,2026-07-25,America/Los_Angeles,disneyland,Disneyland,Star Wars: Galaxy's Edge,10903,Millennium Falcon: Smugglers Run Single Rider,TRUE,0,2026-07-25T21:35:35.000Z,2026-07-25 14:35:35,https://queue-times.com/parks/16/queue_times.json
2026-07-25T21:40:05.646Z,2026-07-25 14:40:05,2026-07-25,America/Los_Angeles,disneyland,Disneyland,Star Wars: Galaxy's Edge,6340,Star Wars: Rise of the Resistance,TRUE,50,2026-07-25T21:35:35.000Z,2026-07-25 14:35:35,https://queue-times.com/parks/16/queue_times.json
2026-07-25T21:40:05.646Z,2026-07-25 14:40:05,2026-07-25,America/Los_Angeles,disneyland,Disneyland,Tomorrowland,287,Astro Orbitor,TRUE,40,2026-07-25T21:35:35.000Z,2026-07-25 14:35:35,https://queue-times.com/parks/16/queue_times.json
2026-07-25T21:40:05.646Z,2026-07-25 14:40:05,2026-07-25,America/Los_Angeles,disneyland,Disneyland,Tomorrowland,317,Autopia,TRUE,15,2026-07-25T21:35:35.000Z,2026-07-25 14:35:35,https://queue-times.com/parks/16/queue_times.json
2026-07-25T21:40:05.646Z,2026-07-25 14:40:05,2026-07-25,America/Los_Angeles,disneyland,Disneyland,Tomorrowland,273,Buzz Lightyear Astro Blasters,FALSE,0,2026-07-25T21:35:35.000Z,2026-07-25 14:35:35,https://queue-times.com/parks/16/queue_times.json
2026-07-25T21:40:05.646Z,2026-07-25 14:40:05,2026-07-25,America/Los_Angeles,disneyland,Disneyland,Tomorrowland,274,Disneyland Monorail,FALSE,0,2026-07-25T21:35:35.000Z,2026-07-25 14:35:35,https://queue-times.com/parks/16/queue_times.json
2026-07-25T21:40:05.646Z,2026-07-25 14:40:05,2026-07-25,America/Los_Angeles,disneyland,Disneyland,Tomorrowland,276,Finding Nemo Submarine Voyage,TRUE,30,2026-07-25T21:35:35.000Z,2026-07-25 14:35:35,https://queue-times.com/parks/16/queue_times.json
2026-07-25T21:40:05.646Z,2026-07-25 14:40:05,2026-07-25,America/Los_Angeles,disneyland,Disneyland,Tomorrowland,16627,Pixar Short Film Spotlight,FALSE,0,2026-07-25T21:35:35.000Z,2026-07-25 14:35:35,https://queue-times.com/parks/16/queue_times.json
2026-07-25T21:40:05.646Z,2026-07-25 14:40:05,2026-07-25,America/Los_Angeles,disneyland,Disneyland,Tomorrowland,284,Space Mountain,TRUE,40,2026-07-25T21:35:35.000Z,2026-07-25 14:35:35,https://queue-times.com/parks/16/queue_times.json
2026-07-25T21:40:05.646Z,2026-07-25 14:40:05,2026-07-25,America/Los_Angeles,disneyland,Disneyland,Tomorrowland,286,Star Tours - The Adventures Continue,TRUE,15,2026-07-25T21:35:35.000Z,2026-07-25 14:35:35,https://queue-times.com/parks/16/queue_times.json
2026-07-25T21:40:05.646Z,2026-07-25 14:40:05,2026-07-25,America/Los_Angeles,dca,Disney California Adventure,Avengers Campus,329,Guardians of the Galaxy - Mission: BREAKOUT!,TRUE,25,2026-07-25T21:35:49.000Z,2026-07-25 14:35:49,https://queue-times.com/parks/17/queue_times.json
2026-07-25T21:40:05.646Z,2026-07-25 14:40:05,2026-07-25,America/Los_Angeles,dca,Disney California Adventure,Avengers Campus,8843,WEB SLINGERS: A Spider-Man Adventure,TRUE,25,2026-07-25T21:35:49.000Z,2026-07-25 14:35:49,https://queue-times.com/parks/17/queue_times.json
2026-07-25T21:40:05.646Z,2026-07-25 14:40:05,2026-07-25,America/Los_Angeles,dca,Disney California Adventure,Avengers Campus,10907,WEB SLINGERS: A Spider-Man Adventure Single Rider,TRUE,0,2026-07-25T21:35:49.000Z,2026-07-25 14:35:49,https://queue-times.com/parks/17/queue_times.json
2026-07-25T21:40:05.646Z,2026-07-25 14:40:05,2026-07-25,America/Los_Angeles,dca,Disney California Adventure,Cars Land,13961,Luigi's Rollickin' Roadsters,FALSE,0,2026-07-25T21:35:49.000Z,2026-07-25 14:35:49,https://queue-times.com/parks/17/queue_times.json
2026-07-25T21:40:05.646Z,2026-07-25 14:40:05,2026-07-25,America/Los_Angeles,dca,Disney California Adventure,Cars Land,315,Mater's Junkyard Jamboree,TRUE,15,2026-07-25T21:35:49.000Z,2026-07-25 14:35:49,https://queue-times.com/parks/17/queue_times.json
2026-07-25T21:40:05.646Z,2026-07-25 14:40:05,2026-07-25,America/Los_Angeles,dca,Disney California Adventure,Cars Land,295,Radiator Springs Racers,TRUE,65,2026-07-25T21:35:49.000Z,2026-07-25 14:35:49,https://queue-times.com/parks/17/queue_times.json
2026-07-25T21:40:05.646Z,2026-07-25 14:40:05,2026-07-25,America/Los_Angeles,dca,Disney California Adventure,Cars Land,10904,Radiator Springs Racers Single Rider,TRUE,0,2026-07-25T21:35:49.000Z,2026-07-25 14:35:49,https://queue-times.com/parks/17/queue_times.json
2026-07-25T21:40:05.646Z,2026-07-25 14:40:05,2026-07-25,America/Los_Angeles,dca,Disney California Adventure,Grizzly Peak,302,Grizzly River Run,TRUE,40,2026-07-25T21:35:49.000Z,2026-07-25 14:35:49,https://queue-times.com/parks/17/queue_times.json
2026-07-25T21:40:05.646Z,2026-07-25 14:40:05,2026-07-25,America/Los_Angeles,dca,Disney California Adventure,Grizzly Peak,293,Redwood Creek Challenge Trail,TRUE,5,2026-07-25T21:35:49.000Z,2026-07-25 14:35:49,https://queue-times.com/parks/17/queue_times.json
2026-07-25T21:40:05.646Z,2026-07-25 14:40:05,2026-07-25,America/Los_Angeles,dca,Disney California Adventure,Grizzly Peak,17129,Soarin’ Across America,TRUE,60,2026-07-25T21:35:49.000Z,2026-07-25 14:35:49,https://queue-times.com/parks/17/queue_times.json
2026-07-25T21:40:05.646Z,2026-07-25 14:40:05,2026-07-25,America/Los_Angeles,dca,Disney California Adventure,Hollywood Land,321,Animation Academy,TRUE,0,2026-07-25T21:35:49.000Z,2026-07-25 14:35:49,https://queue-times.com/parks/17/queue_times.json
2026-07-25T21:40:05.646Z,2026-07-25 14:40:05,2026-07-25,America/Los_Angeles,dca,Disney California Adventure,Hollywood Land,6440,Mickey's PhilharMagic,TRUE,10,2026-07-25T21:35:49.000Z,2026-07-25 14:35:49,https://queue-times.com/parks/17/queue_times.json
2026-07-25T21:40:05.646Z,2026-07-25 14:40:05,2026-07-25,America/Los_Angeles,dca,Disney California Adventure,Hollywood Land,291,"Monsters, Inc. Mike & Sulley to the Rescue!",TRUE,45,2026-07-25T21:35:49.000Z,2026-07-25 14:35:49,https://queue-times.com/parks/17/queue_times.json
2026-07-25T21:40:05.646Z,2026-07-25 14:40:05,2026-07-25,America/Los_Angeles,dca,Disney California Adventure,Hollywood Land,868,Sorcerer's Workshop,TRUE,0,2026-07-25T21:35:49.000Z,2026-07-25 14:35:49,https://queue-times.com/parks/17/queue_times.json
2026-07-25T21:40:05.646Z,2026-07-25 14:40:05,2026-07-25,America/Los_Angeles,dca,Disney California Adventure,Hollywood Land,294,Turtle Talk with Crush,TRUE,0,2026-07-25T21:35:49.000Z,2026-07-25 14:35:49,https://queue-times.com/parks/17/queue_times.json
2026-07-25T21:40:05.646Z,2026-07-25 14:40:05,2026-07-25,America/Los_Angeles,dca,Disney California Adventure,Pacific Wharf,869,The Bakery Tour,TRUE,0,2026-07-25T21:35:49.000Z,2026-07-25 14:35:49,https://queue-times.com/parks/17/queue_times.json
2026-07-25T21:40:05.646Z,2026-07-25 14:40:05,2026-07-25,America/Los_Angeles,dca,Disney California Adventure,Paradise Gardens Park,298,Golden Zephyr,TRUE,5,2026-07-25T21:35:49.000Z,2026-07-25 14:35:49,https://queue-times.com/parks/17/queue_times.json
2026-07-25T21:40:05.646Z,2026-07-25 14:40:05,2026-07-25,America/Los_Angeles,dca,Disney California Adventure,Paradise Gardens Park,319,Goofy's Sky School,TRUE,45,2026-07-25T21:35:49.000Z,2026-07-25 14:35:49,https://queue-times.com/parks/17/queue_times.json
2026-07-25T21:40:05.646Z,2026-07-25 14:40:05,2026-07-25,America/Los_Angeles,dca,Disney California Adventure,Paradise Gardens Park,301,Silly Symphony Swings,FALSE,0,2026-07-25T21:35:49.000Z,2026-07-25 14:35:49,https://queue-times.com/parks/17/queue_times.json
2026-07-25T21:40:05.646Z,2026-07-25 14:40:05,2026-07-25,America/Los_Angeles,dca,Disney California Adventure,Paradise Gardens Park,316,The Little Mermaid - Ariel's Undersea Adventure,TRUE,20,2026-07-25T21:35:49.000Z,2026-07-25 14:35:49,https://queue-times.com/parks/17/queue_times.json
2026-07-25T21:40:05.646Z,2026-07-25 14:40:05,2026-07-25,America/Los_Angeles,dca,Disney California Adventure,Paradise Gardens Park,14742,World of Color Happiness!,TRUE,0,2026-07-25T21:35:49.000Z,2026-07-25 14:35:49,https://queue-times.com/parks/17/queue_times.json
2026-07-25T21:40:05.646Z,2026-07-25 14:40:05,2026-07-25,America/Los_Angeles,dca,Disney California Adventure,Pixar Pier,866,Games of Pixar Pier,TRUE,5,2026-07-25T21:35:49.000Z,2026-07-25 14:35:49,https://queue-times.com/parks/17/queue_times.json
2026-07-25T21:40:05.646Z,2026-07-25 14:40:05,2026-07-25,America/Los_Angeles,dca,Disney California Adventure,Pixar Pier,322,Incredicoaster,TRUE,25,2026-07-25T21:35:49.000Z,2026-07-25 14:35:49,https://queue-times.com/parks/17/queue_times.json
2026-07-25T21:40:05.646Z,2026-07-25 14:40:05,2026-07-25,America/Los_Angeles,dca,Disney California Adventure,Pixar Pier,10906,Incredicoaster Single Rider,TRUE,0,2026-07-25T21:35:49.000Z,2026-07-25 14:35:49,https://queue-times.com/parks/17/queue_times.json
2026-07-25T21:40:05.646Z,2026-07-25 14:40:05,2026-07-25,America/Los_Angeles,dca,Disney California Adventure,Pixar Pier,6643,Inside Out Emotional Whirlwind,TRUE,5,2026-07-25T21:35:49.000Z,2026-07-25 14:35:49,https://queue-times.com/parks/17/queue_times.json
2026-07-25T21:40:05.646Z,2026-07-25 14:40:05,2026-07-25,America/Los_Angeles,dca,Disney California Adventure,Pixar Pier,310,Jessie's Critter Carousel,TRUE,5,2026-07-25T21:35:49.000Z,2026-07-25 14:35:49,https://queue-times.com/parks/17/queue_times.json
2026-07-25T21:40:05.646Z,2026-07-25 14:40:05,2026-07-25,America/Los_Angeles,dca,Disney California Adventure,Pixar Pier,300,Jumpin' Jellyfish,TRUE,5,2026-07-25T21:35:49.000Z,2026-07-25 14:35:49,https://queue-times.com/parks/17/queue_times.json
2026-07-25T21:40:05.646Z,2026-07-25 14:40:05,2026-07-25,America/Los_Angeles,dca,Disney California Adventure,Pixar Pier,311,Pixar Pal-A-Round - Swinging,TRUE,30,2026-07-25T21:35:49.000Z,2026-07-25 14:35:49,https://queue-times.com/parks/17/queue_times.json
2026-07-25T21:40:05.646Z,2026-07-25 14:40:05,2026-07-25,America/Los_Angeles,dca,Disney California Adventure,Pixar Pier,5557,Pixar Pal-A-Round – Non-Swinging,TRUE,20,2026-07-25T21:35:49.000Z,2026-07-25 14:35:49,https://queue-times.com/parks/17/queue_times.json
2026-07-25T21:40:05.646Z,2026-07-25 14:40:05,2026-07-25,America/Los_Angeles,dca,Disney California Adventure,Pixar Pier,313,Toy Story Midway Mania!,TRUE,50,2026-07-25T21:35:49.000Z,2026-07-25 14:35:49,https://queue-times.com/parks/17/queue_times.json
2026-07-25T21:45:16.481Z,2026-07-25 14:45:16,2026-07-25,America/Los_Angeles,disneyland,Disneyland,Adventureland,12428,Adventureland Treehouse inspired by Walt Disney’s Swiss Family Robinson,TRUE,0,2026-07-25T21:40:33.000Z,2026-07-25 14:40:33,https://queue-times.com/parks/16/queue_times.json
2026-07-25T21:45:16.481Z,2026-07-25 14:45:16,2026-07-25,America/Los_Angeles,disneyland,Disneyland,Adventureland,326,Indiana Jones™ Adventure,FALSE,0,2026-07-25T21:40:33.000Z,2026-07-25 14:40:33,https://queue-times.com/parks/16/queue_times.json
2026-07-25T21:45:16.481Z,2026-07-25 14:45:16,2026-07-25,America/Los_Angeles,disneyland,Disneyland,Adventureland,296,Jungle Cruise,TRUE,15,2026-07-25T21:40:33.000Z,2026-07-25 14:40:33,https://queue-times.com/parks/16/queue_times.json
2026-07-25T21:45:16.481Z,2026-07-25 14:45:16,2026-07-25,America/Los_Angeles,disneyland,Disneyland,Adventureland,288,Walt Disney's Enchanted Tiki Room,TRUE,0,2026-07-25T21:40:33.000Z,2026-07-25 14:40:33,https://queue-times.com/parks/16/queue_times.json
2026-07-25T21:45:16.481Z,2026-07-25 14:45:16,2026-07-25,America/Los_Angeles,disneyland,Disneyland,Bayou Country,304,Davy Crockett's Explorer Canoes,TRUE,5,2026-07-25T21:40:33.000Z,2026-07-25 14:40:33,https://queue-times.com/parks/16/queue_times.json
2026-07-25T21:45:16.481Z,2026-07-25 14:45:16,2026-07-25,America/Los_Angeles,disneyland,Disneyland,Bayou Country,306,The Many Adventures of Winnie the Pooh,TRUE,5,2026-07-25T21:40:33.000Z,2026-07-25 14:40:33,https://queue-times.com/parks/16/queue_times.json
2026-07-25T21:45:16.481Z,2026-07-25 14:45:16,2026-07-25,America/Los_Angeles,disneyland,Disneyland,Bayou Country,14168,Tiana's Bayou Adventure,TRUE,65,2026-07-25T21:40:33.000Z,2026-07-25 14:40:33,https://queue-times.com/parks/16/queue_times.json
2026-07-25T21:45:16.481Z,2026-07-25 14:45:16,2026-07-25,America/Los_Angeles,disneyland,Disneyland,Bayou Country,14326,Tiana's Bayou Adventure Single Rider,TRUE,0,2026-07-25T21:40:33.000Z,2026-07-25 14:40:33,https://queue-times.com/parks/16/queue_times.json
2026-07-25T21:45:16.481Z,2026-07-25 14:45:16,2026-07-25,America/Los_Angeles,disneyland,Disneyland,Fantasyland,307,"""it's a small world""",TRUE,10,2026-07-25T21:40:33.000Z,2026-07-25 14:40:33,https://queue-times.com/parks/16/queue_times.json
2026-07-25T21:45:16.481Z,2026-07-25 14:45:16,2026-07-25,America/Los_Angeles,disneyland,Disneyland,Fantasyland,285,Alice in Wonderland,TRUE,20,2026-07-25T21:40:33.000Z,2026-07-25 14:40:33,https://queue-times.com/parks/16/queue_times.json
2026-07-25T21:45:16.481Z,2026-07-25 14:45:16,2026-07-25,America/Los_Angeles,disneyland,Disneyland,Fantasyland,16254,Bluey’s Best Day Ever! at Fantasyland Theatre,TRUE,0,2026-07-25T21:40:33.000Z,2026-07-25 14:40:33,https://queue-times.com/parks/16/queue_times.json
2026-07-25T21:45:16.481Z,2026-07-25 14:45:16,2026-07-25,America/Los_Angeles,disneyland,Disneyland,Fantasyland,303,Casey Jr. Circus Train,TRUE,5,2026-07-25T21:40:33.000Z,2026-07-25 14:40:33,https://queue-times.com/parks/16/queue_times.json
2026-07-25T21:45:16.481Z,2026-07-25 14:45:16,2026-07-25,America/Los_Angeles,disneyland,Disneyland,Fantasyland,275,Dumbo the Flying Elephant,TRUE,20,2026-07-25T21:40:33.000Z,2026-07-25 14:40:33,https://queue-times.com/parks/16/queue_times.json
2026-07-25T21:45:16.481Z,2026-07-25 14:45:16,2026-07-25,America/Los_Angeles,disneyland,Disneyland,Fantasyland,277,King Arthur Carrousel,TRUE,5,2026-07-25T21:40:33.000Z,2026-07-25 14:40:33,https://queue-times.com/parks/16/queue_times.json
2026-07-25T21:45:16.481Z,2026-07-25 14:45:16,2026-07-25,America/Los_Angeles,disneyland,Disneyland,Fantasyland,278,Mad Tea Party,TRUE,5,2026-07-25T21:40:33.000Z,2026-07-25 14:40:33,https://queue-times.com/parks/16/queue_times.json
2026-07-25T21:45:16.481Z,2026-07-25 14:45:16,2026-07-25,America/Los_Angeles,disneyland,Disneyland,Fantasyland,279,Matterhorn Bobsleds,TRUE,30,2026-07-25T21:40:33.000Z,2026-07-25 14:40:33,https://queue-times.com/parks/16/queue_times.json
2026-07-25T21:45:16.481Z,2026-07-25 14:45:16,2026-07-25,America/Los_Angeles,disneyland,Disneyland,Fantasyland,6711,Meet Disney Princesses at Royal Hall,TRUE,15,2026-07-25T21:40:33.000Z,2026-07-25 14:40:33,https://queue-times.com/parks/16/queue_times.json
2026-07-25T21:45:16.481Z,2026-07-25 14:45:16,2026-07-25,America/Los_Angeles,disneyland,Disneyland,Fantasyland,280,Mr. Toad's Wild Ride,TRUE,10,2026-07-25T21:40:33.000Z,2026-07-25 14:40:33,https://queue-times.com/parks/16/queue_times.json
2026-07-25T21:45:16.481Z,2026-07-25 14:45:16,2026-07-25,America/Los_Angeles,disneyland,Disneyland,Fantasyland,281,Peter Pan's Flight,TRUE,25,2026-07-25T21:40:33.000Z,2026-07-25 14:40:33,https://queue-times.com/parks/16/queue_times.json
2026-07-25T21:45:16.481Z,2026-07-25 14:45:16,2026-07-25,America/Los_Angeles,disneyland,Disneyland,Fantasyland,282,Pinocchio's Daring Journey,TRUE,10,2026-07-25T21:40:33.000Z,2026-07-25 14:40:33,https://queue-times.com/parks/16/queue_times.json
2026-07-25T21:45:16.481Z,2026-07-25 14:45:16,2026-07-25,America/Los_Angeles,disneyland,Disneyland,Fantasyland,687,Sleeping Beauty Castle Walkthrough,FALSE,0,2026-07-25T21:40:33.000Z,2026-07-25 14:40:33,https://queue-times.com/parks/16/queue_times.json
2026-07-25T21:45:16.481Z,2026-07-25 14:45:16,2026-07-25,America/Los_Angeles,disneyland,Disneyland,Fantasyland,283,Snow White's Enchanted Wish,TRUE,5,2026-07-25T21:40:33.000Z,2026-07-25 14:40:33,https://queue-times.com/parks/16/queue_times.json
2026-07-25T21:45:16.481Z,2026-07-25 14:45:16,2026-07-25,America/Los_Angeles,disneyland,Disneyland,Fantasyland,305,Storybook Land Canal Boats,TRUE,10,2026-07-25T21:40:33.000Z,2026-07-25 14:40:33,https://queue-times.com/parks/16/queue_times.json
2026-07-25T21:45:16.481Z,2026-07-25 14:45:16,2026-07-25,America/Los_Angeles,disneyland,Disneyland,Frontierland,323,Big Thunder Mountain Railroad,TRUE,35,2026-07-25T21:40:33.000Z,2026-07-25 14:40:33,https://queue-times.com/parks/16/queue_times.json
2026-07-25T21:45:16.481Z,2026-07-25 14:45:16,2026-07-25,America/Los_Angeles,disneyland,Disneyland,Frontierland,679,Frontierland Shootin' Exposition,FALSE,0,2026-07-25T21:40:33.000Z,2026-07-25 14:40:33,https://queue-times.com/parks/16/queue_times.json
2026-07-25T21:45:16.481Z,2026-07-25 14:45:16,2026-07-25,America/Los_Angeles,disneyland,Disneyland,Frontierland,456,Mark Twain Riverboat,TRUE,10,2026-07-25T21:40:33.000Z,2026-07-25 14:40:33,https://queue-times.com/parks/16/queue_times.json
2026-07-25T21:45:16.481Z,2026-07-25 14:45:16,2026-07-25,America/Los_Angeles,disneyland,Disneyland,Frontierland,331,Pirate's Lair on Tom Sawyer Island,TRUE,5,2026-07-25T21:40:33.000Z,2026-07-25 14:40:33,https://queue-times.com/parks/16/queue_times.json
2026-07-25T21:45:16.481Z,2026-07-25 14:45:16,2026-07-25,America/Los_Angeles,disneyland,Disneyland,Frontierland,328,Sailing Ship Columbia,TRUE,10,2026-07-25T21:40:33.000Z,2026-07-25 14:40:33,https://queue-times.com/parks/16/queue_times.json
2026-07-25T21:45:16.481Z,2026-07-25 14:45:16,2026-07-25,America/Los_Angeles,disneyland,Disneyland,Main Street U.S.A,674,Disneyland Railroad,TRUE,5,2026-07-25T21:40:33.000Z,2026-07-25 14:40:33,https://queue-times.com/parks/16/queue_times.json
2026-07-25T21:45:16.481Z,2026-07-25 14:45:16,2026-07-25,America/Los_Angeles,disneyland,Disneyland,Main Street U.S.A,690,Great Moments with Mr. Lincoln,FALSE,0,2026-07-25T21:40:33.000Z,2026-07-25 14:40:33,https://queue-times.com/parks/16/queue_times.json
2026-07-25T21:45:16.481Z,2026-07-25 14:45:16,2026-07-25,America/Los_Angeles,disneyland,Disneyland,Main Street U.S.A,686,Main Street Cinema,TRUE,0,2026-07-25T21:40:33.000Z,2026-07-25 14:40:33,https://queue-times.com/parks/16/queue_times.json
2026-07-25T21:45:16.481Z,2026-07-25 14:45:16,2026-07-25,America/Los_Angeles,disneyland,Disneyland,Main Street U.S.A,691,Main Street Vehicles,TRUE,0,2026-07-25T21:40:33.000Z,2026-07-25 14:40:33,https://queue-times.com/parks/16/queue_times.json
2026-07-25T21:45:16.481Z,2026-07-25 14:45:16,2026-07-25,America/Los_Angeles,disneyland,Disneyland,Main Street U.S.A,14915,Opera House - Walt Disney - A Magical Life,TRUE,0,2026-07-25T21:40:33.000Z,2026-07-25 14:40:33,https://queue-times.com/parks/16/queue_times.json
2026-07-25T21:45:16.481Z,2026-07-25 14:45:16,2026-07-25,America/Los_Angeles,disneyland,Disneyland,Main Street U.S.A,695,The Disney Gallery,TRUE,0,2026-07-25T21:40:33.000Z,2026-07-25 14:40:33,https://queue-times.com/parks/16/queue_times.json
2026-07-25T21:45:16.481Z,2026-07-25 14:45:16,2026-07-25,America/Los_Angeles,disneyland,Disneyland,Main Street U.S.A,14923,Walt Disney - A Magical Life,TRUE,0,2026-07-25T21:40:33.000Z,2026-07-25 14:40:33,https://queue-times.com/parks/16/queue_times.json
2026-07-25T21:45:16.481Z,2026-07-25 14:45:16,2026-07-25,America/Los_Angeles,disneyland,Disneyland,Mickey's Toontown,324,Chip 'n' Dale's GADGETcoaster,TRUE,15,2026-07-25T21:40:33.000Z,2026-07-25 14:40:33,https://queue-times.com/parks/16/queue_times.json
2026-07-25T21:45:16.481Z,2026-07-25 14:45:16,2026-07-25,America/Los_Angeles,disneyland,Disneyland,Mickey's Toontown,13814,Donald's Duck Pond,TRUE,0,2026-07-25T21:40:33.000Z,2026-07-25 14:40:33,https://queue-times.com/parks/16/queue_times.json
2026-07-25T21:45:16.481Z,2026-07-25 14:45:16,2026-07-25,America/Los_Angeles,disneyland,Disneyland,Mickey's Toontown,11980,Goofy's How-to-Play Yard,TRUE,0,2026-07-25T21:40:33.000Z,2026-07-25 14:40:33,https://queue-times.com/parks/16/queue_times.json
2026-07-25T21:45:16.481Z,2026-07-25 14:45:16,2026-07-25,America/Los_Angeles,disneyland,Disneyland,Mickey's Toontown,11526,Mickey & Minnie's Runaway Railway,TRUE,20,2026-07-25T21:40:33.000Z,2026-07-25 14:40:33,https://queue-times.com/parks/16/queue_times.json
2026-07-25T21:45:16.481Z,2026-07-25 14:45:16,2026-07-25,America/Los_Angeles,disneyland,Disneyland,Mickey's Toontown,709,Mickey's House and Meet Mickey Mouse,TRUE,30,2026-07-25T21:40:33.000Z,2026-07-25 14:40:33,https://queue-times.com/parks/16/queue_times.json
2026-07-25T21:45:16.481Z,2026-07-25 14:45:16,2026-07-25,America/Los_Angeles,disneyland,Disneyland,Mickey's Toontown,327,Mickey's House and Meet Mickey Mouse,FALSE,0,2026-07-25T21:40:33.000Z,2026-07-25 14:40:33,https://queue-times.com/parks/16/queue_times.json
2026-07-25T21:45:16.481Z,2026-07-25 14:45:16,2026-07-25,America/Los_Angeles,disneyland,Disneyland,Mickey's Toontown,684,Minnie's House,TRUE,0,2026-07-25T21:40:33.000Z,2026-07-25 14:40:33,https://queue-times.com/parks/16/queue_times.json
2026-07-25T21:45:16.481Z,2026-07-25 14:45:16,2026-07-25,America/Los_Angeles,disneyland,Disneyland,Mickey's Toontown,332,Roger Rabbit's Car Toon Spin,TRUE,45,2026-07-25T21:40:33.000Z,2026-07-25 14:40:33,https://queue-times.com/parks/16/queue_times.json
2026-07-25T21:45:16.481Z,2026-07-25 14:45:16,2026-07-25,America/Los_Angeles,disneyland,Disneyland,New Orleans Square,13958,Haunted Mansion,TRUE,30,2026-07-25T21:40:33.000Z,2026-07-25 14:40:33,https://queue-times.com/parks/16/queue_times.json
2026-07-25T21:45:16.481Z,2026-07-25 14:45:16,2026-07-25,America/Los_Angeles,disneyland,Disneyland,New Orleans Square,289,Pirates of the Caribbean,TRUE,25,2026-07-25T21:40:33.000Z,2026-07-25 14:40:33,https://queue-times.com/parks/16/queue_times.json
2026-07-25T21:45:16.481Z,2026-07-25 14:45:16,2026-07-25,America/Los_Angeles,disneyland,Disneyland,Star Wars: Galaxy's Edge,6339,Millennium Falcon: Smugglers Run,TRUE,30,2026-07-25T21:40:33.000Z,2026-07-25 14:40:33,https://queue-times.com/parks/16/queue_times.json
2026-07-25T21:45:16.481Z,2026-07-25 14:45:16,2026-07-25,America/Los_Angeles,disneyland,Disneyland,Star Wars: Galaxy's Edge,10903,Millennium Falcon: Smugglers Run Single Rider,TRUE,0,2026-07-25T21:40:33.000Z,2026-07-25 14:40:33,https://queue-times.com/parks/16/queue_times.json
2026-07-25T21:45:16.481Z,2026-07-25 14:45:16,2026-07-25,America/Los_Angeles,disneyland,Disneyland,Star Wars: Galaxy's Edge,6340,Star Wars: Rise of the Resistance,TRUE,50,2026-07-25T21:40:33.000Z,2026-07-25 14:40:33,https://queue-times.com/parks/16/queue_times.json
2026-07-25T21:45:16.481Z,2026-07-25 14:45:16,2026-07-25,America/Los_Angeles,disneyland,Disneyland,Tomorrowland,287,Astro Orbitor,TRUE,40,2026-07-25T21:40:33.000Z,2026-07-25 14:40:33,https://queue-times.com/parks/16/queue_times.json
2026-07-25T21:45:16.481Z,2026-07-25 14:45:16,2026-07-25,America/Los_Angeles,disneyland,Disneyland,Tomorrowland,317,Autopia,TRUE,15,2026-07-25T21:40:33.000Z,2026-07-25 14:40:33,https://queue-times.com/parks/16/queue_times.json
2026-07-25T21:45:16.481Z,2026-07-25 14:45:16,2026-07-25,America/Los_Angeles,disneyland,Disneyland,Tomorrowland,273,Buzz Lightyear Astro Blasters,FALSE,0,2026-07-25T21:40:33.000Z,2026-07-25 14:40:33,https://queue-times.com/parks/16/queue_times.json
2026-07-25T21:45:16.481Z,2026-07-25 14:45:16,2026-07-25,America/Los_Angeles,disneyland,Disneyland,Tomorrowland,274,Disneyland Monorail,FALSE,0,2026-07-25T21:40:33.000Z,2026-07-25 14:40:33,https://queue-times.com/parks/16/queue_times.json
2026-07-25T21:45:16.481Z,2026-07-25 14:45:16,2026-07-25,America/Los_Angeles,disneyland,Disneyland,Tomorrowland,276,Finding Nemo Submarine Voyage,TRUE,30,2026-07-25T21:40:33.000Z,2026-07-25 14:40:33,https://queue-times.com/parks/16/queue_times.json
2026-07-25T21:45:16.481Z,2026-07-25 14:45:16,2026-07-25,America/Los_Angeles,disneyland,Disneyland,Tomorrowland,16627,Pixar Short Film Spotlight,FALSE,0,2026-07-25T21:40:33.000Z,2026-07-25 14:40:33,https://queue-times.com/parks/16/queue_times.json
2026-07-25T21:45:16.481Z,2026-07-25 14:45:16,2026-07-25,America/Los_Angeles,disneyland,Disneyland,Tomorrowland,284,Space Mountain,TRUE,35,2026-07-25T21:40:33.000Z,2026-07-25 14:40:33,https://queue-times.com/parks/16/queue_times.json
2026-07-25T21:45:16.481Z,2026-07-25 14:45:16,2026-07-25,America/Los_Angeles,disneyland,Disneyland,Tomorrowland,286,Star Tours - The Adventures Continue,TRUE,15,2026-07-25T21:40:33.000Z,2026-07-25 14:40:33,https://queue-times.com/parks/16/queue_times.json
2026-07-25T21:45:16.481Z,2026-07-25 14:45:16,2026-07-25,America/Los_Angeles,dca,Disney California Adventure,Avengers Campus,329,Guardians of the Galaxy - Mission: BREAKOUT!,TRUE,40,2026-07-25T21:40:42.000Z,2026-07-25 14:40:42,https://queue-times.com/parks/17/queue_times.json
2026-07-25T21:45:16.481Z,2026-07-25 14:45:16,2026-07-25,America/Los_Angeles,dca,Disney California Adventure,Avengers Campus,8843,WEB SLINGERS: A Spider-Man Adventure,TRUE,25,2026-07-25T21:40:42.000Z,2026-07-25 14:40:42,https://queue-times.com/parks/17/queue_times.json
2026-07-25T21:45:16.481Z,2026-07-25 14:45:16,2026-07-25,America/Los_Angeles,dca,Disney California Adventure,Avengers Campus,10907,WEB SLINGERS: A Spider-Man Adventure Single Rider,TRUE,0,2026-07-25T21:40:42.000Z,2026-07-25 14:40:42,https://queue-times.com/parks/17/queue_times.json
2026-07-25T21:45:16.481Z,2026-07-25 14:45:16,2026-07-25,America/Los_Angeles,dca,Disney California Adventure,Cars Land,13961,Luigi's Rollickin' Roadsters,FALSE,0,2026-07-25T21:40:42.000Z,2026-07-25 14:40:42,https://queue-times.com/parks/17/queue_times.json
2026-07-25T21:45:16.481Z,2026-07-25 14:45:16,2026-07-25,America/Los_Angeles,dca,Disney California Adventure,Cars Land,315,Mater's Junkyard Jamboree,TRUE,15,2026-07-25T21:40:42.000Z,2026-07-25 14:40:42,https://queue-times.com/parks/17/queue_times.json
2026-07-25T21:45:16.481Z,2026-07-25 14:45:16,2026-07-25,America/Los_Angeles,dca,Disney California Adventure,Cars Land,295,Radiator Springs Racers,TRUE,65,2026-07-25T21:40:42.000Z,2026-07-25 14:40:42,https://queue-times.com/parks/17/queue_times.json
2026-07-25T21:45:16.481Z,2026-07-25 14:45:16,2026-07-25,America/Los_Angeles,dca,Disney California Adventure,Cars Land,10904,Radiator Springs Racers Single Rider,TRUE,0,2026-07-25T21:40:42.000Z,2026-07-25 14:40:42,https://queue-times.com/parks/17/queue_times.json
2026-07-25T21:45:16.481Z,2026-07-25 14:45:16,2026-07-25,America/Los_Angeles,dca,Disney California Adventure,Grizzly Peak,302,Grizzly River Run,TRUE,40,2026-07-25T21:40:42.000Z,2026-07-25 14:40:42,https://queue-times.com/parks/17/queue_times.json
2026-07-25T21:45:16.481Z,2026-07-25 14:45:16,2026-07-25,America/Los_Angeles,dca,Disney California Adventure,Grizzly Peak,293,Redwood Creek Challenge Trail,TRUE,5,2026-07-25T21:40:42.000Z,2026-07-25 14:40:42,https://queue-times.com/parks/17/queue_times.json
2026-07-25T21:45:16.481Z,2026-07-25 14:45:16,2026-07-25,America/Los_Angeles,dca,Disney California Adventure,Grizzly Peak,17129,Soarin’ Across America,TRUE,60,2026-07-25T21:40:42.000Z,2026-07-25 14:40:42,https://queue-times.com/parks/17/queue_times.json
2026-07-25T21:45:16.481Z,2026-07-25 14:45:16,2026-07-25,America/Los_Angeles,dca,Disney California Adventure,Hollywood Land,321,Animation Academy,TRUE,0,2026-07-25T21:40:42.000Z,2026-07-25 14:40:42,https://queue-times.com/parks/17/queue_times.json
2026-07-25T21:45:16.481Z,2026-07-25 14:45:16,2026-07-25,America/Los_Angeles,dca,Disney California Adventure,Hollywood Land,6440,Mickey's PhilharMagic,TRUE,10,2026-07-25T21:40:42.000Z,2026-07-25 14:40:42,https://queue-times.com/parks/17/queue_times.json
2026-07-25T21:45:16.481Z,2026-07-25 14:45:16,2026-07-25,America/Los_Angeles,dca,Disney California Adventure,Hollywood Land,291,"Monsters, Inc. Mike & Sulley to the Rescue!",TRUE,45,2026-07-25T21:40:42.000Z,2026-07-25 14:40:42,https://queue-times.com/parks/17/queue_times.json
2026-07-25T21:45:16.481Z,2026-07-25 14:45:16,2026-07-25,America/Los_Angeles,dca,Disney California Adventure,Hollywood Land,868,Sorcerer's Workshop,TRUE,0,2026-07-25T21:40:42.000Z,2026-07-25 14:40:42,https://queue-times.com/parks/17/queue_times.json
2026-07-25T21:45:16.481Z,2026-07-25 14:45:16,2026-07-25,America/Los_Angeles,dca,Disney California Adventure,Hollywood Land,294,Turtle Talk with Crush,TRUE,0,2026-07-25T21:40:42.000Z,2026-07-25 14:40:42,https://queue-times.com/parks/17/queue_times.json
2026-07-25T21:45:16.481Z,2026-07-25 14:45:16,2026-07-25,America/Los_Angeles,dca,Disney California Adventure,Pacific Wharf,869,The Bakery Tour,TRUE,0,2026-07-25T21:40:42.000Z,2026-07-25 14:40:42,https://queue-times.com/parks/17/queue_times.json
2026-07-25T21:45:16.481Z,2026-07-25 14:45:16,2026-07-25,America/Los_Angeles,dca,Disney California Adventure,Paradise Gardens Park,298,Golden Zephyr,TRUE,5,2026-07-25T21:40:42.000Z,2026-07-25 14:40:42,https://queue-times.com/parks/17/queue_times.json
2026-07-25T21:45:16.481Z,2026-07-25 14:45:16,2026-07-25,America/Los_Angeles,dca,Disney California Adventure,Paradise Gardens Park,319,Goofy's Sky School,TRUE,45,2026-07-25T21:40:42.000Z,2026-07-25 14:40:42,https://queue-times.com/parks/17/queue_times.json
2026-07-25T21:45:16.481Z,2026-07-25 14:45:16,2026-07-25,America/Los_Angeles,dca,Disney California Adventure,Paradise Gardens Park,301,Silly Symphony Swings,FALSE,0,2026-07-25T21:40:42.000Z,2026-07-25 14:40:42,https://queue-times.com/parks/17/queue_times.json
2026-07-25T21:45:16.481Z,2026-07-25 14:45:16,2026-07-25,America/Los_Angeles,dca,Disney California Adventure,Paradise Gardens Park,316,The Little Mermaid - Ariel's Undersea Adventure,TRUE,20,2026-07-25T21:40:42.000Z,2026-07-25 14:40:42,https://queue-times.com/parks/17/queue_times.json
2026-07-25T21:45:16.481Z,2026-07-25 14:45:16,2026-07-25,America/Los_Angeles,dca,Disney California Adventure,Paradise Gardens Park,14742,World of Color Happiness!,TRUE,0,2026-07-25T21:40:42.000Z,2026-07-25 14:40:42,https://queue-times.com/parks/17/queue_times.json
2026-07-25T21:45:16.481Z,2026-07-25 14:45:16,2026-07-25,America/Los_Angeles,dca,Disney California Adventure,Pixar Pier,866,Games of Pixar Pier,TRUE,5,2026-07-25T21:40:42.000Z,2026-07-25 14:40:42,https://queue-times.com/parks/17/queue_times.json
2026-07-25T21:45:16.481Z,2026-07-25 14:45:16,2026-07-25,America/Los_Angeles,dca,Disney California Adventure,Pixar Pier,322,Incredicoaster,TRUE,20,2026-07-25T21:40:42.000Z,2026-07-25 14:40:42,https://queue-times.com/parks/17/queue_times.json
2026-07-25T21:45:16.481Z,2026-07-25 14:45:16,2026-07-25,America/Los_Angeles,dca,Disney California Adventure,Pixar Pier,10906,Incredicoaster Single Rider,TRUE,0,2026-07-25T21:40:42.000Z,2026-07-25 14:40:42,https://queue-times.com/parks/17/queue_times.json
2026-07-25T21:45:16.481Z,2026-07-25 14:45:16,2026-07-25,America/Los_Angeles,dca,Disney California Adventure,Pixar Pier,6643,Inside Out Emotional Whirlwind,TRUE,5,2026-07-25T21:40:42.000Z,2026-07-25 14:40:42,https://queue-times.com/parks/17/queue_times.json
2026-07-25T21:45:16.481Z,2026-07-25 14:45:16,2026-07-25,America/Los_Angeles,dca,Disney California Adventure,Pixar Pier,310,Jessie's Critter Carousel,TRUE,5,2026-07-25T21:40:42.000Z,2026-07-25 14:40:42,https://queue-times.com/parks/17/queue_times.json
2026-07-25T21:45:16.481Z,2026-07-25 14:45:16,2026-07-25,America/Los_Angeles,dca,Disney California Adventure,Pixar Pier,300,Jumpin' Jellyfish,TRUE,5,2026-07-25T21:40:42.000Z,2026-07-25 14:40:42,https://queue-times.com/parks/17/queue_times.json
2026-07-25T21:45:16.481Z,2026-07-25 14:45:16,2026-07-25,America/Los_Angeles,dca,Disney California Adventure,Pixar Pier,311,Pixar Pal-A-Round - Swinging,TRUE,30,2026-07-25T21:40:42.000Z,2026-07-25 14:40:42,https://queue-times.com/parks/17/queue_times.json
2026-07-25T21:45:16.481Z,2026-07-25 14:45:16,2026-07-25,America/Los_Angeles,dca,Disney California Adventure,Pixar Pier,5557,Pixar Pal-A-Round – Non-Swinging,TRUE,20,2026-07-25T21:40:42.000Z,2026-07-25 14:40:42,https://queue-times.com/parks/17/queue_times.json
2026-07-25T21:45:16.481Z,2026-07-25 14:45:16,2026-07-25,America/Los_Angeles,dca,Disney California Adventure,Pixar Pier,313,Toy Story Midway Mania!,TRUE,50,2026-07-25T21:40:42.000Z,2026-07-25 14:40:42,https://queue-times.com/parks/17/queue_times.json
2026-07-25T22:00:18.699Z,2026-07-25 15:00:18,2026-07-25,America/Los_Angeles,disneyland,Disneyland,Adventureland,12428,Adventureland Treehouse inspired by Walt Disney’s Swiss Family Robinson,TRUE,0,2026-07-25T21:55:39.000Z,2026-07-25 14:55:39,https://queue-times.com/parks/16/queue_times.json
2026-07-25T22:00:18.699Z,2026-07-25 15:00:18,2026-07-25,America/Los_Angeles,disneyland,Disneyland,Adventureland,326,Indiana Jones™ Adventure,TRUE,35,2026-07-25T21:55:39.000Z,2026-07-25 14:55:39,https://queue-times.com/parks/16/queue_times.json
2026-07-25T22:00:18.699Z,2026-07-25 15:00:18,2026-07-25,America/Los_Angeles,disneyland,Disneyland,Adventureland,296,Jungle Cruise,TRUE,15,2026-07-25T21:55:39.000Z,2026-07-25 14:55:39,https://queue-times.com/parks/16/queue_times.json
2026-07-25T22:00:18.699Z,2026-07-25 15:00:18,2026-07-25,America/Los_Angeles,disneyland,Disneyland,Adventureland,288,Walt Disney's Enchanted Tiki Room,TRUE,0,2026-07-25T21:55:39.000Z,2026-07-25 14:55:39,https://queue-times.com/parks/16/queue_times.json
2026-07-25T22:00:18.699Z,2026-07-25 15:00:18,2026-07-25,America/Los_Angeles,disneyland,Disneyland,Bayou Country,304,Davy Crockett's Explorer Canoes,TRUE,5,2026-07-25T21:55:39.000Z,2026-07-25 14:55:39,https://queue-times.com/parks/16/queue_times.json
2026-07-25T22:00:18.699Z,2026-07-25 15:00:18,2026-07-25,America/Los_Angeles,disneyland,Disneyland,Bayou Country,306,The Many Adventures of Winnie the Pooh,TRUE,5,2026-07-25T21:55:39.000Z,2026-07-25 14:55:39,https://queue-times.com/parks/16/queue_times.json
2026-07-25T22:00:18.699Z,2026-07-25 15:00:18,2026-07-25,America/Los_Angeles,disneyland,Disneyland,Bayou Country,14168,Tiana's Bayou Adventure,TRUE,65,2026-07-25T21:55:39.000Z,2026-07-25 14:55:39,https://queue-times.com/parks/16/queue_times.json
2026-07-25T22:00:18.699Z,2026-07-25 15:00:18,2026-07-25,America/Los_Angeles,disneyland,Disneyland,Bayou Country,14326,Tiana's Bayou Adventure Single Rider,TRUE,0,2026-07-25T21:55:39.000Z,2026-07-25 14:55:39,https://queue-times.com/parks/16/queue_times.json
2026-07-25T22:00:18.699Z,2026-07-25 15:00:18,2026-07-25,America/Los_Angeles,disneyland,Disneyland,Fantasyland,307,"""it's a small world""",TRUE,5,2026-07-25T21:55:39.000Z,2026-07-25 14:55:39,https://queue-times.com/parks/16/queue_times.json
2026-07-25T22:00:18.699Z,2026-07-25 15:00:18,2026-07-25,America/Los_Angeles,disneyland,Disneyland,Fantasyland,285,Alice in Wonderland,TRUE,20,2026-07-25T21:55:39.000Z,2026-07-25 14:55:39,https://queue-times.com/parks/16/queue_times.json
2026-07-25T22:00:18.699Z,2026-07-25 15:00:18,2026-07-25,America/Los_Angeles,disneyland,Disneyland,Fantasyland,16254,Bluey’s Best Day Ever! at Fantasyland Theatre,TRUE,0,2026-07-25T21:55:39.000Z,2026-07-25 14:55:39,https://queue-times.com/parks/16/queue_times.json
2026-07-25T22:00:18.699Z,2026-07-25 15:00:18,2026-07-25,America/Los_Angeles,disneyland,Disneyland,Fantasyland,303,Casey Jr. Circus Train,TRUE,5,2026-07-25T21:55:39.000Z,2026-07-25 14:55:39,https://queue-times.com/parks/16/queue_times.json
2026-07-25T22:00:18.699Z,2026-07-25 15:00:18,2026-07-25,America/Los_Angeles,disneyland,Disneyland,Fantasyland,275,Dumbo the Flying Elephant,TRUE,20,2026-07-25T21:55:39.000Z,2026-07-25 14:55:39,https://queue-times.com/parks/16/queue_times.json
2026-07-25T22:00:18.699Z,2026-07-25 15:00:18,2026-07-25,America/Los_Angeles,disneyland,Disneyland,Fantasyland,277,King Arthur Carrousel,TRUE,5,2026-07-25T21:55:39.000Z,2026-07-25 14:55:39,https://queue-times.com/parks/16/queue_times.json
2026-07-25T22:00:18.699Z,2026-07-25 15:00:18,2026-07-25,America/Los_Angeles,disneyland,Disneyland,Fantasyland,278,Mad Tea Party,TRUE,5,2026-07-25T21:55:39.000Z,2026-07-25 14:55:39,https://queue-times.com/parks/16/queue_times.json
2026-07-25T22:00:18.699Z,2026-07-25 15:00:18,2026-07-25,America/Los_Angeles,disneyland,Disneyland,Fantasyland,279,Matterhorn Bobsleds,TRUE,40,2026-07-25T21:55:39.000Z,2026-07-25 14:55:39,https://queue-times.com/parks/16/queue_times.json
2026-07-25T22:00:18.699Z,2026-07-25 15:00:18,2026-07-25,America/Los_Angeles,disneyland,Disneyland,Fantasyland,6711,Meet Disney Princesses at Royal Hall,TRUE,15,2026-07-25T21:55:39.000Z,2026-07-25 14:55:39,https://queue-times.com/parks/16/queue_times.json
2026-07-25T22:00:18.699Z,2026-07-25 15:00:18,2026-07-25,America/Los_Angeles,disneyland,Disneyland,Fantasyland,280,Mr. Toad's Wild Ride,TRUE,10,2026-07-25T21:55:39.000Z,2026-07-25 14:55:39,https://queue-times.com/parks/16/queue_times.json
2026-07-25T22:00:18.699Z,2026-07-25 15:00:18,2026-07-25,America/Los_Angeles,disneyland,Disneyland,Fantasyland,281,Peter Pan's Flight,TRUE,30,2026-07-25T21:55:39.000Z,2026-07-25 14:55:39,https://queue-times.com/parks/16/queue_times.json
2026-07-25T22:00:18.699Z,2026-07-25 15:00:18,2026-07-25,America/Los_Angeles,disneyland,Disneyland,Fantasyland,282,Pinocchio's Daring Journey,TRUE,10,2026-07-25T21:55:39.000Z,2026-07-25 14:55:39,https://queue-times.com/parks/16/queue_times.json
2026-07-25T22:00:18.699Z,2026-07-25 15:00:18,2026-07-25,America/Los_Angeles,disneyland,Disneyland,Fantasyland,687,Sleeping Beauty Castle Walkthrough,FALSE,0,2026-07-25T21:55:39.000Z,2026-07-25 14:55:39,https://queue-times.com/parks/16/queue_times.json
2026-07-25T22:00:18.699Z,2026-07-25 15:00:18,2026-07-25,America/Los_Angeles,disneyland,Disneyland,Fantasyland,283,Snow White's Enchanted Wish,TRUE,15,2026-07-25T21:55:39.000Z,2026-07-25 14:55:39,https://queue-times.com/parks/16/queue_times.json
2026-07-25T22:00:18.699Z,2026-07-25 15:00:18,2026-07-25,America/Los_Angeles,disneyland,Disneyland,Fantasyland,305,Storybook Land Canal Boats,TRUE,15,2026-07-25T21:55:39.000Z,2026-07-25 14:55:39,https://queue-times.com/parks/16/queue_times.json
2026-07-25T22:00:18.699Z,2026-07-25 15:00:18,2026-07-25,America/Los_Angeles,disneyland,Disneyland,Frontierland,323,Big Thunder Mountain Railroad,TRUE,25,2026-07-25T21:55:39.000Z,2026-07-25 14:55:39,https://queue-times.com/parks/16/queue_times.json
2026-07-25T22:00:18.699Z,2026-07-25 15:00:18,2026-07-25,America/Los_Angeles,disneyland,Disneyland,Frontierland,679,Frontierland Shootin' Exposition,FALSE,0,2026-07-25T21:55:39.000Z,2026-07-25 14:55:39,https://queue-times.com/parks/16/queue_times.json
2026-07-25T22:00:18.699Z,2026-07-25 15:00:18,2026-07-25,America/Los_Angeles,disneyland,Disneyland,Frontierland,456,Mark Twain Riverboat,TRUE,10,2026-07-25T21:55:39.000Z,2026-07-25 14:55:39,https://queue-times.com/parks/16/queue_times.json
2026-07-25T22:00:18.699Z,2026-07-25 15:00:18,2026-07-25,America/Los_Angeles,disneyland,Disneyland,Frontierland,331,Pirate's Lair on Tom Sawyer Island,TRUE,5,2026-07-25T21:55:39.000Z,2026-07-25 14:55:39,https://queue-times.com/parks/16/queue_times.json
2026-07-25T22:00:18.699Z,2026-07-25 15:00:18,2026-07-25,America/Los_Angeles,disneyland,Disneyland,Frontierland,328,Sailing Ship Columbia,TRUE,10,2026-07-25T21:55:39.000Z,2026-07-25 14:55:39,https://queue-times.com/parks/16/queue_times.json
2026-07-25T22:00:18.699Z,2026-07-25 15:00:18,2026-07-25,America/Los_Angeles,disneyland,Disneyland,Main Street U.S.A,674,Disneyland Railroad,TRUE,5,2026-07-25T21:55:39.000Z,2026-07-25 14:55:39,https://queue-times.com/parks/16/queue_times.json
2026-07-25T22:00:18.699Z,2026-07-25 15:00:18,2026-07-25,America/Los_Angeles,disneyland,Disneyland,Main Street U.S.A,690,Great Moments with Mr. Lincoln,FALSE,0,2026-07-25T21:55:39.000Z,2026-07-25 14:55:39,https://queue-times.com/parks/16/queue_times.json
2026-07-25T22:00:18.699Z,2026-07-25 15:00:18,2026-07-25,America/Los_Angeles,disneyland,Disneyland,Main Street U.S.A,686,Main Street Cinema,TRUE,0,2026-07-25T21:55:39.000Z,2026-07-25 14:55:39,https://queue-times.com/parks/16/queue_times.json
2026-07-25T22:00:18.699Z,2026-07-25 15:00:18,2026-07-25,America/Los_Angeles,disneyland,Disneyland,Main Street U.S.A,691,Main Street Vehicles,TRUE,0,2026-07-25T21:55:39.000Z,2026-07-25 14:55:39,https://queue-times.com/parks/16/queue_times.json
2026-07-25T22:00:18.699Z,2026-07-25 15:00:18,2026-07-25,America/Los_Angeles,disneyland,Disneyland,Main Street U.S.A,14915,Opera House - Walt Disney - A Magical Life,TRUE,0,2026-07-25T21:55:39.000Z,2026-07-25 14:55:39,https://queue-times.com/parks/16/queue_times.json
2026-07-25T22:00:18.699Z,2026-07-25 15:00:18,2026-07-25,America/Los_Angeles,disneyland,Disneyland,Main Street U.S.A,695,The Disney Gallery,TRUE,0,2026-07-25T21:55:39.000Z,2026-07-25 14:55:39,https://queue-times.com/parks/16/queue_times.json
2026-07-25T22:00:18.699Z,2026-07-25 15:00:18,2026-07-25,America/Los_Angeles,disneyland,Disneyland,Main Street U.S.A,14923,Walt Disney - A Magical Life,TRUE,0,2026-07-25T21:55:39.000Z,2026-07-25 14:55:39,https://queue-times.com/parks/16/queue_times.json
2026-07-25T22:00:18.699Z,2026-07-25 15:00:18,2026-07-25,America/Los_Angeles,disneyland,Disneyland,Mickey's Toontown,324,Chip 'n' Dale's GADGETcoaster,TRUE,20,2026-07-25T21:55:39.000Z,2026-07-25 14:55:39,https://queue-times.com/parks/16/queue_times.json
2026-07-25T22:00:18.699Z,2026-07-25 15:00:18,2026-07-25,America/Los_Angeles,disneyland,Disneyland,Mickey's Toontown,13814,Donald's Duck Pond,TRUE,0,2026-07-25T21:55:39.000Z,2026-07-25 14:55:39,https://queue-times.com/parks/16/queue_times.json
2026-07-25T22:00:18.699Z,2026-07-25 15:00:18,2026-07-25,America/Los_Angeles,disneyland,Disneyland,Mickey's Toontown,11980,Goofy's How-to-Play Yard,TRUE,0,2026-07-25T21:55:39.000Z,2026-07-25 14:55:39,https://queue-times.com/parks/16/queue_times.json
2026-07-25T22:00:18.699Z,2026-07-25 15:00:18,2026-07-25,America/Los_Angeles,disneyland,Disneyland,Mickey's Toontown,11526,Mickey & Minnie's Runaway Railway,TRUE,25,2026-07-25T21:55:39.000Z,2026-07-25 14:55:39,https://queue-times.com/parks/16/queue_times.json
2026-07-25T22:00:18.699Z,2026-07-25 15:00:18,2026-07-25,America/Los_Angeles,disneyland,Disneyland,Mickey's Toontown,709,Mickey's House and Meet Mickey Mouse,TRUE,30,2026-07-25T21:55:39.000Z,2026-07-25 14:55:39,https://queue-times.com/parks/16/queue_times.json
2026-07-25T22:00:18.699Z,2026-07-25 15:00:18,2026-07-25,America/Los_Angeles,disneyland,Disneyland,Mickey's Toontown,327,Mickey's House and Meet Mickey Mouse,FALSE,0,2026-07-25T21:55:39.000Z,2026-07-25 14:55:39,https://queue-times.com/parks/16/queue_times.json
2026-07-25T22:00:18.699Z,2026-07-25 15:00:18,2026-07-25,America/Los_Angeles,disneyland,Disneyland,Mickey's Toontown,684,Minnie's House,TRUE,0,2026-07-25T21:55:39.000Z,2026-07-25 14:55:39,https://queue-times.com/parks/16/queue_times.json
2026-07-25T22:00:18.699Z,2026-07-25 15:00:18,2026-07-25,America/Los_Angeles,disneyland,Disneyland,Mickey's Toontown,332,Roger Rabbit's Car Toon Spin,TRUE,35,2026-07-25T21:55:39.000Z,2026-07-25 14:55:39,https://queue-times.com/parks/16/queue_times.json
2026-07-25T22:00:18.699Z,2026-07-25 15:00:18,2026-07-25,America/Los_Angeles,disneyland,Disneyland,New Orleans Square,13958,Haunted Mansion,TRUE,20,2026-07-25T21:55:39.000Z,2026-07-25 14:55:39,https://queue-times.com/parks/16/queue_times.json
2026-07-25T22:00:18.699Z,2026-07-25 15:00:18,2026-07-25,America/Los_Angeles,disneyland,Disneyland,New Orleans Square,289,Pirates of the Caribbean,TRUE,25,2026-07-25T21:55:39.000Z,2026-07-25 14:55:39,https://queue-times.com/parks/16/queue_times.json
2026-07-25T22:00:18.699Z,2026-07-25 15:00:18,2026-07-25,America/Los_Angeles,disneyland,Disneyland,Star Wars: Galaxy's Edge,6339,Millennium Falcon: Smugglers Run,TRUE,30,2026-07-25T21:55:39.000Z,2026-07-25 14:55:39,https://queue-times.com/parks/16/queue_times.json
2026-07-25T22:00:18.699Z,2026-07-25 15:00:18,2026-07-25,America/Los_Angeles,disneyland,Disneyland,Star Wars: Galaxy's Edge,10903,Millennium Falcon: Smugglers Run Single Rider,TRUE,0,2026-07-25T21:55:39.000Z,2026-07-25 14:55:39,https://queue-times.com/parks/16/queue_times.json
2026-07-25T22:00:18.699Z,2026-07-25 15:00:18,2026-07-25,America/Los_Angeles,disneyland,Disneyland,Star Wars: Galaxy's Edge,6340,Star Wars: Rise of the Resistance,TRUE,50,2026-07-25T21:55:39.000Z,2026-07-25 14:55:39,https://queue-times.com/parks/16/queue_times.json
2026-07-25T22:00:18.699Z,2026-07-25 15:00:18,2026-07-25,America/Los_Angeles,disneyland,Disneyland,Tomorrowland,287,Astro Orbitor,TRUE,10,2026-07-25T21:55:39.000Z,2026-07-25 14:55:39,https://queue-times.com/parks/16/queue_times.json
2026-07-25T22:00:18.699Z,2026-07-25 15:00:18,2026-07-25,America/Los_Angeles,disneyland,Disneyland,Tomorrowland,317,Autopia,TRUE,25,2026-07-25T21:55:39.000Z,2026-07-25 14:55:39,https://queue-times.com/parks/16/queue_times.json
2026-07-25T22:00:18.699Z,2026-07-25 15:00:18,2026-07-25,America/Los_Angeles,disneyland,Disneyland,Tomorrowland,273,Buzz Lightyear Astro Blasters,FALSE,0,2026-07-25T21:55:39.000Z,2026-07-25 14:55:39,https://queue-times.com/parks/16/queue_times.json
2026-07-25T22:00:18.699Z,2026-07-25 15:00:18,2026-07-25,America/Los_Angeles,disneyland,Disneyland,Tomorrowland,274,Disneyland Monorail,FALSE,0,2026-07-25T21:55:39.000Z,2026-07-25 14:55:39,https://queue-times.com/parks/16/queue_times.json
2026-07-25T22:00:18.699Z,2026-07-25 15:00:18,2026-07-25,America/Los_Angeles,disneyland,Disneyland,Tomorrowland,276,Finding Nemo Submarine Voyage,TRUE,30,2026-07-25T21:55:39.000Z,2026-07-25 14:55:39,https://queue-times.com/parks/16/queue_times.json
2026-07-25T22:00:18.699Z,2026-07-25 15:00:18,2026-07-25,America/Los_Angeles,disneyland,Disneyland,Tomorrowland,16627,Pixar Short Film Spotlight,FALSE,0,2026-07-25T21:55:39.000Z,2026-07-25 14:55:39,https://queue-times.com/parks/16/queue_times.json
2026-07-25T22:00:18.699Z,2026-07-25 15:00:18,2026-07-25,America/Los_Angeles,disneyland,Disneyland,Tomorrowland,284,Space Mountain,TRUE,35,2026-07-25T21:55:39.000Z,2026-07-25 14:55:39,https://queue-times.com/parks/16/queue_times.json
2026-07-25T22:00:18.699Z,2026-07-25 15:00:18,2026-07-25,America/Los_Angeles,disneyland,Disneyland,Tomorrowland,286,Star Tours - The Adventures Continue,TRUE,15,2026-07-25T21:55:39.000Z,2026-07-25 14:55:39,https://queue-times.com/parks/16/queue_times.json
2026-07-25T22:00:18.699Z,2026-07-25 15:00:18,2026-07-25,America/Los_Angeles,dca,Disney California Adventure,Avengers Campus,329,Guardians of the Galaxy - Mission: BREAKOUT!,TRUE,50,2026-07-25T21:55:47.000Z,2026-07-25 14:55:47,https://queue-times.com/parks/17/queue_times.json
2026-07-25T22:00:18.699Z,2026-07-25 15:00:18,2026-07-25,America/Los_Angeles,dca,Disney California Adventure,Avengers Campus,8843,WEB SLINGERS: A Spider-Man Adventure,TRUE,30,2026-07-25T21:55:47.000Z,2026-07-25 14:55:47,https://queue-times.com/parks/17/queue_times.json
2026-07-25T22:00:18.699Z,2026-07-25 15:00:18,2026-07-25,America/Los_Angeles,dca,Disney California Adventure,Avengers Campus,10907,WEB SLINGERS: A Spider-Man Adventure Single Rider,TRUE,0,2026-07-25T21:55:47.000Z,2026-07-25 14:55:47,https://queue-times.com/parks/17/queue_times.json
2026-07-25T22:00:18.699Z,2026-07-25 15:00:18,2026-07-25,America/Los_Angeles,dca,Disney California Adventure,Cars Land,13961,Luigi's Rollickin' Roadsters,FALSE,0,2026-07-25T21:55:47.000Z,2026-07-25 14:55:47,https://queue-times.com/parks/17/queue_times.json
2026-07-25T22:00:18.699Z,2026-07-25 15:00:18,2026-07-25,America/Los_Angeles,dca,Disney California Adventure,Cars Land,315,Mater's Junkyard Jamboree,TRUE,10,2026-07-25T21:55:47.000Z,2026-07-25 14:55:47,https://queue-times.com/parks/17/queue_times.json
2026-07-25T22:00:18.699Z,2026-07-25 15:00:18,2026-07-25,America/Los_Angeles,dca,Disney California Adventure,Cars Land,295,Radiator Springs Racers,TRUE,75,2026-07-25T21:55:47.000Z,2026-07-25 14:55:47,https://queue-times.com/parks/17/queue_times.json
2026-07-25T22:00:18.699Z,2026-07-25 15:00:18,2026-07-25,America/Los_Angeles,dca,Disney California Adventure,Cars Land,10904,Radiator Springs Racers Single Rider,TRUE,0,2026-07-25T21:55:47.000Z,2026-07-25 14:55:47,https://queue-times.com/parks/17/queue_times.json
2026-07-25T22:00:18.699Z,2026-07-25 15:00:18,2026-07-25,America/Los_Angeles,dca,Disney California Adventure,Grizzly Peak,302,Grizzly River Run,TRUE,40,2026-07-25T21:55:47.000Z,2026-07-25 14:55:47,https://queue-times.com/parks/17/queue_times.json
2026-07-25T22:00:18.699Z,2026-07-25 15:00:18,2026-07-25,America/Los_Angeles,dca,Disney California Adventure,Grizzly Peak,293,Redwood Creek Challenge Trail,TRUE,5,2026-07-25T21:55:47.000Z,2026-07-25 14:55:47,https://queue-times.com/parks/17/queue_times.json
2026-07-25T22:00:18.699Z,2026-07-25 15:00:18,2026-07-25,America/Los_Angeles,dca,Disney California Adventure,Grizzly Peak,17129,Soarin’ Across America,TRUE,35,2026-07-25T21:55:47.000Z,2026-07-25 14:55:47,https://queue-times.com/parks/17/queue_times.json
2026-07-25T22:00:18.699Z,2026-07-25 15:00:18,2026-07-25,America/Los_Angeles,dca,Disney California Adventure,Hollywood Land,321,Animation Academy,TRUE,0,2026-07-25T21:55:47.000Z,2026-07-25 14:55:47,https://queue-times.com/parks/17/queue_times.json
2026-07-25T22:00:18.699Z,2026-07-25 15:00:18,2026-07-25,America/Los_Angeles,dca,Disney California Adventure,Hollywood Land,6440,Mickey's PhilharMagic,TRUE,10,2026-07-25T21:55:47.000Z,2026-07-25 14:55:47,https://queue-times.com/parks/17/queue_times.json
2026-07-25T22:00:18.699Z,2026-07-25 15:00:18,2026-07-25,America/Los_Angeles,dca,Disney California Adventure,Hollywood Land,291,"Monsters, Inc. Mike & Sulley to the Rescue!",TRUE,45,2026-07-25T21:55:47.000Z,2026-07-25 14:55:47,https://queue-times.com/parks/17/queue_times.json
2026-07-25T22:00:18.699Z,2026-07-25 15:00:18,2026-07-25,America/Los_Angeles,dca,Disney California Adventure,Hollywood Land,868,Sorcerer's Workshop,TRUE,0,2026-07-25T21:55:47.000Z,2026-07-25 14:55:47,https://queue-times.com/parks/17/queue_times.json
2026-07-25T22:00:18.699Z,2026-07-25 15:00:18,2026-07-25,America/Los_Angeles,dca,Disney California Adventure,Hollywood Land,294,Turtle Talk with Crush,TRUE,0,2026-07-25T21:55:47.000Z,2026-07-25 14:55:47,https://queue-times.com/parks/17/queue_times.json
2026-07-25T22:00:18.699Z,2026-07-25 15:00:18,2026-07-25,America/Los_Angeles,dca,Disney California Adventure,Pacific Wharf,869,The Bakery Tour,TRUE,0,2026-07-25T21:55:47.000Z,2026-07-25 14:55:47,https://queue-times.com/parks/17/queue_times.json
2026-07-25T22:00:18.699Z,2026-07-25 15:00:18,2026-07-25,America/Los_Angeles,dca,Disney California Adventure,Paradise Gardens Park,298,Golden Zephyr,TRUE,5,2026-07-25T21:55:47.000Z,2026-07-25 14:55:47,https://queue-times.com/parks/17/queue_times.json
2026-07-25T22:00:18.699Z,2026-07-25 15:00:18,2026-07-25,America/Los_Angeles,dca,Disney California Adventure,Paradise Gardens Park,319,Goofy's Sky School,TRUE,45,2026-07-25T21:55:47.000Z,2026-07-25 14:55:47,https://queue-times.com/parks/17/queue_times.json
2026-07-25T22:00:18.699Z,2026-07-25 15:00:18,2026-07-25,America/Los_Angeles,dca,Disney California Adventure,Paradise Gardens Park,301,Silly Symphony Swings,FALSE,0,2026-07-25T21:55:47.000Z,2026-07-25 14:55:47,https://queue-times.com/parks/17/queue_times.json
2026-07-25T22:00:18.699Z,2026-07-25 15:00:18,2026-07-25,America/Los_Angeles,dca,Disney California Adventure,Paradise Gardens Park,316,The Little Mermaid - Ariel's Undersea Adventure,TRUE,20,2026-07-25T21:55:47.000Z,2026-07-25 14:55:47,https://queue-times.com/parks/17/queue_times.json
2026-07-25T22:00:18.699Z,2026-07-25 15:00:18,2026-07-25,America/Los_Angeles,dca,Disney California Adventure,Paradise Gardens Park,14742,World of Color Happiness!,TRUE,0,2026-07-25T21:55:47.000Z,2026-07-25 14:55:47,https://queue-times.com/parks/17/queue_times.json
2026-07-25T22:00:18.699Z,2026-07-25 15:00:18,2026-07-25,America/Los_Angeles,dca,Disney California Adventure,Pixar Pier,866,Games of Pixar Pier,TRUE,5,2026-07-25T21:55:47.000Z,2026-07-25 14:55:47,https://queue-times.com/parks/17/queue_times.json
2026-07-25T22:00:18.699Z,2026-07-25 15:00:18,2026-07-25,America/Los_Angeles,dca,Disney California Adventure,Pixar Pier,322,Incredicoaster,TRUE,20,2026-07-25T21:55:47.000Z,2026-07-25 14:55:47,https://queue-times.com/parks/17/queue_times.json
2026-07-25T22:00:18.699Z,2026-07-25 15:00:18,2026-07-25,America/Los_Angeles,dca,Disney California Adventure,Pixar Pier,10906,Incredicoaster Single Rider,TRUE,0,2026-07-25T21:55:47.000Z,2026-07-25 14:55:47,https://queue-times.com/parks/17/queue_times.json
2026-07-25T22:00:18.699Z,2026-07-25 15:00:18,2026-07-25,America/Los_Angeles,dca,Disney California Adventure,Pixar Pier,6643,Inside Out Emotional Whirlwind,TRUE,5,2026-07-25T21:55:47.000Z,2026-07-25 14:55:47,https://queue-times.com/parks/17/queue_times.json
2026-07-25T22:00:18.699Z,2026-07-25 15:00:18,2026-07-25,America/Los_Angeles,dca,Disney California Adventure,Pixar Pier,310,Jessie's Critter Carousel,TRUE,5,2026-07-25T21:55:47.000Z,2026-07-25 14:55:47,https://queue-times.com/parks/17/queue_times.json
2026-07-25T22:00:18.699Z,2026-07-25 15:00:18,2026-07-25,America/Los_Angeles,dca,Disney California Adventure,Pixar Pier,300,Jumpin' Jellyfish,TRUE,5,2026-07-25T21:55:47.000Z,2026-07-25 14:55:47,https://queue-times.com/parks/17/queue_times.json
2026-07-25T22:00:18.699Z,2026-07-25 15:00:18,2026-07-25,America/Los_Angeles,dca,Disney California Adventure,Pixar Pier,311,Pixar Pal-A-Round - Swinging,TRUE,20,2026-07-25T21:55:47.000Z,2026-07-25 14:55:47,https://queue-times.com/parks/17/queue_times.json
2026-07-25T22:00:18.699Z,2026-07-25 15:00:18,2026-07-25,America/Los_Angeles,dca,Disney California Adventure,Pixar Pier,5557,Pixar Pal-A-Round – Non-Swinging,TRUE,15,2026-07-25T21:55:47.000Z,2026-07-25 14:55:47,https://queue-times.com/parks/17/queue_times.json
2026-07-25T22:00:18.699Z,2026-07-25 15:00:18,2026-07-25,America/Los_Angeles,dca,Disney California Adventure,Pixar Pier,313,Toy Story Midway Mania!,TRUE,50,2026-07-25T21:55:47.000Z,2026-07-25 14:55:47,https://queue-times.com/parks/17/queue_times.json
2026-07-25T22:15:16.637Z,2026-07-25 15:15:16,2026-07-25,America/Los_Angeles,disneyland,Disneyland,Adventureland,12428,Adventureland Treehouse inspired by Walt Disney’s Swiss Family Robinson,TRUE,0,2026-07-25T22:10:28.000Z,2026-07-25 15:10:28,https://queue-times.com/parks/16/queue_times.json
2026-07-25T22:15:16.637Z,2026-07-25 15:15:16,2026-07-25,America/Los_Angeles,disneyland,Disneyland,Adventureland,326,Indiana Jones™ Adventure,TRUE,45,2026-07-25T22:10:28.000Z,2026-07-25 15:10:28,https://queue-times.com/parks/16/queue_times.json
2026-07-25T22:15:16.637Z,2026-07-25 15:15:16,2026-07-25,America/Los_Angeles,disneyland,Disneyland,Adventureland,296,Jungle Cruise,TRUE,15,2026-07-25T22:10:28.000Z,2026-07-25 15:10:28,https://queue-times.com/parks/16/queue_times.json
2026-07-25T22:15:16.637Z,2026-07-25 15:15:16,2026-07-25,America/Los_Angeles,disneyland,Disneyland,Adventureland,288,Walt Disney's Enchanted Tiki Room,TRUE,0,2026-07-25T22:10:28.000Z,2026-07-25 15:10:28,https://queue-times.com/parks/16/queue_times.json
2026-07-25T22:15:16.637Z,2026-07-25 15:15:16,2026-07-25,America/Los_Angeles,disneyland,Disneyland,Bayou Country,304,Davy Crockett's Explorer Canoes,TRUE,5,2026-07-25T22:10:28.000Z,2026-07-25 15:10:28,https://queue-times.com/parks/16/queue_times.json
2026-07-25T22:15:16.637Z,2026-07-25 15:15:16,2026-07-25,America/Los_Angeles,disneyland,Disneyland,Bayou Country,306,The Many Adventures of Winnie the Pooh,TRUE,10,2026-07-25T22:10:28.000Z,2026-07-25 15:10:28,https://queue-times.com/parks/16/queue_times.json
2026-07-25T22:15:16.637Z,2026-07-25 15:15:16,2026-07-25,America/Los_Angeles,disneyland,Disneyland,Bayou Country,14168,Tiana's Bayou Adventure,TRUE,65,2026-07-25T22:10:28.000Z,2026-07-25 15:10:28,https://queue-times.com/parks/16/queue_times.json
2026-07-25T22:15:16.637Z,2026-07-25 15:15:16,2026-07-25,America/Los_Angeles,disneyland,Disneyland,Bayou Country,14326,Tiana's Bayou Adventure Single Rider,TRUE,0,2026-07-25T22:10:28.000Z,2026-07-25 15:10:28,https://queue-times.com/parks/16/queue_times.json
2026-07-25T22:15:16.637Z,2026-07-25 15:15:16,2026-07-25,America/Los_Angeles,disneyland,Disneyland,Fantasyland,307,"""it's a small world""",TRUE,5,2026-07-25T22:10:28.000Z,2026-07-25 15:10:28,https://queue-times.com/parks/16/queue_times.json
2026-07-25T22:15:16.637Z,2026-07-25 15:15:16,2026-07-25,America/Los_Angeles,disneyland,Disneyland,Fantasyland,285,Alice in Wonderland,TRUE,30,2026-07-25T22:10:28.000Z,2026-07-25 15:10:28,https://queue-times.com/parks/16/queue_times.json
2026-07-25T22:15:16.637Z,2026-07-25 15:15:16,2026-07-25,America/Los_Angeles,disneyland,Disneyland,Fantasyland,16254,Bluey’s Best Day Ever! at Fantasyland Theatre,TRUE,0,2026-07-25T22:10:28.000Z,2026-07-25 15:10:28,https://queue-times.com/parks/16/queue_times.json
2026-07-25T22:15:16.637Z,2026-07-25 15:15:16,2026-07-25,America/Los_Angeles,disneyland,Disneyland,Fantasyland,303,Casey Jr. Circus Train,TRUE,5,2026-07-25T22:10:28.000Z,2026-07-25 15:10:28,https://queue-times.com/parks/16/queue_times.json
2026-07-25T22:15:16.637Z,2026-07-25 15:15:16,2026-07-25,America/Los_Angeles,disneyland,Disneyland,Fantasyland,275,Dumbo the Flying Elephant,TRUE,20,2026-07-25T22:10:28.000Z,2026-07-25 15:10:28,https://queue-times.com/parks/16/queue_times.json
2026-07-25T22:15:16.637Z,2026-07-25 15:15:16,2026-07-25,America/Los_Angeles,disneyland,Disneyland,Fantasyland,277,King Arthur Carrousel,TRUE,5,2026-07-25T22:10:28.000Z,2026-07-25 15:10:28,https://queue-times.com/parks/16/queue_times.json
2026-07-25T22:15:16.637Z,2026-07-25 15:15:16,2026-07-25,America/Los_Angeles,disneyland,Disneyland,Fantasyland,278,Mad Tea Party,TRUE,5,2026-07-25T22:10:28.000Z,2026-07-25 15:10:28,https://queue-times.com/parks/16/queue_times.json
2026-07-25T22:15:16.637Z,2026-07-25 15:15:16,2026-07-25,America/Los_Angeles,disneyland,Disneyland,Fantasyland,279,Matterhorn Bobsleds,TRUE,35,2026-07-25T22:10:28.000Z,2026-07-25 15:10:28,https://queue-times.com/parks/16/queue_times.json
2026-07-25T22:15:16.637Z,2026-07-25 15:15:16,2026-07-25,America/Los_Angeles,disneyland,Disneyland,Fantasyland,6711,Meet Disney Princesses at Royal Hall,TRUE,15,2026-07-25T22:10:28.000Z,2026-07-25 15:10:28,https://queue-times.com/parks/16/queue_times.json
2026-07-25T22:15:16.637Z,2026-07-25 15:15:16,2026-07-25,America/Los_Angeles,disneyland,Disneyland,Fantasyland,280,Mr. Toad's Wild Ride,TRUE,10,2026-07-25T22:10:28.000Z,2026-07-25 15:10:28,https://queue-times.com/parks/16/queue_times.json
2026-07-25T22:15:16.637Z,2026-07-25 15:15:16,2026-07-25,America/Los_Angeles,disneyland,Disneyland,Fantasyland,281,Peter Pan's Flight,TRUE,30,2026-07-25T22:10:28.000Z,2026-07-25 15:10:28,https://queue-times.com/parks/16/queue_times.json
2026-07-25T22:15:16.637Z,2026-07-25 15:15:16,2026-07-25,America/Los_Angeles,disneyland,Disneyland,Fantasyland,282,Pinocchio's Daring Journey,TRUE,10,2026-07-25T22:10:28.000Z,2026-07-25 15:10:28,https://queue-times.com/parks/16/queue_times.json
2026-07-25T22:15:16.637Z,2026-07-25 15:15:16,2026-07-25,America/Los_Angeles,disneyland,Disneyland,Fantasyland,687,Sleeping Beauty Castle Walkthrough,FALSE,0,2026-07-25T22:10:28.000Z,2026-07-25 15:10:28,https://queue-times.com/parks/16/queue_times.json
2026-07-25T22:15:16.637Z,2026-07-25 15:15:16,2026-07-25,America/Los_Angeles,disneyland,Disneyland,Fantasyland,283,Snow White's Enchanted Wish,TRUE,10,2026-07-25T22:10:28.000Z,2026-07-25 15:10:28,https://queue-times.com/parks/16/queue_times.json
2026-07-25T22:15:16.637Z,2026-07-25 15:15:16,2026-07-25,America/Los_Angeles,disneyland,Disneyland,Fantasyland,305,Storybook Land Canal Boats,TRUE,15,2026-07-25T22:10:28.000Z,2026-07-25 15:10:28,https://queue-times.com/parks/16/queue_times.json
2026-07-25T22:15:16.637Z,2026-07-25 15:15:16,2026-07-25,America/Los_Angeles,disneyland,Disneyland,Frontierland,323,Big Thunder Mountain Railroad,TRUE,25,2026-07-25T22:10:28.000Z,2026-07-25 15:10:28,https://queue-times.com/parks/16/queue_times.json
2026-07-25T22:15:16.637Z,2026-07-25 15:15:16,2026-07-25,America/Los_Angeles,disneyland,Disneyland,Frontierland,679,Frontierland Shootin' Exposition,FALSE,0,2026-07-25T22:10:28.000Z,2026-07-25 15:10:28,https://queue-times.com/parks/16/queue_times.json
2026-07-25T22:15:16.637Z,2026-07-25 15:15:16,2026-07-25,America/Los_Angeles,disneyland,Disneyland,Frontierland,456,Mark Twain Riverboat,TRUE,10,2026-07-25T22:10:28.000Z,2026-07-25 15:10:28,https://queue-times.com/parks/16/queue_times.json
2026-07-25T22:15:16.637Z,2026-07-25 15:15:16,2026-07-25,America/Los_Angeles,disneyland,Disneyland,Frontierland,331,Pirate's Lair on Tom Sawyer Island,TRUE,5,2026-07-25T22:10:28.000Z,2026-07-25 15:10:28,https://queue-times.com/parks/16/queue_times.json
2026-07-25T22:15:16.637Z,2026-07-25 15:15:16,2026-07-25,America/Los_Angeles,disneyland,Disneyland,Frontierland,328,Sailing Ship Columbia,TRUE,10,2026-07-25T22:10:28.000Z,2026-07-25 15:10:28,https://queue-times.com/parks/16/queue_times.json
2026-07-25T22:15:16.637Z,2026-07-25 15:15:16,2026-07-25,America/Los_Angeles,disneyland,Disneyland,Main Street U.S.A,674,Disneyland Railroad,TRUE,5,2026-07-25T22:10:28.000Z,2026-07-25 15:10:28,https://queue-times.com/parks/16/queue_times.json
2026-07-25T22:15:16.637Z,2026-07-25 15:15:16,2026-07-25,America/Los_Angeles,disneyland,Disneyland,Main Street U.S.A,690,Great Moments with Mr. Lincoln,FALSE,0,2026-07-25T22:10:28.000Z,2026-07-25 15:10:28,https://queue-times.com/parks/16/queue_times.json
2026-07-25T22:15:16.637Z,2026-07-25 15:15:16,2026-07-25,America/Los_Angeles,disneyland,Disneyland,Main Street U.S.A,686,Main Street Cinema,TRUE,0,2026-07-25T22:10:28.000Z,2026-07-25 15:10:28,https://queue-times.com/parks/16/queue_times.json
2026-07-25T22:15:16.637Z,2026-07-25 15:15:16,2026-07-25,America/Los_Angeles,disneyland,Disneyland,Main Street U.S.A,691,Main Street Vehicles,FALSE,0,2026-07-25T22:10:28.000Z,2026-07-25 15:10:28,https://queue-times.com/parks/16/queue_times.json
2026-07-25T22:15:16.637Z,2026-07-25 15:15:16,2026-07-25,America/Los_Angeles,disneyland,Disneyland,Main Street U.S.A,14915,Opera House - Walt Disney - A Magical Life,TRUE,0,2026-07-25T22:10:28.000Z,2026-07-25 15:10:28,https://queue-times.com/parks/16/queue_times.json
2026-07-25T22:15:16.637Z,2026-07-25 15:15:16,2026-07-25,America/Los_Angeles,disneyland,Disneyland,Main Street U.S.A,695,The Disney Gallery,TRUE,0,2026-07-25T22:10:28.000Z,2026-07-25 15:10:28,https://queue-times.com/parks/16/queue_times.json
2026-07-25T22:15:16.637Z,2026-07-25 15:15:16,2026-07-25,America/Los_Angeles,disneyland,Disneyland,Main Street U.S.A,14923,Walt Disney - A Magical Life,TRUE,0,2026-07-25T22:10:28.000Z,2026-07-25 15:10:28,https://queue-times.com/parks/16/queue_times.json
2026-07-25T22:15:16.637Z,2026-07-25 15:15:16,2026-07-25,America/Los_Angeles,disneyland,Disneyland,Mickey's Toontown,324,Chip 'n' Dale's GADGETcoaster,TRUE,25,2026-07-25T22:10:28.000Z,2026-07-25 15:10:28,https://queue-times.com/parks/16/queue_times.json
2026-07-25T22:15:16.637Z,2026-07-25 15:15:16,2026-07-25,America/Los_Angeles,disneyland,Disneyland,Mickey's Toontown,13814,Donald's Duck Pond,TRUE,0,2026-07-25T22:10:28.000Z,2026-07-25 15:10:28,https://queue-times.com/parks/16/queue_times.json
2026-07-25T22:15:16.637Z,2026-07-25 15:15:16,2026-07-25,America/Los_Angeles,disneyland,Disneyland,Mickey's Toontown,11980,Goofy's How-to-Play Yard,TRUE,0,2026-07-25T22:10:28.000Z,2026-07-25 15:10:28,https://queue-times.com/parks/16/queue_times.json
2026-07-25T22:15:16.637Z,2026-07-25 15:15:16,2026-07-25,America/Los_Angeles,disneyland,Disneyland,Mickey's Toontown,11526,Mickey & Minnie's Runaway Railway,TRUE,35,2026-07-25T22:10:28.000Z,2026-07-25 15:10:28,https://queue-times.com/parks/16/queue_times.json
2026-07-25T22:15:16.637Z,2026-07-25 15:15:16,2026-07-25,America/Los_Angeles,disneyland,Disneyland,Mickey's Toontown,709,Mickey's House and Meet Mickey Mouse,TRUE,30,2026-07-25T22:10:28.000Z,2026-07-25 15:10:28,https://queue-times.com/parks/16/queue_times.json
2026-07-25T22:15:16.637Z,2026-07-25 15:15:16,2026-07-25,America/Los_Angeles,disneyland,Disneyland,Mickey's Toontown,327,Mickey's House and Meet Mickey Mouse,FALSE,0,2026-07-25T22:10:28.000Z,2026-07-25 15:10:28,https://queue-times.com/parks/16/queue_times.json
2026-07-25T22:15:16.637Z,2026-07-25 15:15:16,2026-07-25,America/Los_Angeles,disneyland,Disneyland,Mickey's Toontown,684,Minnie's House,TRUE,0,2026-07-25T22:10:28.000Z,2026-07-25 15:10:28,https://queue-times.com/parks/16/queue_times.json
2026-07-25T22:15:16.637Z,2026-07-25 15:15:16,2026-07-25,America/Los_Angeles,disneyland,Disneyland,Mickey's Toontown,332,Roger Rabbit's Car Toon Spin,TRUE,40,2026-07-25T22:10:28.000Z,2026-07-25 15:10:28,https://queue-times.com/parks/16/queue_times.json
2026-07-25T22:15:16.637Z,2026-07-25 15:15:16,2026-07-25,America/Los_Angeles,disneyland,Disneyland,New Orleans Square,13958,Haunted Mansion,TRUE,20,2026-07-25T22:10:28.000Z,2026-07-25 15:10:28,https://queue-times.com/parks/16/queue_times.json
2026-07-25T22:15:16.637Z,2026-07-25 15:15:16,2026-07-25,America/Los_Angeles,disneyland,Disneyland,New Orleans Square,289,Pirates of the Caribbean,TRUE,25,2026-07-25T22:10:28.000Z,2026-07-25 15:10:28,https://queue-times.com/parks/16/queue_times.json
2026-07-25T22:15:16.637Z,2026-07-25 15:15:16,2026-07-25,America/Los_Angeles,disneyland,Disneyland,Star Wars: Galaxy's Edge,6339,Millennium Falcon: Smugglers Run,TRUE,30,2026-07-25T22:10:28.000Z,2026-07-25 15:10:28,https://queue-times.com/parks/16/queue_times.json
2026-07-25T22:15:16.637Z,2026-07-25 15:15:16,2026-07-25,America/Los_Angeles,disneyland,Disneyland,Star Wars: Galaxy's Edge,10903,Millennium Falcon: Smugglers Run Single Rider,TRUE,0,2026-07-25T22:10:28.000Z,2026-07-25 15:10:28,https://queue-times.com/parks/16/queue_times.json
2026-07-25T22:15:16.637Z,2026-07-25 15:15:16,2026-07-25,America/Los_Angeles,disneyland,Disneyland,Star Wars: Galaxy's Edge,6340,Star Wars: Rise of the Resistance,TRUE,30,2026-07-25T22:10:28.000Z,2026-07-25 15:10:28,https://queue-times.com/parks/16/queue_times.json
2026-07-25T22:15:16.637Z,2026-07-25 15:15:16,2026-07-25,America/Los_Angeles,disneyland,Disneyland,Tomorrowland,287,Astro Orbitor,TRUE,10,2026-07-25T22:10:28.000Z,2026-07-25 15:10:28,https://queue-times.com/parks/16/queue_times.json
2026-07-25T22:15:16.637Z,2026-07-25 15:15:16,2026-07-25,America/Los_Angeles,disneyland,Disneyland,Tomorrowland,317,Autopia,TRUE,10,2026-07-25T22:10:28.000Z,2026-07-25 15:10:28,https://queue-times.com/parks/16/queue_times.json
2026-07-25T22:15:16.637Z,2026-07-25 15:15:16,2026-07-25,America/Los_Angeles,disneyland,Disneyland,Tomorrowland,273,Buzz Lightyear Astro Blasters,FALSE,0,2026-07-25T22:10:28.000Z,2026-07-25 15:10:28,https://queue-times.com/parks/16/queue_times.json
2026-07-25T22:15:16.637Z,2026-07-25 15:15:16,2026-07-25,America/Los_Angeles,disneyland,Disneyland,Tomorrowland,274,Disneyland Monorail,FALSE,0,2026-07-25T22:10:28.000Z,2026-07-25 15:10:28,https://queue-times.com/parks/16/queue_times.json
2026-07-25T22:15:16.637Z,2026-07-25 15:15:16,2026-07-25,America/Los_Angeles,disneyland,Disneyland,Tomorrowland,276,Finding Nemo Submarine Voyage,TRUE,30,2026-07-25T22:10:28.000Z,2026-07-25 15:10:28,https://queue-times.com/parks/16/queue_times.json
2026-07-25T22:15:16.637Z,2026-07-25 15:15:16,2026-07-25,America/Los_Angeles,disneyland,Disneyland,Tomorrowland,16627,Pixar Short Film Spotlight,FALSE,0,2026-07-25T22:10:28.000Z,2026-07-25 15:10:28,https://queue-times.com/parks/16/queue_times.json
2026-07-25T22:15:16.637Z,2026-07-25 15:15:16,2026-07-25,America/Los_Angeles,disneyland,Disneyland,Tomorrowland,284,Space Mountain,TRUE,65,2026-07-25T22:10:28.000Z,2026-07-25 15:10:28,https://queue-times.com/parks/16/queue_times.json
2026-07-25T22:15:16.637Z,2026-07-25 15:15:16,2026-07-25,America/Los_Angeles,disneyland,Disneyland,Tomorrowland,286,Star Tours - The Adventures Continue,TRUE,15,2026-07-25T22:10:28.000Z,2026-07-25 15:10:28,https://queue-times.com/parks/16/queue_times.json
2026-07-25T22:15:16.637Z,2026-07-25 15:15:16,2026-07-25,America/Los_Angeles,dca,Disney California Adventure,Avengers Campus,329,Guardians of the Galaxy - Mission: BREAKOUT!,TRUE,40,2026-07-25T22:10:41.000Z,2026-07-25 15:10:41,https://queue-times.com/parks/17/queue_times.json
2026-07-25T22:15:16.637Z,2026-07-25 15:15:16,2026-07-25,America/Los_Angeles,dca,Disney California Adventure,Avengers Campus,8843,WEB SLINGERS: A Spider-Man Adventure,TRUE,35,2026-07-25T22:10:41.000Z,2026-07-25 15:10:41,https://queue-times.com/parks/17/queue_times.json
2026-07-25T22:15:16.637Z,2026-07-25 15:15:16,2026-07-25,America/Los_Angeles,dca,Disney California Adventure,Avengers Campus,10907,WEB SLINGERS: A Spider-Man Adventure Single Rider,TRUE,0,2026-07-25T22:10:41.000Z,2026-07-25 15:10:41,https://queue-times.com/parks/17/queue_times.json
2026-07-25T22:15:16.637Z,2026-07-25 15:15:16,2026-07-25,America/Los_Angeles,dca,Disney California Adventure,Cars Land,13961,Luigi's Rollickin' Roadsters,TRUE,15,2026-07-25T22:10:41.000Z,2026-07-25 15:10:41,https://queue-times.com/parks/17/queue_times.json
2026-07-25T22:15:16.637Z,2026-07-25 15:15:16,2026-07-25,America/Los_Angeles,dca,Disney California Adventure,Cars Land,315,Mater's Junkyard Jamboree,TRUE,5,2026-07-25T22:10:41.000Z,2026-07-25 15:10:41,https://queue-times.com/parks/17/queue_times.json
2026-07-25T22:15:16.637Z,2026-07-25 15:15:16,2026-07-25,America/Los_Angeles,dca,Disney California Adventure,Cars Land,295,Radiator Springs Racers,TRUE,75,2026-07-25T22:10:41.000Z,2026-07-25 15:10:41,https://queue-times.com/parks/17/queue_times.json
2026-07-25T22:15:16.637Z,2026-07-25 15:15:16,2026-07-25,America/Los_Angeles,dca,Disney California Adventure,Cars Land,10904,Radiator Springs Racers Single Rider,TRUE,0,2026-07-25T22:10:41.000Z,2026-07-25 15:10:41,https://queue-times.com/parks/17/queue_times.json
2026-07-25T22:15:16.637Z,2026-07-25 15:15:16,2026-07-25,America/Los_Angeles,dca,Disney California Adventure,Grizzly Peak,302,Grizzly River Run,TRUE,40,2026-07-25T22:10:41.000Z,2026-07-25 15:10:41,https://queue-times.com/parks/17/queue_times.json
2026-07-25T22:15:16.637Z,2026-07-25 15:15:16,2026-07-25,America/Los_Angeles,dca,Disney California Adventure,Grizzly Peak,293,Redwood Creek Challenge Trail,TRUE,5,2026-07-25T22:10:41.000Z,2026-07-25 15:10:41,https://queue-times.com/parks/17/queue_times.json
2026-07-25T22:15:16.637Z,2026-07-25 15:15:16,2026-07-25,America/Los_Angeles,dca,Disney California Adventure,Grizzly Peak,17129,Soarin’ Across America,TRUE,35,2026-07-25T22:10:41.000Z,2026-07-25 15:10:41,https://queue-times.com/parks/17/queue_times.json
2026-07-25T22:15:16.637Z,2026-07-25 15:15:16,2026-07-25,America/Los_Angeles,dca,Disney California Adventure,Hollywood Land,321,Animation Academy,TRUE,0,2026-07-25T22:10:41.000Z,2026-07-25 15:10:41,https://queue-times.com/parks/17/queue_times.json
2026-07-25T22:15:16.637Z,2026-07-25 15:15:16,2026-07-25,America/Los_Angeles,dca,Disney California Adventure,Hollywood Land,6440,Mickey's PhilharMagic,TRUE,10,2026-07-25T22:10:41.000Z,2026-07-25 15:10:41,https://queue-times.com/parks/17/queue_times.json
2026-07-25T22:15:16.637Z,2026-07-25 15:15:16,2026-07-25,America/Los_Angeles,dca,Disney California Adventure,Hollywood Land,291,"Monsters, Inc. Mike & Sulley to the Rescue!",TRUE,20,2026-07-25T22:10:41.000Z,2026-07-25 15:10:41,https://queue-times.com/parks/17/queue_times.json
2026-07-25T22:15:16.637Z,2026-07-25 15:15:16,2026-07-25,America/Los_Angeles,dca,Disney California Adventure,Hollywood Land,868,Sorcerer's Workshop,TRUE,0,2026-07-25T22:10:41.000Z,2026-07-25 15:10:41,https://queue-times.com/parks/17/queue_times.json
2026-07-25T22:15:16.637Z,2026-07-25 15:15:16,2026-07-25,America/Los_Angeles,dca,Disney California Adventure,Hollywood Land,294,Turtle Talk with Crush,TRUE,0,2026-07-25T22:10:41.000Z,2026-07-25 15:10:41,https://queue-times.com/parks/17/queue_times.json
2026-07-25T22:15:16.637Z,2026-07-25 15:15:16,2026-07-25,America/Los_Angeles,dca,Disney California Adventure,Pacific Wharf,869,The Bakery Tour,TRUE,0,2026-07-25T22:10:41.000Z,2026-07-25 15:10:41,https://queue-times.com/parks/17/queue_times.json
2026-07-25T22:15:16.637Z,2026-07-25 15:15:16,2026-07-25,America/Los_Angeles,dca,Disney California Adventure,Paradise Gardens Park,298,Golden Zephyr,TRUE,5,2026-07-25T22:10:41.000Z,2026-07-25 15:10:41,https://queue-times.com/parks/17/queue_times.json
2026-07-25T22:15:16.637Z,2026-07-25 15:15:16,2026-07-25,America/Los_Angeles,dca,Disney California Adventure,Paradise Gardens Park,319,Goofy's Sky School,TRUE,25,2026-07-25T22:10:41.000Z,2026-07-25 15:10:41,https://queue-times.com/parks/17/queue_times.json
2026-07-25T22:15:16.637Z,2026-07-25 15:15:16,2026-07-25,America/Los_Angeles,dca,Disney California Adventure,Paradise Gardens Park,301,Silly Symphony Swings,FALSE,0,2026-07-25T22:10:41.000Z,2026-07-25 15:10:41,https://queue-times.com/parks/17/queue_times.json
2026-07-25T22:15:16.637Z,2026-07-25 15:15:16,2026-07-25,America/Los_Angeles,dca,Disney California Adventure,Paradise Gardens Park,316,The Little Mermaid - Ariel's Undersea Adventure,TRUE,20,2026-07-25T22:10:41.000Z,2026-07-25 15:10:41,https://queue-times.com/parks/17/queue_times.json
2026-07-25T22:15:16.637Z,2026-07-25 15:15:16,2026-07-25,America/Los_Angeles,dca,Disney California Adventure,Paradise Gardens Park,14742,World of Color Happiness!,TRUE,0,2026-07-25T22:10:41.000Z,2026-07-25 15:10:41,https://queue-times.com/parks/17/queue_times.json
2026-07-25T22:15:16.637Z,2026-07-25 15:15:16,2026-07-25,America/Los_Angeles,dca,Disney California Adventure,Pixar Pier,866,Games of Pixar Pier,TRUE,5,2026-07-25T22:10:41.000Z,2026-07-25 15:10:41,https://queue-times.com/parks/17/queue_times.json
2026-07-25T22:15:16.637Z,2026-07-25 15:15:16,2026-07-25,America/Los_Angeles,dca,Disney California Adventure,Pixar Pier,322,Incredicoaster,TRUE,20,2026-07-25T22:10:41.000Z,2026-07-25 15:10:41,https://queue-times.com/parks/17/queue_times.json
2026-07-25T22:15:16.637Z,2026-07-25 15:15:16,2026-07-25,America/Los_Angeles,dca,Disney California Adventure,Pixar Pier,10906,Incredicoaster Single Rider,TRUE,0,2026-07-25T22:10:41.000Z,2026-07-25 15:10:41,https://queue-times.com/parks/17/queue_times.json
2026-07-25T22:15:16.637Z,2026-07-25 15:15:16,2026-07-25,America/Los_Angeles,dca,Disney California Adventure,Pixar Pier,6643,Inside Out Emotional Whirlwind,TRUE,5,2026-07-25T22:10:41.000Z,2026-07-25 15:10:41,https://queue-times.com/parks/17/queue_times.json
2026-07-25T22:15:16.637Z,2026-07-25 15:15:16,2026-07-25,America/Los_Angeles,dca,Disney California Adventure,Pixar Pier,310,Jessie's Critter Carousel,TRUE,5,2026-07-25T22:10:41.000Z,2026-07-25 15:10:41,https://queue-times.com/parks/17/queue_times.json
2026-07-25T22:15:16.637Z,2026-07-25 15:15:16,2026-07-25,America/Los_Angeles,dca,Disney California Adventure,Pixar Pier,300,Jumpin' Jellyfish,TRUE,5,2026-07-25T22:10:41.000Z,2026-07-25 15:10:41,https://queue-times.com/parks/17/queue_times.json
2026-07-25T22:15:16.637Z,2026-07-25 15:15:16,2026-07-25,America/Los_Angeles,dca,Disney California Adventure,Pixar Pier,311,Pixar Pal-A-Round - Swinging,TRUE,20,2026-07-25T22:10:41.000Z,2026-07-25 15:10:41,https://queue-times.com/parks/17/queue_times.json
2026-07-25T22:15:16.637Z,2026-07-25 15:15:16,2026-07-25,America/Los_Angeles,dca,Disney California Adventure,Pixar Pier,5557,Pixar Pal-A-Round – Non-Swinging,TRUE,15,2026-07-25T22:10:41.000Z,2026-07-25 15:10:41,https://queue-times.com/parks/17/queue_times.json
2026-07-25T22:15:16.637Z,2026-07-25 15:15:16,2026-07-25,America/Los_Angeles,dca,Disney California Adventure,Pixar Pier,313,Toy Story Midway Mania!,TRUE,50,2026-07-25T22:10:41.000Z,2026-07-25 15:10:41,https://queue-times.com/parks/17/queue_times.json
2026-07-25T22:30:19.907Z,2026-07-25 15:30:19,2026-07-25,America/Los_Angeles,disneyland,Disneyland,Adventureland,12428,Adventureland Treehouse inspired by Walt Disney’s Swiss Family Robinson,TRUE,0,2026-07-25T22:25:37.000Z,2026-07-25 15:25:37,https://queue-times.com/parks/16/queue_times.json
2026-07-25T22:30:19.907Z,2026-07-25 15:30:19,2026-07-25,America/Los_Angeles,disneyland,Disneyland,Adventureland,326,Indiana Jones™ Adventure,TRUE,35,2026-07-25T22:25:37.000Z,2026-07-25 15:25:37,https://queue-times.com/parks/16/queue_times.json
2026-07-25T22:30:19.907Z,2026-07-25 15:30:19,2026-07-25,America/Los_Angeles,disneyland,Disneyland,Adventureland,296,Jungle Cruise,TRUE,10,2026-07-25T22:25:37.000Z,2026-07-25 15:25:37,https://queue-times.com/parks/16/queue_times.json
2026-07-25T22:30:19.907Z,2026-07-25 15:30:19,2026-07-25,America/Los_Angeles,disneyland,Disneyland,Adventureland,288,Walt Disney's Enchanted Tiki Room,TRUE,0,2026-07-25T22:25:37.000Z,2026-07-25 15:25:37,https://queue-times.com/parks/16/queue_times.json
2026-07-25T22:30:19.907Z,2026-07-25 15:30:19,2026-07-25,America/Los_Angeles,disneyland,Disneyland,Bayou Country,304,Davy Crockett's Explorer Canoes,TRUE,5,2026-07-25T22:25:37.000Z,2026-07-25 15:25:37,https://queue-times.com/parks/16/queue_times.json
2026-07-25T22:30:19.907Z,2026-07-25 15:30:19,2026-07-25,America/Los_Angeles,disneyland,Disneyland,Bayou Country,306,The Many Adventures of Winnie the Pooh,TRUE,5,2026-07-25T22:25:37.000Z,2026-07-25 15:25:37,https://queue-times.com/parks/16/queue_times.json
2026-07-25T22:30:19.907Z,2026-07-25 15:30:19,2026-07-25,America/Los_Angeles,disneyland,Disneyland,Bayou Country,14168,Tiana's Bayou Adventure,TRUE,55,2026-07-25T22:25:37.000Z,2026-07-25 15:25:37,https://queue-times.com/parks/16/queue_times.json
2026-07-25T22:30:19.907Z,2026-07-25 15:30:19,2026-07-25,America/Los_Angeles,disneyland,Disneyland,Bayou Country,14326,Tiana's Bayou Adventure Single Rider,TRUE,0,2026-07-25T22:25:37.000Z,2026-07-25 15:25:37,https://queue-times.com/parks/16/queue_times.json
2026-07-25T22:30:19.907Z,2026-07-25 15:30:19,2026-07-25,America/Los_Angeles,disneyland,Disneyland,Fantasyland,307,"""it's a small world""",TRUE,5,2026-07-25T22:25:37.000Z,2026-07-25 15:25:37,https://queue-times.com/parks/16/queue_times.json
2026-07-25T22:30:19.907Z,2026-07-25 15:30:19,2026-07-25,America/Los_Angeles,disneyland,Disneyland,Fantasyland,285,Alice in Wonderland,TRUE,25,2026-07-25T22:25:37.000Z,2026-07-25 15:25:37,https://queue-times.com/parks/16/queue_times.json
2026-07-25T22:30:19.907Z,2026-07-25 15:30:19,2026-07-25,America/Los_Angeles,disneyland,Disneyland,Fantasyland,16254,Bluey’s Best Day Ever! at Fantasyland Theatre,TRUE,0,2026-07-25T22:25:37.000Z,2026-07-25 15:25:37,https://queue-times.com/parks/16/queue_times.json
2026-07-25T22:30:19.907Z,2026-07-25 15:30:19,2026-07-25,America/Los_Angeles,disneyland,Disneyland,Fantasyland,303,Casey Jr. Circus Train,TRUE,5,2026-07-25T22:25:37.000Z,2026-07-25 15:25:37,https://queue-times.com/parks/16/queue_times.json
2026-07-25T22:30:19.907Z,2026-07-25 15:30:19,2026-07-25,America/Los_Angeles,disneyland,Disneyland,Fantasyland,275,Dumbo the Flying Elephant,TRUE,20,2026-07-25T22:25:37.000Z,2026-07-25 15:25:37,https://queue-times.com/parks/16/queue_times.json
2026-07-25T22:30:19.907Z,2026-07-25 15:30:19,2026-07-25,America/Los_Angeles,disneyland,Disneyland,Fantasyland,277,King Arthur Carrousel,TRUE,5,2026-07-25T22:25:37.000Z,2026-07-25 15:25:37,https://queue-times.com/parks/16/queue_times.json
2026-07-25T22:30:19.907Z,2026-07-25 15:30:19,2026-07-25,America/Los_Angeles,disneyland,Disneyland,Fantasyland,278,Mad Tea Party,TRUE,5,2026-07-25T22:25:37.000Z,2026-07-25 15:25:37,https://queue-times.com/parks/16/queue_times.json
2026-07-25T22:30:19.907Z,2026-07-25 15:30:19,2026-07-25,America/Los_Angeles,disneyland,Disneyland,Fantasyland,279,Matterhorn Bobsleds,TRUE,30,2026-07-25T22:25:37.000Z,2026-07-25 15:25:37,https://queue-times.com/parks/16/queue_times.json
2026-07-25T22:30:19.907Z,2026-07-25 15:30:19,2026-07-25,America/Los_Angeles,disneyland,Disneyland,Fantasyland,6711,Meet Disney Princesses at Royal Hall,TRUE,15,2026-07-25T22:25:37.000Z,2026-07-25 15:25:37,https://queue-times.com/parks/16/queue_times.json
2026-07-25T22:30:19.907Z,2026-07-25 15:30:19,2026-07-25,America/Los_Angeles,disneyland,Disneyland,Fantasyland,280,Mr. Toad's Wild Ride,TRUE,10,2026-07-25T22:25:37.000Z,2026-07-25 15:25:37,https://queue-times.com/parks/16/queue_times.json
2026-07-25T22:30:19.907Z,2026-07-25 15:30:19,2026-07-25,America/Los_Angeles,disneyland,Disneyland,Fantasyland,281,Peter Pan's Flight,TRUE,25,2026-07-25T22:25:37.000Z,2026-07-25 15:25:37,https://queue-times.com/parks/16/queue_times.json
2026-07-25T22:30:19.907Z,2026-07-25 15:30:19,2026-07-25,America/Los_Angeles,disneyland,Disneyland,Fantasyland,282,Pinocchio's Daring Journey,TRUE,10,2026-07-25T22:25:37.000Z,2026-07-25 15:25:37,https://queue-times.com/parks/16/queue_times.json
2026-07-25T22:30:19.907Z,2026-07-25 15:30:19,2026-07-25,America/Los_Angeles,disneyland,Disneyland,Fantasyland,687,Sleeping Beauty Castle Walkthrough,FALSE,0,2026-07-25T22:25:37.000Z,2026-07-25 15:25:37,https://queue-times.com/parks/16/queue_times.json
2026-07-25T22:30:19.907Z,2026-07-25 15:30:19,2026-07-25,America/Los_Angeles,disneyland,Disneyland,Fantasyland,283,Snow White's Enchanted Wish,TRUE,15,2026-07-25T22:25:37.000Z,2026-07-25 15:25:37,https://queue-times.com/parks/16/queue_times.json
2026-07-25T22:30:19.907Z,2026-07-25 15:30:19,2026-07-25,America/Los_Angeles,disneyland,Disneyland,Fantasyland,305,Storybook Land Canal Boats,TRUE,5,2026-07-25T22:25:37.000Z,2026-07-25 15:25:37,https://queue-times.com/parks/16/queue_times.json
2026-07-25T22:30:19.907Z,2026-07-25 15:30:19,2026-07-25,America/Los_Angeles,disneyland,Disneyland,Frontierland,323,Big Thunder Mountain Railroad,TRUE,25,2026-07-25T22:25:37.000Z,2026-07-25 15:25:37,https://queue-times.com/parks/16/queue_times.json
2026-07-25T22:30:19.907Z,2026-07-25 15:30:19,2026-07-25,America/Los_Angeles,disneyland,Disneyland,Frontierland,679,Frontierland Shootin' Exposition,FALSE,0,2026-07-25T22:25:37.000Z,2026-07-25 15:25:37,https://queue-times.com/parks/16/queue_times.json
2026-07-25T22:30:19.907Z,2026-07-25 15:30:19,2026-07-25,America/Los_Angeles,disneyland,Disneyland,Frontierland,456,Mark Twain Riverboat,TRUE,10,2026-07-25T22:25:37.000Z,2026-07-25 15:25:37,https://queue-times.com/parks/16/queue_times.json
2026-07-25T22:30:19.907Z,2026-07-25 15:30:19,2026-07-25,America/Los_Angeles,disneyland,Disneyland,Frontierland,331,Pirate's Lair on Tom Sawyer Island,TRUE,5,2026-07-25T22:25:37.000Z,2026-07-25 15:25:37,https://queue-times.com/parks/16/queue_times.json
2026-07-25T22:30:19.907Z,2026-07-25 15:30:19,2026-07-25,America/Los_Angeles,disneyland,Disneyland,Frontierland,328,Sailing Ship Columbia,TRUE,10,2026-07-25T22:25:37.000Z,2026-07-25 15:25:37,https://queue-times.com/parks/16/queue_times.json
2026-07-25T22:30:19.907Z,2026-07-25 15:30:19,2026-07-25,America/Los_Angeles,disneyland,Disneyland,Main Street U.S.A,674,Disneyland Railroad,TRUE,5,2026-07-25T22:25:37.000Z,2026-07-25 15:25:37,https://queue-times.com/parks/16/queue_times.json
2026-07-25T22:30:19.907Z,2026-07-25 15:30:19,2026-07-25,America/Los_Angeles,disneyland,Disneyland,Main Street U.S.A,690,Great Moments with Mr. Lincoln,FALSE,0,2026-07-25T22:25:37.000Z,2026-07-25 15:25:37,https://queue-times.com/parks/16/queue_times.json
2026-07-25T22:30:19.907Z,2026-07-25 15:30:19,2026-07-25,America/Los_Angeles,disneyland,Disneyland,Main Street U.S.A,686,Main Street Cinema,TRUE,0,2026-07-25T22:25:37.000Z,2026-07-25 15:25:37,https://queue-times.com/parks/16/queue_times.json
2026-07-25T22:30:19.907Z,2026-07-25 15:30:19,2026-07-25,America/Los_Angeles,disneyland,Disneyland,Main Street U.S.A,691,Main Street Vehicles,FALSE,0,2026-07-25T22:25:37.000Z,2026-07-25 15:25:37,https://queue-times.com/parks/16/queue_times.json
2026-07-25T22:30:19.907Z,2026-07-25 15:30:19,2026-07-25,America/Los_Angeles,disneyland,Disneyland,Main Street U.S.A,14915,Opera House - Walt Disney - A Magical Life,TRUE,0,2026-07-25T22:25:37.000Z,2026-07-25 15:25:37,https://queue-times.com/parks/16/queue_times.json
2026-07-25T22:30:19.907Z,2026-07-25 15:30:19,2026-07-25,America/Los_Angeles,disneyland,Disneyland,Main Street U.S.A,695,The Disney Gallery,TRUE,0,2026-07-25T22:25:37.000Z,2026-07-25 15:25:37,https://queue-times.com/parks/16/queue_times.json
2026-07-25T22:30:19.907Z,2026-07-25 15:30:19,2026-07-25,America/Los_Angeles,disneyland,Disneyland,Main Street U.S.A,14923,Walt Disney - A Magical Life,TRUE,0,2026-07-25T22:25:37.000Z,2026-07-25 15:25:37,https://queue-times.com/parks/16/queue_times.json
2026-07-25T22:30:19.907Z,2026-07-25 15:30:19,2026-07-25,America/Los_Angeles,disneyland,Disneyland,Mickey's Toontown,324,Chip 'n' Dale's GADGETcoaster,TRUE,20,2026-07-25T22:25:37.000Z,2026-07-25 15:25:37,https://queue-times.com/parks/16/queue_times.json
2026-07-25T22:30:19.907Z,2026-07-25 15:30:19,2026-07-25,America/Los_Angeles,disneyland,Disneyland,Mickey's Toontown,13814,Donald's Duck Pond,TRUE,0,2026-07-25T22:25:37.000Z,2026-07-25 15:25:37,https://queue-times.com/parks/16/queue_times.json
2026-07-25T22:30:19.907Z,2026-07-25 15:30:19,2026-07-25,America/Los_Angeles,disneyland,Disneyland,Mickey's Toontown,11980,Goofy's How-to-Play Yard,TRUE,0,2026-07-25T22:25:37.000Z,2026-07-25 15:25:37,https://queue-times.com/parks/16/queue_times.json
2026-07-25T22:30:19.907Z,2026-07-25 15:30:19,2026-07-25,America/Los_Angeles,disneyland,Disneyland,Mickey's Toontown,11526,Mickey & Minnie's Runaway Railway,TRUE,35,2026-07-25T22:25:37.000Z,2026-07-25 15:25:37,https://queue-times.com/parks/16/queue_times.json
2026-07-25T22:30:19.907Z,2026-07-25 15:30:19,2026-07-25,America/Los_Angeles,disneyland,Disneyland,Mickey's Toontown,709,Mickey's House and Meet Mickey Mouse,TRUE,30,2026-07-25T22:25:37.000Z,2026-07-25 15:25:37,https://queue-times.com/parks/16/queue_times.json
2026-07-25T22:30:19.907Z,2026-07-25 15:30:19,2026-07-25,America/Los_Angeles,disneyland,Disneyland,Mickey's Toontown,327,Mickey's House and Meet Mickey Mouse,FALSE,0,2026-07-25T22:25:37.000Z,2026-07-25 15:25:37,https://queue-times.com/parks/16/queue_times.json
2026-07-25T22:30:19.907Z,2026-07-25 15:30:19,2026-07-25,America/Los_Angeles,disneyland,Disneyland,Mickey's Toontown,684,Minnie's House,TRUE,0,2026-07-25T22:25:37.000Z,2026-07-25 15:25:37,https://queue-times.com/parks/16/queue_times.json
2026-07-25T22:30:19.907Z,2026-07-25 15:30:19,2026-07-25,America/Los_Angeles,disneyland,Disneyland,Mickey's Toontown,332,Roger Rabbit's Car Toon Spin,TRUE,40,2026-07-25T22:25:37.000Z,2026-07-25 15:25:37,https://queue-times.com/parks/16/queue_times.json
2026-07-25T22:30:19.907Z,2026-07-25 15:30:19,2026-07-25,America/Los_Angeles,disneyland,Disneyland,New Orleans Square,13958,Haunted Mansion,TRUE,30,2026-07-25T22:25:37.000Z,2026-07-25 15:25:37,https://queue-times.com/parks/16/queue_times.json
2026-07-25T22:30:19.907Z,2026-07-25 15:30:19,2026-07-25,America/Los_Angeles,disneyland,Disneyland,New Orleans Square,289,Pirates of the Caribbean,TRUE,25,2026-07-25T22:25:37.000Z,2026-07-25 15:25:37,https://queue-times.com/parks/16/queue_times.json
2026-07-25T22:30:19.907Z,2026-07-25 15:30:19,2026-07-25,America/Los_Angeles,disneyland,Disneyland,Star Wars: Galaxy's Edge,6339,Millennium Falcon: Smugglers Run,TRUE,30,2026-07-25T22:25:37.000Z,2026-07-25 15:25:37,https://queue-times.com/parks/16/queue_times.json
2026-07-25T22:30:19.907Z,2026-07-25 15:30:19,2026-07-25,America/Los_Angeles,disneyland,Disneyland,Star Wars: Galaxy's Edge,10903,Millennium Falcon: Smugglers Run Single Rider,TRUE,0,2026-07-25T22:25:37.000Z,2026-07-25 15:25:37,https://queue-times.com/parks/16/queue_times.json
2026-07-25T22:30:19.907Z,2026-07-25 15:30:19,2026-07-25,America/Los_Angeles,disneyland,Disneyland,Star Wars: Galaxy's Edge,6340,Star Wars: Rise of the Resistance,TRUE,35,2026-07-25T22:25:37.000Z,2026-07-25 15:25:37,https://queue-times.com/parks/16/queue_times.json
2026-07-25T22:30:19.907Z,2026-07-25 15:30:19,2026-07-25,America/Los_Angeles,disneyland,Disneyland,Tomorrowland,287,Astro Orbitor,TRUE,10,2026-07-25T22:25:37.000Z,2026-07-25 15:25:37,https://queue-times.com/parks/16/queue_times.json
2026-07-25T22:30:19.907Z,2026-07-25 15:30:19,2026-07-25,America/Los_Angeles,disneyland,Disneyland,Tomorrowland,317,Autopia,TRUE,5,2026-07-25T22:25:37.000Z,2026-07-25 15:25:37,https://queue-times.com/parks/16/queue_times.json
2026-07-25T22:30:19.907Z,2026-07-25 15:30:19,2026-07-25,America/Los_Angeles,disneyland,Disneyland,Tomorrowland,273,Buzz Lightyear Astro Blasters,FALSE,0,2026-07-25T22:25:37.000Z,2026-07-25 15:25:37,https://queue-times.com/parks/16/queue_times.json
2026-07-25T22:30:19.907Z,2026-07-25 15:30:19,2026-07-25,America/Los_Angeles,disneyland,Disneyland,Tomorrowland,274,Disneyland Monorail,FALSE,0,2026-07-25T22:25:37.000Z,2026-07-25 15:25:37,https://queue-times.com/parks/16/queue_times.json
2026-07-25T22:30:19.907Z,2026-07-25 15:30:19,2026-07-25,America/Los_Angeles,disneyland,Disneyland,Tomorrowland,276,Finding Nemo Submarine Voyage,TRUE,40,2026-07-25T22:25:37.000Z,2026-07-25 15:25:37,https://queue-times.com/parks/16/queue_times.json
2026-07-25T22:30:19.907Z,2026-07-25 15:30:19,2026-07-25,America/Los_Angeles,disneyland,Disneyland,Tomorrowland,16627,Pixar Short Film Spotlight,FALSE,0,2026-07-25T22:25:37.000Z,2026-07-25 15:25:37,https://queue-times.com/parks/16/queue_times.json
2026-07-25T22:30:19.907Z,2026-07-25 15:30:19,2026-07-25,America/Los_Angeles,disneyland,Disneyland,Tomorrowland,284,Space Mountain,FALSE,0,2026-07-25T22:25:37.000Z,2026-07-25 15:25:37,https://queue-times.com/parks/16/queue_times.json
2026-07-25T22:30:19.907Z,2026-07-25 15:30:19,2026-07-25,America/Los_Angeles,disneyland,Disneyland,Tomorrowland,286,Star Tours - The Adventures Continue,TRUE,15,2026-07-25T22:25:37.000Z,2026-07-25 15:25:37,https://queue-times.com/parks/16/queue_times.json
2026-07-25T22:30:19.907Z,2026-07-25 15:30:19,2026-07-25,America/Los_Angeles,dca,Disney California Adventure,Avengers Campus,329,Guardians of the Galaxy - Mission: BREAKOUT!,TRUE,25,2026-07-25T22:25:47.000Z,2026-07-25 15:25:47,https://queue-times.com/parks/17/queue_times.json
2026-07-25T22:30:19.907Z,2026-07-25 15:30:19,2026-07-25,America/Los_Angeles,dca,Disney California Adventure,Avengers Campus,8843,WEB SLINGERS: A Spider-Man Adventure,TRUE,60,2026-07-25T22:25:47.000Z,2026-07-25 15:25:47,https://queue-times.com/parks/17/queue_times.json
2026-07-25T22:30:19.907Z,2026-07-25 15:30:19,2026-07-25,America/Los_Angeles,dca,Disney California Adventure,Avengers Campus,10907,WEB SLINGERS: A Spider-Man Adventure Single Rider,TRUE,0,2026-07-25T22:25:47.000Z,2026-07-25 15:25:47,https://queue-times.com/parks/17/queue_times.json
2026-07-25T22:30:19.907Z,2026-07-25 15:30:19,2026-07-25,America/Los_Angeles,dca,Disney California Adventure,Cars Land,13961,Luigi's Rollickin' Roadsters,TRUE,5,2026-07-25T22:25:47.000Z,2026-07-25 15:25:47,https://queue-times.com/parks/17/queue_times.json
2026-07-25T22:30:19.907Z,2026-07-25 15:30:19,2026-07-25,America/Los_Angeles,dca,Disney California Adventure,Cars Land,315,Mater's Junkyard Jamboree,TRUE,5,2026-07-25T22:25:47.000Z,2026-07-25 15:25:47,https://queue-times.com/parks/17/queue_times.json
2026-07-25T22:30:19.907Z,2026-07-25 15:30:19,2026-07-25,America/Los_Angeles,dca,Disney California Adventure,Cars Land,295,Radiator Springs Racers,FALSE,0,2026-07-25T22:25:47.000Z,2026-07-25 15:25:47,https://queue-times.com/parks/17/queue_times.json
2026-07-25T22:30:19.907Z,2026-07-25 15:30:19,2026-07-25,America/Los_Angeles,dca,Disney California Adventure,Cars Land,10904,Radiator Springs Racers Single Rider,FALSE,0,2026-07-25T22:25:47.000Z,2026-07-25 15:25:47,https://queue-times.com/parks/17/queue_times.json
2026-07-25T22:30:19.907Z,2026-07-25 15:30:19,2026-07-25,America/Los_Angeles,dca,Disney California Adventure,Grizzly Peak,302,Grizzly River Run,TRUE,40,2026-07-25T22:25:47.000Z,2026-07-25 15:25:47,https://queue-times.com/parks/17/queue_times.json
2026-07-25T22:30:19.907Z,2026-07-25 15:30:19,2026-07-25,America/Los_Angeles,dca,Disney California Adventure,Grizzly Peak,293,Redwood Creek Challenge Trail,TRUE,5,2026-07-25T22:25:47.000Z,2026-07-25 15:25:47,https://queue-times.com/parks/17/queue_times.json
2026-07-25T22:30:19.907Z,2026-07-25 15:30:19,2026-07-25,America/Los_Angeles,dca,Disney California Adventure,Grizzly Peak,17129,Soarin’ Across America,TRUE,35,2026-07-25T22:25:47.000Z,2026-07-25 15:25:47,https://queue-times.com/parks/17/queue_times.json
2026-07-25T22:30:19.907Z,2026-07-25 15:30:19,2026-07-25,America/Los_Angeles,dca,Disney California Adventure,Hollywood Land,321,Animation Academy,TRUE,0,2026-07-25T22:25:47.000Z,2026-07-25 15:25:47,https://queue-times.com/parks/17/queue_times.json
2026-07-25T22:30:19.907Z,2026-07-25 15:30:19,2026-07-25,America/Los_Angeles,dca,Disney California Adventure,Hollywood Land,6440,Mickey's PhilharMagic,TRUE,10,2026-07-25T22:25:47.000Z,2026-07-25 15:25:47,https://queue-times.com/parks/17/queue_times.json
2026-07-25T22:30:19.907Z,2026-07-25 15:30:19,2026-07-25,America/Los_Angeles,dca,Disney California Adventure,Hollywood Land,291,"Monsters, Inc. Mike & Sulley to the Rescue!",TRUE,45,2026-07-25T22:25:47.000Z,2026-07-25 15:25:47,https://queue-times.com/parks/17/queue_times.json
2026-07-25T22:30:19.907Z,2026-07-25 15:30:19,2026-07-25,America/Los_Angeles,dca,Disney California Adventure,Hollywood Land,868,Sorcerer's Workshop,TRUE,0,2026-07-25T22:25:47.000Z,2026-07-25 15:25:47,https://queue-times.com/parks/17/queue_times.json
2026-07-25T22:30:19.907Z,2026-07-25 15:30:19,2026-07-25,America/Los_Angeles,dca,Disney California Adventure,Hollywood Land,294,Turtle Talk with Crush,TRUE,0,2026-07-25T22:25:47.000Z,2026-07-25 15:25:47,https://queue-times.com/parks/17/queue_times.json
2026-07-25T22:30:19.907Z,2026-07-25 15:30:19,2026-07-25,America/Los_Angeles,dca,Disney California Adventure,Pacific Wharf,869,The Bakery Tour,TRUE,0,2026-07-25T22:25:47.000Z,2026-07-25 15:25:47,https://queue-times.com/parks/17/queue_times.json
2026-07-25T22:30:19.907Z,2026-07-25 15:30:19,2026-07-25,America/Los_Angeles,dca,Disney California Adventure,Paradise Gardens Park,298,Golden Zephyr,TRUE,5,2026-07-25T22:25:47.000Z,2026-07-25 15:25:47,https://queue-times.com/parks/17/queue_times.json
2026-07-25T22:30:19.907Z,2026-07-25 15:30:19,2026-07-25,America/Los_Angeles,dca,Disney California Adventure,Paradise Gardens Park,319,Goofy's Sky School,TRUE,25,2026-07-25T22:25:47.000Z,2026-07-25 15:25:47,https://queue-times.com/parks/17/queue_times.json
2026-07-25T22:30:19.907Z,2026-07-25 15:30:19,2026-07-25,America/Los_Angeles,dca,Disney California Adventure,Paradise Gardens Park,301,Silly Symphony Swings,FALSE,0,2026-07-25T22:25:47.000Z,2026-07-25 15:25:47,https://queue-times.com/parks/17/queue_times.json
2026-07-25T22:30:19.907Z,2026-07-25 15:30:19,2026-07-25,America/Los_Angeles,dca,Disney California Adventure,Paradise Gardens Park,316,The Little Mermaid - Ariel's Undersea Adventure,TRUE,20,2026-07-25T22:25:47.000Z,2026-07-25 15:25:47,https://queue-times.com/parks/17/queue_times.json
2026-07-25T22:30:19.907Z,2026-07-25 15:30:19,2026-07-25,America/Los_Angeles,dca,Disney California Adventure,Paradise Gardens Park,14742,World of Color Happiness!,TRUE,0,2026-07-25T22:25:47.000Z,2026-07-25 15:25:47,https://queue-times.com/parks/17/queue_times.json
2026-07-25T22:30:19.907Z,2026-07-25 15:30:19,2026-07-25,America/Los_Angeles,dca,Disney California Adventure,Pixar Pier,866,Games of Pixar Pier,TRUE,5,2026-07-25T22:25:47.000Z,2026-07-25 15:25:47,https://queue-times.com/parks/17/queue_times.json
2026-07-25T22:30:19.907Z,2026-07-25 15:30:19,2026-07-25,America/Los_Angeles,dca,Disney California Adventure,Pixar Pier,322,Incredicoaster,TRUE,20,2026-07-25T22:25:47.000Z,2026-07-25 15:25:47,https://queue-times.com/parks/17/queue_times.json
2026-07-25T22:30:19.907Z,2026-07-25 15:30:19,2026-07-25,America/Los_Angeles,dca,Disney California Adventure,Pixar Pier,10906,Incredicoaster Single Rider,TRUE,0,2026-07-25T22:25:47.000Z,2026-07-25 15:25:47,https://queue-times.com/parks/17/queue_times.json
2026-07-25T22:30:19.907Z,2026-07-25 15:30:19,2026-07-25,America/Los_Angeles,dca,Disney California Adventure,Pixar Pier,6643,Inside Out Emotional Whirlwind,TRUE,5,2026-07-25T22:25:47.000Z,2026-07-25 15:25:47,https://queue-times.com/parks/17/queue_times.json
2026-07-25T22:30:19.907Z,2026-07-25 15:30:19,2026-07-25,America/Los_Angeles,dca,Disney California Adventure,Pixar Pier,310,Jessie's Critter Carousel,TRUE,5,2026-07-25T22:25:47.000Z,2026-07-25 15:25:47,https://queue-times.com/parks/17/queue_times.json
2026-07-25T22:30:19.907Z,2026-07-25 15:30:19,2026-07-25,America/Los_Angeles,dca,Disney California Adventure,Pixar Pier,300,Jumpin' Jellyfish,TRUE,5,2026-07-25T22:25:47.000Z,2026-07-25 15:25:47,https://queue-times.com/parks/17/queue_times.json
2026-07-25T22:30:19.907Z,2026-07-25 15:30:19,2026-07-25,America/Los_Angeles,dca,Disney California Adventure,Pixar Pier,311,Pixar Pal-A-Round - Swinging,TRUE,30,2026-07-25T22:25:47.000Z,2026-07-25 15:25:47,https://queue-times.com/parks/17/queue_times.json
2026-07-25T22:30:19.907Z,2026-07-25 15:30:19,2026-07-25,America/Los_Angeles,dca,Disney California Adventure,Pixar Pier,5557,Pixar Pal-A-Round – Non-Swinging,TRUE,15,2026-07-25T22:25:47.000Z,2026-07-25 15:25:47,https://queue-times.com/parks/17/queue_times.json
2026-07-25T22:30:19.907Z,2026-07-25 15:30:19,2026-07-25,America/Los_Angeles,dca,Disney California Adventure,Pixar Pier,313,Toy Story Midway Mania!,TRUE,45,2026-07-25T22:25:47.000Z,2026-07-25 15:25:47,https://queue-times.com/parks/17/queue_times.json
2026-07-25T22:39:47.844Z,2026-07-25 15:39:47,2026-07-25,America/Los_Angeles,disneyland,Disneyland,Adventureland,12428,Adventureland Treehouse inspired by Walt Disney’s Swiss Family Robinson,TRUE,0,2026-07-25T22:35:34.000Z,2026-07-25 15:35:34,https://queue-times.com/parks/16/queue_times.json
2026-07-25T22:39:47.844Z,2026-07-25 15:39:47,2026-07-25,America/Los_Angeles,disneyland,Disneyland,Adventureland,326,Indiana Jones™ Adventure,TRUE,45,2026-07-25T22:35:34.000Z,2026-07-25 15:35:34,https://queue-times.com/parks/16/queue_times.json
2026-07-25T22:39:47.844Z,2026-07-25 15:39:47,2026-07-25,America/Los_Angeles,disneyland,Disneyland,Adventureland,296,Jungle Cruise,TRUE,10,2026-07-25T22:35:34.000Z,2026-07-25 15:35:34,https://queue-times.com/parks/16/queue_times.json
2026-07-25T22:39:47.844Z,2026-07-25 15:39:47,2026-07-25,America/Los_Angeles,disneyland,Disneyland,Adventureland,288,Walt Disney's Enchanted Tiki Room,TRUE,0,2026-07-25T22:35:34.000Z,2026-07-25 15:35:34,https://queue-times.com/parks/16/queue_times.json
2026-07-25T22:39:47.844Z,2026-07-25 15:39:47,2026-07-25,America/Los_Angeles,disneyland,Disneyland,Bayou Country,304,Davy Crockett's Explorer Canoes,TRUE,5,2026-07-25T22:35:34.000Z,2026-07-25 15:35:34,https://queue-times.com/parks/16/queue_times.json
2026-07-25T22:39:47.844Z,2026-07-25 15:39:47,2026-07-25,America/Los_Angeles,disneyland,Disneyland,Bayou Country,306,The Many Adventures of Winnie the Pooh,TRUE,5,2026-07-25T22:35:34.000Z,2026-07-25 15:35:34,https://queue-times.com/parks/16/queue_times.json
2026-07-25T22:39:47.844Z,2026-07-25 15:39:47,2026-07-25,America/Los_Angeles,disneyland,Disneyland,Bayou Country,14168,Tiana's Bayou Adventure,TRUE,55,2026-07-25T22:35:34.000Z,2026-07-25 15:35:34,https://queue-times.com/parks/16/queue_times.json
2026-07-25T22:39:47.844Z,2026-07-25 15:39:47,2026-07-25,America/Los_Angeles,disneyland,Disneyland,Bayou Country,14326,Tiana's Bayou Adventure Single Rider,TRUE,0,2026-07-25T22:35:34.000Z,2026-07-25 15:35:34,https://queue-times.com/parks/16/queue_times.json
2026-07-25T22:39:47.844Z,2026-07-25 15:39:47,2026-07-25,America/Los_Angeles,disneyland,Disneyland,Fantasyland,307,"""it's a small world""",TRUE,5,2026-07-25T22:35:34.000Z,2026-07-25 15:35:34,https://queue-times.com/parks/16/queue_times.json
2026-07-25T22:39:47.844Z,2026-07-25 15:39:47,2026-07-25,America/Los_Angeles,disneyland,Disneyland,Fantasyland,285,Alice in Wonderland,TRUE,20,2026-07-25T22:35:34.000Z,2026-07-25 15:35:34,https://queue-times.com/parks/16/queue_times.json
2026-07-25T22:39:47.844Z,2026-07-25 15:39:47,2026-07-25,America/Los_Angeles,disneyland,Disneyland,Fantasyland,16254,Bluey’s Best Day Ever! at Fantasyland Theatre,TRUE,0,2026-07-25T22:35:34.000Z,2026-07-25 15:35:34,https://queue-times.com/parks/16/queue_times.json
2026-07-25T22:39:47.844Z,2026-07-25 15:39:47,2026-07-25,America/Los_Angeles,disneyland,Disneyland,Fantasyland,303,Casey Jr. Circus Train,TRUE,5,2026-07-25T22:35:34.000Z,2026-07-25 15:35:34,https://queue-times.com/parks/16/queue_times.json
2026-07-25T22:39:47.844Z,2026-07-25 15:39:47,2026-07-25,America/Los_Angeles,disneyland,Disneyland,Fantasyland,275,Dumbo the Flying Elephant,TRUE,20,2026-07-25T22:35:34.000Z,2026-07-25 15:35:34,https://queue-times.com/parks/16/queue_times.json
2026-07-25T22:39:47.844Z,2026-07-25 15:39:47,2026-07-25,America/Los_Angeles,disneyland,Disneyland,Fantasyland,277,King Arthur Carrousel,TRUE,5,2026-07-25T22:35:34.000Z,2026-07-25 15:35:34,https://queue-times.com/parks/16/queue_times.json
2026-07-25T22:39:47.844Z,2026-07-25 15:39:47,2026-07-25,America/Los_Angeles,disneyland,Disneyland,Fantasyland,278,Mad Tea Party,TRUE,5,2026-07-25T22:35:34.000Z,2026-07-25 15:35:34,https://queue-times.com/parks/16/queue_times.json
2026-07-25T22:39:47.844Z,2026-07-25 15:39:47,2026-07-25,America/Los_Angeles,disneyland,Disneyland,Fantasyland,279,Matterhorn Bobsleds,TRUE,25,2026-07-25T22:35:34.000Z,2026-07-25 15:35:34,https://queue-times.com/parks/16/queue_times.json
2026-07-25T22:39:47.844Z,2026-07-25 15:39:47,2026-07-25,America/Los_Angeles,disneyland,Disneyland,Fantasyland,6711,Meet Disney Princesses at Royal Hall,TRUE,15,2026-07-25T22:35:34.000Z,2026-07-25 15:35:34,https://queue-times.com/parks/16/queue_times.json
2026-07-25T22:39:47.844Z,2026-07-25 15:39:47,2026-07-25,America/Los_Angeles,disneyland,Disneyland,Fantasyland,280,Mr. Toad's Wild Ride,TRUE,10,2026-07-25T22:35:34.000Z,2026-07-25 15:35:34,https://queue-times.com/parks/16/queue_times.json
2026-07-25T22:39:47.844Z,2026-07-25 15:39:47,2026-07-25,America/Los_Angeles,disneyland,Disneyland,Fantasyland,281,Peter Pan's Flight,TRUE,25,2026-07-25T22:35:34.000Z,2026-07-25 15:35:34,https://queue-times.com/parks/16/queue_times.json
2026-07-25T22:39:47.844Z,2026-07-25 15:39:47,2026-07-25,America/Los_Angeles,disneyland,Disneyland,Fantasyland,282,Pinocchio's Daring Journey,TRUE,10,2026-07-25T22:35:34.000Z,2026-07-25 15:35:34,https://queue-times.com/parks/16/queue_times.json
2026-07-25T22:39:47.844Z,2026-07-25 15:39:47,2026-07-25,America/Los_Angeles,disneyland,Disneyland,Fantasyland,687,Sleeping Beauty Castle Walkthrough,FALSE,0,2026-07-25T22:35:34.000Z,2026-07-25 15:35:34,https://queue-times.com/parks/16/queue_times.json
2026-07-25T22:39:47.844Z,2026-07-25 15:39:47,2026-07-25,America/Los_Angeles,disneyland,Disneyland,Fantasyland,283,Snow White's Enchanted Wish,TRUE,15,2026-07-25T22:35:34.000Z,2026-07-25 15:35:34,https://queue-times.com/parks/16/queue_times.json
2026-07-25T22:39:47.844Z,2026-07-25 15:39:47,2026-07-25,America/Los_Angeles,disneyland,Disneyland,Fantasyland,305,Storybook Land Canal Boats,TRUE,5,2026-07-25T22:35:34.000Z,2026-07-25 15:35:34,https://queue-times.com/parks/16/queue_times.json
2026-07-25T22:39:47.844Z,2026-07-25 15:39:47,2026-07-25,America/Los_Angeles,disneyland,Disneyland,Frontierland,323,Big Thunder Mountain Railroad,TRUE,25,2026-07-25T22:35:34.000Z,2026-07-25 15:35:34,https://queue-times.com/parks/16/queue_times.json
2026-07-25T22:39:47.844Z,2026-07-25 15:39:47,2026-07-25,America/Los_Angeles,disneyland,Disneyland,Frontierland,679,Frontierland Shootin' Exposition,FALSE,0,2026-07-25T22:35:34.000Z,2026-07-25 15:35:34,https://queue-times.com/parks/16/queue_times.json
2026-07-25T22:39:47.844Z,2026-07-25 15:39:47,2026-07-25,America/Los_Angeles,disneyland,Disneyland,Frontierland,456,Mark Twain Riverboat,TRUE,10,2026-07-25T22:35:34.000Z,2026-07-25 15:35:34,https://queue-times.com/parks/16/queue_times.json
2026-07-25T22:39:47.844Z,2026-07-25 15:39:47,2026-07-25,America/Los_Angeles,disneyland,Disneyland,Frontierland,331,Pirate's Lair on Tom Sawyer Island,TRUE,5,2026-07-25T22:35:34.000Z,2026-07-25 15:35:34,https://queue-times.com/parks/16/queue_times.json
2026-07-25T22:39:47.844Z,2026-07-25 15:39:47,2026-07-25,America/Los_Angeles,disneyland,Disneyland,Frontierland,328,Sailing Ship Columbia,FALSE,0,2026-07-25T22:35:34.000Z,2026-07-25 15:35:34,https://queue-times.com/parks/16/queue_times.json
2026-07-25T22:39:47.844Z,2026-07-25 15:39:47,2026-07-25,America/Los_Angeles,disneyland,Disneyland,Main Street U.S.A,674,Disneyland Railroad,TRUE,5,2026-07-25T22:35:34.000Z,2026-07-25 15:35:34,https://queue-times.com/parks/16/queue_times.json
2026-07-25T22:39:47.844Z,2026-07-25 15:39:47,2026-07-25,America/Los_Angeles,disneyland,Disneyland,Main Street U.S.A,690,Great Moments with Mr. Lincoln,FALSE,0,2026-07-25T22:35:34.000Z,2026-07-25 15:35:34,https://queue-times.com/parks/16/queue_times.json
2026-07-25T22:39:47.844Z,2026-07-25 15:39:47,2026-07-25,America/Los_Angeles,disneyland,Disneyland,Main Street U.S.A,686,Main Street Cinema,TRUE,0,2026-07-25T22:35:34.000Z,2026-07-25 15:35:34,https://queue-times.com/parks/16/queue_times.json
2026-07-25T22:39:47.844Z,2026-07-25 15:39:47,2026-07-25,America/Los_Angeles,disneyland,Disneyland,Main Street U.S.A,691,Main Street Vehicles,FALSE,0,2026-07-25T22:35:34.000Z,2026-07-25 15:35:34,https://queue-times.com/parks/16/queue_times.json
2026-07-25T22:39:47.844Z,2026-07-25 15:39:47,2026-07-25,America/Los_Angeles,disneyland,Disneyland,Main Street U.S.A,14915,Opera House - Walt Disney - A Magical Life,TRUE,0,2026-07-25T22:35:34.000Z,2026-07-25 15:35:34,https://queue-times.com/parks/16/queue_times.json
2026-07-25T22:39:47.844Z,2026-07-25 15:39:47,2026-07-25,America/Los_Angeles,disneyland,Disneyland,Main Street U.S.A,695,The Disney Gallery,TRUE,0,2026-07-25T22:35:34.000Z,2026-07-25 15:35:34,https://queue-times.com/parks/16/queue_times.json
2026-07-25T22:39:47.844Z,2026-07-25 15:39:47,2026-07-25,America/Los_Angeles,disneyland,Disneyland,Main Street U.S.A,14923,Walt Disney - A Magical Life,TRUE,0,2026-07-25T22:35:34.000Z,2026-07-25 15:35:34,https://queue-times.com/parks/16/queue_times.json
2026-07-25T22:39:47.844Z,2026-07-25 15:39:47,2026-07-25,America/Los_Angeles,disneyland,Disneyland,Mickey's Toontown,324,Chip 'n' Dale's GADGETcoaster,TRUE,20,2026-07-25T22:35:34.000Z,2026-07-25 15:35:34,https://queue-times.com/parks/16/queue_times.json
2026-07-25T22:39:47.844Z,2026-07-25 15:39:47,2026-07-25,America/Los_Angeles,disneyland,Disneyland,Mickey's Toontown,13814,Donald's Duck Pond,TRUE,0,2026-07-25T22:35:34.000Z,2026-07-25 15:35:34,https://queue-times.com/parks/16/queue_times.json
2026-07-25T22:39:47.844Z,2026-07-25 15:39:47,2026-07-25,America/Los_Angeles,disneyland,Disneyland,Mickey's Toontown,11980,Goofy's How-to-Play Yard,TRUE,0,2026-07-25T22:35:34.000Z,2026-07-25 15:35:34,https://queue-times.com/parks/16/queue_times.json
2026-07-25T22:39:47.844Z,2026-07-25 15:39:47,2026-07-25,America/Los_Angeles,disneyland,Disneyland,Mickey's Toontown,11526,Mickey & Minnie's Runaway Railway,TRUE,30,2026-07-25T22:35:34.000Z,2026-07-25 15:35:34,https://queue-times.com/parks/16/queue_times.json
2026-07-25T22:39:47.844Z,2026-07-25 15:39:47,2026-07-25,America/Los_Angeles,disneyland,Disneyland,Mickey's Toontown,709,Mickey's House and Meet Mickey Mouse,TRUE,30,2026-07-25T22:35:34.000Z,2026-07-25 15:35:34,https://queue-times.com/parks/16/queue_times.json
2026-07-25T22:39:47.844Z,2026-07-25 15:39:47,2026-07-25,America/Los_Angeles,disneyland,Disneyland,Mickey's Toontown,327,Mickey's House and Meet Mickey Mouse,FALSE,0,2026-07-25T22:35:34.000Z,2026-07-25 15:35:34,https://queue-times.com/parks/16/queue_times.json
2026-07-25T22:39:47.844Z,2026-07-25 15:39:47,2026-07-25,America/Los_Angeles,disneyland,Disneyland,Mickey's Toontown,684,Minnie's House,TRUE,0,2026-07-25T22:35:34.000Z,2026-07-25 15:35:34,https://queue-times.com/parks/16/queue_times.json
2026-07-25T22:39:47.844Z,2026-07-25 15:39:47,2026-07-25,America/Los_Angeles,disneyland,Disneyland,Mickey's Toontown,332,Roger Rabbit's Car Toon Spin,TRUE,45,2026-07-25T22:35:34.000Z,2026-07-25 15:35:34,https://queue-times.com/parks/16/queue_times.json
2026-07-25T22:39:47.844Z,2026-07-25 15:39:47,2026-07-25,America/Los_Angeles,disneyland,Disneyland,New Orleans Square,13958,Haunted Mansion,TRUE,20,2026-07-25T22:35:34.000Z,2026-07-25 15:35:34,https://queue-times.com/parks/16/queue_times.json
2026-07-25T22:39:47.844Z,2026-07-25 15:39:47,2026-07-25,America/Los_Angeles,disneyland,Disneyland,New Orleans Square,289,Pirates of the Caribbean,TRUE,25,2026-07-25T22:35:34.000Z,2026-07-25 15:35:34,https://queue-times.com/parks/16/queue_times.json
2026-07-25T22:39:47.844Z,2026-07-25 15:39:47,2026-07-25,America/Los_Angeles,disneyland,Disneyland,Star Wars: Galaxy's Edge,6339,Millennium Falcon: Smugglers Run,TRUE,15,2026-07-25T22:35:34.000Z,2026-07-25 15:35:34,https://queue-times.com/parks/16/queue_times.json
2026-07-25T22:39:47.844Z,2026-07-25 15:39:47,2026-07-25,America/Los_Angeles,disneyland,Disneyland,Star Wars: Galaxy's Edge,10903,Millennium Falcon: Smugglers Run Single Rider,TRUE,0,2026-07-25T22:35:34.000Z,2026-07-25 15:35:34,https://queue-times.com/parks/16/queue_times.json
2026-07-25T22:39:47.844Z,2026-07-25 15:39:47,2026-07-25,America/Los_Angeles,disneyland,Disneyland,Star Wars: Galaxy's Edge,6340,Star Wars: Rise of the Resistance,TRUE,50,2026-07-25T22:35:34.000Z,2026-07-25 15:35:34,https://queue-times.com/parks/16/queue_times.json
2026-07-25T22:39:47.844Z,2026-07-25 15:39:47,2026-07-25,America/Los_Angeles,disneyland,Disneyland,Tomorrowland,287,Astro Orbitor,TRUE,10,2026-07-25T22:35:34.000Z,2026-07-25 15:35:34,https://queue-times.com/parks/16/queue_times.json
2026-07-25T22:39:47.844Z,2026-07-25 15:39:47,2026-07-25,America/Los_Angeles,disneyland,Disneyland,Tomorrowland,317,Autopia,TRUE,15,2026-07-25T22:35:34.000Z,2026-07-25 15:35:34,https://queue-times.com/parks/16/queue_times.json
2026-07-25T22:39:47.844Z,2026-07-25 15:39:47,2026-07-25,America/Los_Angeles,disneyland,Disneyland,Tomorrowland,273,Buzz Lightyear Astro Blasters,FALSE,0,2026-07-25T22:35:34.000Z,2026-07-25 15:35:34,https://queue-times.com/parks/16/queue_times.json
2026-07-25T22:39:47.844Z,2026-07-25 15:39:47,2026-07-25,America/Los_Angeles,disneyland,Disneyland,Tomorrowland,274,Disneyland Monorail,FALSE,0,2026-07-25T22:35:34.000Z,2026-07-25 15:35:34,https://queue-times.com/parks/16/queue_times.json
2026-07-25T22:39:47.844Z,2026-07-25 15:39:47,2026-07-25,America/Los_Angeles,disneyland,Disneyland,Tomorrowland,276,Finding Nemo Submarine Voyage,TRUE,40,2026-07-25T22:35:34.000Z,2026-07-25 15:35:34,https://queue-times.com/parks/16/queue_times.json
2026-07-25T22:39:47.844Z,2026-07-25 15:39:47,2026-07-25,America/Los_Angeles,disneyland,Disneyland,Tomorrowland,16627,Pixar Short Film Spotlight,FALSE,0,2026-07-25T22:35:34.000Z,2026-07-25 15:35:34,https://queue-times.com/parks/16/queue_times.json
2026-07-25T22:39:47.844Z,2026-07-25 15:39:47,2026-07-25,America/Los_Angeles,disneyland,Disneyland,Tomorrowland,284,Space Mountain,FALSE,0,2026-07-25T22:35:34.000Z,2026-07-25 15:35:34,https://queue-times.com/parks/16/queue_times.json
2026-07-25T22:39:47.844Z,2026-07-25 15:39:47,2026-07-25,America/Los_Angeles,disneyland,Disneyland,Tomorrowland,286,Star Tours - The Adventures Continue,TRUE,15,2026-07-25T22:35:34.000Z,2026-07-25 15:35:34,https://queue-times.com/parks/16/queue_times.json
2026-07-25T22:39:47.844Z,2026-07-25 15:39:47,2026-07-25,America/Los_Angeles,dca,Disney California Adventure,Avengers Campus,329,Guardians of the Galaxy - Mission: BREAKOUT!,TRUE,40,2026-07-25T22:35:42.000Z,2026-07-25 15:35:42,https://queue-times.com/parks/17/queue_times.json
2026-07-25T22:39:47.844Z,2026-07-25 15:39:47,2026-07-25,America/Los_Angeles,dca,Disney California Adventure,Avengers Campus,8843,WEB SLINGERS: A Spider-Man Adventure,TRUE,60,2026-07-25T22:35:42.000Z,2026-07-25 15:35:42,https://queue-times.com/parks/17/queue_times.json
2026-07-25T22:39:47.844Z,2026-07-25 15:39:47,2026-07-25,America/Los_Angeles,dca,Disney California Adventure,Avengers Campus,10907,WEB SLINGERS: A Spider-Man Adventure Single Rider,TRUE,0,2026-07-25T22:35:42.000Z,2026-07-25 15:35:42,https://queue-times.com/parks/17/queue_times.json
2026-07-25T22:39:47.844Z,2026-07-25 15:39:47,2026-07-25,America/Los_Angeles,dca,Disney California Adventure,Cars Land,13961,Luigi's Rollickin' Roadsters,TRUE,5,2026-07-25T22:35:42.000Z,2026-07-25 15:35:42,https://queue-times.com/parks/17/queue_times.json
2026-07-25T22:39:47.844Z,2026-07-25 15:39:47,2026-07-25,America/Los_Angeles,dca,Disney California Adventure,Cars Land,315,Mater's Junkyard Jamboree,TRUE,15,2026-07-25T22:35:42.000Z,2026-07-25 15:35:42,https://queue-times.com/parks/17/queue_times.json
2026-07-25T22:39:47.844Z,2026-07-25 15:39:47,2026-07-25,America/Los_Angeles,dca,Disney California Adventure,Cars Land,295,Radiator Springs Racers,FALSE,0,2026-07-25T22:35:42.000Z,2026-07-25 15:35:42,https://queue-times.com/parks/17/queue_times.json
2026-07-25T22:39:47.844Z,2026-07-25 15:39:47,2026-07-25,America/Los_Angeles,dca,Disney California Adventure,Cars Land,10904,Radiator Springs Racers Single Rider,FALSE,0,2026-07-25T22:35:42.000Z,2026-07-25 15:35:42,https://queue-times.com/parks/17/queue_times.json
2026-07-25T22:39:47.844Z,2026-07-25 15:39:47,2026-07-25,America/Los_Angeles,dca,Disney California Adventure,Grizzly Peak,302,Grizzly River Run,TRUE,40,2026-07-25T22:35:42.000Z,2026-07-25 15:35:42,https://queue-times.com/parks/17/queue_times.json
2026-07-25T22:39:47.844Z,2026-07-25 15:39:47,2026-07-25,America/Los_Angeles,dca,Disney California Adventure,Grizzly Peak,293,Redwood Creek Challenge Trail,TRUE,5,2026-07-25T22:35:42.000Z,2026-07-25 15:35:42,https://queue-times.com/parks/17/queue_times.json
2026-07-25T22:39:47.844Z,2026-07-25 15:39:47,2026-07-25,America/Los_Angeles,dca,Disney California Adventure,Grizzly Peak,17129,Soarin’ Across America,TRUE,45,2026-07-25T22:35:42.000Z,2026-07-25 15:35:42,https://queue-times.com/parks/17/queue_times.json
2026-07-25T22:39:47.844Z,2026-07-25 15:39:47,2026-07-25,America/Los_Angeles,dca,Disney California Adventure,Hollywood Land,321,Animation Academy,TRUE,0,2026-07-25T22:35:42.000Z,2026-07-25 15:35:42,https://queue-times.com/parks/17/queue_times.json
2026-07-25T22:39:47.844Z,2026-07-25 15:39:47,2026-07-25,America/Los_Angeles,dca,Disney California Adventure,Hollywood Land,6440,Mickey's PhilharMagic,TRUE,10,2026-07-25T22:35:42.000Z,2026-07-25 15:35:42,https://queue-times.com/parks/17/queue_times.json
2026-07-25T22:39:47.844Z,2026-07-25 15:39:47,2026-07-25,America/Los_Angeles,dca,Disney California Adventure,Hollywood Land,291,"Monsters, Inc. Mike & Sulley to the Rescue!",TRUE,45,2026-07-25T22:35:42.000Z,2026-07-25 15:35:42,https://queue-times.com/parks/17/queue_times.json
2026-07-25T22:39:47.844Z,2026-07-25 15:39:47,2026-07-25,America/Los_Angeles,dca,Disney California Adventure,Hollywood Land,868,Sorcerer's Workshop,TRUE,0,2026-07-25T22:35:42.000Z,2026-07-25 15:35:42,https://queue-times.com/parks/17/queue_times.json
2026-07-25T22:39:47.844Z,2026-07-25 15:39:47,2026-07-25,America/Los_Angeles,dca,Disney California Adventure,Hollywood Land,294,Turtle Talk with Crush,TRUE,0,2026-07-25T22:35:42.000Z,2026-07-25 15:35:42,https://queue-times.com/parks/17/queue_times.json
2026-07-25T22:39:47.844Z,2026-07-25 15:39:47,2026-07-25,America/Los_Angeles,dca,Disney California Adventure,Pacific Wharf,869,The Bakery Tour,TRUE,0,2026-07-25T22:35:42.000Z,2026-07-25 15:35:42,https://queue-times.com/parks/17/queue_times.json
2026-07-25T22:39:47.844Z,2026-07-25 15:39:47,2026-07-25,America/Los_Angeles,dca,Disney California Adventure,Paradise Gardens Park,298,Golden Zephyr,TRUE,5,2026-07-25T22:35:42.000Z,2026-07-25 15:35:42,https://queue-times.com/parks/17/queue_times.json
2026-07-25T22:39:47.844Z,2026-07-25 15:39:47,2026-07-25,America/Los_Angeles,dca,Disney California Adventure,Paradise Gardens Park,319,Goofy's Sky School,TRUE,35,2026-07-25T22:35:42.000Z,2026-07-25 15:35:42,https://queue-times.com/parks/17/queue_times.json
2026-07-25T22:39:47.844Z,2026-07-25 15:39:47,2026-07-25,America/Los_Angeles,dca,Disney California Adventure,Paradise Gardens Park,301,Silly Symphony Swings,FALSE,0,2026-07-25T22:35:42.000Z,2026-07-25 15:35:42,https://queue-times.com/parks/17/queue_times.json
2026-07-25T22:39:47.844Z,2026-07-25 15:39:47,2026-07-25,America/Los_Angeles,dca,Disney California Adventure,Paradise Gardens Park,316,The Little Mermaid - Ariel's Undersea Adventure,TRUE,20,2026-07-25T22:35:42.000Z,2026-07-25 15:35:42,https://queue-times.com/parks/17/queue_times.json
2026-07-25T22:39:47.844Z,2026-07-25 15:39:47,2026-07-25,America/Los_Angeles,dca,Disney California Adventure,Paradise Gardens Park,14742,World of Color Happiness!,TRUE,0,2026-07-25T22:35:42.000Z,2026-07-25 15:35:42,https://queue-times.com/parks/17/queue_times.json
2026-07-25T22:39:47.844Z,2026-07-25 15:39:47,2026-07-25,America/Los_Angeles,dca,Disney California Adventure,Pixar Pier,866,Games of Pixar Pier,TRUE,5,2026-07-25T22:35:42.000Z,2026-07-25 15:35:42,https://queue-times.com/parks/17/queue_times.json
2026-07-25T22:39:47.844Z,2026-07-25 15:39:47,2026-07-25,America/Los_Angeles,dca,Disney California Adventure,Pixar Pier,322,Incredicoaster,TRUE,20,2026-07-25T22:35:42.000Z,2026-07-25 15:35:42,https://queue-times.com/parks/17/queue_times.json
2026-07-25T22:39:47.844Z,2026-07-25 15:39:47,2026-07-25,America/Los_Angeles,dca,Disney California Adventure,Pixar Pier,10906,Incredicoaster Single Rider,TRUE,0,2026-07-25T22:35:42.000Z,2026-07-25 15:35:42,https://queue-times.com/parks/17/queue_times.json
2026-07-25T22:39:47.844Z,2026-07-25 15:39:47,2026-07-25,America/Los_Angeles,dca,Disney California Adventure,Pixar Pier,6643,Inside Out Emotional Whirlwind,TRUE,5,2026-07-25T22:35:42.000Z,2026-07-25 15:35:42,https://queue-times.com/parks/17/queue_times.json
2026-07-25T22:39:47.844Z,2026-07-25 15:39:47,2026-07-25,America/Los_Angeles,dca,Disney California Adventure,Pixar Pier,310,Jessie's Critter Carousel,TRUE,5,2026-07-25T22:35:42.000Z,2026-07-25 15:35:42,https://queue-times.com/parks/17/queue_times.json
2026-07-25T22:39:47.844Z,2026-07-25 15:39:47,2026-07-25,America/Los_Angeles,dca,Disney California Adventure,Pixar Pier,300,Jumpin' Jellyfish,TRUE,5,2026-07-25T22:35:42.000Z,2026-07-25 15:35:42,https://queue-times.com/parks/17/queue_times.json
2026-07-25T22:39:47.844Z,2026-07-25 15:39:47,2026-07-25,America/Los_Angeles,dca,Disney California Adventure,Pixar Pier,311,Pixar Pal-A-Round - Swinging,TRUE,30,2026-07-25T22:35:42.000Z,2026-07-25 15:35:42,https://queue-times.com/parks/17/queue_times.json
2026-07-25T22:39:47.844Z,2026-07-25 15:39:47,2026-07-25,America/Los_Angeles,dca,Disney California Adventure,Pixar Pier,5557,Pixar Pal-A-Round – Non-Swinging,TRUE,15,2026-07-25T22:35:42.000Z,2026-07-25 15:35:42,https://queue-times.com/parks/17/queue_times.json
2026-07-25T22:39:47.844Z,2026-07-25 15:39:47,2026-07-25,America/Los_Angeles,dca,Disney California Adventure,Pixar Pier,313,Toy Story Midway Mania!,TRUE,45,2026-07-25T22:35:42.000Z,2026-07-25 15:35:42,https://queue-times.com/parks/17/queue_times.json
2026-07-25T22:45:14.161Z,2026-07-25 15:45:14,2026-07-25,America/Los_Angeles,disneyland,Disneyland,Adventureland,12428,Adventureland Treehouse inspired by Walt Disney’s Swiss Family Robinson,TRUE,0,2026-07-25T22:40:57.000Z,2026-07-25 15:40:57,https://queue-times.com/parks/16/queue_times.json
2026-07-25T22:45:14.161Z,2026-07-25 15:45:14,2026-07-25,America/Los_Angeles,disneyland,Disneyland,Adventureland,326,Indiana Jones™ Adventure,TRUE,55,2026-07-25T22:40:57.000Z,2026-07-25 15:40:57,https://queue-times.com/parks/16/queue_times.json
2026-07-25T22:45:14.161Z,2026-07-25 15:45:14,2026-07-25,America/Los_Angeles,disneyland,Disneyland,Adventureland,296,Jungle Cruise,TRUE,10,2026-07-25T22:40:57.000Z,2026-07-25 15:40:57,https://queue-times.com/parks/16/queue_times.json
2026-07-25T22:45:14.161Z,2026-07-25 15:45:14,2026-07-25,America/Los_Angeles,disneyland,Disneyland,Adventureland,288,Walt Disney's Enchanted Tiki Room,TRUE,0,2026-07-25T22:40:57.000Z,2026-07-25 15:40:57,https://queue-times.com/parks/16/queue_times.json
2026-07-25T22:45:14.161Z,2026-07-25 15:45:14,2026-07-25,America/Los_Angeles,disneyland,Disneyland,Bayou Country,304,Davy Crockett's Explorer Canoes,TRUE,5,2026-07-25T22:40:57.000Z,2026-07-25 15:40:57,https://queue-times.com/parks/16/queue_times.json
2026-07-25T22:45:14.161Z,2026-07-25 15:45:14,2026-07-25,America/Los_Angeles,disneyland,Disneyland,Bayou Country,306,The Many Adventures of Winnie the Pooh,TRUE,5,2026-07-25T22:40:57.000Z,2026-07-25 15:40:57,https://queue-times.com/parks/16/queue_times.json
2026-07-25T22:45:14.161Z,2026-07-25 15:45:14,2026-07-25,America/Los_Angeles,disneyland,Disneyland,Bayou Country,14168,Tiana's Bayou Adventure,TRUE,55,2026-07-25T22:40:57.000Z,2026-07-25 15:40:57,https://queue-times.com/parks/16/queue_times.json
2026-07-25T22:45:14.161Z,2026-07-25 15:45:14,2026-07-25,America/Los_Angeles,disneyland,Disneyland,Bayou Country,14326,Tiana's Bayou Adventure Single Rider,TRUE,0,2026-07-25T22:40:57.000Z,2026-07-25 15:40:57,https://queue-times.com/parks/16/queue_times.json
2026-07-25T22:45:14.161Z,2026-07-25 15:45:14,2026-07-25,America/Los_Angeles,disneyland,Disneyland,Fantasyland,307,"""it's a small world""",FALSE,0,2026-07-25T22:40:57.000Z,2026-07-25 15:40:57,https://queue-times.com/parks/16/queue_times.json
2026-07-25T22:45:14.161Z,2026-07-25 15:45:14,2026-07-25,America/Los_Angeles,disneyland,Disneyland,Fantasyland,285,Alice in Wonderland,TRUE,20,2026-07-25T22:40:57.000Z,2026-07-25 15:40:57,https://queue-times.com/parks/16/queue_times.json
2026-07-25T22:45:14.161Z,2026-07-25 15:45:14,2026-07-25,America/Los_Angeles,disneyland,Disneyland,Fantasyland,16254,Bluey’s Best Day Ever! at Fantasyland Theatre,TRUE,0,2026-07-25T22:40:57.000Z,2026-07-25 15:40:57,https://queue-times.com/parks/16/queue_times.json
2026-07-25T22:45:14.161Z,2026-07-25 15:45:14,2026-07-25,America/Los_Angeles,disneyland,Disneyland,Fantasyland,303,Casey Jr. Circus Train,TRUE,5,2026-07-25T22:40:57.000Z,2026-07-25 15:40:57,https://queue-times.com/parks/16/queue_times.json
2026-07-25T22:45:14.161Z,2026-07-25 15:45:14,2026-07-25,America/Los_Angeles,disneyland,Disneyland,Fantasyland,275,Dumbo the Flying Elephant,TRUE,20,2026-07-25T22:40:57.000Z,2026-07-25 15:40:57,https://queue-times.com/parks/16/queue_times.json
2026-07-25T22:45:14.161Z,2026-07-25 15:45:14,2026-07-25,America/Los_Angeles,disneyland,Disneyland,Fantasyland,277,King Arthur Carrousel,TRUE,5,2026-07-25T22:40:57.000Z,2026-07-25 15:40:57,https://queue-times.com/parks/16/queue_times.json
2026-07-25T22:45:14.161Z,2026-07-25 15:45:14,2026-07-25,America/Los_Angeles,disneyland,Disneyland,Fantasyland,278,Mad Tea Party,TRUE,5,2026-07-25T22:40:57.000Z,2026-07-25 15:40:57,https://queue-times.com/parks/16/queue_times.json
2026-07-25T22:45:14.161Z,2026-07-25 15:45:14,2026-07-25,America/Los_Angeles,disneyland,Disneyland,Fantasyland,279,Matterhorn Bobsleds,TRUE,30,2026-07-25T22:40:57.000Z,2026-07-25 15:40:57,https://queue-times.com/parks/16/queue_times.json
2026-07-25T22:45:14.161Z,2026-07-25 15:45:14,2026-07-25,America/Los_Angeles,disneyland,Disneyland,Fantasyland,6711,Meet Disney Princesses at Royal Hall,TRUE,15,2026-07-25T22:40:57.000Z,2026-07-25 15:40:57,https://queue-times.com/parks/16/queue_times.json
2026-07-25T22:45:14.161Z,2026-07-25 15:45:14,2026-07-25,America/Los_Angeles,disneyland,Disneyland,Fantasyland,280,Mr. Toad's Wild Ride,TRUE,10,2026-07-25T22:40:57.000Z,2026-07-25 15:40:57,https://queue-times.com/parks/16/queue_times.json
2026-07-25T22:45:14.161Z,2026-07-25 15:45:14,2026-07-25,America/Los_Angeles,disneyland,Disneyland,Fantasyland,281,Peter Pan's Flight,TRUE,25,2026-07-25T22:40:57.000Z,2026-07-25 15:40:57,https://queue-times.com/parks/16/queue_times.json
2026-07-25T22:45:14.161Z,2026-07-25 15:45:14,2026-07-25,America/Los_Angeles,disneyland,Disneyland,Fantasyland,282,Pinocchio's Daring Journey,TRUE,10,2026-07-25T22:40:57.000Z,2026-07-25 15:40:57,https://queue-times.com/parks/16/queue_times.json
2026-07-25T22:45:14.161Z,2026-07-25 15:45:14,2026-07-25,America/Los_Angeles,disneyland,Disneyland,Fantasyland,687,Sleeping Beauty Castle Walkthrough,FALSE,0,2026-07-25T22:40:57.000Z,2026-07-25 15:40:57,https://queue-times.com/parks/16/queue_times.json
2026-07-25T22:45:14.161Z,2026-07-25 15:45:14,2026-07-25,America/Los_Angeles,disneyland,Disneyland,Fantasyland,283,Snow White's Enchanted Wish,TRUE,10,2026-07-25T22:40:57.000Z,2026-07-25 15:40:57,https://queue-times.com/parks/16/queue_times.json
2026-07-25T22:45:14.161Z,2026-07-25 15:45:14,2026-07-25,America/Los_Angeles,disneyland,Disneyland,Fantasyland,305,Storybook Land Canal Boats,TRUE,10,2026-07-25T22:40:57.000Z,2026-07-25 15:40:57,https://queue-times.com/parks/16/queue_times.json
2026-07-25T22:45:14.161Z,2026-07-25 15:45:14,2026-07-25,America/Los_Angeles,disneyland,Disneyland,Frontierland,323,Big Thunder Mountain Railroad,TRUE,25,2026-07-25T22:40:57.000Z,2026-07-25 15:40:57,https://queue-times.com/parks/16/queue_times.json
2026-07-25T22:45:14.161Z,2026-07-25 15:45:14,2026-07-25,America/Los_Angeles,disneyland,Disneyland,Frontierland,679,Frontierland Shootin' Exposition,FALSE,0,2026-07-25T22:40:57.000Z,2026-07-25 15:40:57,https://queue-times.com/parks/16/queue_times.json
2026-07-25T22:45:14.161Z,2026-07-25 15:45:14,2026-07-25,America/Los_Angeles,disneyland,Disneyland,Frontierland,456,Mark Twain Riverboat,TRUE,10,2026-07-25T22:40:57.000Z,2026-07-25 15:40:57,https://queue-times.com/parks/16/queue_times.json
2026-07-25T22:45:14.161Z,2026-07-25 15:45:14,2026-07-25,America/Los_Angeles,disneyland,Disneyland,Frontierland,331,Pirate's Lair on Tom Sawyer Island,TRUE,5,2026-07-25T22:40:57.000Z,2026-07-25 15:40:57,https://queue-times.com/parks/16/queue_times.json
2026-07-25T22:45:14.161Z,2026-07-25 15:45:14,2026-07-25,America/Los_Angeles,disneyland,Disneyland,Frontierland,328,Sailing Ship Columbia,FALSE,0,2026-07-25T22:40:57.000Z,2026-07-25 15:40:57,https://queue-times.com/parks/16/queue_times.json
2026-07-25T22:45:14.161Z,2026-07-25 15:45:14,2026-07-25,America/Los_Angeles,disneyland,Disneyland,Main Street U.S.A,674,Disneyland Railroad,TRUE,5,2026-07-25T22:40:57.000Z,2026-07-25 15:40:57,https://queue-times.com/parks/16/queue_times.json
2026-07-25T22:45:14.161Z,2026-07-25 15:45:14,2026-07-25,America/Los_Angeles,disneyland,Disneyland,Main Street U.S.A,690,Great Moments with Mr. Lincoln,FALSE,0,2026-07-25T22:40:57.000Z,2026-07-25 15:40:57,https://queue-times.com/parks/16/queue_times.json
2026-07-25T22:45:14.161Z,2026-07-25 15:45:14,2026-07-25,America/Los_Angeles,disneyland,Disneyland,Main Street U.S.A,686,Main Street Cinema,TRUE,0,2026-07-25T22:40:57.000Z,2026-07-25 15:40:57,https://queue-times.com/parks/16/queue_times.json
2026-07-25T22:45:14.161Z,2026-07-25 15:45:14,2026-07-25,America/Los_Angeles,disneyland,Disneyland,Main Street U.S.A,691,Main Street Vehicles,FALSE,0,2026-07-25T22:40:57.000Z,2026-07-25 15:40:57,https://queue-times.com/parks/16/queue_times.json
2026-07-25T22:45:14.161Z,2026-07-25 15:45:14,2026-07-25,America/Los_Angeles,disneyland,Disneyland,Main Street U.S.A,14915,Opera House - Walt Disney - A Magical Life,TRUE,0,2026-07-25T22:40:57.000Z,2026-07-25 15:40:57,https://queue-times.com/parks/16/queue_times.json
2026-07-25T22:45:14.161Z,2026-07-25 15:45:14,2026-07-25,America/Los_Angeles,disneyland,Disneyland,Main Street U.S.A,695,The Disney Gallery,TRUE,0,2026-07-25T22:40:57.000Z,2026-07-25 15:40:57,https://queue-times.com/parks/16/queue_times.json
2026-07-25T22:45:14.161Z,2026-07-25 15:45:14,2026-07-25,America/Los_Angeles,disneyland,Disneyland,Main Street U.S.A,14923,Walt Disney - A Magical Life,TRUE,0,2026-07-25T22:40:57.000Z,2026-07-25 15:40:57,https://queue-times.com/parks/16/queue_times.json
2026-07-25T22:45:14.161Z,2026-07-25 15:45:14,2026-07-25,America/Los_Angeles,disneyland,Disneyland,Mickey's Toontown,324,Chip 'n' Dale's GADGETcoaster,TRUE,15,2026-07-25T22:40:57.000Z,2026-07-25 15:40:57,https://queue-times.com/parks/16/queue_times.json
2026-07-25T22:45:14.161Z,2026-07-25 15:45:14,2026-07-25,America/Los_Angeles,disneyland,Disneyland,Mickey's Toontown,13814,Donald's Duck Pond,TRUE,0,2026-07-25T22:40:57.000Z,2026-07-25 15:40:57,https://queue-times.com/parks/16/queue_times.json
2026-07-25T22:45:14.161Z,2026-07-25 15:45:14,2026-07-25,America/Los_Angeles,disneyland,Disneyland,Mickey's Toontown,11980,Goofy's How-to-Play Yard,TRUE,0,2026-07-25T22:40:57.000Z,2026-07-25 15:40:57,https://queue-times.com/parks/16/queue_times.json
2026-07-25T22:45:14.161Z,2026-07-25 15:45:14,2026-07-25,America/Los_Angeles,disneyland,Disneyland,Mickey's Toontown,11526,Mickey & Minnie's Runaway Railway,TRUE,30,2026-07-25T22:40:57.000Z,2026-07-25 15:40:57,https://queue-times.com/parks/16/queue_times.json
2026-07-25T22:45:14.161Z,2026-07-25 15:45:14,2026-07-25,America/Los_Angeles,disneyland,Disneyland,Mickey's Toontown,709,Mickey's House and Meet Mickey Mouse,TRUE,30,2026-07-25T22:40:57.000Z,2026-07-25 15:40:57,https://queue-times.com/parks/16/queue_times.json
2026-07-25T22:45:14.161Z,2026-07-25 15:45:14,2026-07-25,America/Los_Angeles,disneyland,Disneyland,Mickey's Toontown,327,Mickey's House and Meet Mickey Mouse,FALSE,0,2026-07-25T22:40:57.000Z,2026-07-25 15:40:57,https://queue-times.com/parks/16/queue_times.json
2026-07-25T22:45:14.161Z,2026-07-25 15:45:14,2026-07-25,America/Los_Angeles,disneyland,Disneyland,Mickey's Toontown,684,Minnie's House,TRUE,0,2026-07-25T22:40:57.000Z,2026-07-25 15:40:57,https://queue-times.com/parks/16/queue_times.json
2026-07-25T22:45:14.161Z,2026-07-25 15:45:14,2026-07-25,America/Los_Angeles,disneyland,Disneyland,Mickey's Toontown,332,Roger Rabbit's Car Toon Spin,TRUE,45,2026-07-25T22:40:57.000Z,2026-07-25 15:40:57,https://queue-times.com/parks/16/queue_times.json
2026-07-25T22:45:14.161Z,2026-07-25 15:45:14,2026-07-25,America/Los_Angeles,disneyland,Disneyland,New Orleans Square,13958,Haunted Mansion,TRUE,20,2026-07-25T22:40:57.000Z,2026-07-25 15:40:57,https://queue-times.com/parks/16/queue_times.json
2026-07-25T22:45:14.161Z,2026-07-25 15:45:14,2026-07-25,America/Los_Angeles,disneyland,Disneyland,New Orleans Square,289,Pirates of the Caribbean,TRUE,25,2026-07-25T22:40:57.000Z,2026-07-25 15:40:57,https://queue-times.com/parks/16/queue_times.json
2026-07-25T22:45:14.161Z,2026-07-25 15:45:14,2026-07-25,America/Los_Angeles,disneyland,Disneyland,Star Wars: Galaxy's Edge,6339,Millennium Falcon: Smugglers Run,TRUE,15,2026-07-25T22:40:57.000Z,2026-07-25 15:40:57,https://queue-times.com/parks/16/queue_times.json
2026-07-25T22:45:14.161Z,2026-07-25 15:45:14,2026-07-25,America/Los_Angeles,disneyland,Disneyland,Star Wars: Galaxy's Edge,10903,Millennium Falcon: Smugglers Run Single Rider,TRUE,0,2026-07-25T22:40:57.000Z,2026-07-25 15:40:57,https://queue-times.com/parks/16/queue_times.json
2026-07-25T22:45:14.161Z,2026-07-25 15:45:14,2026-07-25,America/Los_Angeles,disneyland,Disneyland,Star Wars: Galaxy's Edge,6340,Star Wars: Rise of the Resistance,TRUE,55,2026-07-25T22:40:57.000Z,2026-07-25 15:40:57,https://queue-times.com/parks/16/queue_times.json
2026-07-25T22:45:14.161Z,2026-07-25 15:45:14,2026-07-25,America/Los_Angeles,disneyland,Disneyland,Tomorrowland,287,Astro Orbitor,TRUE,10,2026-07-25T22:40:57.000Z,2026-07-25 15:40:57,https://queue-times.com/parks/16/queue_times.json
2026-07-25T22:45:14.161Z,2026-07-25 15:45:14,2026-07-25,America/Los_Angeles,disneyland,Disneyland,Tomorrowland,317,Autopia,TRUE,15,2026-07-25T22:40:57.000Z,2026-07-25 15:40:57,https://queue-times.com/parks/16/queue_times.json
2026-07-25T22:45:14.161Z,2026-07-25 15:45:14,2026-07-25,America/Los_Angeles,disneyland,Disneyland,Tomorrowland,273,Buzz Lightyear Astro Blasters,FALSE,0,2026-07-25T22:40:57.000Z,2026-07-25 15:40:57,https://queue-times.com/parks/16/queue_times.json
2026-07-25T22:45:14.161Z,2026-07-25 15:45:14,2026-07-25,America/Los_Angeles,disneyland,Disneyland,Tomorrowland,274,Disneyland Monorail,FALSE,0,2026-07-25T22:40:57.000Z,2026-07-25 15:40:57,https://queue-times.com/parks/16/queue_times.json
2026-07-25T22:45:14.161Z,2026-07-25 15:45:14,2026-07-25,America/Los_Angeles,disneyland,Disneyland,Tomorrowland,276,Finding Nemo Submarine Voyage,TRUE,40,2026-07-25T22:40:57.000Z,2026-07-25 15:40:57,https://queue-times.com/parks/16/queue_times.json
2026-07-25T22:45:14.161Z,2026-07-25 15:45:14,2026-07-25,America/Los_Angeles,disneyland,Disneyland,Tomorrowland,16627,Pixar Short Film Spotlight,FALSE,0,2026-07-25T22:40:57.000Z,2026-07-25 15:40:57,https://queue-times.com/parks/16/queue_times.json
2026-07-25T22:45:14.161Z,2026-07-25 15:45:14,2026-07-25,America/Los_Angeles,disneyland,Disneyland,Tomorrowland,284,Space Mountain,FALSE,0,2026-07-25T22:40:57.000Z,2026-07-25 15:40:57,https://queue-times.com/parks/16/queue_times.json
2026-07-25T22:45:14.161Z,2026-07-25 15:45:14,2026-07-25,America/Los_Angeles,disneyland,Disneyland,Tomorrowland,286,Star Tours - The Adventures Continue,TRUE,15,2026-07-25T22:40:57.000Z,2026-07-25 15:40:57,https://queue-times.com/parks/16/queue_times.json
2026-07-25T22:45:14.161Z,2026-07-25 15:45:14,2026-07-25,America/Los_Angeles,dca,Disney California Adventure,Avengers Campus,329,Guardians of the Galaxy - Mission: BREAKOUT!,TRUE,40,2026-07-25T22:41:01.000Z,2026-07-25 15:41:01,https://queue-times.com/parks/17/queue_times.json
2026-07-25T22:45:14.161Z,2026-07-25 15:45:14,2026-07-25,America/Los_Angeles,dca,Disney California Adventure,Avengers Campus,8843,WEB SLINGERS: A Spider-Man Adventure,TRUE,60,2026-07-25T22:41:01.000Z,2026-07-25 15:41:01,https://queue-times.com/parks/17/queue_times.json
2026-07-25T22:45:14.161Z,2026-07-25 15:45:14,2026-07-25,America/Los_Angeles,dca,Disney California Adventure,Avengers Campus,10907,WEB SLINGERS: A Spider-Man Adventure Single Rider,TRUE,0,2026-07-25T22:41:01.000Z,2026-07-25 15:41:01,https://queue-times.com/parks/17/queue_times.json
2026-07-25T22:45:14.161Z,2026-07-25 15:45:14,2026-07-25,America/Los_Angeles,dca,Disney California Adventure,Cars Land,13961,Luigi's Rollickin' Roadsters,TRUE,5,2026-07-25T22:41:01.000Z,2026-07-25 15:41:01,https://queue-times.com/parks/17/queue_times.json
2026-07-25T22:45:14.161Z,2026-07-25 15:45:14,2026-07-25,America/Los_Angeles,dca,Disney California Adventure,Cars Land,315,Mater's Junkyard Jamboree,TRUE,15,2026-07-25T22:41:01.000Z,2026-07-25 15:41:01,https://queue-times.com/parks/17/queue_times.json
2026-07-25T22:45:14.161Z,2026-07-25 15:45:14,2026-07-25,America/Los_Angeles,dca,Disney California Adventure,Cars Land,295,Radiator Springs Racers,TRUE,75,2026-07-25T22:41:01.000Z,2026-07-25 15:41:01,https://queue-times.com/parks/17/queue_times.json
2026-07-25T22:45:14.161Z,2026-07-25 15:45:14,2026-07-25,America/Los_Angeles,dca,Disney California Adventure,Cars Land,10904,Radiator Springs Racers Single Rider,TRUE,0,2026-07-25T22:41:01.000Z,2026-07-25 15:41:01,https://queue-times.com/parks/17/queue_times.json
2026-07-25T22:45:14.161Z,2026-07-25 15:45:14,2026-07-25,America/Los_Angeles,dca,Disney California Adventure,Grizzly Peak,302,Grizzly River Run,TRUE,40,2026-07-25T22:41:01.000Z,2026-07-25 15:41:01,https://queue-times.com/parks/17/queue_times.json
2026-07-25T22:45:14.161Z,2026-07-25 15:45:14,2026-07-25,America/Los_Angeles,dca,Disney California Adventure,Grizzly Peak,293,Redwood Creek Challenge Trail,TRUE,5,2026-07-25T22:41:01.000Z,2026-07-25 15:41:01,https://queue-times.com/parks/17/queue_times.json
2026-07-25T22:45:14.161Z,2026-07-25 15:45:14,2026-07-25,America/Los_Angeles,dca,Disney California Adventure,Grizzly Peak,17129,Soarin’ Across America,TRUE,45,2026-07-25T22:41:01.000Z,2026-07-25 15:41:01,https://queue-times.com/parks/17/queue_times.json
2026-07-25T22:45:14.161Z,2026-07-25 15:45:14,2026-07-25,America/Los_Angeles,dca,Disney California Adventure,Hollywood Land,321,Animation Academy,TRUE,0,2026-07-25T22:41:01.000Z,2026-07-25 15:41:01,https://queue-times.com/parks/17/queue_times.json
2026-07-25T22:45:14.161Z,2026-07-25 15:45:14,2026-07-25,America/Los_Angeles,dca,Disney California Adventure,Hollywood Land,6440,Mickey's PhilharMagic,TRUE,10,2026-07-25T22:41:01.000Z,2026-07-25 15:41:01,https://queue-times.com/parks/17/queue_times.json
2026-07-25T22:45:14.161Z,2026-07-25 15:45:14,2026-07-25,America/Los_Angeles,dca,Disney California Adventure,Hollywood Land,291,"Monsters, Inc. Mike & Sulley to the Rescue!",TRUE,45,2026-07-25T22:41:01.000Z,2026-07-25 15:41:01,https://queue-times.com/parks/17/queue_times.json
2026-07-25T22:45:14.161Z,2026-07-25 15:45:14,2026-07-25,America/Los_Angeles,dca,Disney California Adventure,Hollywood Land,868,Sorcerer's Workshop,TRUE,0,2026-07-25T22:41:01.000Z,2026-07-25 15:41:01,https://queue-times.com/parks/17/queue_times.json
2026-07-25T22:45:14.161Z,2026-07-25 15:45:14,2026-07-25,America/Los_Angeles,dca,Disney California Adventure,Hollywood Land,294,Turtle Talk with Crush,TRUE,0,2026-07-25T22:41:01.000Z,2026-07-25 15:41:01,https://queue-times.com/parks/17/queue_times.json
2026-07-25T22:45:14.161Z,2026-07-25 15:45:14,2026-07-25,America/Los_Angeles,dca,Disney California Adventure,Pacific Wharf,869,The Bakery Tour,TRUE,0,2026-07-25T22:41:01.000Z,2026-07-25 15:41:01,https://queue-times.com/parks/17/queue_times.json
2026-07-25T22:45:14.161Z,2026-07-25 15:45:14,2026-07-25,America/Los_Angeles,dca,Disney California Adventure,Paradise Gardens Park,298,Golden Zephyr,TRUE,5,2026-07-25T22:41:01.000Z,2026-07-25 15:41:01,https://queue-times.com/parks/17/queue_times.json
2026-07-25T22:45:14.161Z,2026-07-25 15:45:14,2026-07-25,America/Los_Angeles,dca,Disney California Adventure,Paradise Gardens Park,319,Goofy's Sky School,TRUE,35,2026-07-25T22:41:01.000Z,2026-07-25 15:41:01,https://queue-times.com/parks/17/queue_times.json
2026-07-25T22:45:14.161Z,2026-07-25 15:45:14,2026-07-25,America/Los_Angeles,dca,Disney California Adventure,Paradise Gardens Park,301,Silly Symphony Swings,FALSE,0,2026-07-25T22:41:01.000Z,2026-07-25 15:41:01,https://queue-times.com/parks/17/queue_times.json
2026-07-25T22:45:14.161Z,2026-07-25 15:45:14,2026-07-25,America/Los_Angeles,dca,Disney California Adventure,Paradise Gardens Park,316,The Little Mermaid - Ariel's Undersea Adventure,TRUE,20,2026-07-25T22:41:01.000Z,2026-07-25 15:41:01,https://queue-times.com/parks/17/queue_times.json
2026-07-25T22:45:14.161Z,2026-07-25 15:45:14,2026-07-25,America/Los_Angeles,dca,Disney California Adventure,Paradise Gardens Park,14742,World of Color Happiness!,TRUE,0,2026-07-25T22:41:01.000Z,2026-07-25 15:41:01,https://queue-times.com/parks/17/queue_times.json
2026-07-25T22:45:14.161Z,2026-07-25 15:45:14,2026-07-25,America/Los_Angeles,dca,Disney California Adventure,Pixar Pier,866,Games of Pixar Pier,TRUE,5,2026-07-25T22:41:01.000Z,2026-07-25 15:41:01,https://queue-times.com/parks/17/queue_times.json
2026-07-25T22:45:14.161Z,2026-07-25 15:45:14,2026-07-25,America/Los_Angeles,dca,Disney California Adventure,Pixar Pier,322,Incredicoaster,TRUE,20,2026-07-25T22:41:01.000Z,2026-07-25 15:41:01,https://queue-times.com/parks/17/queue_times.json
2026-07-25T22:45:14.161Z,2026-07-25 15:45:14,2026-07-25,America/Los_Angeles,dca,Disney California Adventure,Pixar Pier,10906,Incredicoaster Single Rider,TRUE,0,2026-07-25T22:41:01.000Z,2026-07-25 15:41:01,https://queue-times.com/parks/17/queue_times.json
2026-07-25T22:45:14.161Z,2026-07-25 15:45:14,2026-07-25,America/Los_Angeles,dca,Disney California Adventure,Pixar Pier,6643,Inside Out Emotional Whirlwind,TRUE,5,2026-07-25T22:41:01.000Z,2026-07-25 15:41:01,https://queue-times.com/parks/17/queue_times.json
2026-07-25T22:45:14.161Z,2026-07-25 15:45:14,2026-07-25,America/Los_Angeles,dca,Disney California Adventure,Pixar Pier,310,Jessie's Critter Carousel,TRUE,5,2026-07-25T22:41:01.000Z,2026-07-25 15:41:01,https://queue-times.com/parks/17/queue_times.json
2026-07-25T22:45:14.161Z,2026-07-25 15:45:14,2026-07-25,America/Los_Angeles,dca,Disney California Adventure,Pixar Pier,300,Jumpin' Jellyfish,TRUE,5,2026-07-25T22:41:01.000Z,2026-07-25 15:41:01,https://queue-times.com/parks/17/queue_times.json
2026-07-25T22:45:14.161Z,2026-07-25 15:45:14,2026-07-25,America/Los_Angeles,dca,Disney California Adventure,Pixar Pier,311,Pixar Pal-A-Round - Swinging,TRUE,30,2026-07-25T22:41:01.000Z,2026-07-25 15:41:01,https://queue-times.com/parks/17/queue_times.json
2026-07-25T22:45:14.161Z,2026-07-25 15:45:14,2026-07-25,America/Los_Angeles,dca,Disney California Adventure,Pixar Pier,5557,Pixar Pal-A-Round – Non-Swinging,TRUE,15,2026-07-25T22:41:01.000Z,2026-07-25 15:41:01,https://queue-times.com/parks/17/queue_times.json
2026-07-25T22:45:14.161Z,2026-07-25 15:45:14,2026-07-25,America/Los_Angeles,dca,Disney California Adventure,Pixar Pier,313,Toy Story Midway Mania!,TRUE,50,2026-07-25T22:41:01.000Z,2026-07-25 15:41:01,https://queue-times.com/parks/17/queue_times.json
2026-07-25T23:00:19.397Z,2026-07-25 16:00:19,2026-07-25,America/Los_Angeles,disneyland,Disneyland,Adventureland,12428,Adventureland Treehouse inspired by Walt Disney’s Swiss Family Robinson,TRUE,0,2026-07-25T22:55:40.000Z,2026-07-25 15:55:40,https://queue-times.com/parks/16/queue_times.json
2026-07-25T23:00:19.397Z,2026-07-25 16:00:19,2026-07-25,America/Los_Angeles,disneyland,Disneyland,Adventureland,326,Indiana Jones™ Adventure,TRUE,40,2026-07-25T22:55:40.000Z,2026-07-25 15:55:40,https://queue-times.com/parks/16/queue_times.json
2026-07-25T23:00:19.397Z,2026-07-25 16:00:19,2026-07-25,America/Los_Angeles,disneyland,Disneyland,Adventureland,296,Jungle Cruise,TRUE,10,2026-07-25T22:55:40.000Z,2026-07-25 15:55:40,https://queue-times.com/parks/16/queue_times.json
2026-07-25T23:00:19.397Z,2026-07-25 16:00:19,2026-07-25,America/Los_Angeles,disneyland,Disneyland,Adventureland,288,Walt Disney's Enchanted Tiki Room,TRUE,0,2026-07-25T22:55:40.000Z,2026-07-25 15:55:40,https://queue-times.com/parks/16/queue_times.json
2026-07-25T23:00:19.397Z,2026-07-25 16:00:19,2026-07-25,America/Los_Angeles,disneyland,Disneyland,Bayou Country,304,Davy Crockett's Explorer Canoes,TRUE,5,2026-07-25T22:55:40.000Z,2026-07-25 15:55:40,https://queue-times.com/parks/16/queue_times.json
2026-07-25T23:00:19.397Z,2026-07-25 16:00:19,2026-07-25,America/Los_Angeles,disneyland,Disneyland,Bayou Country,306,The Many Adventures of Winnie the Pooh,TRUE,5,2026-07-25T22:55:40.000Z,2026-07-25 15:55:40,https://queue-times.com/parks/16/queue_times.json
2026-07-25T23:00:19.397Z,2026-07-25 16:00:19,2026-07-25,America/Los_Angeles,disneyland,Disneyland,Bayou Country,14168,Tiana's Bayou Adventure,TRUE,75,2026-07-25T22:55:40.000Z,2026-07-25 15:55:40,https://queue-times.com/parks/16/queue_times.json
2026-07-25T23:00:19.397Z,2026-07-25 16:00:19,2026-07-25,America/Los_Angeles,disneyland,Disneyland,Bayou Country,14326,Tiana's Bayou Adventure Single Rider,TRUE,0,2026-07-25T22:55:40.000Z,2026-07-25 15:55:40,https://queue-times.com/parks/16/queue_times.json
2026-07-25T23:00:19.397Z,2026-07-25 16:00:19,2026-07-25,America/Los_Angeles,disneyland,Disneyland,Fantasyland,307,"""it's a small world""",TRUE,5,2026-07-25T22:55:40.000Z,2026-07-25 15:55:40,https://queue-times.com/parks/16/queue_times.json
2026-07-25T23:00:19.397Z,2026-07-25 16:00:19,2026-07-25,America/Los_Angeles,disneyland,Disneyland,Fantasyland,285,Alice in Wonderland,TRUE,20,2026-07-25T22:55:40.000Z,2026-07-25 15:55:40,https://queue-times.com/parks/16/queue_times.json
2026-07-25T23:00:19.397Z,2026-07-25 16:00:19,2026-07-25,America/Los_Angeles,disneyland,Disneyland,Fantasyland,16254,Bluey’s Best Day Ever! at Fantasyland Theatre,TRUE,0,2026-07-25T22:55:40.000Z,2026-07-25 15:55:40,https://queue-times.com/parks/16/queue_times.json
2026-07-25T23:00:19.397Z,2026-07-25 16:00:19,2026-07-25,America/Los_Angeles,disneyland,Disneyland,Fantasyland,303,Casey Jr. Circus Train,TRUE,5,2026-07-25T22:55:40.000Z,2026-07-25 15:55:40,https://queue-times.com/parks/16/queue_times.json
2026-07-25T23:00:19.397Z,2026-07-25 16:00:19,2026-07-25,America/Los_Angeles,disneyland,Disneyland,Fantasyland,275,Dumbo the Flying Elephant,TRUE,15,2026-07-25T22:55:40.000Z,2026-07-25 15:55:40,https://queue-times.com/parks/16/queue_times.json
2026-07-25T23:00:19.397Z,2026-07-25 16:00:19,2026-07-25,America/Los_Angeles,disneyland,Disneyland,Fantasyland,277,King Arthur Carrousel,TRUE,5,2026-07-25T22:55:40.000Z,2026-07-25 15:55:40,https://queue-times.com/parks/16/queue_times.json
2026-07-25T23:00:19.397Z,2026-07-25 16:00:19,2026-07-25,America/Los_Angeles,disneyland,Disneyland,Fantasyland,278,Mad Tea Party,TRUE,5,2026-07-25T22:55:40.000Z,2026-07-25 15:55:40,https://queue-times.com/parks/16/queue_times.json
2026-07-25T23:00:19.397Z,2026-07-25 16:00:19,2026-07-25,America/Los_Angeles,disneyland,Disneyland,Fantasyland,279,Matterhorn Bobsleds,TRUE,30,2026-07-25T22:55:40.000Z,2026-07-25 15:55:40,https://queue-times.com/parks/16/queue_times.json
2026-07-25T23:00:19.397Z,2026-07-25 16:00:19,2026-07-25,America/Los_Angeles,disneyland,Disneyland,Fantasyland,6711,Meet Disney Princesses at Royal Hall,TRUE,15,2026-07-25T22:55:40.000Z,2026-07-25 15:55:40,https://queue-times.com/parks/16/queue_times.json
2026-07-25T23:00:19.397Z,2026-07-25 16:00:19,2026-07-25,America/Los_Angeles,disneyland,Disneyland,Fantasyland,280,Mr. Toad's Wild Ride,TRUE,10,2026-07-25T22:55:40.000Z,2026-07-25 15:55:40,https://queue-times.com/parks/16/queue_times.json
2026-07-25T23:00:19.397Z,2026-07-25 16:00:19,2026-07-25,America/Los_Angeles,disneyland,Disneyland,Fantasyland,281,Peter Pan's Flight,TRUE,25,2026-07-25T22:55:40.000Z,2026-07-25 15:55:40,https://queue-times.com/parks/16/queue_times.json
2026-07-25T23:00:19.397Z,2026-07-25 16:00:19,2026-07-25,America/Los_Angeles,disneyland,Disneyland,Fantasyland,282,Pinocchio's Daring Journey,TRUE,10,2026-07-25T22:55:40.000Z,2026-07-25 15:55:40,https://queue-times.com/parks/16/queue_times.json
2026-07-25T23:00:19.397Z,2026-07-25 16:00:19,2026-07-25,America/Los_Angeles,disneyland,Disneyland,Fantasyland,687,Sleeping Beauty Castle Walkthrough,FALSE,0,2026-07-25T22:55:40.000Z,2026-07-25 15:55:40,https://queue-times.com/parks/16/queue_times.json
2026-07-25T23:00:19.397Z,2026-07-25 16:00:19,2026-07-25,America/Los_Angeles,disneyland,Disneyland,Fantasyland,283,Snow White's Enchanted Wish,TRUE,10,2026-07-25T22:55:40.000Z,2026-07-25 15:55:40,https://queue-times.com/parks/16/queue_times.json
2026-07-25T23:00:19.397Z,2026-07-25 16:00:19,2026-07-25,America/Los_Angeles,disneyland,Disneyland,Fantasyland,305,Storybook Land Canal Boats,TRUE,10,2026-07-25T22:55:40.000Z,2026-07-25 15:55:40,https://queue-times.com/parks/16/queue_times.json
2026-07-25T23:00:19.397Z,2026-07-25 16:00:19,2026-07-25,America/Los_Angeles,disneyland,Disneyland,Frontierland,323,Big Thunder Mountain Railroad,TRUE,20,2026-07-25T22:55:40.000Z,2026-07-25 15:55:40,https://queue-times.com/parks/16/queue_times.json
2026-07-25T23:00:19.397Z,2026-07-25 16:00:19,2026-07-25,America/Los_Angeles,disneyland,Disneyland,Frontierland,679,Frontierland Shootin' Exposition,FALSE,0,2026-07-25T22:55:40.000Z,2026-07-25 15:55:40,https://queue-times.com/parks/16/queue_times.json
2026-07-25T23:00:19.397Z,2026-07-25 16:00:19,2026-07-25,America/Los_Angeles,disneyland,Disneyland,Frontierland,456,Mark Twain Riverboat,TRUE,10,2026-07-25T22:55:40.000Z,2026-07-25 15:55:40,https://queue-times.com/parks/16/queue_times.json
2026-07-25T23:00:19.397Z,2026-07-25 16:00:19,2026-07-25,America/Los_Angeles,disneyland,Disneyland,Frontierland,331,Pirate's Lair on Tom Sawyer Island,TRUE,5,2026-07-25T22:55:40.000Z,2026-07-25 15:55:40,https://queue-times.com/parks/16/queue_times.json
2026-07-25T23:00:19.397Z,2026-07-25 16:00:19,2026-07-25,America/Los_Angeles,disneyland,Disneyland,Frontierland,328,Sailing Ship Columbia,FALSE,0,2026-07-25T22:55:40.000Z,2026-07-25 15:55:40,https://queue-times.com/parks/16/queue_times.json
2026-07-25T23:00:19.397Z,2026-07-25 16:00:19,2026-07-25,America/Los_Angeles,disneyland,Disneyland,Main Street U.S.A,674,Disneyland Railroad,TRUE,5,2026-07-25T22:55:40.000Z,2026-07-25 15:55:40,https://queue-times.com/parks/16/queue_times.json
2026-07-25T23:00:19.397Z,2026-07-25 16:00:19,2026-07-25,America/Los_Angeles,disneyland,Disneyland,Main Street U.S.A,690,Great Moments with Mr. Lincoln,FALSE,0,2026-07-25T22:55:40.000Z,2026-07-25 15:55:40,https://queue-times.com/parks/16/queue_times.json
2026-07-25T23:00:19.397Z,2026-07-25 16:00:19,2026-07-25,America/Los_Angeles,disneyland,Disneyland,Main Street U.S.A,686,Main Street Cinema,TRUE,0,2026-07-25T22:55:40.000Z,2026-07-25 15:55:40,https://queue-times.com/parks/16/queue_times.json
2026-07-25T23:00:19.397Z,2026-07-25 16:00:19,2026-07-25,America/Los_Angeles,disneyland,Disneyland,Main Street U.S.A,691,Main Street Vehicles,FALSE,0,2026-07-25T22:55:40.000Z,2026-07-25 15:55:40,https://queue-times.com/parks/16/queue_times.json
2026-07-25T23:00:19.397Z,2026-07-25 16:00:19,2026-07-25,America/Los_Angeles,disneyland,Disneyland,Main Street U.S.A,14915,Opera House - Walt Disney - A Magical Life,TRUE,0,2026-07-25T22:55:40.000Z,2026-07-25 15:55:40,https://queue-times.com/parks/16/queue_times.json
2026-07-25T23:00:19.397Z,2026-07-25 16:00:19,2026-07-25,America/Los_Angeles,disneyland,Disneyland,Main Street U.S.A,695,The Disney Gallery,TRUE,0,2026-07-25T22:55:40.000Z,2026-07-25 15:55:40,https://queue-times.com/parks/16/queue_times.json
2026-07-25T23:00:19.397Z,2026-07-25 16:00:19,2026-07-25,America/Los_Angeles,disneyland,Disneyland,Main Street U.S.A,14923,Walt Disney - A Magical Life,TRUE,0,2026-07-25T22:55:40.000Z,2026-07-25 15:55:40,https://queue-times.com/parks/16/queue_times.json
2026-07-25T23:00:19.397Z,2026-07-25 16:00:19,2026-07-25,America/Los_Angeles,disneyland,Disneyland,Mickey's Toontown,324,Chip 'n' Dale's GADGETcoaster,TRUE,15,2026-07-25T22:55:40.000Z,2026-07-25 15:55:40,https://queue-times.com/parks/16/queue_times.json
2026-07-25T23:00:19.397Z,2026-07-25 16:00:19,2026-07-25,America/Los_Angeles,disneyland,Disneyland,Mickey's Toontown,13814,Donald's Duck Pond,TRUE,0,2026-07-25T22:55:40.000Z,2026-07-25 15:55:40,https://queue-times.com/parks/16/queue_times.json
2026-07-25T23:00:19.397Z,2026-07-25 16:00:19,2026-07-25,America/Los_Angeles,disneyland,Disneyland,Mickey's Toontown,11980,Goofy's How-to-Play Yard,TRUE,0,2026-07-25T22:55:40.000Z,2026-07-25 15:55:40,https://queue-times.com/parks/16/queue_times.json
2026-07-25T23:00:19.397Z,2026-07-25 16:00:19,2026-07-25,America/Los_Angeles,disneyland,Disneyland,Mickey's Toontown,11526,Mickey & Minnie's Runaway Railway,TRUE,30,2026-07-25T22:55:40.000Z,2026-07-25 15:55:40,https://queue-times.com/parks/16/queue_times.json
2026-07-25T23:00:19.397Z,2026-07-25 16:00:19,2026-07-25,America/Los_Angeles,disneyland,Disneyland,Mickey's Toontown,709,Mickey's House and Meet Mickey Mouse,TRUE,30,2026-07-25T22:55:40.000Z,2026-07-25 15:55:40,https://queue-times.com/parks/16/queue_times.json
2026-07-25T23:00:19.397Z,2026-07-25 16:00:19,2026-07-25,America/Los_Angeles,disneyland,Disneyland,Mickey's Toontown,327,Mickey's House and Meet Mickey Mouse,FALSE,0,2026-07-25T22:55:40.000Z,2026-07-25 15:55:40,https://queue-times.com/parks/16/queue_times.json
2026-07-25T23:00:19.397Z,2026-07-25 16:00:19,2026-07-25,America/Los_Angeles,disneyland,Disneyland,Mickey's Toontown,684,Minnie's House,TRUE,0,2026-07-25T22:55:40.000Z,2026-07-25 15:55:40,https://queue-times.com/parks/16/queue_times.json
2026-07-25T23:00:19.397Z,2026-07-25 16:00:19,2026-07-25,America/Los_Angeles,disneyland,Disneyland,Mickey's Toontown,332,Roger Rabbit's Car Toon Spin,TRUE,30,2026-07-25T22:55:40.000Z,2026-07-25 15:55:40,https://queue-times.com/parks/16/queue_times.json
2026-07-25T23:00:19.397Z,2026-07-25 16:00:19,2026-07-25,America/Los_Angeles,disneyland,Disneyland,New Orleans Square,13958,Haunted Mansion,FALSE,0,2026-07-25T22:55:40.000Z,2026-07-25 15:55:40,https://queue-times.com/parks/16/queue_times.json
2026-07-25T23:00:19.397Z,2026-07-25 16:00:19,2026-07-25,America/Los_Angeles,disneyland,Disneyland,New Orleans Square,289,Pirates of the Caribbean,TRUE,30,2026-07-25T22:55:40.000Z,2026-07-25 15:55:40,https://queue-times.com/parks/16/queue_times.json
2026-07-25T23:00:19.397Z,2026-07-25 16:00:19,2026-07-25,America/Los_Angeles,disneyland,Disneyland,Star Wars: Galaxy's Edge,6339,Millennium Falcon: Smugglers Run,TRUE,15,2026-07-25T22:55:40.000Z,2026-07-25 15:55:40,https://queue-times.com/parks/16/queue_times.json
2026-07-25T23:00:19.397Z,2026-07-25 16:00:19,2026-07-25,America/Los_Angeles,disneyland,Disneyland,Star Wars: Galaxy's Edge,10903,Millennium Falcon: Smugglers Run Single Rider,TRUE,0,2026-07-25T22:55:40.000Z,2026-07-25 15:55:40,https://queue-times.com/parks/16/queue_times.json
2026-07-25T23:00:19.397Z,2026-07-25 16:00:19,2026-07-25,America/Los_Angeles,disneyland,Disneyland,Star Wars: Galaxy's Edge,6340,Star Wars: Rise of the Resistance,TRUE,55,2026-07-25T22:55:40.000Z,2026-07-25 15:55:40,https://queue-times.com/parks/16/queue_times.json
2026-07-25T23:00:19.397Z,2026-07-25 16:00:19,2026-07-25,America/Los_Angeles,disneyland,Disneyland,Tomorrowland,287,Astro Orbitor,TRUE,10,2026-07-25T22:55:40.000Z,2026-07-25 15:55:40,https://queue-times.com/parks/16/queue_times.json
2026-07-25T23:00:19.397Z,2026-07-25 16:00:19,2026-07-25,America/Los_Angeles,disneyland,Disneyland,Tomorrowland,317,Autopia,TRUE,15,2026-07-25T22:55:40.000Z,2026-07-25 15:55:40,https://queue-times.com/parks/16/queue_times.json
2026-07-25T23:00:19.397Z,2026-07-25 16:00:19,2026-07-25,America/Los_Angeles,disneyland,Disneyland,Tomorrowland,273,Buzz Lightyear Astro Blasters,FALSE,0,2026-07-25T22:55:40.000Z,2026-07-25 15:55:40,https://queue-times.com/parks/16/queue_times.json
2026-07-25T23:00:19.397Z,2026-07-25 16:00:19,2026-07-25,America/Los_Angeles,disneyland,Disneyland,Tomorrowland,274,Disneyland Monorail,FALSE,0,2026-07-25T22:55:40.000Z,2026-07-25 15:55:40,https://queue-times.com/parks/16/queue_times.json
2026-07-25T23:00:19.397Z,2026-07-25 16:00:19,2026-07-25,America/Los_Angeles,disneyland,Disneyland,Tomorrowland,276,Finding Nemo Submarine Voyage,TRUE,35,2026-07-25T22:55:40.000Z,2026-07-25 15:55:40,https://queue-times.com/parks/16/queue_times.json
2026-07-25T23:00:19.397Z,2026-07-25 16:00:19,2026-07-25,America/Los_Angeles,disneyland,Disneyland,Tomorrowland,16627,Pixar Short Film Spotlight,FALSE,0,2026-07-25T22:55:40.000Z,2026-07-25 15:55:40,https://queue-times.com/parks/16/queue_times.json
2026-07-25T23:00:19.397Z,2026-07-25 16:00:19,2026-07-25,America/Los_Angeles,disneyland,Disneyland,Tomorrowland,284,Space Mountain,TRUE,30,2026-07-25T22:55:40.000Z,2026-07-25 15:55:40,https://queue-times.com/parks/16/queue_times.json
2026-07-25T23:00:19.397Z,2026-07-25 16:00:19,2026-07-25,America/Los_Angeles,disneyland,Disneyland,Tomorrowland,286,Star Tours - The Adventures Continue,TRUE,15,2026-07-25T22:55:40.000Z,2026-07-25 15:55:40,https://queue-times.com/parks/16/queue_times.json
2026-07-25T23:00:19.397Z,2026-07-25 16:00:19,2026-07-25,America/Los_Angeles,dca,Disney California Adventure,Avengers Campus,329,Guardians of the Galaxy - Mission: BREAKOUT!,TRUE,40,2026-07-25T22:55:41.000Z,2026-07-25 15:55:41,https://queue-times.com/parks/17/queue_times.json
2026-07-25T23:00:19.397Z,2026-07-25 16:00:19,2026-07-25,America/Los_Angeles,dca,Disney California Adventure,Avengers Campus,8843,WEB SLINGERS: A Spider-Man Adventure,TRUE,60,2026-07-25T22:55:41.000Z,2026-07-25 15:55:41,https://queue-times.com/parks/17/queue_times.json
2026-07-25T23:00:19.397Z,2026-07-25 16:00:19,2026-07-25,America/Los_Angeles,dca,Disney California Adventure,Avengers Campus,10907,WEB SLINGERS: A Spider-Man Adventure Single Rider,TRUE,0,2026-07-25T22:55:41.000Z,2026-07-25 15:55:41,https://queue-times.com/parks/17/queue_times.json
2026-07-25T23:00:19.397Z,2026-07-25 16:00:19,2026-07-25,America/Los_Angeles,dca,Disney California Adventure,Cars Land,13961,Luigi's Rollickin' Roadsters,TRUE,5,2026-07-25T22:55:41.000Z,2026-07-25 15:55:41,https://queue-times.com/parks/17/queue_times.json
2026-07-25T23:00:19.397Z,2026-07-25 16:00:19,2026-07-25,America/Los_Angeles,dca,Disney California Adventure,Cars Land,315,Mater's Junkyard Jamboree,TRUE,15,2026-07-25T22:55:41.000Z,2026-07-25 15:55:41,https://queue-times.com/parks/17/queue_times.json
2026-07-25T23:00:19.397Z,2026-07-25 16:00:19,2026-07-25,America/Los_Angeles,dca,Disney California Adventure,Cars Land,295,Radiator Springs Racers,TRUE,75,2026-07-25T22:55:41.000Z,2026-07-25 15:55:41,https://queue-times.com/parks/17/queue_times.json
2026-07-25T23:00:19.397Z,2026-07-25 16:00:19,2026-07-25,America/Los_Angeles,dca,Disney California Adventure,Cars Land,10904,Radiator Springs Racers Single Rider,TRUE,0,2026-07-25T22:55:41.000Z,2026-07-25 15:55:41,https://queue-times.com/parks/17/queue_times.json
2026-07-25T23:00:19.397Z,2026-07-25 16:00:19,2026-07-25,America/Los_Angeles,dca,Disney California Adventure,Grizzly Peak,302,Grizzly River Run,TRUE,40,2026-07-25T22:55:41.000Z,2026-07-25 15:55:41,https://queue-times.com/parks/17/queue_times.json
2026-07-25T23:00:19.397Z,2026-07-25 16:00:19,2026-07-25,America/Los_Angeles,dca,Disney California Adventure,Grizzly Peak,293,Redwood Creek Challenge Trail,TRUE,5,2026-07-25T22:55:41.000Z,2026-07-25 15:55:41,https://queue-times.com/parks/17/queue_times.json
2026-07-25T23:00:19.397Z,2026-07-25 16:00:19,2026-07-25,America/Los_Angeles,dca,Disney California Adventure,Grizzly Peak,17129,Soarin’ Across America,TRUE,55,2026-07-25T22:55:41.000Z,2026-07-25 15:55:41,https://queue-times.com/parks/17/queue_times.json
2026-07-25T23:00:19.397Z,2026-07-25 16:00:19,2026-07-25,America/Los_Angeles,dca,Disney California Adventure,Hollywood Land,321,Animation Academy,TRUE,0,2026-07-25T22:55:41.000Z,2026-07-25 15:55:41,https://queue-times.com/parks/17/queue_times.json
2026-07-25T23:00:19.397Z,2026-07-25 16:00:19,2026-07-25,America/Los_Angeles,dca,Disney California Adventure,Hollywood Land,6440,Mickey's PhilharMagic,TRUE,10,2026-07-25T22:55:41.000Z,2026-07-25 15:55:41,https://queue-times.com/parks/17/queue_times.json
2026-07-25T23:00:19.397Z,2026-07-25 16:00:19,2026-07-25,America/Los_Angeles,dca,Disney California Adventure,Hollywood Land,291,"Monsters, Inc. Mike & Sulley to the Rescue!",TRUE,45,2026-07-25T22:55:41.000Z,2026-07-25 15:55:41,https://queue-times.com/parks/17/queue_times.json
2026-07-25T23:00:19.397Z,2026-07-25 16:00:19,2026-07-25,America/Los_Angeles,dca,Disney California Adventure,Hollywood Land,868,Sorcerer's Workshop,TRUE,0,2026-07-25T22:55:41.000Z,2026-07-25 15:55:41,https://queue-times.com/parks/17/queue_times.json
2026-07-25T23:00:19.397Z,2026-07-25 16:00:19,2026-07-25,America/Los_Angeles,dca,Disney California Adventure,Hollywood Land,294,Turtle Talk with Crush,TRUE,0,2026-07-25T22:55:41.000Z,2026-07-25 15:55:41,https://queue-times.com/parks/17/queue_times.json
2026-07-25T23:00:19.397Z,2026-07-25 16:00:19,2026-07-25,America/Los_Angeles,dca,Disney California Adventure,Pacific Wharf,869,The Bakery Tour,TRUE,0,2026-07-25T22:55:41.000Z,2026-07-25 15:55:41,https://queue-times.com/parks/17/queue_times.json
2026-07-25T23:00:19.397Z,2026-07-25 16:00:19,2026-07-25,America/Los_Angeles,dca,Disney California Adventure,Paradise Gardens Park,298,Golden Zephyr,TRUE,5,2026-07-25T22:55:41.000Z,2026-07-25 15:55:41,https://queue-times.com/parks/17/queue_times.json
2026-07-25T23:00:19.397Z,2026-07-25 16:00:19,2026-07-25,America/Los_Angeles,dca,Disney California Adventure,Paradise Gardens Park,319,Goofy's Sky School,TRUE,45,2026-07-25T22:55:41.000Z,2026-07-25 15:55:41,https://queue-times.com/parks/17/queue_times.json
2026-07-25T23:00:19.397Z,2026-07-25 16:00:19,2026-07-25,America/Los_Angeles,dca,Disney California Adventure,Paradise Gardens Park,301,Silly Symphony Swings,FALSE,0,2026-07-25T22:55:41.000Z,2026-07-25 15:55:41,https://queue-times.com/parks/17/queue_times.json
2026-07-25T23:00:19.397Z,2026-07-25 16:00:19,2026-07-25,America/Los_Angeles,dca,Disney California Adventure,Paradise Gardens Park,316,The Little Mermaid - Ariel's Undersea Adventure,TRUE,10,2026-07-25T22:55:41.000Z,2026-07-25 15:55:41,https://queue-times.com/parks/17/queue_times.json
2026-07-25T23:00:19.397Z,2026-07-25 16:00:19,2026-07-25,America/Los_Angeles,dca,Disney California Adventure,Paradise Gardens Park,14742,World of Color Happiness!,TRUE,0,2026-07-25T22:55:41.000Z,2026-07-25 15:55:41,https://queue-times.com/parks/17/queue_times.json
2026-07-25T23:00:19.397Z,2026-07-25 16:00:19,2026-07-25,America/Los_Angeles,dca,Disney California Adventure,Pixar Pier,866,Games of Pixar Pier,TRUE,5,2026-07-25T22:55:41.000Z,2026-07-25 15:55:41,https://queue-times.com/parks/17/queue_times.json
2026-07-25T23:00:19.397Z,2026-07-25 16:00:19,2026-07-25,America/Los_Angeles,dca,Disney California Adventure,Pixar Pier,322,Incredicoaster,TRUE,30,2026-07-25T22:55:41.000Z,2026-07-25 15:55:41,https://queue-times.com/parks/17/queue_times.json
2026-07-25T23:00:19.397Z,2026-07-25 16:00:19,2026-07-25,America/Los_Angeles,dca,Disney California Adventure,Pixar Pier,10906,Incredicoaster Single Rider,TRUE,0,2026-07-25T22:55:41.000Z,2026-07-25 15:55:41,https://queue-times.com/parks/17/queue_times.json
2026-07-25T23:00:19.397Z,2026-07-25 16:00:19,2026-07-25,America/Los_Angeles,dca,Disney California Adventure,Pixar Pier,6643,Inside Out Emotional Whirlwind,TRUE,5,2026-07-25T22:55:41.000Z,2026-07-25 15:55:41,https://queue-times.com/parks/17/queue_times.json
2026-07-25T23:00:19.397Z,2026-07-25 16:00:19,2026-07-25,America/Los_Angeles,dca,Disney California Adventure,Pixar Pier,310,Jessie's Critter Carousel,TRUE,5,2026-07-25T22:55:41.000Z,2026-07-25 15:55:41,https://queue-times.com/parks/17/queue_times.json
2026-07-25T23:00:19.397Z,2026-07-25 16:00:19,2026-07-25,America/Los_Angeles,dca,Disney California Adventure,Pixar Pier,300,Jumpin' Jellyfish,TRUE,5,2026-07-25T22:55:41.000Z,2026-07-25 15:55:41,https://queue-times.com/parks/17/queue_times.json
2026-07-25T23:00:19.397Z,2026-07-25 16:00:19,2026-07-25,America/Los_Angeles,dca,Disney California Adventure,Pixar Pier,311,Pixar Pal-A-Round - Swinging,TRUE,30,2026-07-25T22:55:41.000Z,2026-07-25 15:55:41,https://queue-times.com/parks/17/queue_times.json
2026-07-25T23:00:19.397Z,2026-07-25 16:00:19,2026-07-25,America/Los_Angeles,dca,Disney California Adventure,Pixar Pier,5557,Pixar Pal-A-Round – Non-Swinging,TRUE,10,2026-07-25T22:55:41.000Z,2026-07-25 15:55:41,https://queue-times.com/parks/17/queue_times.json
2026-07-25T23:00:19.397Z,2026-07-25 16:00:19,2026-07-25,America/Los_Angeles,dca,Disney California Adventure,Pixar Pier,313,Toy Story Midway Mania!,TRUE,35,2026-07-25T22:55:41.000Z,2026-07-25 15:55:41,https://queue-times.com/parks/17/queue_times.json
2026-07-25T23:15:16.651Z,2026-07-25 16:15:16,2026-07-25,America/Los_Angeles,disneyland,Disneyland,Adventureland,12428,Adventureland Treehouse inspired by Walt Disney’s Swiss Family Robinson,TRUE,0,2026-07-25T23:10:36.000Z,2026-07-25 16:10:36,https://queue-times.com/parks/16/queue_times.json
2026-07-25T23:15:16.651Z,2026-07-25 16:15:16,2026-07-25,America/Los_Angeles,disneyland,Disneyland,Adventureland,326,Indiana Jones™ Adventure,TRUE,35,2026-07-25T23:10:36.000Z,2026-07-25 16:10:36,https://queue-times.com/parks/16/queue_times.json
2026-07-25T23:15:16.651Z,2026-07-25 16:15:16,2026-07-25,America/Los_Angeles,disneyland,Disneyland,Adventureland,296,Jungle Cruise,TRUE,10,2026-07-25T23:10:36.000Z,2026-07-25 16:10:36,https://queue-times.com/parks/16/queue_times.json
2026-07-25T23:15:16.651Z,2026-07-25 16:15:16,2026-07-25,America/Los_Angeles,disneyland,Disneyland,Adventureland,288,Walt Disney's Enchanted Tiki Room,TRUE,0,2026-07-25T23:10:36.000Z,2026-07-25 16:10:36,https://queue-times.com/parks/16/queue_times.json
2026-07-25T23:15:16.651Z,2026-07-25 16:15:16,2026-07-25,America/Los_Angeles,disneyland,Disneyland,Bayou Country,304,Davy Crockett's Explorer Canoes,TRUE,5,2026-07-25T23:10:36.000Z,2026-07-25 16:10:36,https://queue-times.com/parks/16/queue_times.json
2026-07-25T23:15:16.651Z,2026-07-25 16:15:16,2026-07-25,America/Los_Angeles,disneyland,Disneyland,Bayou Country,306,The Many Adventures of Winnie the Pooh,TRUE,15,2026-07-25T23:10:36.000Z,2026-07-25 16:10:36,https://queue-times.com/parks/16/queue_times.json
2026-07-25T23:15:16.651Z,2026-07-25 16:15:16,2026-07-25,America/Los_Angeles,disneyland,Disneyland,Bayou Country,14168,Tiana's Bayou Adventure,TRUE,75,2026-07-25T23:10:36.000Z,2026-07-25 16:10:36,https://queue-times.com/parks/16/queue_times.json
2026-07-25T23:15:16.651Z,2026-07-25 16:15:16,2026-07-25,America/Los_Angeles,disneyland,Disneyland,Bayou Country,14326,Tiana's Bayou Adventure Single Rider,TRUE,0,2026-07-25T23:10:36.000Z,2026-07-25 16:10:36,https://queue-times.com/parks/16/queue_times.json
2026-07-25T23:15:16.651Z,2026-07-25 16:15:16,2026-07-25,America/Los_Angeles,disneyland,Disneyland,Fantasyland,307,"""it's a small world""",TRUE,5,2026-07-25T23:10:36.000Z,2026-07-25 16:10:36,https://queue-times.com/parks/16/queue_times.json
2026-07-25T23:15:16.651Z,2026-07-25 16:15:16,2026-07-25,America/Los_Angeles,disneyland,Disneyland,Fantasyland,285,Alice in Wonderland,TRUE,20,2026-07-25T23:10:36.000Z,2026-07-25 16:10:36,https://queue-times.com/parks/16/queue_times.json
2026-07-25T23:15:16.651Z,2026-07-25 16:15:16,2026-07-25,America/Los_Angeles,disneyland,Disneyland,Fantasyland,16254,Bluey’s Best Day Ever! at Fantasyland Theatre,TRUE,0,2026-07-25T23:10:36.000Z,2026-07-25 16:10:36,https://queue-times.com/parks/16/queue_times.json
2026-07-25T23:15:16.651Z,2026-07-25 16:15:16,2026-07-25,America/Los_Angeles,disneyland,Disneyland,Fantasyland,303,Casey Jr. Circus Train,TRUE,5,2026-07-25T23:10:36.000Z,2026-07-25 16:10:36,https://queue-times.com/parks/16/queue_times.json
2026-07-25T23:15:16.651Z,2026-07-25 16:15:16,2026-07-25,America/Los_Angeles,disneyland,Disneyland,Fantasyland,275,Dumbo the Flying Elephant,TRUE,15,2026-07-25T23:10:36.000Z,2026-07-25 16:10:36,https://queue-times.com/parks/16/queue_times.json
2026-07-25T23:15:16.651Z,2026-07-25 16:15:16,2026-07-25,America/Los_Angeles,disneyland,Disneyland,Fantasyland,277,King Arthur Carrousel,FALSE,0,2026-07-25T23:10:36.000Z,2026-07-25 16:10:36,https://queue-times.com/parks/16/queue_times.json
2026-07-25T23:15:16.651Z,2026-07-25 16:15:16,2026-07-25,America/Los_Angeles,disneyland,Disneyland,Fantasyland,278,Mad Tea Party,TRUE,5,2026-07-25T23:10:36.000Z,2026-07-25 16:10:36,https://queue-times.com/parks/16/queue_times.json
2026-07-25T23:15:16.651Z,2026-07-25 16:15:16,2026-07-25,America/Los_Angeles,disneyland,Disneyland,Fantasyland,279,Matterhorn Bobsleds,TRUE,35,2026-07-25T23:10:36.000Z,2026-07-25 16:10:36,https://queue-times.com/parks/16/queue_times.json
2026-07-25T23:15:16.651Z,2026-07-25 16:15:16,2026-07-25,America/Los_Angeles,disneyland,Disneyland,Fantasyland,6711,Meet Disney Princesses at Royal Hall,TRUE,15,2026-07-25T23:10:36.000Z,2026-07-25 16:10:36,https://queue-times.com/parks/16/queue_times.json
2026-07-25T23:15:16.651Z,2026-07-25 16:15:16,2026-07-25,America/Los_Angeles,disneyland,Disneyland,Fantasyland,280,Mr. Toad's Wild Ride,TRUE,10,2026-07-25T23:10:36.000Z,2026-07-25 16:10:36,https://queue-times.com/parks/16/queue_times.json
2026-07-25T23:15:16.651Z,2026-07-25 16:15:16,2026-07-25,America/Los_Angeles,disneyland,Disneyland,Fantasyland,281,Peter Pan's Flight,TRUE,25,2026-07-25T23:10:36.000Z,2026-07-25 16:10:36,https://queue-times.com/parks/16/queue_times.json
2026-07-25T23:15:16.651Z,2026-07-25 16:15:16,2026-07-25,America/Los_Angeles,disneyland,Disneyland,Fantasyland,282,Pinocchio's Daring Journey,TRUE,10,2026-07-25T23:10:36.000Z,2026-07-25 16:10:36,https://queue-times.com/parks/16/queue_times.json
2026-07-25T23:15:16.651Z,2026-07-25 16:15:16,2026-07-25,America/Los_Angeles,disneyland,Disneyland,Fantasyland,687,Sleeping Beauty Castle Walkthrough,FALSE,0,2026-07-25T23:10:36.000Z,2026-07-25 16:10:36,https://queue-times.com/parks/16/queue_times.json
2026-07-25T23:15:16.651Z,2026-07-25 16:15:16,2026-07-25,America/Los_Angeles,disneyland,Disneyland,Fantasyland,283,Snow White's Enchanted Wish,TRUE,10,2026-07-25T23:10:36.000Z,2026-07-25 16:10:36,https://queue-times.com/parks/16/queue_times.json
2026-07-25T23:15:16.651Z,2026-07-25 16:15:16,2026-07-25,America/Los_Angeles,disneyland,Disneyland,Fantasyland,305,Storybook Land Canal Boats,TRUE,10,2026-07-25T23:10:36.000Z,2026-07-25 16:10:36,https://queue-times.com/parks/16/queue_times.json
2026-07-25T23:15:16.651Z,2026-07-25 16:15:16,2026-07-25,America/Los_Angeles,disneyland,Disneyland,Frontierland,323,Big Thunder Mountain Railroad,TRUE,30,2026-07-25T23:10:36.000Z,2026-07-25 16:10:36,https://queue-times.com/parks/16/queue_times.json
2026-07-25T23:15:16.651Z,2026-07-25 16:15:16,2026-07-25,America/Los_Angeles,disneyland,Disneyland,Frontierland,679,Frontierland Shootin' Exposition,FALSE,0,2026-07-25T23:10:36.000Z,2026-07-25 16:10:36,https://queue-times.com/parks/16/queue_times.json
2026-07-25T23:15:16.651Z,2026-07-25 16:15:16,2026-07-25,America/Los_Angeles,disneyland,Disneyland,Frontierland,456,Mark Twain Riverboat,TRUE,10,2026-07-25T23:10:36.000Z,2026-07-25 16:10:36,https://queue-times.com/parks/16/queue_times.json
2026-07-25T23:15:16.651Z,2026-07-25 16:15:16,2026-07-25,America/Los_Angeles,disneyland,Disneyland,Frontierland,331,Pirate's Lair on Tom Sawyer Island,TRUE,5,2026-07-25T23:10:36.000Z,2026-07-25 16:10:36,https://queue-times.com/parks/16/queue_times.json
2026-07-25T23:15:16.651Z,2026-07-25 16:15:16,2026-07-25,America/Los_Angeles,disneyland,Disneyland,Frontierland,328,Sailing Ship Columbia,FALSE,0,2026-07-25T23:10:36.000Z,2026-07-25 16:10:36,https://queue-times.com/parks/16/queue_times.json
2026-07-25T23:15:16.651Z,2026-07-25 16:15:16,2026-07-25,America/Los_Angeles,disneyland,Disneyland,Main Street U.S.A,674,Disneyland Railroad,TRUE,10,2026-07-25T23:10:36.000Z,2026-07-25 16:10:36,https://queue-times.com/parks/16/queue_times.json
2026-07-25T23:15:16.651Z,2026-07-25 16:15:16,2026-07-25,America/Los_Angeles,disneyland,Disneyland,Main Street U.S.A,690,Great Moments with Mr. Lincoln,FALSE,0,2026-07-25T23:10:36.000Z,2026-07-25 16:10:36,https://queue-times.com/parks/16/queue_times.json
2026-07-25T23:15:16.651Z,2026-07-25 16:15:16,2026-07-25,America/Los_Angeles,disneyland,Disneyland,Main Street U.S.A,686,Main Street Cinema,TRUE,0,2026-07-25T23:10:36.000Z,2026-07-25 16:10:36,https://queue-times.com/parks/16/queue_times.json
2026-07-25T23:15:16.651Z,2026-07-25 16:15:16,2026-07-25,America/Los_Angeles,disneyland,Disneyland,Main Street U.S.A,691,Main Street Vehicles,FALSE,0,2026-07-25T23:10:36.000Z,2026-07-25 16:10:36,https://queue-times.com/parks/16/queue_times.json
2026-07-25T23:15:16.651Z,2026-07-25 16:15:16,2026-07-25,America/Los_Angeles,disneyland,Disneyland,Main Street U.S.A,14915,Opera House - Walt Disney - A Magical Life,TRUE,0,2026-07-25T23:10:36.000Z,2026-07-25 16:10:36,https://queue-times.com/parks/16/queue_times.json
2026-07-25T23:15:16.651Z,2026-07-25 16:15:16,2026-07-25,America/Los_Angeles,disneyland,Disneyland,Main Street U.S.A,695,The Disney Gallery,TRUE,0,2026-07-25T23:10:36.000Z,2026-07-25 16:10:36,https://queue-times.com/parks/16/queue_times.json
2026-07-25T23:15:16.651Z,2026-07-25 16:15:16,2026-07-25,America/Los_Angeles,disneyland,Disneyland,Main Street U.S.A,14923,Walt Disney - A Magical Life,TRUE,0,2026-07-25T23:10:36.000Z,2026-07-25 16:10:36,https://queue-times.com/parks/16/queue_times.json
2026-07-25T23:15:16.651Z,2026-07-25 16:15:16,2026-07-25,America/Los_Angeles,disneyland,Disneyland,Mickey's Toontown,324,Chip 'n' Dale's GADGETcoaster,TRUE,20,2026-07-25T23:10:36.000Z,2026-07-25 16:10:36,https://queue-times.com/parks/16/queue_times.json
2026-07-25T23:15:16.651Z,2026-07-25 16:15:16,2026-07-25,America/Los_Angeles,disneyland,Disneyland,Mickey's Toontown,13814,Donald's Duck Pond,TRUE,0,2026-07-25T23:10:36.000Z,2026-07-25 16:10:36,https://queue-times.com/parks/16/queue_times.json
2026-07-25T23:15:16.651Z,2026-07-25 16:15:16,2026-07-25,America/Los_Angeles,disneyland,Disneyland,Mickey's Toontown,11980,Goofy's How-to-Play Yard,TRUE,0,2026-07-25T23:10:36.000Z,2026-07-25 16:10:36,https://queue-times.com/parks/16/queue_times.json
2026-07-25T23:15:16.651Z,2026-07-25 16:15:16,2026-07-25,America/Los_Angeles,disneyland,Disneyland,Mickey's Toontown,11526,Mickey & Minnie's Runaway Railway,TRUE,30,2026-07-25T23:10:36.000Z,2026-07-25 16:10:36,https://queue-times.com/parks/16/queue_times.json
2026-07-25T23:15:16.651Z,2026-07-25 16:15:16,2026-07-25,America/Los_Angeles,disneyland,Disneyland,Mickey's Toontown,709,Mickey's House and Meet Mickey Mouse,TRUE,30,2026-07-25T23:10:36.000Z,2026-07-25 16:10:36,https://queue-times.com/parks/16/queue_times.json
2026-07-25T23:15:16.651Z,2026-07-25 16:15:16,2026-07-25,America/Los_Angeles,disneyland,Disneyland,Mickey's Toontown,327,Mickey's House and Meet Mickey Mouse,FALSE,0,2026-07-25T23:10:36.000Z,2026-07-25 16:10:36,https://queue-times.com/parks/16/queue_times.json
2026-07-25T23:15:16.651Z,2026-07-25 16:15:16,2026-07-25,America/Los_Angeles,disneyland,Disneyland,Mickey's Toontown,684,Minnie's House,TRUE,0,2026-07-25T23:10:36.000Z,2026-07-25 16:10:36,https://queue-times.com/parks/16/queue_times.json
2026-07-25T23:15:16.651Z,2026-07-25 16:15:16,2026-07-25,America/Los_Angeles,disneyland,Disneyland,Mickey's Toontown,332,Roger Rabbit's Car Toon Spin,TRUE,30,2026-07-25T23:10:36.000Z,2026-07-25 16:10:36,https://queue-times.com/parks/16/queue_times.json
2026-07-25T23:15:16.651Z,2026-07-25 16:15:16,2026-07-25,America/Los_Angeles,disneyland,Disneyland,New Orleans Square,13958,Haunted Mansion,FALSE,0,2026-07-25T23:10:36.000Z,2026-07-25 16:10:36,https://queue-times.com/parks/16/queue_times.json
2026-07-25T23:15:16.651Z,2026-07-25 16:15:16,2026-07-25,America/Los_Angeles,disneyland,Disneyland,New Orleans Square,289,Pirates of the Caribbean,TRUE,30,2026-07-25T23:10:36.000Z,2026-07-25 16:10:36,https://queue-times.com/parks/16/queue_times.json
2026-07-25T23:15:16.651Z,2026-07-25 16:15:16,2026-07-25,America/Los_Angeles,disneyland,Disneyland,Star Wars: Galaxy's Edge,6339,Millennium Falcon: Smugglers Run,TRUE,15,2026-07-25T23:10:36.000Z,2026-07-25 16:10:36,https://queue-times.com/parks/16/queue_times.json
2026-07-25T23:15:16.651Z,2026-07-25 16:15:16,2026-07-25,America/Los_Angeles,disneyland,Disneyland,Star Wars: Galaxy's Edge,10903,Millennium Falcon: Smugglers Run Single Rider,TRUE,0,2026-07-25T23:10:36.000Z,2026-07-25 16:10:36,https://queue-times.com/parks/16/queue_times.json
2026-07-25T23:15:16.651Z,2026-07-25 16:15:16,2026-07-25,America/Los_Angeles,disneyland,Disneyland,Star Wars: Galaxy's Edge,6340,Star Wars: Rise of the Resistance,TRUE,30,2026-07-25T23:10:36.000Z,2026-07-25 16:10:36,https://queue-times.com/parks/16/queue_times.json
2026-07-25T23:15:16.651Z,2026-07-25 16:15:16,2026-07-25,America/Los_Angeles,disneyland,Disneyland,Tomorrowland,287,Astro Orbitor,TRUE,10,2026-07-25T23:10:36.000Z,2026-07-25 16:10:36,https://queue-times.com/parks/16/queue_times.json
2026-07-25T23:15:16.651Z,2026-07-25 16:15:16,2026-07-25,America/Los_Angeles,disneyland,Disneyland,Tomorrowland,317,Autopia,TRUE,15,2026-07-25T23:10:36.000Z,2026-07-25 16:10:36,https://queue-times.com/parks/16/queue_times.json
2026-07-25T23:15:16.651Z,2026-07-25 16:15:16,2026-07-25,America/Los_Angeles,disneyland,Disneyland,Tomorrowland,273,Buzz Lightyear Astro Blasters,FALSE,0,2026-07-25T23:10:36.000Z,2026-07-25 16:10:36,https://queue-times.com/parks/16/queue_times.json
2026-07-25T23:15:16.651Z,2026-07-25 16:15:16,2026-07-25,America/Los_Angeles,disneyland,Disneyland,Tomorrowland,274,Disneyland Monorail,FALSE,0,2026-07-25T23:10:36.000Z,2026-07-25 16:10:36,https://queue-times.com/parks/16/queue_times.json
2026-07-25T23:15:16.651Z,2026-07-25 16:15:16,2026-07-25,America/Los_Angeles,disneyland,Disneyland,Tomorrowland,276,Finding Nemo Submarine Voyage,TRUE,35,2026-07-25T23:10:36.000Z,2026-07-25 16:10:36,https://queue-times.com/parks/16/queue_times.json
2026-07-25T23:15:16.651Z,2026-07-25 16:15:16,2026-07-25,America/Los_Angeles,disneyland,Disneyland,Tomorrowland,16627,Pixar Short Film Spotlight,FALSE,0,2026-07-25T23:10:36.000Z,2026-07-25 16:10:36,https://queue-times.com/parks/16/queue_times.json
2026-07-25T23:15:16.651Z,2026-07-25 16:15:16,2026-07-25,America/Los_Angeles,disneyland,Disneyland,Tomorrowland,284,Space Mountain,TRUE,45,2026-07-25T23:10:36.000Z,2026-07-25 16:10:36,https://queue-times.com/parks/16/queue_times.json
2026-07-25T23:15:16.651Z,2026-07-25 16:15:16,2026-07-25,America/Los_Angeles,disneyland,Disneyland,Tomorrowland,286,Star Tours - The Adventures Continue,TRUE,15,2026-07-25T23:10:36.000Z,2026-07-25 16:10:36,https://queue-times.com/parks/16/queue_times.json
2026-07-25T23:15:16.651Z,2026-07-25 16:15:16,2026-07-25,America/Los_Angeles,dca,Disney California Adventure,Avengers Campus,329,Guardians of the Galaxy - Mission: BREAKOUT!,TRUE,30,2026-07-25T23:10:51.000Z,2026-07-25 16:10:51,https://queue-times.com/parks/17/queue_times.json
2026-07-25T23:15:16.651Z,2026-07-25 16:15:16,2026-07-25,America/Los_Angeles,dca,Disney California Adventure,Avengers Campus,8843,WEB SLINGERS: A Spider-Man Adventure,TRUE,30,2026-07-25T23:10:51.000Z,2026-07-25 16:10:51,https://queue-times.com/parks/17/queue_times.json
2026-07-25T23:15:16.651Z,2026-07-25 16:15:16,2026-07-25,America/Los_Angeles,dca,Disney California Adventure,Avengers Campus,10907,WEB SLINGERS: A Spider-Man Adventure Single Rider,TRUE,0,2026-07-25T23:10:51.000Z,2026-07-25 16:10:51,https://queue-times.com/parks/17/queue_times.json
2026-07-25T23:15:16.651Z,2026-07-25 16:15:16,2026-07-25,America/Los_Angeles,dca,Disney California Adventure,Cars Land,13961,Luigi's Rollickin' Roadsters,TRUE,5,2026-07-25T23:10:51.000Z,2026-07-25 16:10:51,https://queue-times.com/parks/17/queue_times.json
2026-07-25T23:15:16.651Z,2026-07-25 16:15:16,2026-07-25,America/Los_Angeles,dca,Disney California Adventure,Cars Land,315,Mater's Junkyard Jamboree,TRUE,10,2026-07-25T23:10:51.000Z,2026-07-25 16:10:51,https://queue-times.com/parks/17/queue_times.json
2026-07-25T23:15:16.651Z,2026-07-25 16:15:16,2026-07-25,America/Los_Angeles,dca,Disney California Adventure,Cars Land,295,Radiator Springs Racers,TRUE,65,2026-07-25T23:10:51.000Z,2026-07-25 16:10:51,https://queue-times.com/parks/17/queue_times.json
2026-07-25T23:15:16.651Z,2026-07-25 16:15:16,2026-07-25,America/Los_Angeles,dca,Disney California Adventure,Cars Land,10904,Radiator Springs Racers Single Rider,TRUE,0,2026-07-25T23:10:51.000Z,2026-07-25 16:10:51,https://queue-times.com/parks/17/queue_times.json
2026-07-25T23:15:16.651Z,2026-07-25 16:15:16,2026-07-25,America/Los_Angeles,dca,Disney California Adventure,Grizzly Peak,302,Grizzly River Run,TRUE,55,2026-07-25T23:10:51.000Z,2026-07-25 16:10:51,https://queue-times.com/parks/17/queue_times.json
2026-07-25T23:15:16.651Z,2026-07-25 16:15:16,2026-07-25,America/Los_Angeles,dca,Disney California Adventure,Grizzly Peak,293,Redwood Creek Challenge Trail,TRUE,5,2026-07-25T23:10:51.000Z,2026-07-25 16:10:51,https://queue-times.com/parks/17/queue_times.json
2026-07-25T23:15:16.651Z,2026-07-25 16:15:16,2026-07-25,America/Los_Angeles,dca,Disney California Adventure,Grizzly Peak,17129,Soarin’ Across America,TRUE,55,2026-07-25T23:10:51.000Z,2026-07-25 16:10:51,https://queue-times.com/parks/17/queue_times.json
2026-07-25T23:15:16.651Z,2026-07-25 16:15:16,2026-07-25,America/Los_Angeles,dca,Disney California Adventure,Hollywood Land,321,Animation Academy,TRUE,0,2026-07-25T23:10:51.000Z,2026-07-25 16:10:51,https://queue-times.com/parks/17/queue_times.json
2026-07-25T23:15:16.651Z,2026-07-25 16:15:16,2026-07-25,America/Los_Angeles,dca,Disney California Adventure,Hollywood Land,6440,Mickey's PhilharMagic,TRUE,10,2026-07-25T23:10:51.000Z,2026-07-25 16:10:51,https://queue-times.com/parks/17/queue_times.json
2026-07-25T23:15:16.651Z,2026-07-25 16:15:16,2026-07-25,America/Los_Angeles,dca,Disney California Adventure,Hollywood Land,291,"Monsters, Inc. Mike & Sulley to the Rescue!",TRUE,30,2026-07-25T23:10:51.000Z,2026-07-25 16:10:51,https://queue-times.com/parks/17/queue_times.json
2026-07-25T23:15:16.651Z,2026-07-25 16:15:16,2026-07-25,America/Los_Angeles,dca,Disney California Adventure,Hollywood Land,868,Sorcerer's Workshop,TRUE,0,2026-07-25T23:10:51.000Z,2026-07-25 16:10:51,https://queue-times.com/parks/17/queue_times.json
2026-07-25T23:15:16.651Z,2026-07-25 16:15:16,2026-07-25,America/Los_Angeles,dca,Disney California Adventure,Hollywood Land,294,Turtle Talk with Crush,TRUE,0,2026-07-25T23:10:51.000Z,2026-07-25 16:10:51,https://queue-times.com/parks/17/queue_times.json
2026-07-25T23:15:16.651Z,2026-07-25 16:15:16,2026-07-25,America/Los_Angeles,dca,Disney California Adventure,Pacific Wharf,869,The Bakery Tour,TRUE,0,2026-07-25T23:10:51.000Z,2026-07-25 16:10:51,https://queue-times.com/parks/17/queue_times.json
2026-07-25T23:15:16.651Z,2026-07-25 16:15:16,2026-07-25,America/Los_Angeles,dca,Disney California Adventure,Paradise Gardens Park,298,Golden Zephyr,TRUE,5,2026-07-25T23:10:51.000Z,2026-07-25 16:10:51,https://queue-times.com/parks/17/queue_times.json
2026-07-25T23:15:16.651Z,2026-07-25 16:15:16,2026-07-25,America/Los_Angeles,dca,Disney California Adventure,Paradise Gardens Park,319,Goofy's Sky School,TRUE,45,2026-07-25T23:10:51.000Z,2026-07-25 16:10:51,https://queue-times.com/parks/17/queue_times.json
2026-07-25T23:15:16.651Z,2026-07-25 16:15:16,2026-07-25,America/Los_Angeles,dca,Disney California Adventure,Paradise Gardens Park,301,Silly Symphony Swings,FALSE,0,2026-07-25T23:10:51.000Z,2026-07-25 16:10:51,https://queue-times.com/parks/17/queue_times.json
2026-07-25T23:15:16.651Z,2026-07-25 16:15:16,2026-07-25,America/Los_Angeles,dca,Disney California Adventure,Paradise Gardens Park,316,The Little Mermaid - Ariel's Undersea Adventure,TRUE,10,2026-07-25T23:10:51.000Z,2026-07-25 16:10:51,https://queue-times.com/parks/17/queue_times.json
2026-07-25T23:15:16.651Z,2026-07-25 16:15:16,2026-07-25,America/Los_Angeles,dca,Disney California Adventure,Paradise Gardens Park,14742,World of Color Happiness!,TRUE,0,2026-07-25T23:10:51.000Z,2026-07-25 16:10:51,https://queue-times.com/parks/17/queue_times.json
2026-07-25T23:15:16.651Z,2026-07-25 16:15:16,2026-07-25,America/Los_Angeles,dca,Disney California Adventure,Pixar Pier,866,Games of Pixar Pier,TRUE,5,2026-07-25T23:10:51.000Z,2026-07-25 16:10:51,https://queue-times.com/parks/17/queue_times.json
2026-07-25T23:15:16.651Z,2026-07-25 16:15:16,2026-07-25,America/Los_Angeles,dca,Disney California Adventure,Pixar Pier,322,Incredicoaster,TRUE,30,2026-07-25T23:10:51.000Z,2026-07-25 16:10:51,https://queue-times.com/parks/17/queue_times.json
2026-07-25T23:15:16.651Z,2026-07-25 16:15:16,2026-07-25,America/Los_Angeles,dca,Disney California Adventure,Pixar Pier,10906,Incredicoaster Single Rider,TRUE,0,2026-07-25T23:10:51.000Z,2026-07-25 16:10:51,https://queue-times.com/parks/17/queue_times.json
2026-07-25T23:15:16.651Z,2026-07-25 16:15:16,2026-07-25,America/Los_Angeles,dca,Disney California Adventure,Pixar Pier,6643,Inside Out Emotional Whirlwind,TRUE,5,2026-07-25T23:10:51.000Z,2026-07-25 16:10:51,https://queue-times.com/parks/17/queue_times.json
2026-07-25T23:15:16.651Z,2026-07-25 16:15:16,2026-07-25,America/Los_Angeles,dca,Disney California Adventure,Pixar Pier,310,Jessie's Critter Carousel,TRUE,5,2026-07-25T23:10:51.000Z,2026-07-25 16:10:51,https://queue-times.com/parks/17/queue_times.json
2026-07-25T23:15:16.651Z,2026-07-25 16:15:16,2026-07-25,America/Los_Angeles,dca,Disney California Adventure,Pixar Pier,300,Jumpin' Jellyfish,TRUE,5,2026-07-25T23:10:51.000Z,2026-07-25 16:10:51,https://queue-times.com/parks/17/queue_times.json
2026-07-25T23:15:16.651Z,2026-07-25 16:15:16,2026-07-25,America/Los_Angeles,dca,Disney California Adventure,Pixar Pier,311,Pixar Pal-A-Round - Swinging,TRUE,20,2026-07-25T23:10:51.000Z,2026-07-25 16:10:51,https://queue-times.com/parks/17/queue_times.json
2026-07-25T23:15:16.651Z,2026-07-25 16:15:16,2026-07-25,America/Los_Angeles,dca,Disney California Adventure,Pixar Pier,5557,Pixar Pal-A-Round – Non-Swinging,TRUE,10,2026-07-25T23:10:51.000Z,2026-07-25 16:10:51,https://queue-times.com/parks/17/queue_times.json
2026-07-25T23:15:16.651Z,2026-07-25 16:15:16,2026-07-25,America/Los_Angeles,dca,Disney California Adventure,Pixar Pier,313,Toy Story Midway Mania!,TRUE,40,2026-07-25T23:10:51.000Z,2026-07-25 16:10:51,https://queue-times.com/parks/17/queue_times.json
2026-07-25T23:30:21.878Z,2026-07-25 16:30:21,2026-07-25,America/Los_Angeles,disneyland,Disneyland,Adventureland,12428,Adventureland Treehouse inspired by Walt Disney’s Swiss Family Robinson,TRUE,0,2026-07-25T23:25:38.000Z,2026-07-25 16:25:38,https://queue-times.com/parks/16/queue_times.json
2026-07-25T23:30:21.878Z,2026-07-25 16:30:21,2026-07-25,America/Los_Angeles,disneyland,Disneyland,Adventureland,326,Indiana Jones™ Adventure,TRUE,35,2026-07-25T23:25:38.000Z,2026-07-25 16:25:38,https://queue-times.com/parks/16/queue_times.json
2026-07-25T23:30:21.878Z,2026-07-25 16:30:21,2026-07-25,America/Los_Angeles,disneyland,Disneyland,Adventureland,296,Jungle Cruise,TRUE,15,2026-07-25T23:25:38.000Z,2026-07-25 16:25:38,https://queue-times.com/parks/16/queue_times.json
2026-07-25T23:30:21.878Z,2026-07-25 16:30:21,2026-07-25,America/Los_Angeles,disneyland,Disneyland,Adventureland,288,Walt Disney's Enchanted Tiki Room,TRUE,0,2026-07-25T23:25:38.000Z,2026-07-25 16:25:38,https://queue-times.com/parks/16/queue_times.json
2026-07-25T23:30:21.878Z,2026-07-25 16:30:21,2026-07-25,America/Los_Angeles,disneyland,Disneyland,Bayou Country,304,Davy Crockett's Explorer Canoes,TRUE,5,2026-07-25T23:25:38.000Z,2026-07-25 16:25:38,https://queue-times.com/parks/16/queue_times.json
2026-07-25T23:30:21.878Z,2026-07-25 16:30:21,2026-07-25,America/Los_Angeles,disneyland,Disneyland,Bayou Country,306,The Many Adventures of Winnie the Pooh,TRUE,15,2026-07-25T23:25:38.000Z,2026-07-25 16:25:38,https://queue-times.com/parks/16/queue_times.json
2026-07-25T23:30:21.878Z,2026-07-25 16:30:21,2026-07-25,America/Los_Angeles,disneyland,Disneyland,Bayou Country,14168,Tiana's Bayou Adventure,TRUE,75,2026-07-25T23:25:38.000Z,2026-07-25 16:25:38,https://queue-times.com/parks/16/queue_times.json
2026-07-25T23:30:21.878Z,2026-07-25 16:30:21,2026-07-25,America/Los_Angeles,disneyland,Disneyland,Bayou Country,14326,Tiana's Bayou Adventure Single Rider,TRUE,0,2026-07-25T23:25:38.000Z,2026-07-25 16:25:38,https://queue-times.com/parks/16/queue_times.json
2026-07-25T23:30:21.878Z,2026-07-25 16:30:21,2026-07-25,America/Los_Angeles,disneyland,Disneyland,Fantasyland,307,"""it's a small world""",TRUE,5,2026-07-25T23:25:38.000Z,2026-07-25 16:25:38,https://queue-times.com/parks/16/queue_times.json
2026-07-25T23:30:21.878Z,2026-07-25 16:30:21,2026-07-25,America/Los_Angeles,disneyland,Disneyland,Fantasyland,285,Alice in Wonderland,TRUE,25,2026-07-25T23:25:38.000Z,2026-07-25 16:25:38,https://queue-times.com/parks/16/queue_times.json
2026-07-25T23:30:21.878Z,2026-07-25 16:30:21,2026-07-25,America/Los_Angeles,disneyland,Disneyland,Fantasyland,16254,Bluey’s Best Day Ever! at Fantasyland Theatre,TRUE,0,2026-07-25T23:25:38.000Z,2026-07-25 16:25:38,https://queue-times.com/parks/16/queue_times.json
2026-07-25T23:30:21.878Z,2026-07-25 16:30:21,2026-07-25,America/Los_Angeles,disneyland,Disneyland,Fantasyland,303,Casey Jr. Circus Train,TRUE,5,2026-07-25T23:25:38.000Z,2026-07-25 16:25:38,https://queue-times.com/parks/16/queue_times.json
2026-07-25T23:30:21.878Z,2026-07-25 16:30:21,2026-07-25,America/Los_Angeles,disneyland,Disneyland,Fantasyland,275,Dumbo the Flying Elephant,TRUE,20,2026-07-25T23:25:38.000Z,2026-07-25 16:25:38,https://queue-times.com/parks/16/queue_times.json
2026-07-25T23:30:21.878Z,2026-07-25 16:30:21,2026-07-25,America/Los_Angeles,disneyland,Disneyland,Fantasyland,277,King Arthur Carrousel,TRUE,5,2026-07-25T23:25:38.000Z,2026-07-25 16:25:38,https://queue-times.com/parks/16/queue_times.json
2026-07-25T23:30:21.878Z,2026-07-25 16:30:21,2026-07-25,America/Los_Angeles,disneyland,Disneyland,Fantasyland,278,Mad Tea Party,TRUE,5,2026-07-25T23:25:38.000Z,2026-07-25 16:25:38,https://queue-times.com/parks/16/queue_times.json
2026-07-25T23:30:21.878Z,2026-07-25 16:30:21,2026-07-25,America/Los_Angeles,disneyland,Disneyland,Fantasyland,279,Matterhorn Bobsleds,TRUE,35,2026-07-25T23:25:38.000Z,2026-07-25 16:25:38,https://queue-times.com/parks/16/queue_times.json
2026-07-25T23:30:21.878Z,2026-07-25 16:30:21,2026-07-25,America/Los_Angeles,disneyland,Disneyland,Fantasyland,6711,Meet Disney Princesses at Royal Hall,TRUE,15,2026-07-25T23:25:38.000Z,2026-07-25 16:25:38,https://queue-times.com/parks/16/queue_times.json
2026-07-25T23:30:21.878Z,2026-07-25 16:30:21,2026-07-25,America/Los_Angeles,disneyland,Disneyland,Fantasyland,280,Mr. Toad's Wild Ride,TRUE,10,2026-07-25T23:25:38.000Z,2026-07-25 16:25:38,https://queue-times.com/parks/16/queue_times.json
2026-07-25T23:30:21.878Z,2026-07-25 16:30:21,2026-07-25,America/Los_Angeles,disneyland,Disneyland,Fantasyland,281,Peter Pan's Flight,TRUE,25,2026-07-25T23:25:38.000Z,2026-07-25 16:25:38,https://queue-times.com/parks/16/queue_times.json
2026-07-25T23:30:21.878Z,2026-07-25 16:30:21,2026-07-25,America/Los_Angeles,disneyland,Disneyland,Fantasyland,282,Pinocchio's Daring Journey,TRUE,10,2026-07-25T23:25:38.000Z,2026-07-25 16:25:38,https://queue-times.com/parks/16/queue_times.json
2026-07-25T23:30:21.878Z,2026-07-25 16:30:21,2026-07-25,America/Los_Angeles,disneyland,Disneyland,Fantasyland,687,Sleeping Beauty Castle Walkthrough,FALSE,0,2026-07-25T23:25:38.000Z,2026-07-25 16:25:38,https://queue-times.com/parks/16/queue_times.json
2026-07-25T23:30:21.878Z,2026-07-25 16:30:21,2026-07-25,America/Los_Angeles,disneyland,Disneyland,Fantasyland,283,Snow White's Enchanted Wish,TRUE,10,2026-07-25T23:25:38.000Z,2026-07-25 16:25:38,https://queue-times.com/parks/16/queue_times.json
2026-07-25T23:30:21.878Z,2026-07-25 16:30:21,2026-07-25,America/Los_Angeles,disneyland,Disneyland,Fantasyland,305,Storybook Land Canal Boats,TRUE,5,2026-07-25T23:25:38.000Z,2026-07-25 16:25:38,https://queue-times.com/parks/16/queue_times.json
2026-07-25T23:30:21.878Z,2026-07-25 16:30:21,2026-07-25,America/Los_Angeles,disneyland,Disneyland,Frontierland,323,Big Thunder Mountain Railroad,TRUE,20,2026-07-25T23:25:38.000Z,2026-07-25 16:25:38,https://queue-times.com/parks/16/queue_times.json
2026-07-25T23:30:21.878Z,2026-07-25 16:30:21,2026-07-25,America/Los_Angeles,disneyland,Disneyland,Frontierland,679,Frontierland Shootin' Exposition,FALSE,0,2026-07-25T23:25:38.000Z,2026-07-25 16:25:38,https://queue-times.com/parks/16/queue_times.json
2026-07-25T23:30:21.878Z,2026-07-25 16:30:21,2026-07-25,America/Los_Angeles,disneyland,Disneyland,Frontierland,456,Mark Twain Riverboat,TRUE,10,2026-07-25T23:25:38.000Z,2026-07-25 16:25:38,https://queue-times.com/parks/16/queue_times.json
2026-07-25T23:30:21.878Z,2026-07-25 16:30:21,2026-07-25,America/Los_Angeles,disneyland,Disneyland,Frontierland,331,Pirate's Lair on Tom Sawyer Island,TRUE,5,2026-07-25T23:25:38.000Z,2026-07-25 16:25:38,https://queue-times.com/parks/16/queue_times.json
2026-07-25T23:30:21.878Z,2026-07-25 16:30:21,2026-07-25,America/Los_Angeles,disneyland,Disneyland,Frontierland,328,Sailing Ship Columbia,FALSE,0,2026-07-25T23:25:38.000Z,2026-07-25 16:25:38,https://queue-times.com/parks/16/queue_times.json
2026-07-25T23:30:21.878Z,2026-07-25 16:30:21,2026-07-25,America/Los_Angeles,disneyland,Disneyland,Main Street U.S.A,674,Disneyland Railroad,TRUE,10,2026-07-25T23:25:38.000Z,2026-07-25 16:25:38,https://queue-times.com/parks/16/queue_times.json
2026-07-25T23:30:21.878Z,2026-07-25 16:30:21,2026-07-25,America/Los_Angeles,disneyland,Disneyland,Main Street U.S.A,690,Great Moments with Mr. Lincoln,FALSE,0,2026-07-25T23:25:38.000Z,2026-07-25 16:25:38,https://queue-times.com/parks/16/queue_times.json
2026-07-25T23:30:21.878Z,2026-07-25 16:30:21,2026-07-25,America/Los_Angeles,disneyland,Disneyland,Main Street U.S.A,686,Main Street Cinema,TRUE,0,2026-07-25T23:25:38.000Z,2026-07-25 16:25:38,https://queue-times.com/parks/16/queue_times.json
2026-07-25T23:30:21.878Z,2026-07-25 16:30:21,2026-07-25,America/Los_Angeles,disneyland,Disneyland,Main Street U.S.A,691,Main Street Vehicles,FALSE,0,2026-07-25T23:25:38.000Z,2026-07-25 16:25:38,https://queue-times.com/parks/16/queue_times.json
2026-07-25T23:30:21.878Z,2026-07-25 16:30:21,2026-07-25,America/Los_Angeles,disneyland,Disneyland,Main Street U.S.A,14915,Opera House - Walt Disney - A Magical Life,TRUE,0,2026-07-25T23:25:38.000Z,2026-07-25 16:25:38,https://queue-times.com/parks/16/queue_times.json
2026-07-25T23:30:21.878Z,2026-07-25 16:30:21,2026-07-25,America/Los_Angeles,disneyland,Disneyland,Main Street U.S.A,695,The Disney Gallery,TRUE,0,2026-07-25T23:25:38.000Z,2026-07-25 16:25:38,https://queue-times.com/parks/16/queue_times.json
2026-07-25T23:30:21.878Z,2026-07-25 16:30:21,2026-07-25,America/Los_Angeles,disneyland,Disneyland,Main Street U.S.A,14923,Walt Disney - A Magical Life,TRUE,0,2026-07-25T23:25:38.000Z,2026-07-25 16:25:38,https://queue-times.com/parks/16/queue_times.json
2026-07-25T23:30:21.878Z,2026-07-25 16:30:21,2026-07-25,America/Los_Angeles,disneyland,Disneyland,Mickey's Toontown,324,Chip 'n' Dale's GADGETcoaster,TRUE,20,2026-07-25T23:25:38.000Z,2026-07-25 16:25:38,https://queue-times.com/parks/16/queue_times.json
2026-07-25T23:30:21.878Z,2026-07-25 16:30:21,2026-07-25,America/Los_Angeles,disneyland,Disneyland,Mickey's Toontown,13814,Donald's Duck Pond,TRUE,0,2026-07-25T23:25:38.000Z,2026-07-25 16:25:38,https://queue-times.com/parks/16/queue_times.json
2026-07-25T23:30:21.878Z,2026-07-25 16:30:21,2026-07-25,America/Los_Angeles,disneyland,Disneyland,Mickey's Toontown,11980,Goofy's How-to-Play Yard,TRUE,0,2026-07-25T23:25:38.000Z,2026-07-25 16:25:38,https://queue-times.com/parks/16/queue_times.json
2026-07-25T23:30:21.878Z,2026-07-25 16:30:21,2026-07-25,America/Los_Angeles,disneyland,Disneyland,Mickey's Toontown,11526,Mickey & Minnie's Runaway Railway,TRUE,55,2026-07-25T23:25:38.000Z,2026-07-25 16:25:38,https://queue-times.com/parks/16/queue_times.json
2026-07-25T23:30:21.878Z,2026-07-25 16:30:21,2026-07-25,America/Los_Angeles,disneyland,Disneyland,Mickey's Toontown,709,Mickey's House and Meet Mickey Mouse,TRUE,30,2026-07-25T23:25:38.000Z,2026-07-25 16:25:38,https://queue-times.com/parks/16/queue_times.json
2026-07-25T23:30:21.878Z,2026-07-25 16:30:21,2026-07-25,America/Los_Angeles,disneyland,Disneyland,Mickey's Toontown,327,Mickey's House and Meet Mickey Mouse,FALSE,0,2026-07-25T23:25:38.000Z,2026-07-25 16:25:38,https://queue-times.com/parks/16/queue_times.json
2026-07-25T23:30:21.878Z,2026-07-25 16:30:21,2026-07-25,America/Los_Angeles,disneyland,Disneyland,Mickey's Toontown,684,Minnie's House,TRUE,0,2026-07-25T23:25:38.000Z,2026-07-25 16:25:38,https://queue-times.com/parks/16/queue_times.json
2026-07-25T23:30:21.878Z,2026-07-25 16:30:21,2026-07-25,America/Los_Angeles,disneyland,Disneyland,Mickey's Toontown,332,Roger Rabbit's Car Toon Spin,TRUE,40,2026-07-25T23:25:38.000Z,2026-07-25 16:25:38,https://queue-times.com/parks/16/queue_times.json
2026-07-25T23:30:21.878Z,2026-07-25 16:30:21,2026-07-25,America/Los_Angeles,disneyland,Disneyland,New Orleans Square,13958,Haunted Mansion,TRUE,20,2026-07-25T23:25:38.000Z,2026-07-25 16:25:38,https://queue-times.com/parks/16/queue_times.json
2026-07-25T23:30:21.878Z,2026-07-25 16:30:21,2026-07-25,America/Los_Angeles,disneyland,Disneyland,New Orleans Square,289,Pirates of the Caribbean,TRUE,25,2026-07-25T23:25:38.000Z,2026-07-25 16:25:38,https://queue-times.com/parks/16/queue_times.json
2026-07-25T23:30:21.878Z,2026-07-25 16:30:21,2026-07-25,America/Los_Angeles,disneyland,Disneyland,Star Wars: Galaxy's Edge,6339,Millennium Falcon: Smugglers Run,TRUE,15,2026-07-25T23:25:38.000Z,2026-07-25 16:25:38,https://queue-times.com/parks/16/queue_times.json
2026-07-25T23:30:21.878Z,2026-07-25 16:30:21,2026-07-25,America/Los_Angeles,disneyland,Disneyland,Star Wars: Galaxy's Edge,10903,Millennium Falcon: Smugglers Run Single Rider,TRUE,0,2026-07-25T23:25:38.000Z,2026-07-25 16:25:38,https://queue-times.com/parks/16/queue_times.json
2026-07-25T23:30:21.878Z,2026-07-25 16:30:21,2026-07-25,America/Los_Angeles,disneyland,Disneyland,Star Wars: Galaxy's Edge,6340,Star Wars: Rise of the Resistance,TRUE,60,2026-07-25T23:25:38.000Z,2026-07-25 16:25:38,https://queue-times.com/parks/16/queue_times.json
2026-07-25T23:30:21.878Z,2026-07-25 16:30:21,2026-07-25,America/Los_Angeles,disneyland,Disneyland,Tomorrowland,287,Astro Orbitor,TRUE,10,2026-07-25T23:25:38.000Z,2026-07-25 16:25:38,https://queue-times.com/parks/16/queue_times.json
2026-07-25T23:30:21.878Z,2026-07-25 16:30:21,2026-07-25,America/Los_Angeles,disneyland,Disneyland,Tomorrowland,317,Autopia,TRUE,25,2026-07-25T23:25:38.000Z,2026-07-25 16:25:38,https://queue-times.com/parks/16/queue_times.json
2026-07-25T23:30:21.878Z,2026-07-25 16:30:21,2026-07-25,America/Los_Angeles,disneyland,Disneyland,Tomorrowland,273,Buzz Lightyear Astro Blasters,FALSE,0,2026-07-25T23:25:38.000Z,2026-07-25 16:25:38,https://queue-times.com/parks/16/queue_times.json
2026-07-25T23:30:21.878Z,2026-07-25 16:30:21,2026-07-25,America/Los_Angeles,disneyland,Disneyland,Tomorrowland,274,Disneyland Monorail,FALSE,0,2026-07-25T23:25:38.000Z,2026-07-25 16:25:38,https://queue-times.com/parks/16/queue_times.json
2026-07-25T23:30:21.878Z,2026-07-25 16:30:21,2026-07-25,America/Los_Angeles,disneyland,Disneyland,Tomorrowland,276,Finding Nemo Submarine Voyage,TRUE,25,2026-07-25T23:25:38.000Z,2026-07-25 16:25:38,https://queue-times.com/parks/16/queue_times.json
2026-07-25T23:30:21.878Z,2026-07-25 16:30:21,2026-07-25,America/Los_Angeles,disneyland,Disneyland,Tomorrowland,16627,Pixar Short Film Spotlight,FALSE,0,2026-07-25T23:25:38.000Z,2026-07-25 16:25:38,https://queue-times.com/parks/16/queue_times.json
2026-07-25T23:30:21.878Z,2026-07-25 16:30:21,2026-07-25,America/Los_Angeles,disneyland,Disneyland,Tomorrowland,284,Space Mountain,TRUE,45,2026-07-25T23:25:38.000Z,2026-07-25 16:25:38,https://queue-times.com/parks/16/queue_times.json
2026-07-25T23:30:21.878Z,2026-07-25 16:30:21,2026-07-25,America/Los_Angeles,disneyland,Disneyland,Tomorrowland,286,Star Tours - The Adventures Continue,TRUE,15,2026-07-25T23:25:38.000Z,2026-07-25 16:25:38,https://queue-times.com/parks/16/queue_times.json
2026-07-25T23:30:21.878Z,2026-07-25 16:30:21,2026-07-25,America/Los_Angeles,dca,Disney California Adventure,Avengers Campus,329,Guardians of the Galaxy - Mission: BREAKOUT!,TRUE,60,2026-07-25T23:25:38.000Z,2026-07-25 16:25:38,https://queue-times.com/parks/17/queue_times.json
2026-07-25T23:30:21.878Z,2026-07-25 16:30:21,2026-07-25,America/Los_Angeles,dca,Disney California Adventure,Avengers Campus,8843,WEB SLINGERS: A Spider-Man Adventure,TRUE,30,2026-07-25T23:25:38.000Z,2026-07-25 16:25:38,https://queue-times.com/parks/17/queue_times.json
2026-07-25T23:30:21.878Z,2026-07-25 16:30:21,2026-07-25,America/Los_Angeles,dca,Disney California Adventure,Avengers Campus,10907,WEB SLINGERS: A Spider-Man Adventure Single Rider,TRUE,0,2026-07-25T23:25:38.000Z,2026-07-25 16:25:38,https://queue-times.com/parks/17/queue_times.json
2026-07-25T23:30:21.878Z,2026-07-25 16:30:21,2026-07-25,America/Los_Angeles,dca,Disney California Adventure,Cars Land,13961,Luigi's Rollickin' Roadsters,TRUE,5,2026-07-25T23:25:38.000Z,2026-07-25 16:25:38,https://queue-times.com/parks/17/queue_times.json
2026-07-25T23:30:21.878Z,2026-07-25 16:30:21,2026-07-25,America/Los_Angeles,dca,Disney California Adventure,Cars Land,315,Mater's Junkyard Jamboree,TRUE,10,2026-07-25T23:25:38.000Z,2026-07-25 16:25:38,https://queue-times.com/parks/17/queue_times.json
2026-07-25T23:30:21.878Z,2026-07-25 16:30:21,2026-07-25,America/Los_Angeles,dca,Disney California Adventure,Cars Land,295,Radiator Springs Racers,TRUE,70,2026-07-25T23:25:38.000Z,2026-07-25 16:25:38,https://queue-times.com/parks/17/queue_times.json
2026-07-25T23:30:21.878Z,2026-07-25 16:30:21,2026-07-25,America/Los_Angeles,dca,Disney California Adventure,Cars Land,10904,Radiator Springs Racers Single Rider,TRUE,0,2026-07-25T23:25:38.000Z,2026-07-25 16:25:38,https://queue-times.com/parks/17/queue_times.json
2026-07-25T23:30:21.878Z,2026-07-25 16:30:21,2026-07-25,America/Los_Angeles,dca,Disney California Adventure,Grizzly Peak,302,Grizzly River Run,TRUE,55,2026-07-25T23:25:38.000Z,2026-07-25 16:25:38,https://queue-times.com/parks/17/queue_times.json
2026-07-25T23:30:21.878Z,2026-07-25 16:30:21,2026-07-25,America/Los_Angeles,dca,Disney California Adventure,Grizzly Peak,293,Redwood Creek Challenge Trail,TRUE,5,2026-07-25T23:25:38.000Z,2026-07-25 16:25:38,https://queue-times.com/parks/17/queue_times.json
2026-07-25T23:30:21.878Z,2026-07-25 16:30:21,2026-07-25,America/Los_Angeles,dca,Disney California Adventure,Grizzly Peak,17129,Soarin’ Across America,TRUE,55,2026-07-25T23:25:38.000Z,2026-07-25 16:25:38,https://queue-times.com/parks/17/queue_times.json
2026-07-25T23:30:21.878Z,2026-07-25 16:30:21,2026-07-25,America/Los_Angeles,dca,Disney California Adventure,Hollywood Land,321,Animation Academy,TRUE,0,2026-07-25T23:25:38.000Z,2026-07-25 16:25:38,https://queue-times.com/parks/17/queue_times.json
2026-07-25T23:30:21.878Z,2026-07-25 16:30:21,2026-07-25,America/Los_Angeles,dca,Disney California Adventure,Hollywood Land,6440,Mickey's PhilharMagic,TRUE,10,2026-07-25T23:25:38.000Z,2026-07-25 16:25:38,https://queue-times.com/parks/17/queue_times.json
2026-07-25T23:30:21.878Z,2026-07-25 16:30:21,2026-07-25,America/Los_Angeles,dca,Disney California Adventure,Hollywood Land,291,"Monsters, Inc. Mike & Sulley to the Rescue!",TRUE,20,2026-07-25T23:25:38.000Z,2026-07-25 16:25:38,https://queue-times.com/parks/17/queue_times.json
2026-07-25T23:30:21.878Z,2026-07-25 16:30:21,2026-07-25,America/Los_Angeles,dca,Disney California Adventure,Hollywood Land,868,Sorcerer's Workshop,TRUE,0,2026-07-25T23:25:38.000Z,2026-07-25 16:25:38,https://queue-times.com/parks/17/queue_times.json
2026-07-25T23:30:21.878Z,2026-07-25 16:30:21,2026-07-25,America/Los_Angeles,dca,Disney California Adventure,Hollywood Land,294,Turtle Talk with Crush,TRUE,0,2026-07-25T23:25:38.000Z,2026-07-25 16:25:38,https://queue-times.com/parks/17/queue_times.json
2026-07-25T23:30:21.878Z,2026-07-25 16:30:21,2026-07-25,America/Los_Angeles,dca,Disney California Adventure,Pacific Wharf,869,The Bakery Tour,TRUE,0,2026-07-25T23:25:38.000Z,2026-07-25 16:25:38,https://queue-times.com/parks/17/queue_times.json
2026-07-25T23:30:21.878Z,2026-07-25 16:30:21,2026-07-25,America/Los_Angeles,dca,Disney California Adventure,Paradise Gardens Park,298,Golden Zephyr,TRUE,5,2026-07-25T23:25:38.000Z,2026-07-25 16:25:38,https://queue-times.com/parks/17/queue_times.json
2026-07-25T23:30:21.878Z,2026-07-25 16:30:21,2026-07-25,America/Los_Angeles,dca,Disney California Adventure,Paradise Gardens Park,319,Goofy's Sky School,TRUE,45,2026-07-25T23:25:38.000Z,2026-07-25 16:25:38,https://queue-times.com/parks/17/queue_times.json
2026-07-25T23:30:21.878Z,2026-07-25 16:30:21,2026-07-25,America/Los_Angeles,dca,Disney California Adventure,Paradise Gardens Park,301,Silly Symphony Swings,FALSE,0,2026-07-25T23:25:38.000Z,2026-07-25 16:25:38,https://queue-times.com/parks/17/queue_times.json
2026-07-25T23:30:21.878Z,2026-07-25 16:30:21,2026-07-25,America/Los_Angeles,dca,Disney California Adventure,Paradise Gardens Park,316,The Little Mermaid - Ariel's Undersea Adventure,TRUE,15,2026-07-25T23:25:38.000Z,2026-07-25 16:25:38,https://queue-times.com/parks/17/queue_times.json
2026-07-25T23:30:21.878Z,2026-07-25 16:30:21,2026-07-25,America/Los_Angeles,dca,Disney California Adventure,Paradise Gardens Park,14742,World of Color Happiness!,TRUE,0,2026-07-25T23:25:38.000Z,2026-07-25 16:25:38,https://queue-times.com/parks/17/queue_times.json
2026-07-25T23:30:21.878Z,2026-07-25 16:30:21,2026-07-25,America/Los_Angeles,dca,Disney California Adventure,Pixar Pier,866,Games of Pixar Pier,TRUE,5,2026-07-25T23:25:38.000Z,2026-07-25 16:25:38,https://queue-times.com/parks/17/queue_times.json
2026-07-25T23:30:21.878Z,2026-07-25 16:30:21,2026-07-25,America/Los_Angeles,dca,Disney California Adventure,Pixar Pier,322,Incredicoaster,TRUE,20,2026-07-25T23:25:38.000Z,2026-07-25 16:25:38,https://queue-times.com/parks/17/queue_times.json
2026-07-25T23:30:21.878Z,2026-07-25 16:30:21,2026-07-25,America/Los_Angeles,dca,Disney California Adventure,Pixar Pier,10906,Incredicoaster Single Rider,TRUE,0,2026-07-25T23:25:38.000Z,2026-07-25 16:25:38,https://queue-times.com/parks/17/queue_times.json
2026-07-25T23:30:21.878Z,2026-07-25 16:30:21,2026-07-25,America/Los_Angeles,dca,Disney California Adventure,Pixar Pier,6643,Inside Out Emotional Whirlwind,TRUE,5,2026-07-25T23:25:38.000Z,2026-07-25 16:25:38,https://queue-times.com/parks/17/queue_times.json
2026-07-25T23:30:21.878Z,2026-07-25 16:30:21,2026-07-25,America/Los_Angeles,dca,Disney California Adventure,Pixar Pier,310,Jessie's Critter Carousel,TRUE,5,2026-07-25T23:25:38.000Z,2026-07-25 16:25:38,https://queue-times.com/parks/17/queue_times.json
2026-07-25T23:30:21.878Z,2026-07-25 16:30:21,2026-07-25,America/Los_Angeles,dca,Disney California Adventure,Pixar Pier,300,Jumpin' Jellyfish,TRUE,5,2026-07-25T23:25:38.000Z,2026-07-25 16:25:38,https://queue-times.com/parks/17/queue_times.json
2026-07-25T23:30:21.878Z,2026-07-25 16:30:21,2026-07-25,America/Los_Angeles,dca,Disney California Adventure,Pixar Pier,311,Pixar Pal-A-Round - Swinging,TRUE,20,2026-07-25T23:25:38.000Z,2026-07-25 16:25:38,https://queue-times.com/parks/17/queue_times.json
2026-07-25T23:30:21.878Z,2026-07-25 16:30:21,2026-07-25,America/Los_Angeles,dca,Disney California Adventure,Pixar Pier,5557,Pixar Pal-A-Round – Non-Swinging,TRUE,10,2026-07-25T23:25:38.000Z,2026-07-25 16:25:38,https://queue-times.com/parks/17/queue_times.json
2026-07-25T23:30:21.878Z,2026-07-25 16:30:21,2026-07-25,America/Los_Angeles,dca,Disney California Adventure,Pixar Pier,313,Toy Story Midway Mania!,TRUE,55,2026-07-25T23:25:38.000Z,2026-07-25 16:25:38,https://queue-times.com/parks/17/queue_times.json
2026-07-25T23:45:20.368Z,2026-07-25 16:45:20,2026-07-25,America/Los_Angeles,disneyland,Disneyland,Adventureland,12428,Adventureland Treehouse inspired by Walt Disney’s Swiss Family Robinson,TRUE,0,2026-07-25T23:40:33.000Z,2026-07-25 16:40:33,https://queue-times.com/parks/16/queue_times.json
2026-07-25T23:45:20.368Z,2026-07-25 16:45:20,2026-07-25,America/Los_Angeles,disneyland,Disneyland,Adventureland,326,Indiana Jones™ Adventure,TRUE,35,2026-07-25T23:40:33.000Z,2026-07-25 16:40:33,https://queue-times.com/parks/16/queue_times.json
2026-07-25T23:45:20.368Z,2026-07-25 16:45:20,2026-07-25,America/Los_Angeles,disneyland,Disneyland,Adventureland,296,Jungle Cruise,TRUE,15,2026-07-25T23:40:33.000Z,2026-07-25 16:40:33,https://queue-times.com/parks/16/queue_times.json
2026-07-25T23:45:20.368Z,2026-07-25 16:45:20,2026-07-25,America/Los_Angeles,disneyland,Disneyland,Adventureland,288,Walt Disney's Enchanted Tiki Room,TRUE,0,2026-07-25T23:40:33.000Z,2026-07-25 16:40:33,https://queue-times.com/parks/16/queue_times.json
2026-07-25T23:45:20.368Z,2026-07-25 16:45:20,2026-07-25,America/Los_Angeles,disneyland,Disneyland,Bayou Country,304,Davy Crockett's Explorer Canoes,TRUE,5,2026-07-25T23:40:33.000Z,2026-07-25 16:40:33,https://queue-times.com/parks/16/queue_times.json
2026-07-25T23:45:20.368Z,2026-07-25 16:45:20,2026-07-25,America/Los_Angeles,disneyland,Disneyland,Bayou Country,306,The Many Adventures of Winnie the Pooh,TRUE,10,2026-07-25T23:40:33.000Z,2026-07-25 16:40:33,https://queue-times.com/parks/16/queue_times.json
2026-07-25T23:45:20.368Z,2026-07-25 16:45:20,2026-07-25,America/Los_Angeles,disneyland,Disneyland,Bayou Country,14168,Tiana's Bayou Adventure,TRUE,75,2026-07-25T23:40:33.000Z,2026-07-25 16:40:33,https://queue-times.com/parks/16/queue_times.json
2026-07-25T23:45:20.368Z,2026-07-25 16:45:20,2026-07-25,America/Los_Angeles,disneyland,Disneyland,Bayou Country,14326,Tiana's Bayou Adventure Single Rider,TRUE,0,2026-07-25T23:40:33.000Z,2026-07-25 16:40:33,https://queue-times.com/parks/16/queue_times.json
2026-07-25T23:45:20.368Z,2026-07-25 16:45:20,2026-07-25,America/Los_Angeles,disneyland,Disneyland,Fantasyland,307,"""it's a small world""",TRUE,5,2026-07-25T23:40:33.000Z,2026-07-25 16:40:33,https://queue-times.com/parks/16/queue_times.json
2026-07-25T23:45:20.368Z,2026-07-25 16:45:20,2026-07-25,America/Los_Angeles,disneyland,Disneyland,Fantasyland,285,Alice in Wonderland,TRUE,25,2026-07-25T23:40:33.000Z,2026-07-25 16:40:33,https://queue-times.com/parks/16/queue_times.json
2026-07-25T23:45:20.368Z,2026-07-25 16:45:20,2026-07-25,America/Los_Angeles,disneyland,Disneyland,Fantasyland,16254,Bluey’s Best Day Ever! at Fantasyland Theatre,TRUE,0,2026-07-25T23:40:33.000Z,2026-07-25 16:40:33,https://queue-times.com/parks/16/queue_times.json
2026-07-25T23:45:20.368Z,2026-07-25 16:45:20,2026-07-25,America/Los_Angeles,disneyland,Disneyland,Fantasyland,303,Casey Jr. Circus Train,TRUE,5,2026-07-25T23:40:33.000Z,2026-07-25 16:40:33,https://queue-times.com/parks/16/queue_times.json
2026-07-25T23:45:20.368Z,2026-07-25 16:45:20,2026-07-25,America/Los_Angeles,disneyland,Disneyland,Fantasyland,275,Dumbo the Flying Elephant,TRUE,20,2026-07-25T23:40:33.000Z,2026-07-25 16:40:33,https://queue-times.com/parks/16/queue_times.json
2026-07-25T23:45:20.368Z,2026-07-25 16:45:20,2026-07-25,America/Los_Angeles,disneyland,Disneyland,Fantasyland,277,King Arthur Carrousel,TRUE,5,2026-07-25T23:40:33.000Z,2026-07-25 16:40:33,https://queue-times.com/parks/16/queue_times.json
2026-07-25T23:45:20.368Z,2026-07-25 16:45:20,2026-07-25,America/Los_Angeles,disneyland,Disneyland,Fantasyland,278,Mad Tea Party,TRUE,5,2026-07-25T23:40:33.000Z,2026-07-25 16:40:33,https://queue-times.com/parks/16/queue_times.json
2026-07-25T23:45:20.368Z,2026-07-25 16:45:20,2026-07-25,America/Los_Angeles,disneyland,Disneyland,Fantasyland,279,Matterhorn Bobsleds,TRUE,35,2026-07-25T23:40:33.000Z,2026-07-25 16:40:33,https://queue-times.com/parks/16/queue_times.json
2026-07-25T23:45:20.368Z,2026-07-25 16:45:20,2026-07-25,America/Los_Angeles,disneyland,Disneyland,Fantasyland,6711,Meet Disney Princesses at Royal Hall,TRUE,15,2026-07-25T23:40:33.000Z,2026-07-25 16:40:33,https://queue-times.com/parks/16/queue_times.json
2026-07-25T23:45:20.368Z,2026-07-25 16:45:20,2026-07-25,America/Los_Angeles,disneyland,Disneyland,Fantasyland,280,Mr. Toad's Wild Ride,TRUE,10,2026-07-25T23:40:33.000Z,2026-07-25 16:40:33,https://queue-times.com/parks/16/queue_times.json
2026-07-25T23:45:20.368Z,2026-07-25 16:45:20,2026-07-25,America/Los_Angeles,disneyland,Disneyland,Fantasyland,281,Peter Pan's Flight,TRUE,25,2026-07-25T23:40:33.000Z,2026-07-25 16:40:33,https://queue-times.com/parks/16/queue_times.json
2026-07-25T23:45:20.368Z,2026-07-25 16:45:20,2026-07-25,America/Los_Angeles,disneyland,Disneyland,Fantasyland,282,Pinocchio's Daring Journey,TRUE,10,2026-07-25T23:40:33.000Z,2026-07-25 16:40:33,https://queue-times.com/parks/16/queue_times.json
2026-07-25T23:45:20.368Z,2026-07-25 16:45:20,2026-07-25,America/Los_Angeles,disneyland,Disneyland,Fantasyland,687,Sleeping Beauty Castle Walkthrough,FALSE,0,2026-07-25T23:40:33.000Z,2026-07-25 16:40:33,https://queue-times.com/parks/16/queue_times.json
2026-07-25T23:45:20.368Z,2026-07-25 16:45:20,2026-07-25,America/Los_Angeles,disneyland,Disneyland,Fantasyland,283,Snow White's Enchanted Wish,TRUE,10,2026-07-25T23:40:33.000Z,2026-07-25 16:40:33,https://queue-times.com/parks/16/queue_times.json
2026-07-25T23:45:20.368Z,2026-07-25 16:45:20,2026-07-25,America/Los_Angeles,disneyland,Disneyland,Fantasyland,305,Storybook Land Canal Boats,TRUE,5,2026-07-25T23:40:33.000Z,2026-07-25 16:40:33,https://queue-times.com/parks/16/queue_times.json
2026-07-25T23:45:20.368Z,2026-07-25 16:45:20,2026-07-25,America/Los_Angeles,disneyland,Disneyland,Frontierland,323,Big Thunder Mountain Railroad,TRUE,20,2026-07-25T23:40:33.000Z,2026-07-25 16:40:33,https://queue-times.com/parks/16/queue_times.json
2026-07-25T23:45:20.368Z,2026-07-25 16:45:20,2026-07-25,America/Los_Angeles,disneyland,Disneyland,Frontierland,679,Frontierland Shootin' Exposition,FALSE,0,2026-07-25T23:40:33.000Z,2026-07-25 16:40:33,https://queue-times.com/parks/16/queue_times.json
2026-07-25T23:45:20.368Z,2026-07-25 16:45:20,2026-07-25,America/Los_Angeles,disneyland,Disneyland,Frontierland,456,Mark Twain Riverboat,TRUE,10,2026-07-25T23:40:33.000Z,2026-07-25 16:40:33,https://queue-times.com/parks/16/queue_times.json
2026-07-25T23:45:20.368Z,2026-07-25 16:45:20,2026-07-25,America/Los_Angeles,disneyland,Disneyland,Frontierland,331,Pirate's Lair on Tom Sawyer Island,TRUE,5,2026-07-25T23:40:33.000Z,2026-07-25 16:40:33,https://queue-times.com/parks/16/queue_times.json
2026-07-25T23:45:20.368Z,2026-07-25 16:45:20,2026-07-25,America/Los_Angeles,disneyland,Disneyland,Frontierland,328,Sailing Ship Columbia,FALSE,0,2026-07-25T23:40:33.000Z,2026-07-25 16:40:33,https://queue-times.com/parks/16/queue_times.json
2026-07-25T23:45:20.368Z,2026-07-25 16:45:20,2026-07-25,America/Los_Angeles,disneyland,Disneyland,Main Street U.S.A,674,Disneyland Railroad,TRUE,10,2026-07-25T23:40:33.000Z,2026-07-25 16:40:33,https://queue-times.com/parks/16/queue_times.json
2026-07-25T23:45:20.368Z,2026-07-25 16:45:20,2026-07-25,America/Los_Angeles,disneyland,Disneyland,Main Street U.S.A,690,Great Moments with Mr. Lincoln,FALSE,0,2026-07-25T23:40:33.000Z,2026-07-25 16:40:33,https://queue-times.com/parks/16/queue_times.json
2026-07-25T23:45:20.368Z,2026-07-25 16:45:20,2026-07-25,America/Los_Angeles,disneyland,Disneyland,Main Street U.S.A,686,Main Street Cinema,TRUE,0,2026-07-25T23:40:33.000Z,2026-07-25 16:40:33,https://queue-times.com/parks/16/queue_times.json
2026-07-25T23:45:20.368Z,2026-07-25 16:45:20,2026-07-25,America/Los_Angeles,disneyland,Disneyland,Main Street U.S.A,691,Main Street Vehicles,FALSE,0,2026-07-25T23:40:33.000Z,2026-07-25 16:40:33,https://queue-times.com/parks/16/queue_times.json
2026-07-25T23:45:20.368Z,2026-07-25 16:45:20,2026-07-25,America/Los_Angeles,disneyland,Disneyland,Main Street U.S.A,14915,Opera House - Walt Disney - A Magical Life,TRUE,0,2026-07-25T23:40:33.000Z,2026-07-25 16:40:33,https://queue-times.com/parks/16/queue_times.json
2026-07-25T23:45:20.368Z,2026-07-25 16:45:20,2026-07-25,America/Los_Angeles,disneyland,Disneyland,Main Street U.S.A,695,The Disney Gallery,TRUE,0,2026-07-25T23:40:33.000Z,2026-07-25 16:40:33,https://queue-times.com/parks/16/queue_times.json
2026-07-25T23:45:20.368Z,2026-07-25 16:45:20,2026-07-25,America/Los_Angeles,disneyland,Disneyland,Main Street U.S.A,14923,Walt Disney - A Magical Life,TRUE,0,2026-07-25T23:40:33.000Z,2026-07-25 16:40:33,https://queue-times.com/parks/16/queue_times.json
2026-07-25T23:45:20.368Z,2026-07-25 16:45:20,2026-07-25,America/Los_Angeles,disneyland,Disneyland,Mickey's Toontown,324,Chip 'n' Dale's GADGETcoaster,TRUE,15,2026-07-25T23:40:33.000Z,2026-07-25 16:40:33,https://queue-times.com/parks/16/queue_times.json
2026-07-25T23:45:20.368Z,2026-07-25 16:45:20,2026-07-25,America/Los_Angeles,disneyland,Disneyland,Mickey's Toontown,13814,Donald's Duck Pond,TRUE,0,2026-07-25T23:40:33.000Z,2026-07-25 16:40:33,https://queue-times.com/parks/16/queue_times.json
2026-07-25T23:45:20.368Z,2026-07-25 16:45:20,2026-07-25,America/Los_Angeles,disneyland,Disneyland,Mickey's Toontown,11980,Goofy's How-to-Play Yard,TRUE,0,2026-07-25T23:40:33.000Z,2026-07-25 16:40:33,https://queue-times.com/parks/16/queue_times.json
2026-07-25T23:45:20.368Z,2026-07-25 16:45:20,2026-07-25,America/Los_Angeles,disneyland,Disneyland,Mickey's Toontown,11526,Mickey & Minnie's Runaway Railway,TRUE,30,2026-07-25T23:40:33.000Z,2026-07-25 16:40:33,https://queue-times.com/parks/16/queue_times.json
2026-07-25T23:45:20.368Z,2026-07-25 16:45:20,2026-07-25,America/Los_Angeles,disneyland,Disneyland,Mickey's Toontown,709,Mickey's House and Meet Mickey Mouse,TRUE,30,2026-07-25T23:40:33.000Z,2026-07-25 16:40:33,https://queue-times.com/parks/16/queue_times.json
2026-07-25T23:45:20.368Z,2026-07-25 16:45:20,2026-07-25,America/Los_Angeles,disneyland,Disneyland,Mickey's Toontown,327,Mickey's House and Meet Mickey Mouse,FALSE,0,2026-07-25T23:40:33.000Z,2026-07-25 16:40:33,https://queue-times.com/parks/16/queue_times.json
2026-07-25T23:45:20.368Z,2026-07-25 16:45:20,2026-07-25,America/Los_Angeles,disneyland,Disneyland,Mickey's Toontown,684,Minnie's House,TRUE,0,2026-07-25T23:40:33.000Z,2026-07-25 16:40:33,https://queue-times.com/parks/16/queue_times.json
2026-07-25T23:45:20.368Z,2026-07-25 16:45:20,2026-07-25,America/Los_Angeles,disneyland,Disneyland,Mickey's Toontown,332,Roger Rabbit's Car Toon Spin,TRUE,40,2026-07-25T23:40:33.000Z,2026-07-25 16:40:33,https://queue-times.com/parks/16/queue_times.json
2026-07-25T23:45:20.368Z,2026-07-25 16:45:20,2026-07-25,America/Los_Angeles,disneyland,Disneyland,New Orleans Square,13958,Haunted Mansion,TRUE,30,2026-07-25T23:40:33.000Z,2026-07-25 16:40:33,https://queue-times.com/parks/16/queue_times.json
2026-07-25T23:45:20.368Z,2026-07-25 16:45:20,2026-07-25,America/Los_Angeles,disneyland,Disneyland,New Orleans Square,289,Pirates of the Caribbean,TRUE,25,2026-07-25T23:40:33.000Z,2026-07-25 16:40:33,https://queue-times.com/parks/16/queue_times.json
2026-07-25T23:45:20.368Z,2026-07-25 16:45:20,2026-07-25,America/Los_Angeles,disneyland,Disneyland,Star Wars: Galaxy's Edge,6339,Millennium Falcon: Smugglers Run,TRUE,15,2026-07-25T23:40:33.000Z,2026-07-25 16:40:33,https://queue-times.com/parks/16/queue_times.json
2026-07-25T23:45:20.368Z,2026-07-25 16:45:20,2026-07-25,America/Los_Angeles,disneyland,Disneyland,Star Wars: Galaxy's Edge,10903,Millennium Falcon: Smugglers Run Single Rider,TRUE,0,2026-07-25T23:40:33.000Z,2026-07-25 16:40:33,https://queue-times.com/parks/16/queue_times.json
2026-07-25T23:45:20.368Z,2026-07-25 16:45:20,2026-07-25,America/Los_Angeles,disneyland,Disneyland,Star Wars: Galaxy's Edge,6340,Star Wars: Rise of the Resistance,TRUE,60,2026-07-25T23:40:33.000Z,2026-07-25 16:40:33,https://queue-times.com/parks/16/queue_times.json
2026-07-25T23:45:20.368Z,2026-07-25 16:45:20,2026-07-25,America/Los_Angeles,disneyland,Disneyland,Tomorrowland,287,Astro Orbitor,TRUE,10,2026-07-25T23:40:33.000Z,2026-07-25 16:40:33,https://queue-times.com/parks/16/queue_times.json
2026-07-25T23:45:20.368Z,2026-07-25 16:45:20,2026-07-25,America/Los_Angeles,disneyland,Disneyland,Tomorrowland,317,Autopia,TRUE,15,2026-07-25T23:40:33.000Z,2026-07-25 16:40:33,https://queue-times.com/parks/16/queue_times.json
2026-07-25T23:45:20.368Z,2026-07-25 16:45:20,2026-07-25,America/Los_Angeles,disneyland,Disneyland,Tomorrowland,273,Buzz Lightyear Astro Blasters,FALSE,0,2026-07-25T23:40:33.000Z,2026-07-25 16:40:33,https://queue-times.com/parks/16/queue_times.json
2026-07-25T23:45:20.368Z,2026-07-25 16:45:20,2026-07-25,America/Los_Angeles,disneyland,Disneyland,Tomorrowland,274,Disneyland Monorail,FALSE,0,2026-07-25T23:40:33.000Z,2026-07-25 16:40:33,https://queue-times.com/parks/16/queue_times.json
2026-07-25T23:45:20.368Z,2026-07-25 16:45:20,2026-07-25,America/Los_Angeles,disneyland,Disneyland,Tomorrowland,276,Finding Nemo Submarine Voyage,TRUE,25,2026-07-25T23:40:33.000Z,2026-07-25 16:40:33,https://queue-times.com/parks/16/queue_times.json
2026-07-25T23:45:20.368Z,2026-07-25 16:45:20,2026-07-25,America/Los_Angeles,disneyland,Disneyland,Tomorrowland,16627,Pixar Short Film Spotlight,FALSE,0,2026-07-25T23:40:33.000Z,2026-07-25 16:40:33,https://queue-times.com/parks/16/queue_times.json
2026-07-25T23:45:20.368Z,2026-07-25 16:45:20,2026-07-25,America/Los_Angeles,disneyland,Disneyland,Tomorrowland,284,Space Mountain,TRUE,45,2026-07-25T23:40:33.000Z,2026-07-25 16:40:33,https://queue-times.com/parks/16/queue_times.json
2026-07-25T23:45:20.368Z,2026-07-25 16:45:20,2026-07-25,America/Los_Angeles,disneyland,Disneyland,Tomorrowland,286,Star Tours - The Adventures Continue,TRUE,15,2026-07-25T23:40:33.000Z,2026-07-25 16:40:33,https://queue-times.com/parks/16/queue_times.json
2026-07-25T23:45:20.368Z,2026-07-25 16:45:20,2026-07-25,America/Los_Angeles,dca,Disney California Adventure,Avengers Campus,329,Guardians of the Galaxy - Mission: BREAKOUT!,TRUE,45,2026-07-25T23:40:41.000Z,2026-07-25 16:40:41,https://queue-times.com/parks/17/queue_times.json
2026-07-25T23:45:20.368Z,2026-07-25 16:45:20,2026-07-25,America/Los_Angeles,dca,Disney California Adventure,Avengers Campus,8843,WEB SLINGERS: A Spider-Man Adventure,TRUE,40,2026-07-25T23:40:41.000Z,2026-07-25 16:40:41,https://queue-times.com/parks/17/queue_times.json
2026-07-25T23:45:20.368Z,2026-07-25 16:45:20,2026-07-25,America/Los_Angeles,dca,Disney California Adventure,Avengers Campus,10907,WEB SLINGERS: A Spider-Man Adventure Single Rider,TRUE,0,2026-07-25T23:40:41.000Z,2026-07-25 16:40:41,https://queue-times.com/parks/17/queue_times.json
2026-07-25T23:45:20.368Z,2026-07-25 16:45:20,2026-07-25,America/Los_Angeles,dca,Disney California Adventure,Cars Land,13961,Luigi's Rollickin' Roadsters,FALSE,0,2026-07-25T23:40:41.000Z,2026-07-25 16:40:41,https://queue-times.com/parks/17/queue_times.json
2026-07-25T23:45:20.368Z,2026-07-25 16:45:20,2026-07-25,America/Los_Angeles,dca,Disney California Adventure,Cars Land,315,Mater's Junkyard Jamboree,TRUE,10,2026-07-25T23:40:41.000Z,2026-07-25 16:40:41,https://queue-times.com/parks/17/queue_times.json
2026-07-25T23:45:20.368Z,2026-07-25 16:45:20,2026-07-25,America/Los_Angeles,dca,Disney California Adventure,Cars Land,295,Radiator Springs Racers,TRUE,70,2026-07-25T23:40:41.000Z,2026-07-25 16:40:41,https://queue-times.com/parks/17/queue_times.json
2026-07-25T23:45:20.368Z,2026-07-25 16:45:20,2026-07-25,America/Los_Angeles,dca,Disney California Adventure,Cars Land,10904,Radiator Springs Racers Single Rider,TRUE,0,2026-07-25T23:40:41.000Z,2026-07-25 16:40:41,https://queue-times.com/parks/17/queue_times.json
2026-07-25T23:45:20.368Z,2026-07-25 16:45:20,2026-07-25,America/Los_Angeles,dca,Disney California Adventure,Grizzly Peak,302,Grizzly River Run,TRUE,40,2026-07-25T23:40:41.000Z,2026-07-25 16:40:41,https://queue-times.com/parks/17/queue_times.json
2026-07-25T23:45:20.368Z,2026-07-25 16:45:20,2026-07-25,America/Los_Angeles,dca,Disney California Adventure,Grizzly Peak,293,Redwood Creek Challenge Trail,TRUE,5,2026-07-25T23:40:41.000Z,2026-07-25 16:40:41,https://queue-times.com/parks/17/queue_times.json
2026-07-25T23:45:20.368Z,2026-07-25 16:45:20,2026-07-25,America/Los_Angeles,dca,Disney California Adventure,Grizzly Peak,17129,Soarin’ Across America,TRUE,35,2026-07-25T23:40:41.000Z,2026-07-25 16:40:41,https://queue-times.com/parks/17/queue_times.json
2026-07-25T23:45:20.368Z,2026-07-25 16:45:20,2026-07-25,America/Los_Angeles,dca,Disney California Adventure,Hollywood Land,321,Animation Academy,TRUE,0,2026-07-25T23:40:41.000Z,2026-07-25 16:40:41,https://queue-times.com/parks/17/queue_times.json
2026-07-25T23:45:20.368Z,2026-07-25 16:45:20,2026-07-25,America/Los_Angeles,dca,Disney California Adventure,Hollywood Land,6440,Mickey's PhilharMagic,TRUE,10,2026-07-25T23:40:41.000Z,2026-07-25 16:40:41,https://queue-times.com/parks/17/queue_times.json
2026-07-25T23:45:20.368Z,2026-07-25 16:45:20,2026-07-25,America/Los_Angeles,dca,Disney California Adventure,Hollywood Land,291,"Monsters, Inc. Mike & Sulley to the Rescue!",TRUE,20,2026-07-25T23:40:41.000Z,2026-07-25 16:40:41,https://queue-times.com/parks/17/queue_times.json
2026-07-25T23:45:20.368Z,2026-07-25 16:45:20,2026-07-25,America/Los_Angeles,dca,Disney California Adventure,Hollywood Land,868,Sorcerer's Workshop,TRUE,0,2026-07-25T23:40:41.000Z,2026-07-25 16:40:41,https://queue-times.com/parks/17/queue_times.json
2026-07-25T23:45:20.368Z,2026-07-25 16:45:20,2026-07-25,America/Los_Angeles,dca,Disney California Adventure,Hollywood Land,294,Turtle Talk with Crush,TRUE,0,2026-07-25T23:40:41.000Z,2026-07-25 16:40:41,https://queue-times.com/parks/17/queue_times.json
2026-07-25T23:45:20.368Z,2026-07-25 16:45:20,2026-07-25,America/Los_Angeles,dca,Disney California Adventure,Pacific Wharf,869,The Bakery Tour,TRUE,0,2026-07-25T23:40:41.000Z,2026-07-25 16:40:41,https://queue-times.com/parks/17/queue_times.json
2026-07-25T23:45:20.368Z,2026-07-25 16:45:20,2026-07-25,America/Los_Angeles,dca,Disney California Adventure,Paradise Gardens Park,298,Golden Zephyr,TRUE,5,2026-07-25T23:40:41.000Z,2026-07-25 16:40:41,https://queue-times.com/parks/17/queue_times.json
2026-07-25T23:45:20.368Z,2026-07-25 16:45:20,2026-07-25,America/Los_Angeles,dca,Disney California Adventure,Paradise Gardens Park,319,Goofy's Sky School,TRUE,45,2026-07-25T23:40:41.000Z,2026-07-25 16:40:41,https://queue-times.com/parks/17/queue_times.json
2026-07-25T23:45:20.368Z,2026-07-25 16:45:20,2026-07-25,America/Los_Angeles,dca,Disney California Adventure,Paradise Gardens Park,301,Silly Symphony Swings,FALSE,0,2026-07-25T23:40:41.000Z,2026-07-25 16:40:41,https://queue-times.com/parks/17/queue_times.json
2026-07-25T23:45:20.368Z,2026-07-25 16:45:20,2026-07-25,America/Los_Angeles,dca,Disney California Adventure,Paradise Gardens Park,316,The Little Mermaid - Ariel's Undersea Adventure,TRUE,15,2026-07-25T23:40:41.000Z,2026-07-25 16:40:41,https://queue-times.com/parks/17/queue_times.json
2026-07-25T23:45:20.368Z,2026-07-25 16:45:20,2026-07-25,America/Los_Angeles,dca,Disney California Adventure,Paradise Gardens Park,14742,World of Color Happiness!,TRUE,0,2026-07-25T23:40:41.000Z,2026-07-25 16:40:41,https://queue-times.com/parks/17/queue_times.json
2026-07-25T23:45:20.368Z,2026-07-25 16:45:20,2026-07-25,America/Los_Angeles,dca,Disney California Adventure,Pixar Pier,866,Games of Pixar Pier,TRUE,5,2026-07-25T23:40:41.000Z,2026-07-25 16:40:41,https://queue-times.com/parks/17/queue_times.json
2026-07-25T23:45:20.368Z,2026-07-25 16:45:20,2026-07-25,America/Los_Angeles,dca,Disney California Adventure,Pixar Pier,322,Incredicoaster,TRUE,20,2026-07-25T23:40:41.000Z,2026-07-25 16:40:41,https://queue-times.com/parks/17/queue_times.json
2026-07-25T23:45:20.368Z,2026-07-25 16:45:20,2026-07-25,America/Los_Angeles,dca,Disney California Adventure,Pixar Pier,10906,Incredicoaster Single Rider,TRUE,0,2026-07-25T23:40:41.000Z,2026-07-25 16:40:41,https://queue-times.com/parks/17/queue_times.json
2026-07-25T23:45:20.368Z,2026-07-25 16:45:20,2026-07-25,America/Los_Angeles,dca,Disney California Adventure,Pixar Pier,6643,Inside Out Emotional Whirlwind,TRUE,10,2026-07-25T23:40:41.000Z,2026-07-25 16:40:41,https://queue-times.com/parks/17/queue_times.json
2026-07-25T23:45:20.368Z,2026-07-25 16:45:20,2026-07-25,America/Los_Angeles,dca,Disney California Adventure,Pixar Pier,310,Jessie's Critter Carousel,TRUE,5,2026-07-25T23:40:41.000Z,2026-07-25 16:40:41,https://queue-times.com/parks/17/queue_times.json
2026-07-25T23:45:20.368Z,2026-07-25 16:45:20,2026-07-25,America/Los_Angeles,dca,Disney California Adventure,Pixar Pier,300,Jumpin' Jellyfish,TRUE,5,2026-07-25T23:40:41.000Z,2026-07-25 16:40:41,https://queue-times.com/parks/17/queue_times.json
2026-07-25T23:45:20.368Z,2026-07-25 16:45:20,2026-07-25,America/Los_Angeles,dca,Disney California Adventure,Pixar Pier,311,Pixar Pal-A-Round - Swinging,TRUE,20,2026-07-25T23:40:41.000Z,2026-07-25 16:40:41,https://queue-times.com/parks/17/queue_times.json
2026-07-25T23:45:20.368Z,2026-07-25 16:45:20,2026-07-25,America/Los_Angeles,dca,Disney California Adventure,Pixar Pier,5557,Pixar Pal-A-Round – Non-Swinging,TRUE,10,2026-07-25T23:40:41.000Z,2026-07-25 16:40:41,https://queue-times.com/parks/17/queue_times.json
2026-07-25T23:45:20.368Z,2026-07-25 16:45:20,2026-07-25,America/Los_Angeles,dca,Disney California Adventure,Pixar Pier,313,Toy Story Midway Mania!,TRUE,55,2026-07-25T23:40:41.000Z,2026-07-25 16:40:41,https://queue-times.com/parks/17/queue_times.json
2026-07-26T00:00:20.201Z,2026-07-25 17:00:20,2026-07-25,America/Los_Angeles,disneyland,Disneyland,Adventureland,12428,Adventureland Treehouse inspired by Walt Disney’s Swiss Family Robinson,TRUE,0,2026-07-25T23:55:39.000Z,2026-07-25 16:55:39,https://queue-times.com/parks/16/queue_times.json
2026-07-26T00:00:20.201Z,2026-07-25 17:00:20,2026-07-25,America/Los_Angeles,disneyland,Disneyland,Adventureland,326,Indiana Jones™ Adventure,TRUE,45,2026-07-25T23:55:39.000Z,2026-07-25 16:55:39,https://queue-times.com/parks/16/queue_times.json
2026-07-26T00:00:20.201Z,2026-07-25 17:00:20,2026-07-25,America/Los_Angeles,disneyland,Disneyland,Adventureland,296,Jungle Cruise,TRUE,15,2026-07-25T23:55:39.000Z,2026-07-25 16:55:39,https://queue-times.com/parks/16/queue_times.json
2026-07-26T00:00:20.201Z,2026-07-25 17:00:20,2026-07-25,America/Los_Angeles,disneyland,Disneyland,Adventureland,288,Walt Disney's Enchanted Tiki Room,TRUE,0,2026-07-25T23:55:39.000Z,2026-07-25 16:55:39,https://queue-times.com/parks/16/queue_times.json
2026-07-26T00:00:20.201Z,2026-07-25 17:00:20,2026-07-25,America/Los_Angeles,disneyland,Disneyland,Bayou Country,304,Davy Crockett's Explorer Canoes,TRUE,5,2026-07-25T23:55:39.000Z,2026-07-25 16:55:39,https://queue-times.com/parks/16/queue_times.json
2026-07-26T00:00:20.201Z,2026-07-25 17:00:20,2026-07-25,America/Los_Angeles,disneyland,Disneyland,Bayou Country,306,The Many Adventures of Winnie the Pooh,TRUE,10,2026-07-25T23:55:39.000Z,2026-07-25 16:55:39,https://queue-times.com/parks/16/queue_times.json
2026-07-26T00:00:20.201Z,2026-07-25 17:00:20,2026-07-25,America/Los_Angeles,disneyland,Disneyland,Bayou Country,14168,Tiana's Bayou Adventure,TRUE,75,2026-07-25T23:55:39.000Z,2026-07-25 16:55:39,https://queue-times.com/parks/16/queue_times.json
2026-07-26T00:00:20.201Z,2026-07-25 17:00:20,2026-07-25,America/Los_Angeles,disneyland,Disneyland,Bayou Country,14326,Tiana's Bayou Adventure Single Rider,TRUE,0,2026-07-25T23:55:39.000Z,2026-07-25 16:55:39,https://queue-times.com/parks/16/queue_times.json
2026-07-26T00:00:20.201Z,2026-07-25 17:00:20,2026-07-25,America/Los_Angeles,disneyland,Disneyland,Fantasyland,307,"""it's a small world""",TRUE,5,2026-07-25T23:55:39.000Z,2026-07-25 16:55:39,https://queue-times.com/parks/16/queue_times.json
2026-07-26T00:00:20.201Z,2026-07-25 17:00:20,2026-07-25,America/Los_Angeles,disneyland,Disneyland,Fantasyland,285,Alice in Wonderland,TRUE,25,2026-07-25T23:55:39.000Z,2026-07-25 16:55:39,https://queue-times.com/parks/16/queue_times.json
2026-07-26T00:00:20.201Z,2026-07-25 17:00:20,2026-07-25,America/Los_Angeles,disneyland,Disneyland,Fantasyland,16254,Bluey’s Best Day Ever! at Fantasyland Theatre,TRUE,0,2026-07-25T23:55:39.000Z,2026-07-25 16:55:39,https://queue-times.com/parks/16/queue_times.json
2026-07-26T00:00:20.201Z,2026-07-25 17:00:20,2026-07-25,America/Los_Angeles,disneyland,Disneyland,Fantasyland,303,Casey Jr. Circus Train,TRUE,5,2026-07-25T23:55:39.000Z,2026-07-25 16:55:39,https://queue-times.com/parks/16/queue_times.json
2026-07-26T00:00:20.201Z,2026-07-25 17:00:20,2026-07-25,America/Los_Angeles,disneyland,Disneyland,Fantasyland,275,Dumbo the Flying Elephant,TRUE,15,2026-07-25T23:55:39.000Z,2026-07-25 16:55:39,https://queue-times.com/parks/16/queue_times.json
2026-07-26T00:00:20.201Z,2026-07-25 17:00:20,2026-07-25,America/Los_Angeles,disneyland,Disneyland,Fantasyland,277,King Arthur Carrousel,TRUE,5,2026-07-25T23:55:39.000Z,2026-07-25 16:55:39,https://queue-times.com/parks/16/queue_times.json
2026-07-26T00:00:20.201Z,2026-07-25 17:00:20,2026-07-25,America/Los_Angeles,disneyland,Disneyland,Fantasyland,278,Mad Tea Party,TRUE,5,2026-07-25T23:55:39.000Z,2026-07-25 16:55:39,https://queue-times.com/parks/16/queue_times.json
2026-07-26T00:00:20.201Z,2026-07-25 17:00:20,2026-07-25,America/Los_Angeles,disneyland,Disneyland,Fantasyland,279,Matterhorn Bobsleds,TRUE,35,2026-07-25T23:55:39.000Z,2026-07-25 16:55:39,https://queue-times.com/parks/16/queue_times.json
2026-07-26T00:00:20.201Z,2026-07-25 17:00:20,2026-07-25,America/Los_Angeles,disneyland,Disneyland,Fantasyland,6711,Meet Disney Princesses at Royal Hall,TRUE,15,2026-07-25T23:55:39.000Z,2026-07-25 16:55:39,https://queue-times.com/parks/16/queue_times.json
2026-07-26T00:00:20.201Z,2026-07-25 17:00:20,2026-07-25,America/Los_Angeles,disneyland,Disneyland,Fantasyland,280,Mr. Toad's Wild Ride,TRUE,10,2026-07-25T23:55:39.000Z,2026-07-25 16:55:39,https://queue-times.com/parks/16/queue_times.json
2026-07-26T00:00:20.201Z,2026-07-25 17:00:20,2026-07-25,America/Los_Angeles,disneyland,Disneyland,Fantasyland,281,Peter Pan's Flight,TRUE,25,2026-07-25T23:55:39.000Z,2026-07-25 16:55:39,https://queue-times.com/parks/16/queue_times.json
2026-07-26T00:00:20.201Z,2026-07-25 17:00:20,2026-07-25,America/Los_Angeles,disneyland,Disneyland,Fantasyland,282,Pinocchio's Daring Journey,TRUE,10,2026-07-25T23:55:39.000Z,2026-07-25 16:55:39,https://queue-times.com/parks/16/queue_times.json
2026-07-26T00:00:20.201Z,2026-07-25 17:00:20,2026-07-25,America/Los_Angeles,disneyland,Disneyland,Fantasyland,687,Sleeping Beauty Castle Walkthrough,FALSE,0,2026-07-25T23:55:39.000Z,2026-07-25 16:55:39,https://queue-times.com/parks/16/queue_times.json
2026-07-26T00:00:20.201Z,2026-07-25 17:00:20,2026-07-25,America/Los_Angeles,disneyland,Disneyland,Fantasyland,283,Snow White's Enchanted Wish,TRUE,10,2026-07-25T23:55:39.000Z,2026-07-25 16:55:39,https://queue-times.com/parks/16/queue_times.json
2026-07-26T00:00:20.201Z,2026-07-25 17:00:20,2026-07-25,America/Los_Angeles,disneyland,Disneyland,Fantasyland,305,Storybook Land Canal Boats,TRUE,5,2026-07-25T23:55:39.000Z,2026-07-25 16:55:39,https://queue-times.com/parks/16/queue_times.json
2026-07-26T00:00:20.201Z,2026-07-25 17:00:20,2026-07-25,America/Los_Angeles,disneyland,Disneyland,Frontierland,323,Big Thunder Mountain Railroad,TRUE,25,2026-07-25T23:55:39.000Z,2026-07-25 16:55:39,https://queue-times.com/parks/16/queue_times.json
2026-07-26T00:00:20.201Z,2026-07-25 17:00:20,2026-07-25,America/Los_Angeles,disneyland,Disneyland,Frontierland,679,Frontierland Shootin' Exposition,FALSE,0,2026-07-25T23:55:39.000Z,2026-07-25 16:55:39,https://queue-times.com/parks/16/queue_times.json
2026-07-26T00:00:20.201Z,2026-07-25 17:00:20,2026-07-25,America/Los_Angeles,disneyland,Disneyland,Frontierland,456,Mark Twain Riverboat,TRUE,10,2026-07-25T23:55:39.000Z,2026-07-25 16:55:39,https://queue-times.com/parks/16/queue_times.json
2026-07-26T00:00:20.201Z,2026-07-25 17:00:20,2026-07-25,America/Los_Angeles,disneyland,Disneyland,Frontierland,331,Pirate's Lair on Tom Sawyer Island,FALSE,0,2026-07-25T23:55:39.000Z,2026-07-25 16:55:39,https://queue-times.com/parks/16/queue_times.json
2026-07-26T00:00:20.201Z,2026-07-25 17:00:20,2026-07-25,America/Los_Angeles,disneyland,Disneyland,Frontierland,328,Sailing Ship Columbia,FALSE,0,2026-07-25T23:55:39.000Z,2026-07-25 16:55:39,https://queue-times.com/parks/16/queue_times.json
2026-07-26T00:00:20.201Z,2026-07-25 17:00:20,2026-07-25,America/Los_Angeles,disneyland,Disneyland,Main Street U.S.A,674,Disneyland Railroad,TRUE,10,2026-07-25T23:55:39.000Z,2026-07-25 16:55:39,https://queue-times.com/parks/16/queue_times.json
2026-07-26T00:00:20.201Z,2026-07-25 17:00:20,2026-07-25,America/Los_Angeles,disneyland,Disneyland,Main Street U.S.A,690,Great Moments with Mr. Lincoln,FALSE,0,2026-07-25T23:55:39.000Z,2026-07-25 16:55:39,https://queue-times.com/parks/16/queue_times.json
2026-07-26T00:00:20.201Z,2026-07-25 17:00:20,2026-07-25,America/Los_Angeles,disneyland,Disneyland,Main Street U.S.A,686,Main Street Cinema,TRUE,0,2026-07-25T23:55:39.000Z,2026-07-25 16:55:39,https://queue-times.com/parks/16/queue_times.json
2026-07-26T00:00:20.201Z,2026-07-25 17:00:20,2026-07-25,America/Los_Angeles,disneyland,Disneyland,Main Street U.S.A,691,Main Street Vehicles,FALSE,0,2026-07-25T23:55:39.000Z,2026-07-25 16:55:39,https://queue-times.com/parks/16/queue_times.json
2026-07-26T00:00:20.201Z,2026-07-25 17:00:20,2026-07-25,America/Los_Angeles,disneyland,Disneyland,Main Street U.S.A,14915,Opera House - Walt Disney - A Magical Life,TRUE,0,2026-07-25T23:55:39.000Z,2026-07-25 16:55:39,https://queue-times.com/parks/16/queue_times.json
2026-07-26T00:00:20.201Z,2026-07-25 17:00:20,2026-07-25,America/Los_Angeles,disneyland,Disneyland,Main Street U.S.A,695,The Disney Gallery,TRUE,0,2026-07-25T23:55:39.000Z,2026-07-25 16:55:39,https://queue-times.com/parks/16/queue_times.json
2026-07-26T00:00:20.201Z,2026-07-25 17:00:20,2026-07-25,America/Los_Angeles,disneyland,Disneyland,Main Street U.S.A,14923,Walt Disney - A Magical Life,TRUE,0,2026-07-25T23:55:39.000Z,2026-07-25 16:55:39,https://queue-times.com/parks/16/queue_times.json
2026-07-26T00:00:20.201Z,2026-07-25 17:00:20,2026-07-25,America/Los_Angeles,disneyland,Disneyland,Mickey's Toontown,324,Chip 'n' Dale's GADGETcoaster,TRUE,15,2026-07-25T23:55:39.000Z,2026-07-25 16:55:39,https://queue-times.com/parks/16/queue_times.json
2026-07-26T00:00:20.201Z,2026-07-25 17:00:20,2026-07-25,America/Los_Angeles,disneyland,Disneyland,Mickey's Toontown,13814,Donald's Duck Pond,TRUE,0,2026-07-25T23:55:39.000Z,2026-07-25 16:55:39,https://queue-times.com/parks/16/queue_times.json
2026-07-26T00:00:20.201Z,2026-07-25 17:00:20,2026-07-25,America/Los_Angeles,disneyland,Disneyland,Mickey's Toontown,11980,Goofy's How-to-Play Yard,TRUE,0,2026-07-25T23:55:39.000Z,2026-07-25 16:55:39,https://queue-times.com/parks/16/queue_times.json
2026-07-26T00:00:20.201Z,2026-07-25 17:00:20,2026-07-25,America/Los_Angeles,disneyland,Disneyland,Mickey's Toontown,11526,Mickey & Minnie's Runaway Railway,TRUE,30,2026-07-25T23:55:39.000Z,2026-07-25 16:55:39,https://queue-times.com/parks/16/queue_times.json
2026-07-26T00:00:20.201Z,2026-07-25 17:00:20,2026-07-25,America/Los_Angeles,disneyland,Disneyland,Mickey's Toontown,709,Mickey's House and Meet Mickey Mouse,TRUE,30,2026-07-25T23:55:39.000Z,2026-07-25 16:55:39,https://queue-times.com/parks/16/queue_times.json
2026-07-26T00:00:20.201Z,2026-07-25 17:00:20,2026-07-25,America/Los_Angeles,disneyland,Disneyland,Mickey's Toontown,327,Mickey's House and Meet Mickey Mouse,FALSE,0,2026-07-25T23:55:39.000Z,2026-07-25 16:55:39,https://queue-times.com/parks/16/queue_times.json
2026-07-26T00:00:20.201Z,2026-07-25 17:00:20,2026-07-25,America/Los_Angeles,disneyland,Disneyland,Mickey's Toontown,684,Minnie's House,TRUE,0,2026-07-25T23:55:39.000Z,2026-07-25 16:55:39,https://queue-times.com/parks/16/queue_times.json
2026-07-26T00:00:20.201Z,2026-07-25 17:00:20,2026-07-25,America/Los_Angeles,disneyland,Disneyland,Mickey's Toontown,332,Roger Rabbit's Car Toon Spin,TRUE,40,2026-07-25T23:55:39.000Z,2026-07-25 16:55:39,https://queue-times.com/parks/16/queue_times.json
2026-07-26T00:00:20.201Z,2026-07-25 17:00:20,2026-07-25,America/Los_Angeles,disneyland,Disneyland,New Orleans Square,13958,Haunted Mansion,TRUE,30,2026-07-25T23:55:39.000Z,2026-07-25 16:55:39,https://queue-times.com/parks/16/queue_times.json
2026-07-26T00:00:20.201Z,2026-07-25 17:00:20,2026-07-25,America/Los_Angeles,disneyland,Disneyland,New Orleans Square,289,Pirates of the Caribbean,TRUE,25,2026-07-25T23:55:39.000Z,2026-07-25 16:55:39,https://queue-times.com/parks/16/queue_times.json
2026-07-26T00:00:20.201Z,2026-07-25 17:00:20,2026-07-25,America/Los_Angeles,disneyland,Disneyland,Star Wars: Galaxy's Edge,6339,Millennium Falcon: Smugglers Run,TRUE,35,2026-07-25T23:55:39.000Z,2026-07-25 16:55:39,https://queue-times.com/parks/16/queue_times.json
2026-07-26T00:00:20.201Z,2026-07-25 17:00:20,2026-07-25,America/Los_Angeles,disneyland,Disneyland,Star Wars: Galaxy's Edge,10903,Millennium Falcon: Smugglers Run Single Rider,TRUE,0,2026-07-25T23:55:39.000Z,2026-07-25 16:55:39,https://queue-times.com/parks/16/queue_times.json
2026-07-26T00:00:20.201Z,2026-07-25 17:00:20,2026-07-25,America/Los_Angeles,disneyland,Disneyland,Star Wars: Galaxy's Edge,6340,Star Wars: Rise of the Resistance,TRUE,35,2026-07-25T23:55:39.000Z,2026-07-25 16:55:39,https://queue-times.com/parks/16/queue_times.json
2026-07-26T00:00:20.201Z,2026-07-25 17:00:20,2026-07-25,America/Los_Angeles,disneyland,Disneyland,Tomorrowland,287,Astro Orbitor,TRUE,10,2026-07-25T23:55:39.000Z,2026-07-25 16:55:39,https://queue-times.com/parks/16/queue_times.json
2026-07-26T00:00:20.201Z,2026-07-25 17:00:20,2026-07-25,America/Los_Angeles,disneyland,Disneyland,Tomorrowland,317,Autopia,TRUE,15,2026-07-25T23:55:39.000Z,2026-07-25 16:55:39,https://queue-times.com/parks/16/queue_times.json
2026-07-26T00:00:20.201Z,2026-07-25 17:00:20,2026-07-25,America/Los_Angeles,disneyland,Disneyland,Tomorrowland,273,Buzz Lightyear Astro Blasters,FALSE,0,2026-07-25T23:55:39.000Z,2026-07-25 16:55:39,https://queue-times.com/parks/16/queue_times.json
2026-07-26T00:00:20.201Z,2026-07-25 17:00:20,2026-07-25,America/Los_Angeles,disneyland,Disneyland,Tomorrowland,274,Disneyland Monorail,FALSE,0,2026-07-25T23:55:39.000Z,2026-07-25 16:55:39,https://queue-times.com/parks/16/queue_times.json
2026-07-26T00:00:20.201Z,2026-07-25 17:00:20,2026-07-25,America/Los_Angeles,disneyland,Disneyland,Tomorrowland,276,Finding Nemo Submarine Voyage,TRUE,25,2026-07-25T23:55:39.000Z,2026-07-25 16:55:39,https://queue-times.com/parks/16/queue_times.json
2026-07-26T00:00:20.201Z,2026-07-25 17:00:20,2026-07-25,America/Los_Angeles,disneyland,Disneyland,Tomorrowland,16627,Pixar Short Film Spotlight,FALSE,0,2026-07-25T23:55:39.000Z,2026-07-25 16:55:39,https://queue-times.com/parks/16/queue_times.json
2026-07-26T00:00:20.201Z,2026-07-25 17:00:20,2026-07-25,America/Los_Angeles,disneyland,Disneyland,Tomorrowland,284,Space Mountain,TRUE,30,2026-07-25T23:55:39.000Z,2026-07-25 16:55:39,https://queue-times.com/parks/16/queue_times.json
2026-07-26T00:00:20.201Z,2026-07-25 17:00:20,2026-07-25,America/Los_Angeles,disneyland,Disneyland,Tomorrowland,286,Star Tours - The Adventures Continue,TRUE,10,2026-07-25T23:55:39.000Z,2026-07-25 16:55:39,https://queue-times.com/parks/16/queue_times.json
2026-07-26T00:00:20.201Z,2026-07-25 17:00:20,2026-07-25,America/Los_Angeles,dca,Disney California Adventure,Avengers Campus,329,Guardians of the Galaxy - Mission: BREAKOUT!,TRUE,45,2026-07-25T23:55:49.000Z,2026-07-25 16:55:49,https://queue-times.com/parks/17/queue_times.json
2026-07-26T00:00:20.201Z,2026-07-25 17:00:20,2026-07-25,America/Los_Angeles,dca,Disney California Adventure,Avengers Campus,8843,WEB SLINGERS: A Spider-Man Adventure,TRUE,45,2026-07-25T23:55:49.000Z,2026-07-25 16:55:49,https://queue-times.com/parks/17/queue_times.json
2026-07-26T00:00:20.201Z,2026-07-25 17:00:20,2026-07-25,America/Los_Angeles,dca,Disney California Adventure,Avengers Campus,10907,WEB SLINGERS: A Spider-Man Adventure Single Rider,TRUE,0,2026-07-25T23:55:49.000Z,2026-07-25 16:55:49,https://queue-times.com/parks/17/queue_times.json
2026-07-26T00:00:20.201Z,2026-07-25 17:00:20,2026-07-25,America/Los_Angeles,dca,Disney California Adventure,Cars Land,13961,Luigi's Rollickin' Roadsters,FALSE,0,2026-07-25T23:55:49.000Z,2026-07-25 16:55:49,https://queue-times.com/parks/17/queue_times.json
2026-07-26T00:00:20.201Z,2026-07-25 17:00:20,2026-07-25,America/Los_Angeles,dca,Disney California Adventure,Cars Land,315,Mater's Junkyard Jamboree,TRUE,10,2026-07-25T23:55:49.000Z,2026-07-25 16:55:49,https://queue-times.com/parks/17/queue_times.json
2026-07-26T00:00:20.201Z,2026-07-25 17:00:20,2026-07-25,America/Los_Angeles,dca,Disney California Adventure,Cars Land,295,Radiator Springs Racers,TRUE,45,2026-07-25T23:55:49.000Z,2026-07-25 16:55:49,https://queue-times.com/parks/17/queue_times.json
2026-07-26T00:00:20.201Z,2026-07-25 17:00:20,2026-07-25,America/Los_Angeles,dca,Disney California Adventure,Cars Land,10904,Radiator Springs Racers Single Rider,TRUE,0,2026-07-25T23:55:49.000Z,2026-07-25 16:55:49,https://queue-times.com/parks/17/queue_times.json
2026-07-26T00:00:20.201Z,2026-07-25 17:00:20,2026-07-25,America/Los_Angeles,dca,Disney California Adventure,Grizzly Peak,302,Grizzly River Run,TRUE,40,2026-07-25T23:55:49.000Z,2026-07-25 16:55:49,https://queue-times.com/parks/17/queue_times.json
2026-07-26T00:00:20.201Z,2026-07-25 17:00:20,2026-07-25,America/Los_Angeles,dca,Disney California Adventure,Grizzly Peak,293,Redwood Creek Challenge Trail,TRUE,5,2026-07-25T23:55:49.000Z,2026-07-25 16:55:49,https://queue-times.com/parks/17/queue_times.json
2026-07-26T00:00:20.201Z,2026-07-25 17:00:20,2026-07-25,America/Los_Angeles,dca,Disney California Adventure,Grizzly Peak,17129,Soarin’ Across America,TRUE,40,2026-07-25T23:55:49.000Z,2026-07-25 16:55:49,https://queue-times.com/parks/17/queue_times.json
2026-07-26T00:00:20.201Z,2026-07-25 17:00:20,2026-07-25,America/Los_Angeles,dca,Disney California Adventure,Hollywood Land,321,Animation Academy,TRUE,0,2026-07-25T23:55:49.000Z,2026-07-25 16:55:49,https://queue-times.com/parks/17/queue_times.json
2026-07-26T00:00:20.201Z,2026-07-25 17:00:20,2026-07-25,America/Los_Angeles,dca,Disney California Adventure,Hollywood Land,6440,Mickey's PhilharMagic,TRUE,10,2026-07-25T23:55:49.000Z,2026-07-25 16:55:49,https://queue-times.com/parks/17/queue_times.json
2026-07-26T00:00:20.201Z,2026-07-25 17:00:20,2026-07-25,America/Los_Angeles,dca,Disney California Adventure,Hollywood Land,291,"Monsters, Inc. Mike & Sulley to the Rescue!",TRUE,35,2026-07-25T23:55:49.000Z,2026-07-25 16:55:49,https://queue-times.com/parks/17/queue_times.json
2026-07-26T00:00:20.201Z,2026-07-25 17:00:20,2026-07-25,America/Los_Angeles,dca,Disney California Adventure,Hollywood Land,868,Sorcerer's Workshop,TRUE,0,2026-07-25T23:55:49.000Z,2026-07-25 16:55:49,https://queue-times.com/parks/17/queue_times.json
2026-07-26T00:00:20.201Z,2026-07-25 17:00:20,2026-07-25,America/Los_Angeles,dca,Disney California Adventure,Hollywood Land,294,Turtle Talk with Crush,TRUE,0,2026-07-25T23:55:49.000Z,2026-07-25 16:55:49,https://queue-times.com/parks/17/queue_times.json
2026-07-26T00:00:20.201Z,2026-07-25 17:00:20,2026-07-25,America/Los_Angeles,dca,Disney California Adventure,Pacific Wharf,869,The Bakery Tour,TRUE,0,2026-07-25T23:55:49.000Z,2026-07-25 16:55:49,https://queue-times.com/parks/17/queue_times.json
2026-07-26T00:00:20.201Z,2026-07-25 17:00:20,2026-07-25,America/Los_Angeles,dca,Disney California Adventure,Paradise Gardens Park,298,Golden Zephyr,FALSE,0,2026-07-25T23:55:49.000Z,2026-07-25 16:55:49,https://queue-times.com/parks/17/queue_times.json
2026-07-26T00:00:20.201Z,2026-07-25 17:00:20,2026-07-25,America/Los_Angeles,dca,Disney California Adventure,Paradise Gardens Park,319,Goofy's Sky School,TRUE,30,2026-07-25T23:55:49.000Z,2026-07-25 16:55:49,https://queue-times.com/parks/17/queue_times.json
2026-07-26T00:00:20.201Z,2026-07-25 17:00:20,2026-07-25,America/Los_Angeles,dca,Disney California Adventure,Paradise Gardens Park,301,Silly Symphony Swings,FALSE,0,2026-07-25T23:55:49.000Z,2026-07-25 16:55:49,https://queue-times.com/parks/17/queue_times.json
2026-07-26T00:00:20.201Z,2026-07-25 17:00:20,2026-07-25,America/Los_Angeles,dca,Disney California Adventure,Paradise Gardens Park,316,The Little Mermaid - Ariel's Undersea Adventure,TRUE,25,2026-07-25T23:55:49.000Z,2026-07-25 16:55:49,https://queue-times.com/parks/17/queue_times.json
2026-07-26T00:00:20.201Z,2026-07-25 17:00:20,2026-07-25,America/Los_Angeles,dca,Disney California Adventure,Paradise Gardens Park,14742,World of Color Happiness!,TRUE,0,2026-07-25T23:55:49.000Z,2026-07-25 16:55:49,https://queue-times.com/parks/17/queue_times.json
2026-07-26T00:00:20.201Z,2026-07-25 17:00:20,2026-07-25,America/Los_Angeles,dca,Disney California Adventure,Pixar Pier,866,Games of Pixar Pier,TRUE,5,2026-07-25T23:55:49.000Z,2026-07-25 16:55:49,https://queue-times.com/parks/17/queue_times.json
2026-07-26T00:00:20.201Z,2026-07-25 17:00:20,2026-07-25,America/Los_Angeles,dca,Disney California Adventure,Pixar Pier,322,Incredicoaster,TRUE,25,2026-07-25T23:55:49.000Z,2026-07-25 16:55:49,https://queue-times.com/parks/17/queue_times.json
2026-07-26T00:00:20.201Z,2026-07-25 17:00:20,2026-07-25,America/Los_Angeles,dca,Disney California Adventure,Pixar Pier,10906,Incredicoaster Single Rider,TRUE,0,2026-07-25T23:55:49.000Z,2026-07-25 16:55:49,https://queue-times.com/parks/17/queue_times.json
2026-07-26T00:00:20.201Z,2026-07-25 17:00:20,2026-07-25,America/Los_Angeles,dca,Disney California Adventure,Pixar Pier,6643,Inside Out Emotional Whirlwind,TRUE,15,2026-07-25T23:55:49.000Z,2026-07-25 16:55:49,https://queue-times.com/parks/17/queue_times.json
2026-07-26T00:00:20.201Z,2026-07-25 17:00:20,2026-07-25,America/Los_Angeles,dca,Disney California Adventure,Pixar Pier,310,Jessie's Critter Carousel,TRUE,5,2026-07-25T23:55:49.000Z,2026-07-25 16:55:49,https://queue-times.com/parks/17/queue_times.json
2026-07-26T00:00:20.201Z,2026-07-25 17:00:20,2026-07-25,America/Los_Angeles,dca,Disney California Adventure,Pixar Pier,300,Jumpin' Jellyfish,TRUE,5,2026-07-25T23:55:49.000Z,2026-07-25 16:55:49,https://queue-times.com/parks/17/queue_times.json
2026-07-26T00:00:20.201Z,2026-07-25 17:00:20,2026-07-25,America/Los_Angeles,dca,Disney California Adventure,Pixar Pier,311,Pixar Pal-A-Round - Swinging,TRUE,20,2026-07-25T23:55:49.000Z,2026-07-25 16:55:49,https://queue-times.com/parks/17/queue_times.json
2026-07-26T00:00:20.201Z,2026-07-25 17:00:20,2026-07-25,America/Los_Angeles,dca,Disney California Adventure,Pixar Pier,5557,Pixar Pal-A-Round – Non-Swinging,TRUE,15,2026-07-25T23:55:49.000Z,2026-07-25 16:55:49,https://queue-times.com/parks/17/queue_times.json
2026-07-26T00:00:20.201Z,2026-07-25 17:00:20,2026-07-25,America/Los_Angeles,dca,Disney California Adventure,Pixar Pier,313,Toy Story Midway Mania!,TRUE,50,2026-07-25T23:55:49.000Z,2026-07-25 16:55:49,https://queue-times.com/parks/17/queue_times.json
2026-07-26T00:15:15.708Z,2026-07-25 17:15:15,2026-07-25,America/Los_Angeles,disneyland,Disneyland,Adventureland,12428,Adventureland Treehouse inspired by Walt Disney’s Swiss Family Robinson,TRUE,0,2026-07-26T00:10:34.000Z,2026-07-25 17:10:34,https://queue-times.com/parks/16/queue_times.json
2026-07-26T00:15:15.708Z,2026-07-25 17:15:15,2026-07-25,America/Los_Angeles,disneyland,Disneyland,Adventureland,326,Indiana Jones™ Adventure,TRUE,45,2026-07-26T00:10:34.000Z,2026-07-25 17:10:34,https://queue-times.com/parks/16/queue_times.json
2026-07-26T00:15:15.708Z,2026-07-25 17:15:15,2026-07-25,America/Los_Angeles,disneyland,Disneyland,Adventureland,296,Jungle Cruise,TRUE,15,2026-07-26T00:10:34.000Z,2026-07-25 17:10:34,https://queue-times.com/parks/16/queue_times.json
2026-07-26T00:15:15.708Z,2026-07-25 17:15:15,2026-07-25,America/Los_Angeles,disneyland,Disneyland,Adventureland,288,Walt Disney's Enchanted Tiki Room,TRUE,0,2026-07-26T00:10:34.000Z,2026-07-25 17:10:34,https://queue-times.com/parks/16/queue_times.json
2026-07-26T00:15:15.708Z,2026-07-25 17:15:15,2026-07-25,America/Los_Angeles,disneyland,Disneyland,Bayou Country,304,Davy Crockett's Explorer Canoes,FALSE,0,2026-07-26T00:10:34.000Z,2026-07-25 17:10:34,https://queue-times.com/parks/16/queue_times.json
2026-07-26T00:15:15.708Z,2026-07-25 17:15:15,2026-07-25,America/Los_Angeles,disneyland,Disneyland,Bayou Country,306,The Many Adventures of Winnie the Pooh,TRUE,5,2026-07-26T00:10:34.000Z,2026-07-25 17:10:34,https://queue-times.com/parks/16/queue_times.json
2026-07-26T00:15:15.708Z,2026-07-25 17:15:15,2026-07-25,America/Los_Angeles,disneyland,Disneyland,Bayou Country,14168,Tiana's Bayou Adventure,TRUE,75,2026-07-26T00:10:34.000Z,2026-07-25 17:10:34,https://queue-times.com/parks/16/queue_times.json
2026-07-26T00:15:15.708Z,2026-07-25 17:15:15,2026-07-25,America/Los_Angeles,disneyland,Disneyland,Bayou Country,14326,Tiana's Bayou Adventure Single Rider,TRUE,0,2026-07-26T00:10:34.000Z,2026-07-25 17:10:34,https://queue-times.com/parks/16/queue_times.json
2026-07-26T00:15:15.708Z,2026-07-25 17:15:15,2026-07-25,America/Los_Angeles,disneyland,Disneyland,Fantasyland,307,"""it's a small world""",TRUE,5,2026-07-26T00:10:34.000Z,2026-07-25 17:10:34,https://queue-times.com/parks/16/queue_times.json
2026-07-26T00:15:15.708Z,2026-07-25 17:15:15,2026-07-25,America/Los_Angeles,disneyland,Disneyland,Fantasyland,285,Alice in Wonderland,TRUE,25,2026-07-26T00:10:34.000Z,2026-07-25 17:10:34,https://queue-times.com/parks/16/queue_times.json
2026-07-26T00:15:15.708Z,2026-07-25 17:15:15,2026-07-25,America/Los_Angeles,disneyland,Disneyland,Fantasyland,16254,Bluey’s Best Day Ever! at Fantasyland Theatre,TRUE,0,2026-07-26T00:10:34.000Z,2026-07-25 17:10:34,https://queue-times.com/parks/16/queue_times.json
2026-07-26T00:15:15.708Z,2026-07-25 17:15:15,2026-07-25,America/Los_Angeles,disneyland,Disneyland,Fantasyland,303,Casey Jr. Circus Train,TRUE,5,2026-07-26T00:10:34.000Z,2026-07-25 17:10:34,https://queue-times.com/parks/16/queue_times.json
2026-07-26T00:15:15.708Z,2026-07-25 17:15:15,2026-07-25,America/Los_Angeles,disneyland,Disneyland,Fantasyland,275,Dumbo the Flying Elephant,TRUE,15,2026-07-26T00:10:34.000Z,2026-07-25 17:10:34,https://queue-times.com/parks/16/queue_times.json
2026-07-26T00:15:15.708Z,2026-07-25 17:15:15,2026-07-25,America/Los_Angeles,disneyland,Disneyland,Fantasyland,277,King Arthur Carrousel,TRUE,5,2026-07-26T00:10:34.000Z,2026-07-25 17:10:34,https://queue-times.com/parks/16/queue_times.json
2026-07-26T00:15:15.708Z,2026-07-25 17:15:15,2026-07-25,America/Los_Angeles,disneyland,Disneyland,Fantasyland,278,Mad Tea Party,TRUE,5,2026-07-26T00:10:34.000Z,2026-07-25 17:10:34,https://queue-times.com/parks/16/queue_times.json
2026-07-26T00:15:15.708Z,2026-07-25 17:15:15,2026-07-25,America/Los_Angeles,disneyland,Disneyland,Fantasyland,279,Matterhorn Bobsleds,TRUE,25,2026-07-26T00:10:34.000Z,2026-07-25 17:10:34,https://queue-times.com/parks/16/queue_times.json
2026-07-26T00:15:15.708Z,2026-07-25 17:15:15,2026-07-25,America/Los_Angeles,disneyland,Disneyland,Fantasyland,6711,Meet Disney Princesses at Royal Hall,TRUE,30,2026-07-26T00:10:34.000Z,2026-07-25 17:10:34,https://queue-times.com/parks/16/queue_times.json
2026-07-26T00:15:15.708Z,2026-07-25 17:15:15,2026-07-25,America/Los_Angeles,disneyland,Disneyland,Fantasyland,280,Mr. Toad's Wild Ride,TRUE,10,2026-07-26T00:10:34.000Z,2026-07-25 17:10:34,https://queue-times.com/parks/16/queue_times.json
2026-07-26T00:15:15.708Z,2026-07-25 17:15:15,2026-07-25,America/Los_Angeles,disneyland,Disneyland,Fantasyland,281,Peter Pan's Flight,TRUE,25,2026-07-26T00:10:34.000Z,2026-07-25 17:10:34,https://queue-times.com/parks/16/queue_times.json
2026-07-26T00:15:15.708Z,2026-07-25 17:15:15,2026-07-25,America/Los_Angeles,disneyland,Disneyland,Fantasyland,282,Pinocchio's Daring Journey,TRUE,10,2026-07-26T00:10:34.000Z,2026-07-25 17:10:34,https://queue-times.com/parks/16/queue_times.json
2026-07-26T00:15:15.708Z,2026-07-25 17:15:15,2026-07-25,America/Los_Angeles,disneyland,Disneyland,Fantasyland,687,Sleeping Beauty Castle Walkthrough,FALSE,0,2026-07-26T00:10:34.000Z,2026-07-25 17:10:34,https://queue-times.com/parks/16/queue_times.json
2026-07-26T00:15:15.708Z,2026-07-25 17:15:15,2026-07-25,America/Los_Angeles,disneyland,Disneyland,Fantasyland,283,Snow White's Enchanted Wish,TRUE,10,2026-07-26T00:10:34.000Z,2026-07-25 17:10:34,https://queue-times.com/parks/16/queue_times.json
2026-07-26T00:15:15.708Z,2026-07-25 17:15:15,2026-07-25,America/Los_Angeles,disneyland,Disneyland,Fantasyland,305,Storybook Land Canal Boats,TRUE,5,2026-07-26T00:10:34.000Z,2026-07-25 17:10:34,https://queue-times.com/parks/16/queue_times.json
2026-07-26T00:15:15.708Z,2026-07-25 17:15:15,2026-07-25,America/Los_Angeles,disneyland,Disneyland,Frontierland,323,Big Thunder Mountain Railroad,TRUE,20,2026-07-26T00:10:34.000Z,2026-07-25 17:10:34,https://queue-times.com/parks/16/queue_times.json
2026-07-26T00:15:15.708Z,2026-07-25 17:15:15,2026-07-25,America/Los_Angeles,disneyland,Disneyland,Frontierland,679,Frontierland Shootin' Exposition,FALSE,0,2026-07-26T00:10:34.000Z,2026-07-25 17:10:34,https://queue-times.com/parks/16/queue_times.json
2026-07-26T00:15:15.708Z,2026-07-25 17:15:15,2026-07-25,America/Los_Angeles,disneyland,Disneyland,Frontierland,456,Mark Twain Riverboat,TRUE,10,2026-07-26T00:10:34.000Z,2026-07-25 17:10:34,https://queue-times.com/parks/16/queue_times.json
2026-07-26T00:15:15.708Z,2026-07-25 17:15:15,2026-07-25,America/Los_Angeles,disneyland,Disneyland,Frontierland,331,Pirate's Lair on Tom Sawyer Island,FALSE,0,2026-07-26T00:10:34.000Z,2026-07-25 17:10:34,https://queue-times.com/parks/16/queue_times.json
2026-07-26T00:15:15.708Z,2026-07-25 17:15:15,2026-07-25,America/Los_Angeles,disneyland,Disneyland,Frontierland,328,Sailing Ship Columbia,FALSE,0,2026-07-26T00:10:34.000Z,2026-07-25 17:10:34,https://queue-times.com/parks/16/queue_times.json
2026-07-26T00:15:15.708Z,2026-07-25 17:15:15,2026-07-25,America/Los_Angeles,disneyland,Disneyland,Main Street U.S.A,674,Disneyland Railroad,TRUE,10,2026-07-26T00:10:34.000Z,2026-07-25 17:10:34,https://queue-times.com/parks/16/queue_times.json
2026-07-26T00:15:15.708Z,2026-07-25 17:15:15,2026-07-25,America/Los_Angeles,disneyland,Disneyland,Main Street U.S.A,690,Great Moments with Mr. Lincoln,FALSE,0,2026-07-26T00:10:34.000Z,2026-07-25 17:10:34,https://queue-times.com/parks/16/queue_times.json
2026-07-26T00:15:15.708Z,2026-07-25 17:15:15,2026-07-25,America/Los_Angeles,disneyland,Disneyland,Main Street U.S.A,686,Main Street Cinema,TRUE,0,2026-07-26T00:10:34.000Z,2026-07-25 17:10:34,https://queue-times.com/parks/16/queue_times.json
2026-07-26T00:15:15.708Z,2026-07-25 17:15:15,2026-07-25,America/Los_Angeles,disneyland,Disneyland,Main Street U.S.A,691,Main Street Vehicles,FALSE,0,2026-07-26T00:10:34.000Z,2026-07-25 17:10:34,https://queue-times.com/parks/16/queue_times.json
2026-07-26T00:15:15.708Z,2026-07-25 17:15:15,2026-07-25,America/Los_Angeles,disneyland,Disneyland,Main Street U.S.A,14915,Opera House - Walt Disney - A Magical Life,TRUE,0,2026-07-26T00:10:34.000Z,2026-07-25 17:10:34,https://queue-times.com/parks/16/queue_times.json
2026-07-26T00:15:15.708Z,2026-07-25 17:15:15,2026-07-25,America/Los_Angeles,disneyland,Disneyland,Main Street U.S.A,695,The Disney Gallery,TRUE,0,2026-07-26T00:10:34.000Z,2026-07-25 17:10:34,https://queue-times.com/parks/16/queue_times.json
2026-07-26T00:15:15.708Z,2026-07-25 17:15:15,2026-07-25,America/Los_Angeles,disneyland,Disneyland,Main Street U.S.A,14923,Walt Disney - A Magical Life,TRUE,0,2026-07-26T00:10:34.000Z,2026-07-25 17:10:34,https://queue-times.com/parks/16/queue_times.json
2026-07-26T00:15:15.708Z,2026-07-25 17:15:15,2026-07-25,America/Los_Angeles,disneyland,Disneyland,Mickey's Toontown,324,Chip 'n' Dale's GADGETcoaster,TRUE,15,2026-07-26T00:10:34.000Z,2026-07-25 17:10:34,https://queue-times.com/parks/16/queue_times.json
2026-07-26T00:15:15.708Z,2026-07-25 17:15:15,2026-07-25,America/Los_Angeles,disneyland,Disneyland,Mickey's Toontown,13814,Donald's Duck Pond,TRUE,0,2026-07-26T00:10:34.000Z,2026-07-25 17:10:34,https://queue-times.com/parks/16/queue_times.json
2026-07-26T00:15:15.708Z,2026-07-25 17:15:15,2026-07-25,America/Los_Angeles,disneyland,Disneyland,Mickey's Toontown,11980,Goofy's How-to-Play Yard,TRUE,0,2026-07-26T00:10:34.000Z,2026-07-25 17:10:34,https://queue-times.com/parks/16/queue_times.json
2026-07-26T00:15:15.708Z,2026-07-25 17:15:15,2026-07-25,America/Los_Angeles,disneyland,Disneyland,Mickey's Toontown,11526,Mickey & Minnie's Runaway Railway,TRUE,25,2026-07-26T00:10:34.000Z,2026-07-25 17:10:34,https://queue-times.com/parks/16/queue_times.json
2026-07-26T00:15:15.708Z,2026-07-25 17:15:15,2026-07-25,America/Los_Angeles,disneyland,Disneyland,Mickey's Toontown,709,Mickey's House and Meet Mickey Mouse,TRUE,10,2026-07-26T00:10:34.000Z,2026-07-25 17:10:34,https://queue-times.com/parks/16/queue_times.json
2026-07-26T00:15:15.708Z,2026-07-25 17:15:15,2026-07-25,America/Los_Angeles,disneyland,Disneyland,Mickey's Toontown,327,Mickey's House and Meet Mickey Mouse,FALSE,0,2026-07-26T00:10:34.000Z,2026-07-25 17:10:34,https://queue-times.com/parks/16/queue_times.json
2026-07-26T00:15:15.708Z,2026-07-25 17:15:15,2026-07-25,America/Los_Angeles,disneyland,Disneyland,Mickey's Toontown,684,Minnie's House,TRUE,0,2026-07-26T00:10:34.000Z,2026-07-25 17:10:34,https://queue-times.com/parks/16/queue_times.json
2026-07-26T00:15:15.708Z,2026-07-25 17:15:15,2026-07-25,America/Los_Angeles,disneyland,Disneyland,Mickey's Toontown,332,Roger Rabbit's Car Toon Spin,TRUE,40,2026-07-26T00:10:34.000Z,2026-07-25 17:10:34,https://queue-times.com/parks/16/queue_times.json
2026-07-26T00:15:15.708Z,2026-07-25 17:15:15,2026-07-25,America/Los_Angeles,disneyland,Disneyland,New Orleans Square,13958,Haunted Mansion,TRUE,40,2026-07-26T00:10:34.000Z,2026-07-25 17:10:34,https://queue-times.com/parks/16/queue_times.json
2026-07-26T00:15:15.708Z,2026-07-25 17:15:15,2026-07-25,America/Los_Angeles,disneyland,Disneyland,New Orleans Square,289,Pirates of the Caribbean,TRUE,25,2026-07-26T00:10:34.000Z,2026-07-25 17:10:34,https://queue-times.com/parks/16/queue_times.json
2026-07-26T00:15:15.708Z,2026-07-25 17:15:15,2026-07-25,America/Los_Angeles,disneyland,Disneyland,Star Wars: Galaxy's Edge,6339,Millennium Falcon: Smugglers Run,TRUE,35,2026-07-26T00:10:34.000Z,2026-07-25 17:10:34,https://queue-times.com/parks/16/queue_times.json
2026-07-26T00:15:15.708Z,2026-07-25 17:15:15,2026-07-25,America/Los_Angeles,disneyland,Disneyland,Star Wars: Galaxy's Edge,10903,Millennium Falcon: Smugglers Run Single Rider,TRUE,0,2026-07-26T00:10:34.000Z,2026-07-25 17:10:34,https://queue-times.com/parks/16/queue_times.json
2026-07-26T00:15:15.708Z,2026-07-25 17:15:15,2026-07-25,America/Los_Angeles,disneyland,Disneyland,Star Wars: Galaxy's Edge,6340,Star Wars: Rise of the Resistance,TRUE,30,2026-07-26T00:10:34.000Z,2026-07-25 17:10:34,https://queue-times.com/parks/16/queue_times.json
2026-07-26T00:15:15.708Z,2026-07-25 17:15:15,2026-07-25,America/Los_Angeles,disneyland,Disneyland,Tomorrowland,287,Astro Orbitor,TRUE,10,2026-07-26T00:10:34.000Z,2026-07-25 17:10:34,https://queue-times.com/parks/16/queue_times.json
2026-07-26T00:15:15.708Z,2026-07-25 17:15:15,2026-07-25,America/Los_Angeles,disneyland,Disneyland,Tomorrowland,317,Autopia,TRUE,15,2026-07-26T00:10:34.000Z,2026-07-25 17:10:34,https://queue-times.com/parks/16/queue_times.json
2026-07-26T00:15:15.708Z,2026-07-25 17:15:15,2026-07-25,America/Los_Angeles,disneyland,Disneyland,Tomorrowland,273,Buzz Lightyear Astro Blasters,FALSE,0,2026-07-26T00:10:34.000Z,2026-07-25 17:10:34,https://queue-times.com/parks/16/queue_times.json
2026-07-26T00:15:15.708Z,2026-07-25 17:15:15,2026-07-25,America/Los_Angeles,disneyland,Disneyland,Tomorrowland,274,Disneyland Monorail,FALSE,0,2026-07-26T00:10:34.000Z,2026-07-25 17:10:34,https://queue-times.com/parks/16/queue_times.json
2026-07-26T00:15:15.708Z,2026-07-25 17:15:15,2026-07-25,America/Los_Angeles,disneyland,Disneyland,Tomorrowland,276,Finding Nemo Submarine Voyage,TRUE,25,2026-07-26T00:10:34.000Z,2026-07-25 17:10:34,https://queue-times.com/parks/16/queue_times.json
2026-07-26T00:15:15.708Z,2026-07-25 17:15:15,2026-07-25,America/Los_Angeles,disneyland,Disneyland,Tomorrowland,16627,Pixar Short Film Spotlight,FALSE,0,2026-07-26T00:10:34.000Z,2026-07-25 17:10:34,https://queue-times.com/parks/16/queue_times.json
2026-07-26T00:15:15.708Z,2026-07-25 17:15:15,2026-07-25,America/Los_Angeles,disneyland,Disneyland,Tomorrowland,284,Space Mountain,TRUE,45,2026-07-26T00:10:34.000Z,2026-07-25 17:10:34,https://queue-times.com/parks/16/queue_times.json
2026-07-26T00:15:15.708Z,2026-07-25 17:15:15,2026-07-25,America/Los_Angeles,disneyland,Disneyland,Tomorrowland,286,Star Tours - The Adventures Continue,TRUE,10,2026-07-26T00:10:34.000Z,2026-07-25 17:10:34,https://queue-times.com/parks/16/queue_times.json
2026-07-26T00:15:15.708Z,2026-07-25 17:15:15,2026-07-25,America/Los_Angeles,dca,Disney California Adventure,Avengers Campus,329,Guardians of the Galaxy - Mission: BREAKOUT!,TRUE,30,2026-07-26T00:10:47.000Z,2026-07-25 17:10:47,https://queue-times.com/parks/17/queue_times.json
2026-07-26T00:15:15.708Z,2026-07-25 17:15:15,2026-07-25,America/Los_Angeles,dca,Disney California Adventure,Avengers Campus,8843,WEB SLINGERS: A Spider-Man Adventure,TRUE,40,2026-07-26T00:10:47.000Z,2026-07-25 17:10:47,https://queue-times.com/parks/17/queue_times.json
2026-07-26T00:15:15.708Z,2026-07-25 17:15:15,2026-07-25,America/Los_Angeles,dca,Disney California Adventure,Avengers Campus,10907,WEB SLINGERS: A Spider-Man Adventure Single Rider,TRUE,0,2026-07-26T00:10:47.000Z,2026-07-25 17:10:47,https://queue-times.com/parks/17/queue_times.json
2026-07-26T00:15:15.708Z,2026-07-25 17:15:15,2026-07-25,America/Los_Angeles,dca,Disney California Adventure,Cars Land,13961,Luigi's Rollickin' Roadsters,TRUE,5,2026-07-26T00:10:47.000Z,2026-07-25 17:10:47,https://queue-times.com/parks/17/queue_times.json
2026-07-26T00:15:15.708Z,2026-07-25 17:15:15,2026-07-25,America/Los_Angeles,dca,Disney California Adventure,Cars Land,315,Mater's Junkyard Jamboree,TRUE,5,2026-07-26T00:10:47.000Z,2026-07-25 17:10:47,https://queue-times.com/parks/17/queue_times.json
2026-07-26T00:15:15.708Z,2026-07-25 17:15:15,2026-07-25,America/Los_Angeles,dca,Disney California Adventure,Cars Land,295,Radiator Springs Racers,TRUE,40,2026-07-26T00:10:47.000Z,2026-07-25 17:10:47,https://queue-times.com/parks/17/queue_times.json
2026-07-26T00:15:15.708Z,2026-07-25 17:15:15,2026-07-25,America/Los_Angeles,dca,Disney California Adventure,Cars Land,10904,Radiator Springs Racers Single Rider,TRUE,0,2026-07-26T00:10:47.000Z,2026-07-25 17:10:47,https://queue-times.com/parks/17/queue_times.json
2026-07-26T00:15:15.708Z,2026-07-25 17:15:15,2026-07-25,America/Los_Angeles,dca,Disney California Adventure,Grizzly Peak,302,Grizzly River Run,TRUE,40,2026-07-26T00:10:47.000Z,2026-07-25 17:10:47,https://queue-times.com/parks/17/queue_times.json
2026-07-26T00:15:15.708Z,2026-07-25 17:15:15,2026-07-25,America/Los_Angeles,dca,Disney California Adventure,Grizzly Peak,293,Redwood Creek Challenge Trail,TRUE,5,2026-07-26T00:10:47.000Z,2026-07-25 17:10:47,https://queue-times.com/parks/17/queue_times.json
2026-07-26T00:15:15.708Z,2026-07-25 17:15:15,2026-07-25,America/Los_Angeles,dca,Disney California Adventure,Grizzly Peak,17129,Soarin’ Across America,TRUE,50,2026-07-26T00:10:47.000Z,2026-07-25 17:10:47,https://queue-times.com/parks/17/queue_times.json
2026-07-26T00:15:15.708Z,2026-07-25 17:15:15,2026-07-25,America/Los_Angeles,dca,Disney California Adventure,Hollywood Land,321,Animation Academy,TRUE,0,2026-07-26T00:10:47.000Z,2026-07-25 17:10:47,https://queue-times.com/parks/17/queue_times.json
2026-07-26T00:15:15.708Z,2026-07-25 17:15:15,2026-07-25,America/Los_Angeles,dca,Disney California Adventure,Hollywood Land,6440,Mickey's PhilharMagic,TRUE,10,2026-07-26T00:10:47.000Z,2026-07-25 17:10:47,https://queue-times.com/parks/17/queue_times.json
2026-07-26T00:15:15.708Z,2026-07-25 17:15:15,2026-07-25,America/Los_Angeles,dca,Disney California Adventure,Hollywood Land,291,"Monsters, Inc. Mike & Sulley to the Rescue!",TRUE,35,2026-07-26T00:10:47.000Z,2026-07-25 17:10:47,https://queue-times.com/parks/17/queue_times.json
2026-07-26T00:15:15.708Z,2026-07-25 17:15:15,2026-07-25,America/Los_Angeles,dca,Disney California Adventure,Hollywood Land,868,Sorcerer's Workshop,TRUE,0,2026-07-26T00:10:47.000Z,2026-07-25 17:10:47,https://queue-times.com/parks/17/queue_times.json
2026-07-26T00:15:15.708Z,2026-07-25 17:15:15,2026-07-25,America/Los_Angeles,dca,Disney California Adventure,Hollywood Land,294,Turtle Talk with Crush,TRUE,0,2026-07-26T00:10:47.000Z,2026-07-25 17:10:47,https://queue-times.com/parks/17/queue_times.json
2026-07-26T00:15:15.708Z,2026-07-25 17:15:15,2026-07-25,America/Los_Angeles,dca,Disney California Adventure,Pacific Wharf,869,The Bakery Tour,TRUE,0,2026-07-26T00:10:47.000Z,2026-07-25 17:10:47,https://queue-times.com/parks/17/queue_times.json
2026-07-26T00:15:15.708Z,2026-07-25 17:15:15,2026-07-25,America/Los_Angeles,dca,Disney California Adventure,Paradise Gardens Park,298,Golden Zephyr,FALSE,0,2026-07-26T00:10:47.000Z,2026-07-25 17:10:47,https://queue-times.com/parks/17/queue_times.json
2026-07-26T00:15:15.708Z,2026-07-25 17:15:15,2026-07-25,America/Los_Angeles,dca,Disney California Adventure,Paradise Gardens Park,319,Goofy's Sky School,TRUE,30,2026-07-26T00:10:47.000Z,2026-07-25 17:10:47,https://queue-times.com/parks/17/queue_times.json
2026-07-26T00:15:15.708Z,2026-07-25 17:15:15,2026-07-25,America/Los_Angeles,dca,Disney California Adventure,Paradise Gardens Park,301,Silly Symphony Swings,FALSE,0,2026-07-26T00:10:47.000Z,2026-07-25 17:10:47,https://queue-times.com/parks/17/queue_times.json
2026-07-26T00:15:15.708Z,2026-07-25 17:15:15,2026-07-25,America/Los_Angeles,dca,Disney California Adventure,Paradise Gardens Park,316,The Little Mermaid - Ariel's Undersea Adventure,TRUE,20,2026-07-26T00:10:47.000Z,2026-07-25 17:10:47,https://queue-times.com/parks/17/queue_times.json
2026-07-26T00:15:15.708Z,2026-07-25 17:15:15,2026-07-25,America/Los_Angeles,dca,Disney California Adventure,Paradise Gardens Park,14742,World of Color Happiness!,TRUE,0,2026-07-26T00:10:47.000Z,2026-07-25 17:10:47,https://queue-times.com/parks/17/queue_times.json
2026-07-26T00:15:15.708Z,2026-07-25 17:15:15,2026-07-25,America/Los_Angeles,dca,Disney California Adventure,Pixar Pier,866,Games of Pixar Pier,TRUE,5,2026-07-26T00:10:47.000Z,2026-07-25 17:10:47,https://queue-times.com/parks/17/queue_times.json
2026-07-26T00:15:15.708Z,2026-07-25 17:15:15,2026-07-25,America/Los_Angeles,dca,Disney California Adventure,Pixar Pier,322,Incredicoaster,TRUE,25,2026-07-26T00:10:47.000Z,2026-07-25 17:10:47,https://queue-times.com/parks/17/queue_times.json
2026-07-26T00:15:15.708Z,2026-07-25 17:15:15,2026-07-25,America/Los_Angeles,dca,Disney California Adventure,Pixar Pier,10906,Incredicoaster Single Rider,TRUE,0,2026-07-26T00:10:47.000Z,2026-07-25 17:10:47,https://queue-times.com/parks/17/queue_times.json
2026-07-26T00:15:15.708Z,2026-07-25 17:15:15,2026-07-25,America/Los_Angeles,dca,Disney California Adventure,Pixar Pier,6643,Inside Out Emotional Whirlwind,TRUE,15,2026-07-26T00:10:47.000Z,2026-07-25 17:10:47,https://queue-times.com/parks/17/queue_times.json
2026-07-26T00:15:15.708Z,2026-07-25 17:15:15,2026-07-25,America/Los_Angeles,dca,Disney California Adventure,Pixar Pier,310,Jessie's Critter Carousel,TRUE,5,2026-07-26T00:10:47.000Z,2026-07-25 17:10:47,https://queue-times.com/parks/17/queue_times.json
2026-07-26T00:15:15.708Z,2026-07-25 17:15:15,2026-07-25,America/Los_Angeles,dca,Disney California Adventure,Pixar Pier,300,Jumpin' Jellyfish,TRUE,5,2026-07-26T00:10:47.000Z,2026-07-25 17:10:47,https://queue-times.com/parks/17/queue_times.json
2026-07-26T00:15:15.708Z,2026-07-25 17:15:15,2026-07-25,America/Los_Angeles,dca,Disney California Adventure,Pixar Pier,311,Pixar Pal-A-Round - Swinging,TRUE,20,2026-07-26T00:10:47.000Z,2026-07-25 17:10:47,https://queue-times.com/parks/17/queue_times.json
2026-07-26T00:15:15.708Z,2026-07-25 17:15:15,2026-07-25,America/Los_Angeles,dca,Disney California Adventure,Pixar Pier,5557,Pixar Pal-A-Round – Non-Swinging,TRUE,10,2026-07-26T00:10:47.000Z,2026-07-25 17:10:47,https://queue-times.com/parks/17/queue_times.json
2026-07-26T00:15:15.708Z,2026-07-25 17:15:15,2026-07-25,America/Los_Angeles,dca,Disney California Adventure,Pixar Pier,313,Toy Story Midway Mania!,TRUE,50,2026-07-26T00:10:47.000Z,2026-07-25 17:10:47,https://queue-times.com/parks/17/queue_times.json
2026-07-26T00:31:35.309Z,2026-07-25 17:31:35,2026-07-25,America/Los_Angeles,disneyland,Disneyland,Adventureland,12428,Adventureland Treehouse inspired by Walt Disney’s Swiss Family Robinson,TRUE,0,2026-07-26T00:30:36.000Z,2026-07-25 17:30:36,https://queue-times.com/parks/16/queue_times.json
2026-07-26T00:31:35.309Z,2026-07-25 17:31:35,2026-07-25,America/Los_Angeles,disneyland,Disneyland,Adventureland,326,Indiana Jones™ Adventure,TRUE,40,2026-07-26T00:30:36.000Z,2026-07-25 17:30:36,https://queue-times.com/parks/16/queue_times.json
2026-07-26T00:31:35.309Z,2026-07-25 17:31:35,2026-07-25,America/Los_Angeles,disneyland,Disneyland,Adventureland,296,Jungle Cruise,TRUE,5,2026-07-26T00:30:36.000Z,2026-07-25 17:30:36,https://queue-times.com/parks/16/queue_times.json
2026-07-26T00:31:35.309Z,2026-07-25 17:31:35,2026-07-25,America/Los_Angeles,disneyland,Disneyland,Adventureland,288,Walt Disney's Enchanted Tiki Room,TRUE,0,2026-07-26T00:30:36.000Z,2026-07-25 17:30:36,https://queue-times.com/parks/16/queue_times.json
2026-07-26T00:31:35.309Z,2026-07-25 17:31:35,2026-07-25,America/Los_Angeles,disneyland,Disneyland,Bayou Country,304,Davy Crockett's Explorer Canoes,FALSE,0,2026-07-26T00:30:36.000Z,2026-07-25 17:30:36,https://queue-times.com/parks/16/queue_times.json
2026-07-26T00:31:35.309Z,2026-07-25 17:31:35,2026-07-25,America/Los_Angeles,disneyland,Disneyland,Bayou Country,306,The Many Adventures of Winnie the Pooh,TRUE,5,2026-07-26T00:30:36.000Z,2026-07-25 17:30:36,https://queue-times.com/parks/16/queue_times.json
2026-07-26T00:31:35.309Z,2026-07-25 17:31:35,2026-07-25,America/Los_Angeles,disneyland,Disneyland,Bayou Country,14168,Tiana's Bayou Adventure,TRUE,65,2026-07-26T00:30:36.000Z,2026-07-25 17:30:36,https://queue-times.com/parks/16/queue_times.json
2026-07-26T00:31:35.309Z,2026-07-25 17:31:35,2026-07-25,America/Los_Angeles,disneyland,Disneyland,Bayou Country,14326,Tiana's Bayou Adventure Single Rider,TRUE,0,2026-07-26T00:30:36.000Z,2026-07-25 17:30:36,https://queue-times.com/parks/16/queue_times.json
2026-07-26T00:31:35.309Z,2026-07-25 17:31:35,2026-07-25,America/Los_Angeles,disneyland,Disneyland,Fantasyland,307,"""it's a small world""",TRUE,5,2026-07-26T00:30:36.000Z,2026-07-25 17:30:36,https://queue-times.com/parks/16/queue_times.json
2026-07-26T00:31:35.309Z,2026-07-25 17:31:35,2026-07-25,America/Los_Angeles,disneyland,Disneyland,Fantasyland,285,Alice in Wonderland,TRUE,25,2026-07-26T00:30:36.000Z,2026-07-25 17:30:36,https://queue-times.com/parks/16/queue_times.json
2026-07-26T00:31:35.309Z,2026-07-25 17:31:35,2026-07-25,America/Los_Angeles,disneyland,Disneyland,Fantasyland,16254,Bluey’s Best Day Ever! at Fantasyland Theatre,TRUE,0,2026-07-26T00:30:36.000Z,2026-07-25 17:30:36,https://queue-times.com/parks/16/queue_times.json
2026-07-26T00:31:35.309Z,2026-07-25 17:31:35,2026-07-25,America/Los_Angeles,disneyland,Disneyland,Fantasyland,303,Casey Jr. Circus Train,TRUE,5,2026-07-26T00:30:36.000Z,2026-07-25 17:30:36,https://queue-times.com/parks/16/queue_times.json
2026-07-26T00:31:35.309Z,2026-07-25 17:31:35,2026-07-25,America/Los_Angeles,disneyland,Disneyland,Fantasyland,275,Dumbo the Flying Elephant,TRUE,15,2026-07-26T00:30:36.000Z,2026-07-25 17:30:36,https://queue-times.com/parks/16/queue_times.json
2026-07-26T00:31:35.309Z,2026-07-25 17:31:35,2026-07-25,America/Los_Angeles,disneyland,Disneyland,Fantasyland,277,King Arthur Carrousel,TRUE,5,2026-07-26T00:30:36.000Z,2026-07-25 17:30:36,https://queue-times.com/parks/16/queue_times.json
2026-07-26T00:31:35.309Z,2026-07-25 17:31:35,2026-07-25,America/Los_Angeles,disneyland,Disneyland,Fantasyland,278,Mad Tea Party,TRUE,5,2026-07-26T00:30:36.000Z,2026-07-25 17:30:36,https://queue-times.com/parks/16/queue_times.json
2026-07-26T00:31:35.309Z,2026-07-25 17:31:35,2026-07-25,America/Los_Angeles,disneyland,Disneyland,Fantasyland,279,Matterhorn Bobsleds,TRUE,15,2026-07-26T00:30:36.000Z,2026-07-25 17:30:36,https://queue-times.com/parks/16/queue_times.json
2026-07-26T00:31:35.309Z,2026-07-25 17:31:35,2026-07-25,America/Los_Angeles,disneyland,Disneyland,Fantasyland,6711,Meet Disney Princesses at Royal Hall,TRUE,30,2026-07-26T00:30:36.000Z,2026-07-25 17:30:36,https://queue-times.com/parks/16/queue_times.json
2026-07-26T00:31:35.309Z,2026-07-25 17:31:35,2026-07-25,America/Los_Angeles,disneyland,Disneyland,Fantasyland,280,Mr. Toad's Wild Ride,TRUE,15,2026-07-26T00:30:36.000Z,2026-07-25 17:30:36,https://queue-times.com/parks/16/queue_times.json
2026-07-26T00:31:35.309Z,2026-07-25 17:31:35,2026-07-25,America/Los_Angeles,disneyland,Disneyland,Fantasyland,281,Peter Pan's Flight,TRUE,25,2026-07-26T00:30:36.000Z,2026-07-25 17:30:36,https://queue-times.com/parks/16/queue_times.json
2026-07-26T00:31:35.309Z,2026-07-25 17:31:35,2026-07-25,America/Los_Angeles,disneyland,Disneyland,Fantasyland,282,Pinocchio's Daring Journey,TRUE,10,2026-07-26T00:30:36.000Z,2026-07-25 17:30:36,https://queue-times.com/parks/16/queue_times.json
2026-07-26T00:31:35.309Z,2026-07-25 17:31:35,2026-07-25,America/Los_Angeles,disneyland,Disneyland,Fantasyland,687,Sleeping Beauty Castle Walkthrough,FALSE,0,2026-07-26T00:30:36.000Z,2026-07-25 17:30:36,https://queue-times.com/parks/16/queue_times.json
2026-07-26T00:31:35.309Z,2026-07-25 17:31:35,2026-07-25,America/Los_Angeles,disneyland,Disneyland,Fantasyland,283,Snow White's Enchanted Wish,TRUE,10,2026-07-26T00:30:36.000Z,2026-07-25 17:30:36,https://queue-times.com/parks/16/queue_times.json
2026-07-26T00:31:35.309Z,2026-07-25 17:31:35,2026-07-25,America/Los_Angeles,disneyland,Disneyland,Fantasyland,305,Storybook Land Canal Boats,TRUE,10,2026-07-26T00:30:36.000Z,2026-07-25 17:30:36,https://queue-times.com/parks/16/queue_times.json
2026-07-26T00:31:35.309Z,2026-07-25 17:31:35,2026-07-25,America/Los_Angeles,disneyland,Disneyland,Frontierland,323,Big Thunder Mountain Railroad,TRUE,15,2026-07-26T00:30:36.000Z,2026-07-25 17:30:36,https://queue-times.com/parks/16/queue_times.json
2026-07-26T00:31:35.309Z,2026-07-25 17:31:35,2026-07-25,America/Los_Angeles,disneyland,Disneyland,Frontierland,679,Frontierland Shootin' Exposition,FALSE,0,2026-07-26T00:30:36.000Z,2026-07-25 17:30:36,https://queue-times.com/parks/16/queue_times.json
2026-07-26T00:31:35.309Z,2026-07-25 17:31:35,2026-07-25,America/Los_Angeles,disneyland,Disneyland,Frontierland,456,Mark Twain Riverboat,TRUE,10,2026-07-26T00:30:36.000Z,2026-07-25 17:30:36,https://queue-times.com/parks/16/queue_times.json
2026-07-26T00:31:35.309Z,2026-07-25 17:31:35,2026-07-25,America/Los_Angeles,disneyland,Disneyland,Frontierland,331,Pirate's Lair on Tom Sawyer Island,FALSE,0,2026-07-26T00:30:36.000Z,2026-07-25 17:30:36,https://queue-times.com/parks/16/queue_times.json
2026-07-26T00:31:35.309Z,2026-07-25 17:31:35,2026-07-25,America/Los_Angeles,disneyland,Disneyland,Frontierland,328,Sailing Ship Columbia,FALSE,0,2026-07-26T00:30:36.000Z,2026-07-25 17:30:36,https://queue-times.com/parks/16/queue_times.json
2026-07-26T00:31:35.309Z,2026-07-25 17:31:35,2026-07-25,America/Los_Angeles,disneyland,Disneyland,Main Street U.S.A,674,Disneyland Railroad,TRUE,10,2026-07-26T00:30:36.000Z,2026-07-25 17:30:36,https://queue-times.com/parks/16/queue_times.json
2026-07-26T00:31:35.309Z,2026-07-25 17:31:35,2026-07-25,America/Los_Angeles,disneyland,Disneyland,Main Street U.S.A,690,Great Moments with Mr. Lincoln,FALSE,0,2026-07-26T00:30:36.000Z,2026-07-25 17:30:36,https://queue-times.com/parks/16/queue_times.json
2026-07-26T00:31:35.309Z,2026-07-25 17:31:35,2026-07-25,America/Los_Angeles,disneyland,Disneyland,Main Street U.S.A,686,Main Street Cinema,TRUE,0,2026-07-26T00:30:36.000Z,2026-07-25 17:30:36,https://queue-times.com/parks/16/queue_times.json
2026-07-26T00:31:35.309Z,2026-07-25 17:31:35,2026-07-25,America/Los_Angeles,disneyland,Disneyland,Main Street U.S.A,691,Main Street Vehicles,FALSE,0,2026-07-26T00:30:36.000Z,2026-07-25 17:30:36,https://queue-times.com/parks/16/queue_times.json
2026-07-26T00:31:35.309Z,2026-07-25 17:31:35,2026-07-25,America/Los_Angeles,disneyland,Disneyland,Main Street U.S.A,14915,Opera House - Walt Disney - A Magical Life,FALSE,0,2026-07-26T00:30:36.000Z,2026-07-25 17:30:36,https://queue-times.com/parks/16/queue_times.json
2026-07-26T00:31:35.309Z,2026-07-25 17:31:35,2026-07-25,America/Los_Angeles,disneyland,Disneyland,Main Street U.S.A,695,The Disney Gallery,TRUE,0,2026-07-26T00:30:36.000Z,2026-07-25 17:30:36,https://queue-times.com/parks/16/queue_times.json
2026-07-26T00:31:35.309Z,2026-07-25 17:31:35,2026-07-25,America/Los_Angeles,disneyland,Disneyland,Main Street U.S.A,14923,Walt Disney - A Magical Life,FALSE,0,2026-07-26T00:30:36.000Z,2026-07-25 17:30:36,https://queue-times.com/parks/16/queue_times.json
2026-07-26T00:31:35.309Z,2026-07-25 17:31:35,2026-07-25,America/Los_Angeles,disneyland,Disneyland,Mickey's Toontown,324,Chip 'n' Dale's GADGETcoaster,TRUE,20,2026-07-26T00:30:36.000Z,2026-07-25 17:30:36,https://queue-times.com/parks/16/queue_times.json
2026-07-26T00:31:35.309Z,2026-07-25 17:31:35,2026-07-25,America/Los_Angeles,disneyland,Disneyland,Mickey's Toontown,13814,Donald's Duck Pond,TRUE,0,2026-07-26T00:30:36.000Z,2026-07-25 17:30:36,https://queue-times.com/parks/16/queue_times.json
2026-07-26T00:31:35.309Z,2026-07-25 17:31:35,2026-07-25,America/Los_Angeles,disneyland,Disneyland,Mickey's Toontown,11980,Goofy's How-to-Play Yard,TRUE,0,2026-07-26T00:30:36.000Z,2026-07-25 17:30:36,https://queue-times.com/parks/16/queue_times.json
2026-07-26T00:31:35.309Z,2026-07-25 17:31:35,2026-07-25,America/Los_Angeles,disneyland,Disneyland,Mickey's Toontown,11526,Mickey & Minnie's Runaway Railway,TRUE,30,2026-07-26T00:30:36.000Z,2026-07-25 17:30:36,https://queue-times.com/parks/16/queue_times.json
2026-07-26T00:31:35.309Z,2026-07-25 17:31:35,2026-07-25,America/Los_Angeles,disneyland,Disneyland,Mickey's Toontown,709,Mickey's House and Meet Mickey Mouse,TRUE,10,2026-07-26T00:30:36.000Z,2026-07-25 17:30:36,https://queue-times.com/parks/16/queue_times.json
2026-07-26T00:31:35.309Z,2026-07-25 17:31:35,2026-07-25,America/Los_Angeles,disneyland,Disneyland,Mickey's Toontown,327,Mickey's House and Meet Mickey Mouse,FALSE,0,2026-07-26T00:30:36.000Z,2026-07-25 17:30:36,https://queue-times.com/parks/16/queue_times.json
2026-07-26T00:31:35.309Z,2026-07-25 17:31:35,2026-07-25,America/Los_Angeles,disneyland,Disneyland,Mickey's Toontown,684,Minnie's House,TRUE,0,2026-07-26T00:30:36.000Z,2026-07-25 17:30:36,https://queue-times.com/parks/16/queue_times.json
2026-07-26T00:31:35.309Z,2026-07-25 17:31:35,2026-07-25,America/Los_Angeles,disneyland,Disneyland,Mickey's Toontown,332,Roger Rabbit's Car Toon Spin,TRUE,40,2026-07-26T00:30:36.000Z,2026-07-25 17:30:36,https://queue-times.com/parks/16/queue_times.json
2026-07-26T00:31:35.309Z,2026-07-25 17:31:35,2026-07-25,America/Los_Angeles,disneyland,Disneyland,New Orleans Square,13958,Haunted Mansion,TRUE,20,2026-07-26T00:30:36.000Z,2026-07-25 17:30:36,https://queue-times.com/parks/16/queue_times.json
2026-07-26T00:31:35.309Z,2026-07-25 17:31:35,2026-07-25,America/Los_Angeles,disneyland,Disneyland,New Orleans Square,289,Pirates of the Caribbean,TRUE,25,2026-07-26T00:30:36.000Z,2026-07-25 17:30:36,https://queue-times.com/parks/16/queue_times.json
2026-07-26T00:31:35.309Z,2026-07-25 17:31:35,2026-07-25,America/Los_Angeles,disneyland,Disneyland,Star Wars: Galaxy's Edge,6339,Millennium Falcon: Smugglers Run,TRUE,35,2026-07-26T00:30:36.000Z,2026-07-25 17:30:36,https://queue-times.com/parks/16/queue_times.json
2026-07-26T00:31:35.309Z,2026-07-25 17:31:35,2026-07-25,America/Los_Angeles,disneyland,Disneyland,Star Wars: Galaxy's Edge,10903,Millennium Falcon: Smugglers Run Single Rider,TRUE,0,2026-07-26T00:30:36.000Z,2026-07-25 17:30:36,https://queue-times.com/parks/16/queue_times.json
2026-07-26T00:31:35.309Z,2026-07-25 17:31:35,2026-07-25,America/Los_Angeles,disneyland,Disneyland,Star Wars: Galaxy's Edge,6340,Star Wars: Rise of the Resistance,TRUE,60,2026-07-26T00:30:36.000Z,2026-07-25 17:30:36,https://queue-times.com/parks/16/queue_times.json
2026-07-26T00:31:35.309Z,2026-07-25 17:31:35,2026-07-25,America/Los_Angeles,disneyland,Disneyland,Tomorrowland,287,Astro Orbitor,TRUE,10,2026-07-26T00:30:36.000Z,2026-07-25 17:30:36,https://queue-times.com/parks/16/queue_times.json
2026-07-26T00:31:35.309Z,2026-07-25 17:31:35,2026-07-25,America/Los_Angeles,disneyland,Disneyland,Tomorrowland,317,Autopia,TRUE,15,2026-07-26T00:30:36.000Z,2026-07-25 17:30:36,https://queue-times.com/parks/16/queue_times.json
2026-07-26T00:31:35.309Z,2026-07-25 17:31:35,2026-07-25,America/Los_Angeles,disneyland,Disneyland,Tomorrowland,273,Buzz Lightyear Astro Blasters,FALSE,0,2026-07-26T00:30:36.000Z,2026-07-25 17:30:36,https://queue-times.com/parks/16/queue_times.json
2026-07-26T00:31:35.309Z,2026-07-25 17:31:35,2026-07-25,America/Los_Angeles,disneyland,Disneyland,Tomorrowland,274,Disneyland Monorail,FALSE,0,2026-07-26T00:30:36.000Z,2026-07-25 17:30:36,https://queue-times.com/parks/16/queue_times.json
2026-07-26T00:31:35.309Z,2026-07-25 17:31:35,2026-07-25,America/Los_Angeles,disneyland,Disneyland,Tomorrowland,276,Finding Nemo Submarine Voyage,TRUE,30,2026-07-26T00:30:36.000Z,2026-07-25 17:30:36,https://queue-times.com/parks/16/queue_times.json
2026-07-26T00:31:35.309Z,2026-07-25 17:31:35,2026-07-25,America/Los_Angeles,disneyland,Disneyland,Tomorrowland,16627,Pixar Short Film Spotlight,FALSE,0,2026-07-26T00:30:36.000Z,2026-07-25 17:30:36,https://queue-times.com/parks/16/queue_times.json
2026-07-26T00:31:35.309Z,2026-07-25 17:31:35,2026-07-25,America/Los_Angeles,disneyland,Disneyland,Tomorrowland,284,Space Mountain,FALSE,0,2026-07-26T00:30:36.000Z,2026-07-25 17:30:36,https://queue-times.com/parks/16/queue_times.json
2026-07-26T00:31:35.309Z,2026-07-25 17:31:35,2026-07-25,America/Los_Angeles,disneyland,Disneyland,Tomorrowland,286,Star Tours - The Adventures Continue,TRUE,10,2026-07-26T00:30:36.000Z,2026-07-25 17:30:36,https://queue-times.com/parks/16/queue_times.json
2026-07-26T00:31:35.309Z,2026-07-25 17:31:35,2026-07-25,America/Los_Angeles,dca,Disney California Adventure,Avengers Campus,329,Guardians of the Galaxy - Mission: BREAKOUT!,TRUE,50,2026-07-26T00:30:42.000Z,2026-07-25 17:30:42,https://queue-times.com/parks/17/queue_times.json
2026-07-26T00:31:35.309Z,2026-07-25 17:31:35,2026-07-25,America/Los_Angeles,dca,Disney California Adventure,Avengers Campus,8843,WEB SLINGERS: A Spider-Man Adventure,TRUE,40,2026-07-26T00:30:42.000Z,2026-07-25 17:30:42,https://queue-times.com/parks/17/queue_times.json
2026-07-26T00:31:35.309Z,2026-07-25 17:31:35,2026-07-25,America/Los_Angeles,dca,Disney California Adventure,Avengers Campus,10907,WEB SLINGERS: A Spider-Man Adventure Single Rider,TRUE,0,2026-07-26T00:30:42.000Z,2026-07-25 17:30:42,https://queue-times.com/parks/17/queue_times.json
2026-07-26T00:31:35.309Z,2026-07-25 17:31:35,2026-07-25,America/Los_Angeles,dca,Disney California Adventure,Cars Land,13961,Luigi's Rollickin' Roadsters,TRUE,5,2026-07-26T00:30:42.000Z,2026-07-25 17:30:42,https://queue-times.com/parks/17/queue_times.json
2026-07-26T00:31:35.309Z,2026-07-25 17:31:35,2026-07-25,America/Los_Angeles,dca,Disney California Adventure,Cars Land,315,Mater's Junkyard Jamboree,TRUE,5,2026-07-26T00:30:42.000Z,2026-07-25 17:30:42,https://queue-times.com/parks/17/queue_times.json
2026-07-26T00:31:35.309Z,2026-07-25 17:31:35,2026-07-25,America/Los_Angeles,dca,Disney California Adventure,Cars Land,295,Radiator Springs Racers,TRUE,60,2026-07-26T00:30:42.000Z,2026-07-25 17:30:42,https://queue-times.com/parks/17/queue_times.json
2026-07-26T00:31:35.309Z,2026-07-25 17:31:35,2026-07-25,America/Los_Angeles,dca,Disney California Adventure,Cars Land,10904,Radiator Springs Racers Single Rider,TRUE,0,2026-07-26T00:30:42.000Z,2026-07-25 17:30:42,https://queue-times.com/parks/17/queue_times.json
2026-07-26T00:31:35.309Z,2026-07-25 17:31:35,2026-07-25,America/Los_Angeles,dca,Disney California Adventure,Grizzly Peak,302,Grizzly River Run,TRUE,40,2026-07-26T00:30:42.000Z,2026-07-25 17:30:42,https://queue-times.com/parks/17/queue_times.json
2026-07-26T00:31:35.309Z,2026-07-25 17:31:35,2026-07-25,America/Los_Angeles,dca,Disney California Adventure,Grizzly Peak,293,Redwood Creek Challenge Trail,TRUE,5,2026-07-26T00:30:42.000Z,2026-07-25 17:30:42,https://queue-times.com/parks/17/queue_times.json
2026-07-26T00:31:35.309Z,2026-07-25 17:31:35,2026-07-25,America/Los_Angeles,dca,Disney California Adventure,Grizzly Peak,17129,Soarin’ Across America,TRUE,40,2026-07-26T00:30:42.000Z,2026-07-25 17:30:42,https://queue-times.com/parks/17/queue_times.json
2026-07-26T00:31:35.309Z,2026-07-25 17:31:35,2026-07-25,America/Los_Angeles,dca,Disney California Adventure,Hollywood Land,321,Animation Academy,TRUE,0,2026-07-26T00:30:42.000Z,2026-07-25 17:30:42,https://queue-times.com/parks/17/queue_times.json
2026-07-26T00:31:35.309Z,2026-07-25 17:31:35,2026-07-25,America/Los_Angeles,dca,Disney California Adventure,Hollywood Land,6440,Mickey's PhilharMagic,TRUE,10,2026-07-26T00:30:42.000Z,2026-07-25 17:30:42,https://queue-times.com/parks/17/queue_times.json
2026-07-26T00:31:35.309Z,2026-07-25 17:31:35,2026-07-25,America/Los_Angeles,dca,Disney California Adventure,Hollywood Land,291,"Monsters, Inc. Mike & Sulley to the Rescue!",TRUE,35,2026-07-26T00:30:42.000Z,2026-07-25 17:30:42,https://queue-times.com/parks/17/queue_times.json
2026-07-26T00:31:35.309Z,2026-07-25 17:31:35,2026-07-25,America/Los_Angeles,dca,Disney California Adventure,Hollywood Land,868,Sorcerer's Workshop,TRUE,0,2026-07-26T00:30:42.000Z,2026-07-25 17:30:42,https://queue-times.com/parks/17/queue_times.json
2026-07-26T00:31:35.309Z,2026-07-25 17:31:35,2026-07-25,America/Los_Angeles,dca,Disney California Adventure,Hollywood Land,294,Turtle Talk with Crush,TRUE,0,2026-07-26T00:30:42.000Z,2026-07-25 17:30:42,https://queue-times.com/parks/17/queue_times.json
2026-07-26T00:31:35.309Z,2026-07-25 17:31:35,2026-07-25,America/Los_Angeles,dca,Disney California Adventure,Pacific Wharf,869,The Bakery Tour,TRUE,0,2026-07-26T00:30:42.000Z,2026-07-25 17:30:42,https://queue-times.com/parks/17/queue_times.json
2026-07-26T00:31:35.309Z,2026-07-25 17:31:35,2026-07-25,America/Los_Angeles,dca,Disney California Adventure,Paradise Gardens Park,298,Golden Zephyr,FALSE,0,2026-07-26T00:30:42.000Z,2026-07-25 17:30:42,https://queue-times.com/parks/17/queue_times.json
2026-07-26T00:31:35.309Z,2026-07-25 17:31:35,2026-07-25,America/Los_Angeles,dca,Disney California Adventure,Paradise Gardens Park,319,Goofy's Sky School,TRUE,30,2026-07-26T00:30:42.000Z,2026-07-25 17:30:42,https://queue-times.com/parks/17/queue_times.json
2026-07-26T00:31:35.309Z,2026-07-25 17:31:35,2026-07-25,America/Los_Angeles,dca,Disney California Adventure,Paradise Gardens Park,301,Silly Symphony Swings,FALSE,0,2026-07-26T00:30:42.000Z,2026-07-25 17:30:42,https://queue-times.com/parks/17/queue_times.json
2026-07-26T00:31:35.309Z,2026-07-25 17:31:35,2026-07-25,America/Los_Angeles,dca,Disney California Adventure,Paradise Gardens Park,316,The Little Mermaid - Ariel's Undersea Adventure,TRUE,10,2026-07-26T00:30:42.000Z,2026-07-25 17:30:42,https://queue-times.com/parks/17/queue_times.json
2026-07-26T00:31:35.309Z,2026-07-25 17:31:35,2026-07-25,America/Los_Angeles,dca,Disney California Adventure,Paradise Gardens Park,14742,World of Color Happiness!,TRUE,0,2026-07-26T00:30:42.000Z,2026-07-25 17:30:42,https://queue-times.com/parks/17/queue_times.json
2026-07-26T00:31:35.309Z,2026-07-25 17:31:35,2026-07-25,America/Los_Angeles,dca,Disney California Adventure,Pixar Pier,866,Games of Pixar Pier,TRUE,5,2026-07-26T00:30:42.000Z,2026-07-25 17:30:42,https://queue-times.com/parks/17/queue_times.json
2026-07-26T00:31:35.309Z,2026-07-25 17:31:35,2026-07-25,America/Los_Angeles,dca,Disney California Adventure,Pixar Pier,322,Incredicoaster,TRUE,25,2026-07-26T00:30:42.000Z,2026-07-25 17:30:42,https://queue-times.com/parks/17/queue_times.json
2026-07-26T00:31:35.309Z,2026-07-25 17:31:35,2026-07-25,America/Los_Angeles,dca,Disney California Adventure,Pixar Pier,10906,Incredicoaster Single Rider,TRUE,0,2026-07-26T00:30:42.000Z,2026-07-25 17:30:42,https://queue-times.com/parks/17/queue_times.json
2026-07-26T00:31:35.309Z,2026-07-25 17:31:35,2026-07-25,America/Los_Angeles,dca,Disney California Adventure,Pixar Pier,6643,Inside Out Emotional Whirlwind,TRUE,15,2026-07-26T00:30:42.000Z,2026-07-25 17:30:42,https://queue-times.com/parks/17/queue_times.json
2026-07-26T00:31:35.309Z,2026-07-25 17:31:35,2026-07-25,America/Los_Angeles,dca,Disney California Adventure,Pixar Pier,310,Jessie's Critter Carousel,TRUE,5,2026-07-26T00:30:42.000Z,2026-07-25 17:30:42,https://queue-times.com/parks/17/queue_times.json
2026-07-26T00:31:35.309Z,2026-07-25 17:31:35,2026-07-25,America/Los_Angeles,dca,Disney California Adventure,Pixar Pier,300,Jumpin' Jellyfish,TRUE,5,2026-07-26T00:30:42.000Z,2026-07-25 17:30:42,https://queue-times.com/parks/17/queue_times.json
2026-07-26T00:31:35.309Z,2026-07-25 17:31:35,2026-07-25,America/Los_Angeles,dca,Disney California Adventure,Pixar Pier,311,Pixar Pal-A-Round - Swinging,TRUE,20,2026-07-26T00:30:42.000Z,2026-07-25 17:30:42,https://queue-times.com/parks/17/queue_times.json
2026-07-26T00:31:35.309Z,2026-07-25 17:31:35,2026-07-25,America/Los_Angeles,dca,Disney California Adventure,Pixar Pier,5557,Pixar Pal-A-Round – Non-Swinging,TRUE,10,2026-07-26T00:30:42.000Z,2026-07-25 17:30:42,https://queue-times.com/parks/17/queue_times.json
2026-07-26T00:31:35.309Z,2026-07-25 17:31:35,2026-07-25,America/Los_Angeles,dca,Disney California Adventure,Pixar Pier,313,Toy Story Midway Mania!,TRUE,45,2026-07-26T00:30:42.000Z,2026-07-25 17:30:42,https://queue-times.com/parks/17/queue_times.json
2026-07-26T00:45:16.573Z,2026-07-25 17:45:16,2026-07-25,America/Los_Angeles,disneyland,Disneyland,Adventureland,12428,Adventureland Treehouse inspired by Walt Disney’s Swiss Family Robinson,TRUE,0,2026-07-26T00:41:11.000Z,2026-07-25 17:41:11,https://queue-times.com/parks/16/queue_times.json
2026-07-26T00:45:16.573Z,2026-07-25 17:45:16,2026-07-25,America/Los_Angeles,disneyland,Disneyland,Adventureland,326,Indiana Jones™ Adventure,TRUE,45,2026-07-26T00:41:11.000Z,2026-07-25 17:41:11,https://queue-times.com/parks/16/queue_times.json
2026-07-26T00:45:16.573Z,2026-07-25 17:45:16,2026-07-25,America/Los_Angeles,disneyland,Disneyland,Adventureland,296,Jungle Cruise,TRUE,5,2026-07-26T00:41:11.000Z,2026-07-25 17:41:11,https://queue-times.com/parks/16/queue_times.json
2026-07-26T00:45:16.573Z,2026-07-25 17:45:16,2026-07-25,America/Los_Angeles,disneyland,Disneyland,Adventureland,288,Walt Disney's Enchanted Tiki Room,TRUE,0,2026-07-26T00:41:11.000Z,2026-07-25 17:41:11,https://queue-times.com/parks/16/queue_times.json
2026-07-26T00:45:16.573Z,2026-07-25 17:45:16,2026-07-25,America/Los_Angeles,disneyland,Disneyland,Bayou Country,304,Davy Crockett's Explorer Canoes,FALSE,0,2026-07-26T00:41:11.000Z,2026-07-25 17:41:11,https://queue-times.com/parks/16/queue_times.json
2026-07-26T00:45:16.573Z,2026-07-25 17:45:16,2026-07-25,America/Los_Angeles,disneyland,Disneyland,Bayou Country,306,The Many Adventures of Winnie the Pooh,TRUE,5,2026-07-26T00:41:11.000Z,2026-07-25 17:41:11,https://queue-times.com/parks/16/queue_times.json
2026-07-26T00:45:16.573Z,2026-07-25 17:45:16,2026-07-25,America/Los_Angeles,disneyland,Disneyland,Bayou Country,14168,Tiana's Bayou Adventure,TRUE,65,2026-07-26T00:41:11.000Z,2026-07-25 17:41:11,https://queue-times.com/parks/16/queue_times.json
2026-07-26T00:45:16.573Z,2026-07-25 17:45:16,2026-07-25,America/Los_Angeles,disneyland,Disneyland,Bayou Country,14326,Tiana's Bayou Adventure Single Rider,TRUE,0,2026-07-26T00:41:11.000Z,2026-07-25 17:41:11,https://queue-times.com/parks/16/queue_times.json
2026-07-26T00:45:16.573Z,2026-07-25 17:45:16,2026-07-25,America/Los_Angeles,disneyland,Disneyland,Fantasyland,307,"""it's a small world""",TRUE,5,2026-07-26T00:41:11.000Z,2026-07-25 17:41:11,https://queue-times.com/parks/16/queue_times.json
2026-07-26T00:45:16.573Z,2026-07-25 17:45:16,2026-07-25,America/Los_Angeles,disneyland,Disneyland,Fantasyland,285,Alice in Wonderland,TRUE,25,2026-07-26T00:41:11.000Z,2026-07-25 17:41:11,https://queue-times.com/parks/16/queue_times.json
2026-07-26T00:45:16.573Z,2026-07-25 17:45:16,2026-07-25,America/Los_Angeles,disneyland,Disneyland,Fantasyland,16254,Bluey’s Best Day Ever! at Fantasyland Theatre,TRUE,0,2026-07-26T00:41:11.000Z,2026-07-25 17:41:11,https://queue-times.com/parks/16/queue_times.json
2026-07-26T00:45:16.573Z,2026-07-25 17:45:16,2026-07-25,America/Los_Angeles,disneyland,Disneyland,Fantasyland,303,Casey Jr. Circus Train,TRUE,5,2026-07-26T00:41:11.000Z,2026-07-25 17:41:11,https://queue-times.com/parks/16/queue_times.json
2026-07-26T00:45:16.573Z,2026-07-25 17:45:16,2026-07-25,America/Los_Angeles,disneyland,Disneyland,Fantasyland,275,Dumbo the Flying Elephant,TRUE,15,2026-07-26T00:41:11.000Z,2026-07-25 17:41:11,https://queue-times.com/parks/16/queue_times.json
2026-07-26T00:45:16.573Z,2026-07-25 17:45:16,2026-07-25,America/Los_Angeles,disneyland,Disneyland,Fantasyland,277,King Arthur Carrousel,TRUE,5,2026-07-26T00:41:11.000Z,2026-07-25 17:41:11,https://queue-times.com/parks/16/queue_times.json
2026-07-26T00:45:16.573Z,2026-07-25 17:45:16,2026-07-25,America/Los_Angeles,disneyland,Disneyland,Fantasyland,278,Mad Tea Party,TRUE,5,2026-07-26T00:41:11.000Z,2026-07-25 17:41:11,https://queue-times.com/parks/16/queue_times.json
2026-07-26T00:45:16.573Z,2026-07-25 17:45:16,2026-07-25,America/Los_Angeles,disneyland,Disneyland,Fantasyland,279,Matterhorn Bobsleds,TRUE,25,2026-07-26T00:41:11.000Z,2026-07-25 17:41:11,https://queue-times.com/parks/16/queue_times.json
2026-07-26T00:45:16.573Z,2026-07-25 17:45:16,2026-07-25,America/Los_Angeles,disneyland,Disneyland,Fantasyland,6711,Meet Disney Princesses at Royal Hall,TRUE,30,2026-07-26T00:41:11.000Z,2026-07-25 17:41:11,https://queue-times.com/parks/16/queue_times.json
2026-07-26T00:45:16.573Z,2026-07-25 17:45:16,2026-07-25,America/Los_Angeles,disneyland,Disneyland,Fantasyland,280,Mr. Toad's Wild Ride,TRUE,15,2026-07-26T00:41:11.000Z,2026-07-25 17:41:11,https://queue-times.com/parks/16/queue_times.json
2026-07-26T00:45:16.573Z,2026-07-25 17:45:16,2026-07-25,America/Los_Angeles,disneyland,Disneyland,Fantasyland,281,Peter Pan's Flight,TRUE,25,2026-07-26T00:41:11.000Z,2026-07-25 17:41:11,https://queue-times.com/parks/16/queue_times.json
2026-07-26T00:45:16.573Z,2026-07-25 17:45:16,2026-07-25,America/Los_Angeles,disneyland,Disneyland,Fantasyland,282,Pinocchio's Daring Journey,TRUE,10,2026-07-26T00:41:11.000Z,2026-07-25 17:41:11,https://queue-times.com/parks/16/queue_times.json
2026-07-26T00:45:16.573Z,2026-07-25 17:45:16,2026-07-25,America/Los_Angeles,disneyland,Disneyland,Fantasyland,687,Sleeping Beauty Castle Walkthrough,FALSE,0,2026-07-26T00:41:11.000Z,2026-07-25 17:41:11,https://queue-times.com/parks/16/queue_times.json
2026-07-26T00:45:16.573Z,2026-07-25 17:45:16,2026-07-25,America/Los_Angeles,disneyland,Disneyland,Fantasyland,283,Snow White's Enchanted Wish,TRUE,10,2026-07-26T00:41:11.000Z,2026-07-25 17:41:11,https://queue-times.com/parks/16/queue_times.json
2026-07-26T00:45:16.573Z,2026-07-25 17:45:16,2026-07-25,America/Los_Angeles,disneyland,Disneyland,Fantasyland,305,Storybook Land Canal Boats,TRUE,10,2026-07-26T00:41:11.000Z,2026-07-25 17:41:11,https://queue-times.com/parks/16/queue_times.json
2026-07-26T00:45:16.573Z,2026-07-25 17:45:16,2026-07-25,America/Los_Angeles,disneyland,Disneyland,Frontierland,323,Big Thunder Mountain Railroad,TRUE,20,2026-07-26T00:41:11.000Z,2026-07-25 17:41:11,https://queue-times.com/parks/16/queue_times.json
2026-07-26T00:45:16.573Z,2026-07-25 17:45:16,2026-07-25,America/Los_Angeles,disneyland,Disneyland,Frontierland,679,Frontierland Shootin' Exposition,FALSE,0,2026-07-26T00:41:11.000Z,2026-07-25 17:41:11,https://queue-times.com/parks/16/queue_times.json
2026-07-26T00:45:16.573Z,2026-07-25 17:45:16,2026-07-25,America/Los_Angeles,disneyland,Disneyland,Frontierland,456,Mark Twain Riverboat,FALSE,0,2026-07-26T00:41:11.000Z,2026-07-25 17:41:11,https://queue-times.com/parks/16/queue_times.json
2026-07-26T00:45:16.573Z,2026-07-25 17:45:16,2026-07-25,America/Los_Angeles,disneyland,Disneyland,Frontierland,331,Pirate's Lair on Tom Sawyer Island,FALSE,0,2026-07-26T00:41:11.000Z,2026-07-25 17:41:11,https://queue-times.com/parks/16/queue_times.json
2026-07-26T00:45:16.573Z,2026-07-25 17:45:16,2026-07-25,America/Los_Angeles,disneyland,Disneyland,Frontierland,328,Sailing Ship Columbia,FALSE,0,2026-07-26T00:41:11.000Z,2026-07-25 17:41:11,https://queue-times.com/parks/16/queue_times.json
2026-07-26T00:45:16.573Z,2026-07-25 17:45:16,2026-07-25,America/Los_Angeles,disneyland,Disneyland,Main Street U.S.A,674,Disneyland Railroad,TRUE,10,2026-07-26T00:41:11.000Z,2026-07-25 17:41:11,https://queue-times.com/parks/16/queue_times.json
2026-07-26T00:45:16.573Z,2026-07-25 17:45:16,2026-07-25,America/Los_Angeles,disneyland,Disneyland,Main Street U.S.A,690,Great Moments with Mr. Lincoln,FALSE,0,2026-07-26T00:41:11.000Z,2026-07-25 17:41:11,https://queue-times.com/parks/16/queue_times.json
2026-07-26T00:45:16.573Z,2026-07-25 17:45:16,2026-07-25,America/Los_Angeles,disneyland,Disneyland,Main Street U.S.A,686,Main Street Cinema,TRUE,0,2026-07-26T00:41:11.000Z,2026-07-25 17:41:11,https://queue-times.com/parks/16/queue_times.json
2026-07-26T00:45:16.573Z,2026-07-25 17:45:16,2026-07-25,America/Los_Angeles,disneyland,Disneyland,Main Street U.S.A,691,Main Street Vehicles,FALSE,0,2026-07-26T00:41:11.000Z,2026-07-25 17:41:11,https://queue-times.com/parks/16/queue_times.json
2026-07-26T00:45:16.573Z,2026-07-25 17:45:16,2026-07-25,America/Los_Angeles,disneyland,Disneyland,Main Street U.S.A,14915,Opera House - Walt Disney - A Magical Life,FALSE,0,2026-07-26T00:41:11.000Z,2026-07-25 17:41:11,https://queue-times.com/parks/16/queue_times.json
2026-07-26T00:45:16.573Z,2026-07-25 17:45:16,2026-07-25,America/Los_Angeles,disneyland,Disneyland,Main Street U.S.A,695,The Disney Gallery,TRUE,0,2026-07-26T00:41:11.000Z,2026-07-25 17:41:11,https://queue-times.com/parks/16/queue_times.json
2026-07-26T00:45:16.573Z,2026-07-25 17:45:16,2026-07-25,America/Los_Angeles,disneyland,Disneyland,Main Street U.S.A,14923,Walt Disney - A Magical Life,FALSE,0,2026-07-26T00:41:11.000Z,2026-07-25 17:41:11,https://queue-times.com/parks/16/queue_times.json
2026-07-26T00:45:16.573Z,2026-07-25 17:45:16,2026-07-25,America/Los_Angeles,disneyland,Disneyland,Mickey's Toontown,324,Chip 'n' Dale's GADGETcoaster,TRUE,25,2026-07-26T00:41:11.000Z,2026-07-25 17:41:11,https://queue-times.com/parks/16/queue_times.json
2026-07-26T00:45:16.573Z,2026-07-25 17:45:16,2026-07-25,America/Los_Angeles,disneyland,Disneyland,Mickey's Toontown,13814,Donald's Duck Pond,TRUE,0,2026-07-26T00:41:11.000Z,2026-07-25 17:41:11,https://queue-times.com/parks/16/queue_times.json
2026-07-26T00:45:16.573Z,2026-07-25 17:45:16,2026-07-25,America/Los_Angeles,disneyland,Disneyland,Mickey's Toontown,11980,Goofy's How-to-Play Yard,TRUE,0,2026-07-26T00:41:11.000Z,2026-07-25 17:41:11,https://queue-times.com/parks/16/queue_times.json
2026-07-26T00:45:16.573Z,2026-07-25 17:45:16,2026-07-25,America/Los_Angeles,disneyland,Disneyland,Mickey's Toontown,11526,Mickey & Minnie's Runaway Railway,TRUE,30,2026-07-26T00:41:11.000Z,2026-07-25 17:41:11,https://queue-times.com/parks/16/queue_times.json
2026-07-26T00:45:16.573Z,2026-07-25 17:45:16,2026-07-25,America/Los_Angeles,disneyland,Disneyland,Mickey's Toontown,709,Mickey's House and Meet Mickey Mouse,TRUE,10,2026-07-26T00:41:11.000Z,2026-07-25 17:41:11,https://queue-times.com/parks/16/queue_times.json
2026-07-26T00:45:16.573Z,2026-07-25 17:45:16,2026-07-25,America/Los_Angeles,disneyland,Disneyland,Mickey's Toontown,327,Mickey's House and Meet Mickey Mouse,FALSE,0,2026-07-26T00:41:11.000Z,2026-07-25 17:41:11,https://queue-times.com/parks/16/queue_times.json
2026-07-26T00:45:16.573Z,2026-07-25 17:45:16,2026-07-25,America/Los_Angeles,disneyland,Disneyland,Mickey's Toontown,684,Minnie's House,TRUE,0,2026-07-26T00:41:11.000Z,2026-07-25 17:41:11,https://queue-times.com/parks/16/queue_times.json
2026-07-26T00:45:16.573Z,2026-07-25 17:45:16,2026-07-25,America/Los_Angeles,disneyland,Disneyland,Mickey's Toontown,332,Roger Rabbit's Car Toon Spin,TRUE,40,2026-07-26T00:41:11.000Z,2026-07-25 17:41:11,https://queue-times.com/parks/16/queue_times.json
2026-07-26T00:45:16.573Z,2026-07-25 17:45:16,2026-07-25,America/Los_Angeles,disneyland,Disneyland,New Orleans Square,13958,Haunted Mansion,TRUE,25,2026-07-26T00:41:11.000Z,2026-07-25 17:41:11,https://queue-times.com/parks/16/queue_times.json
2026-07-26T00:45:16.573Z,2026-07-25 17:45:16,2026-07-25,America/Los_Angeles,disneyland,Disneyland,New Orleans Square,289,Pirates of the Caribbean,TRUE,25,2026-07-26T00:41:11.000Z,2026-07-25 17:41:11,https://queue-times.com/parks/16/queue_times.json
2026-07-26T00:45:16.573Z,2026-07-25 17:45:16,2026-07-25,America/Los_Angeles,disneyland,Disneyland,Star Wars: Galaxy's Edge,6339,Millennium Falcon: Smugglers Run,TRUE,35,2026-07-26T00:41:11.000Z,2026-07-25 17:41:11,https://queue-times.com/parks/16/queue_times.json
2026-07-26T00:45:16.573Z,2026-07-25 17:45:16,2026-07-25,America/Los_Angeles,disneyland,Disneyland,Star Wars: Galaxy's Edge,10903,Millennium Falcon: Smugglers Run Single Rider,TRUE,0,2026-07-26T00:41:11.000Z,2026-07-25 17:41:11,https://queue-times.com/parks/16/queue_times.json
2026-07-26T00:45:16.573Z,2026-07-25 17:45:16,2026-07-25,America/Los_Angeles,disneyland,Disneyland,Star Wars: Galaxy's Edge,6340,Star Wars: Rise of the Resistance,TRUE,60,2026-07-26T00:41:11.000Z,2026-07-25 17:41:11,https://queue-times.com/parks/16/queue_times.json
2026-07-26T00:45:16.573Z,2026-07-25 17:45:16,2026-07-25,America/Los_Angeles,disneyland,Disneyland,Tomorrowland,287,Astro Orbitor,TRUE,10,2026-07-26T00:41:11.000Z,2026-07-25 17:41:11,https://queue-times.com/parks/16/queue_times.json
2026-07-26T00:45:16.573Z,2026-07-25 17:45:16,2026-07-25,America/Los_Angeles,disneyland,Disneyland,Tomorrowland,317,Autopia,TRUE,15,2026-07-26T00:41:11.000Z,2026-07-25 17:41:11,https://queue-times.com/parks/16/queue_times.json
2026-07-26T00:45:16.573Z,2026-07-25 17:45:16,2026-07-25,America/Los_Angeles,disneyland,Disneyland,Tomorrowland,273,Buzz Lightyear Astro Blasters,TRUE,10,2026-07-26T00:41:11.000Z,2026-07-25 17:41:11,https://queue-times.com/parks/16/queue_times.json
2026-07-26T00:45:16.573Z,2026-07-25 17:45:16,2026-07-25,America/Los_Angeles,disneyland,Disneyland,Tomorrowland,274,Disneyland Monorail,FALSE,0,2026-07-26T00:41:11.000Z,2026-07-25 17:41:11,https://queue-times.com/parks/16/queue_times.json
2026-07-26T00:45:16.573Z,2026-07-25 17:45:16,2026-07-25,America/Los_Angeles,disneyland,Disneyland,Tomorrowland,276,Finding Nemo Submarine Voyage,TRUE,35,2026-07-26T00:41:11.000Z,2026-07-25 17:41:11,https://queue-times.com/parks/16/queue_times.json
2026-07-26T00:45:16.573Z,2026-07-25 17:45:16,2026-07-25,America/Los_Angeles,disneyland,Disneyland,Tomorrowland,16627,Pixar Short Film Spotlight,FALSE,0,2026-07-26T00:41:11.000Z,2026-07-25 17:41:11,https://queue-times.com/parks/16/queue_times.json
2026-07-26T00:45:16.573Z,2026-07-25 17:45:16,2026-07-25,America/Los_Angeles,disneyland,Disneyland,Tomorrowland,284,Space Mountain,FALSE,0,2026-07-26T00:41:11.000Z,2026-07-25 17:41:11,https://queue-times.com/parks/16/queue_times.json
2026-07-26T00:45:16.573Z,2026-07-25 17:45:16,2026-07-25,America/Los_Angeles,disneyland,Disneyland,Tomorrowland,286,Star Tours - The Adventures Continue,TRUE,10,2026-07-26T00:41:11.000Z,2026-07-25 17:41:11,https://queue-times.com/parks/16/queue_times.json
2026-07-26T00:45:16.573Z,2026-07-25 17:45:16,2026-07-25,America/Los_Angeles,dca,Disney California Adventure,Avengers Campus,329,Guardians of the Galaxy - Mission: BREAKOUT!,TRUE,45,2026-07-26T00:41:16.000Z,2026-07-25 17:41:16,https://queue-times.com/parks/17/queue_times.json
2026-07-26T00:45:16.573Z,2026-07-25 17:45:16,2026-07-25,America/Los_Angeles,dca,Disney California Adventure,Avengers Campus,8843,WEB SLINGERS: A Spider-Man Adventure,TRUE,45,2026-07-26T00:41:16.000Z,2026-07-25 17:41:16,https://queue-times.com/parks/17/queue_times.json
2026-07-26T00:45:16.573Z,2026-07-25 17:45:16,2026-07-25,America/Los_Angeles,dca,Disney California Adventure,Avengers Campus,10907,WEB SLINGERS: A Spider-Man Adventure Single Rider,TRUE,0,2026-07-26T00:41:16.000Z,2026-07-25 17:41:16,https://queue-times.com/parks/17/queue_times.json
2026-07-26T00:45:16.573Z,2026-07-25 17:45:16,2026-07-25,America/Los_Angeles,dca,Disney California Adventure,Cars Land,13961,Luigi's Rollickin' Roadsters,TRUE,5,2026-07-26T00:41:16.000Z,2026-07-25 17:41:16,https://queue-times.com/parks/17/queue_times.json
2026-07-26T00:45:16.573Z,2026-07-25 17:45:16,2026-07-25,America/Los_Angeles,dca,Disney California Adventure,Cars Land,315,Mater's Junkyard Jamboree,TRUE,5,2026-07-26T00:41:16.000Z,2026-07-25 17:41:16,https://queue-times.com/parks/17/queue_times.json
2026-07-26T00:45:16.573Z,2026-07-25 17:45:16,2026-07-25,America/Los_Angeles,dca,Disney California Adventure,Cars Land,295,Radiator Springs Racers,TRUE,55,2026-07-26T00:41:16.000Z,2026-07-25 17:41:16,https://queue-times.com/parks/17/queue_times.json
2026-07-26T00:45:16.573Z,2026-07-25 17:45:16,2026-07-25,America/Los_Angeles,dca,Disney California Adventure,Cars Land,10904,Radiator Springs Racers Single Rider,TRUE,0,2026-07-26T00:41:16.000Z,2026-07-25 17:41:16,https://queue-times.com/parks/17/queue_times.json
2026-07-26T00:45:16.573Z,2026-07-25 17:45:16,2026-07-25,America/Los_Angeles,dca,Disney California Adventure,Grizzly Peak,302,Grizzly River Run,TRUE,30,2026-07-26T00:41:16.000Z,2026-07-25 17:41:16,https://queue-times.com/parks/17/queue_times.json
2026-07-26T00:45:16.573Z,2026-07-25 17:45:16,2026-07-25,America/Los_Angeles,dca,Disney California Adventure,Grizzly Peak,293,Redwood Creek Challenge Trail,TRUE,5,2026-07-26T00:41:16.000Z,2026-07-25 17:41:16,https://queue-times.com/parks/17/queue_times.json
2026-07-26T00:45:16.573Z,2026-07-25 17:45:16,2026-07-25,America/Los_Angeles,dca,Disney California Adventure,Grizzly Peak,17129,Soarin’ Across America,TRUE,40,2026-07-26T00:41:16.000Z,2026-07-25 17:41:16,https://queue-times.com/parks/17/queue_times.json
2026-07-26T00:45:16.573Z,2026-07-25 17:45:16,2026-07-25,America/Los_Angeles,dca,Disney California Adventure,Hollywood Land,321,Animation Academy,TRUE,0,2026-07-26T00:41:16.000Z,2026-07-25 17:41:16,https://queue-times.com/parks/17/queue_times.json
2026-07-26T00:45:16.573Z,2026-07-25 17:45:16,2026-07-25,America/Los_Angeles,dca,Disney California Adventure,Hollywood Land,6440,Mickey's PhilharMagic,TRUE,10,2026-07-26T00:41:16.000Z,2026-07-25 17:41:16,https://queue-times.com/parks/17/queue_times.json
2026-07-26T00:45:16.573Z,2026-07-25 17:45:16,2026-07-25,America/Los_Angeles,dca,Disney California Adventure,Hollywood Land,291,"Monsters, Inc. Mike & Sulley to the Rescue!",TRUE,35,2026-07-26T00:41:16.000Z,2026-07-25 17:41:16,https://queue-times.com/parks/17/queue_times.json
2026-07-26T00:45:16.573Z,2026-07-25 17:45:16,2026-07-25,America/Los_Angeles,dca,Disney California Adventure,Hollywood Land,868,Sorcerer's Workshop,TRUE,0,2026-07-26T00:41:16.000Z,2026-07-25 17:41:16,https://queue-times.com/parks/17/queue_times.json
2026-07-26T00:45:16.573Z,2026-07-25 17:45:16,2026-07-25,America/Los_Angeles,dca,Disney California Adventure,Hollywood Land,294,Turtle Talk with Crush,TRUE,0,2026-07-26T00:41:16.000Z,2026-07-25 17:41:16,https://queue-times.com/parks/17/queue_times.json
2026-07-26T00:45:16.573Z,2026-07-25 17:45:16,2026-07-25,America/Los_Angeles,dca,Disney California Adventure,Pacific Wharf,869,The Bakery Tour,TRUE,0,2026-07-26T00:41:16.000Z,2026-07-25 17:41:16,https://queue-times.com/parks/17/queue_times.json
2026-07-26T00:45:16.573Z,2026-07-25 17:45:16,2026-07-25,America/Los_Angeles,dca,Disney California Adventure,Paradise Gardens Park,298,Golden Zephyr,FALSE,0,2026-07-26T00:41:16.000Z,2026-07-25 17:41:16,https://queue-times.com/parks/17/queue_times.json
2026-07-26T00:45:16.573Z,2026-07-25 17:45:16,2026-07-25,America/Los_Angeles,dca,Disney California Adventure,Paradise Gardens Park,319,Goofy's Sky School,TRUE,30,2026-07-26T00:41:16.000Z,2026-07-25 17:41:16,https://queue-times.com/parks/17/queue_times.json
2026-07-26T00:45:16.573Z,2026-07-25 17:45:16,2026-07-25,America/Los_Angeles,dca,Disney California Adventure,Paradise Gardens Park,301,Silly Symphony Swings,FALSE,0,2026-07-26T00:41:16.000Z,2026-07-25 17:41:16,https://queue-times.com/parks/17/queue_times.json
2026-07-26T00:45:16.573Z,2026-07-25 17:45:16,2026-07-25,America/Los_Angeles,dca,Disney California Adventure,Paradise Gardens Park,316,The Little Mermaid - Ariel's Undersea Adventure,TRUE,5,2026-07-26T00:41:16.000Z,2026-07-25 17:41:16,https://queue-times.com/parks/17/queue_times.json
2026-07-26T00:45:16.573Z,2026-07-25 17:45:16,2026-07-25,America/Los_Angeles,dca,Disney California Adventure,Paradise Gardens Park,14742,World of Color Happiness!,TRUE,0,2026-07-26T00:41:16.000Z,2026-07-25 17:41:16,https://queue-times.com/parks/17/queue_times.json
2026-07-26T00:45:16.573Z,2026-07-25 17:45:16,2026-07-25,America/Los_Angeles,dca,Disney California Adventure,Pixar Pier,866,Games of Pixar Pier,TRUE,5,2026-07-26T00:41:16.000Z,2026-07-25 17:41:16,https://queue-times.com/parks/17/queue_times.json
2026-07-26T00:45:16.573Z,2026-07-25 17:45:16,2026-07-25,America/Los_Angeles,dca,Disney California Adventure,Pixar Pier,322,Incredicoaster,TRUE,25,2026-07-26T00:41:16.000Z,2026-07-25 17:41:16,https://queue-times.com/parks/17/queue_times.json
2026-07-26T00:45:16.573Z,2026-07-25 17:45:16,2026-07-25,America/Los_Angeles,dca,Disney California Adventure,Pixar Pier,10906,Incredicoaster Single Rider,TRUE,0,2026-07-26T00:41:16.000Z,2026-07-25 17:41:16,https://queue-times.com/parks/17/queue_times.json
2026-07-26T00:45:16.573Z,2026-07-25 17:45:16,2026-07-25,America/Los_Angeles,dca,Disney California Adventure,Pixar Pier,6643,Inside Out Emotional Whirlwind,TRUE,15,2026-07-26T00:41:16.000Z,2026-07-25 17:41:16,https://queue-times.com/parks/17/queue_times.json
2026-07-26T00:45:16.573Z,2026-07-25 17:45:16,2026-07-25,America/Los_Angeles,dca,Disney California Adventure,Pixar Pier,310,Jessie's Critter Carousel,TRUE,5,2026-07-26T00:41:16.000Z,2026-07-25 17:41:16,https://queue-times.com/parks/17/queue_times.json
2026-07-26T00:45:16.573Z,2026-07-25 17:45:16,2026-07-25,America/Los_Angeles,dca,Disney California Adventure,Pixar Pier,300,Jumpin' Jellyfish,TRUE,5,2026-07-26T00:41:16.000Z,2026-07-25 17:41:16,https://queue-times.com/parks/17/queue_times.json
2026-07-26T00:45:16.573Z,2026-07-25 17:45:16,2026-07-25,America/Los_Angeles,dca,Disney California Adventure,Pixar Pier,311,Pixar Pal-A-Round - Swinging,TRUE,20,2026-07-26T00:41:16.000Z,2026-07-25 17:41:16,https://queue-times.com/parks/17/queue_times.json
2026-07-26T00:45:16.573Z,2026-07-25 17:45:16,2026-07-25,America/Los_Angeles,dca,Disney California Adventure,Pixar Pier,5557,Pixar Pal-A-Round – Non-Swinging,TRUE,15,2026-07-26T00:41:16.000Z,2026-07-25 17:41:16,https://queue-times.com/parks/17/queue_times.json
2026-07-26T00:45:16.573Z,2026-07-25 17:45:16,2026-07-25,America/Los_Angeles,dca,Disney California Adventure,Pixar Pier,313,Toy Story Midway Mania!,TRUE,45,2026-07-26T00:41:16.000Z,2026-07-25 17:41:16,https://queue-times.com/parks/17/queue_times.json
