snapshot_utc,snapshot_park_datetime,snapshot_park_date,snapshot_timezone,park_id,park_name,land,ride_id,ride_name,is_open,wait_time_minutes,source_last_updated_utc,source_last_updated_park_datetime,source_url
2026-08-13T14:30:21.828Z,2026-08-13 07:30:21,2026-08-13,America/Los_Angeles,disneyland,Disneyland,Adventureland,12428,Adventureland Treehouse inspired by Walt Disney’s Swiss Family Robinson,FALSE,0,2026-08-13T14:25:35.000Z,2026-08-13 07:25:35,https://queue-times.com/parks/16/queue_times.json
2026-08-13T14:30:21.828Z,2026-08-13 07:30:21,2026-08-13,America/Los_Angeles,disneyland,Disneyland,Adventureland,326,Indiana Jones™ Adventure,FALSE,0,2026-08-13T14:25:35.000Z,2026-08-13 07:25:35,https://queue-times.com/parks/16/queue_times.json
2026-08-13T14:30:21.828Z,2026-08-13 07:30:21,2026-08-13,America/Los_Angeles,disneyland,Disneyland,Adventureland,296,Jungle Cruise,FALSE,0,2026-08-13T14:25:35.000Z,2026-08-13 07:25:35,https://queue-times.com/parks/16/queue_times.json
2026-08-13T14:30:21.828Z,2026-08-13 07:30:21,2026-08-13,America/Los_Angeles,disneyland,Disneyland,Adventureland,288,Walt Disney's Enchanted Tiki Room,FALSE,0,2026-08-13T14:25:35.000Z,2026-08-13 07:25:35,https://queue-times.com/parks/16/queue_times.json
2026-08-13T14:30:21.828Z,2026-08-13 07:30:21,2026-08-13,America/Los_Angeles,disneyland,Disneyland,Bayou Country,304,Davy Crockett's Explorer Canoes,FALSE,0,2026-08-13T14:25:35.000Z,2026-08-13 07:25:35,https://queue-times.com/parks/16/queue_times.json
2026-08-13T14:30:21.828Z,2026-08-13 07:30:21,2026-08-13,America/Los_Angeles,disneyland,Disneyland,Bayou Country,306,The Many Adventures of Winnie the Pooh,FALSE,0,2026-08-13T14:25:35.000Z,2026-08-13 07:25:35,https://queue-times.com/parks/16/queue_times.json
2026-08-13T14:30:21.828Z,2026-08-13 07:30:21,2026-08-13,America/Los_Angeles,disneyland,Disneyland,Bayou Country,14168,Tiana's Bayou Adventure,FALSE,0,2026-08-13T14:25:35.000Z,2026-08-13 07:25:35,https://queue-times.com/parks/16/queue_times.json
2026-08-13T14:30:21.828Z,2026-08-13 07:30:21,2026-08-13,America/Los_Angeles,disneyland,Disneyland,Bayou Country,14326,Tiana's Bayou Adventure Single Rider,FALSE,0,2026-08-13T14:25:35.000Z,2026-08-13 07:25:35,https://queue-times.com/parks/16/queue_times.json
2026-08-13T14:30:21.828Z,2026-08-13 07:30:21,2026-08-13,America/Los_Angeles,disneyland,Disneyland,Fantasyland,307,"""it's a small world""",FALSE,0,2026-08-13T14:25:35.000Z,2026-08-13 07:25:35,https://queue-times.com/parks/16/queue_times.json
2026-08-13T14:30:21.828Z,2026-08-13 07:30:21,2026-08-13,America/Los_Angeles,disneyland,Disneyland,Fantasyland,285,Alice in Wonderland,FALSE,0,2026-08-13T14:25:35.000Z,2026-08-13 07:25:35,https://queue-times.com/parks/16/queue_times.json
2026-08-13T14:30:21.828Z,2026-08-13 07:30:21,2026-08-13,America/Los_Angeles,disneyland,Disneyland,Fantasyland,16254,Bluey’s Best Day Ever! at Fantasyland Theatre,TRUE,0,2026-08-13T14:25:35.000Z,2026-08-13 07:25:35,https://queue-times.com/parks/16/queue_times.json
2026-08-13T14:30:21.828Z,2026-08-13 07:30:21,2026-08-13,America/Los_Angeles,disneyland,Disneyland,Fantasyland,303,Casey Jr. Circus Train,FALSE,0,2026-08-13T14:25:35.000Z,2026-08-13 07:25:35,https://queue-times.com/parks/16/queue_times.json
2026-08-13T14:30:21.828Z,2026-08-13 07:30:21,2026-08-13,America/Los_Angeles,disneyland,Disneyland,Fantasyland,275,Dumbo the Flying Elephant,FALSE,0,2026-08-13T14:25:35.000Z,2026-08-13 07:25:35,https://queue-times.com/parks/16/queue_times.json
2026-08-13T14:30:21.828Z,2026-08-13 07:30:21,2026-08-13,America/Los_Angeles,disneyland,Disneyland,Fantasyland,277,King Arthur Carrousel,FALSE,0,2026-08-13T14:25:35.000Z,2026-08-13 07:25:35,https://queue-times.com/parks/16/queue_times.json
2026-08-13T14:30:21.828Z,2026-08-13 07:30:21,2026-08-13,America/Los_Angeles,disneyland,Disneyland,Fantasyland,278,Mad Tea Party,FALSE,0,2026-08-13T14:25:35.000Z,2026-08-13 07:25:35,https://queue-times.com/parks/16/queue_times.json
2026-08-13T14:30:21.828Z,2026-08-13 07:30:21,2026-08-13,America/Los_Angeles,disneyland,Disneyland,Fantasyland,279,Matterhorn Bobsleds,FALSE,0,2026-08-13T14:25:35.000Z,2026-08-13 07:25:35,https://queue-times.com/parks/16/queue_times.json
2026-08-13T14:30:21.828Z,2026-08-13 07:30:21,2026-08-13,America/Los_Angeles,disneyland,Disneyland,Fantasyland,6711,Meet Disney Princesses at Royal Hall,FALSE,0,2026-08-13T14:25:35.000Z,2026-08-13 07:25:35,https://queue-times.com/parks/16/queue_times.json
2026-08-13T14:30:21.828Z,2026-08-13 07:30:21,2026-08-13,America/Los_Angeles,disneyland,Disneyland,Fantasyland,280,Mr. Toad's Wild Ride,FALSE,0,2026-08-13T14:25:35.000Z,2026-08-13 07:25:35,https://queue-times.com/parks/16/queue_times.json
2026-08-13T14:30:21.828Z,2026-08-13 07:30:21,2026-08-13,America/Los_Angeles,disneyland,Disneyland,Fantasyland,281,Peter Pan's Flight,FALSE,0,2026-08-13T14:25:35.000Z,2026-08-13 07:25:35,https://queue-times.com/parks/16/queue_times.json
2026-08-13T14:30:21.828Z,2026-08-13 07:30:21,2026-08-13,America/Los_Angeles,disneyland,Disneyland,Fantasyland,282,Pinocchio's Daring Journey,FALSE,0,2026-08-13T14:25:35.000Z,2026-08-13 07:25:35,https://queue-times.com/parks/16/queue_times.json
2026-08-13T14:30:21.828Z,2026-08-13 07:30:21,2026-08-13,America/Los_Angeles,disneyland,Disneyland,Fantasyland,687,Sleeping Beauty Castle Walkthrough,FALSE,0,2026-08-13T14:25:35.000Z,2026-08-13 07:25:35,https://queue-times.com/parks/16/queue_times.json
2026-08-13T14:30:21.828Z,2026-08-13 07:30:21,2026-08-13,America/Los_Angeles,disneyland,Disneyland,Fantasyland,283,Snow White's Enchanted Wish,FALSE,0,2026-08-13T14:25:35.000Z,2026-08-13 07:25:35,https://queue-times.com/parks/16/queue_times.json
2026-08-13T14:30:21.828Z,2026-08-13 07:30:21,2026-08-13,America/Los_Angeles,disneyland,Disneyland,Fantasyland,305,Storybook Land Canal Boats,FALSE,0,2026-08-13T14:25:35.000Z,2026-08-13 07:25:35,https://queue-times.com/parks/16/queue_times.json
2026-08-13T14:30:21.828Z,2026-08-13 07:30:21,2026-08-13,America/Los_Angeles,disneyland,Disneyland,Frontierland,323,Big Thunder Mountain Railroad,FALSE,0,2026-08-13T14:25:35.000Z,2026-08-13 07:25:35,https://queue-times.com/parks/16/queue_times.json
2026-08-13T14:30:21.828Z,2026-08-13 07:30:21,2026-08-13,America/Los_Angeles,disneyland,Disneyland,Frontierland,679,Frontierland Shootin' Exposition,FALSE,0,2026-08-13T14:25:35.000Z,2026-08-13 07:25:35,https://queue-times.com/parks/16/queue_times.json
2026-08-13T14:30:21.828Z,2026-08-13 07:30:21,2026-08-13,America/Los_Angeles,disneyland,Disneyland,Frontierland,456,Mark Twain Riverboat,FALSE,0,2026-08-13T14:25:35.000Z,2026-08-13 07:25:35,https://queue-times.com/parks/16/queue_times.json
2026-08-13T14:30:21.828Z,2026-08-13 07:30:21,2026-08-13,America/Los_Angeles,disneyland,Disneyland,Frontierland,331,Pirate's Lair on Tom Sawyer Island,FALSE,0,2026-08-13T14:25:35.000Z,2026-08-13 07:25:35,https://queue-times.com/parks/16/queue_times.json
2026-08-13T14:30:21.828Z,2026-08-13 07:30:21,2026-08-13,America/Los_Angeles,disneyland,Disneyland,Frontierland,328,Sailing Ship Columbia,FALSE,0,2026-08-13T14:25:35.000Z,2026-08-13 07:25:35,https://queue-times.com/parks/16/queue_times.json
2026-08-13T14:30:21.828Z,2026-08-13 07:30:21,2026-08-13,America/Los_Angeles,disneyland,Disneyland,Main Street U.S.A,674,Disneyland Railroad,FALSE,0,2026-08-13T14:25:35.000Z,2026-08-13 07:25:35,https://queue-times.com/parks/16/queue_times.json
2026-08-13T14:30:21.828Z,2026-08-13 07:30:21,2026-08-13,America/Los_Angeles,disneyland,Disneyland,Main Street U.S.A,690,Great Moments with Mr. Lincoln,FALSE,0,2026-08-13T14:25:35.000Z,2026-08-13 07:25:35,https://queue-times.com/parks/16/queue_times.json
2026-08-13T14:30:21.828Z,2026-08-13 07:30:21,2026-08-13,America/Los_Angeles,disneyland,Disneyland,Main Street U.S.A,686,Main Street Cinema,FALSE,0,2026-08-13T14:25:35.000Z,2026-08-13 07:25:35,https://queue-times.com/parks/16/queue_times.json
2026-08-13T14:30:21.828Z,2026-08-13 07:30:21,2026-08-13,America/Los_Angeles,disneyland,Disneyland,Main Street U.S.A,691,Main Street Vehicles,FALSE,0,2026-08-13T14:25:35.000Z,2026-08-13 07:25:35,https://queue-times.com/parks/16/queue_times.json
2026-08-13T14:30:21.828Z,2026-08-13 07:30:21,2026-08-13,America/Los_Angeles,disneyland,Disneyland,Main Street U.S.A,14915,Opera House - Walt Disney - A Magical Life,FALSE,0,2026-08-13T14:25:35.000Z,2026-08-13 07:25:35,https://queue-times.com/parks/16/queue_times.json
2026-08-13T14:30:21.828Z,2026-08-13 07:30:21,2026-08-13,America/Los_Angeles,disneyland,Disneyland,Main Street U.S.A,695,The Disney Gallery,FALSE,0,2026-08-13T14:25:35.000Z,2026-08-13 07:25:35,https://queue-times.com/parks/16/queue_times.json
2026-08-13T14:30:21.828Z,2026-08-13 07:30:21,2026-08-13,America/Los_Angeles,disneyland,Disneyland,Main Street U.S.A,14923,Walt Disney - A Magical Life,FALSE,0,2026-08-13T14:25:35.000Z,2026-08-13 07:25:35,https://queue-times.com/parks/16/queue_times.json
2026-08-13T14:30:21.828Z,2026-08-13 07:30:21,2026-08-13,America/Los_Angeles,disneyland,Disneyland,Mickey's Toontown,324,Chip 'n' Dale's GADGETcoaster,FALSE,0,2026-08-13T14:25:35.000Z,2026-08-13 07:25:35,https://queue-times.com/parks/16/queue_times.json
2026-08-13T14:30:21.828Z,2026-08-13 07:30:21,2026-08-13,America/Los_Angeles,disneyland,Disneyland,Mickey's Toontown,13814,Donald's Duck Pond,FALSE,0,2026-08-13T14:25:35.000Z,2026-08-13 07:25:35,https://queue-times.com/parks/16/queue_times.json
2026-08-13T14:30:21.828Z,2026-08-13 07:30:21,2026-08-13,America/Los_Angeles,disneyland,Disneyland,Mickey's Toontown,11980,Goofy's How-to-Play Yard,FALSE,0,2026-08-13T14:25:35.000Z,2026-08-13 07:25:35,https://queue-times.com/parks/16/queue_times.json
2026-08-13T14:30:21.828Z,2026-08-13 07:30:21,2026-08-13,America/Los_Angeles,disneyland,Disneyland,Mickey's Toontown,11526,Mickey & Minnie's Runaway Railway,FALSE,0,2026-08-13T14:25:35.000Z,2026-08-13 07:25:35,https://queue-times.com/parks/16/queue_times.json
2026-08-13T14:30:21.828Z,2026-08-13 07:30:21,2026-08-13,America/Los_Angeles,disneyland,Disneyland,Mickey's Toontown,709,Mickey's House and Meet Mickey Mouse,FALSE,0,2026-08-13T14:25:35.000Z,2026-08-13 07:25:35,https://queue-times.com/parks/16/queue_times.json
2026-08-13T14:30:21.828Z,2026-08-13 07:30:21,2026-08-13,America/Los_Angeles,disneyland,Disneyland,Mickey's Toontown,327,Mickey's House and Meet Mickey Mouse,FALSE,0,2026-08-13T14:25:35.000Z,2026-08-13 07:25:35,https://queue-times.com/parks/16/queue_times.json
2026-08-13T14:30:21.828Z,2026-08-13 07:30:21,2026-08-13,America/Los_Angeles,disneyland,Disneyland,Mickey's Toontown,684,Minnie's House,FALSE,0,2026-08-13T14:25:35.000Z,2026-08-13 07:25:35,https://queue-times.com/parks/16/queue_times.json
2026-08-13T14:30:21.828Z,2026-08-13 07:30:21,2026-08-13,America/Los_Angeles,disneyland,Disneyland,Mickey's Toontown,332,Roger Rabbit's Car Toon Spin,FALSE,0,2026-08-13T14:25:35.000Z,2026-08-13 07:25:35,https://queue-times.com/parks/16/queue_times.json
2026-08-13T14:30:21.828Z,2026-08-13 07:30:21,2026-08-13,America/Los_Angeles,disneyland,Disneyland,New Orleans Square,13958,Haunted Mansion,FALSE,0,2026-08-13T14:25:35.000Z,2026-08-13 07:25:35,https://queue-times.com/parks/16/queue_times.json
2026-08-13T14:30:21.828Z,2026-08-13 07:30:21,2026-08-13,America/Los_Angeles,disneyland,Disneyland,New Orleans Square,289,Pirates of the Caribbean,FALSE,0,2026-08-13T14:25:35.000Z,2026-08-13 07:25:35,https://queue-times.com/parks/16/queue_times.json
2026-08-13T14:30:21.828Z,2026-08-13 07:30:21,2026-08-13,America/Los_Angeles,disneyland,Disneyland,Star Wars: Galaxy's Edge,6339,Millennium Falcon: Smugglers Run,FALSE,0,2026-08-13T14:25:35.000Z,2026-08-13 07:25:35,https://queue-times.com/parks/16/queue_times.json
2026-08-13T14:30:21.828Z,2026-08-13 07:30:21,2026-08-13,America/Los_Angeles,disneyland,Disneyland,Star Wars: Galaxy's Edge,10903,Millennium Falcon: Smugglers Run Single Rider,FALSE,0,2026-08-13T14:25:35.000Z,2026-08-13 07:25:35,https://queue-times.com/parks/16/queue_times.json
2026-08-13T14:30:21.828Z,2026-08-13 07:30:21,2026-08-13,America/Los_Angeles,disneyland,Disneyland,Star Wars: Galaxy's Edge,6340,Star Wars: Rise of the Resistance,FALSE,0,2026-08-13T14:25:35.000Z,2026-08-13 07:25:35,https://queue-times.com/parks/16/queue_times.json
2026-08-13T14:30:21.828Z,2026-08-13 07:30:21,2026-08-13,America/Los_Angeles,disneyland,Disneyland,Tomorrowland,287,Astro Orbitor,FALSE,0,2026-08-13T14:25:35.000Z,2026-08-13 07:25:35,https://queue-times.com/parks/16/queue_times.json
2026-08-13T14:30:21.828Z,2026-08-13 07:30:21,2026-08-13,America/Los_Angeles,disneyland,Disneyland,Tomorrowland,317,Autopia,FALSE,0,2026-08-13T14:25:35.000Z,2026-08-13 07:25:35,https://queue-times.com/parks/16/queue_times.json
2026-08-13T14:30:21.828Z,2026-08-13 07:30:21,2026-08-13,America/Los_Angeles,disneyland,Disneyland,Tomorrowland,273,Buzz Lightyear Astro Blasters,FALSE,0,2026-08-13T14:25:35.000Z,2026-08-13 07:25:35,https://queue-times.com/parks/16/queue_times.json
2026-08-13T14:30:21.828Z,2026-08-13 07:30:21,2026-08-13,America/Los_Angeles,disneyland,Disneyland,Tomorrowland,274,Disneyland Monorail,FALSE,0,2026-08-13T14:25:35.000Z,2026-08-13 07:25:35,https://queue-times.com/parks/16/queue_times.json
2026-08-13T14:30:21.828Z,2026-08-13 07:30:21,2026-08-13,America/Los_Angeles,disneyland,Disneyland,Tomorrowland,276,Finding Nemo Submarine Voyage,FALSE,0,2026-08-13T14:25:35.000Z,2026-08-13 07:25:35,https://queue-times.com/parks/16/queue_times.json
2026-08-13T14:30:21.828Z,2026-08-13 07:30:21,2026-08-13,America/Los_Angeles,disneyland,Disneyland,Tomorrowland,16627,Pixar Short Film Spotlight,FALSE,0,2026-08-13T14:25:35.000Z,2026-08-13 07:25:35,https://queue-times.com/parks/16/queue_times.json
2026-08-13T14:30:21.828Z,2026-08-13 07:30:21,2026-08-13,America/Los_Angeles,disneyland,Disneyland,Tomorrowland,284,Space Mountain,FALSE,0,2026-08-13T14:25:35.000Z,2026-08-13 07:25:35,https://queue-times.com/parks/16/queue_times.json
2026-08-13T14:30:21.828Z,2026-08-13 07:30:21,2026-08-13,America/Los_Angeles,disneyland,Disneyland,Tomorrowland,286,Star Tours - The Adventures Continue,FALSE,0,2026-08-13T14:25:35.000Z,2026-08-13 07:25:35,https://queue-times.com/parks/16/queue_times.json
2026-08-13T14:30:21.828Z,2026-08-13 07:30:21,2026-08-13,America/Los_Angeles,dca,Disney California Adventure,Avengers Campus,329,Guardians of the Galaxy - Mission: BREAKOUT!,FALSE,0,2026-08-13T14:25:41.000Z,2026-08-13 07:25:41,https://queue-times.com/parks/17/queue_times.json
2026-08-13T14:30:21.828Z,2026-08-13 07:30:21,2026-08-13,America/Los_Angeles,dca,Disney California Adventure,Avengers Campus,8843,WEB SLINGERS: A Spider-Man Adventure,FALSE,0,2026-08-13T14:25:41.000Z,2026-08-13 07:25:41,https://queue-times.com/parks/17/queue_times.json
2026-08-13T14:30:21.828Z,2026-08-13 07:30:21,2026-08-13,America/Los_Angeles,dca,Disney California Adventure,Avengers Campus,10907,WEB SLINGERS: A Spider-Man Adventure Single Rider,FALSE,0,2026-08-13T14:25:41.000Z,2026-08-13 07:25:41,https://queue-times.com/parks/17/queue_times.json
2026-08-13T14:30:21.828Z,2026-08-13 07:30:21,2026-08-13,America/Los_Angeles,dca,Disney California Adventure,Cars Land,13961,Luigi's Rollickin' Roadsters,FALSE,0,2026-08-13T14:25:41.000Z,2026-08-13 07:25:41,https://queue-times.com/parks/17/queue_times.json
2026-08-13T14:30:21.828Z,2026-08-13 07:30:21,2026-08-13,America/Los_Angeles,dca,Disney California Adventure,Cars Land,315,Mater's Junkyard Jamboree,FALSE,0,2026-08-13T14:25:41.000Z,2026-08-13 07:25:41,https://queue-times.com/parks/17/queue_times.json
2026-08-13T14:30:21.828Z,2026-08-13 07:30:21,2026-08-13,America/Los_Angeles,dca,Disney California Adventure,Cars Land,295,Radiator Springs Racers,FALSE,0,2026-08-13T14:25:41.000Z,2026-08-13 07:25:41,https://queue-times.com/parks/17/queue_times.json
2026-08-13T14:30:21.828Z,2026-08-13 07:30:21,2026-08-13,America/Los_Angeles,dca,Disney California Adventure,Cars Land,10904,Radiator Springs Racers Single Rider,FALSE,0,2026-08-13T14:25:41.000Z,2026-08-13 07:25:41,https://queue-times.com/parks/17/queue_times.json
2026-08-13T14:30:21.828Z,2026-08-13 07:30:21,2026-08-13,America/Los_Angeles,dca,Disney California Adventure,Grizzly Peak,302,Grizzly River Run,FALSE,0,2026-08-13T14:25:41.000Z,2026-08-13 07:25:41,https://queue-times.com/parks/17/queue_times.json
2026-08-13T14:30:21.828Z,2026-08-13 07:30:21,2026-08-13,America/Los_Angeles,dca,Disney California Adventure,Grizzly Peak,293,Redwood Creek Challenge Trail,FALSE,0,2026-08-13T14:25:41.000Z,2026-08-13 07:25:41,https://queue-times.com/parks/17/queue_times.json
2026-08-13T14:30:21.828Z,2026-08-13 07:30:21,2026-08-13,America/Los_Angeles,dca,Disney California Adventure,Grizzly Peak,17129,Soarin’ Across America,FALSE,0,2026-08-13T14:25:41.000Z,2026-08-13 07:25:41,https://queue-times.com/parks/17/queue_times.json
2026-08-13T14:30:21.828Z,2026-08-13 07:30:21,2026-08-13,America/Los_Angeles,dca,Disney California Adventure,Hollywood Land,321,Animation Academy,TRUE,0,2026-08-13T14:25:41.000Z,2026-08-13 07:25:41,https://queue-times.com/parks/17/queue_times.json
2026-08-13T14:30:21.828Z,2026-08-13 07:30:21,2026-08-13,America/Los_Angeles,dca,Disney California Adventure,Hollywood Land,6440,Mickey's PhilharMagic,TRUE,10,2026-08-13T14:25:41.000Z,2026-08-13 07:25:41,https://queue-times.com/parks/17/queue_times.json
2026-08-13T14:30:21.828Z,2026-08-13 07:30:21,2026-08-13,America/Los_Angeles,dca,Disney California Adventure,Hollywood Land,291,"Monsters, Inc. Mike & Sulley to the Rescue!",FALSE,0,2026-08-13T14:25:41.000Z,2026-08-13 07:25:41,https://queue-times.com/parks/17/queue_times.json
2026-08-13T14:30:21.828Z,2026-08-13 07:30:21,2026-08-13,America/Los_Angeles,dca,Disney California Adventure,Hollywood Land,868,Sorcerer's Workshop,FALSE,0,2026-08-13T14:25:41.000Z,2026-08-13 07:25:41,https://queue-times.com/parks/17/queue_times.json
2026-08-13T14:30:21.828Z,2026-08-13 07:30:21,2026-08-13,America/Los_Angeles,dca,Disney California Adventure,Hollywood Land,294,Turtle Talk with Crush,TRUE,0,2026-08-13T14:25:41.000Z,2026-08-13 07:25:41,https://queue-times.com/parks/17/queue_times.json
2026-08-13T14:30:21.828Z,2026-08-13 07:30:21,2026-08-13,America/Los_Angeles,dca,Disney California Adventure,Pacific Wharf,869,The Bakery Tour,FALSE,0,2026-08-13T14:25:41.000Z,2026-08-13 07:25:41,https://queue-times.com/parks/17/queue_times.json
2026-08-13T14:30:21.828Z,2026-08-13 07:30:21,2026-08-13,America/Los_Angeles,dca,Disney California Adventure,Paradise Gardens Park,298,Golden Zephyr,FALSE,0,2026-08-13T14:25:41.000Z,2026-08-13 07:25:41,https://queue-times.com/parks/17/queue_times.json
2026-08-13T14:30:21.828Z,2026-08-13 07:30:21,2026-08-13,America/Los_Angeles,dca,Disney California Adventure,Paradise Gardens Park,319,Goofy's Sky School,FALSE,0,2026-08-13T14:25:41.000Z,2026-08-13 07:25:41,https://queue-times.com/parks/17/queue_times.json
2026-08-13T14:30:21.828Z,2026-08-13 07:30:21,2026-08-13,America/Los_Angeles,dca,Disney California Adventure,Paradise Gardens Park,301,Silly Symphony Swings,FALSE,0,2026-08-13T14:25:41.000Z,2026-08-13 07:25:41,https://queue-times.com/parks/17/queue_times.json
2026-08-13T14:30:21.828Z,2026-08-13 07:30:21,2026-08-13,America/Los_Angeles,dca,Disney California Adventure,Paradise Gardens Park,316,The Little Mermaid - Ariel's Undersea Adventure,FALSE,0,2026-08-13T14:25:41.000Z,2026-08-13 07:25:41,https://queue-times.com/parks/17/queue_times.json
2026-08-13T14:30:21.828Z,2026-08-13 07:30:21,2026-08-13,America/Los_Angeles,dca,Disney California Adventure,Paradise Gardens Park,11528,World of Color – ONE,FALSE,0,2026-08-13T14:25:41.000Z,2026-08-13 07:25:41,https://queue-times.com/parks/17/queue_times.json
2026-08-13T14:30:21.828Z,2026-08-13 07:30:21,2026-08-13,America/Los_Angeles,dca,Disney California Adventure,Paradise Gardens Park,14742,World of Color Happiness!,FALSE,0,2026-08-10T07:05:45.000Z,2026-08-10 00:05:45,https://queue-times.com/parks/17/queue_times.json
2026-08-13T14:30:21.828Z,2026-08-13 07:30:21,2026-08-13,America/Los_Angeles,dca,Disney California Adventure,Pixar Pier,866,Games of Pixar Pier,FALSE,0,2026-08-13T14:25:41.000Z,2026-08-13 07:25:41,https://queue-times.com/parks/17/queue_times.json
2026-08-13T14:30:21.828Z,2026-08-13 07:30:21,2026-08-13,America/Los_Angeles,dca,Disney California Adventure,Pixar Pier,322,Incredicoaster,FALSE,0,2026-08-13T14:25:41.000Z,2026-08-13 07:25:41,https://queue-times.com/parks/17/queue_times.json
2026-08-13T14:30:21.828Z,2026-08-13 07:30:21,2026-08-13,America/Los_Angeles,dca,Disney California Adventure,Pixar Pier,10906,Incredicoaster Single Rider,FALSE,0,2026-08-13T14:25:41.000Z,2026-08-13 07:25:41,https://queue-times.com/parks/17/queue_times.json
2026-08-13T14:30:21.828Z,2026-08-13 07:30:21,2026-08-13,America/Los_Angeles,dca,Disney California Adventure,Pixar Pier,6643,Inside Out Emotional Whirlwind,FALSE,0,2026-08-13T14:25:41.000Z,2026-08-13 07:25:41,https://queue-times.com/parks/17/queue_times.json
2026-08-13T14:30:21.828Z,2026-08-13 07:30:21,2026-08-13,America/Los_Angeles,dca,Disney California Adventure,Pixar Pier,310,Jessie's Critter Carousel,FALSE,0,2026-08-13T14:25:41.000Z,2026-08-13 07:25:41,https://queue-times.com/parks/17/queue_times.json
2026-08-13T14:30:21.828Z,2026-08-13 07:30:21,2026-08-13,America/Los_Angeles,dca,Disney California Adventure,Pixar Pier,300,Jumpin' Jellyfish,FALSE,0,2026-08-13T14:25:41.000Z,2026-08-13 07:25:41,https://queue-times.com/parks/17/queue_times.json
2026-08-13T14:30:21.828Z,2026-08-13 07:30:21,2026-08-13,America/Los_Angeles,dca,Disney California Adventure,Pixar Pier,311,Pixar Pal-A-Round - Swinging,FALSE,0,2026-08-13T14:25:41.000Z,2026-08-13 07:25:41,https://queue-times.com/parks/17/queue_times.json
2026-08-13T14:30:21.828Z,2026-08-13 07:30:21,2026-08-13,America/Los_Angeles,dca,Disney California Adventure,Pixar Pier,5557,Pixar Pal-A-Round – Non-Swinging,FALSE,0,2026-08-13T14:25:41.000Z,2026-08-13 07:25:41,https://queue-times.com/parks/17/queue_times.json
2026-08-13T14:30:21.828Z,2026-08-13 07:30:21,2026-08-13,America/Los_Angeles,dca,Disney California Adventure,Pixar Pier,313,Toy Story Midway Mania!,FALSE,0,2026-08-13T14:25:41.000Z,2026-08-13 07:25:41,https://queue-times.com/parks/17/queue_times.json
2026-08-13T14:45:18.986Z,2026-08-13 07:45:18,2026-08-13,America/Los_Angeles,disneyland,Disneyland,Adventureland,12428,Adventureland Treehouse inspired by Walt Disney’s Swiss Family Robinson,FALSE,0,2026-08-13T14:40:35.000Z,2026-08-13 07:40:35,https://queue-times.com/parks/16/queue_times.json
2026-08-13T14:45:18.986Z,2026-08-13 07:45:18,2026-08-13,America/Los_Angeles,disneyland,Disneyland,Adventureland,326,Indiana Jones™ Adventure,FALSE,0,2026-08-13T14:40:35.000Z,2026-08-13 07:40:35,https://queue-times.com/parks/16/queue_times.json
2026-08-13T14:45:18.986Z,2026-08-13 07:45:18,2026-08-13,America/Los_Angeles,disneyland,Disneyland,Adventureland,296,Jungle Cruise,FALSE,0,2026-08-13T14:40:35.000Z,2026-08-13 07:40:35,https://queue-times.com/parks/16/queue_times.json
2026-08-13T14:45:18.986Z,2026-08-13 07:45:18,2026-08-13,America/Los_Angeles,disneyland,Disneyland,Adventureland,288,Walt Disney's Enchanted Tiki Room,FALSE,0,2026-08-13T14:40:35.000Z,2026-08-13 07:40:35,https://queue-times.com/parks/16/queue_times.json
2026-08-13T14:45:18.986Z,2026-08-13 07:45:18,2026-08-13,America/Los_Angeles,disneyland,Disneyland,Bayou Country,304,Davy Crockett's Explorer Canoes,FALSE,0,2026-08-13T14:40:35.000Z,2026-08-13 07:40:35,https://queue-times.com/parks/16/queue_times.json
2026-08-13T14:45:18.986Z,2026-08-13 07:45:18,2026-08-13,America/Los_Angeles,disneyland,Disneyland,Bayou Country,306,The Many Adventures of Winnie the Pooh,FALSE,0,2026-08-13T14:40:35.000Z,2026-08-13 07:40:35,https://queue-times.com/parks/16/queue_times.json
2026-08-13T14:45:18.986Z,2026-08-13 07:45:18,2026-08-13,America/Los_Angeles,disneyland,Disneyland,Bayou Country,14168,Tiana's Bayou Adventure,FALSE,0,2026-08-13T14:40:35.000Z,2026-08-13 07:40:35,https://queue-times.com/parks/16/queue_times.json
2026-08-13T14:45:18.986Z,2026-08-13 07:45:18,2026-08-13,America/Los_Angeles,disneyland,Disneyland,Bayou Country,14326,Tiana's Bayou Adventure Single Rider,FALSE,0,2026-08-13T14:40:35.000Z,2026-08-13 07:40:35,https://queue-times.com/parks/16/queue_times.json
2026-08-13T14:45:18.986Z,2026-08-13 07:45:18,2026-08-13,America/Los_Angeles,disneyland,Disneyland,Fantasyland,307,"""it's a small world""",FALSE,0,2026-08-13T14:40:35.000Z,2026-08-13 07:40:35,https://queue-times.com/parks/16/queue_times.json
2026-08-13T14:45:18.986Z,2026-08-13 07:45:18,2026-08-13,America/Los_Angeles,disneyland,Disneyland,Fantasyland,285,Alice in Wonderland,FALSE,0,2026-08-13T14:40:35.000Z,2026-08-13 07:40:35,https://queue-times.com/parks/16/queue_times.json
2026-08-13T14:45:18.986Z,2026-08-13 07:45:18,2026-08-13,America/Los_Angeles,disneyland,Disneyland,Fantasyland,16254,Bluey’s Best Day Ever! at Fantasyland Theatre,TRUE,0,2026-08-13T14:40:35.000Z,2026-08-13 07:40:35,https://queue-times.com/parks/16/queue_times.json
2026-08-13T14:45:18.986Z,2026-08-13 07:45:18,2026-08-13,America/Los_Angeles,disneyland,Disneyland,Fantasyland,303,Casey Jr. Circus Train,FALSE,0,2026-08-13T14:40:35.000Z,2026-08-13 07:40:35,https://queue-times.com/parks/16/queue_times.json
2026-08-13T14:45:18.986Z,2026-08-13 07:45:18,2026-08-13,America/Los_Angeles,disneyland,Disneyland,Fantasyland,275,Dumbo the Flying Elephant,FALSE,0,2026-08-13T14:40:35.000Z,2026-08-13 07:40:35,https://queue-times.com/parks/16/queue_times.json
2026-08-13T14:45:18.986Z,2026-08-13 07:45:18,2026-08-13,America/Los_Angeles,disneyland,Disneyland,Fantasyland,277,King Arthur Carrousel,FALSE,0,2026-08-13T14:40:35.000Z,2026-08-13 07:40:35,https://queue-times.com/parks/16/queue_times.json
2026-08-13T14:45:18.986Z,2026-08-13 07:45:18,2026-08-13,America/Los_Angeles,disneyland,Disneyland,Fantasyland,278,Mad Tea Party,FALSE,0,2026-08-13T14:40:35.000Z,2026-08-13 07:40:35,https://queue-times.com/parks/16/queue_times.json
2026-08-13T14:45:18.986Z,2026-08-13 07:45:18,2026-08-13,America/Los_Angeles,disneyland,Disneyland,Fantasyland,279,Matterhorn Bobsleds,FALSE,0,2026-08-13T14:40:35.000Z,2026-08-13 07:40:35,https://queue-times.com/parks/16/queue_times.json
2026-08-13T14:45:18.986Z,2026-08-13 07:45:18,2026-08-13,America/Los_Angeles,disneyland,Disneyland,Fantasyland,6711,Meet Disney Princesses at Royal Hall,FALSE,0,2026-08-13T14:40:35.000Z,2026-08-13 07:40:35,https://queue-times.com/parks/16/queue_times.json
2026-08-13T14:45:18.986Z,2026-08-13 07:45:18,2026-08-13,America/Los_Angeles,disneyland,Disneyland,Fantasyland,280,Mr. Toad's Wild Ride,FALSE,0,2026-08-13T14:40:35.000Z,2026-08-13 07:40:35,https://queue-times.com/parks/16/queue_times.json
2026-08-13T14:45:18.986Z,2026-08-13 07:45:18,2026-08-13,America/Los_Angeles,disneyland,Disneyland,Fantasyland,281,Peter Pan's Flight,FALSE,0,2026-08-13T14:40:35.000Z,2026-08-13 07:40:35,https://queue-times.com/parks/16/queue_times.json
2026-08-13T14:45:18.986Z,2026-08-13 07:45:18,2026-08-13,America/Los_Angeles,disneyland,Disneyland,Fantasyland,282,Pinocchio's Daring Journey,FALSE,0,2026-08-13T14:40:35.000Z,2026-08-13 07:40:35,https://queue-times.com/parks/16/queue_times.json
2026-08-13T14:45:18.986Z,2026-08-13 07:45:18,2026-08-13,America/Los_Angeles,disneyland,Disneyland,Fantasyland,687,Sleeping Beauty Castle Walkthrough,FALSE,0,2026-08-13T14:40:35.000Z,2026-08-13 07:40:35,https://queue-times.com/parks/16/queue_times.json
2026-08-13T14:45:18.986Z,2026-08-13 07:45:18,2026-08-13,America/Los_Angeles,disneyland,Disneyland,Fantasyland,283,Snow White's Enchanted Wish,FALSE,0,2026-08-13T14:40:35.000Z,2026-08-13 07:40:35,https://queue-times.com/parks/16/queue_times.json
2026-08-13T14:45:18.986Z,2026-08-13 07:45:18,2026-08-13,America/Los_Angeles,disneyland,Disneyland,Fantasyland,305,Storybook Land Canal Boats,FALSE,0,2026-08-13T14:40:35.000Z,2026-08-13 07:40:35,https://queue-times.com/parks/16/queue_times.json
2026-08-13T14:45:18.986Z,2026-08-13 07:45:18,2026-08-13,America/Los_Angeles,disneyland,Disneyland,Frontierland,323,Big Thunder Mountain Railroad,FALSE,0,2026-08-13T14:40:35.000Z,2026-08-13 07:40:35,https://queue-times.com/parks/16/queue_times.json
2026-08-13T14:45:18.986Z,2026-08-13 07:45:18,2026-08-13,America/Los_Angeles,disneyland,Disneyland,Frontierland,679,Frontierland Shootin' Exposition,FALSE,0,2026-08-13T14:40:35.000Z,2026-08-13 07:40:35,https://queue-times.com/parks/16/queue_times.json
2026-08-13T14:45:18.986Z,2026-08-13 07:45:18,2026-08-13,America/Los_Angeles,disneyland,Disneyland,Frontierland,456,Mark Twain Riverboat,FALSE,0,2026-08-13T14:40:35.000Z,2026-08-13 07:40:35,https://queue-times.com/parks/16/queue_times.json
2026-08-13T14:45:18.986Z,2026-08-13 07:45:18,2026-08-13,America/Los_Angeles,disneyland,Disneyland,Frontierland,331,Pirate's Lair on Tom Sawyer Island,FALSE,0,2026-08-13T14:40:35.000Z,2026-08-13 07:40:35,https://queue-times.com/parks/16/queue_times.json
2026-08-13T14:45:18.986Z,2026-08-13 07:45:18,2026-08-13,America/Los_Angeles,disneyland,Disneyland,Frontierland,328,Sailing Ship Columbia,FALSE,0,2026-08-13T14:40:35.000Z,2026-08-13 07:40:35,https://queue-times.com/parks/16/queue_times.json
2026-08-13T14:45:18.986Z,2026-08-13 07:45:18,2026-08-13,America/Los_Angeles,disneyland,Disneyland,Main Street U.S.A,674,Disneyland Railroad,FALSE,0,2026-08-13T14:40:35.000Z,2026-08-13 07:40:35,https://queue-times.com/parks/16/queue_times.json
2026-08-13T14:45:18.986Z,2026-08-13 07:45:18,2026-08-13,America/Los_Angeles,disneyland,Disneyland,Main Street U.S.A,690,Great Moments with Mr. Lincoln,FALSE,0,2026-08-13T14:40:35.000Z,2026-08-13 07:40:35,https://queue-times.com/parks/16/queue_times.json
2026-08-13T14:45:18.986Z,2026-08-13 07:45:18,2026-08-13,America/Los_Angeles,disneyland,Disneyland,Main Street U.S.A,686,Main Street Cinema,FALSE,0,2026-08-13T14:40:35.000Z,2026-08-13 07:40:35,https://queue-times.com/parks/16/queue_times.json
2026-08-13T14:45:18.986Z,2026-08-13 07:45:18,2026-08-13,America/Los_Angeles,disneyland,Disneyland,Main Street U.S.A,691,Main Street Vehicles,FALSE,0,2026-08-13T14:40:35.000Z,2026-08-13 07:40:35,https://queue-times.com/parks/16/queue_times.json
2026-08-13T14:45:18.986Z,2026-08-13 07:45:18,2026-08-13,America/Los_Angeles,disneyland,Disneyland,Main Street U.S.A,14915,Opera House - Walt Disney - A Magical Life,FALSE,0,2026-08-13T14:40:35.000Z,2026-08-13 07:40:35,https://queue-times.com/parks/16/queue_times.json
2026-08-13T14:45:18.986Z,2026-08-13 07:45:18,2026-08-13,America/Los_Angeles,disneyland,Disneyland,Main Street U.S.A,695,The Disney Gallery,FALSE,0,2026-08-13T14:40:35.000Z,2026-08-13 07:40:35,https://queue-times.com/parks/16/queue_times.json
2026-08-13T14:45:18.986Z,2026-08-13 07:45:18,2026-08-13,America/Los_Angeles,disneyland,Disneyland,Main Street U.S.A,14923,Walt Disney - A Magical Life,FALSE,0,2026-08-13T14:40:35.000Z,2026-08-13 07:40:35,https://queue-times.com/parks/16/queue_times.json
2026-08-13T14:45:18.986Z,2026-08-13 07:45:18,2026-08-13,America/Los_Angeles,disneyland,Disneyland,Mickey's Toontown,324,Chip 'n' Dale's GADGETcoaster,FALSE,0,2026-08-13T14:40:35.000Z,2026-08-13 07:40:35,https://queue-times.com/parks/16/queue_times.json
2026-08-13T14:45:18.986Z,2026-08-13 07:45:18,2026-08-13,America/Los_Angeles,disneyland,Disneyland,Mickey's Toontown,13814,Donald's Duck Pond,FALSE,0,2026-08-13T14:40:35.000Z,2026-08-13 07:40:35,https://queue-times.com/parks/16/queue_times.json
2026-08-13T14:45:18.986Z,2026-08-13 07:45:18,2026-08-13,America/Los_Angeles,disneyland,Disneyland,Mickey's Toontown,11980,Goofy's How-to-Play Yard,FALSE,0,2026-08-13T14:40:35.000Z,2026-08-13 07:40:35,https://queue-times.com/parks/16/queue_times.json
2026-08-13T14:45:18.986Z,2026-08-13 07:45:18,2026-08-13,America/Los_Angeles,disneyland,Disneyland,Mickey's Toontown,11526,Mickey & Minnie's Runaway Railway,FALSE,0,2026-08-13T14:40:35.000Z,2026-08-13 07:40:35,https://queue-times.com/parks/16/queue_times.json
2026-08-13T14:45:18.986Z,2026-08-13 07:45:18,2026-08-13,America/Los_Angeles,disneyland,Disneyland,Mickey's Toontown,709,Mickey's House and Meet Mickey Mouse,FALSE,0,2026-08-13T14:40:35.000Z,2026-08-13 07:40:35,https://queue-times.com/parks/16/queue_times.json
2026-08-13T14:45:18.986Z,2026-08-13 07:45:18,2026-08-13,America/Los_Angeles,disneyland,Disneyland,Mickey's Toontown,327,Mickey's House and Meet Mickey Mouse,FALSE,0,2026-08-13T14:40:35.000Z,2026-08-13 07:40:35,https://queue-times.com/parks/16/queue_times.json
2026-08-13T14:45:18.986Z,2026-08-13 07:45:18,2026-08-13,America/Los_Angeles,disneyland,Disneyland,Mickey's Toontown,684,Minnie's House,FALSE,0,2026-08-13T14:40:35.000Z,2026-08-13 07:40:35,https://queue-times.com/parks/16/queue_times.json
2026-08-13T14:45:18.986Z,2026-08-13 07:45:18,2026-08-13,America/Los_Angeles,disneyland,Disneyland,Mickey's Toontown,332,Roger Rabbit's Car Toon Spin,FALSE,0,2026-08-13T14:40:35.000Z,2026-08-13 07:40:35,https://queue-times.com/parks/16/queue_times.json
2026-08-13T14:45:18.986Z,2026-08-13 07:45:18,2026-08-13,America/Los_Angeles,disneyland,Disneyland,New Orleans Square,13958,Haunted Mansion,FALSE,0,2026-08-13T14:40:35.000Z,2026-08-13 07:40:35,https://queue-times.com/parks/16/queue_times.json
2026-08-13T14:45:18.986Z,2026-08-13 07:45:18,2026-08-13,America/Los_Angeles,disneyland,Disneyland,New Orleans Square,289,Pirates of the Caribbean,FALSE,0,2026-08-13T14:40:35.000Z,2026-08-13 07:40:35,https://queue-times.com/parks/16/queue_times.json
2026-08-13T14:45:18.986Z,2026-08-13 07:45:18,2026-08-13,America/Los_Angeles,disneyland,Disneyland,Star Wars: Galaxy's Edge,6339,Millennium Falcon: Smugglers Run,FALSE,0,2026-08-13T14:40:35.000Z,2026-08-13 07:40:35,https://queue-times.com/parks/16/queue_times.json
2026-08-13T14:45:18.986Z,2026-08-13 07:45:18,2026-08-13,America/Los_Angeles,disneyland,Disneyland,Star Wars: Galaxy's Edge,10903,Millennium Falcon: Smugglers Run Single Rider,FALSE,0,2026-08-13T14:40:35.000Z,2026-08-13 07:40:35,https://queue-times.com/parks/16/queue_times.json
2026-08-13T14:45:18.986Z,2026-08-13 07:45:18,2026-08-13,America/Los_Angeles,disneyland,Disneyland,Star Wars: Galaxy's Edge,6340,Star Wars: Rise of the Resistance,FALSE,0,2026-08-13T14:40:35.000Z,2026-08-13 07:40:35,https://queue-times.com/parks/16/queue_times.json
2026-08-13T14:45:18.986Z,2026-08-13 07:45:18,2026-08-13,America/Los_Angeles,disneyland,Disneyland,Tomorrowland,287,Astro Orbitor,FALSE,0,2026-08-13T14:40:35.000Z,2026-08-13 07:40:35,https://queue-times.com/parks/16/queue_times.json
2026-08-13T14:45:18.986Z,2026-08-13 07:45:18,2026-08-13,America/Los_Angeles,disneyland,Disneyland,Tomorrowland,317,Autopia,FALSE,0,2026-08-13T14:40:35.000Z,2026-08-13 07:40:35,https://queue-times.com/parks/16/queue_times.json
2026-08-13T14:45:18.986Z,2026-08-13 07:45:18,2026-08-13,America/Los_Angeles,disneyland,Disneyland,Tomorrowland,273,Buzz Lightyear Astro Blasters,FALSE,0,2026-08-13T14:40:35.000Z,2026-08-13 07:40:35,https://queue-times.com/parks/16/queue_times.json
2026-08-13T14:45:18.986Z,2026-08-13 07:45:18,2026-08-13,America/Los_Angeles,disneyland,Disneyland,Tomorrowland,274,Disneyland Monorail,FALSE,0,2026-08-13T14:40:35.000Z,2026-08-13 07:40:35,https://queue-times.com/parks/16/queue_times.json
2026-08-13T14:45:18.986Z,2026-08-13 07:45:18,2026-08-13,America/Los_Angeles,disneyland,Disneyland,Tomorrowland,276,Finding Nemo Submarine Voyage,FALSE,0,2026-08-13T14:40:35.000Z,2026-08-13 07:40:35,https://queue-times.com/parks/16/queue_times.json
2026-08-13T14:45:18.986Z,2026-08-13 07:45:18,2026-08-13,America/Los_Angeles,disneyland,Disneyland,Tomorrowland,16627,Pixar Short Film Spotlight,FALSE,0,2026-08-13T14:40:35.000Z,2026-08-13 07:40:35,https://queue-times.com/parks/16/queue_times.json
2026-08-13T14:45:18.986Z,2026-08-13 07:45:18,2026-08-13,America/Los_Angeles,disneyland,Disneyland,Tomorrowland,284,Space Mountain,FALSE,0,2026-08-13T14:40:35.000Z,2026-08-13 07:40:35,https://queue-times.com/parks/16/queue_times.json
2026-08-13T14:45:18.986Z,2026-08-13 07:45:18,2026-08-13,America/Los_Angeles,disneyland,Disneyland,Tomorrowland,286,Star Tours - The Adventures Continue,FALSE,0,2026-08-13T14:40:35.000Z,2026-08-13 07:40:35,https://queue-times.com/parks/16/queue_times.json
2026-08-13T14:45:18.986Z,2026-08-13 07:45:18,2026-08-13,America/Los_Angeles,dca,Disney California Adventure,Avengers Campus,329,Guardians of the Galaxy - Mission: BREAKOUT!,FALSE,0,2026-08-13T14:40:42.000Z,2026-08-13 07:40:42,https://queue-times.com/parks/17/queue_times.json
2026-08-13T14:45:18.986Z,2026-08-13 07:45:18,2026-08-13,America/Los_Angeles,dca,Disney California Adventure,Avengers Campus,8843,WEB SLINGERS: A Spider-Man Adventure,FALSE,0,2026-08-13T14:40:42.000Z,2026-08-13 07:40:42,https://queue-times.com/parks/17/queue_times.json
2026-08-13T14:45:18.986Z,2026-08-13 07:45:18,2026-08-13,America/Los_Angeles,dca,Disney California Adventure,Avengers Campus,10907,WEB SLINGERS: A Spider-Man Adventure Single Rider,FALSE,0,2026-08-13T14:40:42.000Z,2026-08-13 07:40:42,https://queue-times.com/parks/17/queue_times.json
2026-08-13T14:45:18.986Z,2026-08-13 07:45:18,2026-08-13,America/Los_Angeles,dca,Disney California Adventure,Cars Land,13961,Luigi's Rollickin' Roadsters,FALSE,0,2026-08-13T14:40:42.000Z,2026-08-13 07:40:42,https://queue-times.com/parks/17/queue_times.json
2026-08-13T14:45:18.986Z,2026-08-13 07:45:18,2026-08-13,America/Los_Angeles,dca,Disney California Adventure,Cars Land,315,Mater's Junkyard Jamboree,FALSE,0,2026-08-13T14:40:42.000Z,2026-08-13 07:40:42,https://queue-times.com/parks/17/queue_times.json
2026-08-13T14:45:18.986Z,2026-08-13 07:45:18,2026-08-13,America/Los_Angeles,dca,Disney California Adventure,Cars Land,295,Radiator Springs Racers,FALSE,0,2026-08-13T14:40:42.000Z,2026-08-13 07:40:42,https://queue-times.com/parks/17/queue_times.json
2026-08-13T14:45:18.986Z,2026-08-13 07:45:18,2026-08-13,America/Los_Angeles,dca,Disney California Adventure,Cars Land,10904,Radiator Springs Racers Single Rider,FALSE,0,2026-08-13T14:40:42.000Z,2026-08-13 07:40:42,https://queue-times.com/parks/17/queue_times.json
2026-08-13T14:45:18.986Z,2026-08-13 07:45:18,2026-08-13,America/Los_Angeles,dca,Disney California Adventure,Grizzly Peak,302,Grizzly River Run,FALSE,0,2026-08-13T14:40:42.000Z,2026-08-13 07:40:42,https://queue-times.com/parks/17/queue_times.json
2026-08-13T14:45:18.986Z,2026-08-13 07:45:18,2026-08-13,America/Los_Angeles,dca,Disney California Adventure,Grizzly Peak,293,Redwood Creek Challenge Trail,FALSE,0,2026-08-13T14:40:42.000Z,2026-08-13 07:40:42,https://queue-times.com/parks/17/queue_times.json
2026-08-13T14:45:18.986Z,2026-08-13 07:45:18,2026-08-13,America/Los_Angeles,dca,Disney California Adventure,Grizzly Peak,17129,Soarin’ Across America,FALSE,0,2026-08-13T14:40:42.000Z,2026-08-13 07:40:42,https://queue-times.com/parks/17/queue_times.json
2026-08-13T14:45:18.986Z,2026-08-13 07:45:18,2026-08-13,America/Los_Angeles,dca,Disney California Adventure,Hollywood Land,321,Animation Academy,TRUE,0,2026-08-13T14:40:42.000Z,2026-08-13 07:40:42,https://queue-times.com/parks/17/queue_times.json
2026-08-13T14:45:18.986Z,2026-08-13 07:45:18,2026-08-13,America/Los_Angeles,dca,Disney California Adventure,Hollywood Land,6440,Mickey's PhilharMagic,TRUE,10,2026-08-13T14:40:42.000Z,2026-08-13 07:40:42,https://queue-times.com/parks/17/queue_times.json
2026-08-13T14:45:18.986Z,2026-08-13 07:45:18,2026-08-13,America/Los_Angeles,dca,Disney California Adventure,Hollywood Land,291,"Monsters, Inc. Mike & Sulley to the Rescue!",FALSE,0,2026-08-13T14:40:42.000Z,2026-08-13 07:40:42,https://queue-times.com/parks/17/queue_times.json
2026-08-13T14:45:18.986Z,2026-08-13 07:45:18,2026-08-13,America/Los_Angeles,dca,Disney California Adventure,Hollywood Land,868,Sorcerer's Workshop,FALSE,0,2026-08-13T14:40:42.000Z,2026-08-13 07:40:42,https://queue-times.com/parks/17/queue_times.json
2026-08-13T14:45:18.986Z,2026-08-13 07:45:18,2026-08-13,America/Los_Angeles,dca,Disney California Adventure,Hollywood Land,294,Turtle Talk with Crush,TRUE,0,2026-08-13T14:40:42.000Z,2026-08-13 07:40:42,https://queue-times.com/parks/17/queue_times.json
2026-08-13T14:45:18.986Z,2026-08-13 07:45:18,2026-08-13,America/Los_Angeles,dca,Disney California Adventure,Pacific Wharf,869,The Bakery Tour,FALSE,0,2026-08-13T14:40:42.000Z,2026-08-13 07:40:42,https://queue-times.com/parks/17/queue_times.json
2026-08-13T14:45:18.986Z,2026-08-13 07:45:18,2026-08-13,America/Los_Angeles,dca,Disney California Adventure,Paradise Gardens Park,298,Golden Zephyr,FALSE,0,2026-08-13T14:40:42.000Z,2026-08-13 07:40:42,https://queue-times.com/parks/17/queue_times.json
2026-08-13T14:45:18.986Z,2026-08-13 07:45:18,2026-08-13,America/Los_Angeles,dca,Disney California Adventure,Paradise Gardens Park,319,Goofy's Sky School,FALSE,0,2026-08-13T14:40:42.000Z,2026-08-13 07:40:42,https://queue-times.com/parks/17/queue_times.json
2026-08-13T14:45:18.986Z,2026-08-13 07:45:18,2026-08-13,America/Los_Angeles,dca,Disney California Adventure,Paradise Gardens Park,301,Silly Symphony Swings,FALSE,0,2026-08-13T14:40:42.000Z,2026-08-13 07:40:42,https://queue-times.com/parks/17/queue_times.json
2026-08-13T14:45:18.986Z,2026-08-13 07:45:18,2026-08-13,America/Los_Angeles,dca,Disney California Adventure,Paradise Gardens Park,316,The Little Mermaid - Ariel's Undersea Adventure,FALSE,0,2026-08-13T14:40:42.000Z,2026-08-13 07:40:42,https://queue-times.com/parks/17/queue_times.json
2026-08-13T14:45:18.986Z,2026-08-13 07:45:18,2026-08-13,America/Los_Angeles,dca,Disney California Adventure,Paradise Gardens Park,11528,World of Color – ONE,FALSE,0,2026-08-13T14:40:42.000Z,2026-08-13 07:40:42,https://queue-times.com/parks/17/queue_times.json
2026-08-13T14:45:18.986Z,2026-08-13 07:45:18,2026-08-13,America/Los_Angeles,dca,Disney California Adventure,Paradise Gardens Park,14742,World of Color Happiness!,FALSE,0,2026-08-10T07:05:45.000Z,2026-08-10 00:05:45,https://queue-times.com/parks/17/queue_times.json
2026-08-13T14:45:18.986Z,2026-08-13 07:45:18,2026-08-13,America/Los_Angeles,dca,Disney California Adventure,Pixar Pier,866,Games of Pixar Pier,FALSE,0,2026-08-13T14:40:42.000Z,2026-08-13 07:40:42,https://queue-times.com/parks/17/queue_times.json
2026-08-13T14:45:18.986Z,2026-08-13 07:45:18,2026-08-13,America/Los_Angeles,dca,Disney California Adventure,Pixar Pier,322,Incredicoaster,FALSE,0,2026-08-13T14:40:42.000Z,2026-08-13 07:40:42,https://queue-times.com/parks/17/queue_times.json
2026-08-13T14:45:18.986Z,2026-08-13 07:45:18,2026-08-13,America/Los_Angeles,dca,Disney California Adventure,Pixar Pier,10906,Incredicoaster Single Rider,FALSE,0,2026-08-13T14:40:42.000Z,2026-08-13 07:40:42,https://queue-times.com/parks/17/queue_times.json
2026-08-13T14:45:18.986Z,2026-08-13 07:45:18,2026-08-13,America/Los_Angeles,dca,Disney California Adventure,Pixar Pier,6643,Inside Out Emotional Whirlwind,FALSE,0,2026-08-13T14:40:42.000Z,2026-08-13 07:40:42,https://queue-times.com/parks/17/queue_times.json
2026-08-13T14:45:18.986Z,2026-08-13 07:45:18,2026-08-13,America/Los_Angeles,dca,Disney California Adventure,Pixar Pier,310,Jessie's Critter Carousel,FALSE,0,2026-08-13T14:40:42.000Z,2026-08-13 07:40:42,https://queue-times.com/parks/17/queue_times.json
2026-08-13T14:45:18.986Z,2026-08-13 07:45:18,2026-08-13,America/Los_Angeles,dca,Disney California Adventure,Pixar Pier,300,Jumpin' Jellyfish,FALSE,0,2026-08-13T14:40:42.000Z,2026-08-13 07:40:42,https://queue-times.com/parks/17/queue_times.json
2026-08-13T14:45:18.986Z,2026-08-13 07:45:18,2026-08-13,America/Los_Angeles,dca,Disney California Adventure,Pixar Pier,311,Pixar Pal-A-Round - Swinging,FALSE,0,2026-08-13T14:40:42.000Z,2026-08-13 07:40:42,https://queue-times.com/parks/17/queue_times.json
2026-08-13T14:45:18.986Z,2026-08-13 07:45:18,2026-08-13,America/Los_Angeles,dca,Disney California Adventure,Pixar Pier,5557,Pixar Pal-A-Round – Non-Swinging,FALSE,0,2026-08-13T14:40:42.000Z,2026-08-13 07:40:42,https://queue-times.com/parks/17/queue_times.json
2026-08-13T14:45:18.986Z,2026-08-13 07:45:18,2026-08-13,America/Los_Angeles,dca,Disney California Adventure,Pixar Pier,313,Toy Story Midway Mania!,FALSE,0,2026-08-13T14:40:42.000Z,2026-08-13 07:40:42,https://queue-times.com/parks/17/queue_times.json
2026-08-13T15:00:23.009Z,2026-08-13 08:00:23,2026-08-13,America/Los_Angeles,disneyland,Disneyland,Adventureland,12428,Adventureland Treehouse inspired by Walt Disney’s Swiss Family Robinson,FALSE,0,2026-08-13T14:55:31.000Z,2026-08-13 07:55:31,https://queue-times.com/parks/16/queue_times.json
2026-08-13T15:00:23.009Z,2026-08-13 08:00:23,2026-08-13,America/Los_Angeles,disneyland,Disneyland,Adventureland,326,Indiana Jones™ Adventure,FALSE,0,2026-08-13T14:55:31.000Z,2026-08-13 07:55:31,https://queue-times.com/parks/16/queue_times.json
2026-08-13T15:00:23.009Z,2026-08-13 08:00:23,2026-08-13,America/Los_Angeles,disneyland,Disneyland,Adventureland,296,Jungle Cruise,FALSE,0,2026-08-13T14:55:31.000Z,2026-08-13 07:55:31,https://queue-times.com/parks/16/queue_times.json
2026-08-13T15:00:23.009Z,2026-08-13 08:00:23,2026-08-13,America/Los_Angeles,disneyland,Disneyland,Adventureland,288,Walt Disney's Enchanted Tiki Room,FALSE,0,2026-08-13T14:55:31.000Z,2026-08-13 07:55:31,https://queue-times.com/parks/16/queue_times.json
2026-08-13T15:00:23.009Z,2026-08-13 08:00:23,2026-08-13,America/Los_Angeles,disneyland,Disneyland,Bayou Country,304,Davy Crockett's Explorer Canoes,FALSE,0,2026-08-13T14:55:31.000Z,2026-08-13 07:55:31,https://queue-times.com/parks/16/queue_times.json
2026-08-13T15:00:23.009Z,2026-08-13 08:00:23,2026-08-13,America/Los_Angeles,disneyland,Disneyland,Bayou Country,306,The Many Adventures of Winnie the Pooh,FALSE,0,2026-08-13T14:55:31.000Z,2026-08-13 07:55:31,https://queue-times.com/parks/16/queue_times.json
2026-08-13T15:00:23.009Z,2026-08-13 08:00:23,2026-08-13,America/Los_Angeles,disneyland,Disneyland,Bayou Country,14168,Tiana's Bayou Adventure,FALSE,0,2026-08-13T14:55:31.000Z,2026-08-13 07:55:31,https://queue-times.com/parks/16/queue_times.json
2026-08-13T15:00:23.009Z,2026-08-13 08:00:23,2026-08-13,America/Los_Angeles,disneyland,Disneyland,Bayou Country,14326,Tiana's Bayou Adventure Single Rider,FALSE,0,2026-08-13T14:55:31.000Z,2026-08-13 07:55:31,https://queue-times.com/parks/16/queue_times.json
2026-08-13T15:00:23.009Z,2026-08-13 08:00:23,2026-08-13,America/Los_Angeles,disneyland,Disneyland,Fantasyland,307,"""it's a small world""",FALSE,0,2026-08-13T14:55:31.000Z,2026-08-13 07:55:31,https://queue-times.com/parks/16/queue_times.json
2026-08-13T15:00:23.009Z,2026-08-13 08:00:23,2026-08-13,America/Los_Angeles,disneyland,Disneyland,Fantasyland,285,Alice in Wonderland,FALSE,0,2026-08-13T14:55:31.000Z,2026-08-13 07:55:31,https://queue-times.com/parks/16/queue_times.json
2026-08-13T15:00:23.009Z,2026-08-13 08:00:23,2026-08-13,America/Los_Angeles,disneyland,Disneyland,Fantasyland,16254,Bluey’s Best Day Ever! at Fantasyland Theatre,TRUE,0,2026-08-13T14:55:31.000Z,2026-08-13 07:55:31,https://queue-times.com/parks/16/queue_times.json
2026-08-13T15:00:23.009Z,2026-08-13 08:00:23,2026-08-13,America/Los_Angeles,disneyland,Disneyland,Fantasyland,303,Casey Jr. Circus Train,FALSE,0,2026-08-13T14:55:31.000Z,2026-08-13 07:55:31,https://queue-times.com/parks/16/queue_times.json
2026-08-13T15:00:23.009Z,2026-08-13 08:00:23,2026-08-13,America/Los_Angeles,disneyland,Disneyland,Fantasyland,275,Dumbo the Flying Elephant,FALSE,0,2026-08-13T14:55:31.000Z,2026-08-13 07:55:31,https://queue-times.com/parks/16/queue_times.json
2026-08-13T15:00:23.009Z,2026-08-13 08:00:23,2026-08-13,America/Los_Angeles,disneyland,Disneyland,Fantasyland,277,King Arthur Carrousel,FALSE,0,2026-08-13T14:55:31.000Z,2026-08-13 07:55:31,https://queue-times.com/parks/16/queue_times.json
2026-08-13T15:00:23.009Z,2026-08-13 08:00:23,2026-08-13,America/Los_Angeles,disneyland,Disneyland,Fantasyland,278,Mad Tea Party,FALSE,0,2026-08-13T14:55:31.000Z,2026-08-13 07:55:31,https://queue-times.com/parks/16/queue_times.json
2026-08-13T15:00:23.009Z,2026-08-13 08:00:23,2026-08-13,America/Los_Angeles,disneyland,Disneyland,Fantasyland,279,Matterhorn Bobsleds,FALSE,0,2026-08-13T14:55:31.000Z,2026-08-13 07:55:31,https://queue-times.com/parks/16/queue_times.json
2026-08-13T15:00:23.009Z,2026-08-13 08:00:23,2026-08-13,America/Los_Angeles,disneyland,Disneyland,Fantasyland,6711,Meet Disney Princesses at Royal Hall,FALSE,0,2026-08-13T14:55:31.000Z,2026-08-13 07:55:31,https://queue-times.com/parks/16/queue_times.json
2026-08-13T15:00:23.009Z,2026-08-13 08:00:23,2026-08-13,America/Los_Angeles,disneyland,Disneyland,Fantasyland,280,Mr. Toad's Wild Ride,FALSE,0,2026-08-13T14:55:31.000Z,2026-08-13 07:55:31,https://queue-times.com/parks/16/queue_times.json
2026-08-13T15:00:23.009Z,2026-08-13 08:00:23,2026-08-13,America/Los_Angeles,disneyland,Disneyland,Fantasyland,281,Peter Pan's Flight,FALSE,0,2026-08-13T14:55:31.000Z,2026-08-13 07:55:31,https://queue-times.com/parks/16/queue_times.json
2026-08-13T15:00:23.009Z,2026-08-13 08:00:23,2026-08-13,America/Los_Angeles,disneyland,Disneyland,Fantasyland,282,Pinocchio's Daring Journey,FALSE,0,2026-08-13T14:55:31.000Z,2026-08-13 07:55:31,https://queue-times.com/parks/16/queue_times.json
2026-08-13T15:00:23.009Z,2026-08-13 08:00:23,2026-08-13,America/Los_Angeles,disneyland,Disneyland,Fantasyland,687,Sleeping Beauty Castle Walkthrough,FALSE,0,2026-08-13T14:55:31.000Z,2026-08-13 07:55:31,https://queue-times.com/parks/16/queue_times.json
2026-08-13T15:00:23.009Z,2026-08-13 08:00:23,2026-08-13,America/Los_Angeles,disneyland,Disneyland,Fantasyland,283,Snow White's Enchanted Wish,FALSE,0,2026-08-13T14:55:31.000Z,2026-08-13 07:55:31,https://queue-times.com/parks/16/queue_times.json
2026-08-13T15:00:23.009Z,2026-08-13 08:00:23,2026-08-13,America/Los_Angeles,disneyland,Disneyland,Fantasyland,305,Storybook Land Canal Boats,FALSE,0,2026-08-13T14:55:31.000Z,2026-08-13 07:55:31,https://queue-times.com/parks/16/queue_times.json
2026-08-13T15:00:23.009Z,2026-08-13 08:00:23,2026-08-13,America/Los_Angeles,disneyland,Disneyland,Frontierland,323,Big Thunder Mountain Railroad,FALSE,0,2026-08-13T14:55:31.000Z,2026-08-13 07:55:31,https://queue-times.com/parks/16/queue_times.json
2026-08-13T15:00:23.009Z,2026-08-13 08:00:23,2026-08-13,America/Los_Angeles,disneyland,Disneyland,Frontierland,679,Frontierland Shootin' Exposition,FALSE,0,2026-08-13T14:55:31.000Z,2026-08-13 07:55:31,https://queue-times.com/parks/16/queue_times.json
2026-08-13T15:00:23.009Z,2026-08-13 08:00:23,2026-08-13,America/Los_Angeles,disneyland,Disneyland,Frontierland,456,Mark Twain Riverboat,FALSE,0,2026-08-13T14:55:31.000Z,2026-08-13 07:55:31,https://queue-times.com/parks/16/queue_times.json
2026-08-13T15:00:23.009Z,2026-08-13 08:00:23,2026-08-13,America/Los_Angeles,disneyland,Disneyland,Frontierland,331,Pirate's Lair on Tom Sawyer Island,FALSE,0,2026-08-13T14:55:31.000Z,2026-08-13 07:55:31,https://queue-times.com/parks/16/queue_times.json
2026-08-13T15:00:23.009Z,2026-08-13 08:00:23,2026-08-13,America/Los_Angeles,disneyland,Disneyland,Frontierland,328,Sailing Ship Columbia,FALSE,0,2026-08-13T14:55:31.000Z,2026-08-13 07:55:31,https://queue-times.com/parks/16/queue_times.json
2026-08-13T15:00:23.009Z,2026-08-13 08:00:23,2026-08-13,America/Los_Angeles,disneyland,Disneyland,Main Street U.S.A,674,Disneyland Railroad,FALSE,0,2026-08-13T14:55:31.000Z,2026-08-13 07:55:31,https://queue-times.com/parks/16/queue_times.json
2026-08-13T15:00:23.009Z,2026-08-13 08:00:23,2026-08-13,America/Los_Angeles,disneyland,Disneyland,Main Street U.S.A,690,Great Moments with Mr. Lincoln,FALSE,0,2026-08-13T14:55:31.000Z,2026-08-13 07:55:31,https://queue-times.com/parks/16/queue_times.json
2026-08-13T15:00:23.009Z,2026-08-13 08:00:23,2026-08-13,America/Los_Angeles,disneyland,Disneyland,Main Street U.S.A,686,Main Street Cinema,FALSE,0,2026-08-13T14:55:31.000Z,2026-08-13 07:55:31,https://queue-times.com/parks/16/queue_times.json
2026-08-13T15:00:23.009Z,2026-08-13 08:00:23,2026-08-13,America/Los_Angeles,disneyland,Disneyland,Main Street U.S.A,691,Main Street Vehicles,FALSE,0,2026-08-13T14:55:31.000Z,2026-08-13 07:55:31,https://queue-times.com/parks/16/queue_times.json
2026-08-13T15:00:23.009Z,2026-08-13 08:00:23,2026-08-13,America/Los_Angeles,disneyland,Disneyland,Main Street U.S.A,14915,Opera House - Walt Disney - A Magical Life,FALSE,0,2026-08-13T14:55:31.000Z,2026-08-13 07:55:31,https://queue-times.com/parks/16/queue_times.json
2026-08-13T15:00:23.009Z,2026-08-13 08:00:23,2026-08-13,America/Los_Angeles,disneyland,Disneyland,Main Street U.S.A,695,The Disney Gallery,FALSE,0,2026-08-13T14:55:31.000Z,2026-08-13 07:55:31,https://queue-times.com/parks/16/queue_times.json
2026-08-13T15:00:23.009Z,2026-08-13 08:00:23,2026-08-13,America/Los_Angeles,disneyland,Disneyland,Main Street U.S.A,14923,Walt Disney - A Magical Life,FALSE,0,2026-08-13T14:55:31.000Z,2026-08-13 07:55:31,https://queue-times.com/parks/16/queue_times.json
2026-08-13T15:00:23.009Z,2026-08-13 08:00:23,2026-08-13,America/Los_Angeles,disneyland,Disneyland,Mickey's Toontown,324,Chip 'n' Dale's GADGETcoaster,FALSE,0,2026-08-13T14:55:31.000Z,2026-08-13 07:55:31,https://queue-times.com/parks/16/queue_times.json
2026-08-13T15:00:23.009Z,2026-08-13 08:00:23,2026-08-13,America/Los_Angeles,disneyland,Disneyland,Mickey's Toontown,13814,Donald's Duck Pond,FALSE,0,2026-08-13T14:55:31.000Z,2026-08-13 07:55:31,https://queue-times.com/parks/16/queue_times.json
2026-08-13T15:00:23.009Z,2026-08-13 08:00:23,2026-08-13,America/Los_Angeles,disneyland,Disneyland,Mickey's Toontown,11980,Goofy's How-to-Play Yard,FALSE,0,2026-08-13T14:55:31.000Z,2026-08-13 07:55:31,https://queue-times.com/parks/16/queue_times.json
2026-08-13T15:00:23.009Z,2026-08-13 08:00:23,2026-08-13,America/Los_Angeles,disneyland,Disneyland,Mickey's Toontown,11526,Mickey & Minnie's Runaway Railway,FALSE,0,2026-08-13T14:55:31.000Z,2026-08-13 07:55:31,https://queue-times.com/parks/16/queue_times.json
2026-08-13T15:00:23.009Z,2026-08-13 08:00:23,2026-08-13,America/Los_Angeles,disneyland,Disneyland,Mickey's Toontown,709,Mickey's House and Meet Mickey Mouse,FALSE,0,2026-08-13T14:55:31.000Z,2026-08-13 07:55:31,https://queue-times.com/parks/16/queue_times.json
2026-08-13T15:00:23.009Z,2026-08-13 08:00:23,2026-08-13,America/Los_Angeles,disneyland,Disneyland,Mickey's Toontown,327,Mickey's House and Meet Mickey Mouse,FALSE,0,2026-08-13T14:55:31.000Z,2026-08-13 07:55:31,https://queue-times.com/parks/16/queue_times.json
2026-08-13T15:00:23.009Z,2026-08-13 08:00:23,2026-08-13,America/Los_Angeles,disneyland,Disneyland,Mickey's Toontown,684,Minnie's House,FALSE,0,2026-08-13T14:55:31.000Z,2026-08-13 07:55:31,https://queue-times.com/parks/16/queue_times.json
2026-08-13T15:00:23.009Z,2026-08-13 08:00:23,2026-08-13,America/Los_Angeles,disneyland,Disneyland,Mickey's Toontown,332,Roger Rabbit's Car Toon Spin,FALSE,0,2026-08-13T14:55:31.000Z,2026-08-13 07:55:31,https://queue-times.com/parks/16/queue_times.json
2026-08-13T15:00:23.009Z,2026-08-13 08:00:23,2026-08-13,America/Los_Angeles,disneyland,Disneyland,New Orleans Square,13958,Haunted Mansion,FALSE,0,2026-08-13T14:55:31.000Z,2026-08-13 07:55:31,https://queue-times.com/parks/16/queue_times.json
2026-08-13T15:00:23.009Z,2026-08-13 08:00:23,2026-08-13,America/Los_Angeles,disneyland,Disneyland,New Orleans Square,289,Pirates of the Caribbean,FALSE,0,2026-08-13T14:55:31.000Z,2026-08-13 07:55:31,https://queue-times.com/parks/16/queue_times.json
2026-08-13T15:00:23.009Z,2026-08-13 08:00:23,2026-08-13,America/Los_Angeles,disneyland,Disneyland,Star Wars: Galaxy's Edge,6339,Millennium Falcon: Smugglers Run,FALSE,0,2026-08-13T14:55:31.000Z,2026-08-13 07:55:31,https://queue-times.com/parks/16/queue_times.json
2026-08-13T15:00:23.009Z,2026-08-13 08:00:23,2026-08-13,America/Los_Angeles,disneyland,Disneyland,Star Wars: Galaxy's Edge,10903,Millennium Falcon: Smugglers Run Single Rider,FALSE,0,2026-08-13T14:55:31.000Z,2026-08-13 07:55:31,https://queue-times.com/parks/16/queue_times.json
2026-08-13T15:00:23.009Z,2026-08-13 08:00:23,2026-08-13,America/Los_Angeles,disneyland,Disneyland,Star Wars: Galaxy's Edge,6340,Star Wars: Rise of the Resistance,FALSE,0,2026-08-13T14:55:31.000Z,2026-08-13 07:55:31,https://queue-times.com/parks/16/queue_times.json
2026-08-13T15:00:23.009Z,2026-08-13 08:00:23,2026-08-13,America/Los_Angeles,disneyland,Disneyland,Tomorrowland,287,Astro Orbitor,FALSE,0,2026-08-13T14:55:31.000Z,2026-08-13 07:55:31,https://queue-times.com/parks/16/queue_times.json
2026-08-13T15:00:23.009Z,2026-08-13 08:00:23,2026-08-13,America/Los_Angeles,disneyland,Disneyland,Tomorrowland,317,Autopia,FALSE,0,2026-08-13T14:55:31.000Z,2026-08-13 07:55:31,https://queue-times.com/parks/16/queue_times.json
2026-08-13T15:00:23.009Z,2026-08-13 08:00:23,2026-08-13,America/Los_Angeles,disneyland,Disneyland,Tomorrowland,273,Buzz Lightyear Astro Blasters,FALSE,0,2026-08-13T14:55:31.000Z,2026-08-13 07:55:31,https://queue-times.com/parks/16/queue_times.json
2026-08-13T15:00:23.009Z,2026-08-13 08:00:23,2026-08-13,America/Los_Angeles,disneyland,Disneyland,Tomorrowland,274,Disneyland Monorail,FALSE,0,2026-08-13T14:55:31.000Z,2026-08-13 07:55:31,https://queue-times.com/parks/16/queue_times.json
2026-08-13T15:00:23.009Z,2026-08-13 08:00:23,2026-08-13,America/Los_Angeles,disneyland,Disneyland,Tomorrowland,276,Finding Nemo Submarine Voyage,FALSE,0,2026-08-13T14:55:31.000Z,2026-08-13 07:55:31,https://queue-times.com/parks/16/queue_times.json
2026-08-13T15:00:23.009Z,2026-08-13 08:00:23,2026-08-13,America/Los_Angeles,disneyland,Disneyland,Tomorrowland,16627,Pixar Short Film Spotlight,FALSE,0,2026-08-13T14:55:31.000Z,2026-08-13 07:55:31,https://queue-times.com/parks/16/queue_times.json
2026-08-13T15:00:23.009Z,2026-08-13 08:00:23,2026-08-13,America/Los_Angeles,disneyland,Disneyland,Tomorrowland,284,Space Mountain,FALSE,0,2026-08-13T14:55:31.000Z,2026-08-13 07:55:31,https://queue-times.com/parks/16/queue_times.json
2026-08-13T15:00:23.009Z,2026-08-13 08:00:23,2026-08-13,America/Los_Angeles,disneyland,Disneyland,Tomorrowland,286,Star Tours - The Adventures Continue,FALSE,0,2026-08-13T14:55:31.000Z,2026-08-13 07:55:31,https://queue-times.com/parks/16/queue_times.json
2026-08-13T15:00:23.009Z,2026-08-13 08:00:23,2026-08-13,America/Los_Angeles,dca,Disney California Adventure,Avengers Campus,329,Guardians of the Galaxy - Mission: BREAKOUT!,FALSE,0,2026-08-13T14:55:36.000Z,2026-08-13 07:55:36,https://queue-times.com/parks/17/queue_times.json
2026-08-13T15:00:23.009Z,2026-08-13 08:00:23,2026-08-13,America/Los_Angeles,dca,Disney California Adventure,Avengers Campus,8843,WEB SLINGERS: A Spider-Man Adventure,FALSE,0,2026-08-13T14:55:36.000Z,2026-08-13 07:55:36,https://queue-times.com/parks/17/queue_times.json
2026-08-13T15:00:23.009Z,2026-08-13 08:00:23,2026-08-13,America/Los_Angeles,dca,Disney California Adventure,Avengers Campus,10907,WEB SLINGERS: A Spider-Man Adventure Single Rider,FALSE,0,2026-08-13T14:55:36.000Z,2026-08-13 07:55:36,https://queue-times.com/parks/17/queue_times.json
2026-08-13T15:00:23.009Z,2026-08-13 08:00:23,2026-08-13,America/Los_Angeles,dca,Disney California Adventure,Cars Land,13961,Luigi's Rollickin' Roadsters,FALSE,0,2026-08-13T14:55:36.000Z,2026-08-13 07:55:36,https://queue-times.com/parks/17/queue_times.json
2026-08-13T15:00:23.009Z,2026-08-13 08:00:23,2026-08-13,America/Los_Angeles,dca,Disney California Adventure,Cars Land,315,Mater's Junkyard Jamboree,FALSE,0,2026-08-13T14:55:36.000Z,2026-08-13 07:55:36,https://queue-times.com/parks/17/queue_times.json
2026-08-13T15:00:23.009Z,2026-08-13 08:00:23,2026-08-13,America/Los_Angeles,dca,Disney California Adventure,Cars Land,295,Radiator Springs Racers,FALSE,0,2026-08-13T14:55:36.000Z,2026-08-13 07:55:36,https://queue-times.com/parks/17/queue_times.json
2026-08-13T15:00:23.009Z,2026-08-13 08:00:23,2026-08-13,America/Los_Angeles,dca,Disney California Adventure,Cars Land,10904,Radiator Springs Racers Single Rider,FALSE,0,2026-08-13T14:55:36.000Z,2026-08-13 07:55:36,https://queue-times.com/parks/17/queue_times.json
2026-08-13T15:00:23.009Z,2026-08-13 08:00:23,2026-08-13,America/Los_Angeles,dca,Disney California Adventure,Grizzly Peak,302,Grizzly River Run,FALSE,0,2026-08-13T14:55:36.000Z,2026-08-13 07:55:36,https://queue-times.com/parks/17/queue_times.json
2026-08-13T15:00:23.009Z,2026-08-13 08:00:23,2026-08-13,America/Los_Angeles,dca,Disney California Adventure,Grizzly Peak,293,Redwood Creek Challenge Trail,FALSE,0,2026-08-13T14:55:36.000Z,2026-08-13 07:55:36,https://queue-times.com/parks/17/queue_times.json
2026-08-13T15:00:23.009Z,2026-08-13 08:00:23,2026-08-13,America/Los_Angeles,dca,Disney California Adventure,Grizzly Peak,17129,Soarin’ Across America,FALSE,0,2026-08-13T14:55:36.000Z,2026-08-13 07:55:36,https://queue-times.com/parks/17/queue_times.json
2026-08-13T15:00:23.009Z,2026-08-13 08:00:23,2026-08-13,America/Los_Angeles,dca,Disney California Adventure,Hollywood Land,321,Animation Academy,TRUE,0,2026-08-13T14:55:36.000Z,2026-08-13 07:55:36,https://queue-times.com/parks/17/queue_times.json
2026-08-13T15:00:23.009Z,2026-08-13 08:00:23,2026-08-13,America/Los_Angeles,dca,Disney California Adventure,Hollywood Land,6440,Mickey's PhilharMagic,TRUE,10,2026-08-13T14:55:36.000Z,2026-08-13 07:55:36,https://queue-times.com/parks/17/queue_times.json
2026-08-13T15:00:23.009Z,2026-08-13 08:00:23,2026-08-13,America/Los_Angeles,dca,Disney California Adventure,Hollywood Land,291,"Monsters, Inc. Mike & Sulley to the Rescue!",FALSE,0,2026-08-13T14:55:36.000Z,2026-08-13 07:55:36,https://queue-times.com/parks/17/queue_times.json
2026-08-13T15:00:23.009Z,2026-08-13 08:00:23,2026-08-13,America/Los_Angeles,dca,Disney California Adventure,Hollywood Land,868,Sorcerer's Workshop,FALSE,0,2026-08-13T14:55:36.000Z,2026-08-13 07:55:36,https://queue-times.com/parks/17/queue_times.json
2026-08-13T15:00:23.009Z,2026-08-13 08:00:23,2026-08-13,America/Los_Angeles,dca,Disney California Adventure,Hollywood Land,294,Turtle Talk with Crush,TRUE,0,2026-08-13T14:55:36.000Z,2026-08-13 07:55:36,https://queue-times.com/parks/17/queue_times.json
2026-08-13T15:00:23.009Z,2026-08-13 08:00:23,2026-08-13,America/Los_Angeles,dca,Disney California Adventure,Pacific Wharf,869,The Bakery Tour,FALSE,0,2026-08-13T14:55:36.000Z,2026-08-13 07:55:36,https://queue-times.com/parks/17/queue_times.json
2026-08-13T15:00:23.009Z,2026-08-13 08:00:23,2026-08-13,America/Los_Angeles,dca,Disney California Adventure,Paradise Gardens Park,298,Golden Zephyr,FALSE,0,2026-08-13T14:55:36.000Z,2026-08-13 07:55:36,https://queue-times.com/parks/17/queue_times.json
2026-08-13T15:00:23.009Z,2026-08-13 08:00:23,2026-08-13,America/Los_Angeles,dca,Disney California Adventure,Paradise Gardens Park,319,Goofy's Sky School,FALSE,0,2026-08-13T14:55:36.000Z,2026-08-13 07:55:36,https://queue-times.com/parks/17/queue_times.json
2026-08-13T15:00:23.009Z,2026-08-13 08:00:23,2026-08-13,America/Los_Angeles,dca,Disney California Adventure,Paradise Gardens Park,301,Silly Symphony Swings,FALSE,0,2026-08-13T14:55:36.000Z,2026-08-13 07:55:36,https://queue-times.com/parks/17/queue_times.json
2026-08-13T15:00:23.009Z,2026-08-13 08:00:23,2026-08-13,America/Los_Angeles,dca,Disney California Adventure,Paradise Gardens Park,316,The Little Mermaid - Ariel's Undersea Adventure,FALSE,0,2026-08-13T14:55:36.000Z,2026-08-13 07:55:36,https://queue-times.com/parks/17/queue_times.json
2026-08-13T15:00:23.009Z,2026-08-13 08:00:23,2026-08-13,America/Los_Angeles,dca,Disney California Adventure,Paradise Gardens Park,11528,World of Color – ONE,FALSE,0,2026-08-13T14:55:36.000Z,2026-08-13 07:55:36,https://queue-times.com/parks/17/queue_times.json
2026-08-13T15:00:23.009Z,2026-08-13 08:00:23,2026-08-13,America/Los_Angeles,dca,Disney California Adventure,Paradise Gardens Park,14742,World of Color Happiness!,FALSE,0,2026-08-10T07:05:45.000Z,2026-08-10 00:05:45,https://queue-times.com/parks/17/queue_times.json
2026-08-13T15:00:23.009Z,2026-08-13 08:00:23,2026-08-13,America/Los_Angeles,dca,Disney California Adventure,Pixar Pier,866,Games of Pixar Pier,FALSE,0,2026-08-13T14:55:36.000Z,2026-08-13 07:55:36,https://queue-times.com/parks/17/queue_times.json
2026-08-13T15:00:23.009Z,2026-08-13 08:00:23,2026-08-13,America/Los_Angeles,dca,Disney California Adventure,Pixar Pier,322,Incredicoaster,FALSE,0,2026-08-13T14:55:36.000Z,2026-08-13 07:55:36,https://queue-times.com/parks/17/queue_times.json
2026-08-13T15:00:23.009Z,2026-08-13 08:00:23,2026-08-13,America/Los_Angeles,dca,Disney California Adventure,Pixar Pier,10906,Incredicoaster Single Rider,FALSE,0,2026-08-13T14:55:36.000Z,2026-08-13 07:55:36,https://queue-times.com/parks/17/queue_times.json
2026-08-13T15:00:23.009Z,2026-08-13 08:00:23,2026-08-13,America/Los_Angeles,dca,Disney California Adventure,Pixar Pier,6643,Inside Out Emotional Whirlwind,FALSE,0,2026-08-13T14:55:36.000Z,2026-08-13 07:55:36,https://queue-times.com/parks/17/queue_times.json
2026-08-13T15:00:23.009Z,2026-08-13 08:00:23,2026-08-13,America/Los_Angeles,dca,Disney California Adventure,Pixar Pier,310,Jessie's Critter Carousel,FALSE,0,2026-08-13T14:55:36.000Z,2026-08-13 07:55:36,https://queue-times.com/parks/17/queue_times.json
2026-08-13T15:00:23.009Z,2026-08-13 08:00:23,2026-08-13,America/Los_Angeles,dca,Disney California Adventure,Pixar Pier,300,Jumpin' Jellyfish,FALSE,0,2026-08-13T14:55:36.000Z,2026-08-13 07:55:36,https://queue-times.com/parks/17/queue_times.json
2026-08-13T15:00:23.009Z,2026-08-13 08:00:23,2026-08-13,America/Los_Angeles,dca,Disney California Adventure,Pixar Pier,311,Pixar Pal-A-Round - Swinging,FALSE,0,2026-08-13T14:55:36.000Z,2026-08-13 07:55:36,https://queue-times.com/parks/17/queue_times.json
2026-08-13T15:00:23.009Z,2026-08-13 08:00:23,2026-08-13,America/Los_Angeles,dca,Disney California Adventure,Pixar Pier,5557,Pixar Pal-A-Round – Non-Swinging,FALSE,0,2026-08-13T14:55:36.000Z,2026-08-13 07:55:36,https://queue-times.com/parks/17/queue_times.json
2026-08-13T15:00:23.009Z,2026-08-13 08:00:23,2026-08-13,America/Los_Angeles,dca,Disney California Adventure,Pixar Pier,313,Toy Story Midway Mania!,FALSE,0,2026-08-13T14:55:36.000Z,2026-08-13 07:55:36,https://queue-times.com/parks/17/queue_times.json
2026-08-13T15:12:44.093Z,2026-08-13 08:12:44,2026-08-13,America/Los_Angeles,disneyland,Disneyland,Adventureland,12428,Adventureland Treehouse inspired by Walt Disney’s Swiss Family Robinson,TRUE,0,2026-08-13T15:10:34.000Z,2026-08-13 08:10:34,https://queue-times.com/parks/16/queue_times.json
2026-08-13T15:12:44.093Z,2026-08-13 08:12:44,2026-08-13,America/Los_Angeles,disneyland,Disneyland,Adventureland,326,Indiana Jones™ Adventure,TRUE,20,2026-08-13T15:10:34.000Z,2026-08-13 08:10:34,https://queue-times.com/parks/16/queue_times.json
2026-08-13T15:12:44.093Z,2026-08-13 08:12:44,2026-08-13,America/Los_Angeles,disneyland,Disneyland,Adventureland,296,Jungle Cruise,TRUE,0,2026-08-13T15:10:34.000Z,2026-08-13 08:10:34,https://queue-times.com/parks/16/queue_times.json
2026-08-13T15:12:44.093Z,2026-08-13 08:12:44,2026-08-13,America/Los_Angeles,disneyland,Disneyland,Adventureland,288,Walt Disney's Enchanted Tiki Room,TRUE,0,2026-08-13T15:10:34.000Z,2026-08-13 08:10:34,https://queue-times.com/parks/16/queue_times.json
2026-08-13T15:12:44.093Z,2026-08-13 08:12:44,2026-08-13,America/Los_Angeles,disneyland,Disneyland,Bayou Country,304,Davy Crockett's Explorer Canoes,FALSE,0,2026-08-13T15:10:34.000Z,2026-08-13 08:10:34,https://queue-times.com/parks/16/queue_times.json
2026-08-13T15:12:44.093Z,2026-08-13 08:12:44,2026-08-13,America/Los_Angeles,disneyland,Disneyland,Bayou Country,306,The Many Adventures of Winnie the Pooh,FALSE,0,2026-08-13T15:10:34.000Z,2026-08-13 08:10:34,https://queue-times.com/parks/16/queue_times.json
2026-08-13T15:12:44.093Z,2026-08-13 08:12:44,2026-08-13,America/Los_Angeles,disneyland,Disneyland,Bayou Country,14168,Tiana's Bayou Adventure,TRUE,5,2026-08-13T15:10:34.000Z,2026-08-13 08:10:34,https://queue-times.com/parks/16/queue_times.json
2026-08-13T15:12:44.093Z,2026-08-13 08:12:44,2026-08-13,America/Los_Angeles,disneyland,Disneyland,Bayou Country,14326,Tiana's Bayou Adventure Single Rider,TRUE,0,2026-08-13T15:10:34.000Z,2026-08-13 08:10:34,https://queue-times.com/parks/16/queue_times.json
2026-08-13T15:12:44.093Z,2026-08-13 08:12:44,2026-08-13,America/Los_Angeles,disneyland,Disneyland,Fantasyland,307,"""it's a small world""",TRUE,5,2026-08-13T15:10:34.000Z,2026-08-13 08:10:34,https://queue-times.com/parks/16/queue_times.json
2026-08-13T15:12:44.093Z,2026-08-13 08:12:44,2026-08-13,America/Los_Angeles,disneyland,Disneyland,Fantasyland,285,Alice in Wonderland,TRUE,10,2026-08-13T15:10:34.000Z,2026-08-13 08:10:34,https://queue-times.com/parks/16/queue_times.json
2026-08-13T15:12:44.093Z,2026-08-13 08:12:44,2026-08-13,America/Los_Angeles,disneyland,Disneyland,Fantasyland,16254,Bluey’s Best Day Ever! at Fantasyland Theatre,TRUE,0,2026-08-13T15:10:34.000Z,2026-08-13 08:10:34,https://queue-times.com/parks/16/queue_times.json
2026-08-13T15:12:44.093Z,2026-08-13 08:12:44,2026-08-13,America/Los_Angeles,disneyland,Disneyland,Fantasyland,303,Casey Jr. Circus Train,TRUE,5,2026-08-13T15:10:34.000Z,2026-08-13 08:10:34,https://queue-times.com/parks/16/queue_times.json
2026-08-13T15:12:44.093Z,2026-08-13 08:12:44,2026-08-13,America/Los_Angeles,disneyland,Disneyland,Fantasyland,275,Dumbo the Flying Elephant,TRUE,5,2026-08-13T15:10:34.000Z,2026-08-13 08:10:34,https://queue-times.com/parks/16/queue_times.json
2026-08-13T15:12:44.093Z,2026-08-13 08:12:44,2026-08-13,America/Los_Angeles,disneyland,Disneyland,Fantasyland,277,King Arthur Carrousel,TRUE,5,2026-08-13T15:10:34.000Z,2026-08-13 08:10:34,https://queue-times.com/parks/16/queue_times.json
2026-08-13T15:12:44.093Z,2026-08-13 08:12:44,2026-08-13,America/Los_Angeles,disneyland,Disneyland,Fantasyland,278,Mad Tea Party,TRUE,5,2026-08-13T15:10:34.000Z,2026-08-13 08:10:34,https://queue-times.com/parks/16/queue_times.json
2026-08-13T15:12:44.093Z,2026-08-13 08:12:44,2026-08-13,America/Los_Angeles,disneyland,Disneyland,Fantasyland,279,Matterhorn Bobsleds,TRUE,15,2026-08-13T15:10:34.000Z,2026-08-13 08:10:34,https://queue-times.com/parks/16/queue_times.json
2026-08-13T15:12:44.093Z,2026-08-13 08:12:44,2026-08-13,America/Los_Angeles,disneyland,Disneyland,Fantasyland,6711,Meet Disney Princesses at Royal Hall,FALSE,0,2026-08-13T15:10:34.000Z,2026-08-13 08:10:34,https://queue-times.com/parks/16/queue_times.json
2026-08-13T15:12:44.093Z,2026-08-13 08:12:44,2026-08-13,America/Los_Angeles,disneyland,Disneyland,Fantasyland,280,Mr. Toad's Wild Ride,TRUE,5,2026-08-13T15:10:34.000Z,2026-08-13 08:10:34,https://queue-times.com/parks/16/queue_times.json
2026-08-13T15:12:44.093Z,2026-08-13 08:12:44,2026-08-13,America/Los_Angeles,disneyland,Disneyland,Fantasyland,281,Peter Pan's Flight,TRUE,30,2026-08-13T15:10:34.000Z,2026-08-13 08:10:34,https://queue-times.com/parks/16/queue_times.json
2026-08-13T15:12:44.093Z,2026-08-13 08:12:44,2026-08-13,America/Los_Angeles,disneyland,Disneyland,Fantasyland,282,Pinocchio's Daring Journey,TRUE,5,2026-08-13T15:10:34.000Z,2026-08-13 08:10:34,https://queue-times.com/parks/16/queue_times.json
2026-08-13T15:12:44.093Z,2026-08-13 08:12:44,2026-08-13,America/Los_Angeles,disneyland,Disneyland,Fantasyland,687,Sleeping Beauty Castle Walkthrough,FALSE,0,2026-08-13T15:10:34.000Z,2026-08-13 08:10:34,https://queue-times.com/parks/16/queue_times.json
2026-08-13T15:12:44.093Z,2026-08-13 08:12:44,2026-08-13,America/Los_Angeles,disneyland,Disneyland,Fantasyland,283,Snow White's Enchanted Wish,TRUE,5,2026-08-13T15:10:34.000Z,2026-08-13 08:10:34,https://queue-times.com/parks/16/queue_times.json
2026-08-13T15:12:44.093Z,2026-08-13 08:12:44,2026-08-13,America/Los_Angeles,disneyland,Disneyland,Fantasyland,305,Storybook Land Canal Boats,TRUE,5,2026-08-13T15:10:34.000Z,2026-08-13 08:10:34,https://queue-times.com/parks/16/queue_times.json
2026-08-13T15:12:44.093Z,2026-08-13 08:12:44,2026-08-13,America/Los_Angeles,disneyland,Disneyland,Frontierland,323,Big Thunder Mountain Railroad,TRUE,10,2026-08-13T15:10:34.000Z,2026-08-13 08:10:34,https://queue-times.com/parks/16/queue_times.json
2026-08-13T15:12:44.093Z,2026-08-13 08:12:44,2026-08-13,America/Los_Angeles,disneyland,Disneyland,Frontierland,679,Frontierland Shootin' Exposition,FALSE,0,2026-08-13T15:10:34.000Z,2026-08-13 08:10:34,https://queue-times.com/parks/16/queue_times.json
2026-08-13T15:12:44.093Z,2026-08-13 08:12:44,2026-08-13,America/Los_Angeles,disneyland,Disneyland,Frontierland,456,Mark Twain Riverboat,FALSE,0,2026-08-13T15:10:34.000Z,2026-08-13 08:10:34,https://queue-times.com/parks/16/queue_times.json
2026-08-13T15:12:44.093Z,2026-08-13 08:12:44,2026-08-13,America/Los_Angeles,disneyland,Disneyland,Frontierland,331,Pirate's Lair on Tom Sawyer Island,FALSE,0,2026-08-13T15:10:34.000Z,2026-08-13 08:10:34,https://queue-times.com/parks/16/queue_times.json
2026-08-13T15:12:44.093Z,2026-08-13 08:12:44,2026-08-13,America/Los_Angeles,disneyland,Disneyland,Frontierland,328,Sailing Ship Columbia,FALSE,0,2026-08-13T15:10:34.000Z,2026-08-13 08:10:34,https://queue-times.com/parks/16/queue_times.json
2026-08-13T15:12:44.093Z,2026-08-13 08:12:44,2026-08-13,America/Los_Angeles,disneyland,Disneyland,Main Street U.S.A,674,Disneyland Railroad,FALSE,0,2026-08-13T15:10:34.000Z,2026-08-13 08:10:34,https://queue-times.com/parks/16/queue_times.json
2026-08-13T15:12:44.093Z,2026-08-13 08:12:44,2026-08-13,America/Los_Angeles,disneyland,Disneyland,Main Street U.S.A,690,Great Moments with Mr. Lincoln,TRUE,0,2026-08-13T15:10:34.000Z,2026-08-13 08:10:34,https://queue-times.com/parks/16/queue_times.json
2026-08-13T15:12:44.093Z,2026-08-13 08:12:44,2026-08-13,America/Los_Angeles,disneyland,Disneyland,Main Street U.S.A,686,Main Street Cinema,FALSE,0,2026-08-13T15:10:34.000Z,2026-08-13 08:10:34,https://queue-times.com/parks/16/queue_times.json
2026-08-13T15:12:44.093Z,2026-08-13 08:12:44,2026-08-13,America/Los_Angeles,disneyland,Disneyland,Main Street U.S.A,691,Main Street Vehicles,TRUE,0,2026-08-13T15:10:34.000Z,2026-08-13 08:10:34,https://queue-times.com/parks/16/queue_times.json
2026-08-13T15:12:44.093Z,2026-08-13 08:12:44,2026-08-13,America/Los_Angeles,disneyland,Disneyland,Main Street U.S.A,14915,Opera House - Walt Disney - A Magical Life,TRUE,0,2026-08-13T15:10:34.000Z,2026-08-13 08:10:34,https://queue-times.com/parks/16/queue_times.json
2026-08-13T15:12:44.093Z,2026-08-13 08:12:44,2026-08-13,America/Los_Angeles,disneyland,Disneyland,Main Street U.S.A,695,The Disney Gallery,TRUE,0,2026-08-13T15:10:34.000Z,2026-08-13 08:10:34,https://queue-times.com/parks/16/queue_times.json
2026-08-13T15:12:44.093Z,2026-08-13 08:12:44,2026-08-13,America/Los_Angeles,disneyland,Disneyland,Main Street U.S.A,14923,Walt Disney - A Magical Life,FALSE,0,2026-08-13T15:10:34.000Z,2026-08-13 08:10:34,https://queue-times.com/parks/16/queue_times.json
2026-08-13T15:12:44.093Z,2026-08-13 08:12:44,2026-08-13,America/Los_Angeles,disneyland,Disneyland,Mickey's Toontown,324,Chip 'n' Dale's GADGETcoaster,TRUE,5,2026-08-13T15:10:34.000Z,2026-08-13 08:10:34,https://queue-times.com/parks/16/queue_times.json
2026-08-13T15:12:44.093Z,2026-08-13 08:12:44,2026-08-13,America/Los_Angeles,disneyland,Disneyland,Mickey's Toontown,13814,Donald's Duck Pond,TRUE,0,2026-08-13T15:10:34.000Z,2026-08-13 08:10:34,https://queue-times.com/parks/16/queue_times.json
2026-08-13T15:12:44.093Z,2026-08-13 08:12:44,2026-08-13,America/Los_Angeles,disneyland,Disneyland,Mickey's Toontown,11980,Goofy's How-to-Play Yard,TRUE,0,2026-08-13T15:10:34.000Z,2026-08-13 08:10:34,https://queue-times.com/parks/16/queue_times.json
2026-08-13T15:12:44.093Z,2026-08-13 08:12:44,2026-08-13,America/Los_Angeles,disneyland,Disneyland,Mickey's Toontown,11526,Mickey & Minnie's Runaway Railway,TRUE,5,2026-08-13T15:10:34.000Z,2026-08-13 08:10:34,https://queue-times.com/parks/16/queue_times.json
2026-08-13T15:12:44.093Z,2026-08-13 08:12:44,2026-08-13,America/Los_Angeles,disneyland,Disneyland,Mickey's Toontown,709,Mickey's House and Meet Mickey Mouse,TRUE,0,2026-08-13T15:10:34.000Z,2026-08-13 08:10:34,https://queue-times.com/parks/16/queue_times.json
2026-08-13T15:12:44.093Z,2026-08-13 08:12:44,2026-08-13,America/Los_Angeles,disneyland,Disneyland,Mickey's Toontown,327,Mickey's House and Meet Mickey Mouse,FALSE,0,2026-08-13T15:10:34.000Z,2026-08-13 08:10:34,https://queue-times.com/parks/16/queue_times.json
2026-08-13T15:12:44.093Z,2026-08-13 08:12:44,2026-08-13,America/Los_Angeles,disneyland,Disneyland,Mickey's Toontown,684,Minnie's House,FALSE,0,2026-08-13T15:10:34.000Z,2026-08-13 08:10:34,https://queue-times.com/parks/16/queue_times.json
2026-08-13T15:12:44.093Z,2026-08-13 08:12:44,2026-08-13,America/Los_Angeles,disneyland,Disneyland,Mickey's Toontown,332,Roger Rabbit's Car Toon Spin,FALSE,0,2026-08-13T15:10:34.000Z,2026-08-13 08:10:34,https://queue-times.com/parks/16/queue_times.json
2026-08-13T15:12:44.093Z,2026-08-13 08:12:44,2026-08-13,America/Los_Angeles,disneyland,Disneyland,New Orleans Square,13958,Haunted Mansion,FALSE,0,2026-08-13T15:10:34.000Z,2026-08-13 08:10:34,https://queue-times.com/parks/16/queue_times.json
2026-08-13T15:12:44.093Z,2026-08-13 08:12:44,2026-08-13,America/Los_Angeles,disneyland,Disneyland,New Orleans Square,289,Pirates of the Caribbean,TRUE,5,2026-08-13T15:10:34.000Z,2026-08-13 08:10:34,https://queue-times.com/parks/16/queue_times.json
2026-08-13T15:12:44.093Z,2026-08-13 08:12:44,2026-08-13,America/Los_Angeles,disneyland,Disneyland,Star Wars: Galaxy's Edge,6339,Millennium Falcon: Smugglers Run,TRUE,5,2026-08-13T15:10:34.000Z,2026-08-13 08:10:34,https://queue-times.com/parks/16/queue_times.json
2026-08-13T15:12:44.093Z,2026-08-13 08:12:44,2026-08-13,America/Los_Angeles,disneyland,Disneyland,Star Wars: Galaxy's Edge,10903,Millennium Falcon: Smugglers Run Single Rider,TRUE,0,2026-08-13T15:10:34.000Z,2026-08-13 08:10:34,https://queue-times.com/parks/16/queue_times.json
2026-08-13T15:12:44.093Z,2026-08-13 08:12:44,2026-08-13,America/Los_Angeles,disneyland,Disneyland,Star Wars: Galaxy's Edge,6340,Star Wars: Rise of the Resistance,TRUE,55,2026-08-13T15:10:34.000Z,2026-08-13 08:10:34,https://queue-times.com/parks/16/queue_times.json
2026-08-13T15:12:44.093Z,2026-08-13 08:12:44,2026-08-13,America/Los_Angeles,disneyland,Disneyland,Tomorrowland,287,Astro Orbitor,TRUE,5,2026-08-13T15:10:34.000Z,2026-08-13 08:10:34,https://queue-times.com/parks/16/queue_times.json
2026-08-13T15:12:44.093Z,2026-08-13 08:12:44,2026-08-13,America/Los_Angeles,disneyland,Disneyland,Tomorrowland,317,Autopia,TRUE,5,2026-08-13T15:10:34.000Z,2026-08-13 08:10:34,https://queue-times.com/parks/16/queue_times.json
2026-08-13T15:12:44.093Z,2026-08-13 08:12:44,2026-08-13,America/Los_Angeles,disneyland,Disneyland,Tomorrowland,273,Buzz Lightyear Astro Blasters,TRUE,5,2026-08-13T15:10:34.000Z,2026-08-13 08:10:34,https://queue-times.com/parks/16/queue_times.json
2026-08-13T15:12:44.093Z,2026-08-13 08:12:44,2026-08-13,America/Los_Angeles,disneyland,Disneyland,Tomorrowland,274,Disneyland Monorail,TRUE,5,2026-08-13T15:10:34.000Z,2026-08-13 08:10:34,https://queue-times.com/parks/16/queue_times.json
2026-08-13T15:12:44.093Z,2026-08-13 08:12:44,2026-08-13,America/Los_Angeles,disneyland,Disneyland,Tomorrowland,276,Finding Nemo Submarine Voyage,TRUE,5,2026-08-13T15:10:34.000Z,2026-08-13 08:10:34,https://queue-times.com/parks/16/queue_times.json
2026-08-13T15:12:44.093Z,2026-08-13 08:12:44,2026-08-13,America/Los_Angeles,disneyland,Disneyland,Tomorrowland,16627,Pixar Short Film Spotlight,FALSE,0,2026-08-13T15:10:34.000Z,2026-08-13 08:10:34,https://queue-times.com/parks/16/queue_times.json
2026-08-13T15:12:44.093Z,2026-08-13 08:12:44,2026-08-13,America/Los_Angeles,disneyland,Disneyland,Tomorrowland,284,Space Mountain,TRUE,15,2026-08-13T15:10:34.000Z,2026-08-13 08:10:34,https://queue-times.com/parks/16/queue_times.json
2026-08-13T15:12:44.093Z,2026-08-13 08:12:44,2026-08-13,America/Los_Angeles,disneyland,Disneyland,Tomorrowland,286,Star Tours - The Adventures Continue,TRUE,5,2026-08-13T15:10:34.000Z,2026-08-13 08:10:34,https://queue-times.com/parks/16/queue_times.json
2026-08-13T15:12:44.093Z,2026-08-13 08:12:44,2026-08-13,America/Los_Angeles,dca,Disney California Adventure,Avengers Campus,329,Guardians of the Galaxy - Mission: BREAKOUT!,TRUE,40,2026-08-13T15:10:39.000Z,2026-08-13 08:10:39,https://queue-times.com/parks/17/queue_times.json
2026-08-13T15:12:44.093Z,2026-08-13 08:12:44,2026-08-13,America/Los_Angeles,dca,Disney California Adventure,Avengers Campus,8843,WEB SLINGERS: A Spider-Man Adventure,TRUE,5,2026-08-13T15:10:39.000Z,2026-08-13 08:10:39,https://queue-times.com/parks/17/queue_times.json
2026-08-13T15:12:44.093Z,2026-08-13 08:12:44,2026-08-13,America/Los_Angeles,dca,Disney California Adventure,Avengers Campus,10907,WEB SLINGERS: A Spider-Man Adventure Single Rider,TRUE,0,2026-08-13T15:10:39.000Z,2026-08-13 08:10:39,https://queue-times.com/parks/17/queue_times.json
2026-08-13T15:12:44.093Z,2026-08-13 08:12:44,2026-08-13,America/Los_Angeles,dca,Disney California Adventure,Cars Land,13961,Luigi's Rollickin' Roadsters,FALSE,0,2026-08-13T15:10:39.000Z,2026-08-13 08:10:39,https://queue-times.com/parks/17/queue_times.json
2026-08-13T15:12:44.093Z,2026-08-13 08:12:44,2026-08-13,America/Los_Angeles,dca,Disney California Adventure,Cars Land,315,Mater's Junkyard Jamboree,TRUE,5,2026-08-13T15:10:39.000Z,2026-08-13 08:10:39,https://queue-times.com/parks/17/queue_times.json
2026-08-13T15:12:44.093Z,2026-08-13 08:12:44,2026-08-13,America/Los_Angeles,dca,Disney California Adventure,Cars Land,295,Radiator Springs Racers,TRUE,90,2026-08-13T15:10:39.000Z,2026-08-13 08:10:39,https://queue-times.com/parks/17/queue_times.json
2026-08-13T15:12:44.093Z,2026-08-13 08:12:44,2026-08-13,America/Los_Angeles,dca,Disney California Adventure,Cars Land,10904,Radiator Springs Racers Single Rider,TRUE,0,2026-08-13T15:10:39.000Z,2026-08-13 08:10:39,https://queue-times.com/parks/17/queue_times.json
2026-08-13T15:12:44.093Z,2026-08-13 08:12:44,2026-08-13,America/Los_Angeles,dca,Disney California Adventure,Grizzly Peak,302,Grizzly River Run,FALSE,0,2026-08-13T15:10:39.000Z,2026-08-13 08:10:39,https://queue-times.com/parks/17/queue_times.json
2026-08-13T15:12:44.093Z,2026-08-13 08:12:44,2026-08-13,America/Los_Angeles,dca,Disney California Adventure,Grizzly Peak,293,Redwood Creek Challenge Trail,FALSE,0,2026-08-13T15:10:39.000Z,2026-08-13 08:10:39,https://queue-times.com/parks/17/queue_times.json
2026-08-13T15:12:44.093Z,2026-08-13 08:12:44,2026-08-13,America/Los_Angeles,dca,Disney California Adventure,Grizzly Peak,17129,Soarin’ Across America,TRUE,10,2026-08-13T15:10:39.000Z,2026-08-13 08:10:39,https://queue-times.com/parks/17/queue_times.json
2026-08-13T15:12:44.093Z,2026-08-13 08:12:44,2026-08-13,America/Los_Angeles,dca,Disney California Adventure,Hollywood Land,321,Animation Academy,TRUE,0,2026-08-13T15:10:39.000Z,2026-08-13 08:10:39,https://queue-times.com/parks/17/queue_times.json
2026-08-13T15:12:44.093Z,2026-08-13 08:12:44,2026-08-13,America/Los_Angeles,dca,Disney California Adventure,Hollywood Land,6440,Mickey's PhilharMagic,TRUE,10,2026-08-13T15:10:39.000Z,2026-08-13 08:10:39,https://queue-times.com/parks/17/queue_times.json
2026-08-13T15:12:44.093Z,2026-08-13 08:12:44,2026-08-13,America/Los_Angeles,dca,Disney California Adventure,Hollywood Land,291,"Monsters, Inc. Mike & Sulley to the Rescue!",TRUE,5,2026-08-13T15:10:39.000Z,2026-08-13 08:10:39,https://queue-times.com/parks/17/queue_times.json
2026-08-13T15:12:44.093Z,2026-08-13 08:12:44,2026-08-13,America/Los_Angeles,dca,Disney California Adventure,Hollywood Land,868,Sorcerer's Workshop,TRUE,0,2026-08-13T15:10:39.000Z,2026-08-13 08:10:39,https://queue-times.com/parks/17/queue_times.json
2026-08-13T15:12:44.093Z,2026-08-13 08:12:44,2026-08-13,America/Los_Angeles,dca,Disney California Adventure,Hollywood Land,294,Turtle Talk with Crush,TRUE,0,2026-08-13T15:10:39.000Z,2026-08-13 08:10:39,https://queue-times.com/parks/17/queue_times.json
2026-08-13T15:12:44.093Z,2026-08-13 08:12:44,2026-08-13,America/Los_Angeles,dca,Disney California Adventure,Pacific Wharf,869,The Bakery Tour,TRUE,0,2026-08-13T15:10:39.000Z,2026-08-13 08:10:39,https://queue-times.com/parks/17/queue_times.json
2026-08-13T15:12:44.093Z,2026-08-13 08:12:44,2026-08-13,America/Los_Angeles,dca,Disney California Adventure,Paradise Gardens Park,298,Golden Zephyr,TRUE,5,2026-08-13T15:10:39.000Z,2026-08-13 08:10:39,https://queue-times.com/parks/17/queue_times.json
2026-08-13T15:12:44.093Z,2026-08-13 08:12:44,2026-08-13,America/Los_Angeles,dca,Disney California Adventure,Paradise Gardens Park,319,Goofy's Sky School,TRUE,5,2026-08-13T15:10:39.000Z,2026-08-13 08:10:39,https://queue-times.com/parks/17/queue_times.json
2026-08-13T15:12:44.093Z,2026-08-13 08:12:44,2026-08-13,America/Los_Angeles,dca,Disney California Adventure,Paradise Gardens Park,301,Silly Symphony Swings,FALSE,0,2026-08-13T15:10:39.000Z,2026-08-13 08:10:39,https://queue-times.com/parks/17/queue_times.json
2026-08-13T15:12:44.093Z,2026-08-13 08:12:44,2026-08-13,America/Los_Angeles,dca,Disney California Adventure,Paradise Gardens Park,316,The Little Mermaid - Ariel's Undersea Adventure,TRUE,5,2026-08-13T15:10:39.000Z,2026-08-13 08:10:39,https://queue-times.com/parks/17/queue_times.json
2026-08-13T15:12:44.093Z,2026-08-13 08:12:44,2026-08-13,America/Los_Angeles,dca,Disney California Adventure,Paradise Gardens Park,11528,World of Color – ONE,FALSE,0,2026-08-13T15:10:39.000Z,2026-08-13 08:10:39,https://queue-times.com/parks/17/queue_times.json
2026-08-13T15:12:44.093Z,2026-08-13 08:12:44,2026-08-13,America/Los_Angeles,dca,Disney California Adventure,Paradise Gardens Park,14742,World of Color Happiness!,FALSE,0,2026-08-10T07:05:45.000Z,2026-08-10 00:05:45,https://queue-times.com/parks/17/queue_times.json
2026-08-13T15:12:44.093Z,2026-08-13 08:12:44,2026-08-13,America/Los_Angeles,dca,Disney California Adventure,Pixar Pier,866,Games of Pixar Pier,TRUE,0,2026-08-13T15:10:39.000Z,2026-08-13 08:10:39,https://queue-times.com/parks/17/queue_times.json
2026-08-13T15:12:44.093Z,2026-08-13 08:12:44,2026-08-13,America/Los_Angeles,dca,Disney California Adventure,Pixar Pier,322,Incredicoaster,TRUE,5,2026-08-13T15:10:39.000Z,2026-08-13 08:10:39,https://queue-times.com/parks/17/queue_times.json
2026-08-13T15:12:44.093Z,2026-08-13 08:12:44,2026-08-13,America/Los_Angeles,dca,Disney California Adventure,Pixar Pier,10906,Incredicoaster Single Rider,TRUE,0,2026-08-13T15:10:39.000Z,2026-08-13 08:10:39,https://queue-times.com/parks/17/queue_times.json
2026-08-13T15:12:44.093Z,2026-08-13 08:12:44,2026-08-13,America/Los_Angeles,dca,Disney California Adventure,Pixar Pier,6643,Inside Out Emotional Whirlwind,TRUE,5,2026-08-13T15:10:39.000Z,2026-08-13 08:10:39,https://queue-times.com/parks/17/queue_times.json
2026-08-13T15:12:44.093Z,2026-08-13 08:12:44,2026-08-13,America/Los_Angeles,dca,Disney California Adventure,Pixar Pier,310,Jessie's Critter Carousel,TRUE,5,2026-08-13T15:10:39.000Z,2026-08-13 08:10:39,https://queue-times.com/parks/17/queue_times.json
2026-08-13T15:12:44.093Z,2026-08-13 08:12:44,2026-08-13,America/Los_Angeles,dca,Disney California Adventure,Pixar Pier,300,Jumpin' Jellyfish,TRUE,5,2026-08-13T15:10:39.000Z,2026-08-13 08:10:39,https://queue-times.com/parks/17/queue_times.json
2026-08-13T15:12:44.093Z,2026-08-13 08:12:44,2026-08-13,America/Los_Angeles,dca,Disney California Adventure,Pixar Pier,311,Pixar Pal-A-Round - Swinging,TRUE,5,2026-08-13T15:10:39.000Z,2026-08-13 08:10:39,https://queue-times.com/parks/17/queue_times.json
2026-08-13T15:12:44.093Z,2026-08-13 08:12:44,2026-08-13,America/Los_Angeles,dca,Disney California Adventure,Pixar Pier,5557,Pixar Pal-A-Round – Non-Swinging,TRUE,5,2026-08-13T15:10:39.000Z,2026-08-13 08:10:39,https://queue-times.com/parks/17/queue_times.json
2026-08-13T15:12:44.093Z,2026-08-13 08:12:44,2026-08-13,America/Los_Angeles,dca,Disney California Adventure,Pixar Pier,313,Toy Story Midway Mania!,FALSE,0,2026-08-13T15:10:39.000Z,2026-08-13 08:10:39,https://queue-times.com/parks/17/queue_times.json
2026-08-13T15:30:31.014Z,2026-08-13 08:30:31,2026-08-13,America/Los_Angeles,disneyland,Disneyland,Adventureland,12428,Adventureland Treehouse inspired by Walt Disney’s Swiss Family Robinson,TRUE,0,2026-08-13T15:25:32.000Z,2026-08-13 08:25:32,https://queue-times.com/parks/16/queue_times.json
2026-08-13T15:30:31.014Z,2026-08-13 08:30:31,2026-08-13,America/Los_Angeles,disneyland,Disneyland,Adventureland,326,Indiana Jones™ Adventure,TRUE,20,2026-08-13T15:25:32.000Z,2026-08-13 08:25:32,https://queue-times.com/parks/16/queue_times.json
2026-08-13T15:30:31.014Z,2026-08-13 08:30:31,2026-08-13,America/Los_Angeles,disneyland,Disneyland,Adventureland,296,Jungle Cruise,TRUE,5,2026-08-13T15:25:32.000Z,2026-08-13 08:25:32,https://queue-times.com/parks/16/queue_times.json
2026-08-13T15:30:31.014Z,2026-08-13 08:30:31,2026-08-13,America/Los_Angeles,disneyland,Disneyland,Adventureland,288,Walt Disney's Enchanted Tiki Room,TRUE,0,2026-08-13T15:25:32.000Z,2026-08-13 08:25:32,https://queue-times.com/parks/16/queue_times.json
2026-08-13T15:30:31.014Z,2026-08-13 08:30:31,2026-08-13,America/Los_Angeles,disneyland,Disneyland,Bayou Country,304,Davy Crockett's Explorer Canoes,FALSE,0,2026-08-13T15:25:32.000Z,2026-08-13 08:25:32,https://queue-times.com/parks/16/queue_times.json
2026-08-13T15:30:31.014Z,2026-08-13 08:30:31,2026-08-13,America/Los_Angeles,disneyland,Disneyland,Bayou Country,306,The Many Adventures of Winnie the Pooh,FALSE,0,2026-08-13T15:25:32.000Z,2026-08-13 08:25:32,https://queue-times.com/parks/16/queue_times.json
2026-08-13T15:30:31.014Z,2026-08-13 08:30:31,2026-08-13,America/Los_Angeles,disneyland,Disneyland,Bayou Country,14168,Tiana's Bayou Adventure,TRUE,5,2026-08-13T15:25:32.000Z,2026-08-13 08:25:32,https://queue-times.com/parks/16/queue_times.json
2026-08-13T15:30:31.014Z,2026-08-13 08:30:31,2026-08-13,America/Los_Angeles,disneyland,Disneyland,Bayou Country,14326,Tiana's Bayou Adventure Single Rider,TRUE,0,2026-08-13T15:25:32.000Z,2026-08-13 08:25:32,https://queue-times.com/parks/16/queue_times.json
2026-08-13T15:30:31.014Z,2026-08-13 08:30:31,2026-08-13,America/Los_Angeles,disneyland,Disneyland,Fantasyland,307,"""it's a small world""",TRUE,5,2026-08-13T15:25:32.000Z,2026-08-13 08:25:32,https://queue-times.com/parks/16/queue_times.json
2026-08-13T15:30:31.014Z,2026-08-13 08:30:31,2026-08-13,America/Los_Angeles,disneyland,Disneyland,Fantasyland,285,Alice in Wonderland,TRUE,10,2026-08-13T15:25:32.000Z,2026-08-13 08:25:32,https://queue-times.com/parks/16/queue_times.json
2026-08-13T15:30:31.014Z,2026-08-13 08:30:31,2026-08-13,America/Los_Angeles,disneyland,Disneyland,Fantasyland,16254,Bluey’s Best Day Ever! at Fantasyland Theatre,TRUE,0,2026-08-13T15:25:32.000Z,2026-08-13 08:25:32,https://queue-times.com/parks/16/queue_times.json
2026-08-13T15:30:31.014Z,2026-08-13 08:30:31,2026-08-13,America/Los_Angeles,disneyland,Disneyland,Fantasyland,303,Casey Jr. Circus Train,FALSE,0,2026-08-13T15:25:32.000Z,2026-08-13 08:25:32,https://queue-times.com/parks/16/queue_times.json
2026-08-13T15:30:31.014Z,2026-08-13 08:30:31,2026-08-13,America/Los_Angeles,disneyland,Disneyland,Fantasyland,275,Dumbo the Flying Elephant,TRUE,5,2026-08-13T15:25:32.000Z,2026-08-13 08:25:32,https://queue-times.com/parks/16/queue_times.json
2026-08-13T15:30:31.014Z,2026-08-13 08:30:31,2026-08-13,America/Los_Angeles,disneyland,Disneyland,Fantasyland,277,King Arthur Carrousel,TRUE,5,2026-08-13T15:25:32.000Z,2026-08-13 08:25:32,https://queue-times.com/parks/16/queue_times.json
2026-08-13T15:30:31.014Z,2026-08-13 08:30:31,2026-08-13,America/Los_Angeles,disneyland,Disneyland,Fantasyland,278,Mad Tea Party,TRUE,5,2026-08-13T15:25:32.000Z,2026-08-13 08:25:32,https://queue-times.com/parks/16/queue_times.json
2026-08-13T15:30:31.014Z,2026-08-13 08:30:31,2026-08-13,America/Los_Angeles,disneyland,Disneyland,Fantasyland,279,Matterhorn Bobsleds,TRUE,5,2026-08-13T15:25:32.000Z,2026-08-13 08:25:32,https://queue-times.com/parks/16/queue_times.json
2026-08-13T15:30:31.014Z,2026-08-13 08:30:31,2026-08-13,America/Los_Angeles,disneyland,Disneyland,Fantasyland,6711,Meet Disney Princesses at Royal Hall,FALSE,0,2026-08-13T15:25:32.000Z,2026-08-13 08:25:32,https://queue-times.com/parks/16/queue_times.json
2026-08-13T15:30:31.014Z,2026-08-13 08:30:31,2026-08-13,America/Los_Angeles,disneyland,Disneyland,Fantasyland,280,Mr. Toad's Wild Ride,TRUE,5,2026-08-13T15:25:32.000Z,2026-08-13 08:25:32,https://queue-times.com/parks/16/queue_times.json
2026-08-13T15:30:31.014Z,2026-08-13 08:30:31,2026-08-13,America/Los_Angeles,disneyland,Disneyland,Fantasyland,281,Peter Pan's Flight,TRUE,30,2026-08-13T15:25:32.000Z,2026-08-13 08:25:32,https://queue-times.com/parks/16/queue_times.json
2026-08-13T15:30:31.014Z,2026-08-13 08:30:31,2026-08-13,America/Los_Angeles,disneyland,Disneyland,Fantasyland,282,Pinocchio's Daring Journey,TRUE,5,2026-08-13T15:25:32.000Z,2026-08-13 08:25:32,https://queue-times.com/parks/16/queue_times.json
2026-08-13T15:30:31.014Z,2026-08-13 08:30:31,2026-08-13,America/Los_Angeles,disneyland,Disneyland,Fantasyland,687,Sleeping Beauty Castle Walkthrough,FALSE,0,2026-08-13T15:25:32.000Z,2026-08-13 08:25:32,https://queue-times.com/parks/16/queue_times.json
2026-08-13T15:30:31.014Z,2026-08-13 08:30:31,2026-08-13,America/Los_Angeles,disneyland,Disneyland,Fantasyland,283,Snow White's Enchanted Wish,TRUE,5,2026-08-13T15:25:32.000Z,2026-08-13 08:25:32,https://queue-times.com/parks/16/queue_times.json
2026-08-13T15:30:31.014Z,2026-08-13 08:30:31,2026-08-13,America/Los_Angeles,disneyland,Disneyland,Fantasyland,305,Storybook Land Canal Boats,TRUE,10,2026-08-13T15:25:32.000Z,2026-08-13 08:25:32,https://queue-times.com/parks/16/queue_times.json
2026-08-13T15:30:31.014Z,2026-08-13 08:30:31,2026-08-13,America/Los_Angeles,disneyland,Disneyland,Frontierland,323,Big Thunder Mountain Railroad,TRUE,20,2026-08-13T15:25:32.000Z,2026-08-13 08:25:32,https://queue-times.com/parks/16/queue_times.json
2026-08-13T15:30:31.014Z,2026-08-13 08:30:31,2026-08-13,America/Los_Angeles,disneyland,Disneyland,Frontierland,679,Frontierland Shootin' Exposition,FALSE,0,2026-08-13T15:25:32.000Z,2026-08-13 08:25:32,https://queue-times.com/parks/16/queue_times.json
2026-08-13T15:30:31.014Z,2026-08-13 08:30:31,2026-08-13,America/Los_Angeles,disneyland,Disneyland,Frontierland,456,Mark Twain Riverboat,FALSE,0,2026-08-13T15:25:32.000Z,2026-08-13 08:25:32,https://queue-times.com/parks/16/queue_times.json
2026-08-13T15:30:31.014Z,2026-08-13 08:30:31,2026-08-13,America/Los_Angeles,disneyland,Disneyland,Frontierland,331,Pirate's Lair on Tom Sawyer Island,FALSE,0,2026-08-13T15:25:32.000Z,2026-08-13 08:25:32,https://queue-times.com/parks/16/queue_times.json
2026-08-13T15:30:31.014Z,2026-08-13 08:30:31,2026-08-13,America/Los_Angeles,disneyland,Disneyland,Frontierland,328,Sailing Ship Columbia,FALSE,0,2026-08-13T15:25:32.000Z,2026-08-13 08:25:32,https://queue-times.com/parks/16/queue_times.json
2026-08-13T15:30:31.014Z,2026-08-13 08:30:31,2026-08-13,America/Los_Angeles,disneyland,Disneyland,Main Street U.S.A,674,Disneyland Railroad,FALSE,0,2026-08-13T15:25:32.000Z,2026-08-13 08:25:32,https://queue-times.com/parks/16/queue_times.json
2026-08-13T15:30:31.014Z,2026-08-13 08:30:31,2026-08-13,America/Los_Angeles,disneyland,Disneyland,Main Street U.S.A,690,Great Moments with Mr. Lincoln,TRUE,0,2026-08-13T15:25:32.000Z,2026-08-13 08:25:32,https://queue-times.com/parks/16/queue_times.json
2026-08-13T15:30:31.014Z,2026-08-13 08:30:31,2026-08-13,America/Los_Angeles,disneyland,Disneyland,Main Street U.S.A,686,Main Street Cinema,FALSE,0,2026-08-13T15:25:32.000Z,2026-08-13 08:25:32,https://queue-times.com/parks/16/queue_times.json
2026-08-13T15:30:31.014Z,2026-08-13 08:30:31,2026-08-13,America/Los_Angeles,disneyland,Disneyland,Main Street U.S.A,691,Main Street Vehicles,TRUE,0,2026-08-13T15:25:32.000Z,2026-08-13 08:25:32,https://queue-times.com/parks/16/queue_times.json
2026-08-13T15:30:31.014Z,2026-08-13 08:30:31,2026-08-13,America/Los_Angeles,disneyland,Disneyland,Main Street U.S.A,14915,Opera House - Walt Disney - A Magical Life,TRUE,0,2026-08-13T15:25:32.000Z,2026-08-13 08:25:32,https://queue-times.com/parks/16/queue_times.json
2026-08-13T15:30:31.014Z,2026-08-13 08:30:31,2026-08-13,America/Los_Angeles,disneyland,Disneyland,Main Street U.S.A,695,The Disney Gallery,TRUE,0,2026-08-13T15:25:32.000Z,2026-08-13 08:25:32,https://queue-times.com/parks/16/queue_times.json
2026-08-13T15:30:31.014Z,2026-08-13 08:30:31,2026-08-13,America/Los_Angeles,disneyland,Disneyland,Main Street U.S.A,14923,Walt Disney - A Magical Life,FALSE,0,2026-08-13T15:25:32.000Z,2026-08-13 08:25:32,https://queue-times.com/parks/16/queue_times.json
2026-08-13T15:30:31.014Z,2026-08-13 08:30:31,2026-08-13,America/Los_Angeles,disneyland,Disneyland,Mickey's Toontown,324,Chip 'n' Dale's GADGETcoaster,TRUE,5,2026-08-13T15:25:32.000Z,2026-08-13 08:25:32,https://queue-times.com/parks/16/queue_times.json
2026-08-13T15:30:31.014Z,2026-08-13 08:30:31,2026-08-13,America/Los_Angeles,disneyland,Disneyland,Mickey's Toontown,13814,Donald's Duck Pond,TRUE,0,2026-08-13T15:25:32.000Z,2026-08-13 08:25:32,https://queue-times.com/parks/16/queue_times.json
2026-08-13T15:30:31.014Z,2026-08-13 08:30:31,2026-08-13,America/Los_Angeles,disneyland,Disneyland,Mickey's Toontown,11980,Goofy's How-to-Play Yard,TRUE,0,2026-08-13T15:25:32.000Z,2026-08-13 08:25:32,https://queue-times.com/parks/16/queue_times.json
2026-08-13T15:30:31.014Z,2026-08-13 08:30:31,2026-08-13,America/Los_Angeles,disneyland,Disneyland,Mickey's Toontown,11526,Mickey & Minnie's Runaway Railway,TRUE,5,2026-08-13T15:25:32.000Z,2026-08-13 08:25:32,https://queue-times.com/parks/16/queue_times.json
2026-08-13T15:30:31.014Z,2026-08-13 08:30:31,2026-08-13,America/Los_Angeles,disneyland,Disneyland,Mickey's Toontown,709,Mickey's House and Meet Mickey Mouse,TRUE,5,2026-08-13T15:25:32.000Z,2026-08-13 08:25:32,https://queue-times.com/parks/16/queue_times.json
2026-08-13T15:30:31.014Z,2026-08-13 08:30:31,2026-08-13,America/Los_Angeles,disneyland,Disneyland,Mickey's Toontown,327,Mickey's House and Meet Mickey Mouse,FALSE,0,2026-08-13T15:25:32.000Z,2026-08-13 08:25:32,https://queue-times.com/parks/16/queue_times.json
2026-08-13T15:30:31.014Z,2026-08-13 08:30:31,2026-08-13,America/Los_Angeles,disneyland,Disneyland,Mickey's Toontown,684,Minnie's House,FALSE,0,2026-08-13T15:25:32.000Z,2026-08-13 08:25:32,https://queue-times.com/parks/16/queue_times.json
2026-08-13T15:30:31.014Z,2026-08-13 08:30:31,2026-08-13,America/Los_Angeles,disneyland,Disneyland,Mickey's Toontown,332,Roger Rabbit's Car Toon Spin,TRUE,10,2026-08-13T15:25:32.000Z,2026-08-13 08:25:32,https://queue-times.com/parks/16/queue_times.json
2026-08-13T15:30:31.014Z,2026-08-13 08:30:31,2026-08-13,America/Los_Angeles,disneyland,Disneyland,New Orleans Square,13958,Haunted Mansion,FALSE,0,2026-08-13T15:25:32.000Z,2026-08-13 08:25:32,https://queue-times.com/parks/16/queue_times.json
2026-08-13T15:30:31.014Z,2026-08-13 08:30:31,2026-08-13,America/Los_Angeles,disneyland,Disneyland,New Orleans Square,289,Pirates of the Caribbean,TRUE,5,2026-08-13T15:25:32.000Z,2026-08-13 08:25:32,https://queue-times.com/parks/16/queue_times.json
2026-08-13T15:30:31.014Z,2026-08-13 08:30:31,2026-08-13,America/Los_Angeles,disneyland,Disneyland,Star Wars: Galaxy's Edge,6339,Millennium Falcon: Smugglers Run,TRUE,5,2026-08-13T15:25:32.000Z,2026-08-13 08:25:32,https://queue-times.com/parks/16/queue_times.json
2026-08-13T15:30:31.014Z,2026-08-13 08:30:31,2026-08-13,America/Los_Angeles,disneyland,Disneyland,Star Wars: Galaxy's Edge,10903,Millennium Falcon: Smugglers Run Single Rider,TRUE,0,2026-08-13T15:25:32.000Z,2026-08-13 08:25:32,https://queue-times.com/parks/16/queue_times.json
2026-08-13T15:30:31.014Z,2026-08-13 08:30:31,2026-08-13,America/Los_Angeles,disneyland,Disneyland,Star Wars: Galaxy's Edge,6340,Star Wars: Rise of the Resistance,TRUE,65,2026-08-13T15:25:32.000Z,2026-08-13 08:25:32,https://queue-times.com/parks/16/queue_times.json
2026-08-13T15:30:31.014Z,2026-08-13 08:30:31,2026-08-13,America/Los_Angeles,disneyland,Disneyland,Tomorrowland,287,Astro Orbitor,TRUE,5,2026-08-13T15:25:32.000Z,2026-08-13 08:25:32,https://queue-times.com/parks/16/queue_times.json
2026-08-13T15:30:31.014Z,2026-08-13 08:30:31,2026-08-13,America/Los_Angeles,disneyland,Disneyland,Tomorrowland,317,Autopia,TRUE,5,2026-08-13T15:25:32.000Z,2026-08-13 08:25:32,https://queue-times.com/parks/16/queue_times.json
2026-08-13T15:30:31.014Z,2026-08-13 08:30:31,2026-08-13,America/Los_Angeles,disneyland,Disneyland,Tomorrowland,273,Buzz Lightyear Astro Blasters,TRUE,5,2026-08-13T15:25:32.000Z,2026-08-13 08:25:32,https://queue-times.com/parks/16/queue_times.json
2026-08-13T15:30:31.014Z,2026-08-13 08:30:31,2026-08-13,America/Los_Angeles,disneyland,Disneyland,Tomorrowland,274,Disneyland Monorail,TRUE,5,2026-08-13T15:25:32.000Z,2026-08-13 08:25:32,https://queue-times.com/parks/16/queue_times.json
2026-08-13T15:30:31.014Z,2026-08-13 08:30:31,2026-08-13,America/Los_Angeles,disneyland,Disneyland,Tomorrowland,276,Finding Nemo Submarine Voyage,TRUE,5,2026-08-13T15:25:32.000Z,2026-08-13 08:25:32,https://queue-times.com/parks/16/queue_times.json
2026-08-13T15:30:31.014Z,2026-08-13 08:30:31,2026-08-13,America/Los_Angeles,disneyland,Disneyland,Tomorrowland,16627,Pixar Short Film Spotlight,FALSE,0,2026-08-13T15:25:32.000Z,2026-08-13 08:25:32,https://queue-times.com/parks/16/queue_times.json
2026-08-13T15:30:31.014Z,2026-08-13 08:30:31,2026-08-13,America/Los_Angeles,disneyland,Disneyland,Tomorrowland,284,Space Mountain,TRUE,35,2026-08-13T15:25:32.000Z,2026-08-13 08:25:32,https://queue-times.com/parks/16/queue_times.json
2026-08-13T15:30:31.014Z,2026-08-13 08:30:31,2026-08-13,America/Los_Angeles,disneyland,Disneyland,Tomorrowland,286,Star Tours - The Adventures Continue,TRUE,5,2026-08-13T15:25:32.000Z,2026-08-13 08:25:32,https://queue-times.com/parks/16/queue_times.json
2026-08-13T15:30:31.014Z,2026-08-13 08:30:31,2026-08-13,America/Los_Angeles,dca,Disney California Adventure,Avengers Campus,329,Guardians of the Galaxy - Mission: BREAKOUT!,TRUE,40,2026-08-13T15:25:36.000Z,2026-08-13 08:25:36,https://queue-times.com/parks/17/queue_times.json
2026-08-13T15:30:31.014Z,2026-08-13 08:30:31,2026-08-13,America/Los_Angeles,dca,Disney California Adventure,Avengers Campus,8843,WEB SLINGERS: A Spider-Man Adventure,TRUE,5,2026-08-13T15:25:36.000Z,2026-08-13 08:25:36,https://queue-times.com/parks/17/queue_times.json
2026-08-13T15:30:31.014Z,2026-08-13 08:30:31,2026-08-13,America/Los_Angeles,dca,Disney California Adventure,Avengers Campus,10907,WEB SLINGERS: A Spider-Man Adventure Single Rider,TRUE,0,2026-08-13T15:25:36.000Z,2026-08-13 08:25:36,https://queue-times.com/parks/17/queue_times.json
2026-08-13T15:30:31.014Z,2026-08-13 08:30:31,2026-08-13,America/Los_Angeles,dca,Disney California Adventure,Cars Land,13961,Luigi's Rollickin' Roadsters,TRUE,5,2026-08-13T15:25:36.000Z,2026-08-13 08:25:36,https://queue-times.com/parks/17/queue_times.json
2026-08-13T15:30:31.014Z,2026-08-13 08:30:31,2026-08-13,America/Los_Angeles,dca,Disney California Adventure,Cars Land,315,Mater's Junkyard Jamboree,TRUE,5,2026-08-13T15:25:36.000Z,2026-08-13 08:25:36,https://queue-times.com/parks/17/queue_times.json
2026-08-13T15:30:31.014Z,2026-08-13 08:30:31,2026-08-13,America/Los_Angeles,dca,Disney California Adventure,Cars Land,295,Radiator Springs Racers,TRUE,90,2026-08-13T15:25:36.000Z,2026-08-13 08:25:36,https://queue-times.com/parks/17/queue_times.json
2026-08-13T15:30:31.014Z,2026-08-13 08:30:31,2026-08-13,America/Los_Angeles,dca,Disney California Adventure,Cars Land,10904,Radiator Springs Racers Single Rider,TRUE,0,2026-08-13T15:25:36.000Z,2026-08-13 08:25:36,https://queue-times.com/parks/17/queue_times.json
2026-08-13T15:30:31.014Z,2026-08-13 08:30:31,2026-08-13,America/Los_Angeles,dca,Disney California Adventure,Grizzly Peak,302,Grizzly River Run,TRUE,5,2026-08-13T15:25:36.000Z,2026-08-13 08:25:36,https://queue-times.com/parks/17/queue_times.json
2026-08-13T15:30:31.014Z,2026-08-13 08:30:31,2026-08-13,America/Los_Angeles,dca,Disney California Adventure,Grizzly Peak,293,Redwood Creek Challenge Trail,FALSE,0,2026-08-13T15:25:36.000Z,2026-08-13 08:25:36,https://queue-times.com/parks/17/queue_times.json
2026-08-13T15:30:31.014Z,2026-08-13 08:30:31,2026-08-13,America/Los_Angeles,dca,Disney California Adventure,Grizzly Peak,17129,Soarin’ Across America,TRUE,15,2026-08-13T15:25:36.000Z,2026-08-13 08:25:36,https://queue-times.com/parks/17/queue_times.json
2026-08-13T15:30:31.014Z,2026-08-13 08:30:31,2026-08-13,America/Los_Angeles,dca,Disney California Adventure,Hollywood Land,321,Animation Academy,TRUE,0,2026-08-13T15:25:36.000Z,2026-08-13 08:25:36,https://queue-times.com/parks/17/queue_times.json
2026-08-13T15:30:31.014Z,2026-08-13 08:30:31,2026-08-13,America/Los_Angeles,dca,Disney California Adventure,Hollywood Land,6440,Mickey's PhilharMagic,TRUE,10,2026-08-13T15:25:36.000Z,2026-08-13 08:25:36,https://queue-times.com/parks/17/queue_times.json
2026-08-13T15:30:31.014Z,2026-08-13 08:30:31,2026-08-13,America/Los_Angeles,dca,Disney California Adventure,Hollywood Land,291,"Monsters, Inc. Mike & Sulley to the Rescue!",TRUE,5,2026-08-13T15:25:36.000Z,2026-08-13 08:25:36,https://queue-times.com/parks/17/queue_times.json
2026-08-13T15:30:31.014Z,2026-08-13 08:30:31,2026-08-13,America/Los_Angeles,dca,Disney California Adventure,Hollywood Land,868,Sorcerer's Workshop,TRUE,0,2026-08-13T15:25:36.000Z,2026-08-13 08:25:36,https://queue-times.com/parks/17/queue_times.json
2026-08-13T15:30:31.014Z,2026-08-13 08:30:31,2026-08-13,America/Los_Angeles,dca,Disney California Adventure,Hollywood Land,294,Turtle Talk with Crush,TRUE,0,2026-08-13T15:25:36.000Z,2026-08-13 08:25:36,https://queue-times.com/parks/17/queue_times.json
2026-08-13T15:30:31.014Z,2026-08-13 08:30:31,2026-08-13,America/Los_Angeles,dca,Disney California Adventure,Pacific Wharf,869,The Bakery Tour,TRUE,0,2026-08-13T15:25:36.000Z,2026-08-13 08:25:36,https://queue-times.com/parks/17/queue_times.json
2026-08-13T15:30:31.014Z,2026-08-13 08:30:31,2026-08-13,America/Los_Angeles,dca,Disney California Adventure,Paradise Gardens Park,298,Golden Zephyr,TRUE,5,2026-08-13T15:25:36.000Z,2026-08-13 08:25:36,https://queue-times.com/parks/17/queue_times.json
2026-08-13T15:30:31.014Z,2026-08-13 08:30:31,2026-08-13,America/Los_Angeles,dca,Disney California Adventure,Paradise Gardens Park,319,Goofy's Sky School,TRUE,5,2026-08-13T15:25:36.000Z,2026-08-13 08:25:36,https://queue-times.com/parks/17/queue_times.json
2026-08-13T15:30:31.014Z,2026-08-13 08:30:31,2026-08-13,America/Los_Angeles,dca,Disney California Adventure,Paradise Gardens Park,301,Silly Symphony Swings,FALSE,0,2026-08-13T15:25:36.000Z,2026-08-13 08:25:36,https://queue-times.com/parks/17/queue_times.json
2026-08-13T15:30:31.014Z,2026-08-13 08:30:31,2026-08-13,America/Los_Angeles,dca,Disney California Adventure,Paradise Gardens Park,316,The Little Mermaid - Ariel's Undersea Adventure,TRUE,5,2026-08-13T15:25:36.000Z,2026-08-13 08:25:36,https://queue-times.com/parks/17/queue_times.json
2026-08-13T15:30:31.014Z,2026-08-13 08:30:31,2026-08-13,America/Los_Angeles,dca,Disney California Adventure,Paradise Gardens Park,11528,World of Color – ONE,FALSE,0,2026-08-13T15:25:36.000Z,2026-08-13 08:25:36,https://queue-times.com/parks/17/queue_times.json
2026-08-13T15:30:31.014Z,2026-08-13 08:30:31,2026-08-13,America/Los_Angeles,dca,Disney California Adventure,Paradise Gardens Park,14742,World of Color Happiness!,FALSE,0,2026-08-10T07:05:45.000Z,2026-08-10 00:05:45,https://queue-times.com/parks/17/queue_times.json
2026-08-13T15:30:31.014Z,2026-08-13 08:30:31,2026-08-13,America/Los_Angeles,dca,Disney California Adventure,Pixar Pier,866,Games of Pixar Pier,TRUE,0,2026-08-13T15:25:36.000Z,2026-08-13 08:25:36,https://queue-times.com/parks/17/queue_times.json
2026-08-13T15:30:31.014Z,2026-08-13 08:30:31,2026-08-13,America/Los_Angeles,dca,Disney California Adventure,Pixar Pier,322,Incredicoaster,TRUE,5,2026-08-13T15:25:36.000Z,2026-08-13 08:25:36,https://queue-times.com/parks/17/queue_times.json
2026-08-13T15:30:31.014Z,2026-08-13 08:30:31,2026-08-13,America/Los_Angeles,dca,Disney California Adventure,Pixar Pier,10906,Incredicoaster Single Rider,TRUE,0,2026-08-13T15:25:36.000Z,2026-08-13 08:25:36,https://queue-times.com/parks/17/queue_times.json
2026-08-13T15:30:31.014Z,2026-08-13 08:30:31,2026-08-13,America/Los_Angeles,dca,Disney California Adventure,Pixar Pier,6643,Inside Out Emotional Whirlwind,TRUE,5,2026-08-13T15:25:36.000Z,2026-08-13 08:25:36,https://queue-times.com/parks/17/queue_times.json
2026-08-13T15:30:31.014Z,2026-08-13 08:30:31,2026-08-13,America/Los_Angeles,dca,Disney California Adventure,Pixar Pier,310,Jessie's Critter Carousel,TRUE,5,2026-08-13T15:25:36.000Z,2026-08-13 08:25:36,https://queue-times.com/parks/17/queue_times.json
2026-08-13T15:30:31.014Z,2026-08-13 08:30:31,2026-08-13,America/Los_Angeles,dca,Disney California Adventure,Pixar Pier,300,Jumpin' Jellyfish,TRUE,5,2026-08-13T15:25:36.000Z,2026-08-13 08:25:36,https://queue-times.com/parks/17/queue_times.json
2026-08-13T15:30:31.014Z,2026-08-13 08:30:31,2026-08-13,America/Los_Angeles,dca,Disney California Adventure,Pixar Pier,311,Pixar Pal-A-Round - Swinging,FALSE,0,2026-08-13T15:25:36.000Z,2026-08-13 08:25:36,https://queue-times.com/parks/17/queue_times.json
2026-08-13T15:30:31.014Z,2026-08-13 08:30:31,2026-08-13,America/Los_Angeles,dca,Disney California Adventure,Pixar Pier,5557,Pixar Pal-A-Round – Non-Swinging,FALSE,0,2026-08-13T15:25:36.000Z,2026-08-13 08:25:36,https://queue-times.com/parks/17/queue_times.json
2026-08-13T15:30:31.014Z,2026-08-13 08:30:31,2026-08-13,America/Los_Angeles,dca,Disney California Adventure,Pixar Pier,313,Toy Story Midway Mania!,TRUE,5,2026-08-13T15:25:36.000Z,2026-08-13 08:25:36,https://queue-times.com/parks/17/queue_times.json
2026-08-13T15:45:20.555Z,2026-08-13 08:45:20,2026-08-13,America/Los_Angeles,disneyland,Disneyland,Adventureland,12428,Adventureland Treehouse inspired by Walt Disney’s Swiss Family Robinson,TRUE,0,2026-08-13T15:40:40.000Z,2026-08-13 08:40:40,https://queue-times.com/parks/16/queue_times.json
2026-08-13T15:45:20.555Z,2026-08-13 08:45:20,2026-08-13,America/Los_Angeles,disneyland,Disneyland,Adventureland,326,Indiana Jones™ Adventure,TRUE,20,2026-08-13T15:40:40.000Z,2026-08-13 08:40:40,https://queue-times.com/parks/16/queue_times.json
2026-08-13T15:45:20.555Z,2026-08-13 08:45:20,2026-08-13,America/Los_Angeles,disneyland,Disneyland,Adventureland,296,Jungle Cruise,TRUE,5,2026-08-13T15:40:40.000Z,2026-08-13 08:40:40,https://queue-times.com/parks/16/queue_times.json
2026-08-13T15:45:20.555Z,2026-08-13 08:45:20,2026-08-13,America/Los_Angeles,disneyland,Disneyland,Adventureland,288,Walt Disney's Enchanted Tiki Room,TRUE,0,2026-08-13T15:40:40.000Z,2026-08-13 08:40:40,https://queue-times.com/parks/16/queue_times.json
2026-08-13T15:45:20.555Z,2026-08-13 08:45:20,2026-08-13,America/Los_Angeles,disneyland,Disneyland,Bayou Country,304,Davy Crockett's Explorer Canoes,FALSE,0,2026-08-13T15:40:40.000Z,2026-08-13 08:40:40,https://queue-times.com/parks/16/queue_times.json
2026-08-13T15:45:20.555Z,2026-08-13 08:45:20,2026-08-13,America/Los_Angeles,disneyland,Disneyland,Bayou Country,306,The Many Adventures of Winnie the Pooh,TRUE,5,2026-08-13T15:40:40.000Z,2026-08-13 08:40:40,https://queue-times.com/parks/16/queue_times.json
2026-08-13T15:45:20.555Z,2026-08-13 08:45:20,2026-08-13,America/Los_Angeles,disneyland,Disneyland,Bayou Country,14168,Tiana's Bayou Adventure,TRUE,5,2026-08-13T15:40:40.000Z,2026-08-13 08:40:40,https://queue-times.com/parks/16/queue_times.json
2026-08-13T15:45:20.555Z,2026-08-13 08:45:20,2026-08-13,America/Los_Angeles,disneyland,Disneyland,Bayou Country,14326,Tiana's Bayou Adventure Single Rider,TRUE,0,2026-08-13T15:40:40.000Z,2026-08-13 08:40:40,https://queue-times.com/parks/16/queue_times.json
2026-08-13T15:45:20.555Z,2026-08-13 08:45:20,2026-08-13,America/Los_Angeles,disneyland,Disneyland,Fantasyland,307,"""it's a small world""",TRUE,5,2026-08-13T15:40:40.000Z,2026-08-13 08:40:40,https://queue-times.com/parks/16/queue_times.json
2026-08-13T15:45:20.555Z,2026-08-13 08:45:20,2026-08-13,America/Los_Angeles,disneyland,Disneyland,Fantasyland,285,Alice in Wonderland,TRUE,20,2026-08-13T15:40:40.000Z,2026-08-13 08:40:40,https://queue-times.com/parks/16/queue_times.json
2026-08-13T15:45:20.555Z,2026-08-13 08:45:20,2026-08-13,America/Los_Angeles,disneyland,Disneyland,Fantasyland,16254,Bluey’s Best Day Ever! at Fantasyland Theatre,TRUE,0,2026-08-13T15:40:40.000Z,2026-08-13 08:40:40,https://queue-times.com/parks/16/queue_times.json
2026-08-13T15:45:20.555Z,2026-08-13 08:45:20,2026-08-13,America/Los_Angeles,disneyland,Disneyland,Fantasyland,303,Casey Jr. Circus Train,TRUE,5,2026-08-13T15:40:40.000Z,2026-08-13 08:40:40,https://queue-times.com/parks/16/queue_times.json
2026-08-13T15:45:20.555Z,2026-08-13 08:45:20,2026-08-13,America/Los_Angeles,disneyland,Disneyland,Fantasyland,275,Dumbo the Flying Elephant,TRUE,5,2026-08-13T15:40:40.000Z,2026-08-13 08:40:40,https://queue-times.com/parks/16/queue_times.json
2026-08-13T15:45:20.555Z,2026-08-13 08:45:20,2026-08-13,America/Los_Angeles,disneyland,Disneyland,Fantasyland,277,King Arthur Carrousel,TRUE,5,2026-08-13T15:40:40.000Z,2026-08-13 08:40:40,https://queue-times.com/parks/16/queue_times.json
2026-08-13T15:45:20.555Z,2026-08-13 08:45:20,2026-08-13,America/Los_Angeles,disneyland,Disneyland,Fantasyland,278,Mad Tea Party,TRUE,5,2026-08-13T15:40:40.000Z,2026-08-13 08:40:40,https://queue-times.com/parks/16/queue_times.json
2026-08-13T15:45:20.555Z,2026-08-13 08:45:20,2026-08-13,America/Los_Angeles,disneyland,Disneyland,Fantasyland,279,Matterhorn Bobsleds,TRUE,5,2026-08-13T15:40:40.000Z,2026-08-13 08:40:40,https://queue-times.com/parks/16/queue_times.json
2026-08-13T15:45:20.555Z,2026-08-13 08:45:20,2026-08-13,America/Los_Angeles,disneyland,Disneyland,Fantasyland,6711,Meet Disney Princesses at Royal Hall,FALSE,0,2026-08-13T15:40:40.000Z,2026-08-13 08:40:40,https://queue-times.com/parks/16/queue_times.json
2026-08-13T15:45:20.555Z,2026-08-13 08:45:20,2026-08-13,America/Los_Angeles,disneyland,Disneyland,Fantasyland,280,Mr. Toad's Wild Ride,FALSE,0,2026-08-13T15:40:40.000Z,2026-08-13 08:40:40,https://queue-times.com/parks/16/queue_times.json
2026-08-13T15:45:20.555Z,2026-08-13 08:45:20,2026-08-13,America/Los_Angeles,disneyland,Disneyland,Fantasyland,281,Peter Pan's Flight,TRUE,30,2026-08-13T15:40:40.000Z,2026-08-13 08:40:40,https://queue-times.com/parks/16/queue_times.json
2026-08-13T15:45:20.555Z,2026-08-13 08:45:20,2026-08-13,America/Los_Angeles,disneyland,Disneyland,Fantasyland,282,Pinocchio's Daring Journey,TRUE,5,2026-08-13T15:40:40.000Z,2026-08-13 08:40:40,https://queue-times.com/parks/16/queue_times.json
2026-08-13T15:45:20.555Z,2026-08-13 08:45:20,2026-08-13,America/Los_Angeles,disneyland,Disneyland,Fantasyland,687,Sleeping Beauty Castle Walkthrough,FALSE,0,2026-08-13T15:40:40.000Z,2026-08-13 08:40:40,https://queue-times.com/parks/16/queue_times.json
2026-08-13T15:45:20.555Z,2026-08-13 08:45:20,2026-08-13,America/Los_Angeles,disneyland,Disneyland,Fantasyland,283,Snow White's Enchanted Wish,TRUE,5,2026-08-13T15:40:40.000Z,2026-08-13 08:40:40,https://queue-times.com/parks/16/queue_times.json
2026-08-13T15:45:20.555Z,2026-08-13 08:45:20,2026-08-13,America/Los_Angeles,disneyland,Disneyland,Fantasyland,305,Storybook Land Canal Boats,TRUE,10,2026-08-13T15:40:40.000Z,2026-08-13 08:40:40,https://queue-times.com/parks/16/queue_times.json
2026-08-13T15:45:20.555Z,2026-08-13 08:45:20,2026-08-13,America/Los_Angeles,disneyland,Disneyland,Frontierland,323,Big Thunder Mountain Railroad,TRUE,15,2026-08-13T15:40:40.000Z,2026-08-13 08:40:40,https://queue-times.com/parks/16/queue_times.json
2026-08-13T15:45:20.555Z,2026-08-13 08:45:20,2026-08-13,America/Los_Angeles,disneyland,Disneyland,Frontierland,679,Frontierland Shootin' Exposition,FALSE,0,2026-08-13T15:40:40.000Z,2026-08-13 08:40:40,https://queue-times.com/parks/16/queue_times.json
2026-08-13T15:45:20.555Z,2026-08-13 08:45:20,2026-08-13,America/Los_Angeles,disneyland,Disneyland,Frontierland,456,Mark Twain Riverboat,FALSE,0,2026-08-13T15:40:40.000Z,2026-08-13 08:40:40,https://queue-times.com/parks/16/queue_times.json
2026-08-13T15:45:20.555Z,2026-08-13 08:45:20,2026-08-13,America/Los_Angeles,disneyland,Disneyland,Frontierland,331,Pirate's Lair on Tom Sawyer Island,FALSE,0,2026-08-13T15:40:40.000Z,2026-08-13 08:40:40,https://queue-times.com/parks/16/queue_times.json
2026-08-13T15:45:20.555Z,2026-08-13 08:45:20,2026-08-13,America/Los_Angeles,disneyland,Disneyland,Frontierland,328,Sailing Ship Columbia,FALSE,0,2026-08-13T15:40:40.000Z,2026-08-13 08:40:40,https://queue-times.com/parks/16/queue_times.json
2026-08-13T15:45:20.555Z,2026-08-13 08:45:20,2026-08-13,America/Los_Angeles,disneyland,Disneyland,Main Street U.S.A,674,Disneyland Railroad,TRUE,5,2026-08-13T15:40:40.000Z,2026-08-13 08:40:40,https://queue-times.com/parks/16/queue_times.json
2026-08-13T15:45:20.555Z,2026-08-13 08:45:20,2026-08-13,America/Los_Angeles,disneyland,Disneyland,Main Street U.S.A,690,Great Moments with Mr. Lincoln,TRUE,0,2026-08-13T15:40:40.000Z,2026-08-13 08:40:40,https://queue-times.com/parks/16/queue_times.json
2026-08-13T15:45:20.555Z,2026-08-13 08:45:20,2026-08-13,America/Los_Angeles,disneyland,Disneyland,Main Street U.S.A,686,Main Street Cinema,FALSE,0,2026-08-13T15:40:40.000Z,2026-08-13 08:40:40,https://queue-times.com/parks/16/queue_times.json
2026-08-13T15:45:20.555Z,2026-08-13 08:45:20,2026-08-13,America/Los_Angeles,disneyland,Disneyland,Main Street U.S.A,691,Main Street Vehicles,TRUE,0,2026-08-13T15:40:40.000Z,2026-08-13 08:40:40,https://queue-times.com/parks/16/queue_times.json
2026-08-13T15:45:20.555Z,2026-08-13 08:45:20,2026-08-13,America/Los_Angeles,disneyland,Disneyland,Main Street U.S.A,14915,Opera House - Walt Disney - A Magical Life,TRUE,0,2026-08-13T15:40:40.000Z,2026-08-13 08:40:40,https://queue-times.com/parks/16/queue_times.json
2026-08-13T15:45:20.555Z,2026-08-13 08:45:20,2026-08-13,America/Los_Angeles,disneyland,Disneyland,Main Street U.S.A,695,The Disney Gallery,TRUE,0,2026-08-13T15:40:40.000Z,2026-08-13 08:40:40,https://queue-times.com/parks/16/queue_times.json
2026-08-13T15:45:20.555Z,2026-08-13 08:45:20,2026-08-13,America/Los_Angeles,disneyland,Disneyland,Main Street U.S.A,14923,Walt Disney - A Magical Life,FALSE,0,2026-08-13T15:40:40.000Z,2026-08-13 08:40:40,https://queue-times.com/parks/16/queue_times.json
2026-08-13T15:45:20.555Z,2026-08-13 08:45:20,2026-08-13,America/Los_Angeles,disneyland,Disneyland,Mickey's Toontown,324,Chip 'n' Dale's GADGETcoaster,TRUE,5,2026-08-13T15:40:40.000Z,2026-08-13 08:40:40,https://queue-times.com/parks/16/queue_times.json
2026-08-13T15:45:20.555Z,2026-08-13 08:45:20,2026-08-13,America/Los_Angeles,disneyland,Disneyland,Mickey's Toontown,13814,Donald's Duck Pond,TRUE,0,2026-08-13T15:40:40.000Z,2026-08-13 08:40:40,https://queue-times.com/parks/16/queue_times.json
2026-08-13T15:45:20.555Z,2026-08-13 08:45:20,2026-08-13,America/Los_Angeles,disneyland,Disneyland,Mickey's Toontown,11980,Goofy's How-to-Play Yard,TRUE,0,2026-08-13T15:40:40.000Z,2026-08-13 08:40:40,https://queue-times.com/parks/16/queue_times.json
2026-08-13T15:45:20.555Z,2026-08-13 08:45:20,2026-08-13,America/Los_Angeles,disneyland,Disneyland,Mickey's Toontown,11526,Mickey & Minnie's Runaway Railway,TRUE,5,2026-08-13T15:40:40.000Z,2026-08-13 08:40:40,https://queue-times.com/parks/16/queue_times.json
2026-08-13T15:45:20.555Z,2026-08-13 08:45:20,2026-08-13,America/Los_Angeles,disneyland,Disneyland,Mickey's Toontown,709,Mickey's House and Meet Mickey Mouse,TRUE,5,2026-08-13T15:40:40.000Z,2026-08-13 08:40:40,https://queue-times.com/parks/16/queue_times.json
2026-08-13T15:45:20.555Z,2026-08-13 08:45:20,2026-08-13,America/Los_Angeles,disneyland,Disneyland,Mickey's Toontown,327,Mickey's House and Meet Mickey Mouse,FALSE,0,2026-08-13T15:40:40.000Z,2026-08-13 08:40:40,https://queue-times.com/parks/16/queue_times.json
2026-08-13T15:45:20.555Z,2026-08-13 08:45:20,2026-08-13,America/Los_Angeles,disneyland,Disneyland,Mickey's Toontown,684,Minnie's House,FALSE,0,2026-08-13T15:40:40.000Z,2026-08-13 08:40:40,https://queue-times.com/parks/16/queue_times.json
2026-08-13T15:45:20.555Z,2026-08-13 08:45:20,2026-08-13,America/Los_Angeles,disneyland,Disneyland,Mickey's Toontown,332,Roger Rabbit's Car Toon Spin,TRUE,10,2026-08-13T15:40:40.000Z,2026-08-13 08:40:40,https://queue-times.com/parks/16/queue_times.json
2026-08-13T15:45:20.555Z,2026-08-13 08:45:20,2026-08-13,America/Los_Angeles,disneyland,Disneyland,New Orleans Square,13958,Haunted Mansion,FALSE,0,2026-08-13T15:40:40.000Z,2026-08-13 08:40:40,https://queue-times.com/parks/16/queue_times.json
2026-08-13T15:45:20.555Z,2026-08-13 08:45:20,2026-08-13,America/Los_Angeles,disneyland,Disneyland,New Orleans Square,289,Pirates of the Caribbean,TRUE,5,2026-08-13T15:40:40.000Z,2026-08-13 08:40:40,https://queue-times.com/parks/16/queue_times.json
2026-08-13T15:45:20.555Z,2026-08-13 08:45:20,2026-08-13,America/Los_Angeles,disneyland,Disneyland,Star Wars: Galaxy's Edge,6339,Millennium Falcon: Smugglers Run,TRUE,5,2026-08-13T15:40:40.000Z,2026-08-13 08:40:40,https://queue-times.com/parks/16/queue_times.json
2026-08-13T15:45:20.555Z,2026-08-13 08:45:20,2026-08-13,America/Los_Angeles,disneyland,Disneyland,Star Wars: Galaxy's Edge,10903,Millennium Falcon: Smugglers Run Single Rider,TRUE,0,2026-08-13T15:40:40.000Z,2026-08-13 08:40:40,https://queue-times.com/parks/16/queue_times.json
2026-08-13T15:45:20.555Z,2026-08-13 08:45:20,2026-08-13,America/Los_Angeles,disneyland,Disneyland,Star Wars: Galaxy's Edge,6340,Star Wars: Rise of the Resistance,FALSE,0,2026-08-13T15:40:40.000Z,2026-08-13 08:40:40,https://queue-times.com/parks/16/queue_times.json
2026-08-13T15:45:20.555Z,2026-08-13 08:45:20,2026-08-13,America/Los_Angeles,disneyland,Disneyland,Tomorrowland,287,Astro Orbitor,TRUE,5,2026-08-13T15:40:40.000Z,2026-08-13 08:40:40,https://queue-times.com/parks/16/queue_times.json
2026-08-13T15:45:20.555Z,2026-08-13 08:45:20,2026-08-13,America/Los_Angeles,disneyland,Disneyland,Tomorrowland,317,Autopia,TRUE,5,2026-08-13T15:40:40.000Z,2026-08-13 08:40:40,https://queue-times.com/parks/16/queue_times.json
2026-08-13T15:45:20.555Z,2026-08-13 08:45:20,2026-08-13,America/Los_Angeles,disneyland,Disneyland,Tomorrowland,273,Buzz Lightyear Astro Blasters,TRUE,5,2026-08-13T15:40:40.000Z,2026-08-13 08:40:40,https://queue-times.com/parks/16/queue_times.json
2026-08-13T15:45:20.555Z,2026-08-13 08:45:20,2026-08-13,America/Los_Angeles,disneyland,Disneyland,Tomorrowland,274,Disneyland Monorail,TRUE,5,2026-08-13T15:40:40.000Z,2026-08-13 08:40:40,https://queue-times.com/parks/16/queue_times.json
2026-08-13T15:45:20.555Z,2026-08-13 08:45:20,2026-08-13,America/Los_Angeles,disneyland,Disneyland,Tomorrowland,276,Finding Nemo Submarine Voyage,TRUE,5,2026-08-13T15:40:40.000Z,2026-08-13 08:40:40,https://queue-times.com/parks/16/queue_times.json
2026-08-13T15:45:20.555Z,2026-08-13 08:45:20,2026-08-13,America/Los_Angeles,disneyland,Disneyland,Tomorrowland,16627,Pixar Short Film Spotlight,FALSE,0,2026-08-13T15:40:40.000Z,2026-08-13 08:40:40,https://queue-times.com/parks/16/queue_times.json
2026-08-13T15:45:20.555Z,2026-08-13 08:45:20,2026-08-13,America/Los_Angeles,disneyland,Disneyland,Tomorrowland,284,Space Mountain,TRUE,25,2026-08-13T15:40:40.000Z,2026-08-13 08:40:40,https://queue-times.com/parks/16/queue_times.json
2026-08-13T15:45:20.555Z,2026-08-13 08:45:20,2026-08-13,America/Los_Angeles,disneyland,Disneyland,Tomorrowland,286,Star Tours - The Adventures Continue,TRUE,5,2026-08-13T15:40:40.000Z,2026-08-13 08:40:40,https://queue-times.com/parks/16/queue_times.json
2026-08-13T15:45:20.555Z,2026-08-13 08:45:20,2026-08-13,America/Los_Angeles,dca,Disney California Adventure,Avengers Campus,329,Guardians of the Galaxy - Mission: BREAKOUT!,TRUE,40,2026-08-13T15:40:40.000Z,2026-08-13 08:40:40,https://queue-times.com/parks/17/queue_times.json
2026-08-13T15:45:20.555Z,2026-08-13 08:45:20,2026-08-13,America/Los_Angeles,dca,Disney California Adventure,Avengers Campus,8843,WEB SLINGERS: A Spider-Man Adventure,TRUE,20,2026-08-13T15:40:40.000Z,2026-08-13 08:40:40,https://queue-times.com/parks/17/queue_times.json
2026-08-13T15:45:20.555Z,2026-08-13 08:45:20,2026-08-13,America/Los_Angeles,dca,Disney California Adventure,Avengers Campus,10907,WEB SLINGERS: A Spider-Man Adventure Single Rider,TRUE,0,2026-08-13T15:40:40.000Z,2026-08-13 08:40:40,https://queue-times.com/parks/17/queue_times.json
2026-08-13T15:45:20.555Z,2026-08-13 08:45:20,2026-08-13,America/Los_Angeles,dca,Disney California Adventure,Cars Land,13961,Luigi's Rollickin' Roadsters,TRUE,5,2026-08-13T15:40:40.000Z,2026-08-13 08:40:40,https://queue-times.com/parks/17/queue_times.json
2026-08-13T15:45:20.555Z,2026-08-13 08:45:20,2026-08-13,America/Los_Angeles,dca,Disney California Adventure,Cars Land,315,Mater's Junkyard Jamboree,TRUE,5,2026-08-13T15:40:40.000Z,2026-08-13 08:40:40,https://queue-times.com/parks/17/queue_times.json
2026-08-13T15:45:20.555Z,2026-08-13 08:45:20,2026-08-13,America/Los_Angeles,dca,Disney California Adventure,Cars Land,295,Radiator Springs Racers,TRUE,75,2026-08-13T15:40:40.000Z,2026-08-13 08:40:40,https://queue-times.com/parks/17/queue_times.json
2026-08-13T15:45:20.555Z,2026-08-13 08:45:20,2026-08-13,America/Los_Angeles,dca,Disney California Adventure,Cars Land,10904,Radiator Springs Racers Single Rider,TRUE,0,2026-08-13T15:40:40.000Z,2026-08-13 08:40:40,https://queue-times.com/parks/17/queue_times.json
2026-08-13T15:45:20.555Z,2026-08-13 08:45:20,2026-08-13,America/Los_Angeles,dca,Disney California Adventure,Grizzly Peak,302,Grizzly River Run,TRUE,5,2026-08-13T15:40:40.000Z,2026-08-13 08:40:40,https://queue-times.com/parks/17/queue_times.json
2026-08-13T15:45:20.555Z,2026-08-13 08:45:20,2026-08-13,America/Los_Angeles,dca,Disney California Adventure,Grizzly Peak,293,Redwood Creek Challenge Trail,FALSE,0,2026-08-13T15:40:40.000Z,2026-08-13 08:40:40,https://queue-times.com/parks/17/queue_times.json
2026-08-13T15:45:20.555Z,2026-08-13 08:45:20,2026-08-13,America/Los_Angeles,dca,Disney California Adventure,Grizzly Peak,17129,Soarin’ Across America,TRUE,15,2026-08-13T15:40:40.000Z,2026-08-13 08:40:40,https://queue-times.com/parks/17/queue_times.json
2026-08-13T15:45:20.555Z,2026-08-13 08:45:20,2026-08-13,America/Los_Angeles,dca,Disney California Adventure,Hollywood Land,321,Animation Academy,TRUE,0,2026-08-13T15:40:40.000Z,2026-08-13 08:40:40,https://queue-times.com/parks/17/queue_times.json
2026-08-13T15:45:20.555Z,2026-08-13 08:45:20,2026-08-13,America/Los_Angeles,dca,Disney California Adventure,Hollywood Land,6440,Mickey's PhilharMagic,TRUE,10,2026-08-13T15:40:40.000Z,2026-08-13 08:40:40,https://queue-times.com/parks/17/queue_times.json
2026-08-13T15:45:20.555Z,2026-08-13 08:45:20,2026-08-13,America/Los_Angeles,dca,Disney California Adventure,Hollywood Land,291,"Monsters, Inc. Mike & Sulley to the Rescue!",TRUE,5,2026-08-13T15:40:40.000Z,2026-08-13 08:40:40,https://queue-times.com/parks/17/queue_times.json
2026-08-13T15:45:20.555Z,2026-08-13 08:45:20,2026-08-13,America/Los_Angeles,dca,Disney California Adventure,Hollywood Land,868,Sorcerer's Workshop,TRUE,0,2026-08-13T15:40:40.000Z,2026-08-13 08:40:40,https://queue-times.com/parks/17/queue_times.json
2026-08-13T15:45:20.555Z,2026-08-13 08:45:20,2026-08-13,America/Los_Angeles,dca,Disney California Adventure,Hollywood Land,294,Turtle Talk with Crush,TRUE,0,2026-08-13T15:40:40.000Z,2026-08-13 08:40:40,https://queue-times.com/parks/17/queue_times.json
2026-08-13T15:45:20.555Z,2026-08-13 08:45:20,2026-08-13,America/Los_Angeles,dca,Disney California Adventure,Pacific Wharf,869,The Bakery Tour,TRUE,0,2026-08-13T15:40:40.000Z,2026-08-13 08:40:40,https://queue-times.com/parks/17/queue_times.json
2026-08-13T15:45:20.555Z,2026-08-13 08:45:20,2026-08-13,America/Los_Angeles,dca,Disney California Adventure,Paradise Gardens Park,298,Golden Zephyr,TRUE,5,2026-08-13T15:40:40.000Z,2026-08-13 08:40:40,https://queue-times.com/parks/17/queue_times.json
2026-08-13T15:45:20.555Z,2026-08-13 08:45:20,2026-08-13,America/Los_Angeles,dca,Disney California Adventure,Paradise Gardens Park,319,Goofy's Sky School,TRUE,5,2026-08-13T15:40:40.000Z,2026-08-13 08:40:40,https://queue-times.com/parks/17/queue_times.json
2026-08-13T15:45:20.555Z,2026-08-13 08:45:20,2026-08-13,America/Los_Angeles,dca,Disney California Adventure,Paradise Gardens Park,301,Silly Symphony Swings,FALSE,0,2026-08-13T15:40:40.000Z,2026-08-13 08:40:40,https://queue-times.com/parks/17/queue_times.json
2026-08-13T15:45:20.555Z,2026-08-13 08:45:20,2026-08-13,America/Los_Angeles,dca,Disney California Adventure,Paradise Gardens Park,316,The Little Mermaid - Ariel's Undersea Adventure,TRUE,5,2026-08-13T15:40:40.000Z,2026-08-13 08:40:40,https://queue-times.com/parks/17/queue_times.json
2026-08-13T15:45:20.555Z,2026-08-13 08:45:20,2026-08-13,America/Los_Angeles,dca,Disney California Adventure,Paradise Gardens Park,11528,World of Color – ONE,FALSE,0,2026-08-13T15:40:40.000Z,2026-08-13 08:40:40,https://queue-times.com/parks/17/queue_times.json
2026-08-13T15:45:20.555Z,2026-08-13 08:45:20,2026-08-13,America/Los_Angeles,dca,Disney California Adventure,Paradise Gardens Park,14742,World of Color Happiness!,FALSE,0,2026-08-10T07:05:45.000Z,2026-08-10 00:05:45,https://queue-times.com/parks/17/queue_times.json
2026-08-13T15:45:20.555Z,2026-08-13 08:45:20,2026-08-13,America/Los_Angeles,dca,Disney California Adventure,Pixar Pier,866,Games of Pixar Pier,TRUE,0,2026-08-13T15:40:40.000Z,2026-08-13 08:40:40,https://queue-times.com/parks/17/queue_times.json
2026-08-13T15:45:20.555Z,2026-08-13 08:45:20,2026-08-13,America/Los_Angeles,dca,Disney California Adventure,Pixar Pier,322,Incredicoaster,TRUE,20,2026-08-13T15:40:40.000Z,2026-08-13 08:40:40,https://queue-times.com/parks/17/queue_times.json
2026-08-13T15:45:20.555Z,2026-08-13 08:45:20,2026-08-13,America/Los_Angeles,dca,Disney California Adventure,Pixar Pier,10906,Incredicoaster Single Rider,TRUE,0,2026-08-13T15:40:40.000Z,2026-08-13 08:40:40,https://queue-times.com/parks/17/queue_times.json
2026-08-13T15:45:20.555Z,2026-08-13 08:45:20,2026-08-13,America/Los_Angeles,dca,Disney California Adventure,Pixar Pier,6643,Inside Out Emotional Whirlwind,TRUE,5,2026-08-13T15:40:40.000Z,2026-08-13 08:40:40,https://queue-times.com/parks/17/queue_times.json
2026-08-13T15:45:20.555Z,2026-08-13 08:45:20,2026-08-13,America/Los_Angeles,dca,Disney California Adventure,Pixar Pier,310,Jessie's Critter Carousel,TRUE,5,2026-08-13T15:40:40.000Z,2026-08-13 08:40:40,https://queue-times.com/parks/17/queue_times.json
2026-08-13T15:45:20.555Z,2026-08-13 08:45:20,2026-08-13,America/Los_Angeles,dca,Disney California Adventure,Pixar Pier,300,Jumpin' Jellyfish,TRUE,5,2026-08-13T15:40:40.000Z,2026-08-13 08:40:40,https://queue-times.com/parks/17/queue_times.json
2026-08-13T15:45:20.555Z,2026-08-13 08:45:20,2026-08-13,America/Los_Angeles,dca,Disney California Adventure,Pixar Pier,311,Pixar Pal-A-Round - Swinging,FALSE,0,2026-08-13T15:40:40.000Z,2026-08-13 08:40:40,https://queue-times.com/parks/17/queue_times.json
2026-08-13T15:45:20.555Z,2026-08-13 08:45:20,2026-08-13,America/Los_Angeles,dca,Disney California Adventure,Pixar Pier,5557,Pixar Pal-A-Round – Non-Swinging,FALSE,0,2026-08-13T15:40:40.000Z,2026-08-13 08:40:40,https://queue-times.com/parks/17/queue_times.json
2026-08-13T15:45:20.555Z,2026-08-13 08:45:20,2026-08-13,America/Los_Angeles,dca,Disney California Adventure,Pixar Pier,313,Toy Story Midway Mania!,TRUE,5,2026-08-13T15:40:40.000Z,2026-08-13 08:40:40,https://queue-times.com/parks/17/queue_times.json
2026-08-13T16:00:25.281Z,2026-08-13 09:00:25,2026-08-13,America/Los_Angeles,disneyland,Disneyland,Adventureland,12428,Adventureland Treehouse inspired by Walt Disney’s Swiss Family Robinson,TRUE,0,2026-08-13T15:55:37.000Z,2026-08-13 08:55:37,https://queue-times.com/parks/16/queue_times.json
2026-08-13T16:00:25.281Z,2026-08-13 09:00:25,2026-08-13,America/Los_Angeles,disneyland,Disneyland,Adventureland,326,Indiana Jones™ Adventure,TRUE,20,2026-08-13T15:55:37.000Z,2026-08-13 08:55:37,https://queue-times.com/parks/16/queue_times.json
2026-08-13T16:00:25.281Z,2026-08-13 09:00:25,2026-08-13,America/Los_Angeles,disneyland,Disneyland,Adventureland,296,Jungle Cruise,TRUE,5,2026-08-13T15:55:37.000Z,2026-08-13 08:55:37,https://queue-times.com/parks/16/queue_times.json
2026-08-13T16:00:25.281Z,2026-08-13 09:00:25,2026-08-13,America/Los_Angeles,disneyland,Disneyland,Adventureland,288,Walt Disney's Enchanted Tiki Room,TRUE,0,2026-08-13T15:55:37.000Z,2026-08-13 08:55:37,https://queue-times.com/parks/16/queue_times.json
2026-08-13T16:00:25.281Z,2026-08-13 09:00:25,2026-08-13,America/Los_Angeles,disneyland,Disneyland,Bayou Country,304,Davy Crockett's Explorer Canoes,FALSE,0,2026-08-13T15:55:37.000Z,2026-08-13 08:55:37,https://queue-times.com/parks/16/queue_times.json
2026-08-13T16:00:25.281Z,2026-08-13 09:00:25,2026-08-13,America/Los_Angeles,disneyland,Disneyland,Bayou Country,306,The Many Adventures of Winnie the Pooh,TRUE,5,2026-08-13T15:55:37.000Z,2026-08-13 08:55:37,https://queue-times.com/parks/16/queue_times.json
2026-08-13T16:00:25.281Z,2026-08-13 09:00:25,2026-08-13,America/Los_Angeles,disneyland,Disneyland,Bayou Country,14168,Tiana's Bayou Adventure,TRUE,5,2026-08-13T15:55:37.000Z,2026-08-13 08:55:37,https://queue-times.com/parks/16/queue_times.json
2026-08-13T16:00:25.281Z,2026-08-13 09:00:25,2026-08-13,America/Los_Angeles,disneyland,Disneyland,Bayou Country,14326,Tiana's Bayou Adventure Single Rider,TRUE,0,2026-08-13T15:55:37.000Z,2026-08-13 08:55:37,https://queue-times.com/parks/16/queue_times.json
2026-08-13T16:00:25.281Z,2026-08-13 09:00:25,2026-08-13,America/Los_Angeles,disneyland,Disneyland,Fantasyland,307,"""it's a small world""",TRUE,5,2026-08-13T15:55:37.000Z,2026-08-13 08:55:37,https://queue-times.com/parks/16/queue_times.json
2026-08-13T16:00:25.281Z,2026-08-13 09:00:25,2026-08-13,America/Los_Angeles,disneyland,Disneyland,Fantasyland,285,Alice in Wonderland,TRUE,20,2026-08-13T15:55:37.000Z,2026-08-13 08:55:37,https://queue-times.com/parks/16/queue_times.json
2026-08-13T16:00:25.281Z,2026-08-13 09:00:25,2026-08-13,America/Los_Angeles,disneyland,Disneyland,Fantasyland,16254,Bluey’s Best Day Ever! at Fantasyland Theatre,TRUE,0,2026-08-13T15:55:37.000Z,2026-08-13 08:55:37,https://queue-times.com/parks/16/queue_times.json
2026-08-13T16:00:25.281Z,2026-08-13 09:00:25,2026-08-13,America/Los_Angeles,disneyland,Disneyland,Fantasyland,303,Casey Jr. Circus Train,TRUE,5,2026-08-13T15:55:37.000Z,2026-08-13 08:55:37,https://queue-times.com/parks/16/queue_times.json
2026-08-13T16:00:25.281Z,2026-08-13 09:00:25,2026-08-13,America/Los_Angeles,disneyland,Disneyland,Fantasyland,275,Dumbo the Flying Elephant,TRUE,5,2026-08-13T15:55:37.000Z,2026-08-13 08:55:37,https://queue-times.com/parks/16/queue_times.json
2026-08-13T16:00:25.281Z,2026-08-13 09:00:25,2026-08-13,America/Los_Angeles,disneyland,Disneyland,Fantasyland,277,King Arthur Carrousel,TRUE,5,2026-08-13T15:55:37.000Z,2026-08-13 08:55:37,https://queue-times.com/parks/16/queue_times.json
2026-08-13T16:00:25.281Z,2026-08-13 09:00:25,2026-08-13,America/Los_Angeles,disneyland,Disneyland,Fantasyland,278,Mad Tea Party,TRUE,5,2026-08-13T15:55:37.000Z,2026-08-13 08:55:37,https://queue-times.com/parks/16/queue_times.json
2026-08-13T16:00:25.281Z,2026-08-13 09:00:25,2026-08-13,America/Los_Angeles,disneyland,Disneyland,Fantasyland,279,Matterhorn Bobsleds,TRUE,15,2026-08-13T15:55:37.000Z,2026-08-13 08:55:37,https://queue-times.com/parks/16/queue_times.json
2026-08-13T16:00:25.281Z,2026-08-13 09:00:25,2026-08-13,America/Los_Angeles,disneyland,Disneyland,Fantasyland,6711,Meet Disney Princesses at Royal Hall,FALSE,0,2026-08-13T15:55:37.000Z,2026-08-13 08:55:37,https://queue-times.com/parks/16/queue_times.json
2026-08-13T16:00:25.281Z,2026-08-13 09:00:25,2026-08-13,America/Los_Angeles,disneyland,Disneyland,Fantasyland,280,Mr. Toad's Wild Ride,FALSE,0,2026-08-13T15:55:37.000Z,2026-08-13 08:55:37,https://queue-times.com/parks/16/queue_times.json
2026-08-13T16:00:25.281Z,2026-08-13 09:00:25,2026-08-13,America/Los_Angeles,disneyland,Disneyland,Fantasyland,281,Peter Pan's Flight,TRUE,30,2026-08-13T15:55:37.000Z,2026-08-13 08:55:37,https://queue-times.com/parks/16/queue_times.json
2026-08-13T16:00:25.281Z,2026-08-13 09:00:25,2026-08-13,America/Los_Angeles,disneyland,Disneyland,Fantasyland,282,Pinocchio's Daring Journey,TRUE,5,2026-08-13T15:55:37.000Z,2026-08-13 08:55:37,https://queue-times.com/parks/16/queue_times.json
2026-08-13T16:00:25.281Z,2026-08-13 09:00:25,2026-08-13,America/Los_Angeles,disneyland,Disneyland,Fantasyland,687,Sleeping Beauty Castle Walkthrough,FALSE,0,2026-08-13T15:55:37.000Z,2026-08-13 08:55:37,https://queue-times.com/parks/16/queue_times.json
2026-08-13T16:00:25.281Z,2026-08-13 09:00:25,2026-08-13,America/Los_Angeles,disneyland,Disneyland,Fantasyland,283,Snow White's Enchanted Wish,TRUE,10,2026-08-13T15:55:37.000Z,2026-08-13 08:55:37,https://queue-times.com/parks/16/queue_times.json
2026-08-13T16:00:25.281Z,2026-08-13 09:00:25,2026-08-13,America/Los_Angeles,disneyland,Disneyland,Fantasyland,305,Storybook Land Canal Boats,TRUE,10,2026-08-13T15:55:37.000Z,2026-08-13 08:55:37,https://queue-times.com/parks/16/queue_times.json
2026-08-13T16:00:25.281Z,2026-08-13 09:00:25,2026-08-13,America/Los_Angeles,disneyland,Disneyland,Frontierland,323,Big Thunder Mountain Railroad,TRUE,20,2026-08-13T15:55:37.000Z,2026-08-13 08:55:37,https://queue-times.com/parks/16/queue_times.json
2026-08-13T16:00:25.281Z,2026-08-13 09:00:25,2026-08-13,America/Los_Angeles,disneyland,Disneyland,Frontierland,679,Frontierland Shootin' Exposition,FALSE,0,2026-08-13T15:55:37.000Z,2026-08-13 08:55:37,https://queue-times.com/parks/16/queue_times.json
2026-08-13T16:00:25.281Z,2026-08-13 09:00:25,2026-08-13,America/Los_Angeles,disneyland,Disneyland,Frontierland,456,Mark Twain Riverboat,FALSE,0,2026-08-13T15:55:37.000Z,2026-08-13 08:55:37,https://queue-times.com/parks/16/queue_times.json
2026-08-13T16:00:25.281Z,2026-08-13 09:00:25,2026-08-13,America/Los_Angeles,disneyland,Disneyland,Frontierland,331,Pirate's Lair on Tom Sawyer Island,FALSE,0,2026-08-13T15:55:37.000Z,2026-08-13 08:55:37,https://queue-times.com/parks/16/queue_times.json
2026-08-13T16:00:25.281Z,2026-08-13 09:00:25,2026-08-13,America/Los_Angeles,disneyland,Disneyland,Frontierland,328,Sailing Ship Columbia,FALSE,0,2026-08-13T15:55:37.000Z,2026-08-13 08:55:37,https://queue-times.com/parks/16/queue_times.json
2026-08-13T16:00:25.281Z,2026-08-13 09:00:25,2026-08-13,America/Los_Angeles,disneyland,Disneyland,Main Street U.S.A,674,Disneyland Railroad,TRUE,5,2026-08-13T15:55:37.000Z,2026-08-13 08:55:37,https://queue-times.com/parks/16/queue_times.json
2026-08-13T16:00:25.281Z,2026-08-13 09:00:25,2026-08-13,America/Los_Angeles,disneyland,Disneyland,Main Street U.S.A,690,Great Moments with Mr. Lincoln,TRUE,0,2026-08-13T15:55:37.000Z,2026-08-13 08:55:37,https://queue-times.com/parks/16/queue_times.json
2026-08-13T16:00:25.281Z,2026-08-13 09:00:25,2026-08-13,America/Los_Angeles,disneyland,Disneyland,Main Street U.S.A,686,Main Street Cinema,FALSE,0,2026-08-13T15:55:37.000Z,2026-08-13 08:55:37,https://queue-times.com/parks/16/queue_times.json
2026-08-13T16:00:25.281Z,2026-08-13 09:00:25,2026-08-13,America/Los_Angeles,disneyland,Disneyland,Main Street U.S.A,691,Main Street Vehicles,TRUE,0,2026-08-13T15:55:37.000Z,2026-08-13 08:55:37,https://queue-times.com/parks/16/queue_times.json
2026-08-13T16:00:25.281Z,2026-08-13 09:00:25,2026-08-13,America/Los_Angeles,disneyland,Disneyland,Main Street U.S.A,14915,Opera House - Walt Disney - A Magical Life,TRUE,0,2026-08-13T15:55:37.000Z,2026-08-13 08:55:37,https://queue-times.com/parks/16/queue_times.json
2026-08-13T16:00:25.281Z,2026-08-13 09:00:25,2026-08-13,America/Los_Angeles,disneyland,Disneyland,Main Street U.S.A,695,The Disney Gallery,TRUE,0,2026-08-13T15:55:37.000Z,2026-08-13 08:55:37,https://queue-times.com/parks/16/queue_times.json
2026-08-13T16:00:25.281Z,2026-08-13 09:00:25,2026-08-13,America/Los_Angeles,disneyland,Disneyland,Main Street U.S.A,14923,Walt Disney - A Magical Life,FALSE,0,2026-08-13T15:55:37.000Z,2026-08-13 08:55:37,https://queue-times.com/parks/16/queue_times.json
2026-08-13T16:00:25.281Z,2026-08-13 09:00:25,2026-08-13,America/Los_Angeles,disneyland,Disneyland,Mickey's Toontown,324,Chip 'n' Dale's GADGETcoaster,TRUE,5,2026-08-13T15:55:37.000Z,2026-08-13 08:55:37,https://queue-times.com/parks/16/queue_times.json
2026-08-13T16:00:25.281Z,2026-08-13 09:00:25,2026-08-13,America/Los_Angeles,disneyland,Disneyland,Mickey's Toontown,13814,Donald's Duck Pond,TRUE,0,2026-08-13T15:55:37.000Z,2026-08-13 08:55:37,https://queue-times.com/parks/16/queue_times.json
2026-08-13T16:00:25.281Z,2026-08-13 09:00:25,2026-08-13,America/Los_Angeles,disneyland,Disneyland,Mickey's Toontown,11980,Goofy's How-to-Play Yard,TRUE,0,2026-08-13T15:55:37.000Z,2026-08-13 08:55:37,https://queue-times.com/parks/16/queue_times.json
2026-08-13T16:00:25.281Z,2026-08-13 09:00:25,2026-08-13,America/Los_Angeles,disneyland,Disneyland,Mickey's Toontown,11526,Mickey & Minnie's Runaway Railway,TRUE,5,2026-08-13T15:55:37.000Z,2026-08-13 08:55:37,https://queue-times.com/parks/16/queue_times.json
2026-08-13T16:00:25.281Z,2026-08-13 09:00:25,2026-08-13,America/Los_Angeles,disneyland,Disneyland,Mickey's Toontown,709,Mickey's House and Meet Mickey Mouse,TRUE,5,2026-08-13T15:55:37.000Z,2026-08-13 08:55:37,https://queue-times.com/parks/16/queue_times.json
2026-08-13T16:00:25.281Z,2026-08-13 09:00:25,2026-08-13,America/Los_Angeles,disneyland,Disneyland,Mickey's Toontown,327,Mickey's House and Meet Mickey Mouse,FALSE,0,2026-08-13T15:55:37.000Z,2026-08-13 08:55:37,https://queue-times.com/parks/16/queue_times.json
2026-08-13T16:00:25.281Z,2026-08-13 09:00:25,2026-08-13,America/Los_Angeles,disneyland,Disneyland,Mickey's Toontown,684,Minnie's House,FALSE,0,2026-08-13T15:55:37.000Z,2026-08-13 08:55:37,https://queue-times.com/parks/16/queue_times.json
2026-08-13T16:00:25.281Z,2026-08-13 09:00:25,2026-08-13,America/Los_Angeles,disneyland,Disneyland,Mickey's Toontown,332,Roger Rabbit's Car Toon Spin,TRUE,15,2026-08-13T15:55:37.000Z,2026-08-13 08:55:37,https://queue-times.com/parks/16/queue_times.json
2026-08-13T16:00:25.281Z,2026-08-13 09:00:25,2026-08-13,America/Los_Angeles,disneyland,Disneyland,New Orleans Square,13958,Haunted Mansion,FALSE,0,2026-08-13T15:55:37.000Z,2026-08-13 08:55:37,https://queue-times.com/parks/16/queue_times.json
2026-08-13T16:00:25.281Z,2026-08-13 09:00:25,2026-08-13,America/Los_Angeles,disneyland,Disneyland,New Orleans Square,289,Pirates of the Caribbean,TRUE,5,2026-08-13T15:55:37.000Z,2026-08-13 08:55:37,https://queue-times.com/parks/16/queue_times.json
2026-08-13T16:00:25.281Z,2026-08-13 09:00:25,2026-08-13,America/Los_Angeles,disneyland,Disneyland,Star Wars: Galaxy's Edge,6339,Millennium Falcon: Smugglers Run,TRUE,5,2026-08-13T15:55:37.000Z,2026-08-13 08:55:37,https://queue-times.com/parks/16/queue_times.json
2026-08-13T16:00:25.281Z,2026-08-13 09:00:25,2026-08-13,America/Los_Angeles,disneyland,Disneyland,Star Wars: Galaxy's Edge,10903,Millennium Falcon: Smugglers Run Single Rider,TRUE,0,2026-08-13T15:55:37.000Z,2026-08-13 08:55:37,https://queue-times.com/parks/16/queue_times.json
2026-08-13T16:00:25.281Z,2026-08-13 09:00:25,2026-08-13,America/Los_Angeles,disneyland,Disneyland,Star Wars: Galaxy's Edge,6340,Star Wars: Rise of the Resistance,TRUE,70,2026-08-13T15:55:37.000Z,2026-08-13 08:55:37,https://queue-times.com/parks/16/queue_times.json
2026-08-13T16:00:25.281Z,2026-08-13 09:00:25,2026-08-13,America/Los_Angeles,disneyland,Disneyland,Tomorrowland,287,Astro Orbitor,TRUE,5,2026-08-13T15:55:37.000Z,2026-08-13 08:55:37,https://queue-times.com/parks/16/queue_times.json
2026-08-13T16:00:25.281Z,2026-08-13 09:00:25,2026-08-13,America/Los_Angeles,disneyland,Disneyland,Tomorrowland,317,Autopia,TRUE,5,2026-08-13T15:55:37.000Z,2026-08-13 08:55:37,https://queue-times.com/parks/16/queue_times.json
2026-08-13T16:00:25.281Z,2026-08-13 09:00:25,2026-08-13,America/Los_Angeles,disneyland,Disneyland,Tomorrowland,273,Buzz Lightyear Astro Blasters,TRUE,5,2026-08-13T15:55:37.000Z,2026-08-13 08:55:37,https://queue-times.com/parks/16/queue_times.json
2026-08-13T16:00:25.281Z,2026-08-13 09:00:25,2026-08-13,America/Los_Angeles,disneyland,Disneyland,Tomorrowland,274,Disneyland Monorail,TRUE,5,2026-08-13T15:55:37.000Z,2026-08-13 08:55:37,https://queue-times.com/parks/16/queue_times.json
2026-08-13T16:00:25.281Z,2026-08-13 09:00:25,2026-08-13,America/Los_Angeles,disneyland,Disneyland,Tomorrowland,276,Finding Nemo Submarine Voyage,TRUE,5,2026-08-13T15:55:37.000Z,2026-08-13 08:55:37,https://queue-times.com/parks/16/queue_times.json
2026-08-13T16:00:25.281Z,2026-08-13 09:00:25,2026-08-13,America/Los_Angeles,disneyland,Disneyland,Tomorrowland,16627,Pixar Short Film Spotlight,FALSE,0,2026-08-13T15:55:37.000Z,2026-08-13 08:55:37,https://queue-times.com/parks/16/queue_times.json
2026-08-13T16:00:25.281Z,2026-08-13 09:00:25,2026-08-13,America/Los_Angeles,disneyland,Disneyland,Tomorrowland,284,Space Mountain,TRUE,25,2026-08-13T15:55:37.000Z,2026-08-13 08:55:37,https://queue-times.com/parks/16/queue_times.json
2026-08-13T16:00:25.281Z,2026-08-13 09:00:25,2026-08-13,America/Los_Angeles,disneyland,Disneyland,Tomorrowland,286,Star Tours - The Adventures Continue,TRUE,5,2026-08-13T15:55:37.000Z,2026-08-13 08:55:37,https://queue-times.com/parks/16/queue_times.json
2026-08-13T16:00:25.281Z,2026-08-13 09:00:25,2026-08-13,America/Los_Angeles,dca,Disney California Adventure,Avengers Campus,329,Guardians of the Galaxy - Mission: BREAKOUT!,TRUE,40,2026-08-13T15:55:37.000Z,2026-08-13 08:55:37,https://queue-times.com/parks/17/queue_times.json
2026-08-13T16:00:25.281Z,2026-08-13 09:00:25,2026-08-13,America/Los_Angeles,dca,Disney California Adventure,Avengers Campus,8843,WEB SLINGERS: A Spider-Man Adventure,TRUE,20,2026-08-13T15:55:37.000Z,2026-08-13 08:55:37,https://queue-times.com/parks/17/queue_times.json
2026-08-13T16:00:25.281Z,2026-08-13 09:00:25,2026-08-13,America/Los_Angeles,dca,Disney California Adventure,Avengers Campus,10907,WEB SLINGERS: A Spider-Man Adventure Single Rider,TRUE,0,2026-08-13T15:55:37.000Z,2026-08-13 08:55:37,https://queue-times.com/parks/17/queue_times.json
2026-08-13T16:00:25.281Z,2026-08-13 09:00:25,2026-08-13,America/Los_Angeles,dca,Disney California Adventure,Cars Land,13961,Luigi's Rollickin' Roadsters,TRUE,5,2026-08-13T15:55:37.000Z,2026-08-13 08:55:37,https://queue-times.com/parks/17/queue_times.json
2026-08-13T16:00:25.281Z,2026-08-13 09:00:25,2026-08-13,America/Los_Angeles,dca,Disney California Adventure,Cars Land,315,Mater's Junkyard Jamboree,TRUE,20,2026-08-13T15:55:37.000Z,2026-08-13 08:55:37,https://queue-times.com/parks/17/queue_times.json
2026-08-13T16:00:25.281Z,2026-08-13 09:00:25,2026-08-13,America/Los_Angeles,dca,Disney California Adventure,Cars Land,295,Radiator Springs Racers,TRUE,50,2026-08-13T15:55:37.000Z,2026-08-13 08:55:37,https://queue-times.com/parks/17/queue_times.json
2026-08-13T16:00:25.281Z,2026-08-13 09:00:25,2026-08-13,America/Los_Angeles,dca,Disney California Adventure,Cars Land,10904,Radiator Springs Racers Single Rider,TRUE,0,2026-08-13T15:55:37.000Z,2026-08-13 08:55:37,https://queue-times.com/parks/17/queue_times.json
2026-08-13T16:00:25.281Z,2026-08-13 09:00:25,2026-08-13,America/Los_Angeles,dca,Disney California Adventure,Grizzly Peak,302,Grizzly River Run,TRUE,5,2026-08-13T15:55:37.000Z,2026-08-13 08:55:37,https://queue-times.com/parks/17/queue_times.json
2026-08-13T16:00:25.281Z,2026-08-13 09:00:25,2026-08-13,America/Los_Angeles,dca,Disney California Adventure,Grizzly Peak,293,Redwood Creek Challenge Trail,FALSE,0,2026-08-13T15:55:37.000Z,2026-08-13 08:55:37,https://queue-times.com/parks/17/queue_times.json
2026-08-13T16:00:25.281Z,2026-08-13 09:00:25,2026-08-13,America/Los_Angeles,dca,Disney California Adventure,Grizzly Peak,17129,Soarin’ Across America,TRUE,15,2026-08-13T15:55:37.000Z,2026-08-13 08:55:37,https://queue-times.com/parks/17/queue_times.json
2026-08-13T16:00:25.281Z,2026-08-13 09:00:25,2026-08-13,America/Los_Angeles,dca,Disney California Adventure,Hollywood Land,321,Animation Academy,TRUE,0,2026-08-13T15:55:37.000Z,2026-08-13 08:55:37,https://queue-times.com/parks/17/queue_times.json
2026-08-13T16:00:25.281Z,2026-08-13 09:00:25,2026-08-13,America/Los_Angeles,dca,Disney California Adventure,Hollywood Land,6440,Mickey's PhilharMagic,TRUE,10,2026-08-13T15:55:37.000Z,2026-08-13 08:55:37,https://queue-times.com/parks/17/queue_times.json
2026-08-13T16:00:25.281Z,2026-08-13 09:00:25,2026-08-13,America/Los_Angeles,dca,Disney California Adventure,Hollywood Land,291,"Monsters, Inc. Mike & Sulley to the Rescue!",TRUE,5,2026-08-13T15:55:37.000Z,2026-08-13 08:55:37,https://queue-times.com/parks/17/queue_times.json
2026-08-13T16:00:25.281Z,2026-08-13 09:00:25,2026-08-13,America/Los_Angeles,dca,Disney California Adventure,Hollywood Land,868,Sorcerer's Workshop,TRUE,0,2026-08-13T15:55:37.000Z,2026-08-13 08:55:37,https://queue-times.com/parks/17/queue_times.json
2026-08-13T16:00:25.281Z,2026-08-13 09:00:25,2026-08-13,America/Los_Angeles,dca,Disney California Adventure,Hollywood Land,294,Turtle Talk with Crush,TRUE,0,2026-08-13T15:55:37.000Z,2026-08-13 08:55:37,https://queue-times.com/parks/17/queue_times.json
2026-08-13T16:00:25.281Z,2026-08-13 09:00:25,2026-08-13,America/Los_Angeles,dca,Disney California Adventure,Pacific Wharf,869,The Bakery Tour,TRUE,0,2026-08-13T15:55:37.000Z,2026-08-13 08:55:37,https://queue-times.com/parks/17/queue_times.json
2026-08-13T16:00:25.281Z,2026-08-13 09:00:25,2026-08-13,America/Los_Angeles,dca,Disney California Adventure,Paradise Gardens Park,298,Golden Zephyr,TRUE,5,2026-08-13T15:55:37.000Z,2026-08-13 08:55:37,https://queue-times.com/parks/17/queue_times.json
2026-08-13T16:00:25.281Z,2026-08-13 09:00:25,2026-08-13,America/Los_Angeles,dca,Disney California Adventure,Paradise Gardens Park,319,Goofy's Sky School,TRUE,5,2026-08-13T15:55:37.000Z,2026-08-13 08:55:37,https://queue-times.com/parks/17/queue_times.json
2026-08-13T16:00:25.281Z,2026-08-13 09:00:25,2026-08-13,America/Los_Angeles,dca,Disney California Adventure,Paradise Gardens Park,301,Silly Symphony Swings,FALSE,0,2026-08-13T15:55:37.000Z,2026-08-13 08:55:37,https://queue-times.com/parks/17/queue_times.json
2026-08-13T16:00:25.281Z,2026-08-13 09:00:25,2026-08-13,America/Los_Angeles,dca,Disney California Adventure,Paradise Gardens Park,316,The Little Mermaid - Ariel's Undersea Adventure,TRUE,5,2026-08-13T15:55:37.000Z,2026-08-13 08:55:37,https://queue-times.com/parks/17/queue_times.json
2026-08-13T16:00:25.281Z,2026-08-13 09:00:25,2026-08-13,America/Los_Angeles,dca,Disney California Adventure,Paradise Gardens Park,11528,World of Color – ONE,FALSE,0,2026-08-13T15:55:37.000Z,2026-08-13 08:55:37,https://queue-times.com/parks/17/queue_times.json
2026-08-13T16:00:25.281Z,2026-08-13 09:00:25,2026-08-13,America/Los_Angeles,dca,Disney California Adventure,Paradise Gardens Park,14742,World of Color Happiness!,FALSE,0,2026-08-10T07:05:45.000Z,2026-08-10 00:05:45,https://queue-times.com/parks/17/queue_times.json
2026-08-13T16:00:25.281Z,2026-08-13 09:00:25,2026-08-13,America/Los_Angeles,dca,Disney California Adventure,Pixar Pier,866,Games of Pixar Pier,TRUE,0,2026-08-13T15:55:37.000Z,2026-08-13 08:55:37,https://queue-times.com/parks/17/queue_times.json
2026-08-13T16:00:25.281Z,2026-08-13 09:00:25,2026-08-13,America/Los_Angeles,dca,Disney California Adventure,Pixar Pier,322,Incredicoaster,TRUE,20,2026-08-13T15:55:37.000Z,2026-08-13 08:55:37,https://queue-times.com/parks/17/queue_times.json
2026-08-13T16:00:25.281Z,2026-08-13 09:00:25,2026-08-13,America/Los_Angeles,dca,Disney California Adventure,Pixar Pier,10906,Incredicoaster Single Rider,TRUE,0,2026-08-13T15:55:37.000Z,2026-08-13 08:55:37,https://queue-times.com/parks/17/queue_times.json
2026-08-13T16:00:25.281Z,2026-08-13 09:00:25,2026-08-13,America/Los_Angeles,dca,Disney California Adventure,Pixar Pier,6643,Inside Out Emotional Whirlwind,TRUE,5,2026-08-13T15:55:37.000Z,2026-08-13 08:55:37,https://queue-times.com/parks/17/queue_times.json
2026-08-13T16:00:25.281Z,2026-08-13 09:00:25,2026-08-13,America/Los_Angeles,dca,Disney California Adventure,Pixar Pier,310,Jessie's Critter Carousel,TRUE,5,2026-08-13T15:55:37.000Z,2026-08-13 08:55:37,https://queue-times.com/parks/17/queue_times.json
2026-08-13T16:00:25.281Z,2026-08-13 09:00:25,2026-08-13,America/Los_Angeles,dca,Disney California Adventure,Pixar Pier,300,Jumpin' Jellyfish,TRUE,5,2026-08-13T15:55:37.000Z,2026-08-13 08:55:37,https://queue-times.com/parks/17/queue_times.json
2026-08-13T16:00:25.281Z,2026-08-13 09:00:25,2026-08-13,America/Los_Angeles,dca,Disney California Adventure,Pixar Pier,311,Pixar Pal-A-Round - Swinging,FALSE,0,2026-08-13T15:55:37.000Z,2026-08-13 08:55:37,https://queue-times.com/parks/17/queue_times.json
2026-08-13T16:00:25.281Z,2026-08-13 09:00:25,2026-08-13,America/Los_Angeles,dca,Disney California Adventure,Pixar Pier,5557,Pixar Pal-A-Round – Non-Swinging,FALSE,0,2026-08-13T15:55:37.000Z,2026-08-13 08:55:37,https://queue-times.com/parks/17/queue_times.json
2026-08-13T16:00:25.281Z,2026-08-13 09:00:25,2026-08-13,America/Los_Angeles,dca,Disney California Adventure,Pixar Pier,313,Toy Story Midway Mania!,TRUE,25,2026-08-13T15:55:37.000Z,2026-08-13 08:55:37,https://queue-times.com/parks/17/queue_times.json
2026-08-13T16:14:04.499Z,2026-08-13 09:14:04,2026-08-13,America/Los_Angeles,disneyland,Disneyland,Adventureland,12428,Adventureland Treehouse inspired by Walt Disney’s Swiss Family Robinson,TRUE,0,2026-08-13T16:10:35.000Z,2026-08-13 09:10:35,https://queue-times.com/parks/16/queue_times.json
2026-08-13T16:14:04.499Z,2026-08-13 09:14:04,2026-08-13,America/Los_Angeles,disneyland,Disneyland,Adventureland,326,Indiana Jones™ Adventure,TRUE,25,2026-08-13T16:10:35.000Z,2026-08-13 09:10:35,https://queue-times.com/parks/16/queue_times.json
2026-08-13T16:14:04.499Z,2026-08-13 09:14:04,2026-08-13,America/Los_Angeles,disneyland,Disneyland,Adventureland,296,Jungle Cruise,TRUE,5,2026-08-13T16:10:35.000Z,2026-08-13 09:10:35,https://queue-times.com/parks/16/queue_times.json
2026-08-13T16:14:04.499Z,2026-08-13 09:14:04,2026-08-13,America/Los_Angeles,disneyland,Disneyland,Adventureland,288,Walt Disney's Enchanted Tiki Room,TRUE,0,2026-08-13T16:10:35.000Z,2026-08-13 09:10:35,https://queue-times.com/parks/16/queue_times.json
2026-08-13T16:14:04.499Z,2026-08-13 09:14:04,2026-08-13,America/Los_Angeles,disneyland,Disneyland,Bayou Country,304,Davy Crockett's Explorer Canoes,FALSE,0,2026-08-13T16:10:35.000Z,2026-08-13 09:10:35,https://queue-times.com/parks/16/queue_times.json
2026-08-13T16:14:04.499Z,2026-08-13 09:14:04,2026-08-13,America/Los_Angeles,disneyland,Disneyland,Bayou Country,306,The Many Adventures of Winnie the Pooh,TRUE,5,2026-08-13T16:10:35.000Z,2026-08-13 09:10:35,https://queue-times.com/parks/16/queue_times.json
2026-08-13T16:14:04.499Z,2026-08-13 09:14:04,2026-08-13,America/Los_Angeles,disneyland,Disneyland,Bayou Country,14168,Tiana's Bayou Adventure,TRUE,5,2026-08-13T16:10:35.000Z,2026-08-13 09:10:35,https://queue-times.com/parks/16/queue_times.json
2026-08-13T16:14:04.499Z,2026-08-13 09:14:04,2026-08-13,America/Los_Angeles,disneyland,Disneyland,Bayou Country,14326,Tiana's Bayou Adventure Single Rider,TRUE,0,2026-08-13T16:10:35.000Z,2026-08-13 09:10:35,https://queue-times.com/parks/16/queue_times.json
2026-08-13T16:14:04.499Z,2026-08-13 09:14:04,2026-08-13,America/Los_Angeles,disneyland,Disneyland,Fantasyland,307,"""it's a small world""",TRUE,5,2026-08-13T16:10:35.000Z,2026-08-13 09:10:35,https://queue-times.com/parks/16/queue_times.json
2026-08-13T16:14:04.499Z,2026-08-13 09:14:04,2026-08-13,America/Los_Angeles,disneyland,Disneyland,Fantasyland,285,Alice in Wonderland,TRUE,20,2026-08-13T16:10:35.000Z,2026-08-13 09:10:35,https://queue-times.com/parks/16/queue_times.json
2026-08-13T16:14:04.499Z,2026-08-13 09:14:04,2026-08-13,America/Los_Angeles,disneyland,Disneyland,Fantasyland,16254,Bluey’s Best Day Ever! at Fantasyland Theatre,TRUE,0,2026-08-13T16:10:35.000Z,2026-08-13 09:10:35,https://queue-times.com/parks/16/queue_times.json
2026-08-13T16:14:04.499Z,2026-08-13 09:14:04,2026-08-13,America/Los_Angeles,disneyland,Disneyland,Fantasyland,303,Casey Jr. Circus Train,TRUE,10,2026-08-13T16:10:35.000Z,2026-08-13 09:10:35,https://queue-times.com/parks/16/queue_times.json
2026-08-13T16:14:04.499Z,2026-08-13 09:14:04,2026-08-13,America/Los_Angeles,disneyland,Disneyland,Fantasyland,275,Dumbo the Flying Elephant,TRUE,5,2026-08-13T16:10:35.000Z,2026-08-13 09:10:35,https://queue-times.com/parks/16/queue_times.json
2026-08-13T16:14:04.499Z,2026-08-13 09:14:04,2026-08-13,America/Los_Angeles,disneyland,Disneyland,Fantasyland,277,King Arthur Carrousel,TRUE,5,2026-08-13T16:10:35.000Z,2026-08-13 09:10:35,https://queue-times.com/parks/16/queue_times.json
2026-08-13T16:14:04.499Z,2026-08-13 09:14:04,2026-08-13,America/Los_Angeles,disneyland,Disneyland,Fantasyland,278,Mad Tea Party,TRUE,5,2026-08-13T16:10:35.000Z,2026-08-13 09:10:35,https://queue-times.com/parks/16/queue_times.json
2026-08-13T16:14:04.499Z,2026-08-13 09:14:04,2026-08-13,America/Los_Angeles,disneyland,Disneyland,Fantasyland,279,Matterhorn Bobsleds,FALSE,0,2026-08-13T16:10:35.000Z,2026-08-13 09:10:35,https://queue-times.com/parks/16/queue_times.json
2026-08-13T16:14:04.499Z,2026-08-13 09:14:04,2026-08-13,America/Los_Angeles,disneyland,Disneyland,Fantasyland,6711,Meet Disney Princesses at Royal Hall,FALSE,0,2026-08-13T16:10:35.000Z,2026-08-13 09:10:35,https://queue-times.com/parks/16/queue_times.json
2026-08-13T16:14:04.499Z,2026-08-13 09:14:04,2026-08-13,America/Los_Angeles,disneyland,Disneyland,Fantasyland,280,Mr. Toad's Wild Ride,FALSE,0,2026-08-13T16:10:35.000Z,2026-08-13 09:10:35,https://queue-times.com/parks/16/queue_times.json
2026-08-13T16:14:04.499Z,2026-08-13 09:14:04,2026-08-13,America/Los_Angeles,disneyland,Disneyland,Fantasyland,281,Peter Pan's Flight,TRUE,30,2026-08-13T16:10:35.000Z,2026-08-13 09:10:35,https://queue-times.com/parks/16/queue_times.json
2026-08-13T16:14:04.499Z,2026-08-13 09:14:04,2026-08-13,America/Los_Angeles,disneyland,Disneyland,Fantasyland,282,Pinocchio's Daring Journey,TRUE,5,2026-08-13T16:10:35.000Z,2026-08-13 09:10:35,https://queue-times.com/parks/16/queue_times.json
2026-08-13T16:14:04.499Z,2026-08-13 09:14:04,2026-08-13,America/Los_Angeles,disneyland,Disneyland,Fantasyland,687,Sleeping Beauty Castle Walkthrough,FALSE,0,2026-08-13T16:10:35.000Z,2026-08-13 09:10:35,https://queue-times.com/parks/16/queue_times.json
2026-08-13T16:14:04.499Z,2026-08-13 09:14:04,2026-08-13,America/Los_Angeles,disneyland,Disneyland,Fantasyland,283,Snow White's Enchanted Wish,TRUE,10,2026-08-13T16:10:35.000Z,2026-08-13 09:10:35,https://queue-times.com/parks/16/queue_times.json
2026-08-13T16:14:04.499Z,2026-08-13 09:14:04,2026-08-13,America/Los_Angeles,disneyland,Disneyland,Fantasyland,305,Storybook Land Canal Boats,TRUE,10,2026-08-13T16:10:35.000Z,2026-08-13 09:10:35,https://queue-times.com/parks/16/queue_times.json
2026-08-13T16:14:04.499Z,2026-08-13 09:14:04,2026-08-13,America/Los_Angeles,disneyland,Disneyland,Frontierland,323,Big Thunder Mountain Railroad,TRUE,25,2026-08-13T16:10:35.000Z,2026-08-13 09:10:35,https://queue-times.com/parks/16/queue_times.json
2026-08-13T16:14:04.499Z,2026-08-13 09:14:04,2026-08-13,America/Los_Angeles,disneyland,Disneyland,Frontierland,679,Frontierland Shootin' Exposition,FALSE,0,2026-08-13T16:10:35.000Z,2026-08-13 09:10:35,https://queue-times.com/parks/16/queue_times.json
2026-08-13T16:14:04.499Z,2026-08-13 09:14:04,2026-08-13,America/Los_Angeles,disneyland,Disneyland,Frontierland,456,Mark Twain Riverboat,FALSE,0,2026-08-13T16:10:35.000Z,2026-08-13 09:10:35,https://queue-times.com/parks/16/queue_times.json
2026-08-13T16:14:04.499Z,2026-08-13 09:14:04,2026-08-13,America/Los_Angeles,disneyland,Disneyland,Frontierland,331,Pirate's Lair on Tom Sawyer Island,TRUE,5,2026-08-13T16:10:35.000Z,2026-08-13 09:10:35,https://queue-times.com/parks/16/queue_times.json
2026-08-13T16:14:04.499Z,2026-08-13 09:14:04,2026-08-13,America/Los_Angeles,disneyland,Disneyland,Frontierland,328,Sailing Ship Columbia,FALSE,0,2026-08-13T16:10:35.000Z,2026-08-13 09:10:35,https://queue-times.com/parks/16/queue_times.json
2026-08-13T16:14:04.499Z,2026-08-13 09:14:04,2026-08-13,America/Los_Angeles,disneyland,Disneyland,Main Street U.S.A,674,Disneyland Railroad,TRUE,5,2026-08-13T16:10:35.000Z,2026-08-13 09:10:35,https://queue-times.com/parks/16/queue_times.json
2026-08-13T16:14:04.499Z,2026-08-13 09:14:04,2026-08-13,America/Los_Angeles,disneyland,Disneyland,Main Street U.S.A,690,Great Moments with Mr. Lincoln,TRUE,0,2026-08-13T16:10:35.000Z,2026-08-13 09:10:35,https://queue-times.com/parks/16/queue_times.json
2026-08-13T16:14:04.499Z,2026-08-13 09:14:04,2026-08-13,America/Los_Angeles,disneyland,Disneyland,Main Street U.S.A,686,Main Street Cinema,FALSE,0,2026-08-13T16:10:35.000Z,2026-08-13 09:10:35,https://queue-times.com/parks/16/queue_times.json
2026-08-13T16:14:04.499Z,2026-08-13 09:14:04,2026-08-13,America/Los_Angeles,disneyland,Disneyland,Main Street U.S.A,691,Main Street Vehicles,TRUE,0,2026-08-13T16:10:35.000Z,2026-08-13 09:10:35,https://queue-times.com/parks/16/queue_times.json
2026-08-13T16:14:04.499Z,2026-08-13 09:14:04,2026-08-13,America/Los_Angeles,disneyland,Disneyland,Main Street U.S.A,14915,Opera House - Walt Disney - A Magical Life,TRUE,0,2026-08-13T16:10:35.000Z,2026-08-13 09:10:35,https://queue-times.com/parks/16/queue_times.json
2026-08-13T16:14:04.499Z,2026-08-13 09:14:04,2026-08-13,America/Los_Angeles,disneyland,Disneyland,Main Street U.S.A,695,The Disney Gallery,TRUE,0,2026-08-13T16:10:35.000Z,2026-08-13 09:10:35,https://queue-times.com/parks/16/queue_times.json
2026-08-13T16:14:04.499Z,2026-08-13 09:14:04,2026-08-13,America/Los_Angeles,disneyland,Disneyland,Main Street U.S.A,14923,Walt Disney - A Magical Life,FALSE,0,2026-08-13T16:10:35.000Z,2026-08-13 09:10:35,https://queue-times.com/parks/16/queue_times.json
2026-08-13T16:14:04.499Z,2026-08-13 09:14:04,2026-08-13,America/Los_Angeles,disneyland,Disneyland,Mickey's Toontown,324,Chip 'n' Dale's GADGETcoaster,TRUE,5,2026-08-13T16:10:35.000Z,2026-08-13 09:10:35,https://queue-times.com/parks/16/queue_times.json
2026-08-13T16:14:04.499Z,2026-08-13 09:14:04,2026-08-13,America/Los_Angeles,disneyland,Disneyland,Mickey's Toontown,13814,Donald's Duck Pond,TRUE,0,2026-08-13T16:10:35.000Z,2026-08-13 09:10:35,https://queue-times.com/parks/16/queue_times.json
2026-08-13T16:14:04.499Z,2026-08-13 09:14:04,2026-08-13,America/Los_Angeles,disneyland,Disneyland,Mickey's Toontown,11980,Goofy's How-to-Play Yard,TRUE,0,2026-08-13T16:10:35.000Z,2026-08-13 09:10:35,https://queue-times.com/parks/16/queue_times.json
2026-08-13T16:14:04.499Z,2026-08-13 09:14:04,2026-08-13,America/Los_Angeles,disneyland,Disneyland,Mickey's Toontown,11526,Mickey & Minnie's Runaway Railway,TRUE,15,2026-08-13T16:10:35.000Z,2026-08-13 09:10:35,https://queue-times.com/parks/16/queue_times.json
2026-08-13T16:14:04.499Z,2026-08-13 09:14:04,2026-08-13,America/Los_Angeles,disneyland,Disneyland,Mickey's Toontown,709,Mickey's House and Meet Mickey Mouse,TRUE,5,2026-08-13T16:10:35.000Z,2026-08-13 09:10:35,https://queue-times.com/parks/16/queue_times.json
2026-08-13T16:14:04.499Z,2026-08-13 09:14:04,2026-08-13,America/Los_Angeles,disneyland,Disneyland,Mickey's Toontown,327,Mickey's House and Meet Mickey Mouse,FALSE,0,2026-08-13T16:10:35.000Z,2026-08-13 09:10:35,https://queue-times.com/parks/16/queue_times.json
2026-08-13T16:14:04.499Z,2026-08-13 09:14:04,2026-08-13,America/Los_Angeles,disneyland,Disneyland,Mickey's Toontown,684,Minnie's House,TRUE,0,2026-08-13T16:10:35.000Z,2026-08-13 09:10:35,https://queue-times.com/parks/16/queue_times.json
2026-08-13T16:14:04.499Z,2026-08-13 09:14:04,2026-08-13,America/Los_Angeles,disneyland,Disneyland,Mickey's Toontown,332,Roger Rabbit's Car Toon Spin,TRUE,25,2026-08-13T16:10:35.000Z,2026-08-13 09:10:35,https://queue-times.com/parks/16/queue_times.json
2026-08-13T16:14:04.499Z,2026-08-13 09:14:04,2026-08-13,America/Los_Angeles,disneyland,Disneyland,New Orleans Square,13958,Haunted Mansion,FALSE,0,2026-08-13T16:10:35.000Z,2026-08-13 09:10:35,https://queue-times.com/parks/16/queue_times.json
2026-08-13T16:14:04.499Z,2026-08-13 09:14:04,2026-08-13,America/Los_Angeles,disneyland,Disneyland,New Orleans Square,289,Pirates of the Caribbean,TRUE,5,2026-08-13T16:10:35.000Z,2026-08-13 09:10:35,https://queue-times.com/parks/16/queue_times.json
2026-08-13T16:14:04.499Z,2026-08-13 09:14:04,2026-08-13,America/Los_Angeles,disneyland,Disneyland,Star Wars: Galaxy's Edge,6339,Millennium Falcon: Smugglers Run,TRUE,5,2026-08-13T16:10:35.000Z,2026-08-13 09:10:35,https://queue-times.com/parks/16/queue_times.json
2026-08-13T16:14:04.499Z,2026-08-13 09:14:04,2026-08-13,America/Los_Angeles,disneyland,Disneyland,Star Wars: Galaxy's Edge,10903,Millennium Falcon: Smugglers Run Single Rider,TRUE,0,2026-08-13T16:10:35.000Z,2026-08-13 09:10:35,https://queue-times.com/parks/16/queue_times.json
2026-08-13T16:14:04.499Z,2026-08-13 09:14:04,2026-08-13,America/Los_Angeles,disneyland,Disneyland,Star Wars: Galaxy's Edge,6340,Star Wars: Rise of the Resistance,FALSE,0,2026-08-13T16:10:35.000Z,2026-08-13 09:10:35,https://queue-times.com/parks/16/queue_times.json
2026-08-13T16:14:04.499Z,2026-08-13 09:14:04,2026-08-13,America/Los_Angeles,disneyland,Disneyland,Tomorrowland,287,Astro Orbitor,TRUE,5,2026-08-13T16:10:35.000Z,2026-08-13 09:10:35,https://queue-times.com/parks/16/queue_times.json
2026-08-13T16:14:04.499Z,2026-08-13 09:14:04,2026-08-13,America/Los_Angeles,disneyland,Disneyland,Tomorrowland,317,Autopia,TRUE,5,2026-08-13T16:10:35.000Z,2026-08-13 09:10:35,https://queue-times.com/parks/16/queue_times.json
2026-08-13T16:14:04.499Z,2026-08-13 09:14:04,2026-08-13,America/Los_Angeles,disneyland,Disneyland,Tomorrowland,273,Buzz Lightyear Astro Blasters,TRUE,5,2026-08-13T16:10:35.000Z,2026-08-13 09:10:35,https://queue-times.com/parks/16/queue_times.json
2026-08-13T16:14:04.499Z,2026-08-13 09:14:04,2026-08-13,America/Los_Angeles,disneyland,Disneyland,Tomorrowland,274,Disneyland Monorail,TRUE,5,2026-08-13T16:10:35.000Z,2026-08-13 09:10:35,https://queue-times.com/parks/16/queue_times.json
2026-08-13T16:14:04.499Z,2026-08-13 09:14:04,2026-08-13,America/Los_Angeles,disneyland,Disneyland,Tomorrowland,276,Finding Nemo Submarine Voyage,TRUE,5,2026-08-13T16:10:35.000Z,2026-08-13 09:10:35,https://queue-times.com/parks/16/queue_times.json
2026-08-13T16:14:04.499Z,2026-08-13 09:14:04,2026-08-13,America/Los_Angeles,disneyland,Disneyland,Tomorrowland,16627,Pixar Short Film Spotlight,FALSE,0,2026-08-13T16:10:35.000Z,2026-08-13 09:10:35,https://queue-times.com/parks/16/queue_times.json
2026-08-13T16:14:04.499Z,2026-08-13 09:14:04,2026-08-13,America/Los_Angeles,disneyland,Disneyland,Tomorrowland,284,Space Mountain,TRUE,35,2026-08-13T16:10:35.000Z,2026-08-13 09:10:35,https://queue-times.com/parks/16/queue_times.json
2026-08-13T16:14:04.499Z,2026-08-13 09:14:04,2026-08-13,America/Los_Angeles,disneyland,Disneyland,Tomorrowland,286,Star Tours - The Adventures Continue,TRUE,5,2026-08-13T16:10:35.000Z,2026-08-13 09:10:35,https://queue-times.com/parks/16/queue_times.json
2026-08-13T16:14:04.499Z,2026-08-13 09:14:04,2026-08-13,America/Los_Angeles,dca,Disney California Adventure,Avengers Campus,329,Guardians of the Galaxy - Mission: BREAKOUT!,TRUE,30,2026-08-13T16:10:43.000Z,2026-08-13 09:10:43,https://queue-times.com/parks/17/queue_times.json
2026-08-13T16:14:04.499Z,2026-08-13 09:14:04,2026-08-13,America/Los_Angeles,dca,Disney California Adventure,Avengers Campus,8843,WEB SLINGERS: A Spider-Man Adventure,TRUE,20,2026-08-13T16:10:43.000Z,2026-08-13 09:10:43,https://queue-times.com/parks/17/queue_times.json
2026-08-13T16:14:04.499Z,2026-08-13 09:14:04,2026-08-13,America/Los_Angeles,dca,Disney California Adventure,Avengers Campus,10907,WEB SLINGERS: A Spider-Man Adventure Single Rider,TRUE,0,2026-08-13T16:10:43.000Z,2026-08-13 09:10:43,https://queue-times.com/parks/17/queue_times.json
2026-08-13T16:14:04.499Z,2026-08-13 09:14:04,2026-08-13,America/Los_Angeles,dca,Disney California Adventure,Cars Land,13961,Luigi's Rollickin' Roadsters,TRUE,5,2026-08-13T16:10:43.000Z,2026-08-13 09:10:43,https://queue-times.com/parks/17/queue_times.json
2026-08-13T16:14:04.499Z,2026-08-13 09:14:04,2026-08-13,America/Los_Angeles,dca,Disney California Adventure,Cars Land,315,Mater's Junkyard Jamboree,TRUE,20,2026-08-13T16:10:43.000Z,2026-08-13 09:10:43,https://queue-times.com/parks/17/queue_times.json
2026-08-13T16:14:04.499Z,2026-08-13 09:14:04,2026-08-13,America/Los_Angeles,dca,Disney California Adventure,Cars Land,295,Radiator Springs Racers,TRUE,35,2026-08-13T16:10:43.000Z,2026-08-13 09:10:43,https://queue-times.com/parks/17/queue_times.json
2026-08-13T16:14:04.499Z,2026-08-13 09:14:04,2026-08-13,America/Los_Angeles,dca,Disney California Adventure,Cars Land,10904,Radiator Springs Racers Single Rider,TRUE,0,2026-08-13T16:10:43.000Z,2026-08-13 09:10:43,https://queue-times.com/parks/17/queue_times.json
2026-08-13T16:14:04.499Z,2026-08-13 09:14:04,2026-08-13,America/Los_Angeles,dca,Disney California Adventure,Grizzly Peak,302,Grizzly River Run,TRUE,5,2026-08-13T16:10:43.000Z,2026-08-13 09:10:43,https://queue-times.com/parks/17/queue_times.json
2026-08-13T16:14:04.499Z,2026-08-13 09:14:04,2026-08-13,America/Los_Angeles,dca,Disney California Adventure,Grizzly Peak,293,Redwood Creek Challenge Trail,FALSE,0,2026-08-13T16:10:43.000Z,2026-08-13 09:10:43,https://queue-times.com/parks/17/queue_times.json
2026-08-13T16:14:04.499Z,2026-08-13 09:14:04,2026-08-13,America/Los_Angeles,dca,Disney California Adventure,Grizzly Peak,17129,Soarin’ Across America,TRUE,20,2026-08-13T16:10:43.000Z,2026-08-13 09:10:43,https://queue-times.com/parks/17/queue_times.json
2026-08-13T16:14:04.499Z,2026-08-13 09:14:04,2026-08-13,America/Los_Angeles,dca,Disney California Adventure,Hollywood Land,321,Animation Academy,TRUE,0,2026-08-13T16:10:43.000Z,2026-08-13 09:10:43,https://queue-times.com/parks/17/queue_times.json
2026-08-13T16:14:04.499Z,2026-08-13 09:14:04,2026-08-13,America/Los_Angeles,dca,Disney California Adventure,Hollywood Land,6440,Mickey's PhilharMagic,TRUE,0,2026-08-13T16:10:43.000Z,2026-08-13 09:10:43,https://queue-times.com/parks/17/queue_times.json
2026-08-13T16:14:04.499Z,2026-08-13 09:14:04,2026-08-13,America/Los_Angeles,dca,Disney California Adventure,Hollywood Land,291,"Monsters, Inc. Mike & Sulley to the Rescue!",TRUE,5,2026-08-13T16:10:43.000Z,2026-08-13 09:10:43,https://queue-times.com/parks/17/queue_times.json
2026-08-13T16:14:04.499Z,2026-08-13 09:14:04,2026-08-13,America/Los_Angeles,dca,Disney California Adventure,Hollywood Land,868,Sorcerer's Workshop,TRUE,0,2026-08-13T16:10:43.000Z,2026-08-13 09:10:43,https://queue-times.com/parks/17/queue_times.json
2026-08-13T16:14:04.499Z,2026-08-13 09:14:04,2026-08-13,America/Los_Angeles,dca,Disney California Adventure,Hollywood Land,294,Turtle Talk with Crush,TRUE,0,2026-08-13T16:10:43.000Z,2026-08-13 09:10:43,https://queue-times.com/parks/17/queue_times.json
2026-08-13T16:14:04.499Z,2026-08-13 09:14:04,2026-08-13,America/Los_Angeles,dca,Disney California Adventure,Pacific Wharf,869,The Bakery Tour,TRUE,0,2026-08-13T16:10:43.000Z,2026-08-13 09:10:43,https://queue-times.com/parks/17/queue_times.json
2026-08-13T16:14:04.499Z,2026-08-13 09:14:04,2026-08-13,America/Los_Angeles,dca,Disney California Adventure,Paradise Gardens Park,298,Golden Zephyr,TRUE,5,2026-08-13T16:10:43.000Z,2026-08-13 09:10:43,https://queue-times.com/parks/17/queue_times.json
2026-08-13T16:14:04.499Z,2026-08-13 09:14:04,2026-08-13,America/Los_Angeles,dca,Disney California Adventure,Paradise Gardens Park,319,Goofy's Sky School,TRUE,5,2026-08-13T16:10:43.000Z,2026-08-13 09:10:43,https://queue-times.com/parks/17/queue_times.json
2026-08-13T16:14:04.499Z,2026-08-13 09:14:04,2026-08-13,America/Los_Angeles,dca,Disney California Adventure,Paradise Gardens Park,301,Silly Symphony Swings,FALSE,0,2026-08-13T16:10:43.000Z,2026-08-13 09:10:43,https://queue-times.com/parks/17/queue_times.json
2026-08-13T16:14:04.499Z,2026-08-13 09:14:04,2026-08-13,America/Los_Angeles,dca,Disney California Adventure,Paradise Gardens Park,316,The Little Mermaid - Ariel's Undersea Adventure,TRUE,5,2026-08-13T16:10:43.000Z,2026-08-13 09:10:43,https://queue-times.com/parks/17/queue_times.json
2026-08-13T16:14:04.499Z,2026-08-13 09:14:04,2026-08-13,America/Los_Angeles,dca,Disney California Adventure,Paradise Gardens Park,11528,World of Color – ONE,FALSE,0,2026-08-13T16:10:43.000Z,2026-08-13 09:10:43,https://queue-times.com/parks/17/queue_times.json
2026-08-13T16:14:04.499Z,2026-08-13 09:14:04,2026-08-13,America/Los_Angeles,dca,Disney California Adventure,Paradise Gardens Park,14742,World of Color Happiness!,FALSE,0,2026-08-10T07:05:45.000Z,2026-08-10 00:05:45,https://queue-times.com/parks/17/queue_times.json
2026-08-13T16:14:04.499Z,2026-08-13 09:14:04,2026-08-13,America/Los_Angeles,dca,Disney California Adventure,Pixar Pier,866,Games of Pixar Pier,TRUE,0,2026-08-13T16:10:43.000Z,2026-08-13 09:10:43,https://queue-times.com/parks/17/queue_times.json
2026-08-13T16:14:04.499Z,2026-08-13 09:14:04,2026-08-13,America/Los_Angeles,dca,Disney California Adventure,Pixar Pier,322,Incredicoaster,TRUE,20,2026-08-13T16:10:43.000Z,2026-08-13 09:10:43,https://queue-times.com/parks/17/queue_times.json
2026-08-13T16:14:04.499Z,2026-08-13 09:14:04,2026-08-13,America/Los_Angeles,dca,Disney California Adventure,Pixar Pier,10906,Incredicoaster Single Rider,TRUE,0,2026-08-13T16:10:43.000Z,2026-08-13 09:10:43,https://queue-times.com/parks/17/queue_times.json
2026-08-13T16:14:04.499Z,2026-08-13 09:14:04,2026-08-13,America/Los_Angeles,dca,Disney California Adventure,Pixar Pier,6643,Inside Out Emotional Whirlwind,TRUE,5,2026-08-13T16:10:43.000Z,2026-08-13 09:10:43,https://queue-times.com/parks/17/queue_times.json
2026-08-13T16:14:04.499Z,2026-08-13 09:14:04,2026-08-13,America/Los_Angeles,dca,Disney California Adventure,Pixar Pier,310,Jessie's Critter Carousel,TRUE,5,2026-08-13T16:10:43.000Z,2026-08-13 09:10:43,https://queue-times.com/parks/17/queue_times.json
2026-08-13T16:14:04.499Z,2026-08-13 09:14:04,2026-08-13,America/Los_Angeles,dca,Disney California Adventure,Pixar Pier,300,Jumpin' Jellyfish,TRUE,5,2026-08-13T16:10:43.000Z,2026-08-13 09:10:43,https://queue-times.com/parks/17/queue_times.json
2026-08-13T16:14:04.499Z,2026-08-13 09:14:04,2026-08-13,America/Los_Angeles,dca,Disney California Adventure,Pixar Pier,311,Pixar Pal-A-Round - Swinging,FALSE,0,2026-08-13T16:10:43.000Z,2026-08-13 09:10:43,https://queue-times.com/parks/17/queue_times.json
2026-08-13T16:14:04.499Z,2026-08-13 09:14:04,2026-08-13,America/Los_Angeles,dca,Disney California Adventure,Pixar Pier,5557,Pixar Pal-A-Round – Non-Swinging,FALSE,0,2026-08-13T16:10:43.000Z,2026-08-13 09:10:43,https://queue-times.com/parks/17/queue_times.json
2026-08-13T16:14:04.499Z,2026-08-13 09:14:04,2026-08-13,America/Los_Angeles,dca,Disney California Adventure,Pixar Pier,313,Toy Story Midway Mania!,TRUE,35,2026-08-13T16:10:43.000Z,2026-08-13 09:10:43,https://queue-times.com/parks/17/queue_times.json
2026-08-13T16:30:22.598Z,2026-08-13 09:30:22,2026-08-13,America/Los_Angeles,disneyland,Disneyland,Adventureland,12428,Adventureland Treehouse inspired by Walt Disney’s Swiss Family Robinson,TRUE,0,2026-08-13T16:25:35.000Z,2026-08-13 09:25:35,https://queue-times.com/parks/16/queue_times.json
2026-08-13T16:30:22.598Z,2026-08-13 09:30:22,2026-08-13,America/Los_Angeles,disneyland,Disneyland,Adventureland,326,Indiana Jones™ Adventure,TRUE,35,2026-08-13T16:25:35.000Z,2026-08-13 09:25:35,https://queue-times.com/parks/16/queue_times.json
2026-08-13T16:30:22.598Z,2026-08-13 09:30:22,2026-08-13,America/Los_Angeles,disneyland,Disneyland,Adventureland,296,Jungle Cruise,TRUE,10,2026-08-13T16:25:35.000Z,2026-08-13 09:25:35,https://queue-times.com/parks/16/queue_times.json
2026-08-13T16:30:22.598Z,2026-08-13 09:30:22,2026-08-13,America/Los_Angeles,disneyland,Disneyland,Adventureland,288,Walt Disney's Enchanted Tiki Room,TRUE,0,2026-08-13T16:25:35.000Z,2026-08-13 09:25:35,https://queue-times.com/parks/16/queue_times.json
2026-08-13T16:30:22.598Z,2026-08-13 09:30:22,2026-08-13,America/Los_Angeles,disneyland,Disneyland,Bayou Country,304,Davy Crockett's Explorer Canoes,FALSE,0,2026-08-13T16:25:35.000Z,2026-08-13 09:25:35,https://queue-times.com/parks/16/queue_times.json
2026-08-13T16:30:22.598Z,2026-08-13 09:30:22,2026-08-13,America/Los_Angeles,disneyland,Disneyland,Bayou Country,306,The Many Adventures of Winnie the Pooh,TRUE,5,2026-08-13T16:25:35.000Z,2026-08-13 09:25:35,https://queue-times.com/parks/16/queue_times.json
2026-08-13T16:30:22.598Z,2026-08-13 09:30:22,2026-08-13,America/Los_Angeles,disneyland,Disneyland,Bayou Country,14168,Tiana's Bayou Adventure,TRUE,5,2026-08-13T16:25:35.000Z,2026-08-13 09:25:35,https://queue-times.com/parks/16/queue_times.json
2026-08-13T16:30:22.598Z,2026-08-13 09:30:22,2026-08-13,America/Los_Angeles,disneyland,Disneyland,Bayou Country,14326,Tiana's Bayou Adventure Single Rider,TRUE,0,2026-08-13T16:25:35.000Z,2026-08-13 09:25:35,https://queue-times.com/parks/16/queue_times.json
2026-08-13T16:30:22.598Z,2026-08-13 09:30:22,2026-08-13,America/Los_Angeles,disneyland,Disneyland,Fantasyland,307,"""it's a small world""",TRUE,5,2026-08-13T16:25:35.000Z,2026-08-13 09:25:35,https://queue-times.com/parks/16/queue_times.json
2026-08-13T16:30:22.598Z,2026-08-13 09:30:22,2026-08-13,America/Los_Angeles,disneyland,Disneyland,Fantasyland,285,Alice in Wonderland,TRUE,25,2026-08-13T16:25:35.000Z,2026-08-13 09:25:35,https://queue-times.com/parks/16/queue_times.json
2026-08-13T16:30:22.598Z,2026-08-13 09:30:22,2026-08-13,America/Los_Angeles,disneyland,Disneyland,Fantasyland,16254,Bluey’s Best Day Ever! at Fantasyland Theatre,TRUE,0,2026-08-13T16:25:35.000Z,2026-08-13 09:25:35,https://queue-times.com/parks/16/queue_times.json
2026-08-13T16:30:22.598Z,2026-08-13 09:30:22,2026-08-13,America/Los_Angeles,disneyland,Disneyland,Fantasyland,303,Casey Jr. Circus Train,TRUE,10,2026-08-13T16:25:35.000Z,2026-08-13 09:25:35,https://queue-times.com/parks/16/queue_times.json
2026-08-13T16:30:22.598Z,2026-08-13 09:30:22,2026-08-13,America/Los_Angeles,disneyland,Disneyland,Fantasyland,275,Dumbo the Flying Elephant,TRUE,5,2026-08-13T16:25:35.000Z,2026-08-13 09:25:35,https://queue-times.com/parks/16/queue_times.json
2026-08-13T16:30:22.598Z,2026-08-13 09:30:22,2026-08-13,America/Los_Angeles,disneyland,Disneyland,Fantasyland,277,King Arthur Carrousel,TRUE,5,2026-08-13T16:25:35.000Z,2026-08-13 09:25:35,https://queue-times.com/parks/16/queue_times.json
2026-08-13T16:30:22.598Z,2026-08-13 09:30:22,2026-08-13,America/Los_Angeles,disneyland,Disneyland,Fantasyland,278,Mad Tea Party,TRUE,5,2026-08-13T16:25:35.000Z,2026-08-13 09:25:35,https://queue-times.com/parks/16/queue_times.json
2026-08-13T16:30:22.598Z,2026-08-13 09:30:22,2026-08-13,America/Los_Angeles,disneyland,Disneyland,Fantasyland,279,Matterhorn Bobsleds,FALSE,0,2026-08-13T16:25:35.000Z,2026-08-13 09:25:35,https://queue-times.com/parks/16/queue_times.json
2026-08-13T16:30:22.598Z,2026-08-13 09:30:22,2026-08-13,America/Los_Angeles,disneyland,Disneyland,Fantasyland,6711,Meet Disney Princesses at Royal Hall,FALSE,0,2026-08-13T16:25:35.000Z,2026-08-13 09:25:35,https://queue-times.com/parks/16/queue_times.json
2026-08-13T16:30:22.598Z,2026-08-13 09:30:22,2026-08-13,America/Los_Angeles,disneyland,Disneyland,Fantasyland,280,Mr. Toad's Wild Ride,TRUE,5,2026-08-13T16:25:35.000Z,2026-08-13 09:25:35,https://queue-times.com/parks/16/queue_times.json
2026-08-13T16:30:22.598Z,2026-08-13 09:30:22,2026-08-13,America/Los_Angeles,disneyland,Disneyland,Fantasyland,281,Peter Pan's Flight,TRUE,30,2026-08-13T16:25:35.000Z,2026-08-13 09:25:35,https://queue-times.com/parks/16/queue_times.json
2026-08-13T16:30:22.598Z,2026-08-13 09:30:22,2026-08-13,America/Los_Angeles,disneyland,Disneyland,Fantasyland,282,Pinocchio's Daring Journey,TRUE,5,2026-08-13T16:25:35.000Z,2026-08-13 09:25:35,https://queue-times.com/parks/16/queue_times.json
2026-08-13T16:30:22.598Z,2026-08-13 09:30:22,2026-08-13,America/Los_Angeles,disneyland,Disneyland,Fantasyland,687,Sleeping Beauty Castle Walkthrough,FALSE,0,2026-08-13T16:25:35.000Z,2026-08-13 09:25:35,https://queue-times.com/parks/16/queue_times.json
2026-08-13T16:30:22.598Z,2026-08-13 09:30:22,2026-08-13,America/Los_Angeles,disneyland,Disneyland,Fantasyland,283,Snow White's Enchanted Wish,TRUE,10,2026-08-13T16:25:35.000Z,2026-08-13 09:25:35,https://queue-times.com/parks/16/queue_times.json
2026-08-13T16:30:22.598Z,2026-08-13 09:30:22,2026-08-13,America/Los_Angeles,disneyland,Disneyland,Fantasyland,305,Storybook Land Canal Boats,TRUE,10,2026-08-13T16:25:35.000Z,2026-08-13 09:25:35,https://queue-times.com/parks/16/queue_times.json
2026-08-13T16:30:22.598Z,2026-08-13 09:30:22,2026-08-13,America/Los_Angeles,disneyland,Disneyland,Frontierland,323,Big Thunder Mountain Railroad,TRUE,25,2026-08-13T16:25:35.000Z,2026-08-13 09:25:35,https://queue-times.com/parks/16/queue_times.json
2026-08-13T16:30:22.598Z,2026-08-13 09:30:22,2026-08-13,America/Los_Angeles,disneyland,Disneyland,Frontierland,679,Frontierland Shootin' Exposition,FALSE,0,2026-08-13T16:25:35.000Z,2026-08-13 09:25:35,https://queue-times.com/parks/16/queue_times.json
2026-08-13T16:30:22.598Z,2026-08-13 09:30:22,2026-08-13,America/Los_Angeles,disneyland,Disneyland,Frontierland,456,Mark Twain Riverboat,TRUE,10,2026-08-13T16:25:35.000Z,2026-08-13 09:25:35,https://queue-times.com/parks/16/queue_times.json
2026-08-13T16:30:22.598Z,2026-08-13 09:30:22,2026-08-13,America/Los_Angeles,disneyland,Disneyland,Frontierland,331,Pirate's Lair on Tom Sawyer Island,TRUE,5,2026-08-13T16:25:35.000Z,2026-08-13 09:25:35,https://queue-times.com/parks/16/queue_times.json
2026-08-13T16:30:22.598Z,2026-08-13 09:30:22,2026-08-13,America/Los_Angeles,disneyland,Disneyland,Frontierland,328,Sailing Ship Columbia,FALSE,0,2026-08-13T16:25:35.000Z,2026-08-13 09:25:35,https://queue-times.com/parks/16/queue_times.json
2026-08-13T16:30:22.598Z,2026-08-13 09:30:22,2026-08-13,America/Los_Angeles,disneyland,Disneyland,Main Street U.S.A,674,Disneyland Railroad,TRUE,5,2026-08-13T16:25:35.000Z,2026-08-13 09:25:35,https://queue-times.com/parks/16/queue_times.json
2026-08-13T16:30:22.598Z,2026-08-13 09:30:22,2026-08-13,America/Los_Angeles,disneyland,Disneyland,Main Street U.S.A,690,Great Moments with Mr. Lincoln,TRUE,0,2026-08-13T16:25:35.000Z,2026-08-13 09:25:35,https://queue-times.com/parks/16/queue_times.json
2026-08-13T16:30:22.598Z,2026-08-13 09:30:22,2026-08-13,America/Los_Angeles,disneyland,Disneyland,Main Street U.S.A,686,Main Street Cinema,FALSE,0,2026-08-13T16:25:35.000Z,2026-08-13 09:25:35,https://queue-times.com/parks/16/queue_times.json
2026-08-13T16:30:22.598Z,2026-08-13 09:30:22,2026-08-13,America/Los_Angeles,disneyland,Disneyland,Main Street U.S.A,691,Main Street Vehicles,TRUE,0,2026-08-13T16:25:35.000Z,2026-08-13 09:25:35,https://queue-times.com/parks/16/queue_times.json
2026-08-13T16:30:22.598Z,2026-08-13 09:30:22,2026-08-13,America/Los_Angeles,disneyland,Disneyland,Main Street U.S.A,14915,Opera House - Walt Disney - A Magical Life,TRUE,0,2026-08-13T16:25:35.000Z,2026-08-13 09:25:35,https://queue-times.com/parks/16/queue_times.json
2026-08-13T16:30:22.598Z,2026-08-13 09:30:22,2026-08-13,America/Los_Angeles,disneyland,Disneyland,Main Street U.S.A,695,The Disney Gallery,TRUE,0,2026-08-13T16:25:35.000Z,2026-08-13 09:25:35,https://queue-times.com/parks/16/queue_times.json
2026-08-13T16:30:22.598Z,2026-08-13 09:30:22,2026-08-13,America/Los_Angeles,disneyland,Disneyland,Main Street U.S.A,14923,Walt Disney - A Magical Life,FALSE,0,2026-08-13T16:25:35.000Z,2026-08-13 09:25:35,https://queue-times.com/parks/16/queue_times.json
2026-08-13T16:30:22.598Z,2026-08-13 09:30:22,2026-08-13,America/Los_Angeles,disneyland,Disneyland,Mickey's Toontown,324,Chip 'n' Dale's GADGETcoaster,TRUE,5,2026-08-13T16:25:35.000Z,2026-08-13 09:25:35,https://queue-times.com/parks/16/queue_times.json
2026-08-13T16:30:22.598Z,2026-08-13 09:30:22,2026-08-13,America/Los_Angeles,disneyland,Disneyland,Mickey's Toontown,13814,Donald's Duck Pond,TRUE,0,2026-08-13T16:25:35.000Z,2026-08-13 09:25:35,https://queue-times.com/parks/16/queue_times.json
2026-08-13T16:30:22.598Z,2026-08-13 09:30:22,2026-08-13,America/Los_Angeles,disneyland,Disneyland,Mickey's Toontown,11980,Goofy's How-to-Play Yard,TRUE,0,2026-08-13T16:25:35.000Z,2026-08-13 09:25:35,https://queue-times.com/parks/16/queue_times.json
2026-08-13T16:30:22.598Z,2026-08-13 09:30:22,2026-08-13,America/Los_Angeles,disneyland,Disneyland,Mickey's Toontown,11526,Mickey & Minnie's Runaway Railway,TRUE,10,2026-08-13T16:25:35.000Z,2026-08-13 09:25:35,https://queue-times.com/parks/16/queue_times.json
2026-08-13T16:30:22.598Z,2026-08-13 09:30:22,2026-08-13,America/Los_Angeles,disneyland,Disneyland,Mickey's Toontown,709,Mickey's House and Meet Mickey Mouse,TRUE,5,2026-08-13T16:25:35.000Z,2026-08-13 09:25:35,https://queue-times.com/parks/16/queue_times.json
2026-08-13T16:30:22.598Z,2026-08-13 09:30:22,2026-08-13,America/Los_Angeles,disneyland,Disneyland,Mickey's Toontown,327,Mickey's House and Meet Mickey Mouse,FALSE,0,2026-08-13T16:25:35.000Z,2026-08-13 09:25:35,https://queue-times.com/parks/16/queue_times.json
2026-08-13T16:30:22.598Z,2026-08-13 09:30:22,2026-08-13,America/Los_Angeles,disneyland,Disneyland,Mickey's Toontown,684,Minnie's House,TRUE,0,2026-08-13T16:25:35.000Z,2026-08-13 09:25:35,https://queue-times.com/parks/16/queue_times.json
2026-08-13T16:30:22.598Z,2026-08-13 09:30:22,2026-08-13,America/Los_Angeles,disneyland,Disneyland,Mickey's Toontown,332,Roger Rabbit's Car Toon Spin,TRUE,20,2026-08-13T16:25:35.000Z,2026-08-13 09:25:35,https://queue-times.com/parks/16/queue_times.json
2026-08-13T16:30:22.598Z,2026-08-13 09:30:22,2026-08-13,America/Los_Angeles,disneyland,Disneyland,New Orleans Square,13958,Haunted Mansion,FALSE,0,2026-08-13T16:25:35.000Z,2026-08-13 09:25:35,https://queue-times.com/parks/16/queue_times.json
2026-08-13T16:30:22.598Z,2026-08-13 09:30:22,2026-08-13,America/Los_Angeles,disneyland,Disneyland,New Orleans Square,289,Pirates of the Caribbean,TRUE,5,2026-08-13T16:25:35.000Z,2026-08-13 09:25:35,https://queue-times.com/parks/16/queue_times.json
2026-08-13T16:30:22.598Z,2026-08-13 09:30:22,2026-08-13,America/Los_Angeles,disneyland,Disneyland,Star Wars: Galaxy's Edge,6339,Millennium Falcon: Smugglers Run,TRUE,5,2026-08-13T16:25:35.000Z,2026-08-13 09:25:35,https://queue-times.com/parks/16/queue_times.json
2026-08-13T16:30:22.598Z,2026-08-13 09:30:22,2026-08-13,America/Los_Angeles,disneyland,Disneyland,Star Wars: Galaxy's Edge,10903,Millennium Falcon: Smugglers Run Single Rider,TRUE,0,2026-08-13T16:25:35.000Z,2026-08-13 09:25:35,https://queue-times.com/parks/16/queue_times.json
2026-08-13T16:30:22.598Z,2026-08-13 09:30:22,2026-08-13,America/Los_Angeles,disneyland,Disneyland,Star Wars: Galaxy's Edge,6340,Star Wars: Rise of the Resistance,FALSE,0,2026-08-13T16:25:35.000Z,2026-08-13 09:25:35,https://queue-times.com/parks/16/queue_times.json
2026-08-13T16:30:22.598Z,2026-08-13 09:30:22,2026-08-13,America/Los_Angeles,disneyland,Disneyland,Tomorrowland,287,Astro Orbitor,TRUE,5,2026-08-13T16:25:35.000Z,2026-08-13 09:25:35,https://queue-times.com/parks/16/queue_times.json
2026-08-13T16:30:22.598Z,2026-08-13 09:30:22,2026-08-13,America/Los_Angeles,disneyland,Disneyland,Tomorrowland,317,Autopia,TRUE,15,2026-08-13T16:25:35.000Z,2026-08-13 09:25:35,https://queue-times.com/parks/16/queue_times.json
2026-08-13T16:30:22.598Z,2026-08-13 09:30:22,2026-08-13,America/Los_Angeles,disneyland,Disneyland,Tomorrowland,273,Buzz Lightyear Astro Blasters,TRUE,5,2026-08-13T16:25:35.000Z,2026-08-13 09:25:35,https://queue-times.com/parks/16/queue_times.json
2026-08-13T16:30:22.598Z,2026-08-13 09:30:22,2026-08-13,America/Los_Angeles,disneyland,Disneyland,Tomorrowland,274,Disneyland Monorail,TRUE,5,2026-08-13T16:25:35.000Z,2026-08-13 09:25:35,https://queue-times.com/parks/16/queue_times.json
2026-08-13T16:30:22.598Z,2026-08-13 09:30:22,2026-08-13,America/Los_Angeles,disneyland,Disneyland,Tomorrowland,276,Finding Nemo Submarine Voyage,TRUE,5,2026-08-13T16:25:35.000Z,2026-08-13 09:25:35,https://queue-times.com/parks/16/queue_times.json
2026-08-13T16:30:22.598Z,2026-08-13 09:30:22,2026-08-13,America/Los_Angeles,disneyland,Disneyland,Tomorrowland,16627,Pixar Short Film Spotlight,FALSE,0,2026-08-13T16:25:35.000Z,2026-08-13 09:25:35,https://queue-times.com/parks/16/queue_times.json
2026-08-13T16:30:22.598Z,2026-08-13 09:30:22,2026-08-13,America/Los_Angeles,disneyland,Disneyland,Tomorrowland,284,Space Mountain,TRUE,35,2026-08-13T16:25:35.000Z,2026-08-13 09:25:35,https://queue-times.com/parks/16/queue_times.json
2026-08-13T16:30:22.598Z,2026-08-13 09:30:22,2026-08-13,America/Los_Angeles,disneyland,Disneyland,Tomorrowland,286,Star Tours - The Adventures Continue,TRUE,15,2026-08-13T16:25:35.000Z,2026-08-13 09:25:35,https://queue-times.com/parks/16/queue_times.json
2026-08-13T16:30:22.598Z,2026-08-13 09:30:22,2026-08-13,America/Los_Angeles,dca,Disney California Adventure,Avengers Campus,329,Guardians of the Galaxy - Mission: BREAKOUT!,TRUE,20,2026-08-13T16:25:42.000Z,2026-08-13 09:25:42,https://queue-times.com/parks/17/queue_times.json
2026-08-13T16:30:22.598Z,2026-08-13 09:30:22,2026-08-13,America/Los_Angeles,dca,Disney California Adventure,Avengers Campus,8843,WEB SLINGERS: A Spider-Man Adventure,TRUE,30,2026-08-13T16:25:42.000Z,2026-08-13 09:25:42,https://queue-times.com/parks/17/queue_times.json
2026-08-13T16:30:22.598Z,2026-08-13 09:30:22,2026-08-13,America/Los_Angeles,dca,Disney California Adventure,Avengers Campus,10907,WEB SLINGERS: A Spider-Man Adventure Single Rider,TRUE,0,2026-08-13T16:25:42.000Z,2026-08-13 09:25:42,https://queue-times.com/parks/17/queue_times.json
2026-08-13T16:30:22.598Z,2026-08-13 09:30:22,2026-08-13,America/Los_Angeles,dca,Disney California Adventure,Cars Land,13961,Luigi's Rollickin' Roadsters,TRUE,5,2026-08-13T16:25:42.000Z,2026-08-13 09:25:42,https://queue-times.com/parks/17/queue_times.json
2026-08-13T16:30:22.598Z,2026-08-13 09:30:22,2026-08-13,America/Los_Angeles,dca,Disney California Adventure,Cars Land,315,Mater's Junkyard Jamboree,TRUE,20,2026-08-13T16:25:42.000Z,2026-08-13 09:25:42,https://queue-times.com/parks/17/queue_times.json
2026-08-13T16:30:22.598Z,2026-08-13 09:30:22,2026-08-13,America/Los_Angeles,dca,Disney California Adventure,Cars Land,295,Radiator Springs Racers,TRUE,50,2026-08-13T16:25:42.000Z,2026-08-13 09:25:42,https://queue-times.com/parks/17/queue_times.json
2026-08-13T16:30:22.598Z,2026-08-13 09:30:22,2026-08-13,America/Los_Angeles,dca,Disney California Adventure,Cars Land,10904,Radiator Springs Racers Single Rider,TRUE,0,2026-08-13T16:25:42.000Z,2026-08-13 09:25:42,https://queue-times.com/parks/17/queue_times.json
2026-08-13T16:30:22.598Z,2026-08-13 09:30:22,2026-08-13,America/Los_Angeles,dca,Disney California Adventure,Grizzly Peak,302,Grizzly River Run,TRUE,5,2026-08-13T16:25:42.000Z,2026-08-13 09:25:42,https://queue-times.com/parks/17/queue_times.json
2026-08-13T16:30:22.598Z,2026-08-13 09:30:22,2026-08-13,America/Los_Angeles,dca,Disney California Adventure,Grizzly Peak,293,Redwood Creek Challenge Trail,FALSE,0,2026-08-13T16:25:42.000Z,2026-08-13 09:25:42,https://queue-times.com/parks/17/queue_times.json
2026-08-13T16:30:22.598Z,2026-08-13 09:30:22,2026-08-13,America/Los_Angeles,dca,Disney California Adventure,Grizzly Peak,17129,Soarin’ Across America,TRUE,20,2026-08-13T16:25:42.000Z,2026-08-13 09:25:42,https://queue-times.com/parks/17/queue_times.json
2026-08-13T16:30:22.598Z,2026-08-13 09:30:22,2026-08-13,America/Los_Angeles,dca,Disney California Adventure,Hollywood Land,321,Animation Academy,TRUE,0,2026-08-13T16:25:42.000Z,2026-08-13 09:25:42,https://queue-times.com/parks/17/queue_times.json
2026-08-13T16:30:22.598Z,2026-08-13 09:30:22,2026-08-13,America/Los_Angeles,dca,Disney California Adventure,Hollywood Land,6440,Mickey's PhilharMagic,TRUE,10,2026-08-13T16:25:42.000Z,2026-08-13 09:25:42,https://queue-times.com/parks/17/queue_times.json
2026-08-13T16:30:22.598Z,2026-08-13 09:30:22,2026-08-13,America/Los_Angeles,dca,Disney California Adventure,Hollywood Land,291,"Monsters, Inc. Mike & Sulley to the Rescue!",TRUE,5,2026-08-13T16:25:42.000Z,2026-08-13 09:25:42,https://queue-times.com/parks/17/queue_times.json
2026-08-13T16:30:22.598Z,2026-08-13 09:30:22,2026-08-13,America/Los_Angeles,dca,Disney California Adventure,Hollywood Land,868,Sorcerer's Workshop,TRUE,0,2026-08-13T16:25:42.000Z,2026-08-13 09:25:42,https://queue-times.com/parks/17/queue_times.json
2026-08-13T16:30:22.598Z,2026-08-13 09:30:22,2026-08-13,America/Los_Angeles,dca,Disney California Adventure,Hollywood Land,294,Turtle Talk with Crush,TRUE,0,2026-08-13T16:25:42.000Z,2026-08-13 09:25:42,https://queue-times.com/parks/17/queue_times.json
2026-08-13T16:30:22.598Z,2026-08-13 09:30:22,2026-08-13,America/Los_Angeles,dca,Disney California Adventure,Pacific Wharf,869,The Bakery Tour,TRUE,0,2026-08-13T16:25:42.000Z,2026-08-13 09:25:42,https://queue-times.com/parks/17/queue_times.json
2026-08-13T16:30:22.598Z,2026-08-13 09:30:22,2026-08-13,America/Los_Angeles,dca,Disney California Adventure,Paradise Gardens Park,298,Golden Zephyr,TRUE,5,2026-08-13T16:25:42.000Z,2026-08-13 09:25:42,https://queue-times.com/parks/17/queue_times.json
2026-08-13T16:30:22.598Z,2026-08-13 09:30:22,2026-08-13,America/Los_Angeles,dca,Disney California Adventure,Paradise Gardens Park,319,Goofy's Sky School,TRUE,10,2026-08-13T16:25:42.000Z,2026-08-13 09:25:42,https://queue-times.com/parks/17/queue_times.json
2026-08-13T16:30:22.598Z,2026-08-13 09:30:22,2026-08-13,America/Los_Angeles,dca,Disney California Adventure,Paradise Gardens Park,301,Silly Symphony Swings,FALSE,0,2026-08-13T16:25:42.000Z,2026-08-13 09:25:42,https://queue-times.com/parks/17/queue_times.json
2026-08-13T16:30:22.598Z,2026-08-13 09:30:22,2026-08-13,America/Los_Angeles,dca,Disney California Adventure,Paradise Gardens Park,316,The Little Mermaid - Ariel's Undersea Adventure,TRUE,5,2026-08-13T16:25:42.000Z,2026-08-13 09:25:42,https://queue-times.com/parks/17/queue_times.json
2026-08-13T16:30:22.598Z,2026-08-13 09:30:22,2026-08-13,America/Los_Angeles,dca,Disney California Adventure,Paradise Gardens Park,11528,World of Color – ONE,FALSE,0,2026-08-13T16:25:42.000Z,2026-08-13 09:25:42,https://queue-times.com/parks/17/queue_times.json
2026-08-13T16:30:22.598Z,2026-08-13 09:30:22,2026-08-13,America/Los_Angeles,dca,Disney California Adventure,Paradise Gardens Park,14742,World of Color Happiness!,FALSE,0,2026-08-10T07:05:45.000Z,2026-08-10 00:05:45,https://queue-times.com/parks/17/queue_times.json
2026-08-13T16:30:22.598Z,2026-08-13 09:30:22,2026-08-13,America/Los_Angeles,dca,Disney California Adventure,Pixar Pier,866,Games of Pixar Pier,TRUE,5,2026-08-13T16:25:42.000Z,2026-08-13 09:25:42,https://queue-times.com/parks/17/queue_times.json
2026-08-13T16:30:22.598Z,2026-08-13 09:30:22,2026-08-13,America/Los_Angeles,dca,Disney California Adventure,Pixar Pier,322,Incredicoaster,TRUE,10,2026-08-13T16:25:42.000Z,2026-08-13 09:25:42,https://queue-times.com/parks/17/queue_times.json
2026-08-13T16:30:22.598Z,2026-08-13 09:30:22,2026-08-13,America/Los_Angeles,dca,Disney California Adventure,Pixar Pier,10906,Incredicoaster Single Rider,TRUE,0,2026-08-13T16:25:42.000Z,2026-08-13 09:25:42,https://queue-times.com/parks/17/queue_times.json
2026-08-13T16:30:22.598Z,2026-08-13 09:30:22,2026-08-13,America/Los_Angeles,dca,Disney California Adventure,Pixar Pier,6643,Inside Out Emotional Whirlwind,TRUE,5,2026-08-13T16:25:42.000Z,2026-08-13 09:25:42,https://queue-times.com/parks/17/queue_times.json
2026-08-13T16:30:22.598Z,2026-08-13 09:30:22,2026-08-13,America/Los_Angeles,dca,Disney California Adventure,Pixar Pier,310,Jessie's Critter Carousel,TRUE,5,2026-08-13T16:25:42.000Z,2026-08-13 09:25:42,https://queue-times.com/parks/17/queue_times.json
2026-08-13T16:30:22.598Z,2026-08-13 09:30:22,2026-08-13,America/Los_Angeles,dca,Disney California Adventure,Pixar Pier,300,Jumpin' Jellyfish,TRUE,5,2026-08-13T16:25:42.000Z,2026-08-13 09:25:42,https://queue-times.com/parks/17/queue_times.json
2026-08-13T16:30:22.598Z,2026-08-13 09:30:22,2026-08-13,America/Los_Angeles,dca,Disney California Adventure,Pixar Pier,311,Pixar Pal-A-Round - Swinging,FALSE,0,2026-08-13T16:25:42.000Z,2026-08-13 09:25:42,https://queue-times.com/parks/17/queue_times.json
2026-08-13T16:30:22.598Z,2026-08-13 09:30:22,2026-08-13,America/Los_Angeles,dca,Disney California Adventure,Pixar Pier,5557,Pixar Pal-A-Round – Non-Swinging,FALSE,0,2026-08-13T16:25:42.000Z,2026-08-13 09:25:42,https://queue-times.com/parks/17/queue_times.json
2026-08-13T16:30:22.598Z,2026-08-13 09:30:22,2026-08-13,America/Los_Angeles,dca,Disney California Adventure,Pixar Pier,313,Toy Story Midway Mania!,TRUE,15,2026-08-13T16:25:42.000Z,2026-08-13 09:25:42,https://queue-times.com/parks/17/queue_times.json
2026-08-13T16:45:19.766Z,2026-08-13 09:45:19,2026-08-13,America/Los_Angeles,disneyland,Disneyland,Adventureland,12428,Adventureland Treehouse inspired by Walt Disney’s Swiss Family Robinson,TRUE,0,2026-08-13T16:40:36.000Z,2026-08-13 09:40:36,https://queue-times.com/parks/16/queue_times.json
2026-08-13T16:45:19.766Z,2026-08-13 09:45:19,2026-08-13,America/Los_Angeles,disneyland,Disneyland,Adventureland,326,Indiana Jones™ Adventure,TRUE,35,2026-08-13T16:40:36.000Z,2026-08-13 09:40:36,https://queue-times.com/parks/16/queue_times.json
2026-08-13T16:45:19.766Z,2026-08-13 09:45:19,2026-08-13,America/Los_Angeles,disneyland,Disneyland,Adventureland,296,Jungle Cruise,TRUE,10,2026-08-13T16:40:36.000Z,2026-08-13 09:40:36,https://queue-times.com/parks/16/queue_times.json
2026-08-13T16:45:19.766Z,2026-08-13 09:45:19,2026-08-13,America/Los_Angeles,disneyland,Disneyland,Adventureland,288,Walt Disney's Enchanted Tiki Room,TRUE,0,2026-08-13T16:40:36.000Z,2026-08-13 09:40:36,https://queue-times.com/parks/16/queue_times.json
2026-08-13T16:45:19.766Z,2026-08-13 09:45:19,2026-08-13,America/Los_Angeles,disneyland,Disneyland,Bayou Country,304,Davy Crockett's Explorer Canoes,FALSE,0,2026-08-13T16:40:36.000Z,2026-08-13 09:40:36,https://queue-times.com/parks/16/queue_times.json
2026-08-13T16:45:19.766Z,2026-08-13 09:45:19,2026-08-13,America/Los_Angeles,disneyland,Disneyland,Bayou Country,306,The Many Adventures of Winnie the Pooh,TRUE,5,2026-08-13T16:40:36.000Z,2026-08-13 09:40:36,https://queue-times.com/parks/16/queue_times.json
2026-08-13T16:45:19.766Z,2026-08-13 09:45:19,2026-08-13,America/Los_Angeles,disneyland,Disneyland,Bayou Country,14168,Tiana's Bayou Adventure,TRUE,5,2026-08-13T16:40:36.000Z,2026-08-13 09:40:36,https://queue-times.com/parks/16/queue_times.json
2026-08-13T16:45:19.766Z,2026-08-13 09:45:19,2026-08-13,America/Los_Angeles,disneyland,Disneyland,Bayou Country,14326,Tiana's Bayou Adventure Single Rider,TRUE,0,2026-08-13T16:40:36.000Z,2026-08-13 09:40:36,https://queue-times.com/parks/16/queue_times.json
2026-08-13T16:45:19.766Z,2026-08-13 09:45:19,2026-08-13,America/Los_Angeles,disneyland,Disneyland,Fantasyland,307,"""it's a small world""",TRUE,5,2026-08-13T16:40:36.000Z,2026-08-13 09:40:36,https://queue-times.com/parks/16/queue_times.json
2026-08-13T16:45:19.766Z,2026-08-13 09:45:19,2026-08-13,America/Los_Angeles,disneyland,Disneyland,Fantasyland,285,Alice in Wonderland,TRUE,25,2026-08-13T16:40:36.000Z,2026-08-13 09:40:36,https://queue-times.com/parks/16/queue_times.json
2026-08-13T16:45:19.766Z,2026-08-13 09:45:19,2026-08-13,America/Los_Angeles,disneyland,Disneyland,Fantasyland,16254,Bluey’s Best Day Ever! at Fantasyland Theatre,TRUE,0,2026-08-13T16:40:36.000Z,2026-08-13 09:40:36,https://queue-times.com/parks/16/queue_times.json
2026-08-13T16:45:19.766Z,2026-08-13 09:45:19,2026-08-13,America/Los_Angeles,disneyland,Disneyland,Fantasyland,303,Casey Jr. Circus Train,TRUE,10,2026-08-13T16:40:36.000Z,2026-08-13 09:40:36,https://queue-times.com/parks/16/queue_times.json
2026-08-13T16:45:19.766Z,2026-08-13 09:45:19,2026-08-13,America/Los_Angeles,disneyland,Disneyland,Fantasyland,275,Dumbo the Flying Elephant,TRUE,15,2026-08-13T16:40:36.000Z,2026-08-13 09:40:36,https://queue-times.com/parks/16/queue_times.json
2026-08-13T16:45:19.766Z,2026-08-13 09:45:19,2026-08-13,America/Los_Angeles,disneyland,Disneyland,Fantasyland,277,King Arthur Carrousel,TRUE,5,2026-08-13T16:40:36.000Z,2026-08-13 09:40:36,https://queue-times.com/parks/16/queue_times.json
2026-08-13T16:45:19.766Z,2026-08-13 09:45:19,2026-08-13,America/Los_Angeles,disneyland,Disneyland,Fantasyland,278,Mad Tea Party,TRUE,5,2026-08-13T16:40:36.000Z,2026-08-13 09:40:36,https://queue-times.com/parks/16/queue_times.json
2026-08-13T16:45:19.766Z,2026-08-13 09:45:19,2026-08-13,America/Los_Angeles,disneyland,Disneyland,Fantasyland,279,Matterhorn Bobsleds,FALSE,0,2026-08-13T16:40:36.000Z,2026-08-13 09:40:36,https://queue-times.com/parks/16/queue_times.json
2026-08-13T16:45:19.766Z,2026-08-13 09:45:19,2026-08-13,America/Los_Angeles,disneyland,Disneyland,Fantasyland,6711,Meet Disney Princesses at Royal Hall,FALSE,0,2026-08-13T16:40:36.000Z,2026-08-13 09:40:36,https://queue-times.com/parks/16/queue_times.json
2026-08-13T16:45:19.766Z,2026-08-13 09:45:19,2026-08-13,America/Los_Angeles,disneyland,Disneyland,Fantasyland,280,Mr. Toad's Wild Ride,TRUE,5,2026-08-13T16:40:36.000Z,2026-08-13 09:40:36,https://queue-times.com/parks/16/queue_times.json
2026-08-13T16:45:19.766Z,2026-08-13 09:45:19,2026-08-13,America/Los_Angeles,disneyland,Disneyland,Fantasyland,281,Peter Pan's Flight,TRUE,30,2026-08-13T16:40:36.000Z,2026-08-13 09:40:36,https://queue-times.com/parks/16/queue_times.json
2026-08-13T16:45:19.766Z,2026-08-13 09:45:19,2026-08-13,America/Los_Angeles,disneyland,Disneyland,Fantasyland,282,Pinocchio's Daring Journey,TRUE,5,2026-08-13T16:40:36.000Z,2026-08-13 09:40:36,https://queue-times.com/parks/16/queue_times.json
2026-08-13T16:45:19.766Z,2026-08-13 09:45:19,2026-08-13,America/Los_Angeles,disneyland,Disneyland,Fantasyland,687,Sleeping Beauty Castle Walkthrough,FALSE,0,2026-08-13T16:40:36.000Z,2026-08-13 09:40:36,https://queue-times.com/parks/16/queue_times.json
2026-08-13T16:45:19.766Z,2026-08-13 09:45:19,2026-08-13,America/Los_Angeles,disneyland,Disneyland,Fantasyland,283,Snow White's Enchanted Wish,TRUE,15,2026-08-13T16:40:36.000Z,2026-08-13 09:40:36,https://queue-times.com/parks/16/queue_times.json
2026-08-13T16:45:19.766Z,2026-08-13 09:45:19,2026-08-13,America/Los_Angeles,disneyland,Disneyland,Fantasyland,305,Storybook Land Canal Boats,TRUE,10,2026-08-13T16:40:36.000Z,2026-08-13 09:40:36,https://queue-times.com/parks/16/queue_times.json
2026-08-13T16:45:19.766Z,2026-08-13 09:45:19,2026-08-13,America/Los_Angeles,disneyland,Disneyland,Frontierland,323,Big Thunder Mountain Railroad,TRUE,25,2026-08-13T16:40:36.000Z,2026-08-13 09:40:36,https://queue-times.com/parks/16/queue_times.json
2026-08-13T16:45:19.766Z,2026-08-13 09:45:19,2026-08-13,America/Los_Angeles,disneyland,Disneyland,Frontierland,679,Frontierland Shootin' Exposition,FALSE,0,2026-08-13T16:40:36.000Z,2026-08-13 09:40:36,https://queue-times.com/parks/16/queue_times.json
2026-08-13T16:45:19.766Z,2026-08-13 09:45:19,2026-08-13,America/Los_Angeles,disneyland,Disneyland,Frontierland,456,Mark Twain Riverboat,TRUE,10,2026-08-13T16:40:36.000Z,2026-08-13 09:40:36,https://queue-times.com/parks/16/queue_times.json
2026-08-13T16:45:19.766Z,2026-08-13 09:45:19,2026-08-13,America/Los_Angeles,disneyland,Disneyland,Frontierland,331,Pirate's Lair on Tom Sawyer Island,TRUE,5,2026-08-13T16:40:36.000Z,2026-08-13 09:40:36,https://queue-times.com/parks/16/queue_times.json
2026-08-13T16:45:19.766Z,2026-08-13 09:45:19,2026-08-13,America/Los_Angeles,disneyland,Disneyland,Frontierland,328,Sailing Ship Columbia,FALSE,0,2026-08-13T16:40:36.000Z,2026-08-13 09:40:36,https://queue-times.com/parks/16/queue_times.json
2026-08-13T16:45:19.766Z,2026-08-13 09:45:19,2026-08-13,America/Los_Angeles,disneyland,Disneyland,Main Street U.S.A,674,Disneyland Railroad,TRUE,5,2026-08-13T16:40:36.000Z,2026-08-13 09:40:36,https://queue-times.com/parks/16/queue_times.json
2026-08-13T16:45:19.766Z,2026-08-13 09:45:19,2026-08-13,America/Los_Angeles,disneyland,Disneyland,Main Street U.S.A,690,Great Moments with Mr. Lincoln,TRUE,0,2026-08-13T16:40:36.000Z,2026-08-13 09:40:36,https://queue-times.com/parks/16/queue_times.json
2026-08-13T16:45:19.766Z,2026-08-13 09:45:19,2026-08-13,America/Los_Angeles,disneyland,Disneyland,Main Street U.S.A,686,Main Street Cinema,FALSE,0,2026-08-13T16:40:36.000Z,2026-08-13 09:40:36,https://queue-times.com/parks/16/queue_times.json
2026-08-13T16:45:19.766Z,2026-08-13 09:45:19,2026-08-13,America/Los_Angeles,disneyland,Disneyland,Main Street U.S.A,691,Main Street Vehicles,TRUE,0,2026-08-13T16:40:36.000Z,2026-08-13 09:40:36,https://queue-times.com/parks/16/queue_times.json
2026-08-13T16:45:19.766Z,2026-08-13 09:45:19,2026-08-13,America/Los_Angeles,disneyland,Disneyland,Main Street U.S.A,14915,Opera House - Walt Disney - A Magical Life,TRUE,0,2026-08-13T16:40:36.000Z,2026-08-13 09:40:36,https://queue-times.com/parks/16/queue_times.json
2026-08-13T16:45:19.766Z,2026-08-13 09:45:19,2026-08-13,America/Los_Angeles,disneyland,Disneyland,Main Street U.S.A,695,The Disney Gallery,TRUE,0,2026-08-13T16:40:36.000Z,2026-08-13 09:40:36,https://queue-times.com/parks/16/queue_times.json
2026-08-13T16:45:19.766Z,2026-08-13 09:45:19,2026-08-13,America/Los_Angeles,disneyland,Disneyland,Main Street U.S.A,14923,Walt Disney - A Magical Life,FALSE,0,2026-08-13T16:40:36.000Z,2026-08-13 09:40:36,https://queue-times.com/parks/16/queue_times.json
2026-08-13T16:45:19.766Z,2026-08-13 09:45:19,2026-08-13,America/Los_Angeles,disneyland,Disneyland,Mickey's Toontown,324,Chip 'n' Dale's GADGETcoaster,TRUE,5,2026-08-13T16:40:36.000Z,2026-08-13 09:40:36,https://queue-times.com/parks/16/queue_times.json
2026-08-13T16:45:19.766Z,2026-08-13 09:45:19,2026-08-13,America/Los_Angeles,disneyland,Disneyland,Mickey's Toontown,13814,Donald's Duck Pond,TRUE,0,2026-08-13T16:40:36.000Z,2026-08-13 09:40:36,https://queue-times.com/parks/16/queue_times.json
2026-08-13T16:45:19.766Z,2026-08-13 09:45:19,2026-08-13,America/Los_Angeles,disneyland,Disneyland,Mickey's Toontown,11980,Goofy's How-to-Play Yard,TRUE,0,2026-08-13T16:40:36.000Z,2026-08-13 09:40:36,https://queue-times.com/parks/16/queue_times.json
2026-08-13T16:45:19.766Z,2026-08-13 09:45:19,2026-08-13,America/Los_Angeles,disneyland,Disneyland,Mickey's Toontown,11526,Mickey & Minnie's Runaway Railway,TRUE,20,2026-08-13T16:40:36.000Z,2026-08-13 09:40:36,https://queue-times.com/parks/16/queue_times.json
2026-08-13T16:45:19.766Z,2026-08-13 09:45:19,2026-08-13,America/Los_Angeles,disneyland,Disneyland,Mickey's Toontown,709,Mickey's House and Meet Mickey Mouse,TRUE,5,2026-08-13T16:40:36.000Z,2026-08-13 09:40:36,https://queue-times.com/parks/16/queue_times.json
2026-08-13T16:45:19.766Z,2026-08-13 09:45:19,2026-08-13,America/Los_Angeles,disneyland,Disneyland,Mickey's Toontown,327,Mickey's House and Meet Mickey Mouse,FALSE,0,2026-08-13T16:40:36.000Z,2026-08-13 09:40:36,https://queue-times.com/parks/16/queue_times.json
2026-08-13T16:45:19.766Z,2026-08-13 09:45:19,2026-08-13,America/Los_Angeles,disneyland,Disneyland,Mickey's Toontown,684,Minnie's House,TRUE,0,2026-08-13T16:40:36.000Z,2026-08-13 09:40:36,https://queue-times.com/parks/16/queue_times.json
2026-08-13T16:45:19.766Z,2026-08-13 09:45:19,2026-08-13,America/Los_Angeles,disneyland,Disneyland,Mickey's Toontown,332,Roger Rabbit's Car Toon Spin,TRUE,20,2026-08-13T16:40:36.000Z,2026-08-13 09:40:36,https://queue-times.com/parks/16/queue_times.json
2026-08-13T16:45:19.766Z,2026-08-13 09:45:19,2026-08-13,America/Los_Angeles,disneyland,Disneyland,New Orleans Square,13958,Haunted Mansion,FALSE,0,2026-08-13T16:40:36.000Z,2026-08-13 09:40:36,https://queue-times.com/parks/16/queue_times.json
2026-08-13T16:45:19.766Z,2026-08-13 09:45:19,2026-08-13,America/Los_Angeles,disneyland,Disneyland,New Orleans Square,289,Pirates of the Caribbean,TRUE,10,2026-08-13T16:40:36.000Z,2026-08-13 09:40:36,https://queue-times.com/parks/16/queue_times.json
2026-08-13T16:45:19.766Z,2026-08-13 09:45:19,2026-08-13,America/Los_Angeles,disneyland,Disneyland,Star Wars: Galaxy's Edge,6339,Millennium Falcon: Smugglers Run,TRUE,25,2026-08-13T16:40:36.000Z,2026-08-13 09:40:36,https://queue-times.com/parks/16/queue_times.json
2026-08-13T16:45:19.766Z,2026-08-13 09:45:19,2026-08-13,America/Los_Angeles,disneyland,Disneyland,Star Wars: Galaxy's Edge,10903,Millennium Falcon: Smugglers Run Single Rider,TRUE,0,2026-08-13T16:40:36.000Z,2026-08-13 09:40:36,https://queue-times.com/parks/16/queue_times.json
2026-08-13T16:45:19.766Z,2026-08-13 09:45:19,2026-08-13,America/Los_Angeles,disneyland,Disneyland,Star Wars: Galaxy's Edge,6340,Star Wars: Rise of the Resistance,FALSE,0,2026-08-13T16:40:36.000Z,2026-08-13 09:40:36,https://queue-times.com/parks/16/queue_times.json
2026-08-13T16:45:19.766Z,2026-08-13 09:45:19,2026-08-13,America/Los_Angeles,disneyland,Disneyland,Tomorrowland,287,Astro Orbitor,TRUE,25,2026-08-13T16:40:36.000Z,2026-08-13 09:40:36,https://queue-times.com/parks/16/queue_times.json
2026-08-13T16:45:19.766Z,2026-08-13 09:45:19,2026-08-13,America/Los_Angeles,disneyland,Disneyland,Tomorrowland,317,Autopia,TRUE,15,2026-08-13T16:40:36.000Z,2026-08-13 09:40:36,https://queue-times.com/parks/16/queue_times.json
2026-08-13T16:45:19.766Z,2026-08-13 09:45:19,2026-08-13,America/Los_Angeles,disneyland,Disneyland,Tomorrowland,273,Buzz Lightyear Astro Blasters,TRUE,5,2026-08-13T16:40:36.000Z,2026-08-13 09:40:36,https://queue-times.com/parks/16/queue_times.json
2026-08-13T16:45:19.766Z,2026-08-13 09:45:19,2026-08-13,America/Los_Angeles,disneyland,Disneyland,Tomorrowland,274,Disneyland Monorail,TRUE,5,2026-08-13T16:40:36.000Z,2026-08-13 09:40:36,https://queue-times.com/parks/16/queue_times.json
2026-08-13T16:45:19.766Z,2026-08-13 09:45:19,2026-08-13,America/Los_Angeles,disneyland,Disneyland,Tomorrowland,276,Finding Nemo Submarine Voyage,TRUE,5,2026-08-13T16:40:36.000Z,2026-08-13 09:40:36,https://queue-times.com/parks/16/queue_times.json
2026-08-13T16:45:19.766Z,2026-08-13 09:45:19,2026-08-13,America/Los_Angeles,disneyland,Disneyland,Tomorrowland,16627,Pixar Short Film Spotlight,FALSE,0,2026-08-13T16:40:36.000Z,2026-08-13 09:40:36,https://queue-times.com/parks/16/queue_times.json
2026-08-13T16:45:19.766Z,2026-08-13 09:45:19,2026-08-13,America/Los_Angeles,disneyland,Disneyland,Tomorrowland,284,Space Mountain,TRUE,45,2026-08-13T16:40:36.000Z,2026-08-13 09:40:36,https://queue-times.com/parks/16/queue_times.json
2026-08-13T16:45:19.766Z,2026-08-13 09:45:19,2026-08-13,America/Los_Angeles,disneyland,Disneyland,Tomorrowland,286,Star Tours - The Adventures Continue,TRUE,15,2026-08-13T16:40:36.000Z,2026-08-13 09:40:36,https://queue-times.com/parks/16/queue_times.json
2026-08-13T16:45:19.766Z,2026-08-13 09:45:19,2026-08-13,America/Los_Angeles,dca,Disney California Adventure,Avengers Campus,329,Guardians of the Galaxy - Mission: BREAKOUT!,TRUE,40,2026-08-13T16:40:43.000Z,2026-08-13 09:40:43,https://queue-times.com/parks/17/queue_times.json
2026-08-13T16:45:19.766Z,2026-08-13 09:45:19,2026-08-13,America/Los_Angeles,dca,Disney California Adventure,Avengers Campus,8843,WEB SLINGERS: A Spider-Man Adventure,TRUE,30,2026-08-13T16:40:43.000Z,2026-08-13 09:40:43,https://queue-times.com/parks/17/queue_times.json
2026-08-13T16:45:19.766Z,2026-08-13 09:45:19,2026-08-13,America/Los_Angeles,dca,Disney California Adventure,Avengers Campus,10907,WEB SLINGERS: A Spider-Man Adventure Single Rider,TRUE,0,2026-08-13T16:40:43.000Z,2026-08-13 09:40:43,https://queue-times.com/parks/17/queue_times.json
2026-08-13T16:45:19.766Z,2026-08-13 09:45:19,2026-08-13,America/Los_Angeles,dca,Disney California Adventure,Cars Land,13961,Luigi's Rollickin' Roadsters,TRUE,10,2026-08-13T16:40:43.000Z,2026-08-13 09:40:43,https://queue-times.com/parks/17/queue_times.json
2026-08-13T16:45:19.766Z,2026-08-13 09:45:19,2026-08-13,America/Los_Angeles,dca,Disney California Adventure,Cars Land,315,Mater's Junkyard Jamboree,TRUE,20,2026-08-13T16:40:43.000Z,2026-08-13 09:40:43,https://queue-times.com/parks/17/queue_times.json
2026-08-13T16:45:19.766Z,2026-08-13 09:45:19,2026-08-13,America/Los_Angeles,dca,Disney California Adventure,Cars Land,295,Radiator Springs Racers,TRUE,50,2026-08-13T16:40:43.000Z,2026-08-13 09:40:43,https://queue-times.com/parks/17/queue_times.json
2026-08-13T16:45:19.766Z,2026-08-13 09:45:19,2026-08-13,America/Los_Angeles,dca,Disney California Adventure,Cars Land,10904,Radiator Springs Racers Single Rider,TRUE,0,2026-08-13T16:40:43.000Z,2026-08-13 09:40:43,https://queue-times.com/parks/17/queue_times.json
2026-08-13T16:45:19.766Z,2026-08-13 09:45:19,2026-08-13,America/Los_Angeles,dca,Disney California Adventure,Grizzly Peak,302,Grizzly River Run,TRUE,5,2026-08-13T16:40:43.000Z,2026-08-13 09:40:43,https://queue-times.com/parks/17/queue_times.json
2026-08-13T16:45:19.766Z,2026-08-13 09:45:19,2026-08-13,America/Los_Angeles,dca,Disney California Adventure,Grizzly Peak,293,Redwood Creek Challenge Trail,FALSE,0,2026-08-13T16:40:43.000Z,2026-08-13 09:40:43,https://queue-times.com/parks/17/queue_times.json
2026-08-13T16:45:19.766Z,2026-08-13 09:45:19,2026-08-13,America/Los_Angeles,dca,Disney California Adventure,Grizzly Peak,17129,Soarin’ Across America,TRUE,15,2026-08-13T16:40:43.000Z,2026-08-13 09:40:43,https://queue-times.com/parks/17/queue_times.json
2026-08-13T16:45:19.766Z,2026-08-13 09:45:19,2026-08-13,America/Los_Angeles,dca,Disney California Adventure,Hollywood Land,321,Animation Academy,TRUE,0,2026-08-13T16:40:43.000Z,2026-08-13 09:40:43,https://queue-times.com/parks/17/queue_times.json
2026-08-13T16:45:19.766Z,2026-08-13 09:45:19,2026-08-13,America/Los_Angeles,dca,Disney California Adventure,Hollywood Land,6440,Mickey's PhilharMagic,TRUE,10,2026-08-13T16:40:43.000Z,2026-08-13 09:40:43,https://queue-times.com/parks/17/queue_times.json
2026-08-13T16:45:19.766Z,2026-08-13 09:45:19,2026-08-13,America/Los_Angeles,dca,Disney California Adventure,Hollywood Land,291,"Monsters, Inc. Mike & Sulley to the Rescue!",TRUE,5,2026-08-13T16:40:43.000Z,2026-08-13 09:40:43,https://queue-times.com/parks/17/queue_times.json
2026-08-13T16:45:19.766Z,2026-08-13 09:45:19,2026-08-13,America/Los_Angeles,dca,Disney California Adventure,Hollywood Land,868,Sorcerer's Workshop,TRUE,0,2026-08-13T16:40:43.000Z,2026-08-13 09:40:43,https://queue-times.com/parks/17/queue_times.json
2026-08-13T16:45:19.766Z,2026-08-13 09:45:19,2026-08-13,America/Los_Angeles,dca,Disney California Adventure,Hollywood Land,294,Turtle Talk with Crush,TRUE,0,2026-08-13T16:40:43.000Z,2026-08-13 09:40:43,https://queue-times.com/parks/17/queue_times.json
2026-08-13T16:45:19.766Z,2026-08-13 09:45:19,2026-08-13,America/Los_Angeles,dca,Disney California Adventure,Pacific Wharf,869,The Bakery Tour,TRUE,0,2026-08-13T16:40:43.000Z,2026-08-13 09:40:43,https://queue-times.com/parks/17/queue_times.json
2026-08-13T16:45:19.766Z,2026-08-13 09:45:19,2026-08-13,America/Los_Angeles,dca,Disney California Adventure,Paradise Gardens Park,298,Golden Zephyr,TRUE,5,2026-08-13T16:40:43.000Z,2026-08-13 09:40:43,https://queue-times.com/parks/17/queue_times.json
2026-08-13T16:45:19.766Z,2026-08-13 09:45:19,2026-08-13,America/Los_Angeles,dca,Disney California Adventure,Paradise Gardens Park,319,Goofy's Sky School,TRUE,10,2026-08-13T16:40:43.000Z,2026-08-13 09:40:43,https://queue-times.com/parks/17/queue_times.json
2026-08-13T16:45:19.766Z,2026-08-13 09:45:19,2026-08-13,America/Los_Angeles,dca,Disney California Adventure,Paradise Gardens Park,301,Silly Symphony Swings,FALSE,0,2026-08-13T16:40:43.000Z,2026-08-13 09:40:43,https://queue-times.com/parks/17/queue_times.json
2026-08-13T16:45:19.766Z,2026-08-13 09:45:19,2026-08-13,America/Los_Angeles,dca,Disney California Adventure,Paradise Gardens Park,316,The Little Mermaid - Ariel's Undersea Adventure,TRUE,5,2026-08-13T16:40:43.000Z,2026-08-13 09:40:43,https://queue-times.com/parks/17/queue_times.json
2026-08-13T16:45:19.766Z,2026-08-13 09:45:19,2026-08-13,America/Los_Angeles,dca,Disney California Adventure,Paradise Gardens Park,11528,World of Color – ONE,FALSE,0,2026-08-13T16:40:43.000Z,2026-08-13 09:40:43,https://queue-times.com/parks/17/queue_times.json
2026-08-13T16:45:19.766Z,2026-08-13 09:45:19,2026-08-13,America/Los_Angeles,dca,Disney California Adventure,Paradise Gardens Park,14742,World of Color Happiness!,FALSE,0,2026-08-10T07:05:45.000Z,2026-08-10 00:05:45,https://queue-times.com/parks/17/queue_times.json
2026-08-13T16:45:19.766Z,2026-08-13 09:45:19,2026-08-13,America/Los_Angeles,dca,Disney California Adventure,Pixar Pier,866,Games of Pixar Pier,TRUE,5,2026-08-13T16:40:43.000Z,2026-08-13 09:40:43,https://queue-times.com/parks/17/queue_times.json
2026-08-13T16:45:19.766Z,2026-08-13 09:45:19,2026-08-13,America/Los_Angeles,dca,Disney California Adventure,Pixar Pier,322,Incredicoaster,TRUE,10,2026-08-13T16:40:43.000Z,2026-08-13 09:40:43,https://queue-times.com/parks/17/queue_times.json
2026-08-13T16:45:19.766Z,2026-08-13 09:45:19,2026-08-13,America/Los_Angeles,dca,Disney California Adventure,Pixar Pier,10906,Incredicoaster Single Rider,TRUE,0,2026-08-13T16:40:43.000Z,2026-08-13 09:40:43,https://queue-times.com/parks/17/queue_times.json
2026-08-13T16:45:19.766Z,2026-08-13 09:45:19,2026-08-13,America/Los_Angeles,dca,Disney California Adventure,Pixar Pier,6643,Inside Out Emotional Whirlwind,TRUE,5,2026-08-13T16:40:43.000Z,2026-08-13 09:40:43,https://queue-times.com/parks/17/queue_times.json
2026-08-13T16:45:19.766Z,2026-08-13 09:45:19,2026-08-13,America/Los_Angeles,dca,Disney California Adventure,Pixar Pier,310,Jessie's Critter Carousel,TRUE,5,2026-08-13T16:40:43.000Z,2026-08-13 09:40:43,https://queue-times.com/parks/17/queue_times.json
2026-08-13T16:45:19.766Z,2026-08-13 09:45:19,2026-08-13,America/Los_Angeles,dca,Disney California Adventure,Pixar Pier,300,Jumpin' Jellyfish,TRUE,5,2026-08-13T16:40:43.000Z,2026-08-13 09:40:43,https://queue-times.com/parks/17/queue_times.json
2026-08-13T16:45:19.766Z,2026-08-13 09:45:19,2026-08-13,America/Los_Angeles,dca,Disney California Adventure,Pixar Pier,311,Pixar Pal-A-Round - Swinging,TRUE,5,2026-08-13T16:40:43.000Z,2026-08-13 09:40:43,https://queue-times.com/parks/17/queue_times.json
2026-08-13T16:45:19.766Z,2026-08-13 09:45:19,2026-08-13,America/Los_Angeles,dca,Disney California Adventure,Pixar Pier,5557,Pixar Pal-A-Round – Non-Swinging,FALSE,0,2026-08-13T16:40:43.000Z,2026-08-13 09:40:43,https://queue-times.com/parks/17/queue_times.json
2026-08-13T16:45:19.766Z,2026-08-13 09:45:19,2026-08-13,America/Los_Angeles,dca,Disney California Adventure,Pixar Pier,313,Toy Story Midway Mania!,TRUE,15,2026-08-13T16:40:43.000Z,2026-08-13 09:40:43,https://queue-times.com/parks/17/queue_times.json
2026-08-13T17:00:22.721Z,2026-08-13 10:00:22,2026-08-13,America/Los_Angeles,disneyland,Disneyland,Adventureland,12428,Adventureland Treehouse inspired by Walt Disney’s Swiss Family Robinson,TRUE,0,2026-08-13T16:56:10.000Z,2026-08-13 09:56:10,https://queue-times.com/parks/16/queue_times.json
2026-08-13T17:00:22.721Z,2026-08-13 10:00:22,2026-08-13,America/Los_Angeles,disneyland,Disneyland,Adventureland,326,Indiana Jones™ Adventure,TRUE,35,2026-08-13T16:56:10.000Z,2026-08-13 09:56:10,https://queue-times.com/parks/16/queue_times.json
2026-08-13T17:00:22.721Z,2026-08-13 10:00:22,2026-08-13,America/Los_Angeles,disneyland,Disneyland,Adventureland,296,Jungle Cruise,TRUE,10,2026-08-13T16:56:10.000Z,2026-08-13 09:56:10,https://queue-times.com/parks/16/queue_times.json
2026-08-13T17:00:22.721Z,2026-08-13 10:00:22,2026-08-13,America/Los_Angeles,disneyland,Disneyland,Adventureland,288,Walt Disney's Enchanted Tiki Room,TRUE,0,2026-08-13T16:56:10.000Z,2026-08-13 09:56:10,https://queue-times.com/parks/16/queue_times.json
2026-08-13T17:00:22.721Z,2026-08-13 10:00:22,2026-08-13,America/Los_Angeles,disneyland,Disneyland,Bayou Country,304,Davy Crockett's Explorer Canoes,FALSE,0,2026-08-13T16:56:10.000Z,2026-08-13 09:56:10,https://queue-times.com/parks/16/queue_times.json
2026-08-13T17:00:22.721Z,2026-08-13 10:00:22,2026-08-13,America/Los_Angeles,disneyland,Disneyland,Bayou Country,306,The Many Adventures of Winnie the Pooh,TRUE,5,2026-08-13T16:56:10.000Z,2026-08-13 09:56:10,https://queue-times.com/parks/16/queue_times.json
2026-08-13T17:00:22.721Z,2026-08-13 10:00:22,2026-08-13,America/Los_Angeles,disneyland,Disneyland,Bayou Country,14168,Tiana's Bayou Adventure,TRUE,5,2026-08-13T16:56:10.000Z,2026-08-13 09:56:10,https://queue-times.com/parks/16/queue_times.json
2026-08-13T17:00:22.721Z,2026-08-13 10:00:22,2026-08-13,America/Los_Angeles,disneyland,Disneyland,Bayou Country,14326,Tiana's Bayou Adventure Single Rider,TRUE,0,2026-08-13T16:56:10.000Z,2026-08-13 09:56:10,https://queue-times.com/parks/16/queue_times.json
2026-08-13T17:00:22.721Z,2026-08-13 10:00:22,2026-08-13,America/Los_Angeles,disneyland,Disneyland,Fantasyland,307,"""it's a small world""",TRUE,5,2026-08-13T16:56:10.000Z,2026-08-13 09:56:10,https://queue-times.com/parks/16/queue_times.json
2026-08-13T17:00:22.721Z,2026-08-13 10:00:22,2026-08-13,America/Los_Angeles,disneyland,Disneyland,Fantasyland,285,Alice in Wonderland,TRUE,20,2026-08-13T16:56:10.000Z,2026-08-13 09:56:10,https://queue-times.com/parks/16/queue_times.json
2026-08-13T17:00:22.721Z,2026-08-13 10:00:22,2026-08-13,America/Los_Angeles,disneyland,Disneyland,Fantasyland,16254,Bluey’s Best Day Ever! at Fantasyland Theatre,TRUE,0,2026-08-13T16:56:10.000Z,2026-08-13 09:56:10,https://queue-times.com/parks/16/queue_times.json
2026-08-13T17:00:22.721Z,2026-08-13 10:00:22,2026-08-13,America/Los_Angeles,disneyland,Disneyland,Fantasyland,303,Casey Jr. Circus Train,TRUE,10,2026-08-13T16:56:10.000Z,2026-08-13 09:56:10,https://queue-times.com/parks/16/queue_times.json
2026-08-13T17:00:22.721Z,2026-08-13 10:00:22,2026-08-13,America/Los_Angeles,disneyland,Disneyland,Fantasyland,275,Dumbo the Flying Elephant,TRUE,25,2026-08-13T16:56:10.000Z,2026-08-13 09:56:10,https://queue-times.com/parks/16/queue_times.json
2026-08-13T17:00:22.721Z,2026-08-13 10:00:22,2026-08-13,America/Los_Angeles,disneyland,Disneyland,Fantasyland,277,King Arthur Carrousel,TRUE,5,2026-08-13T16:56:10.000Z,2026-08-13 09:56:10,https://queue-times.com/parks/16/queue_times.json
2026-08-13T17:00:22.721Z,2026-08-13 10:00:22,2026-08-13,America/Los_Angeles,disneyland,Disneyland,Fantasyland,278,Mad Tea Party,TRUE,5,2026-08-13T16:56:10.000Z,2026-08-13 09:56:10,https://queue-times.com/parks/16/queue_times.json
2026-08-13T17:00:22.721Z,2026-08-13 10:00:22,2026-08-13,America/Los_Angeles,disneyland,Disneyland,Fantasyland,279,Matterhorn Bobsleds,FALSE,0,2026-08-13T16:56:10.000Z,2026-08-13 09:56:10,https://queue-times.com/parks/16/queue_times.json
2026-08-13T17:00:22.721Z,2026-08-13 10:00:22,2026-08-13,America/Los_Angeles,disneyland,Disneyland,Fantasyland,6711,Meet Disney Princesses at Royal Hall,FALSE,0,2026-08-13T16:56:10.000Z,2026-08-13 09:56:10,https://queue-times.com/parks/16/queue_times.json
2026-08-13T17:00:22.721Z,2026-08-13 10:00:22,2026-08-13,America/Los_Angeles,disneyland,Disneyland,Fantasyland,280,Mr. Toad's Wild Ride,TRUE,20,2026-08-13T16:56:10.000Z,2026-08-13 09:56:10,https://queue-times.com/parks/16/queue_times.json
2026-08-13T17:00:22.721Z,2026-08-13 10:00:22,2026-08-13,America/Los_Angeles,disneyland,Disneyland,Fantasyland,281,Peter Pan's Flight,TRUE,25,2026-08-13T16:56:10.000Z,2026-08-13 09:56:10,https://queue-times.com/parks/16/queue_times.json
2026-08-13T17:00:22.721Z,2026-08-13 10:00:22,2026-08-13,America/Los_Angeles,disneyland,Disneyland,Fantasyland,282,Pinocchio's Daring Journey,TRUE,5,2026-08-13T16:56:10.000Z,2026-08-13 09:56:10,https://queue-times.com/parks/16/queue_times.json
2026-08-13T17:00:22.721Z,2026-08-13 10:00:22,2026-08-13,America/Los_Angeles,disneyland,Disneyland,Fantasyland,687,Sleeping Beauty Castle Walkthrough,FALSE,0,2026-08-13T16:56:10.000Z,2026-08-13 09:56:10,https://queue-times.com/parks/16/queue_times.json
2026-08-13T17:00:22.721Z,2026-08-13 10:00:22,2026-08-13,America/Los_Angeles,disneyland,Disneyland,Fantasyland,283,Snow White's Enchanted Wish,TRUE,15,2026-08-13T16:56:10.000Z,2026-08-13 09:56:10,https://queue-times.com/parks/16/queue_times.json
2026-08-13T17:00:22.721Z,2026-08-13 10:00:22,2026-08-13,America/Los_Angeles,disneyland,Disneyland,Fantasyland,305,Storybook Land Canal Boats,TRUE,10,2026-08-13T16:56:10.000Z,2026-08-13 09:56:10,https://queue-times.com/parks/16/queue_times.json
2026-08-13T17:00:22.721Z,2026-08-13 10:00:22,2026-08-13,America/Los_Angeles,disneyland,Disneyland,Frontierland,323,Big Thunder Mountain Railroad,FALSE,0,2026-08-13T16:56:10.000Z,2026-08-13 09:56:10,https://queue-times.com/parks/16/queue_times.json
2026-08-13T17:00:22.721Z,2026-08-13 10:00:22,2026-08-13,America/Los_Angeles,disneyland,Disneyland,Frontierland,679,Frontierland Shootin' Exposition,FALSE,0,2026-08-13T16:56:10.000Z,2026-08-13 09:56:10,https://queue-times.com/parks/16/queue_times.json
2026-08-13T17:00:22.721Z,2026-08-13 10:00:22,2026-08-13,America/Los_Angeles,disneyland,Disneyland,Frontierland,456,Mark Twain Riverboat,TRUE,10,2026-08-13T16:56:10.000Z,2026-08-13 09:56:10,https://queue-times.com/parks/16/queue_times.json
2026-08-13T17:00:22.721Z,2026-08-13 10:00:22,2026-08-13,America/Los_Angeles,disneyland,Disneyland,Frontierland,331,Pirate's Lair on Tom Sawyer Island,TRUE,5,2026-08-13T16:56:10.000Z,2026-08-13 09:56:10,https://queue-times.com/parks/16/queue_times.json
2026-08-13T17:00:22.721Z,2026-08-13 10:00:22,2026-08-13,America/Los_Angeles,disneyland,Disneyland,Frontierland,328,Sailing Ship Columbia,FALSE,0,2026-08-13T16:56:10.000Z,2026-08-13 09:56:10,https://queue-times.com/parks/16/queue_times.json
2026-08-13T17:00:22.721Z,2026-08-13 10:00:22,2026-08-13,America/Los_Angeles,disneyland,Disneyland,Main Street U.S.A,674,Disneyland Railroad,TRUE,5,2026-08-13T16:56:10.000Z,2026-08-13 09:56:10,https://queue-times.com/parks/16/queue_times.json
2026-08-13T17:00:22.721Z,2026-08-13 10:00:22,2026-08-13,America/Los_Angeles,disneyland,Disneyland,Main Street U.S.A,690,Great Moments with Mr. Lincoln,TRUE,0,2026-08-13T16:56:10.000Z,2026-08-13 09:56:10,https://queue-times.com/parks/16/queue_times.json
2026-08-13T17:00:22.721Z,2026-08-13 10:00:22,2026-08-13,America/Los_Angeles,disneyland,Disneyland,Main Street U.S.A,686,Main Street Cinema,FALSE,0,2026-08-13T16:56:10.000Z,2026-08-13 09:56:10,https://queue-times.com/parks/16/queue_times.json
2026-08-13T17:00:22.721Z,2026-08-13 10:00:22,2026-08-13,America/Los_Angeles,disneyland,Disneyland,Main Street U.S.A,691,Main Street Vehicles,TRUE,0,2026-08-13T16:56:10.000Z,2026-08-13 09:56:10,https://queue-times.com/parks/16/queue_times.json
2026-08-13T17:00:22.721Z,2026-08-13 10:00:22,2026-08-13,America/Los_Angeles,disneyland,Disneyland,Main Street U.S.A,14915,Opera House - Walt Disney - A Magical Life,TRUE,0,2026-08-13T16:56:10.000Z,2026-08-13 09:56:10,https://queue-times.com/parks/16/queue_times.json
2026-08-13T17:00:22.721Z,2026-08-13 10:00:22,2026-08-13,America/Los_Angeles,disneyland,Disneyland,Main Street U.S.A,695,The Disney Gallery,TRUE,0,2026-08-13T16:56:10.000Z,2026-08-13 09:56:10,https://queue-times.com/parks/16/queue_times.json
2026-08-13T17:00:22.721Z,2026-08-13 10:00:22,2026-08-13,America/Los_Angeles,disneyland,Disneyland,Main Street U.S.A,14923,Walt Disney - A Magical Life,FALSE,0,2026-08-13T16:56:10.000Z,2026-08-13 09:56:10,https://queue-times.com/parks/16/queue_times.json
2026-08-13T17:00:22.721Z,2026-08-13 10:00:22,2026-08-13,America/Los_Angeles,disneyland,Disneyland,Mickey's Toontown,324,Chip 'n' Dale's GADGETcoaster,TRUE,5,2026-08-13T16:56:10.000Z,2026-08-13 09:56:10,https://queue-times.com/parks/16/queue_times.json
2026-08-13T17:00:22.721Z,2026-08-13 10:00:22,2026-08-13,America/Los_Angeles,disneyland,Disneyland,Mickey's Toontown,13814,Donald's Duck Pond,TRUE,0,2026-08-13T16:56:10.000Z,2026-08-13 09:56:10,https://queue-times.com/parks/16/queue_times.json
2026-08-13T17:00:22.721Z,2026-08-13 10:00:22,2026-08-13,America/Los_Angeles,disneyland,Disneyland,Mickey's Toontown,11980,Goofy's How-to-Play Yard,TRUE,0,2026-08-13T16:56:10.000Z,2026-08-13 09:56:10,https://queue-times.com/parks/16/queue_times.json
2026-08-13T17:00:22.721Z,2026-08-13 10:00:22,2026-08-13,America/Los_Angeles,disneyland,Disneyland,Mickey's Toontown,11526,Mickey & Minnie's Runaway Railway,TRUE,30,2026-08-13T16:56:10.000Z,2026-08-13 09:56:10,https://queue-times.com/parks/16/queue_times.json
2026-08-13T17:00:22.721Z,2026-08-13 10:00:22,2026-08-13,America/Los_Angeles,disneyland,Disneyland,Mickey's Toontown,709,Mickey's House and Meet Mickey Mouse,TRUE,5,2026-08-13T16:56:10.000Z,2026-08-13 09:56:10,https://queue-times.com/parks/16/queue_times.json
2026-08-13T17:00:22.721Z,2026-08-13 10:00:22,2026-08-13,America/Los_Angeles,disneyland,Disneyland,Mickey's Toontown,327,Mickey's House and Meet Mickey Mouse,FALSE,0,2026-08-13T16:56:10.000Z,2026-08-13 09:56:10,https://queue-times.com/parks/16/queue_times.json
2026-08-13T17:00:22.721Z,2026-08-13 10:00:22,2026-08-13,America/Los_Angeles,disneyland,Disneyland,Mickey's Toontown,684,Minnie's House,TRUE,0,2026-08-13T16:56:10.000Z,2026-08-13 09:56:10,https://queue-times.com/parks/16/queue_times.json
2026-08-13T17:00:22.721Z,2026-08-13 10:00:22,2026-08-13,America/Los_Angeles,disneyland,Disneyland,Mickey's Toontown,332,Roger Rabbit's Car Toon Spin,TRUE,20,2026-08-13T16:56:10.000Z,2026-08-13 09:56:10,https://queue-times.com/parks/16/queue_times.json
2026-08-13T17:00:22.721Z,2026-08-13 10:00:22,2026-08-13,America/Los_Angeles,disneyland,Disneyland,New Orleans Square,13958,Haunted Mansion,FALSE,0,2026-08-13T16:56:10.000Z,2026-08-13 09:56:10,https://queue-times.com/parks/16/queue_times.json
2026-08-13T17:00:22.721Z,2026-08-13 10:00:22,2026-08-13,America/Los_Angeles,disneyland,Disneyland,New Orleans Square,289,Pirates of the Caribbean,TRUE,15,2026-08-13T16:56:10.000Z,2026-08-13 09:56:10,https://queue-times.com/parks/16/queue_times.json
2026-08-13T17:00:22.721Z,2026-08-13 10:00:22,2026-08-13,America/Los_Angeles,disneyland,Disneyland,Star Wars: Galaxy's Edge,6339,Millennium Falcon: Smugglers Run,TRUE,40,2026-08-13T16:56:10.000Z,2026-08-13 09:56:10,https://queue-times.com/parks/16/queue_times.json
2026-08-13T17:00:22.721Z,2026-08-13 10:00:22,2026-08-13,America/Los_Angeles,disneyland,Disneyland,Star Wars: Galaxy's Edge,10903,Millennium Falcon: Smugglers Run Single Rider,TRUE,0,2026-08-13T16:56:10.000Z,2026-08-13 09:56:10,https://queue-times.com/parks/16/queue_times.json
2026-08-13T17:00:22.721Z,2026-08-13 10:00:22,2026-08-13,America/Los_Angeles,disneyland,Disneyland,Star Wars: Galaxy's Edge,6340,Star Wars: Rise of the Resistance,FALSE,0,2026-08-13T16:56:10.000Z,2026-08-13 09:56:10,https://queue-times.com/parks/16/queue_times.json
2026-08-13T17:00:22.721Z,2026-08-13 10:00:22,2026-08-13,America/Los_Angeles,disneyland,Disneyland,Tomorrowland,287,Astro Orbitor,TRUE,25,2026-08-13T16:56:10.000Z,2026-08-13 09:56:10,https://queue-times.com/parks/16/queue_times.json
2026-08-13T17:00:22.721Z,2026-08-13 10:00:22,2026-08-13,America/Los_Angeles,disneyland,Disneyland,Tomorrowland,317,Autopia,TRUE,15,2026-08-13T16:56:10.000Z,2026-08-13 09:56:10,https://queue-times.com/parks/16/queue_times.json
2026-08-13T17:00:22.721Z,2026-08-13 10:00:22,2026-08-13,America/Los_Angeles,disneyland,Disneyland,Tomorrowland,273,Buzz Lightyear Astro Blasters,TRUE,10,2026-08-13T16:56:10.000Z,2026-08-13 09:56:10,https://queue-times.com/parks/16/queue_times.json
2026-08-13T17:00:22.721Z,2026-08-13 10:00:22,2026-08-13,America/Los_Angeles,disneyland,Disneyland,Tomorrowland,274,Disneyland Monorail,TRUE,5,2026-08-13T16:56:10.000Z,2026-08-13 09:56:10,https://queue-times.com/parks/16/queue_times.json
2026-08-13T17:00:22.721Z,2026-08-13 10:00:22,2026-08-13,America/Los_Angeles,disneyland,Disneyland,Tomorrowland,276,Finding Nemo Submarine Voyage,TRUE,5,2026-08-13T16:56:10.000Z,2026-08-13 09:56:10,https://queue-times.com/parks/16/queue_times.json
2026-08-13T17:00:22.721Z,2026-08-13 10:00:22,2026-08-13,America/Los_Angeles,disneyland,Disneyland,Tomorrowland,16627,Pixar Short Film Spotlight,FALSE,0,2026-08-13T16:56:10.000Z,2026-08-13 09:56:10,https://queue-times.com/parks/16/queue_times.json
2026-08-13T17:00:22.721Z,2026-08-13 10:00:22,2026-08-13,America/Los_Angeles,disneyland,Disneyland,Tomorrowland,284,Space Mountain,TRUE,45,2026-08-13T16:56:10.000Z,2026-08-13 09:56:10,https://queue-times.com/parks/16/queue_times.json
2026-08-13T17:00:22.721Z,2026-08-13 10:00:22,2026-08-13,America/Los_Angeles,disneyland,Disneyland,Tomorrowland,286,Star Tours - The Adventures Continue,TRUE,10,2026-08-13T16:56:10.000Z,2026-08-13 09:56:10,https://queue-times.com/parks/16/queue_times.json
2026-08-13T17:00:22.721Z,2026-08-13 10:00:22,2026-08-13,America/Los_Angeles,dca,Disney California Adventure,Avengers Campus,329,Guardians of the Galaxy - Mission: BREAKOUT!,TRUE,25,2026-08-13T16:56:14.000Z,2026-08-13 09:56:14,https://queue-times.com/parks/17/queue_times.json
2026-08-13T17:00:22.721Z,2026-08-13 10:00:22,2026-08-13,America/Los_Angeles,dca,Disney California Adventure,Avengers Campus,8843,WEB SLINGERS: A Spider-Man Adventure,TRUE,30,2026-08-13T16:56:14.000Z,2026-08-13 09:56:14,https://queue-times.com/parks/17/queue_times.json
2026-08-13T17:00:22.721Z,2026-08-13 10:00:22,2026-08-13,America/Los_Angeles,dca,Disney California Adventure,Avengers Campus,10907,WEB SLINGERS: A Spider-Man Adventure Single Rider,TRUE,0,2026-08-13T16:56:14.000Z,2026-08-13 09:56:14,https://queue-times.com/parks/17/queue_times.json
2026-08-13T17:00:22.721Z,2026-08-13 10:00:22,2026-08-13,America/Los_Angeles,dca,Disney California Adventure,Cars Land,13961,Luigi's Rollickin' Roadsters,TRUE,10,2026-08-13T16:56:14.000Z,2026-08-13 09:56:14,https://queue-times.com/parks/17/queue_times.json
2026-08-13T17:00:22.721Z,2026-08-13 10:00:22,2026-08-13,America/Los_Angeles,dca,Disney California Adventure,Cars Land,315,Mater's Junkyard Jamboree,TRUE,20,2026-08-13T16:56:14.000Z,2026-08-13 09:56:14,https://queue-times.com/parks/17/queue_times.json
2026-08-13T17:00:22.721Z,2026-08-13 10:00:22,2026-08-13,America/Los_Angeles,dca,Disney California Adventure,Cars Land,295,Radiator Springs Racers,TRUE,75,2026-08-13T16:56:14.000Z,2026-08-13 09:56:14,https://queue-times.com/parks/17/queue_times.json
2026-08-13T17:00:22.721Z,2026-08-13 10:00:22,2026-08-13,America/Los_Angeles,dca,Disney California Adventure,Cars Land,10904,Radiator Springs Racers Single Rider,TRUE,0,2026-08-13T16:56:14.000Z,2026-08-13 09:56:14,https://queue-times.com/parks/17/queue_times.json
2026-08-13T17:00:22.721Z,2026-08-13 10:00:22,2026-08-13,America/Los_Angeles,dca,Disney California Adventure,Grizzly Peak,302,Grizzly River Run,TRUE,5,2026-08-13T16:56:14.000Z,2026-08-13 09:56:14,https://queue-times.com/parks/17/queue_times.json
2026-08-13T17:00:22.721Z,2026-08-13 10:00:22,2026-08-13,America/Los_Angeles,dca,Disney California Adventure,Grizzly Peak,293,Redwood Creek Challenge Trail,FALSE,0,2026-08-13T16:56:14.000Z,2026-08-13 09:56:14,https://queue-times.com/parks/17/queue_times.json
2026-08-13T17:00:22.721Z,2026-08-13 10:00:22,2026-08-13,America/Los_Angeles,dca,Disney California Adventure,Grizzly Peak,17129,Soarin’ Across America,TRUE,15,2026-08-13T16:56:14.000Z,2026-08-13 09:56:14,https://queue-times.com/parks/17/queue_times.json
2026-08-13T17:00:22.721Z,2026-08-13 10:00:22,2026-08-13,America/Los_Angeles,dca,Disney California Adventure,Hollywood Land,321,Animation Academy,TRUE,0,2026-08-13T16:56:14.000Z,2026-08-13 09:56:14,https://queue-times.com/parks/17/queue_times.json
2026-08-13T17:00:22.721Z,2026-08-13 10:00:22,2026-08-13,America/Los_Angeles,dca,Disney California Adventure,Hollywood Land,6440,Mickey's PhilharMagic,TRUE,10,2026-08-13T16:56:14.000Z,2026-08-13 09:56:14,https://queue-times.com/parks/17/queue_times.json
2026-08-13T17:00:22.721Z,2026-08-13 10:00:22,2026-08-13,America/Los_Angeles,dca,Disney California Adventure,Hollywood Land,291,"Monsters, Inc. Mike & Sulley to the Rescue!",TRUE,5,2026-08-13T16:56:14.000Z,2026-08-13 09:56:14,https://queue-times.com/parks/17/queue_times.json
2026-08-13T17:00:22.721Z,2026-08-13 10:00:22,2026-08-13,America/Los_Angeles,dca,Disney California Adventure,Hollywood Land,868,Sorcerer's Workshop,TRUE,0,2026-08-13T16:56:14.000Z,2026-08-13 09:56:14,https://queue-times.com/parks/17/queue_times.json
2026-08-13T17:00:22.721Z,2026-08-13 10:00:22,2026-08-13,America/Los_Angeles,dca,Disney California Adventure,Hollywood Land,294,Turtle Talk with Crush,TRUE,0,2026-08-13T16:56:14.000Z,2026-08-13 09:56:14,https://queue-times.com/parks/17/queue_times.json
2026-08-13T17:00:22.721Z,2026-08-13 10:00:22,2026-08-13,America/Los_Angeles,dca,Disney California Adventure,Pacific Wharf,869,The Bakery Tour,TRUE,0,2026-08-13T16:56:14.000Z,2026-08-13 09:56:14,https://queue-times.com/parks/17/queue_times.json
2026-08-13T17:00:22.721Z,2026-08-13 10:00:22,2026-08-13,America/Los_Angeles,dca,Disney California Adventure,Paradise Gardens Park,298,Golden Zephyr,TRUE,5,2026-08-13T16:56:14.000Z,2026-08-13 09:56:14,https://queue-times.com/parks/17/queue_times.json
2026-08-13T17:00:22.721Z,2026-08-13 10:00:22,2026-08-13,America/Los_Angeles,dca,Disney California Adventure,Paradise Gardens Park,319,Goofy's Sky School,TRUE,10,2026-08-13T16:56:14.000Z,2026-08-13 09:56:14,https://queue-times.com/parks/17/queue_times.json
2026-08-13T17:00:22.721Z,2026-08-13 10:00:22,2026-08-13,America/Los_Angeles,dca,Disney California Adventure,Paradise Gardens Park,301,Silly Symphony Swings,FALSE,0,2026-08-13T16:56:14.000Z,2026-08-13 09:56:14,https://queue-times.com/parks/17/queue_times.json
2026-08-13T17:00:22.721Z,2026-08-13 10:00:22,2026-08-13,America/Los_Angeles,dca,Disney California Adventure,Paradise Gardens Park,316,The Little Mermaid - Ariel's Undersea Adventure,TRUE,5,2026-08-13T16:56:14.000Z,2026-08-13 09:56:14,https://queue-times.com/parks/17/queue_times.json
2026-08-13T17:00:22.721Z,2026-08-13 10:00:22,2026-08-13,America/Los_Angeles,dca,Disney California Adventure,Paradise Gardens Park,11528,World of Color – ONE,FALSE,0,2026-08-13T16:56:14.000Z,2026-08-13 09:56:14,https://queue-times.com/parks/17/queue_times.json
2026-08-13T17:00:22.721Z,2026-08-13 10:00:22,2026-08-13,America/Los_Angeles,dca,Disney California Adventure,Paradise Gardens Park,14742,World of Color Happiness!,FALSE,0,2026-08-10T07:05:45.000Z,2026-08-10 00:05:45,https://queue-times.com/parks/17/queue_times.json
2026-08-13T17:00:22.721Z,2026-08-13 10:00:22,2026-08-13,America/Los_Angeles,dca,Disney California Adventure,Pixar Pier,866,Games of Pixar Pier,TRUE,5,2026-08-13T16:56:14.000Z,2026-08-13 09:56:14,https://queue-times.com/parks/17/queue_times.json
2026-08-13T17:00:22.721Z,2026-08-13 10:00:22,2026-08-13,America/Los_Angeles,dca,Disney California Adventure,Pixar Pier,322,Incredicoaster,TRUE,20,2026-08-13T16:56:14.000Z,2026-08-13 09:56:14,https://queue-times.com/parks/17/queue_times.json
2026-08-13T17:00:22.721Z,2026-08-13 10:00:22,2026-08-13,America/Los_Angeles,dca,Disney California Adventure,Pixar Pier,10906,Incredicoaster Single Rider,TRUE,0,2026-08-13T16:56:14.000Z,2026-08-13 09:56:14,https://queue-times.com/parks/17/queue_times.json
2026-08-13T17:00:22.721Z,2026-08-13 10:00:22,2026-08-13,America/Los_Angeles,dca,Disney California Adventure,Pixar Pier,6643,Inside Out Emotional Whirlwind,TRUE,5,2026-08-13T16:56:14.000Z,2026-08-13 09:56:14,https://queue-times.com/parks/17/queue_times.json
2026-08-13T17:00:22.721Z,2026-08-13 10:00:22,2026-08-13,America/Los_Angeles,dca,Disney California Adventure,Pixar Pier,310,Jessie's Critter Carousel,TRUE,5,2026-08-13T16:56:14.000Z,2026-08-13 09:56:14,https://queue-times.com/parks/17/queue_times.json
2026-08-13T17:00:22.721Z,2026-08-13 10:00:22,2026-08-13,America/Los_Angeles,dca,Disney California Adventure,Pixar Pier,300,Jumpin' Jellyfish,TRUE,5,2026-08-13T16:56:14.000Z,2026-08-13 09:56:14,https://queue-times.com/parks/17/queue_times.json
2026-08-13T17:00:22.721Z,2026-08-13 10:00:22,2026-08-13,America/Los_Angeles,dca,Disney California Adventure,Pixar Pier,311,Pixar Pal-A-Round - Swinging,TRUE,10,2026-08-13T16:56:14.000Z,2026-08-13 09:56:14,https://queue-times.com/parks/17/queue_times.json
2026-08-13T17:00:22.721Z,2026-08-13 10:00:22,2026-08-13,America/Los_Angeles,dca,Disney California Adventure,Pixar Pier,5557,Pixar Pal-A-Round – Non-Swinging,FALSE,0,2026-08-13T16:56:14.000Z,2026-08-13 09:56:14,https://queue-times.com/parks/17/queue_times.json
2026-08-13T17:00:22.721Z,2026-08-13 10:00:22,2026-08-13,America/Los_Angeles,dca,Disney California Adventure,Pixar Pier,313,Toy Story Midway Mania!,TRUE,40,2026-08-13T16:56:14.000Z,2026-08-13 09:56:14,https://queue-times.com/parks/17/queue_times.json
2026-08-13T17:15:31.547Z,2026-08-13 10:15:31,2026-08-13,America/Los_Angeles,disneyland,Disneyland,Adventureland,12428,Adventureland Treehouse inspired by Walt Disney’s Swiss Family Robinson,TRUE,0,2026-08-13T17:10:32.000Z,2026-08-13 10:10:32,https://queue-times.com/parks/16/queue_times.json
2026-08-13T17:15:31.547Z,2026-08-13 10:15:31,2026-08-13,America/Los_Angeles,disneyland,Disneyland,Adventureland,326,Indiana Jones™ Adventure,TRUE,45,2026-08-13T17:10:32.000Z,2026-08-13 10:10:32,https://queue-times.com/parks/16/queue_times.json
2026-08-13T17:15:31.547Z,2026-08-13 10:15:31,2026-08-13,America/Los_Angeles,disneyland,Disneyland,Adventureland,296,Jungle Cruise,TRUE,25,2026-08-13T17:10:32.000Z,2026-08-13 10:10:32,https://queue-times.com/parks/16/queue_times.json
2026-08-13T17:15:31.547Z,2026-08-13 10:15:31,2026-08-13,America/Los_Angeles,disneyland,Disneyland,Adventureland,288,Walt Disney's Enchanted Tiki Room,TRUE,0,2026-08-13T17:10:32.000Z,2026-08-13 10:10:32,https://queue-times.com/parks/16/queue_times.json
2026-08-13T17:15:31.547Z,2026-08-13 10:15:31,2026-08-13,America/Los_Angeles,disneyland,Disneyland,Bayou Country,304,Davy Crockett's Explorer Canoes,FALSE,0,2026-08-13T17:10:32.000Z,2026-08-13 10:10:32,https://queue-times.com/parks/16/queue_times.json
2026-08-13T17:15:31.547Z,2026-08-13 10:15:31,2026-08-13,America/Los_Angeles,disneyland,Disneyland,Bayou Country,306,The Many Adventures of Winnie the Pooh,TRUE,5,2026-08-13T17:10:32.000Z,2026-08-13 10:10:32,https://queue-times.com/parks/16/queue_times.json
2026-08-13T17:15:31.547Z,2026-08-13 10:15:31,2026-08-13,America/Los_Angeles,disneyland,Disneyland,Bayou Country,14168,Tiana's Bayou Adventure,TRUE,5,2026-08-13T17:10:32.000Z,2026-08-13 10:10:32,https://queue-times.com/parks/16/queue_times.json
2026-08-13T17:15:31.547Z,2026-08-13 10:15:31,2026-08-13,America/Los_Angeles,disneyland,Disneyland,Bayou Country,14326,Tiana's Bayou Adventure Single Rider,TRUE,0,2026-08-13T17:10:32.000Z,2026-08-13 10:10:32,https://queue-times.com/parks/16/queue_times.json
2026-08-13T17:15:31.547Z,2026-08-13 10:15:31,2026-08-13,America/Los_Angeles,disneyland,Disneyland,Fantasyland,307,"""it's a small world""",TRUE,5,2026-08-13T17:10:32.000Z,2026-08-13 10:10:32,https://queue-times.com/parks/16/queue_times.json
2026-08-13T17:15:31.547Z,2026-08-13 10:15:31,2026-08-13,America/Los_Angeles,disneyland,Disneyland,Fantasyland,285,Alice in Wonderland,TRUE,20,2026-08-13T17:10:32.000Z,2026-08-13 10:10:32,https://queue-times.com/parks/16/queue_times.json
2026-08-13T17:15:31.547Z,2026-08-13 10:15:31,2026-08-13,America/Los_Angeles,disneyland,Disneyland,Fantasyland,16254,Bluey’s Best Day Ever! at Fantasyland Theatre,TRUE,0,2026-08-13T17:10:32.000Z,2026-08-13 10:10:32,https://queue-times.com/parks/16/queue_times.json
2026-08-13T17:15:31.547Z,2026-08-13 10:15:31,2026-08-13,America/Los_Angeles,disneyland,Disneyland,Fantasyland,303,Casey Jr. Circus Train,TRUE,10,2026-08-13T17:10:32.000Z,2026-08-13 10:10:32,https://queue-times.com/parks/16/queue_times.json
2026-08-13T17:15:31.547Z,2026-08-13 10:15:31,2026-08-13,America/Los_Angeles,disneyland,Disneyland,Fantasyland,275,Dumbo the Flying Elephant,TRUE,25,2026-08-13T17:10:32.000Z,2026-08-13 10:10:32,https://queue-times.com/parks/16/queue_times.json
2026-08-13T17:15:31.547Z,2026-08-13 10:15:31,2026-08-13,America/Los_Angeles,disneyland,Disneyland,Fantasyland,277,King Arthur Carrousel,FALSE,0,2026-08-13T17:10:32.000Z,2026-08-13 10:10:32,https://queue-times.com/parks/16/queue_times.json
2026-08-13T17:15:31.547Z,2026-08-13 10:15:31,2026-08-13,America/Los_Angeles,disneyland,Disneyland,Fantasyland,278,Mad Tea Party,TRUE,5,2026-08-13T17:10:32.000Z,2026-08-13 10:10:32,https://queue-times.com/parks/16/queue_times.json
2026-08-13T17:15:31.547Z,2026-08-13 10:15:31,2026-08-13,America/Los_Angeles,disneyland,Disneyland,Fantasyland,279,Matterhorn Bobsleds,FALSE,0,2026-08-13T17:10:32.000Z,2026-08-13 10:10:32,https://queue-times.com/parks/16/queue_times.json
2026-08-13T17:15:31.547Z,2026-08-13 10:15:31,2026-08-13,America/Los_Angeles,disneyland,Disneyland,Fantasyland,6711,Meet Disney Princesses at Royal Hall,TRUE,0,2026-08-13T17:10:32.000Z,2026-08-13 10:10:32,https://queue-times.com/parks/16/queue_times.json
2026-08-13T17:15:31.547Z,2026-08-13 10:15:31,2026-08-13,America/Los_Angeles,disneyland,Disneyland,Fantasyland,280,Mr. Toad's Wild Ride,TRUE,20,2026-08-13T17:10:32.000Z,2026-08-13 10:10:32,https://queue-times.com/parks/16/queue_times.json
2026-08-13T17:15:31.547Z,2026-08-13 10:15:31,2026-08-13,America/Los_Angeles,disneyland,Disneyland,Fantasyland,281,Peter Pan's Flight,TRUE,25,2026-08-13T17:10:32.000Z,2026-08-13 10:10:32,https://queue-times.com/parks/16/queue_times.json
2026-08-13T17:15:31.547Z,2026-08-13 10:15:31,2026-08-13,America/Los_Angeles,disneyland,Disneyland,Fantasyland,282,Pinocchio's Daring Journey,TRUE,5,2026-08-13T17:10:32.000Z,2026-08-13 10:10:32,https://queue-times.com/parks/16/queue_times.json
2026-08-13T17:15:31.547Z,2026-08-13 10:15:31,2026-08-13,America/Los_Angeles,disneyland,Disneyland,Fantasyland,687,Sleeping Beauty Castle Walkthrough,FALSE,0,2026-08-13T17:10:32.000Z,2026-08-13 10:10:32,https://queue-times.com/parks/16/queue_times.json
2026-08-13T17:15:31.547Z,2026-08-13 10:15:31,2026-08-13,America/Los_Angeles,disneyland,Disneyland,Fantasyland,283,Snow White's Enchanted Wish,TRUE,15,2026-08-13T17:10:32.000Z,2026-08-13 10:10:32,https://queue-times.com/parks/16/queue_times.json
2026-08-13T17:15:31.547Z,2026-08-13 10:15:31,2026-08-13,America/Los_Angeles,disneyland,Disneyland,Fantasyland,305,Storybook Land Canal Boats,TRUE,10,2026-08-13T17:10:32.000Z,2026-08-13 10:10:32,https://queue-times.com/parks/16/queue_times.json
2026-08-13T17:15:31.547Z,2026-08-13 10:15:31,2026-08-13,America/Los_Angeles,disneyland,Disneyland,Frontierland,323,Big Thunder Mountain Railroad,FALSE,0,2026-08-13T17:10:32.000Z,2026-08-13 10:10:32,https://queue-times.com/parks/16/queue_times.json
2026-08-13T17:15:31.547Z,2026-08-13 10:15:31,2026-08-13,America/Los_Angeles,disneyland,Disneyland,Frontierland,679,Frontierland Shootin' Exposition,FALSE,0,2026-08-13T17:10:32.000Z,2026-08-13 10:10:32,https://queue-times.com/parks/16/queue_times.json
2026-08-13T17:15:31.547Z,2026-08-13 10:15:31,2026-08-13,America/Los_Angeles,disneyland,Disneyland,Frontierland,456,Mark Twain Riverboat,TRUE,10,2026-08-13T17:10:32.000Z,2026-08-13 10:10:32,https://queue-times.com/parks/16/queue_times.json
2026-08-13T17:15:31.547Z,2026-08-13 10:15:31,2026-08-13,America/Los_Angeles,disneyland,Disneyland,Frontierland,331,Pirate's Lair on Tom Sawyer Island,TRUE,5,2026-08-13T17:10:32.000Z,2026-08-13 10:10:32,https://queue-times.com/parks/16/queue_times.json
2026-08-13T17:15:31.547Z,2026-08-13 10:15:31,2026-08-13,America/Los_Angeles,disneyland,Disneyland,Frontierland,328,Sailing Ship Columbia,FALSE,0,2026-08-13T17:10:32.000Z,2026-08-13 10:10:32,https://queue-times.com/parks/16/queue_times.json
2026-08-13T17:15:31.547Z,2026-08-13 10:15:31,2026-08-13,America/Los_Angeles,disneyland,Disneyland,Main Street U.S.A,674,Disneyland Railroad,TRUE,5,2026-08-13T17:10:32.000Z,2026-08-13 10:10:32,https://queue-times.com/parks/16/queue_times.json
2026-08-13T17:15:31.547Z,2026-08-13 10:15:31,2026-08-13,America/Los_Angeles,disneyland,Disneyland,Main Street U.S.A,690,Great Moments with Mr. Lincoln,TRUE,0,2026-08-13T17:10:32.000Z,2026-08-13 10:10:32,https://queue-times.com/parks/16/queue_times.json
2026-08-13T17:15:31.547Z,2026-08-13 10:15:31,2026-08-13,America/Los_Angeles,disneyland,Disneyland,Main Street U.S.A,686,Main Street Cinema,FALSE,0,2026-08-13T17:10:32.000Z,2026-08-13 10:10:32,https://queue-times.com/parks/16/queue_times.json
2026-08-13T17:15:31.547Z,2026-08-13 10:15:31,2026-08-13,America/Los_Angeles,disneyland,Disneyland,Main Street U.S.A,691,Main Street Vehicles,TRUE,0,2026-08-13T17:10:32.000Z,2026-08-13 10:10:32,https://queue-times.com/parks/16/queue_times.json
2026-08-13T17:15:31.547Z,2026-08-13 10:15:31,2026-08-13,America/Los_Angeles,disneyland,Disneyland,Main Street U.S.A,14915,Opera House - Walt Disney - A Magical Life,TRUE,0,2026-08-13T17:10:32.000Z,2026-08-13 10:10:32,https://queue-times.com/parks/16/queue_times.json
2026-08-13T17:15:31.547Z,2026-08-13 10:15:31,2026-08-13,America/Los_Angeles,disneyland,Disneyland,Main Street U.S.A,695,The Disney Gallery,TRUE,0,2026-08-13T17:10:32.000Z,2026-08-13 10:10:32,https://queue-times.com/parks/16/queue_times.json
2026-08-13T17:15:31.547Z,2026-08-13 10:15:31,2026-08-13,America/Los_Angeles,disneyland,Disneyland,Main Street U.S.A,14923,Walt Disney - A Magical Life,FALSE,0,2026-08-13T17:10:32.000Z,2026-08-13 10:10:32,https://queue-times.com/parks/16/queue_times.json
2026-08-13T17:15:31.547Z,2026-08-13 10:15:31,2026-08-13,America/Los_Angeles,disneyland,Disneyland,Mickey's Toontown,324,Chip 'n' Dale's GADGETcoaster,TRUE,5,2026-08-13T17:10:32.000Z,2026-08-13 10:10:32,https://queue-times.com/parks/16/queue_times.json
2026-08-13T17:15:31.547Z,2026-08-13 10:15:31,2026-08-13,America/Los_Angeles,disneyland,Disneyland,Mickey's Toontown,13814,Donald's Duck Pond,TRUE,0,2026-08-13T17:10:32.000Z,2026-08-13 10:10:32,https://queue-times.com/parks/16/queue_times.json
2026-08-13T17:15:31.547Z,2026-08-13 10:15:31,2026-08-13,America/Los_Angeles,disneyland,Disneyland,Mickey's Toontown,11980,Goofy's How-to-Play Yard,TRUE,0,2026-08-13T17:10:32.000Z,2026-08-13 10:10:32,https://queue-times.com/parks/16/queue_times.json
2026-08-13T17:15:31.547Z,2026-08-13 10:15:31,2026-08-13,America/Los_Angeles,disneyland,Disneyland,Mickey's Toontown,11526,Mickey & Minnie's Runaway Railway,TRUE,30,2026-08-13T17:10:32.000Z,2026-08-13 10:10:32,https://queue-times.com/parks/16/queue_times.json
2026-08-13T17:15:31.547Z,2026-08-13 10:15:31,2026-08-13,America/Los_Angeles,disneyland,Disneyland,Mickey's Toontown,709,Mickey's House and Meet Mickey Mouse,TRUE,15,2026-08-13T17:10:32.000Z,2026-08-13 10:10:32,https://queue-times.com/parks/16/queue_times.json
2026-08-13T17:15:31.547Z,2026-08-13 10:15:31,2026-08-13,America/Los_Angeles,disneyland,Disneyland,Mickey's Toontown,327,Mickey's House and Meet Mickey Mouse,FALSE,0,2026-08-13T17:10:32.000Z,2026-08-13 10:10:32,https://queue-times.com/parks/16/queue_times.json
2026-08-13T17:15:31.547Z,2026-08-13 10:15:31,2026-08-13,America/Los_Angeles,disneyland,Disneyland,Mickey's Toontown,684,Minnie's House,TRUE,0,2026-08-13T17:10:32.000Z,2026-08-13 10:10:32,https://queue-times.com/parks/16/queue_times.json
2026-08-13T17:15:31.547Z,2026-08-13 10:15:31,2026-08-13,America/Los_Angeles,disneyland,Disneyland,Mickey's Toontown,332,Roger Rabbit's Car Toon Spin,TRUE,20,2026-08-13T17:10:32.000Z,2026-08-13 10:10:32,https://queue-times.com/parks/16/queue_times.json
2026-08-13T17:15:31.547Z,2026-08-13 10:15:31,2026-08-13,America/Los_Angeles,disneyland,Disneyland,New Orleans Square,13958,Haunted Mansion,FALSE,0,2026-08-13T17:10:32.000Z,2026-08-13 10:10:32,https://queue-times.com/parks/16/queue_times.json
2026-08-13T17:15:31.547Z,2026-08-13 10:15:31,2026-08-13,America/Los_Angeles,disneyland,Disneyland,New Orleans Square,289,Pirates of the Caribbean,TRUE,30,2026-08-13T17:10:32.000Z,2026-08-13 10:10:32,https://queue-times.com/parks/16/queue_times.json
2026-08-13T17:15:31.547Z,2026-08-13 10:15:31,2026-08-13,America/Los_Angeles,disneyland,Disneyland,Star Wars: Galaxy's Edge,6339,Millennium Falcon: Smugglers Run,TRUE,20,2026-08-13T17:10:32.000Z,2026-08-13 10:10:32,https://queue-times.com/parks/16/queue_times.json
2026-08-13T17:15:31.547Z,2026-08-13 10:15:31,2026-08-13,America/Los_Angeles,disneyland,Disneyland,Star Wars: Galaxy's Edge,10903,Millennium Falcon: Smugglers Run Single Rider,TRUE,0,2026-08-13T17:10:32.000Z,2026-08-13 10:10:32,https://queue-times.com/parks/16/queue_times.json
2026-08-13T17:15:31.547Z,2026-08-13 10:15:31,2026-08-13,America/Los_Angeles,disneyland,Disneyland,Star Wars: Galaxy's Edge,6340,Star Wars: Rise of the Resistance,TRUE,30,2026-08-13T17:10:32.000Z,2026-08-13 10:10:32,https://queue-times.com/parks/16/queue_times.json
2026-08-13T17:15:31.547Z,2026-08-13 10:15:31,2026-08-13,America/Los_Angeles,disneyland,Disneyland,Tomorrowland,287,Astro Orbitor,TRUE,15,2026-08-13T17:10:32.000Z,2026-08-13 10:10:32,https://queue-times.com/parks/16/queue_times.json
2026-08-13T17:15:31.547Z,2026-08-13 10:15:31,2026-08-13,America/Los_Angeles,disneyland,Disneyland,Tomorrowland,317,Autopia,TRUE,15,2026-08-13T17:10:32.000Z,2026-08-13 10:10:32,https://queue-times.com/parks/16/queue_times.json
2026-08-13T17:15:31.547Z,2026-08-13 10:15:31,2026-08-13,America/Los_Angeles,disneyland,Disneyland,Tomorrowland,273,Buzz Lightyear Astro Blasters,TRUE,15,2026-08-13T17:10:32.000Z,2026-08-13 10:10:32,https://queue-times.com/parks/16/queue_times.json
2026-08-13T17:15:31.547Z,2026-08-13 10:15:31,2026-08-13,America/Los_Angeles,disneyland,Disneyland,Tomorrowland,274,Disneyland Monorail,TRUE,5,2026-08-13T17:10:32.000Z,2026-08-13 10:10:32,https://queue-times.com/parks/16/queue_times.json
2026-08-13T17:15:31.547Z,2026-08-13 10:15:31,2026-08-13,America/Los_Angeles,disneyland,Disneyland,Tomorrowland,276,Finding Nemo Submarine Voyage,TRUE,10,2026-08-13T17:10:32.000Z,2026-08-13 10:10:32,https://queue-times.com/parks/16/queue_times.json
2026-08-13T17:15:31.547Z,2026-08-13 10:15:31,2026-08-13,America/Los_Angeles,disneyland,Disneyland,Tomorrowland,16627,Pixar Short Film Spotlight,FALSE,0,2026-08-13T17:10:32.000Z,2026-08-13 10:10:32,https://queue-times.com/parks/16/queue_times.json
2026-08-13T17:15:31.547Z,2026-08-13 10:15:31,2026-08-13,America/Los_Angeles,disneyland,Disneyland,Tomorrowland,284,Space Mountain,TRUE,45,2026-08-13T17:10:32.000Z,2026-08-13 10:10:32,https://queue-times.com/parks/16/queue_times.json
2026-08-13T17:15:31.547Z,2026-08-13 10:15:31,2026-08-13,America/Los_Angeles,disneyland,Disneyland,Tomorrowland,286,Star Tours - The Adventures Continue,TRUE,10,2026-08-13T17:10:32.000Z,2026-08-13 10:10:32,https://queue-times.com/parks/16/queue_times.json
2026-08-13T17:15:31.547Z,2026-08-13 10:15:31,2026-08-13,America/Los_Angeles,dca,Disney California Adventure,Avengers Campus,329,Guardians of the Galaxy - Mission: BREAKOUT!,TRUE,30,2026-08-13T17:10:37.000Z,2026-08-13 10:10:37,https://queue-times.com/parks/17/queue_times.json
2026-08-13T17:15:31.547Z,2026-08-13 10:15:31,2026-08-13,America/Los_Angeles,dca,Disney California Adventure,Avengers Campus,8843,WEB SLINGERS: A Spider-Man Adventure,TRUE,30,2026-08-13T17:10:37.000Z,2026-08-13 10:10:37,https://queue-times.com/parks/17/queue_times.json
2026-08-13T17:15:31.547Z,2026-08-13 10:15:31,2026-08-13,America/Los_Angeles,dca,Disney California Adventure,Avengers Campus,10907,WEB SLINGERS: A Spider-Man Adventure Single Rider,TRUE,0,2026-08-13T17:10:37.000Z,2026-08-13 10:10:37,https://queue-times.com/parks/17/queue_times.json
2026-08-13T17:15:31.547Z,2026-08-13 10:15:31,2026-08-13,America/Los_Angeles,dca,Disney California Adventure,Cars Land,13961,Luigi's Rollickin' Roadsters,TRUE,10,2026-08-13T17:10:37.000Z,2026-08-13 10:10:37,https://queue-times.com/parks/17/queue_times.json
2026-08-13T17:15:31.547Z,2026-08-13 10:15:31,2026-08-13,America/Los_Angeles,dca,Disney California Adventure,Cars Land,315,Mater's Junkyard Jamboree,TRUE,20,2026-08-13T17:10:37.000Z,2026-08-13 10:10:37,https://queue-times.com/parks/17/queue_times.json
2026-08-13T17:15:31.547Z,2026-08-13 10:15:31,2026-08-13,America/Los_Angeles,dca,Disney California Adventure,Cars Land,295,Radiator Springs Racers,TRUE,75,2026-08-13T17:10:37.000Z,2026-08-13 10:10:37,https://queue-times.com/parks/17/queue_times.json
2026-08-13T17:15:31.547Z,2026-08-13 10:15:31,2026-08-13,America/Los_Angeles,dca,Disney California Adventure,Cars Land,10904,Radiator Springs Racers Single Rider,TRUE,0,2026-08-13T17:10:37.000Z,2026-08-13 10:10:37,https://queue-times.com/parks/17/queue_times.json
2026-08-13T17:15:31.547Z,2026-08-13 10:15:31,2026-08-13,America/Los_Angeles,dca,Disney California Adventure,Grizzly Peak,302,Grizzly River Run,FALSE,0,2026-08-13T17:10:37.000Z,2026-08-13 10:10:37,https://queue-times.com/parks/17/queue_times.json
2026-08-13T17:15:31.547Z,2026-08-13 10:15:31,2026-08-13,America/Los_Angeles,dca,Disney California Adventure,Grizzly Peak,293,Redwood Creek Challenge Trail,FALSE,0,2026-08-13T17:10:37.000Z,2026-08-13 10:10:37,https://queue-times.com/parks/17/queue_times.json
2026-08-13T17:15:31.547Z,2026-08-13 10:15:31,2026-08-13,America/Los_Angeles,dca,Disney California Adventure,Grizzly Peak,17129,Soarin’ Across America,TRUE,30,2026-08-13T17:10:37.000Z,2026-08-13 10:10:37,https://queue-times.com/parks/17/queue_times.json
2026-08-13T17:15:31.547Z,2026-08-13 10:15:31,2026-08-13,America/Los_Angeles,dca,Disney California Adventure,Hollywood Land,321,Animation Academy,TRUE,0,2026-08-13T17:10:37.000Z,2026-08-13 10:10:37,https://queue-times.com/parks/17/queue_times.json
2026-08-13T17:15:31.547Z,2026-08-13 10:15:31,2026-08-13,America/Los_Angeles,dca,Disney California Adventure,Hollywood Land,6440,Mickey's PhilharMagic,TRUE,10,2026-08-13T17:10:37.000Z,2026-08-13 10:10:37,https://queue-times.com/parks/17/queue_times.json
2026-08-13T17:15:31.547Z,2026-08-13 10:15:31,2026-08-13,America/Los_Angeles,dca,Disney California Adventure,Hollywood Land,291,"Monsters, Inc. Mike & Sulley to the Rescue!",TRUE,15,2026-08-13T17:10:37.000Z,2026-08-13 10:10:37,https://queue-times.com/parks/17/queue_times.json
2026-08-13T17:15:31.547Z,2026-08-13 10:15:31,2026-08-13,America/Los_Angeles,dca,Disney California Adventure,Hollywood Land,868,Sorcerer's Workshop,TRUE,0,2026-08-13T17:10:37.000Z,2026-08-13 10:10:37,https://queue-times.com/parks/17/queue_times.json
2026-08-13T17:15:31.547Z,2026-08-13 10:15:31,2026-08-13,America/Los_Angeles,dca,Disney California Adventure,Hollywood Land,294,Turtle Talk with Crush,TRUE,0,2026-08-13T17:10:37.000Z,2026-08-13 10:10:37,https://queue-times.com/parks/17/queue_times.json
2026-08-13T17:15:31.547Z,2026-08-13 10:15:31,2026-08-13,America/Los_Angeles,dca,Disney California Adventure,Pacific Wharf,869,The Bakery Tour,TRUE,0,2026-08-13T17:10:37.000Z,2026-08-13 10:10:37,https://queue-times.com/parks/17/queue_times.json
2026-08-13T17:15:31.547Z,2026-08-13 10:15:31,2026-08-13,America/Los_Angeles,dca,Disney California Adventure,Paradise Gardens Park,298,Golden Zephyr,TRUE,5,2026-08-13T17:10:37.000Z,2026-08-13 10:10:37,https://queue-times.com/parks/17/queue_times.json
2026-08-13T17:15:31.547Z,2026-08-13 10:15:31,2026-08-13,America/Los_Angeles,dca,Disney California Adventure,Paradise Gardens Park,319,Goofy's Sky School,TRUE,10,2026-08-13T17:10:37.000Z,2026-08-13 10:10:37,https://queue-times.com/parks/17/queue_times.json
2026-08-13T17:15:31.547Z,2026-08-13 10:15:31,2026-08-13,America/Los_Angeles,dca,Disney California Adventure,Paradise Gardens Park,301,Silly Symphony Swings,FALSE,0,2026-08-13T17:10:37.000Z,2026-08-13 10:10:37,https://queue-times.com/parks/17/queue_times.json
2026-08-13T17:15:31.547Z,2026-08-13 10:15:31,2026-08-13,America/Los_Angeles,dca,Disney California Adventure,Paradise Gardens Park,316,The Little Mermaid - Ariel's Undersea Adventure,TRUE,5,2026-08-13T17:10:37.000Z,2026-08-13 10:10:37,https://queue-times.com/parks/17/queue_times.json
2026-08-13T17:15:31.547Z,2026-08-13 10:15:31,2026-08-13,America/Los_Angeles,dca,Disney California Adventure,Paradise Gardens Park,11528,World of Color – ONE,FALSE,0,2026-08-13T17:10:37.000Z,2026-08-13 10:10:37,https://queue-times.com/parks/17/queue_times.json
2026-08-13T17:15:31.547Z,2026-08-13 10:15:31,2026-08-13,America/Los_Angeles,dca,Disney California Adventure,Paradise Gardens Park,14742,World of Color Happiness!,FALSE,0,2026-08-10T07:05:45.000Z,2026-08-10 00:05:45,https://queue-times.com/parks/17/queue_times.json
2026-08-13T17:15:31.547Z,2026-08-13 10:15:31,2026-08-13,America/Los_Angeles,dca,Disney California Adventure,Pixar Pier,866,Games of Pixar Pier,TRUE,5,2026-08-13T17:10:37.000Z,2026-08-13 10:10:37,https://queue-times.com/parks/17/queue_times.json
2026-08-13T17:15:31.547Z,2026-08-13 10:15:31,2026-08-13,America/Los_Angeles,dca,Disney California Adventure,Pixar Pier,322,Incredicoaster,TRUE,20,2026-08-13T17:10:37.000Z,2026-08-13 10:10:37,https://queue-times.com/parks/17/queue_times.json
2026-08-13T17:15:31.547Z,2026-08-13 10:15:31,2026-08-13,America/Los_Angeles,dca,Disney California Adventure,Pixar Pier,10906,Incredicoaster Single Rider,TRUE,0,2026-08-13T17:10:37.000Z,2026-08-13 10:10:37,https://queue-times.com/parks/17/queue_times.json
2026-08-13T17:15:31.547Z,2026-08-13 10:15:31,2026-08-13,America/Los_Angeles,dca,Disney California Adventure,Pixar Pier,6643,Inside Out Emotional Whirlwind,TRUE,5,2026-08-13T17:10:37.000Z,2026-08-13 10:10:37,https://queue-times.com/parks/17/queue_times.json
2026-08-13T17:15:31.547Z,2026-08-13 10:15:31,2026-08-13,America/Los_Angeles,dca,Disney California Adventure,Pixar Pier,310,Jessie's Critter Carousel,TRUE,5,2026-08-13T17:10:37.000Z,2026-08-13 10:10:37,https://queue-times.com/parks/17/queue_times.json
2026-08-13T17:15:31.547Z,2026-08-13 10:15:31,2026-08-13,America/Los_Angeles,dca,Disney California Adventure,Pixar Pier,300,Jumpin' Jellyfish,TRUE,5,2026-08-13T17:10:37.000Z,2026-08-13 10:10:37,https://queue-times.com/parks/17/queue_times.json
2026-08-13T17:15:31.547Z,2026-08-13 10:15:31,2026-08-13,America/Los_Angeles,dca,Disney California Adventure,Pixar Pier,311,Pixar Pal-A-Round - Swinging,TRUE,15,2026-08-13T17:10:37.000Z,2026-08-13 10:10:37,https://queue-times.com/parks/17/queue_times.json
2026-08-13T17:15:31.547Z,2026-08-13 10:15:31,2026-08-13,America/Los_Angeles,dca,Disney California Adventure,Pixar Pier,5557,Pixar Pal-A-Round – Non-Swinging,TRUE,10,2026-08-13T17:10:37.000Z,2026-08-13 10:10:37,https://queue-times.com/parks/17/queue_times.json
2026-08-13T17:15:31.547Z,2026-08-13 10:15:31,2026-08-13,America/Los_Angeles,dca,Disney California Adventure,Pixar Pier,313,Toy Story Midway Mania!,TRUE,40,2026-08-13T17:10:37.000Z,2026-08-13 10:10:37,https://queue-times.com/parks/17/queue_times.json
2026-08-13T17:23:43.353Z,2026-08-13 10:23:43,2026-08-13,America/Los_Angeles,disneyland,Disneyland,Adventureland,12428,Adventureland Treehouse inspired by Walt Disney’s Swiss Family Robinson,TRUE,0,2026-08-13T17:20:34.000Z,2026-08-13 10:20:34,https://queue-times.com/parks/16/queue_times.json
2026-08-13T17:23:43.353Z,2026-08-13 10:23:43,2026-08-13,America/Los_Angeles,disneyland,Disneyland,Adventureland,326,Indiana Jones™ Adventure,TRUE,45,2026-08-13T17:20:34.000Z,2026-08-13 10:20:34,https://queue-times.com/parks/16/queue_times.json
2026-08-13T17:23:43.353Z,2026-08-13 10:23:43,2026-08-13,America/Los_Angeles,disneyland,Disneyland,Adventureland,296,Jungle Cruise,TRUE,20,2026-08-13T17:20:34.000Z,2026-08-13 10:20:34,https://queue-times.com/parks/16/queue_times.json
2026-08-13T17:23:43.353Z,2026-08-13 10:23:43,2026-08-13,America/Los_Angeles,disneyland,Disneyland,Adventureland,288,Walt Disney's Enchanted Tiki Room,TRUE,0,2026-08-13T17:20:34.000Z,2026-08-13 10:20:34,https://queue-times.com/parks/16/queue_times.json
2026-08-13T17:23:43.353Z,2026-08-13 10:23:43,2026-08-13,America/Los_Angeles,disneyland,Disneyland,Bayou Country,304,Davy Crockett's Explorer Canoes,FALSE,0,2026-08-13T17:20:34.000Z,2026-08-13 10:20:34,https://queue-times.com/parks/16/queue_times.json
2026-08-13T17:23:43.353Z,2026-08-13 10:23:43,2026-08-13,America/Los_Angeles,disneyland,Disneyland,Bayou Country,306,The Many Adventures of Winnie the Pooh,TRUE,5,2026-08-13T17:20:34.000Z,2026-08-13 10:20:34,https://queue-times.com/parks/16/queue_times.json
2026-08-13T17:23:43.353Z,2026-08-13 10:23:43,2026-08-13,America/Los_Angeles,disneyland,Disneyland,Bayou Country,14168,Tiana's Bayou Adventure,TRUE,25,2026-08-13T17:20:34.000Z,2026-08-13 10:20:34,https://queue-times.com/parks/16/queue_times.json
2026-08-13T17:23:43.353Z,2026-08-13 10:23:43,2026-08-13,America/Los_Angeles,disneyland,Disneyland,Bayou Country,14326,Tiana's Bayou Adventure Single Rider,TRUE,0,2026-08-13T17:20:34.000Z,2026-08-13 10:20:34,https://queue-times.com/parks/16/queue_times.json
2026-08-13T17:23:43.353Z,2026-08-13 10:23:43,2026-08-13,America/Los_Angeles,disneyland,Disneyland,Fantasyland,307,"""it's a small world""",TRUE,5,2026-08-13T17:20:34.000Z,2026-08-13 10:20:34,https://queue-times.com/parks/16/queue_times.json
2026-08-13T17:23:43.353Z,2026-08-13 10:23:43,2026-08-13,America/Los_Angeles,disneyland,Disneyland,Fantasyland,285,Alice in Wonderland,TRUE,20,2026-08-13T17:20:34.000Z,2026-08-13 10:20:34,https://queue-times.com/parks/16/queue_times.json
2026-08-13T17:23:43.353Z,2026-08-13 10:23:43,2026-08-13,America/Los_Angeles,disneyland,Disneyland,Fantasyland,16254,Bluey’s Best Day Ever! at Fantasyland Theatre,TRUE,0,2026-08-13T17:20:34.000Z,2026-08-13 10:20:34,https://queue-times.com/parks/16/queue_times.json
2026-08-13T17:23:43.353Z,2026-08-13 10:23:43,2026-08-13,America/Los_Angeles,disneyland,Disneyland,Fantasyland,303,Casey Jr. Circus Train,TRUE,10,2026-08-13T17:20:34.000Z,2026-08-13 10:20:34,https://queue-times.com/parks/16/queue_times.json
2026-08-13T17:23:43.353Z,2026-08-13 10:23:43,2026-08-13,America/Los_Angeles,disneyland,Disneyland,Fantasyland,275,Dumbo the Flying Elephant,TRUE,25,2026-08-13T17:20:34.000Z,2026-08-13 10:20:34,https://queue-times.com/parks/16/queue_times.json
2026-08-13T17:23:43.353Z,2026-08-13 10:23:43,2026-08-13,America/Los_Angeles,disneyland,Disneyland,Fantasyland,277,King Arthur Carrousel,TRUE,5,2026-08-13T17:20:34.000Z,2026-08-13 10:20:34,https://queue-times.com/parks/16/queue_times.json
2026-08-13T17:23:43.353Z,2026-08-13 10:23:43,2026-08-13,America/Los_Angeles,disneyland,Disneyland,Fantasyland,278,Mad Tea Party,TRUE,5,2026-08-13T17:20:34.000Z,2026-08-13 10:20:34,https://queue-times.com/parks/16/queue_times.json
2026-08-13T17:23:43.353Z,2026-08-13 10:23:43,2026-08-13,America/Los_Angeles,disneyland,Disneyland,Fantasyland,279,Matterhorn Bobsleds,FALSE,0,2026-08-13T17:20:34.000Z,2026-08-13 10:20:34,https://queue-times.com/parks/16/queue_times.json
2026-08-13T17:23:43.353Z,2026-08-13 10:23:43,2026-08-13,America/Los_Angeles,disneyland,Disneyland,Fantasyland,6711,Meet Disney Princesses at Royal Hall,TRUE,0,2026-08-13T17:20:34.000Z,2026-08-13 10:20:34,https://queue-times.com/parks/16/queue_times.json
2026-08-13T17:23:43.353Z,2026-08-13 10:23:43,2026-08-13,America/Los_Angeles,disneyland,Disneyland,Fantasyland,280,Mr. Toad's Wild Ride,TRUE,20,2026-08-13T17:20:34.000Z,2026-08-13 10:20:34,https://queue-times.com/parks/16/queue_times.json
2026-08-13T17:23:43.353Z,2026-08-13 10:23:43,2026-08-13,America/Los_Angeles,disneyland,Disneyland,Fantasyland,281,Peter Pan's Flight,TRUE,25,2026-08-13T17:20:34.000Z,2026-08-13 10:20:34,https://queue-times.com/parks/16/queue_times.json
2026-08-13T17:23:43.353Z,2026-08-13 10:23:43,2026-08-13,America/Los_Angeles,disneyland,Disneyland,Fantasyland,282,Pinocchio's Daring Journey,TRUE,5,2026-08-13T17:20:34.000Z,2026-08-13 10:20:34,https://queue-times.com/parks/16/queue_times.json
2026-08-13T17:23:43.353Z,2026-08-13 10:23:43,2026-08-13,America/Los_Angeles,disneyland,Disneyland,Fantasyland,687,Sleeping Beauty Castle Walkthrough,FALSE,0,2026-08-13T17:20:34.000Z,2026-08-13 10:20:34,https://queue-times.com/parks/16/queue_times.json
2026-08-13T17:23:43.353Z,2026-08-13 10:23:43,2026-08-13,America/Los_Angeles,disneyland,Disneyland,Fantasyland,283,Snow White's Enchanted Wish,TRUE,15,2026-08-13T17:20:34.000Z,2026-08-13 10:20:34,https://queue-times.com/parks/16/queue_times.json
2026-08-13T17:23:43.353Z,2026-08-13 10:23:43,2026-08-13,America/Los_Angeles,disneyland,Disneyland,Fantasyland,305,Storybook Land Canal Boats,TRUE,10,2026-08-13T17:20:34.000Z,2026-08-13 10:20:34,https://queue-times.com/parks/16/queue_times.json
2026-08-13T17:23:43.353Z,2026-08-13 10:23:43,2026-08-13,America/Los_Angeles,disneyland,Disneyland,Frontierland,323,Big Thunder Mountain Railroad,FALSE,0,2026-08-13T17:20:34.000Z,2026-08-13 10:20:34,https://queue-times.com/parks/16/queue_times.json
2026-08-13T17:23:43.353Z,2026-08-13 10:23:43,2026-08-13,America/Los_Angeles,disneyland,Disneyland,Frontierland,679,Frontierland Shootin' Exposition,FALSE,0,2026-08-13T17:20:34.000Z,2026-08-13 10:20:34,https://queue-times.com/parks/16/queue_times.json
2026-08-13T17:23:43.353Z,2026-08-13 10:23:43,2026-08-13,America/Los_Angeles,disneyland,Disneyland,Frontierland,456,Mark Twain Riverboat,TRUE,10,2026-08-13T17:20:34.000Z,2026-08-13 10:20:34,https://queue-times.com/parks/16/queue_times.json
2026-08-13T17:23:43.353Z,2026-08-13 10:23:43,2026-08-13,America/Los_Angeles,disneyland,Disneyland,Frontierland,331,Pirate's Lair on Tom Sawyer Island,TRUE,5,2026-08-13T17:20:34.000Z,2026-08-13 10:20:34,https://queue-times.com/parks/16/queue_times.json
2026-08-13T17:23:43.353Z,2026-08-13 10:23:43,2026-08-13,America/Los_Angeles,disneyland,Disneyland,Frontierland,328,Sailing Ship Columbia,FALSE,0,2026-08-13T17:20:34.000Z,2026-08-13 10:20:34,https://queue-times.com/parks/16/queue_times.json
2026-08-13T17:23:43.353Z,2026-08-13 10:23:43,2026-08-13,America/Los_Angeles,disneyland,Disneyland,Main Street U.S.A,674,Disneyland Railroad,TRUE,5,2026-08-13T17:20:34.000Z,2026-08-13 10:20:34,https://queue-times.com/parks/16/queue_times.json
2026-08-13T17:23:43.353Z,2026-08-13 10:23:43,2026-08-13,America/Los_Angeles,disneyland,Disneyland,Main Street U.S.A,690,Great Moments with Mr. Lincoln,TRUE,0,2026-08-13T17:20:34.000Z,2026-08-13 10:20:34,https://queue-times.com/parks/16/queue_times.json
2026-08-13T17:23:43.353Z,2026-08-13 10:23:43,2026-08-13,America/Los_Angeles,disneyland,Disneyland,Main Street U.S.A,686,Main Street Cinema,FALSE,0,2026-08-13T17:20:34.000Z,2026-08-13 10:20:34,https://queue-times.com/parks/16/queue_times.json
2026-08-13T17:23:43.353Z,2026-08-13 10:23:43,2026-08-13,America/Los_Angeles,disneyland,Disneyland,Main Street U.S.A,691,Main Street Vehicles,TRUE,0,2026-08-13T17:20:34.000Z,2026-08-13 10:20:34,https://queue-times.com/parks/16/queue_times.json
2026-08-13T17:23:43.353Z,2026-08-13 10:23:43,2026-08-13,America/Los_Angeles,disneyland,Disneyland,Main Street U.S.A,14915,Opera House - Walt Disney - A Magical Life,TRUE,0,2026-08-13T17:20:34.000Z,2026-08-13 10:20:34,https://queue-times.com/parks/16/queue_times.json
2026-08-13T17:23:43.353Z,2026-08-13 10:23:43,2026-08-13,America/Los_Angeles,disneyland,Disneyland,Main Street U.S.A,695,The Disney Gallery,TRUE,0,2026-08-13T17:20:34.000Z,2026-08-13 10:20:34,https://queue-times.com/parks/16/queue_times.json
2026-08-13T17:23:43.353Z,2026-08-13 10:23:43,2026-08-13,America/Los_Angeles,disneyland,Disneyland,Main Street U.S.A,14923,Walt Disney - A Magical Life,FALSE,0,2026-08-13T17:20:34.000Z,2026-08-13 10:20:34,https://queue-times.com/parks/16/queue_times.json
2026-08-13T17:23:43.353Z,2026-08-13 10:23:43,2026-08-13,America/Los_Angeles,disneyland,Disneyland,Mickey's Toontown,324,Chip 'n' Dale's GADGETcoaster,TRUE,10,2026-08-13T17:20:34.000Z,2026-08-13 10:20:34,https://queue-times.com/parks/16/queue_times.json
2026-08-13T17:23:43.353Z,2026-08-13 10:23:43,2026-08-13,America/Los_Angeles,disneyland,Disneyland,Mickey's Toontown,13814,Donald's Duck Pond,TRUE,0,2026-08-13T17:20:34.000Z,2026-08-13 10:20:34,https://queue-times.com/parks/16/queue_times.json
2026-08-13T17:23:43.353Z,2026-08-13 10:23:43,2026-08-13,America/Los_Angeles,disneyland,Disneyland,Mickey's Toontown,11980,Goofy's How-to-Play Yard,TRUE,0,2026-08-13T17:20:34.000Z,2026-08-13 10:20:34,https://queue-times.com/parks/16/queue_times.json
2026-08-13T17:23:43.353Z,2026-08-13 10:23:43,2026-08-13,America/Los_Angeles,disneyland,Disneyland,Mickey's Toontown,11526,Mickey & Minnie's Runaway Railway,TRUE,15,2026-08-13T17:20:34.000Z,2026-08-13 10:20:34,https://queue-times.com/parks/16/queue_times.json
2026-08-13T17:23:43.353Z,2026-08-13 10:23:43,2026-08-13,America/Los_Angeles,disneyland,Disneyland,Mickey's Toontown,709,Mickey's House and Meet Mickey Mouse,TRUE,15,2026-08-13T17:20:34.000Z,2026-08-13 10:20:34,https://queue-times.com/parks/16/queue_times.json
2026-08-13T17:23:43.353Z,2026-08-13 10:23:43,2026-08-13,America/Los_Angeles,disneyland,Disneyland,Mickey's Toontown,327,Mickey's House and Meet Mickey Mouse,FALSE,0,2026-08-13T17:20:34.000Z,2026-08-13 10:20:34,https://queue-times.com/parks/16/queue_times.json
2026-08-13T17:23:43.353Z,2026-08-13 10:23:43,2026-08-13,America/Los_Angeles,disneyland,Disneyland,Mickey's Toontown,684,Minnie's House,TRUE,0,2026-08-13T17:20:34.000Z,2026-08-13 10:20:34,https://queue-times.com/parks/16/queue_times.json
2026-08-13T17:23:43.353Z,2026-08-13 10:23:43,2026-08-13,America/Los_Angeles,disneyland,Disneyland,Mickey's Toontown,332,Roger Rabbit's Car Toon Spin,TRUE,45,2026-08-13T17:20:34.000Z,2026-08-13 10:20:34,https://queue-times.com/parks/16/queue_times.json
2026-08-13T17:23:43.353Z,2026-08-13 10:23:43,2026-08-13,America/Los_Angeles,disneyland,Disneyland,New Orleans Square,13958,Haunted Mansion,FALSE,0,2026-08-13T17:20:34.000Z,2026-08-13 10:20:34,https://queue-times.com/parks/16/queue_times.json
2026-08-13T17:23:43.353Z,2026-08-13 10:23:43,2026-08-13,America/Los_Angeles,disneyland,Disneyland,New Orleans Square,289,Pirates of the Caribbean,TRUE,30,2026-08-13T17:20:34.000Z,2026-08-13 10:20:34,https://queue-times.com/parks/16/queue_times.json
2026-08-13T17:23:43.353Z,2026-08-13 10:23:43,2026-08-13,America/Los_Angeles,disneyland,Disneyland,Star Wars: Galaxy's Edge,6339,Millennium Falcon: Smugglers Run,TRUE,20,2026-08-13T17:20:34.000Z,2026-08-13 10:20:34,https://queue-times.com/parks/16/queue_times.json
2026-08-13T17:23:43.353Z,2026-08-13 10:23:43,2026-08-13,America/Los_Angeles,disneyland,Disneyland,Star Wars: Galaxy's Edge,10903,Millennium Falcon: Smugglers Run Single Rider,TRUE,0,2026-08-13T17:20:34.000Z,2026-08-13 10:20:34,https://queue-times.com/parks/16/queue_times.json
2026-08-13T17:23:43.353Z,2026-08-13 10:23:43,2026-08-13,America/Los_Angeles,disneyland,Disneyland,Star Wars: Galaxy's Edge,6340,Star Wars: Rise of the Resistance,TRUE,35,2026-08-13T17:20:34.000Z,2026-08-13 10:20:34,https://queue-times.com/parks/16/queue_times.json
2026-08-13T17:23:43.353Z,2026-08-13 10:23:43,2026-08-13,America/Los_Angeles,disneyland,Disneyland,Tomorrowland,287,Astro Orbitor,TRUE,15,2026-08-13T17:20:34.000Z,2026-08-13 10:20:34,https://queue-times.com/parks/16/queue_times.json
2026-08-13T17:23:43.353Z,2026-08-13 10:23:43,2026-08-13,America/Los_Angeles,disneyland,Disneyland,Tomorrowland,317,Autopia,TRUE,25,2026-08-13T17:20:34.000Z,2026-08-13 10:20:34,https://queue-times.com/parks/16/queue_times.json
2026-08-13T17:23:43.353Z,2026-08-13 10:23:43,2026-08-13,America/Los_Angeles,disneyland,Disneyland,Tomorrowland,273,Buzz Lightyear Astro Blasters,TRUE,15,2026-08-13T17:20:34.000Z,2026-08-13 10:20:34,https://queue-times.com/parks/16/queue_times.json
2026-08-13T17:23:43.353Z,2026-08-13 10:23:43,2026-08-13,America/Los_Angeles,disneyland,Disneyland,Tomorrowland,274,Disneyland Monorail,TRUE,5,2026-08-13T17:20:34.000Z,2026-08-13 10:20:34,https://queue-times.com/parks/16/queue_times.json
2026-08-13T17:23:43.353Z,2026-08-13 10:23:43,2026-08-13,America/Los_Angeles,disneyland,Disneyland,Tomorrowland,276,Finding Nemo Submarine Voyage,TRUE,15,2026-08-13T17:20:34.000Z,2026-08-13 10:20:34,https://queue-times.com/parks/16/queue_times.json
2026-08-13T17:23:43.353Z,2026-08-13 10:23:43,2026-08-13,America/Los_Angeles,disneyland,Disneyland,Tomorrowland,16627,Pixar Short Film Spotlight,FALSE,0,2026-08-13T17:20:34.000Z,2026-08-13 10:20:34,https://queue-times.com/parks/16/queue_times.json
2026-08-13T17:23:43.353Z,2026-08-13 10:23:43,2026-08-13,America/Los_Angeles,disneyland,Disneyland,Tomorrowland,284,Space Mountain,TRUE,45,2026-08-13T17:20:34.000Z,2026-08-13 10:20:34,https://queue-times.com/parks/16/queue_times.json
2026-08-13T17:23:43.353Z,2026-08-13 10:23:43,2026-08-13,America/Los_Angeles,disneyland,Disneyland,Tomorrowland,286,Star Tours - The Adventures Continue,TRUE,10,2026-08-13T17:20:34.000Z,2026-08-13 10:20:34,https://queue-times.com/parks/16/queue_times.json
2026-08-13T17:23:43.353Z,2026-08-13 10:23:43,2026-08-13,America/Los_Angeles,dca,Disney California Adventure,Avengers Campus,329,Guardians of the Galaxy - Mission: BREAKOUT!,TRUE,45,2026-08-13T17:20:40.000Z,2026-08-13 10:20:40,https://queue-times.com/parks/17/queue_times.json
2026-08-13T17:23:43.353Z,2026-08-13 10:23:43,2026-08-13,America/Los_Angeles,dca,Disney California Adventure,Avengers Campus,8843,WEB SLINGERS: A Spider-Man Adventure,TRUE,30,2026-08-13T17:20:40.000Z,2026-08-13 10:20:40,https://queue-times.com/parks/17/queue_times.json
2026-08-13T17:23:43.353Z,2026-08-13 10:23:43,2026-08-13,America/Los_Angeles,dca,Disney California Adventure,Avengers Campus,10907,WEB SLINGERS: A Spider-Man Adventure Single Rider,TRUE,0,2026-08-13T17:20:40.000Z,2026-08-13 10:20:40,https://queue-times.com/parks/17/queue_times.json
2026-08-13T17:23:43.353Z,2026-08-13 10:23:43,2026-08-13,America/Los_Angeles,dca,Disney California Adventure,Cars Land,13961,Luigi's Rollickin' Roadsters,TRUE,10,2026-08-13T17:20:40.000Z,2026-08-13 10:20:40,https://queue-times.com/parks/17/queue_times.json
2026-08-13T17:23:43.353Z,2026-08-13 10:23:43,2026-08-13,America/Los_Angeles,dca,Disney California Adventure,Cars Land,315,Mater's Junkyard Jamboree,TRUE,20,2026-08-13T17:20:40.000Z,2026-08-13 10:20:40,https://queue-times.com/parks/17/queue_times.json
2026-08-13T17:23:43.353Z,2026-08-13 10:23:43,2026-08-13,America/Los_Angeles,dca,Disney California Adventure,Cars Land,295,Radiator Springs Racers,TRUE,60,2026-08-13T17:20:40.000Z,2026-08-13 10:20:40,https://queue-times.com/parks/17/queue_times.json
2026-08-13T17:23:43.353Z,2026-08-13 10:23:43,2026-08-13,America/Los_Angeles,dca,Disney California Adventure,Cars Land,10904,Radiator Springs Racers Single Rider,TRUE,0,2026-08-13T17:20:40.000Z,2026-08-13 10:20:40,https://queue-times.com/parks/17/queue_times.json
2026-08-13T17:23:43.353Z,2026-08-13 10:23:43,2026-08-13,America/Los_Angeles,dca,Disney California Adventure,Grizzly Peak,302,Grizzly River Run,TRUE,5,2026-08-13T17:20:40.000Z,2026-08-13 10:20:40,https://queue-times.com/parks/17/queue_times.json
2026-08-13T17:23:43.353Z,2026-08-13 10:23:43,2026-08-13,America/Los_Angeles,dca,Disney California Adventure,Grizzly Peak,293,Redwood Creek Challenge Trail,FALSE,0,2026-08-13T17:20:40.000Z,2026-08-13 10:20:40,https://queue-times.com/parks/17/queue_times.json
2026-08-13T17:23:43.353Z,2026-08-13 10:23:43,2026-08-13,America/Los_Angeles,dca,Disney California Adventure,Grizzly Peak,17129,Soarin’ Across America,TRUE,30,2026-08-13T17:20:40.000Z,2026-08-13 10:20:40,https://queue-times.com/parks/17/queue_times.json
2026-08-13T17:23:43.353Z,2026-08-13 10:23:43,2026-08-13,America/Los_Angeles,dca,Disney California Adventure,Hollywood Land,321,Animation Academy,TRUE,0,2026-08-13T17:20:40.000Z,2026-08-13 10:20:40,https://queue-times.com/parks/17/queue_times.json
2026-08-13T17:23:43.353Z,2026-08-13 10:23:43,2026-08-13,America/Los_Angeles,dca,Disney California Adventure,Hollywood Land,6440,Mickey's PhilharMagic,TRUE,10,2026-08-13T17:20:40.000Z,2026-08-13 10:20:40,https://queue-times.com/parks/17/queue_times.json
2026-08-13T17:23:43.353Z,2026-08-13 10:23:43,2026-08-13,America/Los_Angeles,dca,Disney California Adventure,Hollywood Land,291,"Monsters, Inc. Mike & Sulley to the Rescue!",TRUE,25,2026-08-13T17:20:40.000Z,2026-08-13 10:20:40,https://queue-times.com/parks/17/queue_times.json
2026-08-13T17:23:43.353Z,2026-08-13 10:23:43,2026-08-13,America/Los_Angeles,dca,Disney California Adventure,Hollywood Land,868,Sorcerer's Workshop,TRUE,0,2026-08-13T17:20:40.000Z,2026-08-13 10:20:40,https://queue-times.com/parks/17/queue_times.json
2026-08-13T17:23:43.353Z,2026-08-13 10:23:43,2026-08-13,America/Los_Angeles,dca,Disney California Adventure,Hollywood Land,294,Turtle Talk with Crush,TRUE,0,2026-08-13T17:20:40.000Z,2026-08-13 10:20:40,https://queue-times.com/parks/17/queue_times.json
2026-08-13T17:23:43.353Z,2026-08-13 10:23:43,2026-08-13,America/Los_Angeles,dca,Disney California Adventure,Pacific Wharf,869,The Bakery Tour,TRUE,0,2026-08-13T17:20:40.000Z,2026-08-13 10:20:40,https://queue-times.com/parks/17/queue_times.json
2026-08-13T17:23:43.353Z,2026-08-13 10:23:43,2026-08-13,America/Los_Angeles,dca,Disney California Adventure,Paradise Gardens Park,298,Golden Zephyr,TRUE,5,2026-08-13T17:20:40.000Z,2026-08-13 10:20:40,https://queue-times.com/parks/17/queue_times.json
2026-08-13T17:23:43.353Z,2026-08-13 10:23:43,2026-08-13,America/Los_Angeles,dca,Disney California Adventure,Paradise Gardens Park,319,Goofy's Sky School,TRUE,10,2026-08-13T17:20:40.000Z,2026-08-13 10:20:40,https://queue-times.com/parks/17/queue_times.json
2026-08-13T17:23:43.353Z,2026-08-13 10:23:43,2026-08-13,America/Los_Angeles,dca,Disney California Adventure,Paradise Gardens Park,301,Silly Symphony Swings,FALSE,0,2026-08-13T17:20:40.000Z,2026-08-13 10:20:40,https://queue-times.com/parks/17/queue_times.json
2026-08-13T17:23:43.353Z,2026-08-13 10:23:43,2026-08-13,America/Los_Angeles,dca,Disney California Adventure,Paradise Gardens Park,316,The Little Mermaid - Ariel's Undersea Adventure,TRUE,5,2026-08-13T17:20:40.000Z,2026-08-13 10:20:40,https://queue-times.com/parks/17/queue_times.json
2026-08-13T17:23:43.353Z,2026-08-13 10:23:43,2026-08-13,America/Los_Angeles,dca,Disney California Adventure,Paradise Gardens Park,11528,World of Color – ONE,FALSE,0,2026-08-13T17:20:40.000Z,2026-08-13 10:20:40,https://queue-times.com/parks/17/queue_times.json
2026-08-13T17:23:43.353Z,2026-08-13 10:23:43,2026-08-13,America/Los_Angeles,dca,Disney California Adventure,Paradise Gardens Park,14742,World of Color Happiness!,FALSE,0,2026-08-10T07:05:45.000Z,2026-08-10 00:05:45,https://queue-times.com/parks/17/queue_times.json
2026-08-13T17:23:43.353Z,2026-08-13 10:23:43,2026-08-13,America/Los_Angeles,dca,Disney California Adventure,Pixar Pier,866,Games of Pixar Pier,TRUE,5,2026-08-13T17:20:40.000Z,2026-08-13 10:20:40,https://queue-times.com/parks/17/queue_times.json
2026-08-13T17:23:43.353Z,2026-08-13 10:23:43,2026-08-13,America/Los_Angeles,dca,Disney California Adventure,Pixar Pier,322,Incredicoaster,TRUE,20,2026-08-13T17:20:40.000Z,2026-08-13 10:20:40,https://queue-times.com/parks/17/queue_times.json
2026-08-13T17:23:43.353Z,2026-08-13 10:23:43,2026-08-13,America/Los_Angeles,dca,Disney California Adventure,Pixar Pier,10906,Incredicoaster Single Rider,TRUE,0,2026-08-13T17:20:40.000Z,2026-08-13 10:20:40,https://queue-times.com/parks/17/queue_times.json
2026-08-13T17:23:43.353Z,2026-08-13 10:23:43,2026-08-13,America/Los_Angeles,dca,Disney California Adventure,Pixar Pier,6643,Inside Out Emotional Whirlwind,TRUE,5,2026-08-13T17:20:40.000Z,2026-08-13 10:20:40,https://queue-times.com/parks/17/queue_times.json
2026-08-13T17:23:43.353Z,2026-08-13 10:23:43,2026-08-13,America/Los_Angeles,dca,Disney California Adventure,Pixar Pier,310,Jessie's Critter Carousel,TRUE,5,2026-08-13T17:20:40.000Z,2026-08-13 10:20:40,https://queue-times.com/parks/17/queue_times.json
2026-08-13T17:23:43.353Z,2026-08-13 10:23:43,2026-08-13,America/Los_Angeles,dca,Disney California Adventure,Pixar Pier,300,Jumpin' Jellyfish,TRUE,5,2026-08-13T17:20:40.000Z,2026-08-13 10:20:40,https://queue-times.com/parks/17/queue_times.json
2026-08-13T17:23:43.353Z,2026-08-13 10:23:43,2026-08-13,America/Los_Angeles,dca,Disney California Adventure,Pixar Pier,311,Pixar Pal-A-Round - Swinging,TRUE,15,2026-08-13T17:20:40.000Z,2026-08-13 10:20:40,https://queue-times.com/parks/17/queue_times.json
2026-08-13T17:23:43.353Z,2026-08-13 10:23:43,2026-08-13,America/Los_Angeles,dca,Disney California Adventure,Pixar Pier,5557,Pixar Pal-A-Round – Non-Swinging,TRUE,10,2026-08-13T17:20:40.000Z,2026-08-13 10:20:40,https://queue-times.com/parks/17/queue_times.json
2026-08-13T17:23:43.353Z,2026-08-13 10:23:43,2026-08-13,America/Los_Angeles,dca,Disney California Adventure,Pixar Pier,313,Toy Story Midway Mania!,TRUE,30,2026-08-13T17:20:40.000Z,2026-08-13 10:20:40,https://queue-times.com/parks/17/queue_times.json
2026-08-13T17:30:22.427Z,2026-08-13 10:30:22,2026-08-13,America/Los_Angeles,disneyland,Disneyland,Adventureland,12428,Adventureland Treehouse inspired by Walt Disney’s Swiss Family Robinson,TRUE,0,2026-08-13T17:25:33.000Z,2026-08-13 10:25:33,https://queue-times.com/parks/16/queue_times.json
2026-08-13T17:30:22.427Z,2026-08-13 10:30:22,2026-08-13,America/Los_Angeles,disneyland,Disneyland,Adventureland,326,Indiana Jones™ Adventure,TRUE,45,2026-08-13T17:25:33.000Z,2026-08-13 10:25:33,https://queue-times.com/parks/16/queue_times.json
2026-08-13T17:30:22.427Z,2026-08-13 10:30:22,2026-08-13,America/Los_Angeles,disneyland,Disneyland,Adventureland,296,Jungle Cruise,TRUE,20,2026-08-13T17:25:33.000Z,2026-08-13 10:25:33,https://queue-times.com/parks/16/queue_times.json
2026-08-13T17:30:22.427Z,2026-08-13 10:30:22,2026-08-13,America/Los_Angeles,disneyland,Disneyland,Adventureland,288,Walt Disney's Enchanted Tiki Room,TRUE,0,2026-08-13T17:25:33.000Z,2026-08-13 10:25:33,https://queue-times.com/parks/16/queue_times.json
2026-08-13T17:30:22.427Z,2026-08-13 10:30:22,2026-08-13,America/Los_Angeles,disneyland,Disneyland,Bayou Country,304,Davy Crockett's Explorer Canoes,FALSE,0,2026-08-13T17:25:33.000Z,2026-08-13 10:25:33,https://queue-times.com/parks/16/queue_times.json
2026-08-13T17:30:22.427Z,2026-08-13 10:30:22,2026-08-13,America/Los_Angeles,disneyland,Disneyland,Bayou Country,306,The Many Adventures of Winnie the Pooh,TRUE,5,2026-08-13T17:25:33.000Z,2026-08-13 10:25:33,https://queue-times.com/parks/16/queue_times.json
2026-08-13T17:30:22.427Z,2026-08-13 10:30:22,2026-08-13,America/Los_Angeles,disneyland,Disneyland,Bayou Country,14168,Tiana's Bayou Adventure,TRUE,25,2026-08-13T17:25:33.000Z,2026-08-13 10:25:33,https://queue-times.com/parks/16/queue_times.json
2026-08-13T17:30:22.427Z,2026-08-13 10:30:22,2026-08-13,America/Los_Angeles,disneyland,Disneyland,Bayou Country,14326,Tiana's Bayou Adventure Single Rider,TRUE,0,2026-08-13T17:25:33.000Z,2026-08-13 10:25:33,https://queue-times.com/parks/16/queue_times.json
2026-08-13T17:30:22.427Z,2026-08-13 10:30:22,2026-08-13,America/Los_Angeles,disneyland,Disneyland,Fantasyland,307,"""it's a small world""",TRUE,5,2026-08-13T17:25:33.000Z,2026-08-13 10:25:33,https://queue-times.com/parks/16/queue_times.json
2026-08-13T17:30:22.427Z,2026-08-13 10:30:22,2026-08-13,America/Los_Angeles,disneyland,Disneyland,Fantasyland,285,Alice in Wonderland,TRUE,20,2026-08-13T17:25:33.000Z,2026-08-13 10:25:33,https://queue-times.com/parks/16/queue_times.json
2026-08-13T17:30:22.427Z,2026-08-13 10:30:22,2026-08-13,America/Los_Angeles,disneyland,Disneyland,Fantasyland,16254,Bluey’s Best Day Ever! at Fantasyland Theatre,TRUE,0,2026-08-13T17:25:33.000Z,2026-08-13 10:25:33,https://queue-times.com/parks/16/queue_times.json
2026-08-13T17:30:22.427Z,2026-08-13 10:30:22,2026-08-13,America/Los_Angeles,disneyland,Disneyland,Fantasyland,303,Casey Jr. Circus Train,TRUE,10,2026-08-13T17:25:33.000Z,2026-08-13 10:25:33,https://queue-times.com/parks/16/queue_times.json
2026-08-13T17:30:22.427Z,2026-08-13 10:30:22,2026-08-13,America/Los_Angeles,disneyland,Disneyland,Fantasyland,275,Dumbo the Flying Elephant,TRUE,25,2026-08-13T17:25:33.000Z,2026-08-13 10:25:33,https://queue-times.com/parks/16/queue_times.json
2026-08-13T17:30:22.427Z,2026-08-13 10:30:22,2026-08-13,America/Los_Angeles,disneyland,Disneyland,Fantasyland,277,King Arthur Carrousel,TRUE,5,2026-08-13T17:25:33.000Z,2026-08-13 10:25:33,https://queue-times.com/parks/16/queue_times.json
2026-08-13T17:30:22.427Z,2026-08-13 10:30:22,2026-08-13,America/Los_Angeles,disneyland,Disneyland,Fantasyland,278,Mad Tea Party,TRUE,5,2026-08-13T17:25:33.000Z,2026-08-13 10:25:33,https://queue-times.com/parks/16/queue_times.json
2026-08-13T17:30:22.427Z,2026-08-13 10:30:22,2026-08-13,America/Los_Angeles,disneyland,Disneyland,Fantasyland,279,Matterhorn Bobsleds,FALSE,0,2026-08-13T17:25:33.000Z,2026-08-13 10:25:33,https://queue-times.com/parks/16/queue_times.json
2026-08-13T17:30:22.427Z,2026-08-13 10:30:22,2026-08-13,America/Los_Angeles,disneyland,Disneyland,Fantasyland,6711,Meet Disney Princesses at Royal Hall,TRUE,0,2026-08-13T17:25:33.000Z,2026-08-13 10:25:33,https://queue-times.com/parks/16/queue_times.json
2026-08-13T17:30:22.427Z,2026-08-13 10:30:22,2026-08-13,America/Los_Angeles,disneyland,Disneyland,Fantasyland,280,Mr. Toad's Wild Ride,TRUE,20,2026-08-13T17:25:33.000Z,2026-08-13 10:25:33,https://queue-times.com/parks/16/queue_times.json
2026-08-13T17:30:22.427Z,2026-08-13 10:30:22,2026-08-13,America/Los_Angeles,disneyland,Disneyland,Fantasyland,281,Peter Pan's Flight,TRUE,40,2026-08-13T17:25:33.000Z,2026-08-13 10:25:33,https://queue-times.com/parks/16/queue_times.json
2026-08-13T17:30:22.427Z,2026-08-13 10:30:22,2026-08-13,America/Los_Angeles,disneyland,Disneyland,Fantasyland,282,Pinocchio's Daring Journey,TRUE,5,2026-08-13T17:25:33.000Z,2026-08-13 10:25:33,https://queue-times.com/parks/16/queue_times.json
2026-08-13T17:30:22.427Z,2026-08-13 10:30:22,2026-08-13,America/Los_Angeles,disneyland,Disneyland,Fantasyland,687,Sleeping Beauty Castle Walkthrough,FALSE,0,2026-08-13T17:25:33.000Z,2026-08-13 10:25:33,https://queue-times.com/parks/16/queue_times.json
2026-08-13T17:30:22.427Z,2026-08-13 10:30:22,2026-08-13,America/Los_Angeles,disneyland,Disneyland,Fantasyland,283,Snow White's Enchanted Wish,TRUE,15,2026-08-13T17:25:33.000Z,2026-08-13 10:25:33,https://queue-times.com/parks/16/queue_times.json
2026-08-13T17:30:22.427Z,2026-08-13 10:30:22,2026-08-13,America/Los_Angeles,disneyland,Disneyland,Fantasyland,305,Storybook Land Canal Boats,TRUE,10,2026-08-13T17:25:33.000Z,2026-08-13 10:25:33,https://queue-times.com/parks/16/queue_times.json
2026-08-13T17:30:22.427Z,2026-08-13 10:30:22,2026-08-13,America/Los_Angeles,disneyland,Disneyland,Frontierland,323,Big Thunder Mountain Railroad,FALSE,0,2026-08-13T17:25:33.000Z,2026-08-13 10:25:33,https://queue-times.com/parks/16/queue_times.json
2026-08-13T17:30:22.427Z,2026-08-13 10:30:22,2026-08-13,America/Los_Angeles,disneyland,Disneyland,Frontierland,679,Frontierland Shootin' Exposition,FALSE,0,2026-08-13T17:25:33.000Z,2026-08-13 10:25:33,https://queue-times.com/parks/16/queue_times.json
2026-08-13T17:30:22.427Z,2026-08-13 10:30:22,2026-08-13,America/Los_Angeles,disneyland,Disneyland,Frontierland,456,Mark Twain Riverboat,TRUE,10,2026-08-13T17:25:33.000Z,2026-08-13 10:25:33,https://queue-times.com/parks/16/queue_times.json
2026-08-13T17:30:22.427Z,2026-08-13 10:30:22,2026-08-13,America/Los_Angeles,disneyland,Disneyland,Frontierland,331,Pirate's Lair on Tom Sawyer Island,TRUE,5,2026-08-13T17:25:33.000Z,2026-08-13 10:25:33,https://queue-times.com/parks/16/queue_times.json
2026-08-13T17:30:22.427Z,2026-08-13 10:30:22,2026-08-13,America/Los_Angeles,disneyland,Disneyland,Frontierland,328,Sailing Ship Columbia,FALSE,0,2026-08-13T17:25:33.000Z,2026-08-13 10:25:33,https://queue-times.com/parks/16/queue_times.json
2026-08-13T17:30:22.427Z,2026-08-13 10:30:22,2026-08-13,America/Los_Angeles,disneyland,Disneyland,Main Street U.S.A,674,Disneyland Railroad,TRUE,5,2026-08-13T17:25:33.000Z,2026-08-13 10:25:33,https://queue-times.com/parks/16/queue_times.json
2026-08-13T17:30:22.427Z,2026-08-13 10:30:22,2026-08-13,America/Los_Angeles,disneyland,Disneyland,Main Street U.S.A,690,Great Moments with Mr. Lincoln,TRUE,0,2026-08-13T17:25:33.000Z,2026-08-13 10:25:33,https://queue-times.com/parks/16/queue_times.json
2026-08-13T17:30:22.427Z,2026-08-13 10:30:22,2026-08-13,America/Los_Angeles,disneyland,Disneyland,Main Street U.S.A,686,Main Street Cinema,FALSE,0,2026-08-13T17:25:33.000Z,2026-08-13 10:25:33,https://queue-times.com/parks/16/queue_times.json
2026-08-13T17:30:22.427Z,2026-08-13 10:30:22,2026-08-13,America/Los_Angeles,disneyland,Disneyland,Main Street U.S.A,691,Main Street Vehicles,TRUE,0,2026-08-13T17:25:33.000Z,2026-08-13 10:25:33,https://queue-times.com/parks/16/queue_times.json
2026-08-13T17:30:22.427Z,2026-08-13 10:30:22,2026-08-13,America/Los_Angeles,disneyland,Disneyland,Main Street U.S.A,14915,Opera House - Walt Disney - A Magical Life,TRUE,0,2026-08-13T17:25:33.000Z,2026-08-13 10:25:33,https://queue-times.com/parks/16/queue_times.json
2026-08-13T17:30:22.427Z,2026-08-13 10:30:22,2026-08-13,America/Los_Angeles,disneyland,Disneyland,Main Street U.S.A,695,The Disney Gallery,TRUE,0,2026-08-13T17:25:33.000Z,2026-08-13 10:25:33,https://queue-times.com/parks/16/queue_times.json
2026-08-13T17:30:22.427Z,2026-08-13 10:30:22,2026-08-13,America/Los_Angeles,disneyland,Disneyland,Main Street U.S.A,14923,Walt Disney - A Magical Life,FALSE,0,2026-08-13T17:25:33.000Z,2026-08-13 10:25:33,https://queue-times.com/parks/16/queue_times.json
2026-08-13T17:30:22.427Z,2026-08-13 10:30:22,2026-08-13,America/Los_Angeles,disneyland,Disneyland,Mickey's Toontown,324,Chip 'n' Dale's GADGETcoaster,TRUE,10,2026-08-13T17:25:33.000Z,2026-08-13 10:25:33,https://queue-times.com/parks/16/queue_times.json
2026-08-13T17:30:22.427Z,2026-08-13 10:30:22,2026-08-13,America/Los_Angeles,disneyland,Disneyland,Mickey's Toontown,13814,Donald's Duck Pond,TRUE,0,2026-08-13T17:25:33.000Z,2026-08-13 10:25:33,https://queue-times.com/parks/16/queue_times.json
2026-08-13T17:30:22.427Z,2026-08-13 10:30:22,2026-08-13,America/Los_Angeles,disneyland,Disneyland,Mickey's Toontown,11980,Goofy's How-to-Play Yard,TRUE,0,2026-08-13T17:25:33.000Z,2026-08-13 10:25:33,https://queue-times.com/parks/16/queue_times.json
2026-08-13T17:30:22.427Z,2026-08-13 10:30:22,2026-08-13,America/Los_Angeles,disneyland,Disneyland,Mickey's Toontown,11526,Mickey & Minnie's Runaway Railway,TRUE,15,2026-08-13T17:25:33.000Z,2026-08-13 10:25:33,https://queue-times.com/parks/16/queue_times.json
2026-08-13T17:30:22.427Z,2026-08-13 10:30:22,2026-08-13,America/Los_Angeles,disneyland,Disneyland,Mickey's Toontown,709,Mickey's House and Meet Mickey Mouse,TRUE,15,2026-08-13T17:25:33.000Z,2026-08-13 10:25:33,https://queue-times.com/parks/16/queue_times.json
2026-08-13T17:30:22.427Z,2026-08-13 10:30:22,2026-08-13,America/Los_Angeles,disneyland,Disneyland,Mickey's Toontown,327,Mickey's House and Meet Mickey Mouse,FALSE,0,2026-08-13T17:25:33.000Z,2026-08-13 10:25:33,https://queue-times.com/parks/16/queue_times.json
2026-08-13T17:30:22.427Z,2026-08-13 10:30:22,2026-08-13,America/Los_Angeles,disneyland,Disneyland,Mickey's Toontown,684,Minnie's House,TRUE,0,2026-08-13T17:25:33.000Z,2026-08-13 10:25:33,https://queue-times.com/parks/16/queue_times.json
2026-08-13T17:30:22.427Z,2026-08-13 10:30:22,2026-08-13,America/Los_Angeles,disneyland,Disneyland,Mickey's Toontown,332,Roger Rabbit's Car Toon Spin,TRUE,45,2026-08-13T17:25:33.000Z,2026-08-13 10:25:33,https://queue-times.com/parks/16/queue_times.json
2026-08-13T17:30:22.427Z,2026-08-13 10:30:22,2026-08-13,America/Los_Angeles,disneyland,Disneyland,New Orleans Square,13958,Haunted Mansion,FALSE,0,2026-08-13T17:25:33.000Z,2026-08-13 10:25:33,https://queue-times.com/parks/16/queue_times.json
2026-08-13T17:30:22.427Z,2026-08-13 10:30:22,2026-08-13,America/Los_Angeles,disneyland,Disneyland,New Orleans Square,289,Pirates of the Caribbean,TRUE,30,2026-08-13T17:25:33.000Z,2026-08-13 10:25:33,https://queue-times.com/parks/16/queue_times.json
2026-08-13T17:30:22.427Z,2026-08-13 10:30:22,2026-08-13,America/Los_Angeles,disneyland,Disneyland,Star Wars: Galaxy's Edge,6339,Millennium Falcon: Smugglers Run,TRUE,20,2026-08-13T17:25:33.000Z,2026-08-13 10:25:33,https://queue-times.com/parks/16/queue_times.json
2026-08-13T17:30:22.427Z,2026-08-13 10:30:22,2026-08-13,America/Los_Angeles,disneyland,Disneyland,Star Wars: Galaxy's Edge,10903,Millennium Falcon: Smugglers Run Single Rider,TRUE,0,2026-08-13T17:25:33.000Z,2026-08-13 10:25:33,https://queue-times.com/parks/16/queue_times.json
2026-08-13T17:30:22.427Z,2026-08-13 10:30:22,2026-08-13,America/Los_Angeles,disneyland,Disneyland,Star Wars: Galaxy's Edge,6340,Star Wars: Rise of the Resistance,TRUE,40,2026-08-13T17:25:33.000Z,2026-08-13 10:25:33,https://queue-times.com/parks/16/queue_times.json
2026-08-13T17:30:22.427Z,2026-08-13 10:30:22,2026-08-13,America/Los_Angeles,disneyland,Disneyland,Tomorrowland,287,Astro Orbitor,TRUE,15,2026-08-13T17:25:33.000Z,2026-08-13 10:25:33,https://queue-times.com/parks/16/queue_times.json
2026-08-13T17:30:22.427Z,2026-08-13 10:30:22,2026-08-13,America/Los_Angeles,disneyland,Disneyland,Tomorrowland,317,Autopia,TRUE,20,2026-08-13T17:25:33.000Z,2026-08-13 10:25:33,https://queue-times.com/parks/16/queue_times.json
2026-08-13T17:30:22.427Z,2026-08-13 10:30:22,2026-08-13,America/Los_Angeles,disneyland,Disneyland,Tomorrowland,273,Buzz Lightyear Astro Blasters,TRUE,15,2026-08-13T17:25:33.000Z,2026-08-13 10:25:33,https://queue-times.com/parks/16/queue_times.json
2026-08-13T17:30:22.427Z,2026-08-13 10:30:22,2026-08-13,America/Los_Angeles,disneyland,Disneyland,Tomorrowland,274,Disneyland Monorail,TRUE,5,2026-08-13T17:25:33.000Z,2026-08-13 10:25:33,https://queue-times.com/parks/16/queue_times.json
2026-08-13T17:30:22.427Z,2026-08-13 10:30:22,2026-08-13,America/Los_Angeles,disneyland,Disneyland,Tomorrowland,276,Finding Nemo Submarine Voyage,TRUE,15,2026-08-13T17:25:33.000Z,2026-08-13 10:25:33,https://queue-times.com/parks/16/queue_times.json
2026-08-13T17:30:22.427Z,2026-08-13 10:30:22,2026-08-13,America/Los_Angeles,disneyland,Disneyland,Tomorrowland,16627,Pixar Short Film Spotlight,FALSE,0,2026-08-13T17:25:33.000Z,2026-08-13 10:25:33,https://queue-times.com/parks/16/queue_times.json
2026-08-13T17:30:22.427Z,2026-08-13 10:30:22,2026-08-13,America/Los_Angeles,disneyland,Disneyland,Tomorrowland,284,Space Mountain,TRUE,45,2026-08-13T17:25:33.000Z,2026-08-13 10:25:33,https://queue-times.com/parks/16/queue_times.json
2026-08-13T17:30:22.427Z,2026-08-13 10:30:22,2026-08-13,America/Los_Angeles,disneyland,Disneyland,Tomorrowland,286,Star Tours - The Adventures Continue,TRUE,10,2026-08-13T17:25:33.000Z,2026-08-13 10:25:33,https://queue-times.com/parks/16/queue_times.json
2026-08-13T17:30:22.427Z,2026-08-13 10:30:22,2026-08-13,America/Los_Angeles,dca,Disney California Adventure,Avengers Campus,329,Guardians of the Galaxy - Mission: BREAKOUT!,TRUE,45,2026-08-13T17:25:37.000Z,2026-08-13 10:25:37,https://queue-times.com/parks/17/queue_times.json
2026-08-13T17:30:22.427Z,2026-08-13 10:30:22,2026-08-13,America/Los_Angeles,dca,Disney California Adventure,Avengers Campus,8843,WEB SLINGERS: A Spider-Man Adventure,TRUE,40,2026-08-13T17:25:37.000Z,2026-08-13 10:25:37,https://queue-times.com/parks/17/queue_times.json
2026-08-13T17:30:22.427Z,2026-08-13 10:30:22,2026-08-13,America/Los_Angeles,dca,Disney California Adventure,Avengers Campus,10907,WEB SLINGERS: A Spider-Man Adventure Single Rider,TRUE,0,2026-08-13T17:25:37.000Z,2026-08-13 10:25:37,https://queue-times.com/parks/17/queue_times.json
2026-08-13T17:30:22.427Z,2026-08-13 10:30:22,2026-08-13,America/Los_Angeles,dca,Disney California Adventure,Cars Land,13961,Luigi's Rollickin' Roadsters,TRUE,10,2026-08-13T17:25:37.000Z,2026-08-13 10:25:37,https://queue-times.com/parks/17/queue_times.json
2026-08-13T17:30:22.427Z,2026-08-13 10:30:22,2026-08-13,America/Los_Angeles,dca,Disney California Adventure,Cars Land,315,Mater's Junkyard Jamboree,TRUE,25,2026-08-13T17:25:37.000Z,2026-08-13 10:25:37,https://queue-times.com/parks/17/queue_times.json
2026-08-13T17:30:22.427Z,2026-08-13 10:30:22,2026-08-13,America/Los_Angeles,dca,Disney California Adventure,Cars Land,295,Radiator Springs Racers,TRUE,60,2026-08-13T17:25:37.000Z,2026-08-13 10:25:37,https://queue-times.com/parks/17/queue_times.json
2026-08-13T17:30:22.427Z,2026-08-13 10:30:22,2026-08-13,America/Los_Angeles,dca,Disney California Adventure,Cars Land,10904,Radiator Springs Racers Single Rider,TRUE,0,2026-08-13T17:25:37.000Z,2026-08-13 10:25:37,https://queue-times.com/parks/17/queue_times.json
2026-08-13T17:30:22.427Z,2026-08-13 10:30:22,2026-08-13,America/Los_Angeles,dca,Disney California Adventure,Grizzly Peak,302,Grizzly River Run,TRUE,5,2026-08-13T17:25:37.000Z,2026-08-13 10:25:37,https://queue-times.com/parks/17/queue_times.json
2026-08-13T17:30:22.427Z,2026-08-13 10:30:22,2026-08-13,America/Los_Angeles,dca,Disney California Adventure,Grizzly Peak,293,Redwood Creek Challenge Trail,FALSE,0,2026-08-13T17:25:37.000Z,2026-08-13 10:25:37,https://queue-times.com/parks/17/queue_times.json
2026-08-13T17:30:22.427Z,2026-08-13 10:30:22,2026-08-13,America/Los_Angeles,dca,Disney California Adventure,Grizzly Peak,17129,Soarin’ Across America,TRUE,30,2026-08-13T17:25:37.000Z,2026-08-13 10:25:37,https://queue-times.com/parks/17/queue_times.json
2026-08-13T17:30:22.427Z,2026-08-13 10:30:22,2026-08-13,America/Los_Angeles,dca,Disney California Adventure,Hollywood Land,321,Animation Academy,TRUE,0,2026-08-13T17:25:37.000Z,2026-08-13 10:25:37,https://queue-times.com/parks/17/queue_times.json
2026-08-13T17:30:22.427Z,2026-08-13 10:30:22,2026-08-13,America/Los_Angeles,dca,Disney California Adventure,Hollywood Land,6440,Mickey's PhilharMagic,TRUE,10,2026-08-13T17:25:37.000Z,2026-08-13 10:25:37,https://queue-times.com/parks/17/queue_times.json
2026-08-13T17:30:22.427Z,2026-08-13 10:30:22,2026-08-13,America/Los_Angeles,dca,Disney California Adventure,Hollywood Land,291,"Monsters, Inc. Mike & Sulley to the Rescue!",TRUE,25,2026-08-13T17:25:37.000Z,2026-08-13 10:25:37,https://queue-times.com/parks/17/queue_times.json
2026-08-13T17:30:22.427Z,2026-08-13 10:30:22,2026-08-13,America/Los_Angeles,dca,Disney California Adventure,Hollywood Land,868,Sorcerer's Workshop,TRUE,0,2026-08-13T17:25:37.000Z,2026-08-13 10:25:37,https://queue-times.com/parks/17/queue_times.json
2026-08-13T17:30:22.427Z,2026-08-13 10:30:22,2026-08-13,America/Los_Angeles,dca,Disney California Adventure,Hollywood Land,294,Turtle Talk with Crush,TRUE,0,2026-08-13T17:25:37.000Z,2026-08-13 10:25:37,https://queue-times.com/parks/17/queue_times.json
2026-08-13T17:30:22.427Z,2026-08-13 10:30:22,2026-08-13,America/Los_Angeles,dca,Disney California Adventure,Pacific Wharf,869,The Bakery Tour,TRUE,0,2026-08-13T17:25:37.000Z,2026-08-13 10:25:37,https://queue-times.com/parks/17/queue_times.json
2026-08-13T17:30:22.427Z,2026-08-13 10:30:22,2026-08-13,America/Los_Angeles,dca,Disney California Adventure,Paradise Gardens Park,298,Golden Zephyr,TRUE,5,2026-08-13T17:25:37.000Z,2026-08-13 10:25:37,https://queue-times.com/parks/17/queue_times.json
2026-08-13T17:30:22.427Z,2026-08-13 10:30:22,2026-08-13,America/Los_Angeles,dca,Disney California Adventure,Paradise Gardens Park,319,Goofy's Sky School,TRUE,10,2026-08-13T17:25:37.000Z,2026-08-13 10:25:37,https://queue-times.com/parks/17/queue_times.json
2026-08-13T17:30:22.427Z,2026-08-13 10:30:22,2026-08-13,America/Los_Angeles,dca,Disney California Adventure,Paradise Gardens Park,301,Silly Symphony Swings,FALSE,0,2026-08-13T17:25:37.000Z,2026-08-13 10:25:37,https://queue-times.com/parks/17/queue_times.json
2026-08-13T17:30:22.427Z,2026-08-13 10:30:22,2026-08-13,America/Los_Angeles,dca,Disney California Adventure,Paradise Gardens Park,316,The Little Mermaid - Ariel's Undersea Adventure,TRUE,5,2026-08-13T17:25:37.000Z,2026-08-13 10:25:37,https://queue-times.com/parks/17/queue_times.json
2026-08-13T17:30:22.427Z,2026-08-13 10:30:22,2026-08-13,America/Los_Angeles,dca,Disney California Adventure,Paradise Gardens Park,11528,World of Color – ONE,FALSE,0,2026-08-13T17:25:37.000Z,2026-08-13 10:25:37,https://queue-times.com/parks/17/queue_times.json
2026-08-13T17:30:22.427Z,2026-08-13 10:30:22,2026-08-13,America/Los_Angeles,dca,Disney California Adventure,Paradise Gardens Park,14742,World of Color Happiness!,FALSE,0,2026-08-10T07:05:45.000Z,2026-08-10 00:05:45,https://queue-times.com/parks/17/queue_times.json
2026-08-13T17:30:22.427Z,2026-08-13 10:30:22,2026-08-13,America/Los_Angeles,dca,Disney California Adventure,Pixar Pier,866,Games of Pixar Pier,TRUE,5,2026-08-13T17:25:37.000Z,2026-08-13 10:25:37,https://queue-times.com/parks/17/queue_times.json
2026-08-13T17:30:22.427Z,2026-08-13 10:30:22,2026-08-13,America/Los_Angeles,dca,Disney California Adventure,Pixar Pier,322,Incredicoaster,TRUE,20,2026-08-13T17:25:37.000Z,2026-08-13 10:25:37,https://queue-times.com/parks/17/queue_times.json
2026-08-13T17:30:22.427Z,2026-08-13 10:30:22,2026-08-13,America/Los_Angeles,dca,Disney California Adventure,Pixar Pier,10906,Incredicoaster Single Rider,TRUE,0,2026-08-13T17:25:37.000Z,2026-08-13 10:25:37,https://queue-times.com/parks/17/queue_times.json
2026-08-13T17:30:22.427Z,2026-08-13 10:30:22,2026-08-13,America/Los_Angeles,dca,Disney California Adventure,Pixar Pier,6643,Inside Out Emotional Whirlwind,TRUE,5,2026-08-13T17:25:37.000Z,2026-08-13 10:25:37,https://queue-times.com/parks/17/queue_times.json
2026-08-13T17:30:22.427Z,2026-08-13 10:30:22,2026-08-13,America/Los_Angeles,dca,Disney California Adventure,Pixar Pier,310,Jessie's Critter Carousel,TRUE,5,2026-08-13T17:25:37.000Z,2026-08-13 10:25:37,https://queue-times.com/parks/17/queue_times.json
2026-08-13T17:30:22.427Z,2026-08-13 10:30:22,2026-08-13,America/Los_Angeles,dca,Disney California Adventure,Pixar Pier,300,Jumpin' Jellyfish,TRUE,5,2026-08-13T17:25:37.000Z,2026-08-13 10:25:37,https://queue-times.com/parks/17/queue_times.json
2026-08-13T17:30:22.427Z,2026-08-13 10:30:22,2026-08-13,America/Los_Angeles,dca,Disney California Adventure,Pixar Pier,311,Pixar Pal-A-Round - Swinging,TRUE,15,2026-08-13T17:25:37.000Z,2026-08-13 10:25:37,https://queue-times.com/parks/17/queue_times.json
2026-08-13T17:30:22.427Z,2026-08-13 10:30:22,2026-08-13,America/Los_Angeles,dca,Disney California Adventure,Pixar Pier,5557,Pixar Pal-A-Round – Non-Swinging,TRUE,10,2026-08-13T17:25:37.000Z,2026-08-13 10:25:37,https://queue-times.com/parks/17/queue_times.json
2026-08-13T17:30:22.427Z,2026-08-13 10:30:22,2026-08-13,America/Los_Angeles,dca,Disney California Adventure,Pixar Pier,313,Toy Story Midway Mania!,TRUE,30,2026-08-13T17:25:37.000Z,2026-08-13 10:25:37,https://queue-times.com/parks/17/queue_times.json
2026-08-13T17:45:21.260Z,2026-08-13 10:45:21,2026-08-13,America/Los_Angeles,disneyland,Disneyland,Adventureland,12428,Adventureland Treehouse inspired by Walt Disney’s Swiss Family Robinson,TRUE,0,2026-08-13T17:40:37.000Z,2026-08-13 10:40:37,https://queue-times.com/parks/16/queue_times.json
2026-08-13T17:45:21.260Z,2026-08-13 10:45:21,2026-08-13,America/Los_Angeles,disneyland,Disneyland,Adventureland,326,Indiana Jones™ Adventure,TRUE,40,2026-08-13T17:40:37.000Z,2026-08-13 10:40:37,https://queue-times.com/parks/16/queue_times.json
2026-08-13T17:45:21.260Z,2026-08-13 10:45:21,2026-08-13,America/Los_Angeles,disneyland,Disneyland,Adventureland,296,Jungle Cruise,TRUE,20,2026-08-13T17:40:37.000Z,2026-08-13 10:40:37,https://queue-times.com/parks/16/queue_times.json
2026-08-13T17:45:21.260Z,2026-08-13 10:45:21,2026-08-13,America/Los_Angeles,disneyland,Disneyland,Adventureland,288,Walt Disney's Enchanted Tiki Room,TRUE,0,2026-08-13T17:40:37.000Z,2026-08-13 10:40:37,https://queue-times.com/parks/16/queue_times.json
2026-08-13T17:45:21.260Z,2026-08-13 10:45:21,2026-08-13,America/Los_Angeles,disneyland,Disneyland,Bayou Country,304,Davy Crockett's Explorer Canoes,FALSE,0,2026-08-13T17:40:37.000Z,2026-08-13 10:40:37,https://queue-times.com/parks/16/queue_times.json
2026-08-13T17:45:21.260Z,2026-08-13 10:45:21,2026-08-13,America/Los_Angeles,disneyland,Disneyland,Bayou Country,306,The Many Adventures of Winnie the Pooh,TRUE,5,2026-08-13T17:40:37.000Z,2026-08-13 10:40:37,https://queue-times.com/parks/16/queue_times.json
2026-08-13T17:45:21.260Z,2026-08-13 10:45:21,2026-08-13,America/Los_Angeles,disneyland,Disneyland,Bayou Country,14168,Tiana's Bayou Adventure,FALSE,0,2026-08-13T17:40:37.000Z,2026-08-13 10:40:37,https://queue-times.com/parks/16/queue_times.json
2026-08-13T17:45:21.260Z,2026-08-13 10:45:21,2026-08-13,America/Los_Angeles,disneyland,Disneyland,Bayou Country,14326,Tiana's Bayou Adventure Single Rider,FALSE,0,2026-08-13T17:40:37.000Z,2026-08-13 10:40:37,https://queue-times.com/parks/16/queue_times.json
2026-08-13T17:45:21.260Z,2026-08-13 10:45:21,2026-08-13,America/Los_Angeles,disneyland,Disneyland,Fantasyland,307,"""it's a small world""",TRUE,5,2026-08-13T17:40:37.000Z,2026-08-13 10:40:37,https://queue-times.com/parks/16/queue_times.json
2026-08-13T17:45:21.260Z,2026-08-13 10:45:21,2026-08-13,America/Los_Angeles,disneyland,Disneyland,Fantasyland,285,Alice in Wonderland,TRUE,30,2026-08-13T17:40:37.000Z,2026-08-13 10:40:37,https://queue-times.com/parks/16/queue_times.json
2026-08-13T17:45:21.260Z,2026-08-13 10:45:21,2026-08-13,America/Los_Angeles,disneyland,Disneyland,Fantasyland,16254,Bluey’s Best Day Ever! at Fantasyland Theatre,TRUE,0,2026-08-13T17:40:37.000Z,2026-08-13 10:40:37,https://queue-times.com/parks/16/queue_times.json
2026-08-13T17:45:21.260Z,2026-08-13 10:45:21,2026-08-13,America/Los_Angeles,disneyland,Disneyland,Fantasyland,303,Casey Jr. Circus Train,TRUE,10,2026-08-13T17:40:37.000Z,2026-08-13 10:40:37,https://queue-times.com/parks/16/queue_times.json
2026-08-13T17:45:21.260Z,2026-08-13 10:45:21,2026-08-13,America/Los_Angeles,disneyland,Disneyland,Fantasyland,275,Dumbo the Flying Elephant,TRUE,25,2026-08-13T17:40:37.000Z,2026-08-13 10:40:37,https://queue-times.com/parks/16/queue_times.json
2026-08-13T17:45:21.260Z,2026-08-13 10:45:21,2026-08-13,America/Los_Angeles,disneyland,Disneyland,Fantasyland,277,King Arthur Carrousel,TRUE,5,2026-08-13T17:40:37.000Z,2026-08-13 10:40:37,https://queue-times.com/parks/16/queue_times.json
2026-08-13T17:45:21.260Z,2026-08-13 10:45:21,2026-08-13,America/Los_Angeles,disneyland,Disneyland,Fantasyland,278,Mad Tea Party,TRUE,5,2026-08-13T17:40:37.000Z,2026-08-13 10:40:37,https://queue-times.com/parks/16/queue_times.json
2026-08-13T17:45:21.260Z,2026-08-13 10:45:21,2026-08-13,America/Los_Angeles,disneyland,Disneyland,Fantasyland,279,Matterhorn Bobsleds,TRUE,10,2026-08-13T17:40:37.000Z,2026-08-13 10:40:37,https://queue-times.com/parks/16/queue_times.json
2026-08-13T17:45:21.260Z,2026-08-13 10:45:21,2026-08-13,America/Los_Angeles,disneyland,Disneyland,Fantasyland,6711,Meet Disney Princesses at Royal Hall,TRUE,0,2026-08-13T17:40:37.000Z,2026-08-13 10:40:37,https://queue-times.com/parks/16/queue_times.json
2026-08-13T17:45:21.260Z,2026-08-13 10:45:21,2026-08-13,America/Los_Angeles,disneyland,Disneyland,Fantasyland,280,Mr. Toad's Wild Ride,TRUE,10,2026-08-13T17:40:37.000Z,2026-08-13 10:40:37,https://queue-times.com/parks/16/queue_times.json
2026-08-13T17:45:21.260Z,2026-08-13 10:45:21,2026-08-13,America/Los_Angeles,disneyland,Disneyland,Fantasyland,281,Peter Pan's Flight,TRUE,30,2026-08-13T17:40:37.000Z,2026-08-13 10:40:37,https://queue-times.com/parks/16/queue_times.json
2026-08-13T17:45:21.260Z,2026-08-13 10:45:21,2026-08-13,America/Los_Angeles,disneyland,Disneyland,Fantasyland,282,Pinocchio's Daring Journey,TRUE,5,2026-08-13T17:40:37.000Z,2026-08-13 10:40:37,https://queue-times.com/parks/16/queue_times.json
2026-08-13T17:45:21.260Z,2026-08-13 10:45:21,2026-08-13,America/Los_Angeles,disneyland,Disneyland,Fantasyland,687,Sleeping Beauty Castle Walkthrough,FALSE,0,2026-08-13T17:40:37.000Z,2026-08-13 10:40:37,https://queue-times.com/parks/16/queue_times.json
2026-08-13T17:45:21.260Z,2026-08-13 10:45:21,2026-08-13,America/Los_Angeles,disneyland,Disneyland,Fantasyland,283,Snow White's Enchanted Wish,TRUE,15,2026-08-13T17:40:37.000Z,2026-08-13 10:40:37,https://queue-times.com/parks/16/queue_times.json
2026-08-13T17:45:21.260Z,2026-08-13 10:45:21,2026-08-13,America/Los_Angeles,disneyland,Disneyland,Fantasyland,305,Storybook Land Canal Boats,TRUE,10,2026-08-13T17:40:37.000Z,2026-08-13 10:40:37,https://queue-times.com/parks/16/queue_times.json
2026-08-13T17:45:21.260Z,2026-08-13 10:45:21,2026-08-13,America/Los_Angeles,disneyland,Disneyland,Frontierland,323,Big Thunder Mountain Railroad,FALSE,0,2026-08-13T17:40:37.000Z,2026-08-13 10:40:37,https://queue-times.com/parks/16/queue_times.json
2026-08-13T17:45:21.260Z,2026-08-13 10:45:21,2026-08-13,America/Los_Angeles,disneyland,Disneyland,Frontierland,679,Frontierland Shootin' Exposition,FALSE,0,2026-08-13T17:40:37.000Z,2026-08-13 10:40:37,https://queue-times.com/parks/16/queue_times.json
2026-08-13T17:45:21.260Z,2026-08-13 10:45:21,2026-08-13,America/Los_Angeles,disneyland,Disneyland,Frontierland,456,Mark Twain Riverboat,TRUE,10,2026-08-13T17:40:37.000Z,2026-08-13 10:40:37,https://queue-times.com/parks/16/queue_times.json
2026-08-13T17:45:21.260Z,2026-08-13 10:45:21,2026-08-13,America/Los_Angeles,disneyland,Disneyland,Frontierland,331,Pirate's Lair on Tom Sawyer Island,TRUE,5,2026-08-13T17:40:37.000Z,2026-08-13 10:40:37,https://queue-times.com/parks/16/queue_times.json
2026-08-13T17:45:21.260Z,2026-08-13 10:45:21,2026-08-13,America/Los_Angeles,disneyland,Disneyland,Frontierland,328,Sailing Ship Columbia,FALSE,0,2026-08-13T17:40:37.000Z,2026-08-13 10:40:37,https://queue-times.com/parks/16/queue_times.json
2026-08-13T17:45:21.260Z,2026-08-13 10:45:21,2026-08-13,America/Los_Angeles,disneyland,Disneyland,Main Street U.S.A,674,Disneyland Railroad,TRUE,5,2026-08-13T17:40:37.000Z,2026-08-13 10:40:37,https://queue-times.com/parks/16/queue_times.json
2026-08-13T17:45:21.260Z,2026-08-13 10:45:21,2026-08-13,America/Los_Angeles,disneyland,Disneyland,Main Street U.S.A,690,Great Moments with Mr. Lincoln,TRUE,0,2026-08-13T17:40:37.000Z,2026-08-13 10:40:37,https://queue-times.com/parks/16/queue_times.json
2026-08-13T17:45:21.260Z,2026-08-13 10:45:21,2026-08-13,America/Los_Angeles,disneyland,Disneyland,Main Street U.S.A,686,Main Street Cinema,FALSE,0,2026-08-13T17:40:37.000Z,2026-08-13 10:40:37,https://queue-times.com/parks/16/queue_times.json
2026-08-13T17:45:21.260Z,2026-08-13 10:45:21,2026-08-13,America/Los_Angeles,disneyland,Disneyland,Main Street U.S.A,691,Main Street Vehicles,TRUE,0,2026-08-13T17:40:37.000Z,2026-08-13 10:40:37,https://queue-times.com/parks/16/queue_times.json
2026-08-13T17:45:21.260Z,2026-08-13 10:45:21,2026-08-13,America/Los_Angeles,disneyland,Disneyland,Main Street U.S.A,14915,Opera House - Walt Disney - A Magical Life,TRUE,0,2026-08-13T17:40:37.000Z,2026-08-13 10:40:37,https://queue-times.com/parks/16/queue_times.json
2026-08-13T17:45:21.260Z,2026-08-13 10:45:21,2026-08-13,America/Los_Angeles,disneyland,Disneyland,Main Street U.S.A,695,The Disney Gallery,TRUE,0,2026-08-13T17:40:37.000Z,2026-08-13 10:40:37,https://queue-times.com/parks/16/queue_times.json
2026-08-13T17:45:21.260Z,2026-08-13 10:45:21,2026-08-13,America/Los_Angeles,disneyland,Disneyland,Main Street U.S.A,14923,Walt Disney - A Magical Life,FALSE,0,2026-08-13T17:40:37.000Z,2026-08-13 10:40:37,https://queue-times.com/parks/16/queue_times.json
2026-08-13T17:45:21.260Z,2026-08-13 10:45:21,2026-08-13,America/Los_Angeles,disneyland,Disneyland,Mickey's Toontown,324,Chip 'n' Dale's GADGETcoaster,TRUE,15,2026-08-13T17:40:37.000Z,2026-08-13 10:40:37,https://queue-times.com/parks/16/queue_times.json
2026-08-13T17:45:21.260Z,2026-08-13 10:45:21,2026-08-13,America/Los_Angeles,disneyland,Disneyland,Mickey's Toontown,13814,Donald's Duck Pond,TRUE,0,2026-08-13T17:40:37.000Z,2026-08-13 10:40:37,https://queue-times.com/parks/16/queue_times.json
2026-08-13T17:45:21.260Z,2026-08-13 10:45:21,2026-08-13,America/Los_Angeles,disneyland,Disneyland,Mickey's Toontown,11980,Goofy's How-to-Play Yard,TRUE,0,2026-08-13T17:40:37.000Z,2026-08-13 10:40:37,https://queue-times.com/parks/16/queue_times.json
2026-08-13T17:45:21.260Z,2026-08-13 10:45:21,2026-08-13,America/Los_Angeles,disneyland,Disneyland,Mickey's Toontown,11526,Mickey & Minnie's Runaway Railway,TRUE,20,2026-08-13T17:40:37.000Z,2026-08-13 10:40:37,https://queue-times.com/parks/16/queue_times.json
2026-08-13T17:45:21.260Z,2026-08-13 10:45:21,2026-08-13,America/Los_Angeles,disneyland,Disneyland,Mickey's Toontown,709,Mickey's House and Meet Mickey Mouse,TRUE,15,2026-08-13T17:40:37.000Z,2026-08-13 10:40:37,https://queue-times.com/parks/16/queue_times.json
2026-08-13T17:45:21.260Z,2026-08-13 10:45:21,2026-08-13,America/Los_Angeles,disneyland,Disneyland,Mickey's Toontown,327,Mickey's House and Meet Mickey Mouse,FALSE,0,2026-08-13T17:40:37.000Z,2026-08-13 10:40:37,https://queue-times.com/parks/16/queue_times.json
2026-08-13T17:45:21.260Z,2026-08-13 10:45:21,2026-08-13,America/Los_Angeles,disneyland,Disneyland,Mickey's Toontown,684,Minnie's House,TRUE,0,2026-08-13T17:40:37.000Z,2026-08-13 10:40:37,https://queue-times.com/parks/16/queue_times.json
2026-08-13T17:45:21.260Z,2026-08-13 10:45:21,2026-08-13,America/Los_Angeles,disneyland,Disneyland,Mickey's Toontown,332,Roger Rabbit's Car Toon Spin,TRUE,35,2026-08-13T17:40:37.000Z,2026-08-13 10:40:37,https://queue-times.com/parks/16/queue_times.json
2026-08-13T17:45:21.260Z,2026-08-13 10:45:21,2026-08-13,America/Los_Angeles,disneyland,Disneyland,New Orleans Square,13958,Haunted Mansion,FALSE,0,2026-08-13T17:40:37.000Z,2026-08-13 10:40:37,https://queue-times.com/parks/16/queue_times.json
2026-08-13T17:45:21.260Z,2026-08-13 10:45:21,2026-08-13,America/Los_Angeles,disneyland,Disneyland,New Orleans Square,289,Pirates of the Caribbean,TRUE,20,2026-08-13T17:40:37.000Z,2026-08-13 10:40:37,https://queue-times.com/parks/16/queue_times.json
2026-08-13T17:45:21.260Z,2026-08-13 10:45:21,2026-08-13,America/Los_Angeles,disneyland,Disneyland,Star Wars: Galaxy's Edge,6339,Millennium Falcon: Smugglers Run,TRUE,20,2026-08-13T17:40:37.000Z,2026-08-13 10:40:37,https://queue-times.com/parks/16/queue_times.json
2026-08-13T17:45:21.260Z,2026-08-13 10:45:21,2026-08-13,America/Los_Angeles,disneyland,Disneyland,Star Wars: Galaxy's Edge,10903,Millennium Falcon: Smugglers Run Single Rider,TRUE,0,2026-08-13T17:40:37.000Z,2026-08-13 10:40:37,https://queue-times.com/parks/16/queue_times.json
2026-08-13T17:45:21.260Z,2026-08-13 10:45:21,2026-08-13,America/Los_Angeles,disneyland,Disneyland,Star Wars: Galaxy's Edge,6340,Star Wars: Rise of the Resistance,TRUE,65,2026-08-13T17:40:37.000Z,2026-08-13 10:40:37,https://queue-times.com/parks/16/queue_times.json
2026-08-13T17:45:21.260Z,2026-08-13 10:45:21,2026-08-13,America/Los_Angeles,disneyland,Disneyland,Tomorrowland,287,Astro Orbitor,TRUE,25,2026-08-13T17:40:37.000Z,2026-08-13 10:40:37,https://queue-times.com/parks/16/queue_times.json
2026-08-13T17:45:21.260Z,2026-08-13 10:45:21,2026-08-13,America/Los_Angeles,disneyland,Disneyland,Tomorrowland,317,Autopia,TRUE,25,2026-08-13T17:40:37.000Z,2026-08-13 10:40:37,https://queue-times.com/parks/16/queue_times.json
2026-08-13T17:45:21.260Z,2026-08-13 10:45:21,2026-08-13,America/Los_Angeles,disneyland,Disneyland,Tomorrowland,273,Buzz Lightyear Astro Blasters,TRUE,15,2026-08-13T17:40:37.000Z,2026-08-13 10:40:37,https://queue-times.com/parks/16/queue_times.json
2026-08-13T17:45:21.260Z,2026-08-13 10:45:21,2026-08-13,America/Los_Angeles,disneyland,Disneyland,Tomorrowland,274,Disneyland Monorail,TRUE,5,2026-08-13T17:40:37.000Z,2026-08-13 10:40:37,https://queue-times.com/parks/16/queue_times.json
2026-08-13T17:45:21.260Z,2026-08-13 10:45:21,2026-08-13,America/Los_Angeles,disneyland,Disneyland,Tomorrowland,276,Finding Nemo Submarine Voyage,TRUE,20,2026-08-13T17:40:37.000Z,2026-08-13 10:40:37,https://queue-times.com/parks/16/queue_times.json
2026-08-13T17:45:21.260Z,2026-08-13 10:45:21,2026-08-13,America/Los_Angeles,disneyland,Disneyland,Tomorrowland,16627,Pixar Short Film Spotlight,FALSE,0,2026-08-13T17:40:37.000Z,2026-08-13 10:40:37,https://queue-times.com/parks/16/queue_times.json
2026-08-13T17:45:21.260Z,2026-08-13 10:45:21,2026-08-13,America/Los_Angeles,disneyland,Disneyland,Tomorrowland,284,Space Mountain,TRUE,45,2026-08-13T17:40:37.000Z,2026-08-13 10:40:37,https://queue-times.com/parks/16/queue_times.json
2026-08-13T17:45:21.260Z,2026-08-13 10:45:21,2026-08-13,America/Los_Angeles,disneyland,Disneyland,Tomorrowland,286,Star Tours - The Adventures Continue,TRUE,15,2026-08-13T17:40:37.000Z,2026-08-13 10:40:37,https://queue-times.com/parks/16/queue_times.json
2026-08-13T17:45:21.260Z,2026-08-13 10:45:21,2026-08-13,America/Los_Angeles,dca,Disney California Adventure,Avengers Campus,329,Guardians of the Galaxy - Mission: BREAKOUT!,TRUE,30,2026-08-13T17:40:41.000Z,2026-08-13 10:40:41,https://queue-times.com/parks/17/queue_times.json
2026-08-13T17:45:21.260Z,2026-08-13 10:45:21,2026-08-13,America/Los_Angeles,dca,Disney California Adventure,Avengers Campus,8843,WEB SLINGERS: A Spider-Man Adventure,TRUE,40,2026-08-13T17:40:41.000Z,2026-08-13 10:40:41,https://queue-times.com/parks/17/queue_times.json
2026-08-13T17:45:21.260Z,2026-08-13 10:45:21,2026-08-13,America/Los_Angeles,dca,Disney California Adventure,Avengers Campus,10907,WEB SLINGERS: A Spider-Man Adventure Single Rider,TRUE,0,2026-08-13T17:40:41.000Z,2026-08-13 10:40:41,https://queue-times.com/parks/17/queue_times.json
2026-08-13T17:45:21.260Z,2026-08-13 10:45:21,2026-08-13,America/Los_Angeles,dca,Disney California Adventure,Cars Land,13961,Luigi's Rollickin' Roadsters,TRUE,10,2026-08-13T17:40:41.000Z,2026-08-13 10:40:41,https://queue-times.com/parks/17/queue_times.json
2026-08-13T17:45:21.260Z,2026-08-13 10:45:21,2026-08-13,America/Los_Angeles,dca,Disney California Adventure,Cars Land,315,Mater's Junkyard Jamboree,TRUE,25,2026-08-13T17:40:41.000Z,2026-08-13 10:40:41,https://queue-times.com/parks/17/queue_times.json
2026-08-13T17:45:21.260Z,2026-08-13 10:45:21,2026-08-13,America/Los_Angeles,dca,Disney California Adventure,Cars Land,295,Radiator Springs Racers,TRUE,70,2026-08-13T17:40:41.000Z,2026-08-13 10:40:41,https://queue-times.com/parks/17/queue_times.json
2026-08-13T17:45:21.260Z,2026-08-13 10:45:21,2026-08-13,America/Los_Angeles,dca,Disney California Adventure,Cars Land,10904,Radiator Springs Racers Single Rider,TRUE,0,2026-08-13T17:40:41.000Z,2026-08-13 10:40:41,https://queue-times.com/parks/17/queue_times.json
2026-08-13T17:45:21.260Z,2026-08-13 10:45:21,2026-08-13,America/Los_Angeles,dca,Disney California Adventure,Grizzly Peak,302,Grizzly River Run,TRUE,5,2026-08-13T17:40:41.000Z,2026-08-13 10:40:41,https://queue-times.com/parks/17/queue_times.json
2026-08-13T17:45:21.260Z,2026-08-13 10:45:21,2026-08-13,America/Los_Angeles,dca,Disney California Adventure,Grizzly Peak,293,Redwood Creek Challenge Trail,FALSE,0,2026-08-13T17:40:41.000Z,2026-08-13 10:40:41,https://queue-times.com/parks/17/queue_times.json
2026-08-13T17:45:21.260Z,2026-08-13 10:45:21,2026-08-13,America/Los_Angeles,dca,Disney California Adventure,Grizzly Peak,17129,Soarin’ Across America,TRUE,30,2026-08-13T17:40:41.000Z,2026-08-13 10:40:41,https://queue-times.com/parks/17/queue_times.json
2026-08-13T17:45:21.260Z,2026-08-13 10:45:21,2026-08-13,America/Los_Angeles,dca,Disney California Adventure,Hollywood Land,321,Animation Academy,TRUE,0,2026-08-13T17:40:41.000Z,2026-08-13 10:40:41,https://queue-times.com/parks/17/queue_times.json
2026-08-13T17:45:21.260Z,2026-08-13 10:45:21,2026-08-13,America/Los_Angeles,dca,Disney California Adventure,Hollywood Land,6440,Mickey's PhilharMagic,TRUE,10,2026-08-13T17:40:41.000Z,2026-08-13 10:40:41,https://queue-times.com/parks/17/queue_times.json
2026-08-13T17:45:21.260Z,2026-08-13 10:45:21,2026-08-13,America/Los_Angeles,dca,Disney California Adventure,Hollywood Land,291,"Monsters, Inc. Mike & Sulley to the Rescue!",TRUE,25,2026-08-13T17:40:41.000Z,2026-08-13 10:40:41,https://queue-times.com/parks/17/queue_times.json
2026-08-13T17:45:21.260Z,2026-08-13 10:45:21,2026-08-13,America/Los_Angeles,dca,Disney California Adventure,Hollywood Land,868,Sorcerer's Workshop,TRUE,0,2026-08-13T17:40:41.000Z,2026-08-13 10:40:41,https://queue-times.com/parks/17/queue_times.json
2026-08-13T17:45:21.260Z,2026-08-13 10:45:21,2026-08-13,America/Los_Angeles,dca,Disney California Adventure,Hollywood Land,294,Turtle Talk with Crush,TRUE,0,2026-08-13T17:40:41.000Z,2026-08-13 10:40:41,https://queue-times.com/parks/17/queue_times.json
2026-08-13T17:45:21.260Z,2026-08-13 10:45:21,2026-08-13,America/Los_Angeles,dca,Disney California Adventure,Pacific Wharf,869,The Bakery Tour,TRUE,0,2026-08-13T17:40:41.000Z,2026-08-13 10:40:41,https://queue-times.com/parks/17/queue_times.json
2026-08-13T17:45:21.260Z,2026-08-13 10:45:21,2026-08-13,America/Los_Angeles,dca,Disney California Adventure,Paradise Gardens Park,298,Golden Zephyr,TRUE,5,2026-08-13T17:40:41.000Z,2026-08-13 10:40:41,https://queue-times.com/parks/17/queue_times.json
2026-08-13T17:45:21.260Z,2026-08-13 10:45:21,2026-08-13,America/Los_Angeles,dca,Disney California Adventure,Paradise Gardens Park,319,Goofy's Sky School,TRUE,20,2026-08-13T17:40:41.000Z,2026-08-13 10:40:41,https://queue-times.com/parks/17/queue_times.json
2026-08-13T17:45:21.260Z,2026-08-13 10:45:21,2026-08-13,America/Los_Angeles,dca,Disney California Adventure,Paradise Gardens Park,301,Silly Symphony Swings,FALSE,0,2026-08-13T17:40:41.000Z,2026-08-13 10:40:41,https://queue-times.com/parks/17/queue_times.json
2026-08-13T17:45:21.260Z,2026-08-13 10:45:21,2026-08-13,America/Los_Angeles,dca,Disney California Adventure,Paradise Gardens Park,316,The Little Mermaid - Ariel's Undersea Adventure,TRUE,5,2026-08-13T17:40:41.000Z,2026-08-13 10:40:41,https://queue-times.com/parks/17/queue_times.json
2026-08-13T17:45:21.260Z,2026-08-13 10:45:21,2026-08-13,America/Los_Angeles,dca,Disney California Adventure,Paradise Gardens Park,11528,World of Color – ONE,FALSE,0,2026-08-13T17:40:41.000Z,2026-08-13 10:40:41,https://queue-times.com/parks/17/queue_times.json
2026-08-13T17:45:21.260Z,2026-08-13 10:45:21,2026-08-13,America/Los_Angeles,dca,Disney California Adventure,Paradise Gardens Park,14742,World of Color Happiness!,FALSE,0,2026-08-10T07:05:45.000Z,2026-08-10 00:05:45,https://queue-times.com/parks/17/queue_times.json
2026-08-13T17:45:21.260Z,2026-08-13 10:45:21,2026-08-13,America/Los_Angeles,dca,Disney California Adventure,Pixar Pier,866,Games of Pixar Pier,TRUE,5,2026-08-13T17:40:41.000Z,2026-08-13 10:40:41,https://queue-times.com/parks/17/queue_times.json
2026-08-13T17:45:21.260Z,2026-08-13 10:45:21,2026-08-13,America/Los_Angeles,dca,Disney California Adventure,Pixar Pier,322,Incredicoaster,TRUE,15,2026-08-13T17:40:41.000Z,2026-08-13 10:40:41,https://queue-times.com/parks/17/queue_times.json
2026-08-13T17:45:21.260Z,2026-08-13 10:45:21,2026-08-13,America/Los_Angeles,dca,Disney California Adventure,Pixar Pier,10906,Incredicoaster Single Rider,TRUE,0,2026-08-13T17:40:41.000Z,2026-08-13 10:40:41,https://queue-times.com/parks/17/queue_times.json
2026-08-13T17:45:21.260Z,2026-08-13 10:45:21,2026-08-13,America/Los_Angeles,dca,Disney California Adventure,Pixar Pier,6643,Inside Out Emotional Whirlwind,TRUE,5,2026-08-13T17:40:41.000Z,2026-08-13 10:40:41,https://queue-times.com/parks/17/queue_times.json
2026-08-13T17:45:21.260Z,2026-08-13 10:45:21,2026-08-13,America/Los_Angeles,dca,Disney California Adventure,Pixar Pier,310,Jessie's Critter Carousel,TRUE,5,2026-08-13T17:40:41.000Z,2026-08-13 10:40:41,https://queue-times.com/parks/17/queue_times.json
2026-08-13T17:45:21.260Z,2026-08-13 10:45:21,2026-08-13,America/Los_Angeles,dca,Disney California Adventure,Pixar Pier,300,Jumpin' Jellyfish,TRUE,5,2026-08-13T17:40:41.000Z,2026-08-13 10:40:41,https://queue-times.com/parks/17/queue_times.json
2026-08-13T17:45:21.260Z,2026-08-13 10:45:21,2026-08-13,America/Los_Angeles,dca,Disney California Adventure,Pixar Pier,311,Pixar Pal-A-Round - Swinging,TRUE,15,2026-08-13T17:40:41.000Z,2026-08-13 10:40:41,https://queue-times.com/parks/17/queue_times.json
2026-08-13T17:45:21.260Z,2026-08-13 10:45:21,2026-08-13,America/Los_Angeles,dca,Disney California Adventure,Pixar Pier,5557,Pixar Pal-A-Round – Non-Swinging,TRUE,10,2026-08-13T17:40:41.000Z,2026-08-13 10:40:41,https://queue-times.com/parks/17/queue_times.json
2026-08-13T17:45:21.260Z,2026-08-13 10:45:21,2026-08-13,America/Los_Angeles,dca,Disney California Adventure,Pixar Pier,313,Toy Story Midway Mania!,TRUE,30,2026-08-13T17:40:41.000Z,2026-08-13 10:40:41,https://queue-times.com/parks/17/queue_times.json
2026-08-13T18:00:22.076Z,2026-08-13 11:00:22,2026-08-13,America/Los_Angeles,disneyland,Disneyland,Adventureland,12428,Adventureland Treehouse inspired by Walt Disney’s Swiss Family Robinson,TRUE,0,2026-08-13T17:55:31.000Z,2026-08-13 10:55:31,https://queue-times.com/parks/16/queue_times.json
2026-08-13T18:00:22.076Z,2026-08-13 11:00:22,2026-08-13,America/Los_Angeles,disneyland,Disneyland,Adventureland,326,Indiana Jones™ Adventure,TRUE,40,2026-08-13T17:55:31.000Z,2026-08-13 10:55:31,https://queue-times.com/parks/16/queue_times.json
2026-08-13T18:00:22.076Z,2026-08-13 11:00:22,2026-08-13,America/Los_Angeles,disneyland,Disneyland,Adventureland,296,Jungle Cruise,TRUE,10,2026-08-13T17:55:31.000Z,2026-08-13 10:55:31,https://queue-times.com/parks/16/queue_times.json
2026-08-13T18:00:22.076Z,2026-08-13 11:00:22,2026-08-13,America/Los_Angeles,disneyland,Disneyland,Adventureland,288,Walt Disney's Enchanted Tiki Room,TRUE,0,2026-08-13T17:55:31.000Z,2026-08-13 10:55:31,https://queue-times.com/parks/16/queue_times.json
2026-08-13T18:00:22.076Z,2026-08-13 11:00:22,2026-08-13,America/Los_Angeles,disneyland,Disneyland,Bayou Country,304,Davy Crockett's Explorer Canoes,FALSE,0,2026-08-13T17:55:31.000Z,2026-08-13 10:55:31,https://queue-times.com/parks/16/queue_times.json
2026-08-13T18:00:22.076Z,2026-08-13 11:00:22,2026-08-13,America/Los_Angeles,disneyland,Disneyland,Bayou Country,306,The Many Adventures of Winnie the Pooh,TRUE,5,2026-08-13T17:55:31.000Z,2026-08-13 10:55:31,https://queue-times.com/parks/16/queue_times.json
2026-08-13T18:00:22.076Z,2026-08-13 11:00:22,2026-08-13,America/Los_Angeles,disneyland,Disneyland,Bayou Country,14168,Tiana's Bayou Adventure,TRUE,25,2026-08-13T17:55:31.000Z,2026-08-13 10:55:31,https://queue-times.com/parks/16/queue_times.json
2026-08-13T18:00:22.076Z,2026-08-13 11:00:22,2026-08-13,America/Los_Angeles,disneyland,Disneyland,Bayou Country,14326,Tiana's Bayou Adventure Single Rider,TRUE,0,2026-08-13T17:55:31.000Z,2026-08-13 10:55:31,https://queue-times.com/parks/16/queue_times.json
2026-08-13T18:00:22.076Z,2026-08-13 11:00:22,2026-08-13,America/Los_Angeles,disneyland,Disneyland,Fantasyland,307,"""it's a small world""",TRUE,5,2026-08-13T17:55:31.000Z,2026-08-13 10:55:31,https://queue-times.com/parks/16/queue_times.json
2026-08-13T18:00:22.076Z,2026-08-13 11:00:22,2026-08-13,America/Los_Angeles,disneyland,Disneyland,Fantasyland,285,Alice in Wonderland,TRUE,30,2026-08-13T17:55:31.000Z,2026-08-13 10:55:31,https://queue-times.com/parks/16/queue_times.json
2026-08-13T18:00:22.076Z,2026-08-13 11:00:22,2026-08-13,America/Los_Angeles,disneyland,Disneyland,Fantasyland,16254,Bluey’s Best Day Ever! at Fantasyland Theatre,TRUE,0,2026-08-13T17:55:31.000Z,2026-08-13 10:55:31,https://queue-times.com/parks/16/queue_times.json
2026-08-13T18:00:22.076Z,2026-08-13 11:00:22,2026-08-13,America/Los_Angeles,disneyland,Disneyland,Fantasyland,303,Casey Jr. Circus Train,TRUE,10,2026-08-13T17:55:31.000Z,2026-08-13 10:55:31,https://queue-times.com/parks/16/queue_times.json
2026-08-13T18:00:22.076Z,2026-08-13 11:00:22,2026-08-13,America/Los_Angeles,disneyland,Disneyland,Fantasyland,275,Dumbo the Flying Elephant,TRUE,25,2026-08-13T17:55:31.000Z,2026-08-13 10:55:31,https://queue-times.com/parks/16/queue_times.json
2026-08-13T18:00:22.076Z,2026-08-13 11:00:22,2026-08-13,America/Los_Angeles,disneyland,Disneyland,Fantasyland,277,King Arthur Carrousel,TRUE,5,2026-08-13T17:55:31.000Z,2026-08-13 10:55:31,https://queue-times.com/parks/16/queue_times.json
2026-08-13T18:00:22.076Z,2026-08-13 11:00:22,2026-08-13,America/Los_Angeles,disneyland,Disneyland,Fantasyland,278,Mad Tea Party,TRUE,5,2026-08-13T17:55:31.000Z,2026-08-13 10:55:31,https://queue-times.com/parks/16/queue_times.json
2026-08-13T18:00:22.076Z,2026-08-13 11:00:22,2026-08-13,America/Los_Angeles,disneyland,Disneyland,Fantasyland,279,Matterhorn Bobsleds,FALSE,0,2026-08-13T17:55:31.000Z,2026-08-13 10:55:31,https://queue-times.com/parks/16/queue_times.json
2026-08-13T18:00:22.076Z,2026-08-13 11:00:22,2026-08-13,America/Los_Angeles,disneyland,Disneyland,Fantasyland,6711,Meet Disney Princesses at Royal Hall,TRUE,0,2026-08-13T17:55:31.000Z,2026-08-13 10:55:31,https://queue-times.com/parks/16/queue_times.json
2026-08-13T18:00:22.076Z,2026-08-13 11:00:22,2026-08-13,America/Los_Angeles,disneyland,Disneyland,Fantasyland,280,Mr. Toad's Wild Ride,TRUE,10,2026-08-13T17:55:31.000Z,2026-08-13 10:55:31,https://queue-times.com/parks/16/queue_times.json
2026-08-13T18:00:22.076Z,2026-08-13 11:00:22,2026-08-13,America/Los_Angeles,disneyland,Disneyland,Fantasyland,281,Peter Pan's Flight,TRUE,30,2026-08-13T17:55:31.000Z,2026-08-13 10:55:31,https://queue-times.com/parks/16/queue_times.json
2026-08-13T18:00:22.076Z,2026-08-13 11:00:22,2026-08-13,America/Los_Angeles,disneyland,Disneyland,Fantasyland,282,Pinocchio's Daring Journey,TRUE,5,2026-08-13T17:55:31.000Z,2026-08-13 10:55:31,https://queue-times.com/parks/16/queue_times.json
2026-08-13T18:00:22.076Z,2026-08-13 11:00:22,2026-08-13,America/Los_Angeles,disneyland,Disneyland,Fantasyland,687,Sleeping Beauty Castle Walkthrough,FALSE,0,2026-08-13T17:55:31.000Z,2026-08-13 10:55:31,https://queue-times.com/parks/16/queue_times.json
2026-08-13T18:00:22.076Z,2026-08-13 11:00:22,2026-08-13,America/Los_Angeles,disneyland,Disneyland,Fantasyland,283,Snow White's Enchanted Wish,TRUE,15,2026-08-13T17:55:31.000Z,2026-08-13 10:55:31,https://queue-times.com/parks/16/queue_times.json
2026-08-13T18:00:22.076Z,2026-08-13 11:00:22,2026-08-13,America/Los_Angeles,disneyland,Disneyland,Fantasyland,305,Storybook Land Canal Boats,TRUE,10,2026-08-13T17:55:31.000Z,2026-08-13 10:55:31,https://queue-times.com/parks/16/queue_times.json
2026-08-13T18:00:22.076Z,2026-08-13 11:00:22,2026-08-13,America/Los_Angeles,disneyland,Disneyland,Frontierland,323,Big Thunder Mountain Railroad,FALSE,0,2026-08-13T17:55:31.000Z,2026-08-13 10:55:31,https://queue-times.com/parks/16/queue_times.json
2026-08-13T18:00:22.076Z,2026-08-13 11:00:22,2026-08-13,America/Los_Angeles,disneyland,Disneyland,Frontierland,679,Frontierland Shootin' Exposition,FALSE,0,2026-08-13T17:55:31.000Z,2026-08-13 10:55:31,https://queue-times.com/parks/16/queue_times.json
2026-08-13T18:00:22.076Z,2026-08-13 11:00:22,2026-08-13,America/Los_Angeles,disneyland,Disneyland,Frontierland,456,Mark Twain Riverboat,TRUE,10,2026-08-13T17:55:31.000Z,2026-08-13 10:55:31,https://queue-times.com/parks/16/queue_times.json
2026-08-13T18:00:22.076Z,2026-08-13 11:00:22,2026-08-13,America/Los_Angeles,disneyland,Disneyland,Frontierland,331,Pirate's Lair on Tom Sawyer Island,TRUE,5,2026-08-13T17:55:31.000Z,2026-08-13 10:55:31,https://queue-times.com/parks/16/queue_times.json
2026-08-13T18:00:22.076Z,2026-08-13 11:00:22,2026-08-13,America/Los_Angeles,disneyland,Disneyland,Frontierland,328,Sailing Ship Columbia,FALSE,0,2026-08-13T17:55:31.000Z,2026-08-13 10:55:31,https://queue-times.com/parks/16/queue_times.json
2026-08-13T18:00:22.076Z,2026-08-13 11:00:22,2026-08-13,America/Los_Angeles,disneyland,Disneyland,Main Street U.S.A,674,Disneyland Railroad,TRUE,5,2026-08-13T17:55:31.000Z,2026-08-13 10:55:31,https://queue-times.com/parks/16/queue_times.json
2026-08-13T18:00:22.076Z,2026-08-13 11:00:22,2026-08-13,America/Los_Angeles,disneyland,Disneyland,Main Street U.S.A,690,Great Moments with Mr. Lincoln,TRUE,0,2026-08-13T17:55:31.000Z,2026-08-13 10:55:31,https://queue-times.com/parks/16/queue_times.json
2026-08-13T18:00:22.076Z,2026-08-13 11:00:22,2026-08-13,America/Los_Angeles,disneyland,Disneyland,Main Street U.S.A,686,Main Street Cinema,FALSE,0,2026-08-13T17:55:31.000Z,2026-08-13 10:55:31,https://queue-times.com/parks/16/queue_times.json
2026-08-13T18:00:22.076Z,2026-08-13 11:00:22,2026-08-13,America/Los_Angeles,disneyland,Disneyland,Main Street U.S.A,691,Main Street Vehicles,TRUE,0,2026-08-13T17:55:31.000Z,2026-08-13 10:55:31,https://queue-times.com/parks/16/queue_times.json
2026-08-13T18:00:22.076Z,2026-08-13 11:00:22,2026-08-13,America/Los_Angeles,disneyland,Disneyland,Main Street U.S.A,14915,Opera House - Walt Disney - A Magical Life,TRUE,0,2026-08-13T17:55:31.000Z,2026-08-13 10:55:31,https://queue-times.com/parks/16/queue_times.json
2026-08-13T18:00:22.076Z,2026-08-13 11:00:22,2026-08-13,America/Los_Angeles,disneyland,Disneyland,Main Street U.S.A,695,The Disney Gallery,TRUE,0,2026-08-13T17:55:31.000Z,2026-08-13 10:55:31,https://queue-times.com/parks/16/queue_times.json
2026-08-13T18:00:22.076Z,2026-08-13 11:00:22,2026-08-13,America/Los_Angeles,disneyland,Disneyland,Main Street U.S.A,14923,Walt Disney - A Magical Life,FALSE,0,2026-08-13T17:55:31.000Z,2026-08-13 10:55:31,https://queue-times.com/parks/16/queue_times.json
2026-08-13T18:00:22.076Z,2026-08-13 11:00:22,2026-08-13,America/Los_Angeles,disneyland,Disneyland,Mickey's Toontown,324,Chip 'n' Dale's GADGETcoaster,TRUE,15,2026-08-13T17:55:31.000Z,2026-08-13 10:55:31,https://queue-times.com/parks/16/queue_times.json
2026-08-13T18:00:22.076Z,2026-08-13 11:00:22,2026-08-13,America/Los_Angeles,disneyland,Disneyland,Mickey's Toontown,13814,Donald's Duck Pond,TRUE,0,2026-08-13T17:55:31.000Z,2026-08-13 10:55:31,https://queue-times.com/parks/16/queue_times.json
2026-08-13T18:00:22.076Z,2026-08-13 11:00:22,2026-08-13,America/Los_Angeles,disneyland,Disneyland,Mickey's Toontown,11980,Goofy's How-to-Play Yard,TRUE,0,2026-08-13T17:55:31.000Z,2026-08-13 10:55:31,https://queue-times.com/parks/16/queue_times.json
2026-08-13T18:00:22.076Z,2026-08-13 11:00:22,2026-08-13,America/Los_Angeles,disneyland,Disneyland,Mickey's Toontown,11526,Mickey & Minnie's Runaway Railway,TRUE,25,2026-08-13T17:55:31.000Z,2026-08-13 10:55:31,https://queue-times.com/parks/16/queue_times.json
2026-08-13T18:00:22.076Z,2026-08-13 11:00:22,2026-08-13,America/Los_Angeles,disneyland,Disneyland,Mickey's Toontown,709,Mickey's House and Meet Mickey Mouse,TRUE,15,2026-08-13T17:55:31.000Z,2026-08-13 10:55:31,https://queue-times.com/parks/16/queue_times.json
2026-08-13T18:00:22.076Z,2026-08-13 11:00:22,2026-08-13,America/Los_Angeles,disneyland,Disneyland,Mickey's Toontown,327,Mickey's House and Meet Mickey Mouse,FALSE,0,2026-08-13T17:55:31.000Z,2026-08-13 10:55:31,https://queue-times.com/parks/16/queue_times.json
2026-08-13T18:00:22.076Z,2026-08-13 11:00:22,2026-08-13,America/Los_Angeles,disneyland,Disneyland,Mickey's Toontown,684,Minnie's House,TRUE,0,2026-08-13T17:55:31.000Z,2026-08-13 10:55:31,https://queue-times.com/parks/16/queue_times.json
2026-08-13T18:00:22.076Z,2026-08-13 11:00:22,2026-08-13,America/Los_Angeles,disneyland,Disneyland,Mickey's Toontown,332,Roger Rabbit's Car Toon Spin,TRUE,35,2026-08-13T17:55:31.000Z,2026-08-13 10:55:31,https://queue-times.com/parks/16/queue_times.json
2026-08-13T18:00:22.076Z,2026-08-13 11:00:22,2026-08-13,America/Los_Angeles,disneyland,Disneyland,New Orleans Square,13958,Haunted Mansion,FALSE,0,2026-08-13T17:55:31.000Z,2026-08-13 10:55:31,https://queue-times.com/parks/16/queue_times.json
2026-08-13T18:00:22.076Z,2026-08-13 11:00:22,2026-08-13,America/Los_Angeles,disneyland,Disneyland,New Orleans Square,289,Pirates of the Caribbean,TRUE,20,2026-08-13T17:55:31.000Z,2026-08-13 10:55:31,https://queue-times.com/parks/16/queue_times.json
2026-08-13T18:00:22.076Z,2026-08-13 11:00:22,2026-08-13,America/Los_Angeles,disneyland,Disneyland,Star Wars: Galaxy's Edge,6339,Millennium Falcon: Smugglers Run,TRUE,10,2026-08-13T17:55:31.000Z,2026-08-13 10:55:31,https://queue-times.com/parks/16/queue_times.json
2026-08-13T18:00:22.076Z,2026-08-13 11:00:22,2026-08-13,America/Los_Angeles,disneyland,Disneyland,Star Wars: Galaxy's Edge,10903,Millennium Falcon: Smugglers Run Single Rider,TRUE,0,2026-08-13T17:55:31.000Z,2026-08-13 10:55:31,https://queue-times.com/parks/16/queue_times.json
2026-08-13T18:00:22.076Z,2026-08-13 11:00:22,2026-08-13,America/Los_Angeles,disneyland,Disneyland,Star Wars: Galaxy's Edge,6340,Star Wars: Rise of the Resistance,TRUE,55,2026-08-13T17:55:31.000Z,2026-08-13 10:55:31,https://queue-times.com/parks/16/queue_times.json
2026-08-13T18:00:22.076Z,2026-08-13 11:00:22,2026-08-13,America/Los_Angeles,disneyland,Disneyland,Tomorrowland,287,Astro Orbitor,TRUE,25,2026-08-13T17:55:31.000Z,2026-08-13 10:55:31,https://queue-times.com/parks/16/queue_times.json
2026-08-13T18:00:22.076Z,2026-08-13 11:00:22,2026-08-13,America/Los_Angeles,disneyland,Disneyland,Tomorrowland,317,Autopia,TRUE,25,2026-08-13T17:55:31.000Z,2026-08-13 10:55:31,https://queue-times.com/parks/16/queue_times.json
2026-08-13T18:00:22.076Z,2026-08-13 11:00:22,2026-08-13,America/Los_Angeles,disneyland,Disneyland,Tomorrowland,273,Buzz Lightyear Astro Blasters,TRUE,25,2026-08-13T17:55:31.000Z,2026-08-13 10:55:31,https://queue-times.com/parks/16/queue_times.json
2026-08-13T18:00:22.076Z,2026-08-13 11:00:22,2026-08-13,America/Los_Angeles,disneyland,Disneyland,Tomorrowland,274,Disneyland Monorail,TRUE,5,2026-08-13T17:55:31.000Z,2026-08-13 10:55:31,https://queue-times.com/parks/16/queue_times.json
2026-08-13T18:00:22.076Z,2026-08-13 11:00:22,2026-08-13,America/Los_Angeles,disneyland,Disneyland,Tomorrowland,276,Finding Nemo Submarine Voyage,TRUE,20,2026-08-13T17:55:31.000Z,2026-08-13 10:55:31,https://queue-times.com/parks/16/queue_times.json
2026-08-13T18:00:22.076Z,2026-08-13 11:00:22,2026-08-13,America/Los_Angeles,disneyland,Disneyland,Tomorrowland,16627,Pixar Short Film Spotlight,FALSE,0,2026-08-13T17:55:31.000Z,2026-08-13 10:55:31,https://queue-times.com/parks/16/queue_times.json
2026-08-13T18:00:22.076Z,2026-08-13 11:00:22,2026-08-13,America/Los_Angeles,disneyland,Disneyland,Tomorrowland,284,Space Mountain,TRUE,35,2026-08-13T17:55:31.000Z,2026-08-13 10:55:31,https://queue-times.com/parks/16/queue_times.json
2026-08-13T18:00:22.076Z,2026-08-13 11:00:22,2026-08-13,America/Los_Angeles,disneyland,Disneyland,Tomorrowland,286,Star Tours - The Adventures Continue,TRUE,20,2026-08-13T17:55:31.000Z,2026-08-13 10:55:31,https://queue-times.com/parks/16/queue_times.json
2026-08-13T18:00:22.076Z,2026-08-13 11:00:22,2026-08-13,America/Los_Angeles,dca,Disney California Adventure,Avengers Campus,329,Guardians of the Galaxy - Mission: BREAKOUT!,TRUE,45,2026-08-13T17:55:37.000Z,2026-08-13 10:55:37,https://queue-times.com/parks/17/queue_times.json
2026-08-13T18:00:22.076Z,2026-08-13 11:00:22,2026-08-13,America/Los_Angeles,dca,Disney California Adventure,Avengers Campus,8843,WEB SLINGERS: A Spider-Man Adventure,TRUE,40,2026-08-13T17:55:37.000Z,2026-08-13 10:55:37,https://queue-times.com/parks/17/queue_times.json
2026-08-13T18:00:22.076Z,2026-08-13 11:00:22,2026-08-13,America/Los_Angeles,dca,Disney California Adventure,Avengers Campus,10907,WEB SLINGERS: A Spider-Man Adventure Single Rider,TRUE,0,2026-08-13T17:55:37.000Z,2026-08-13 10:55:37,https://queue-times.com/parks/17/queue_times.json
2026-08-13T18:00:22.076Z,2026-08-13 11:00:22,2026-08-13,America/Los_Angeles,dca,Disney California Adventure,Cars Land,13961,Luigi's Rollickin' Roadsters,TRUE,10,2026-08-13T17:55:37.000Z,2026-08-13 10:55:37,https://queue-times.com/parks/17/queue_times.json
2026-08-13T18:00:22.076Z,2026-08-13 11:00:22,2026-08-13,America/Los_Angeles,dca,Disney California Adventure,Cars Land,315,Mater's Junkyard Jamboree,TRUE,25,2026-08-13T17:55:37.000Z,2026-08-13 10:55:37,https://queue-times.com/parks/17/queue_times.json
2026-08-13T18:00:22.076Z,2026-08-13 11:00:22,2026-08-13,America/Los_Angeles,dca,Disney California Adventure,Cars Land,295,Radiator Springs Racers,TRUE,70,2026-08-13T17:55:37.000Z,2026-08-13 10:55:37,https://queue-times.com/parks/17/queue_times.json
2026-08-13T18:00:22.076Z,2026-08-13 11:00:22,2026-08-13,America/Los_Angeles,dca,Disney California Adventure,Cars Land,10904,Radiator Springs Racers Single Rider,TRUE,0,2026-08-13T17:55:37.000Z,2026-08-13 10:55:37,https://queue-times.com/parks/17/queue_times.json
2026-08-13T18:00:22.076Z,2026-08-13 11:00:22,2026-08-13,America/Los_Angeles,dca,Disney California Adventure,Grizzly Peak,302,Grizzly River Run,TRUE,5,2026-08-13T17:55:37.000Z,2026-08-13 10:55:37,https://queue-times.com/parks/17/queue_times.json
2026-08-13T18:00:22.076Z,2026-08-13 11:00:22,2026-08-13,America/Los_Angeles,dca,Disney California Adventure,Grizzly Peak,293,Redwood Creek Challenge Trail,FALSE,0,2026-08-13T17:55:37.000Z,2026-08-13 10:55:37,https://queue-times.com/parks/17/queue_times.json
2026-08-13T18:00:22.076Z,2026-08-13 11:00:22,2026-08-13,America/Los_Angeles,dca,Disney California Adventure,Grizzly Peak,17129,Soarin’ Across America,TRUE,30,2026-08-13T17:55:37.000Z,2026-08-13 10:55:37,https://queue-times.com/parks/17/queue_times.json
2026-08-13T18:00:22.076Z,2026-08-13 11:00:22,2026-08-13,America/Los_Angeles,dca,Disney California Adventure,Hollywood Land,321,Animation Academy,TRUE,0,2026-08-13T17:55:37.000Z,2026-08-13 10:55:37,https://queue-times.com/parks/17/queue_times.json
2026-08-13T18:00:22.076Z,2026-08-13 11:00:22,2026-08-13,America/Los_Angeles,dca,Disney California Adventure,Hollywood Land,6440,Mickey's PhilharMagic,TRUE,10,2026-08-13T17:55:37.000Z,2026-08-13 10:55:37,https://queue-times.com/parks/17/queue_times.json
2026-08-13T18:00:22.076Z,2026-08-13 11:00:22,2026-08-13,America/Los_Angeles,dca,Disney California Adventure,Hollywood Land,291,"Monsters, Inc. Mike & Sulley to the Rescue!",TRUE,25,2026-08-13T17:55:37.000Z,2026-08-13 10:55:37,https://queue-times.com/parks/17/queue_times.json
2026-08-13T18:00:22.076Z,2026-08-13 11:00:22,2026-08-13,America/Los_Angeles,dca,Disney California Adventure,Hollywood Land,868,Sorcerer's Workshop,TRUE,0,2026-08-13T17:55:37.000Z,2026-08-13 10:55:37,https://queue-times.com/parks/17/queue_times.json
2026-08-13T18:00:22.076Z,2026-08-13 11:00:22,2026-08-13,America/Los_Angeles,dca,Disney California Adventure,Hollywood Land,294,Turtle Talk with Crush,TRUE,0,2026-08-13T17:55:37.000Z,2026-08-13 10:55:37,https://queue-times.com/parks/17/queue_times.json
2026-08-13T18:00:22.076Z,2026-08-13 11:00:22,2026-08-13,America/Los_Angeles,dca,Disney California Adventure,Pacific Wharf,869,The Bakery Tour,TRUE,0,2026-08-13T17:55:37.000Z,2026-08-13 10:55:37,https://queue-times.com/parks/17/queue_times.json
2026-08-13T18:00:22.076Z,2026-08-13 11:00:22,2026-08-13,America/Los_Angeles,dca,Disney California Adventure,Paradise Gardens Park,298,Golden Zephyr,FALSE,0,2026-08-13T17:55:37.000Z,2026-08-13 10:55:37,https://queue-times.com/parks/17/queue_times.json
2026-08-13T18:00:22.076Z,2026-08-13 11:00:22,2026-08-13,America/Los_Angeles,dca,Disney California Adventure,Paradise Gardens Park,319,Goofy's Sky School,TRUE,25,2026-08-13T17:55:37.000Z,2026-08-13 10:55:37,https://queue-times.com/parks/17/queue_times.json
2026-08-13T18:00:22.076Z,2026-08-13 11:00:22,2026-08-13,America/Los_Angeles,dca,Disney California Adventure,Paradise Gardens Park,301,Silly Symphony Swings,FALSE,0,2026-08-13T17:55:37.000Z,2026-08-13 10:55:37,https://queue-times.com/parks/17/queue_times.json
2026-08-13T18:00:22.076Z,2026-08-13 11:00:22,2026-08-13,America/Los_Angeles,dca,Disney California Adventure,Paradise Gardens Park,316,The Little Mermaid - Ariel's Undersea Adventure,TRUE,5,2026-08-13T17:55:37.000Z,2026-08-13 10:55:37,https://queue-times.com/parks/17/queue_times.json
2026-08-13T18:00:22.076Z,2026-08-13 11:00:22,2026-08-13,America/Los_Angeles,dca,Disney California Adventure,Paradise Gardens Park,11528,World of Color – ONE,FALSE,0,2026-08-13T17:55:37.000Z,2026-08-13 10:55:37,https://queue-times.com/parks/17/queue_times.json
2026-08-13T18:00:22.076Z,2026-08-13 11:00:22,2026-08-13,America/Los_Angeles,dca,Disney California Adventure,Paradise Gardens Park,14742,World of Color Happiness!,FALSE,0,2026-08-10T07:05:45.000Z,2026-08-10 00:05:45,https://queue-times.com/parks/17/queue_times.json
2026-08-13T18:00:22.076Z,2026-08-13 11:00:22,2026-08-13,America/Los_Angeles,dca,Disney California Adventure,Pixar Pier,866,Games of Pixar Pier,TRUE,5,2026-08-13T17:55:37.000Z,2026-08-13 10:55:37,https://queue-times.com/parks/17/queue_times.json
2026-08-13T18:00:22.076Z,2026-08-13 11:00:22,2026-08-13,America/Los_Angeles,dca,Disney California Adventure,Pixar Pier,322,Incredicoaster,TRUE,15,2026-08-13T17:55:37.000Z,2026-08-13 10:55:37,https://queue-times.com/parks/17/queue_times.json
2026-08-13T18:00:22.076Z,2026-08-13 11:00:22,2026-08-13,America/Los_Angeles,dca,Disney California Adventure,Pixar Pier,10906,Incredicoaster Single Rider,TRUE,0,2026-08-13T17:55:37.000Z,2026-08-13 10:55:37,https://queue-times.com/parks/17/queue_times.json
2026-08-13T18:00:22.076Z,2026-08-13 11:00:22,2026-08-13,America/Los_Angeles,dca,Disney California Adventure,Pixar Pier,6643,Inside Out Emotional Whirlwind,TRUE,5,2026-08-13T17:55:37.000Z,2026-08-13 10:55:37,https://queue-times.com/parks/17/queue_times.json
2026-08-13T18:00:22.076Z,2026-08-13 11:00:22,2026-08-13,America/Los_Angeles,dca,Disney California Adventure,Pixar Pier,310,Jessie's Critter Carousel,TRUE,5,2026-08-13T17:55:37.000Z,2026-08-13 10:55:37,https://queue-times.com/parks/17/queue_times.json
2026-08-13T18:00:22.076Z,2026-08-13 11:00:22,2026-08-13,America/Los_Angeles,dca,Disney California Adventure,Pixar Pier,300,Jumpin' Jellyfish,TRUE,5,2026-08-13T17:55:37.000Z,2026-08-13 10:55:37,https://queue-times.com/parks/17/queue_times.json
2026-08-13T18:00:22.076Z,2026-08-13 11:00:22,2026-08-13,America/Los_Angeles,dca,Disney California Adventure,Pixar Pier,311,Pixar Pal-A-Round - Swinging,TRUE,15,2026-08-13T17:55:37.000Z,2026-08-13 10:55:37,https://queue-times.com/parks/17/queue_times.json
2026-08-13T18:00:22.076Z,2026-08-13 11:00:22,2026-08-13,America/Los_Angeles,dca,Disney California Adventure,Pixar Pier,5557,Pixar Pal-A-Round – Non-Swinging,TRUE,20,2026-08-13T17:55:37.000Z,2026-08-13 10:55:37,https://queue-times.com/parks/17/queue_times.json
2026-08-13T18:00:22.076Z,2026-08-13 11:00:22,2026-08-13,America/Los_Angeles,dca,Disney California Adventure,Pixar Pier,313,Toy Story Midway Mania!,TRUE,40,2026-08-13T17:55:37.000Z,2026-08-13 10:55:37,https://queue-times.com/parks/17/queue_times.json
2026-08-13T18:15:23.938Z,2026-08-13 11:15:23,2026-08-13,America/Los_Angeles,disneyland,Disneyland,Adventureland,12428,Adventureland Treehouse inspired by Walt Disney’s Swiss Family Robinson,TRUE,0,2026-08-13T18:10:37.000Z,2026-08-13 11:10:37,https://queue-times.com/parks/16/queue_times.json
2026-08-13T18:15:23.938Z,2026-08-13 11:15:23,2026-08-13,America/Los_Angeles,disneyland,Disneyland,Adventureland,326,Indiana Jones™ Adventure,TRUE,20,2026-08-13T18:10:37.000Z,2026-08-13 11:10:37,https://queue-times.com/parks/16/queue_times.json
2026-08-13T18:15:23.938Z,2026-08-13 11:15:23,2026-08-13,America/Los_Angeles,disneyland,Disneyland,Adventureland,296,Jungle Cruise,TRUE,15,2026-08-13T18:10:37.000Z,2026-08-13 11:10:37,https://queue-times.com/parks/16/queue_times.json
2026-08-13T18:15:23.938Z,2026-08-13 11:15:23,2026-08-13,America/Los_Angeles,disneyland,Disneyland,Adventureland,288,Walt Disney's Enchanted Tiki Room,TRUE,0,2026-08-13T18:10:37.000Z,2026-08-13 11:10:37,https://queue-times.com/parks/16/queue_times.json
2026-08-13T18:15:23.938Z,2026-08-13 11:15:23,2026-08-13,America/Los_Angeles,disneyland,Disneyland,Bayou Country,304,Davy Crockett's Explorer Canoes,FALSE,0,2026-08-13T18:10:37.000Z,2026-08-13 11:10:37,https://queue-times.com/parks/16/queue_times.json
2026-08-13T18:15:23.938Z,2026-08-13 11:15:23,2026-08-13,America/Los_Angeles,disneyland,Disneyland,Bayou Country,306,The Many Adventures of Winnie the Pooh,TRUE,5,2026-08-13T18:10:37.000Z,2026-08-13 11:10:37,https://queue-times.com/parks/16/queue_times.json
2026-08-13T18:15:23.938Z,2026-08-13 11:15:23,2026-08-13,America/Los_Angeles,disneyland,Disneyland,Bayou Country,14168,Tiana's Bayou Adventure,TRUE,25,2026-08-13T18:10:37.000Z,2026-08-13 11:10:37,https://queue-times.com/parks/16/queue_times.json
2026-08-13T18:15:23.938Z,2026-08-13 11:15:23,2026-08-13,America/Los_Angeles,disneyland,Disneyland,Bayou Country,14326,Tiana's Bayou Adventure Single Rider,TRUE,0,2026-08-13T18:10:37.000Z,2026-08-13 11:10:37,https://queue-times.com/parks/16/queue_times.json
2026-08-13T18:15:23.938Z,2026-08-13 11:15:23,2026-08-13,America/Los_Angeles,disneyland,Disneyland,Fantasyland,307,"""it's a small world""",TRUE,10,2026-08-13T18:10:37.000Z,2026-08-13 11:10:37,https://queue-times.com/parks/16/queue_times.json
2026-08-13T18:15:23.938Z,2026-08-13 11:15:23,2026-08-13,America/Los_Angeles,disneyland,Disneyland,Fantasyland,285,Alice in Wonderland,TRUE,20,2026-08-13T18:10:37.000Z,2026-08-13 11:10:37,https://queue-times.com/parks/16/queue_times.json
2026-08-13T18:15:23.938Z,2026-08-13 11:15:23,2026-08-13,America/Los_Angeles,disneyland,Disneyland,Fantasyland,16254,Bluey’s Best Day Ever! at Fantasyland Theatre,TRUE,0,2026-08-13T18:10:37.000Z,2026-08-13 11:10:37,https://queue-times.com/parks/16/queue_times.json
2026-08-13T18:15:23.938Z,2026-08-13 11:15:23,2026-08-13,America/Los_Angeles,disneyland,Disneyland,Fantasyland,303,Casey Jr. Circus Train,TRUE,10,2026-08-13T18:10:37.000Z,2026-08-13 11:10:37,https://queue-times.com/parks/16/queue_times.json
2026-08-13T18:15:23.938Z,2026-08-13 11:15:23,2026-08-13,America/Los_Angeles,disneyland,Disneyland,Fantasyland,275,Dumbo the Flying Elephant,TRUE,25,2026-08-13T18:10:37.000Z,2026-08-13 11:10:37,https://queue-times.com/parks/16/queue_times.json
2026-08-13T18:15:23.938Z,2026-08-13 11:15:23,2026-08-13,America/Los_Angeles,disneyland,Disneyland,Fantasyland,277,King Arthur Carrousel,TRUE,5,2026-08-13T18:10:37.000Z,2026-08-13 11:10:37,https://queue-times.com/parks/16/queue_times.json
2026-08-13T18:15:23.938Z,2026-08-13 11:15:23,2026-08-13,America/Los_Angeles,disneyland,Disneyland,Fantasyland,278,Mad Tea Party,TRUE,5,2026-08-13T18:10:37.000Z,2026-08-13 11:10:37,https://queue-times.com/parks/16/queue_times.json
2026-08-13T18:15:23.938Z,2026-08-13 11:15:23,2026-08-13,America/Los_Angeles,disneyland,Disneyland,Fantasyland,279,Matterhorn Bobsleds,FALSE,0,2026-08-13T18:10:37.000Z,2026-08-13 11:10:37,https://queue-times.com/parks/16/queue_times.json
2026-08-13T18:15:23.938Z,2026-08-13 11:15:23,2026-08-13,America/Los_Angeles,disneyland,Disneyland,Fantasyland,6711,Meet Disney Princesses at Royal Hall,TRUE,0,2026-08-13T18:10:37.000Z,2026-08-13 11:10:37,https://queue-times.com/parks/16/queue_times.json
2026-08-13T18:15:23.938Z,2026-08-13 11:15:23,2026-08-13,America/Los_Angeles,disneyland,Disneyland,Fantasyland,280,Mr. Toad's Wild Ride,TRUE,10,2026-08-13T18:10:37.000Z,2026-08-13 11:10:37,https://queue-times.com/parks/16/queue_times.json
2026-08-13T18:15:23.938Z,2026-08-13 11:15:23,2026-08-13,America/Los_Angeles,disneyland,Disneyland,Fantasyland,281,Peter Pan's Flight,TRUE,20,2026-08-13T18:10:37.000Z,2026-08-13 11:10:37,https://queue-times.com/parks/16/queue_times.json
2026-08-13T18:15:23.938Z,2026-08-13 11:15:23,2026-08-13,America/Los_Angeles,disneyland,Disneyland,Fantasyland,282,Pinocchio's Daring Journey,TRUE,5,2026-08-13T18:10:37.000Z,2026-08-13 11:10:37,https://queue-times.com/parks/16/queue_times.json
2026-08-13T18:15:23.938Z,2026-08-13 11:15:23,2026-08-13,America/Los_Angeles,disneyland,Disneyland,Fantasyland,687,Sleeping Beauty Castle Walkthrough,FALSE,0,2026-08-13T18:10:37.000Z,2026-08-13 11:10:37,https://queue-times.com/parks/16/queue_times.json
2026-08-13T18:15:23.938Z,2026-08-13 11:15:23,2026-08-13,America/Los_Angeles,disneyland,Disneyland,Fantasyland,283,Snow White's Enchanted Wish,TRUE,15,2026-08-13T18:10:37.000Z,2026-08-13 11:10:37,https://queue-times.com/parks/16/queue_times.json
2026-08-13T18:15:23.938Z,2026-08-13 11:15:23,2026-08-13,America/Los_Angeles,disneyland,Disneyland,Fantasyland,305,Storybook Land Canal Boats,TRUE,15,2026-08-13T18:10:37.000Z,2026-08-13 11:10:37,https://queue-times.com/parks/16/queue_times.json
2026-08-13T18:15:23.938Z,2026-08-13 11:15:23,2026-08-13,America/Los_Angeles,disneyland,Disneyland,Frontierland,323,Big Thunder Mountain Railroad,TRUE,5,2026-08-13T18:10:37.000Z,2026-08-13 11:10:37,https://queue-times.com/parks/16/queue_times.json
2026-08-13T18:15:23.938Z,2026-08-13 11:15:23,2026-08-13,America/Los_Angeles,disneyland,Disneyland,Frontierland,679,Frontierland Shootin' Exposition,FALSE,0,2026-08-13T18:10:37.000Z,2026-08-13 11:10:37,https://queue-times.com/parks/16/queue_times.json
2026-08-13T18:15:23.938Z,2026-08-13 11:15:23,2026-08-13,America/Los_Angeles,disneyland,Disneyland,Frontierland,456,Mark Twain Riverboat,TRUE,10,2026-08-13T18:10:37.000Z,2026-08-13 11:10:37,https://queue-times.com/parks/16/queue_times.json
2026-08-13T18:15:23.938Z,2026-08-13 11:15:23,2026-08-13,America/Los_Angeles,disneyland,Disneyland,Frontierland,331,Pirate's Lair on Tom Sawyer Island,TRUE,5,2026-08-13T18:10:37.000Z,2026-08-13 11:10:37,https://queue-times.com/parks/16/queue_times.json
2026-08-13T18:15:23.938Z,2026-08-13 11:15:23,2026-08-13,America/Los_Angeles,disneyland,Disneyland,Frontierland,328,Sailing Ship Columbia,FALSE,0,2026-08-13T18:10:37.000Z,2026-08-13 11:10:37,https://queue-times.com/parks/16/queue_times.json
2026-08-13T18:15:23.938Z,2026-08-13 11:15:23,2026-08-13,America/Los_Angeles,disneyland,Disneyland,Main Street U.S.A,674,Disneyland Railroad,TRUE,5,2026-08-13T18:10:37.000Z,2026-08-13 11:10:37,https://queue-times.com/parks/16/queue_times.json
2026-08-13T18:15:23.938Z,2026-08-13 11:15:23,2026-08-13,America/Los_Angeles,disneyland,Disneyland,Main Street U.S.A,690,Great Moments with Mr. Lincoln,TRUE,0,2026-08-13T18:10:37.000Z,2026-08-13 11:10:37,https://queue-times.com/parks/16/queue_times.json
2026-08-13T18:15:23.938Z,2026-08-13 11:15:23,2026-08-13,America/Los_Angeles,disneyland,Disneyland,Main Street U.S.A,686,Main Street Cinema,FALSE,0,2026-08-13T18:10:37.000Z,2026-08-13 11:10:37,https://queue-times.com/parks/16/queue_times.json
2026-08-13T18:15:23.938Z,2026-08-13 11:15:23,2026-08-13,America/Los_Angeles,disneyland,Disneyland,Main Street U.S.A,691,Main Street Vehicles,TRUE,0,2026-08-13T18:10:37.000Z,2026-08-13 11:10:37,https://queue-times.com/parks/16/queue_times.json
2026-08-13T18:15:23.938Z,2026-08-13 11:15:23,2026-08-13,America/Los_Angeles,disneyland,Disneyland,Main Street U.S.A,14915,Opera House - Walt Disney - A Magical Life,TRUE,0,2026-08-13T18:10:37.000Z,2026-08-13 11:10:37,https://queue-times.com/parks/16/queue_times.json
2026-08-13T18:15:23.938Z,2026-08-13 11:15:23,2026-08-13,America/Los_Angeles,disneyland,Disneyland,Main Street U.S.A,695,The Disney Gallery,TRUE,0,2026-08-13T18:10:37.000Z,2026-08-13 11:10:37,https://queue-times.com/parks/16/queue_times.json
2026-08-13T18:15:23.938Z,2026-08-13 11:15:23,2026-08-13,America/Los_Angeles,disneyland,Disneyland,Main Street U.S.A,14923,Walt Disney - A Magical Life,FALSE,0,2026-08-13T18:10:37.000Z,2026-08-13 11:10:37,https://queue-times.com/parks/16/queue_times.json
2026-08-13T18:15:23.938Z,2026-08-13 11:15:23,2026-08-13,America/Los_Angeles,disneyland,Disneyland,Mickey's Toontown,324,Chip 'n' Dale's GADGETcoaster,TRUE,15,2026-08-13T18:10:37.000Z,2026-08-13 11:10:37,https://queue-times.com/parks/16/queue_times.json
2026-08-13T18:15:23.938Z,2026-08-13 11:15:23,2026-08-13,America/Los_Angeles,disneyland,Disneyland,Mickey's Toontown,13814,Donald's Duck Pond,TRUE,0,2026-08-13T18:10:37.000Z,2026-08-13 11:10:37,https://queue-times.com/parks/16/queue_times.json
2026-08-13T18:15:23.938Z,2026-08-13 11:15:23,2026-08-13,America/Los_Angeles,disneyland,Disneyland,Mickey's Toontown,11980,Goofy's How-to-Play Yard,TRUE,0,2026-08-13T18:10:37.000Z,2026-08-13 11:10:37,https://queue-times.com/parks/16/queue_times.json
2026-08-13T18:15:23.938Z,2026-08-13 11:15:23,2026-08-13,America/Los_Angeles,disneyland,Disneyland,Mickey's Toontown,11526,Mickey & Minnie's Runaway Railway,TRUE,30,2026-08-13T18:10:37.000Z,2026-08-13 11:10:37,https://queue-times.com/parks/16/queue_times.json
2026-08-13T18:15:23.938Z,2026-08-13 11:15:23,2026-08-13,America/Los_Angeles,disneyland,Disneyland,Mickey's Toontown,709,Mickey's House and Meet Mickey Mouse,TRUE,20,2026-08-13T18:10:37.000Z,2026-08-13 11:10:37,https://queue-times.com/parks/16/queue_times.json
2026-08-13T18:15:23.938Z,2026-08-13 11:15:23,2026-08-13,America/Los_Angeles,disneyland,Disneyland,Mickey's Toontown,327,Mickey's House and Meet Mickey Mouse,FALSE,0,2026-08-13T18:10:37.000Z,2026-08-13 11:10:37,https://queue-times.com/parks/16/queue_times.json
2026-08-13T18:15:23.938Z,2026-08-13 11:15:23,2026-08-13,America/Los_Angeles,disneyland,Disneyland,Mickey's Toontown,684,Minnie's House,TRUE,0,2026-08-13T18:10:37.000Z,2026-08-13 11:10:37,https://queue-times.com/parks/16/queue_times.json
2026-08-13T18:15:23.938Z,2026-08-13 11:15:23,2026-08-13,America/Los_Angeles,disneyland,Disneyland,Mickey's Toontown,332,Roger Rabbit's Car Toon Spin,TRUE,45,2026-08-13T18:10:37.000Z,2026-08-13 11:10:37,https://queue-times.com/parks/16/queue_times.json
2026-08-13T18:15:23.938Z,2026-08-13 11:15:23,2026-08-13,America/Los_Angeles,disneyland,Disneyland,New Orleans Square,13958,Haunted Mansion,FALSE,0,2026-08-13T18:10:37.000Z,2026-08-13 11:10:37,https://queue-times.com/parks/16/queue_times.json
2026-08-13T18:15:23.938Z,2026-08-13 11:15:23,2026-08-13,America/Los_Angeles,disneyland,Disneyland,New Orleans Square,289,Pirates of the Caribbean,TRUE,25,2026-08-13T18:10:37.000Z,2026-08-13 11:10:37,https://queue-times.com/parks/16/queue_times.json
2026-08-13T18:15:23.938Z,2026-08-13 11:15:23,2026-08-13,America/Los_Angeles,disneyland,Disneyland,Star Wars: Galaxy's Edge,6339,Millennium Falcon: Smugglers Run,TRUE,15,2026-08-13T18:10:37.000Z,2026-08-13 11:10:37,https://queue-times.com/parks/16/queue_times.json
2026-08-13T18:15:23.938Z,2026-08-13 11:15:23,2026-08-13,America/Los_Angeles,disneyland,Disneyland,Star Wars: Galaxy's Edge,10903,Millennium Falcon: Smugglers Run Single Rider,TRUE,0,2026-08-13T18:10:37.000Z,2026-08-13 11:10:37,https://queue-times.com/parks/16/queue_times.json
2026-08-13T18:15:23.938Z,2026-08-13 11:15:23,2026-08-13,America/Los_Angeles,disneyland,Disneyland,Star Wars: Galaxy's Edge,6340,Star Wars: Rise of the Resistance,TRUE,55,2026-08-13T18:10:37.000Z,2026-08-13 11:10:37,https://queue-times.com/parks/16/queue_times.json
2026-08-13T18:15:23.938Z,2026-08-13 11:15:23,2026-08-13,America/Los_Angeles,disneyland,Disneyland,Tomorrowland,287,Astro Orbitor,TRUE,25,2026-08-13T18:10:37.000Z,2026-08-13 11:10:37,https://queue-times.com/parks/16/queue_times.json
2026-08-13T18:15:23.938Z,2026-08-13 11:15:23,2026-08-13,America/Los_Angeles,disneyland,Disneyland,Tomorrowland,317,Autopia,TRUE,30,2026-08-13T18:10:37.000Z,2026-08-13 11:10:37,https://queue-times.com/parks/16/queue_times.json
2026-08-13T18:15:23.938Z,2026-08-13 11:15:23,2026-08-13,America/Los_Angeles,disneyland,Disneyland,Tomorrowland,273,Buzz Lightyear Astro Blasters,TRUE,15,2026-08-13T18:10:37.000Z,2026-08-13 11:10:37,https://queue-times.com/parks/16/queue_times.json
2026-08-13T18:15:23.938Z,2026-08-13 11:15:23,2026-08-13,America/Los_Angeles,disneyland,Disneyland,Tomorrowland,274,Disneyland Monorail,TRUE,5,2026-08-13T18:10:37.000Z,2026-08-13 11:10:37,https://queue-times.com/parks/16/queue_times.json
2026-08-13T18:15:23.938Z,2026-08-13 11:15:23,2026-08-13,America/Los_Angeles,disneyland,Disneyland,Tomorrowland,276,Finding Nemo Submarine Voyage,TRUE,20,2026-08-13T18:10:37.000Z,2026-08-13 11:10:37,https://queue-times.com/parks/16/queue_times.json
2026-08-13T18:15:23.938Z,2026-08-13 11:15:23,2026-08-13,America/Los_Angeles,disneyland,Disneyland,Tomorrowland,16627,Pixar Short Film Spotlight,FALSE,0,2026-08-13T18:10:37.000Z,2026-08-13 11:10:37,https://queue-times.com/parks/16/queue_times.json
2026-08-13T18:15:23.938Z,2026-08-13 11:15:23,2026-08-13,America/Los_Angeles,disneyland,Disneyland,Tomorrowland,284,Space Mountain,TRUE,50,2026-08-13T18:10:37.000Z,2026-08-13 11:10:37,https://queue-times.com/parks/16/queue_times.json
2026-08-13T18:15:23.938Z,2026-08-13 11:15:23,2026-08-13,America/Los_Angeles,disneyland,Disneyland,Tomorrowland,286,Star Tours - The Adventures Continue,TRUE,15,2026-08-13T18:10:37.000Z,2026-08-13 11:10:37,https://queue-times.com/parks/16/queue_times.json
2026-08-13T18:15:23.938Z,2026-08-13 11:15:23,2026-08-13,America/Los_Angeles,dca,Disney California Adventure,Avengers Campus,329,Guardians of the Galaxy - Mission: BREAKOUT!,TRUE,35,2026-08-13T18:10:44.000Z,2026-08-13 11:10:44,https://queue-times.com/parks/17/queue_times.json
2026-08-13T18:15:23.938Z,2026-08-13 11:15:23,2026-08-13,America/Los_Angeles,dca,Disney California Adventure,Avengers Campus,8843,WEB SLINGERS: A Spider-Man Adventure,TRUE,40,2026-08-13T18:10:44.000Z,2026-08-13 11:10:44,https://queue-times.com/parks/17/queue_times.json
2026-08-13T18:15:23.938Z,2026-08-13 11:15:23,2026-08-13,America/Los_Angeles,dca,Disney California Adventure,Avengers Campus,10907,WEB SLINGERS: A Spider-Man Adventure Single Rider,TRUE,0,2026-08-13T18:10:44.000Z,2026-08-13 11:10:44,https://queue-times.com/parks/17/queue_times.json
2026-08-13T18:15:23.938Z,2026-08-13 11:15:23,2026-08-13,America/Los_Angeles,dca,Disney California Adventure,Cars Land,13961,Luigi's Rollickin' Roadsters,TRUE,10,2026-08-13T18:10:44.000Z,2026-08-13 11:10:44,https://queue-times.com/parks/17/queue_times.json
2026-08-13T18:15:23.938Z,2026-08-13 11:15:23,2026-08-13,America/Los_Angeles,dca,Disney California Adventure,Cars Land,315,Mater's Junkyard Jamboree,TRUE,25,2026-08-13T18:10:44.000Z,2026-08-13 11:10:44,https://queue-times.com/parks/17/queue_times.json
2026-08-13T18:15:23.938Z,2026-08-13 11:15:23,2026-08-13,America/Los_Angeles,dca,Disney California Adventure,Cars Land,295,Radiator Springs Racers,TRUE,80,2026-08-13T18:10:44.000Z,2026-08-13 11:10:44,https://queue-times.com/parks/17/queue_times.json
2026-08-13T18:15:23.938Z,2026-08-13 11:15:23,2026-08-13,America/Los_Angeles,dca,Disney California Adventure,Cars Land,10904,Radiator Springs Racers Single Rider,TRUE,0,2026-08-13T18:10:44.000Z,2026-08-13 11:10:44,https://queue-times.com/parks/17/queue_times.json
2026-08-13T18:15:23.938Z,2026-08-13 11:15:23,2026-08-13,America/Los_Angeles,dca,Disney California Adventure,Grizzly Peak,302,Grizzly River Run,TRUE,5,2026-08-13T18:10:44.000Z,2026-08-13 11:10:44,https://queue-times.com/parks/17/queue_times.json
2026-08-13T18:15:23.938Z,2026-08-13 11:15:23,2026-08-13,America/Los_Angeles,dca,Disney California Adventure,Grizzly Peak,293,Redwood Creek Challenge Trail,TRUE,5,2026-08-13T18:10:44.000Z,2026-08-13 11:10:44,https://queue-times.com/parks/17/queue_times.json
2026-08-13T18:15:23.938Z,2026-08-13 11:15:23,2026-08-13,America/Los_Angeles,dca,Disney California Adventure,Grizzly Peak,17129,Soarin’ Across America,TRUE,40,2026-08-13T18:10:44.000Z,2026-08-13 11:10:44,https://queue-times.com/parks/17/queue_times.json
2026-08-13T18:15:23.938Z,2026-08-13 11:15:23,2026-08-13,America/Los_Angeles,dca,Disney California Adventure,Hollywood Land,321,Animation Academy,TRUE,0,2026-08-13T18:10:44.000Z,2026-08-13 11:10:44,https://queue-times.com/parks/17/queue_times.json
2026-08-13T18:15:23.938Z,2026-08-13 11:15:23,2026-08-13,America/Los_Angeles,dca,Disney California Adventure,Hollywood Land,6440,Mickey's PhilharMagic,TRUE,10,2026-08-13T18:10:44.000Z,2026-08-13 11:10:44,https://queue-times.com/parks/17/queue_times.json
2026-08-13T18:15:23.938Z,2026-08-13 11:15:23,2026-08-13,America/Los_Angeles,dca,Disney California Adventure,Hollywood Land,291,"Monsters, Inc. Mike & Sulley to the Rescue!",TRUE,25,2026-08-13T18:10:44.000Z,2026-08-13 11:10:44,https://queue-times.com/parks/17/queue_times.json
2026-08-13T18:15:23.938Z,2026-08-13 11:15:23,2026-08-13,America/Los_Angeles,dca,Disney California Adventure,Hollywood Land,868,Sorcerer's Workshop,TRUE,0,2026-08-13T18:10:44.000Z,2026-08-13 11:10:44,https://queue-times.com/parks/17/queue_times.json
2026-08-13T18:15:23.938Z,2026-08-13 11:15:23,2026-08-13,America/Los_Angeles,dca,Disney California Adventure,Hollywood Land,294,Turtle Talk with Crush,TRUE,0,2026-08-13T18:10:44.000Z,2026-08-13 11:10:44,https://queue-times.com/parks/17/queue_times.json
2026-08-13T18:15:23.938Z,2026-08-13 11:15:23,2026-08-13,America/Los_Angeles,dca,Disney California Adventure,Pacific Wharf,869,The Bakery Tour,TRUE,0,2026-08-13T18:10:44.000Z,2026-08-13 11:10:44,https://queue-times.com/parks/17/queue_times.json
2026-08-13T18:15:23.938Z,2026-08-13 11:15:23,2026-08-13,America/Los_Angeles,dca,Disney California Adventure,Paradise Gardens Park,298,Golden Zephyr,FALSE,0,2026-08-13T18:10:44.000Z,2026-08-13 11:10:44,https://queue-times.com/parks/17/queue_times.json
2026-08-13T18:15:23.938Z,2026-08-13 11:15:23,2026-08-13,America/Los_Angeles,dca,Disney California Adventure,Paradise Gardens Park,319,Goofy's Sky School,TRUE,25,2026-08-13T18:10:44.000Z,2026-08-13 11:10:44,https://queue-times.com/parks/17/queue_times.json
2026-08-13T18:15:23.938Z,2026-08-13 11:15:23,2026-08-13,America/Los_Angeles,dca,Disney California Adventure,Paradise Gardens Park,301,Silly Symphony Swings,FALSE,0,2026-08-13T18:10:44.000Z,2026-08-13 11:10:44,https://queue-times.com/parks/17/queue_times.json
2026-08-13T18:15:23.938Z,2026-08-13 11:15:23,2026-08-13,America/Los_Angeles,dca,Disney California Adventure,Paradise Gardens Park,316,The Little Mermaid - Ariel's Undersea Adventure,TRUE,5,2026-08-13T18:10:44.000Z,2026-08-13 11:10:44,https://queue-times.com/parks/17/queue_times.json
2026-08-13T18:15:23.938Z,2026-08-13 11:15:23,2026-08-13,America/Los_Angeles,dca,Disney California Adventure,Paradise Gardens Park,11528,World of Color – ONE,FALSE,0,2026-08-13T18:10:44.000Z,2026-08-13 11:10:44,https://queue-times.com/parks/17/queue_times.json
2026-08-13T18:15:23.938Z,2026-08-13 11:15:23,2026-08-13,America/Los_Angeles,dca,Disney California Adventure,Paradise Gardens Park,14742,World of Color Happiness!,FALSE,0,2026-08-10T07:05:45.000Z,2026-08-10 00:05:45,https://queue-times.com/parks/17/queue_times.json
2026-08-13T18:15:23.938Z,2026-08-13 11:15:23,2026-08-13,America/Los_Angeles,dca,Disney California Adventure,Pixar Pier,866,Games of Pixar Pier,TRUE,5,2026-08-13T18:10:44.000Z,2026-08-13 11:10:44,https://queue-times.com/parks/17/queue_times.json
2026-08-13T18:15:23.938Z,2026-08-13 11:15:23,2026-08-13,America/Los_Angeles,dca,Disney California Adventure,Pixar Pier,322,Incredicoaster,TRUE,25,2026-08-13T18:10:44.000Z,2026-08-13 11:10:44,https://queue-times.com/parks/17/queue_times.json
2026-08-13T18:15:23.938Z,2026-08-13 11:15:23,2026-08-13,America/Los_Angeles,dca,Disney California Adventure,Pixar Pier,10906,Incredicoaster Single Rider,TRUE,0,2026-08-13T18:10:44.000Z,2026-08-13 11:10:44,https://queue-times.com/parks/17/queue_times.json
2026-08-13T18:15:23.938Z,2026-08-13 11:15:23,2026-08-13,America/Los_Angeles,dca,Disney California Adventure,Pixar Pier,6643,Inside Out Emotional Whirlwind,TRUE,5,2026-08-13T18:10:44.000Z,2026-08-13 11:10:44,https://queue-times.com/parks/17/queue_times.json
2026-08-13T18:15:23.938Z,2026-08-13 11:15:23,2026-08-13,America/Los_Angeles,dca,Disney California Adventure,Pixar Pier,310,Jessie's Critter Carousel,TRUE,5,2026-08-13T18:10:44.000Z,2026-08-13 11:10:44,https://queue-times.com/parks/17/queue_times.json
2026-08-13T18:15:23.938Z,2026-08-13 11:15:23,2026-08-13,America/Los_Angeles,dca,Disney California Adventure,Pixar Pier,300,Jumpin' Jellyfish,TRUE,5,2026-08-13T18:10:44.000Z,2026-08-13 11:10:44,https://queue-times.com/parks/17/queue_times.json
2026-08-13T18:15:23.938Z,2026-08-13 11:15:23,2026-08-13,America/Los_Angeles,dca,Disney California Adventure,Pixar Pier,311,Pixar Pal-A-Round - Swinging,TRUE,20,2026-08-13T18:10:44.000Z,2026-08-13 11:10:44,https://queue-times.com/parks/17/queue_times.json
2026-08-13T18:15:23.938Z,2026-08-13 11:15:23,2026-08-13,America/Los_Angeles,dca,Disney California Adventure,Pixar Pier,5557,Pixar Pal-A-Round – Non-Swinging,TRUE,15,2026-08-13T18:10:44.000Z,2026-08-13 11:10:44,https://queue-times.com/parks/17/queue_times.json
2026-08-13T18:15:23.938Z,2026-08-13 11:15:23,2026-08-13,America/Los_Angeles,dca,Disney California Adventure,Pixar Pier,313,Toy Story Midway Mania!,TRUE,35,2026-08-13T18:10:44.000Z,2026-08-13 11:10:44,https://queue-times.com/parks/17/queue_times.json
2026-08-13T18:30:21.838Z,2026-08-13 11:30:21,2026-08-13,America/Los_Angeles,disneyland,Disneyland,Adventureland,12428,Adventureland Treehouse inspired by Walt Disney’s Swiss Family Robinson,TRUE,0,2026-08-13T18:25:33.000Z,2026-08-13 11:25:33,https://queue-times.com/parks/16/queue_times.json
2026-08-13T18:30:21.838Z,2026-08-13 11:30:21,2026-08-13,America/Los_Angeles,disneyland,Disneyland,Adventureland,326,Indiana Jones™ Adventure,TRUE,30,2026-08-13T18:25:33.000Z,2026-08-13 11:25:33,https://queue-times.com/parks/16/queue_times.json
2026-08-13T18:30:21.838Z,2026-08-13 11:30:21,2026-08-13,America/Los_Angeles,disneyland,Disneyland,Adventureland,296,Jungle Cruise,TRUE,15,2026-08-13T18:25:33.000Z,2026-08-13 11:25:33,https://queue-times.com/parks/16/queue_times.json
2026-08-13T18:30:21.838Z,2026-08-13 11:30:21,2026-08-13,America/Los_Angeles,disneyland,Disneyland,Adventureland,288,Walt Disney's Enchanted Tiki Room,TRUE,0,2026-08-13T18:25:33.000Z,2026-08-13 11:25:33,https://queue-times.com/parks/16/queue_times.json
2026-08-13T18:30:21.838Z,2026-08-13 11:30:21,2026-08-13,America/Los_Angeles,disneyland,Disneyland,Bayou Country,304,Davy Crockett's Explorer Canoes,FALSE,0,2026-08-13T18:25:33.000Z,2026-08-13 11:25:33,https://queue-times.com/parks/16/queue_times.json
2026-08-13T18:30:21.838Z,2026-08-13 11:30:21,2026-08-13,America/Los_Angeles,disneyland,Disneyland,Bayou Country,306,The Many Adventures of Winnie the Pooh,TRUE,5,2026-08-13T18:25:33.000Z,2026-08-13 11:25:33,https://queue-times.com/parks/16/queue_times.json
2026-08-13T18:30:21.838Z,2026-08-13 11:30:21,2026-08-13,America/Los_Angeles,disneyland,Disneyland,Bayou Country,14168,Tiana's Bayou Adventure,TRUE,25,2026-08-13T18:25:33.000Z,2026-08-13 11:25:33,https://queue-times.com/parks/16/queue_times.json
2026-08-13T18:30:21.838Z,2026-08-13 11:30:21,2026-08-13,America/Los_Angeles,disneyland,Disneyland,Bayou Country,14326,Tiana's Bayou Adventure Single Rider,TRUE,0,2026-08-13T18:25:33.000Z,2026-08-13 11:25:33,https://queue-times.com/parks/16/queue_times.json
2026-08-13T18:30:21.838Z,2026-08-13 11:30:21,2026-08-13,America/Los_Angeles,disneyland,Disneyland,Fantasyland,307,"""it's a small world""",TRUE,5,2026-08-13T18:25:33.000Z,2026-08-13 11:25:33,https://queue-times.com/parks/16/queue_times.json
2026-08-13T18:30:21.838Z,2026-08-13 11:30:21,2026-08-13,America/Los_Angeles,disneyland,Disneyland,Fantasyland,285,Alice in Wonderland,TRUE,20,2026-08-13T18:25:33.000Z,2026-08-13 11:25:33,https://queue-times.com/parks/16/queue_times.json
2026-08-13T18:30:21.838Z,2026-08-13 11:30:21,2026-08-13,America/Los_Angeles,disneyland,Disneyland,Fantasyland,16254,Bluey’s Best Day Ever! at Fantasyland Theatre,TRUE,0,2026-08-13T18:25:33.000Z,2026-08-13 11:25:33,https://queue-times.com/parks/16/queue_times.json
2026-08-13T18:30:21.838Z,2026-08-13 11:30:21,2026-08-13,America/Los_Angeles,disneyland,Disneyland,Fantasyland,303,Casey Jr. Circus Train,TRUE,10,2026-08-13T18:25:33.000Z,2026-08-13 11:25:33,https://queue-times.com/parks/16/queue_times.json
2026-08-13T18:30:21.838Z,2026-08-13 11:30:21,2026-08-13,America/Los_Angeles,disneyland,Disneyland,Fantasyland,275,Dumbo the Flying Elephant,TRUE,25,2026-08-13T18:25:33.000Z,2026-08-13 11:25:33,https://queue-times.com/parks/16/queue_times.json
2026-08-13T18:30:21.838Z,2026-08-13 11:30:21,2026-08-13,America/Los_Angeles,disneyland,Disneyland,Fantasyland,277,King Arthur Carrousel,TRUE,5,2026-08-13T18:25:33.000Z,2026-08-13 11:25:33,https://queue-times.com/parks/16/queue_times.json
2026-08-13T18:30:21.838Z,2026-08-13 11:30:21,2026-08-13,America/Los_Angeles,disneyland,Disneyland,Fantasyland,278,Mad Tea Party,TRUE,5,2026-08-13T18:25:33.000Z,2026-08-13 11:25:33,https://queue-times.com/parks/16/queue_times.json
2026-08-13T18:30:21.838Z,2026-08-13 11:30:21,2026-08-13,America/Los_Angeles,disneyland,Disneyland,Fantasyland,279,Matterhorn Bobsleds,FALSE,0,2026-08-13T18:25:33.000Z,2026-08-13 11:25:33,https://queue-times.com/parks/16/queue_times.json
2026-08-13T18:30:21.838Z,2026-08-13 11:30:21,2026-08-13,America/Los_Angeles,disneyland,Disneyland,Fantasyland,6711,Meet Disney Princesses at Royal Hall,TRUE,60,2026-08-13T18:25:33.000Z,2026-08-13 11:25:33,https://queue-times.com/parks/16/queue_times.json
2026-08-13T18:30:21.838Z,2026-08-13 11:30:21,2026-08-13,America/Los_Angeles,disneyland,Disneyland,Fantasyland,280,Mr. Toad's Wild Ride,TRUE,20,2026-08-13T18:25:33.000Z,2026-08-13 11:25:33,https://queue-times.com/parks/16/queue_times.json
2026-08-13T18:30:21.838Z,2026-08-13 11:30:21,2026-08-13,America/Los_Angeles,disneyland,Disneyland,Fantasyland,281,Peter Pan's Flight,TRUE,20,2026-08-13T18:25:33.000Z,2026-08-13 11:25:33,https://queue-times.com/parks/16/queue_times.json
2026-08-13T18:30:21.838Z,2026-08-13 11:30:21,2026-08-13,America/Los_Angeles,disneyland,Disneyland,Fantasyland,282,Pinocchio's Daring Journey,TRUE,5,2026-08-13T18:25:33.000Z,2026-08-13 11:25:33,https://queue-times.com/parks/16/queue_times.json
2026-08-13T18:30:21.838Z,2026-08-13 11:30:21,2026-08-13,America/Los_Angeles,disneyland,Disneyland,Fantasyland,687,Sleeping Beauty Castle Walkthrough,FALSE,0,2026-08-13T18:25:33.000Z,2026-08-13 11:25:33,https://queue-times.com/parks/16/queue_times.json
2026-08-13T18:30:21.838Z,2026-08-13 11:30:21,2026-08-13,America/Los_Angeles,disneyland,Disneyland,Fantasyland,283,Snow White's Enchanted Wish,TRUE,15,2026-08-13T18:25:33.000Z,2026-08-13 11:25:33,https://queue-times.com/parks/16/queue_times.json
2026-08-13T18:30:21.838Z,2026-08-13 11:30:21,2026-08-13,America/Los_Angeles,disneyland,Disneyland,Fantasyland,305,Storybook Land Canal Boats,TRUE,15,2026-08-13T18:25:33.000Z,2026-08-13 11:25:33,https://queue-times.com/parks/16/queue_times.json
2026-08-13T18:30:21.838Z,2026-08-13 11:30:21,2026-08-13,America/Los_Angeles,disneyland,Disneyland,Frontierland,323,Big Thunder Mountain Railroad,TRUE,30,2026-08-13T18:25:33.000Z,2026-08-13 11:25:33,https://queue-times.com/parks/16/queue_times.json
2026-08-13T18:30:21.838Z,2026-08-13 11:30:21,2026-08-13,America/Los_Angeles,disneyland,Disneyland,Frontierland,679,Frontierland Shootin' Exposition,FALSE,0,2026-08-13T18:25:33.000Z,2026-08-13 11:25:33,https://queue-times.com/parks/16/queue_times.json
2026-08-13T18:30:21.838Z,2026-08-13 11:30:21,2026-08-13,America/Los_Angeles,disneyland,Disneyland,Frontierland,456,Mark Twain Riverboat,TRUE,10,2026-08-13T18:25:33.000Z,2026-08-13 11:25:33,https://queue-times.com/parks/16/queue_times.json
2026-08-13T18:30:21.838Z,2026-08-13 11:30:21,2026-08-13,America/Los_Angeles,disneyland,Disneyland,Frontierland,331,Pirate's Lair on Tom Sawyer Island,TRUE,5,2026-08-13T18:25:33.000Z,2026-08-13 11:25:33,https://queue-times.com/parks/16/queue_times.json
2026-08-13T18:30:21.838Z,2026-08-13 11:30:21,2026-08-13,America/Los_Angeles,disneyland,Disneyland,Frontierland,328,Sailing Ship Columbia,FALSE,0,2026-08-13T18:25:33.000Z,2026-08-13 11:25:33,https://queue-times.com/parks/16/queue_times.json
2026-08-13T18:30:21.838Z,2026-08-13 11:30:21,2026-08-13,America/Los_Angeles,disneyland,Disneyland,Main Street U.S.A,674,Disneyland Railroad,TRUE,5,2026-08-13T18:25:33.000Z,2026-08-13 11:25:33,https://queue-times.com/parks/16/queue_times.json
2026-08-13T18:30:21.838Z,2026-08-13 11:30:21,2026-08-13,America/Los_Angeles,disneyland,Disneyland,Main Street U.S.A,690,Great Moments with Mr. Lincoln,TRUE,0,2026-08-13T18:25:33.000Z,2026-08-13 11:25:33,https://queue-times.com/parks/16/queue_times.json
2026-08-13T18:30:21.838Z,2026-08-13 11:30:21,2026-08-13,America/Los_Angeles,disneyland,Disneyland,Main Street U.S.A,686,Main Street Cinema,FALSE,0,2026-08-13T18:25:33.000Z,2026-08-13 11:25:33,https://queue-times.com/parks/16/queue_times.json
2026-08-13T18:30:21.838Z,2026-08-13 11:30:21,2026-08-13,America/Los_Angeles,disneyland,Disneyland,Main Street U.S.A,691,Main Street Vehicles,TRUE,0,2026-08-13T18:25:33.000Z,2026-08-13 11:25:33,https://queue-times.com/parks/16/queue_times.json
2026-08-13T18:30:21.838Z,2026-08-13 11:30:21,2026-08-13,America/Los_Angeles,disneyland,Disneyland,Main Street U.S.A,14915,Opera House - Walt Disney - A Magical Life,TRUE,0,2026-08-13T18:25:33.000Z,2026-08-13 11:25:33,https://queue-times.com/parks/16/queue_times.json
2026-08-13T18:30:21.838Z,2026-08-13 11:30:21,2026-08-13,America/Los_Angeles,disneyland,Disneyland,Main Street U.S.A,695,The Disney Gallery,TRUE,0,2026-08-13T18:25:33.000Z,2026-08-13 11:25:33,https://queue-times.com/parks/16/queue_times.json
2026-08-13T18:30:21.838Z,2026-08-13 11:30:21,2026-08-13,America/Los_Angeles,disneyland,Disneyland,Main Street U.S.A,14923,Walt Disney - A Magical Life,FALSE,0,2026-08-13T18:25:33.000Z,2026-08-13 11:25:33,https://queue-times.com/parks/16/queue_times.json
2026-08-13T18:30:21.838Z,2026-08-13 11:30:21,2026-08-13,America/Los_Angeles,disneyland,Disneyland,Mickey's Toontown,324,Chip 'n' Dale's GADGETcoaster,TRUE,15,2026-08-13T18:25:33.000Z,2026-08-13 11:25:33,https://queue-times.com/parks/16/queue_times.json
2026-08-13T18:30:21.838Z,2026-08-13 11:30:21,2026-08-13,America/Los_Angeles,disneyland,Disneyland,Mickey's Toontown,13814,Donald's Duck Pond,TRUE,0,2026-08-13T18:25:33.000Z,2026-08-13 11:25:33,https://queue-times.com/parks/16/queue_times.json
2026-08-13T18:30:21.838Z,2026-08-13 11:30:21,2026-08-13,America/Los_Angeles,disneyland,Disneyland,Mickey's Toontown,11980,Goofy's How-to-Play Yard,TRUE,0,2026-08-13T18:25:33.000Z,2026-08-13 11:25:33,https://queue-times.com/parks/16/queue_times.json
2026-08-13T18:30:21.838Z,2026-08-13 11:30:21,2026-08-13,America/Los_Angeles,disneyland,Disneyland,Mickey's Toontown,11526,Mickey & Minnie's Runaway Railway,TRUE,30,2026-08-13T18:25:33.000Z,2026-08-13 11:25:33,https://queue-times.com/parks/16/queue_times.json
2026-08-13T18:30:21.838Z,2026-08-13 11:30:21,2026-08-13,America/Los_Angeles,disneyland,Disneyland,Mickey's Toontown,709,Mickey's House and Meet Mickey Mouse,TRUE,20,2026-08-13T18:25:33.000Z,2026-08-13 11:25:33,https://queue-times.com/parks/16/queue_times.json
2026-08-13T18:30:21.838Z,2026-08-13 11:30:21,2026-08-13,America/Los_Angeles,disneyland,Disneyland,Mickey's Toontown,327,Mickey's House and Meet Mickey Mouse,FALSE,0,2026-08-13T18:25:33.000Z,2026-08-13 11:25:33,https://queue-times.com/parks/16/queue_times.json
2026-08-13T18:30:21.838Z,2026-08-13 11:30:21,2026-08-13,America/Los_Angeles,disneyland,Disneyland,Mickey's Toontown,684,Minnie's House,TRUE,0,2026-08-13T18:25:33.000Z,2026-08-13 11:25:33,https://queue-times.com/parks/16/queue_times.json
2026-08-13T18:30:21.838Z,2026-08-13 11:30:21,2026-08-13,America/Los_Angeles,disneyland,Disneyland,Mickey's Toontown,332,Roger Rabbit's Car Toon Spin,TRUE,30,2026-08-13T18:25:33.000Z,2026-08-13 11:25:33,https://queue-times.com/parks/16/queue_times.json
2026-08-13T18:30:21.838Z,2026-08-13 11:30:21,2026-08-13,America/Los_Angeles,disneyland,Disneyland,New Orleans Square,13958,Haunted Mansion,FALSE,0,2026-08-13T18:25:33.000Z,2026-08-13 11:25:33,https://queue-times.com/parks/16/queue_times.json
2026-08-13T18:30:21.838Z,2026-08-13 11:30:21,2026-08-13,America/Los_Angeles,disneyland,Disneyland,New Orleans Square,289,Pirates of the Caribbean,TRUE,35,2026-08-13T18:25:33.000Z,2026-08-13 11:25:33,https://queue-times.com/parks/16/queue_times.json
2026-08-13T18:30:21.838Z,2026-08-13 11:30:21,2026-08-13,America/Los_Angeles,disneyland,Disneyland,Star Wars: Galaxy's Edge,6339,Millennium Falcon: Smugglers Run,TRUE,25,2026-08-13T18:25:33.000Z,2026-08-13 11:25:33,https://queue-times.com/parks/16/queue_times.json
2026-08-13T18:30:21.838Z,2026-08-13 11:30:21,2026-08-13,America/Los_Angeles,disneyland,Disneyland,Star Wars: Galaxy's Edge,10903,Millennium Falcon: Smugglers Run Single Rider,TRUE,0,2026-08-13T18:25:33.000Z,2026-08-13 11:25:33,https://queue-times.com/parks/16/queue_times.json
2026-08-13T18:30:21.838Z,2026-08-13 11:30:21,2026-08-13,America/Los_Angeles,disneyland,Disneyland,Star Wars: Galaxy's Edge,6340,Star Wars: Rise of the Resistance,TRUE,55,2026-08-13T18:25:33.000Z,2026-08-13 11:25:33,https://queue-times.com/parks/16/queue_times.json
2026-08-13T18:30:21.838Z,2026-08-13 11:30:21,2026-08-13,America/Los_Angeles,disneyland,Disneyland,Tomorrowland,287,Astro Orbitor,TRUE,25,2026-08-13T18:25:33.000Z,2026-08-13 11:25:33,https://queue-times.com/parks/16/queue_times.json
2026-08-13T18:30:21.838Z,2026-08-13 11:30:21,2026-08-13,America/Los_Angeles,disneyland,Disneyland,Tomorrowland,317,Autopia,TRUE,15,2026-08-13T18:25:33.000Z,2026-08-13 11:25:33,https://queue-times.com/parks/16/queue_times.json
2026-08-13T18:30:21.838Z,2026-08-13 11:30:21,2026-08-13,America/Los_Angeles,disneyland,Disneyland,Tomorrowland,273,Buzz Lightyear Astro Blasters,TRUE,20,2026-08-13T18:25:33.000Z,2026-08-13 11:25:33,https://queue-times.com/parks/16/queue_times.json
2026-08-13T18:30:21.838Z,2026-08-13 11:30:21,2026-08-13,America/Los_Angeles,disneyland,Disneyland,Tomorrowland,274,Disneyland Monorail,TRUE,5,2026-08-13T18:25:33.000Z,2026-08-13 11:25:33,https://queue-times.com/parks/16/queue_times.json
2026-08-13T18:30:21.838Z,2026-08-13 11:30:21,2026-08-13,America/Los_Angeles,disneyland,Disneyland,Tomorrowland,276,Finding Nemo Submarine Voyage,TRUE,10,2026-08-13T18:25:33.000Z,2026-08-13 11:25:33,https://queue-times.com/parks/16/queue_times.json
2026-08-13T18:30:21.838Z,2026-08-13 11:30:21,2026-08-13,America/Los_Angeles,disneyland,Disneyland,Tomorrowland,16627,Pixar Short Film Spotlight,FALSE,0,2026-08-13T18:25:33.000Z,2026-08-13 11:25:33,https://queue-times.com/parks/16/queue_times.json
2026-08-13T18:30:21.838Z,2026-08-13 11:30:21,2026-08-13,America/Los_Angeles,disneyland,Disneyland,Tomorrowland,284,Space Mountain,TRUE,50,2026-08-13T18:25:33.000Z,2026-08-13 11:25:33,https://queue-times.com/parks/16/queue_times.json
2026-08-13T18:30:21.838Z,2026-08-13 11:30:21,2026-08-13,America/Los_Angeles,disneyland,Disneyland,Tomorrowland,286,Star Tours - The Adventures Continue,TRUE,30,2026-08-13T18:25:33.000Z,2026-08-13 11:25:33,https://queue-times.com/parks/16/queue_times.json
2026-08-13T18:30:21.838Z,2026-08-13 11:30:21,2026-08-13,America/Los_Angeles,dca,Disney California Adventure,Avengers Campus,329,Guardians of the Galaxy - Mission: BREAKOUT!,TRUE,40,2026-08-13T18:25:41.000Z,2026-08-13 11:25:41,https://queue-times.com/parks/17/queue_times.json
2026-08-13T18:30:21.838Z,2026-08-13 11:30:21,2026-08-13,America/Los_Angeles,dca,Disney California Adventure,Avengers Campus,8843,WEB SLINGERS: A Spider-Man Adventure,TRUE,60,2026-08-13T18:25:41.000Z,2026-08-13 11:25:41,https://queue-times.com/parks/17/queue_times.json
2026-08-13T18:30:21.838Z,2026-08-13 11:30:21,2026-08-13,America/Los_Angeles,dca,Disney California Adventure,Avengers Campus,10907,WEB SLINGERS: A Spider-Man Adventure Single Rider,TRUE,0,2026-08-13T18:25:41.000Z,2026-08-13 11:25:41,https://queue-times.com/parks/17/queue_times.json
2026-08-13T18:30:21.838Z,2026-08-13 11:30:21,2026-08-13,America/Los_Angeles,dca,Disney California Adventure,Cars Land,13961,Luigi's Rollickin' Roadsters,FALSE,0,2026-08-13T18:25:41.000Z,2026-08-13 11:25:41,https://queue-times.com/parks/17/queue_times.json
2026-08-13T18:30:21.838Z,2026-08-13 11:30:21,2026-08-13,America/Los_Angeles,dca,Disney California Adventure,Cars Land,315,Mater's Junkyard Jamboree,TRUE,25,2026-08-13T18:25:41.000Z,2026-08-13 11:25:41,https://queue-times.com/parks/17/queue_times.json
2026-08-13T18:30:21.838Z,2026-08-13 11:30:21,2026-08-13,America/Los_Angeles,dca,Disney California Adventure,Cars Land,295,Radiator Springs Racers,TRUE,75,2026-08-13T18:25:41.000Z,2026-08-13 11:25:41,https://queue-times.com/parks/17/queue_times.json
2026-08-13T18:30:21.838Z,2026-08-13 11:30:21,2026-08-13,America/Los_Angeles,dca,Disney California Adventure,Cars Land,10904,Radiator Springs Racers Single Rider,TRUE,0,2026-08-13T18:25:41.000Z,2026-08-13 11:25:41,https://queue-times.com/parks/17/queue_times.json
2026-08-13T18:30:21.838Z,2026-08-13 11:30:21,2026-08-13,America/Los_Angeles,dca,Disney California Adventure,Grizzly Peak,302,Grizzly River Run,TRUE,15,2026-08-13T18:25:41.000Z,2026-08-13 11:25:41,https://queue-times.com/parks/17/queue_times.json
2026-08-13T18:30:21.838Z,2026-08-13 11:30:21,2026-08-13,America/Los_Angeles,dca,Disney California Adventure,Grizzly Peak,293,Redwood Creek Challenge Trail,TRUE,5,2026-08-13T18:25:41.000Z,2026-08-13 11:25:41,https://queue-times.com/parks/17/queue_times.json
2026-08-13T18:30:21.838Z,2026-08-13 11:30:21,2026-08-13,America/Los_Angeles,dca,Disney California Adventure,Grizzly Peak,17129,Soarin’ Across America,TRUE,40,2026-08-13T18:25:41.000Z,2026-08-13 11:25:41,https://queue-times.com/parks/17/queue_times.json
2026-08-13T18:30:21.838Z,2026-08-13 11:30:21,2026-08-13,America/Los_Angeles,dca,Disney California Adventure,Hollywood Land,321,Animation Academy,TRUE,0,2026-08-13T18:25:41.000Z,2026-08-13 11:25:41,https://queue-times.com/parks/17/queue_times.json
2026-08-13T18:30:21.838Z,2026-08-13 11:30:21,2026-08-13,America/Los_Angeles,dca,Disney California Adventure,Hollywood Land,6440,Mickey's PhilharMagic,TRUE,10,2026-08-13T18:25:41.000Z,2026-08-13 11:25:41,https://queue-times.com/parks/17/queue_times.json
2026-08-13T18:30:21.838Z,2026-08-13 11:30:21,2026-08-13,America/Los_Angeles,dca,Disney California Adventure,Hollywood Land,291,"Monsters, Inc. Mike & Sulley to the Rescue!",TRUE,25,2026-08-13T18:25:41.000Z,2026-08-13 11:25:41,https://queue-times.com/parks/17/queue_times.json
2026-08-13T18:30:21.838Z,2026-08-13 11:30:21,2026-08-13,America/Los_Angeles,dca,Disney California Adventure,Hollywood Land,868,Sorcerer's Workshop,TRUE,0,2026-08-13T18:25:41.000Z,2026-08-13 11:25:41,https://queue-times.com/parks/17/queue_times.json
2026-08-13T18:30:21.838Z,2026-08-13 11:30:21,2026-08-13,America/Los_Angeles,dca,Disney California Adventure,Hollywood Land,294,Turtle Talk with Crush,TRUE,0,2026-08-13T18:25:41.000Z,2026-08-13 11:25:41,https://queue-times.com/parks/17/queue_times.json
2026-08-13T18:30:21.838Z,2026-08-13 11:30:21,2026-08-13,America/Los_Angeles,dca,Disney California Adventure,Pacific Wharf,869,The Bakery Tour,TRUE,0,2026-08-13T18:25:41.000Z,2026-08-13 11:25:41,https://queue-times.com/parks/17/queue_times.json
2026-08-13T18:30:21.838Z,2026-08-13 11:30:21,2026-08-13,America/Los_Angeles,dca,Disney California Adventure,Paradise Gardens Park,298,Golden Zephyr,TRUE,5,2026-08-13T18:25:41.000Z,2026-08-13 11:25:41,https://queue-times.com/parks/17/queue_times.json
2026-08-13T18:30:21.838Z,2026-08-13 11:30:21,2026-08-13,America/Los_Angeles,dca,Disney California Adventure,Paradise Gardens Park,319,Goofy's Sky School,TRUE,25,2026-08-13T18:25:41.000Z,2026-08-13 11:25:41,https://queue-times.com/parks/17/queue_times.json
2026-08-13T18:30:21.838Z,2026-08-13 11:30:21,2026-08-13,America/Los_Angeles,dca,Disney California Adventure,Paradise Gardens Park,301,Silly Symphony Swings,FALSE,0,2026-08-13T18:25:41.000Z,2026-08-13 11:25:41,https://queue-times.com/parks/17/queue_times.json
2026-08-13T18:30:21.838Z,2026-08-13 11:30:21,2026-08-13,America/Los_Angeles,dca,Disney California Adventure,Paradise Gardens Park,316,The Little Mermaid - Ariel's Undersea Adventure,TRUE,10,2026-08-13T18:25:41.000Z,2026-08-13 11:25:41,https://queue-times.com/parks/17/queue_times.json
2026-08-13T18:30:21.838Z,2026-08-13 11:30:21,2026-08-13,America/Los_Angeles,dca,Disney California Adventure,Paradise Gardens Park,11528,World of Color – ONE,FALSE,0,2026-08-13T18:25:41.000Z,2026-08-13 11:25:41,https://queue-times.com/parks/17/queue_times.json
2026-08-13T18:30:21.838Z,2026-08-13 11:30:21,2026-08-13,America/Los_Angeles,dca,Disney California Adventure,Paradise Gardens Park,14742,World of Color Happiness!,FALSE,0,2026-08-10T07:05:45.000Z,2026-08-10 00:05:45,https://queue-times.com/parks/17/queue_times.json
2026-08-13T18:30:21.838Z,2026-08-13 11:30:21,2026-08-13,America/Los_Angeles,dca,Disney California Adventure,Pixar Pier,866,Games of Pixar Pier,TRUE,5,2026-08-13T18:25:41.000Z,2026-08-13 11:25:41,https://queue-times.com/parks/17/queue_times.json
2026-08-13T18:30:21.838Z,2026-08-13 11:30:21,2026-08-13,America/Los_Angeles,dca,Disney California Adventure,Pixar Pier,322,Incredicoaster,TRUE,25,2026-08-13T18:25:41.000Z,2026-08-13 11:25:41,https://queue-times.com/parks/17/queue_times.json
2026-08-13T18:30:21.838Z,2026-08-13 11:30:21,2026-08-13,America/Los_Angeles,dca,Disney California Adventure,Pixar Pier,10906,Incredicoaster Single Rider,TRUE,0,2026-08-13T18:25:41.000Z,2026-08-13 11:25:41,https://queue-times.com/parks/17/queue_times.json
2026-08-13T18:30:21.838Z,2026-08-13 11:30:21,2026-08-13,America/Los_Angeles,dca,Disney California Adventure,Pixar Pier,6643,Inside Out Emotional Whirlwind,TRUE,5,2026-08-13T18:25:41.000Z,2026-08-13 11:25:41,https://queue-times.com/parks/17/queue_times.json
2026-08-13T18:30:21.838Z,2026-08-13 11:30:21,2026-08-13,America/Los_Angeles,dca,Disney California Adventure,Pixar Pier,310,Jessie's Critter Carousel,TRUE,5,2026-08-13T18:25:41.000Z,2026-08-13 11:25:41,https://queue-times.com/parks/17/queue_times.json
2026-08-13T18:30:21.838Z,2026-08-13 11:30:21,2026-08-13,America/Los_Angeles,dca,Disney California Adventure,Pixar Pier,300,Jumpin' Jellyfish,TRUE,5,2026-08-13T18:25:41.000Z,2026-08-13 11:25:41,https://queue-times.com/parks/17/queue_times.json
2026-08-13T18:30:21.838Z,2026-08-13 11:30:21,2026-08-13,America/Los_Angeles,dca,Disney California Adventure,Pixar Pier,311,Pixar Pal-A-Round - Swinging,TRUE,30,2026-08-13T18:25:41.000Z,2026-08-13 11:25:41,https://queue-times.com/parks/17/queue_times.json
2026-08-13T18:30:21.838Z,2026-08-13 11:30:21,2026-08-13,America/Los_Angeles,dca,Disney California Adventure,Pixar Pier,5557,Pixar Pal-A-Round – Non-Swinging,TRUE,15,2026-08-13T18:25:41.000Z,2026-08-13 11:25:41,https://queue-times.com/parks/17/queue_times.json
2026-08-13T18:30:21.838Z,2026-08-13 11:30:21,2026-08-13,America/Los_Angeles,dca,Disney California Adventure,Pixar Pier,313,Toy Story Midway Mania!,TRUE,30,2026-08-13T18:25:41.000Z,2026-08-13 11:25:41,https://queue-times.com/parks/17/queue_times.json
2026-08-13T18:45:27.367Z,2026-08-13 11:45:27,2026-08-13,America/Los_Angeles,disneyland,Disneyland,Adventureland,12428,Adventureland Treehouse inspired by Walt Disney’s Swiss Family Robinson,TRUE,0,2026-08-13T18:40:34.000Z,2026-08-13 11:40:34,https://queue-times.com/parks/16/queue_times.json
2026-08-13T18:45:27.367Z,2026-08-13 11:45:27,2026-08-13,America/Los_Angeles,disneyland,Disneyland,Adventureland,326,Indiana Jones™ Adventure,TRUE,40,2026-08-13T18:40:34.000Z,2026-08-13 11:40:34,https://queue-times.com/parks/16/queue_times.json
2026-08-13T18:45:27.367Z,2026-08-13 11:45:27,2026-08-13,America/Los_Angeles,disneyland,Disneyland,Adventureland,296,Jungle Cruise,TRUE,15,2026-08-13T18:40:34.000Z,2026-08-13 11:40:34,https://queue-times.com/parks/16/queue_times.json
2026-08-13T18:45:27.367Z,2026-08-13 11:45:27,2026-08-13,America/Los_Angeles,disneyland,Disneyland,Adventureland,288,Walt Disney's Enchanted Tiki Room,TRUE,0,2026-08-13T18:40:34.000Z,2026-08-13 11:40:34,https://queue-times.com/parks/16/queue_times.json
2026-08-13T18:45:27.367Z,2026-08-13 11:45:27,2026-08-13,America/Los_Angeles,disneyland,Disneyland,Bayou Country,304,Davy Crockett's Explorer Canoes,FALSE,0,2026-08-13T18:40:34.000Z,2026-08-13 11:40:34,https://queue-times.com/parks/16/queue_times.json
2026-08-13T18:45:27.367Z,2026-08-13 11:45:27,2026-08-13,America/Los_Angeles,disneyland,Disneyland,Bayou Country,306,The Many Adventures of Winnie the Pooh,TRUE,5,2026-08-13T18:40:34.000Z,2026-08-13 11:40:34,https://queue-times.com/parks/16/queue_times.json
2026-08-13T18:45:27.367Z,2026-08-13 11:45:27,2026-08-13,America/Los_Angeles,disneyland,Disneyland,Bayou Country,14168,Tiana's Bayou Adventure,TRUE,25,2026-08-13T18:40:34.000Z,2026-08-13 11:40:34,https://queue-times.com/parks/16/queue_times.json
2026-08-13T18:45:27.367Z,2026-08-13 11:45:27,2026-08-13,America/Los_Angeles,disneyland,Disneyland,Bayou Country,14326,Tiana's Bayou Adventure Single Rider,TRUE,0,2026-08-13T18:40:34.000Z,2026-08-13 11:40:34,https://queue-times.com/parks/16/queue_times.json
2026-08-13T18:45:27.367Z,2026-08-13 11:45:27,2026-08-13,America/Los_Angeles,disneyland,Disneyland,Fantasyland,307,"""it's a small world""",TRUE,5,2026-08-13T18:40:34.000Z,2026-08-13 11:40:34,https://queue-times.com/parks/16/queue_times.json
2026-08-13T18:45:27.367Z,2026-08-13 11:45:27,2026-08-13,America/Los_Angeles,disneyland,Disneyland,Fantasyland,285,Alice in Wonderland,TRUE,20,2026-08-13T18:40:34.000Z,2026-08-13 11:40:34,https://queue-times.com/parks/16/queue_times.json
2026-08-13T18:45:27.367Z,2026-08-13 11:45:27,2026-08-13,America/Los_Angeles,disneyland,Disneyland,Fantasyland,16254,Bluey’s Best Day Ever! at Fantasyland Theatre,TRUE,0,2026-08-13T18:40:34.000Z,2026-08-13 11:40:34,https://queue-times.com/parks/16/queue_times.json
2026-08-13T18:45:27.367Z,2026-08-13 11:45:27,2026-08-13,America/Los_Angeles,disneyland,Disneyland,Fantasyland,303,Casey Jr. Circus Train,TRUE,5,2026-08-13T18:40:34.000Z,2026-08-13 11:40:34,https://queue-times.com/parks/16/queue_times.json
2026-08-13T18:45:27.367Z,2026-08-13 11:45:27,2026-08-13,America/Los_Angeles,disneyland,Disneyland,Fantasyland,275,Dumbo the Flying Elephant,TRUE,25,2026-08-13T18:40:34.000Z,2026-08-13 11:40:34,https://queue-times.com/parks/16/queue_times.json
2026-08-13T18:45:27.367Z,2026-08-13 11:45:27,2026-08-13,America/Los_Angeles,disneyland,Disneyland,Fantasyland,277,King Arthur Carrousel,TRUE,5,2026-08-13T18:40:34.000Z,2026-08-13 11:40:34,https://queue-times.com/parks/16/queue_times.json
2026-08-13T18:45:27.367Z,2026-08-13 11:45:27,2026-08-13,America/Los_Angeles,disneyland,Disneyland,Fantasyland,278,Mad Tea Party,TRUE,5,2026-08-13T18:40:34.000Z,2026-08-13 11:40:34,https://queue-times.com/parks/16/queue_times.json
2026-08-13T18:45:27.367Z,2026-08-13 11:45:27,2026-08-13,America/Los_Angeles,disneyland,Disneyland,Fantasyland,279,Matterhorn Bobsleds,FALSE,0,2026-08-13T18:40:34.000Z,2026-08-13 11:40:34,https://queue-times.com/parks/16/queue_times.json
2026-08-13T18:45:27.367Z,2026-08-13 11:45:27,2026-08-13,America/Los_Angeles,disneyland,Disneyland,Fantasyland,6711,Meet Disney Princesses at Royal Hall,TRUE,60,2026-08-13T18:40:34.000Z,2026-08-13 11:40:34,https://queue-times.com/parks/16/queue_times.json
2026-08-13T18:45:27.367Z,2026-08-13 11:45:27,2026-08-13,America/Los_Angeles,disneyland,Disneyland,Fantasyland,280,Mr. Toad's Wild Ride,TRUE,15,2026-08-13T18:40:34.000Z,2026-08-13 11:40:34,https://queue-times.com/parks/16/queue_times.json
2026-08-13T18:45:27.367Z,2026-08-13 11:45:27,2026-08-13,America/Los_Angeles,disneyland,Disneyland,Fantasyland,281,Peter Pan's Flight,TRUE,30,2026-08-13T18:40:34.000Z,2026-08-13 11:40:34,https://queue-times.com/parks/16/queue_times.json
2026-08-13T18:45:27.367Z,2026-08-13 11:45:27,2026-08-13,America/Los_Angeles,disneyland,Disneyland,Fantasyland,282,Pinocchio's Daring Journey,TRUE,5,2026-08-13T18:40:34.000Z,2026-08-13 11:40:34,https://queue-times.com/parks/16/queue_times.json
2026-08-13T18:45:27.367Z,2026-08-13 11:45:27,2026-08-13,America/Los_Angeles,disneyland,Disneyland,Fantasyland,687,Sleeping Beauty Castle Walkthrough,FALSE,0,2026-08-13T18:40:34.000Z,2026-08-13 11:40:34,https://queue-times.com/parks/16/queue_times.json
2026-08-13T18:45:27.367Z,2026-08-13 11:45:27,2026-08-13,America/Los_Angeles,disneyland,Disneyland,Fantasyland,283,Snow White's Enchanted Wish,TRUE,15,2026-08-13T18:40:34.000Z,2026-08-13 11:40:34,https://queue-times.com/parks/16/queue_times.json
2026-08-13T18:45:27.367Z,2026-08-13 11:45:27,2026-08-13,America/Los_Angeles,disneyland,Disneyland,Fantasyland,305,Storybook Land Canal Boats,TRUE,10,2026-08-13T18:40:34.000Z,2026-08-13 11:40:34,https://queue-times.com/parks/16/queue_times.json
2026-08-13T18:45:27.367Z,2026-08-13 11:45:27,2026-08-13,America/Los_Angeles,disneyland,Disneyland,Frontierland,323,Big Thunder Mountain Railroad,TRUE,30,2026-08-13T18:40:34.000Z,2026-08-13 11:40:34,https://queue-times.com/parks/16/queue_times.json
2026-08-13T18:45:27.367Z,2026-08-13 11:45:27,2026-08-13,America/Los_Angeles,disneyland,Disneyland,Frontierland,679,Frontierland Shootin' Exposition,FALSE,0,2026-08-13T18:40:34.000Z,2026-08-13 11:40:34,https://queue-times.com/parks/16/queue_times.json
2026-08-13T18:45:27.367Z,2026-08-13 11:45:27,2026-08-13,America/Los_Angeles,disneyland,Disneyland,Frontierland,456,Mark Twain Riverboat,TRUE,10,2026-08-13T18:40:34.000Z,2026-08-13 11:40:34,https://queue-times.com/parks/16/queue_times.json
2026-08-13T18:45:27.367Z,2026-08-13 11:45:27,2026-08-13,America/Los_Angeles,disneyland,Disneyland,Frontierland,331,Pirate's Lair on Tom Sawyer Island,TRUE,5,2026-08-13T18:40:34.000Z,2026-08-13 11:40:34,https://queue-times.com/parks/16/queue_times.json
2026-08-13T18:45:27.367Z,2026-08-13 11:45:27,2026-08-13,America/Los_Angeles,disneyland,Disneyland,Frontierland,328,Sailing Ship Columbia,FALSE,0,2026-08-13T18:40:34.000Z,2026-08-13 11:40:34,https://queue-times.com/parks/16/queue_times.json
2026-08-13T18:45:27.367Z,2026-08-13 11:45:27,2026-08-13,America/Los_Angeles,disneyland,Disneyland,Main Street U.S.A,674,Disneyland Railroad,TRUE,5,2026-08-13T18:40:34.000Z,2026-08-13 11:40:34,https://queue-times.com/parks/16/queue_times.json
2026-08-13T18:45:27.367Z,2026-08-13 11:45:27,2026-08-13,America/Los_Angeles,disneyland,Disneyland,Main Street U.S.A,690,Great Moments with Mr. Lincoln,TRUE,0,2026-08-13T18:40:34.000Z,2026-08-13 11:40:34,https://queue-times.com/parks/16/queue_times.json
2026-08-13T18:45:27.367Z,2026-08-13 11:45:27,2026-08-13,America/Los_Angeles,disneyland,Disneyland,Main Street U.S.A,686,Main Street Cinema,FALSE,0,2026-08-13T18:40:34.000Z,2026-08-13 11:40:34,https://queue-times.com/parks/16/queue_times.json
2026-08-13T18:45:27.367Z,2026-08-13 11:45:27,2026-08-13,America/Los_Angeles,disneyland,Disneyland,Main Street U.S.A,691,Main Street Vehicles,TRUE,0,2026-08-13T18:40:34.000Z,2026-08-13 11:40:34,https://queue-times.com/parks/16/queue_times.json
2026-08-13T18:45:27.367Z,2026-08-13 11:45:27,2026-08-13,America/Los_Angeles,disneyland,Disneyland,Main Street U.S.A,14915,Opera House - Walt Disney - A Magical Life,TRUE,0,2026-08-13T18:40:34.000Z,2026-08-13 11:40:34,https://queue-times.com/parks/16/queue_times.json
2026-08-13T18:45:27.367Z,2026-08-13 11:45:27,2026-08-13,America/Los_Angeles,disneyland,Disneyland,Main Street U.S.A,695,The Disney Gallery,TRUE,0,2026-08-13T18:40:34.000Z,2026-08-13 11:40:34,https://queue-times.com/parks/16/queue_times.json
2026-08-13T18:45:27.367Z,2026-08-13 11:45:27,2026-08-13,America/Los_Angeles,disneyland,Disneyland,Main Street U.S.A,14923,Walt Disney - A Magical Life,FALSE,0,2026-08-13T18:40:34.000Z,2026-08-13 11:40:34,https://queue-times.com/parks/16/queue_times.json
2026-08-13T18:45:27.367Z,2026-08-13 11:45:27,2026-08-13,America/Los_Angeles,disneyland,Disneyland,Mickey's Toontown,324,Chip 'n' Dale's GADGETcoaster,TRUE,30,2026-08-13T18:40:34.000Z,2026-08-13 11:40:34,https://queue-times.com/parks/16/queue_times.json
2026-08-13T18:45:27.367Z,2026-08-13 11:45:27,2026-08-13,America/Los_Angeles,disneyland,Disneyland,Mickey's Toontown,13814,Donald's Duck Pond,TRUE,0,2026-08-13T18:40:34.000Z,2026-08-13 11:40:34,https://queue-times.com/parks/16/queue_times.json
2026-08-13T18:45:27.367Z,2026-08-13 11:45:27,2026-08-13,America/Los_Angeles,disneyland,Disneyland,Mickey's Toontown,11980,Goofy's How-to-Play Yard,TRUE,0,2026-08-13T18:40:34.000Z,2026-08-13 11:40:34,https://queue-times.com/parks/16/queue_times.json
2026-08-13T18:45:27.367Z,2026-08-13 11:45:27,2026-08-13,America/Los_Angeles,disneyland,Disneyland,Mickey's Toontown,11526,Mickey & Minnie's Runaway Railway,TRUE,20,2026-08-13T18:40:34.000Z,2026-08-13 11:40:34,https://queue-times.com/parks/16/queue_times.json
2026-08-13T18:45:27.367Z,2026-08-13 11:45:27,2026-08-13,America/Los_Angeles,disneyland,Disneyland,Mickey's Toontown,709,Mickey's House and Meet Mickey Mouse,TRUE,20,2026-08-13T18:40:34.000Z,2026-08-13 11:40:34,https://queue-times.com/parks/16/queue_times.json
2026-08-13T18:45:27.367Z,2026-08-13 11:45:27,2026-08-13,America/Los_Angeles,disneyland,Disneyland,Mickey's Toontown,327,Mickey's House and Meet Mickey Mouse,FALSE,0,2026-08-13T18:40:34.000Z,2026-08-13 11:40:34,https://queue-times.com/parks/16/queue_times.json
2026-08-13T18:45:27.367Z,2026-08-13 11:45:27,2026-08-13,America/Los_Angeles,disneyland,Disneyland,Mickey's Toontown,684,Minnie's House,TRUE,0,2026-08-13T18:40:34.000Z,2026-08-13 11:40:34,https://queue-times.com/parks/16/queue_times.json
2026-08-13T18:45:27.367Z,2026-08-13 11:45:27,2026-08-13,America/Los_Angeles,disneyland,Disneyland,Mickey's Toontown,332,Roger Rabbit's Car Toon Spin,TRUE,25,2026-08-13T18:40:34.000Z,2026-08-13 11:40:34,https://queue-times.com/parks/16/queue_times.json
2026-08-13T18:45:27.367Z,2026-08-13 11:45:27,2026-08-13,America/Los_Angeles,disneyland,Disneyland,New Orleans Square,13958,Haunted Mansion,FALSE,0,2026-08-13T18:40:34.000Z,2026-08-13 11:40:34,https://queue-times.com/parks/16/queue_times.json
2026-08-13T18:45:27.367Z,2026-08-13 11:45:27,2026-08-13,America/Los_Angeles,disneyland,Disneyland,New Orleans Square,289,Pirates of the Caribbean,TRUE,15,2026-08-13T18:40:34.000Z,2026-08-13 11:40:34,https://queue-times.com/parks/16/queue_times.json
2026-08-13T18:45:27.367Z,2026-08-13 11:45:27,2026-08-13,America/Los_Angeles,disneyland,Disneyland,Star Wars: Galaxy's Edge,6339,Millennium Falcon: Smugglers Run,TRUE,25,2026-08-13T18:40:34.000Z,2026-08-13 11:40:34,https://queue-times.com/parks/16/queue_times.json
2026-08-13T18:45:27.367Z,2026-08-13 11:45:27,2026-08-13,America/Los_Angeles,disneyland,Disneyland,Star Wars: Galaxy's Edge,10903,Millennium Falcon: Smugglers Run Single Rider,TRUE,0,2026-08-13T18:40:34.000Z,2026-08-13 11:40:34,https://queue-times.com/parks/16/queue_times.json
2026-08-13T18:45:27.367Z,2026-08-13 11:45:27,2026-08-13,America/Los_Angeles,disneyland,Disneyland,Star Wars: Galaxy's Edge,6340,Star Wars: Rise of the Resistance,TRUE,55,2026-08-13T18:40:34.000Z,2026-08-13 11:40:34,https://queue-times.com/parks/16/queue_times.json
2026-08-13T18:45:27.367Z,2026-08-13 11:45:27,2026-08-13,America/Los_Angeles,disneyland,Disneyland,Tomorrowland,287,Astro Orbitor,TRUE,15,2026-08-13T18:40:34.000Z,2026-08-13 11:40:34,https://queue-times.com/parks/16/queue_times.json
2026-08-13T18:45:27.367Z,2026-08-13 11:45:27,2026-08-13,America/Los_Angeles,disneyland,Disneyland,Tomorrowland,317,Autopia,TRUE,25,2026-08-13T18:40:34.000Z,2026-08-13 11:40:34,https://queue-times.com/parks/16/queue_times.json
2026-08-13T18:45:27.367Z,2026-08-13 11:45:27,2026-08-13,America/Los_Angeles,disneyland,Disneyland,Tomorrowland,273,Buzz Lightyear Astro Blasters,TRUE,25,2026-08-13T18:40:34.000Z,2026-08-13 11:40:34,https://queue-times.com/parks/16/queue_times.json
2026-08-13T18:45:27.367Z,2026-08-13 11:45:27,2026-08-13,America/Los_Angeles,disneyland,Disneyland,Tomorrowland,274,Disneyland Monorail,TRUE,5,2026-08-13T18:40:34.000Z,2026-08-13 11:40:34,https://queue-times.com/parks/16/queue_times.json
2026-08-13T18:45:27.367Z,2026-08-13 11:45:27,2026-08-13,America/Los_Angeles,disneyland,Disneyland,Tomorrowland,276,Finding Nemo Submarine Voyage,TRUE,10,2026-08-13T18:40:34.000Z,2026-08-13 11:40:34,https://queue-times.com/parks/16/queue_times.json
2026-08-13T18:45:27.367Z,2026-08-13 11:45:27,2026-08-13,America/Los_Angeles,disneyland,Disneyland,Tomorrowland,16627,Pixar Short Film Spotlight,FALSE,0,2026-08-13T18:40:34.000Z,2026-08-13 11:40:34,https://queue-times.com/parks/16/queue_times.json
2026-08-13T18:45:27.367Z,2026-08-13 11:45:27,2026-08-13,America/Los_Angeles,disneyland,Disneyland,Tomorrowland,284,Space Mountain,TRUE,40,2026-08-13T18:40:34.000Z,2026-08-13 11:40:34,https://queue-times.com/parks/16/queue_times.json
2026-08-13T18:45:27.367Z,2026-08-13 11:45:27,2026-08-13,America/Los_Angeles,disneyland,Disneyland,Tomorrowland,286,Star Tours - The Adventures Continue,TRUE,15,2026-08-13T18:40:34.000Z,2026-08-13 11:40:34,https://queue-times.com/parks/16/queue_times.json
2026-08-13T18:45:27.367Z,2026-08-13 11:45:27,2026-08-13,America/Los_Angeles,dca,Disney California Adventure,Avengers Campus,329,Guardians of the Galaxy - Mission: BREAKOUT!,TRUE,40,2026-08-13T18:40:44.000Z,2026-08-13 11:40:44,https://queue-times.com/parks/17/queue_times.json
2026-08-13T18:45:27.367Z,2026-08-13 11:45:27,2026-08-13,America/Los_Angeles,dca,Disney California Adventure,Avengers Campus,8843,WEB SLINGERS: A Spider-Man Adventure,TRUE,60,2026-08-13T18:40:44.000Z,2026-08-13 11:40:44,https://queue-times.com/parks/17/queue_times.json
2026-08-13T18:45:27.367Z,2026-08-13 11:45:27,2026-08-13,America/Los_Angeles,dca,Disney California Adventure,Avengers Campus,10907,WEB SLINGERS: A Spider-Man Adventure Single Rider,TRUE,0,2026-08-13T18:40:44.000Z,2026-08-13 11:40:44,https://queue-times.com/parks/17/queue_times.json
2026-08-13T18:45:27.367Z,2026-08-13 11:45:27,2026-08-13,America/Los_Angeles,dca,Disney California Adventure,Cars Land,13961,Luigi's Rollickin' Roadsters,TRUE,10,2026-08-13T18:40:44.000Z,2026-08-13 11:40:44,https://queue-times.com/parks/17/queue_times.json
2026-08-13T18:45:27.367Z,2026-08-13 11:45:27,2026-08-13,America/Los_Angeles,dca,Disney California Adventure,Cars Land,315,Mater's Junkyard Jamboree,TRUE,35,2026-08-13T18:40:44.000Z,2026-08-13 11:40:44,https://queue-times.com/parks/17/queue_times.json
2026-08-13T18:45:27.367Z,2026-08-13 11:45:27,2026-08-13,America/Los_Angeles,dca,Disney California Adventure,Cars Land,295,Radiator Springs Racers,TRUE,70,2026-08-13T18:40:44.000Z,2026-08-13 11:40:44,https://queue-times.com/parks/17/queue_times.json
2026-08-13T18:45:27.367Z,2026-08-13 11:45:27,2026-08-13,America/Los_Angeles,dca,Disney California Adventure,Cars Land,10904,Radiator Springs Racers Single Rider,TRUE,0,2026-08-13T18:40:44.000Z,2026-08-13 11:40:44,https://queue-times.com/parks/17/queue_times.json
2026-08-13T18:45:27.367Z,2026-08-13 11:45:27,2026-08-13,America/Los_Angeles,dca,Disney California Adventure,Grizzly Peak,302,Grizzly River Run,TRUE,5,2026-08-13T18:40:44.000Z,2026-08-13 11:40:44,https://queue-times.com/parks/17/queue_times.json
2026-08-13T18:45:27.367Z,2026-08-13 11:45:27,2026-08-13,America/Los_Angeles,dca,Disney California Adventure,Grizzly Peak,293,Redwood Creek Challenge Trail,TRUE,5,2026-08-13T18:40:44.000Z,2026-08-13 11:40:44,https://queue-times.com/parks/17/queue_times.json
2026-08-13T18:45:27.367Z,2026-08-13 11:45:27,2026-08-13,America/Los_Angeles,dca,Disney California Adventure,Grizzly Peak,17129,Soarin’ Across America,TRUE,30,2026-08-13T18:40:44.000Z,2026-08-13 11:40:44,https://queue-times.com/parks/17/queue_times.json
2026-08-13T18:45:27.367Z,2026-08-13 11:45:27,2026-08-13,America/Los_Angeles,dca,Disney California Adventure,Hollywood Land,321,Animation Academy,TRUE,0,2026-08-13T18:40:44.000Z,2026-08-13 11:40:44,https://queue-times.com/parks/17/queue_times.json
2026-08-13T18:45:27.367Z,2026-08-13 11:45:27,2026-08-13,America/Los_Angeles,dca,Disney California Adventure,Hollywood Land,6440,Mickey's PhilharMagic,TRUE,10,2026-08-13T18:40:44.000Z,2026-08-13 11:40:44,https://queue-times.com/parks/17/queue_times.json
2026-08-13T18:45:27.367Z,2026-08-13 11:45:27,2026-08-13,America/Los_Angeles,dca,Disney California Adventure,Hollywood Land,291,"Monsters, Inc. Mike & Sulley to the Rescue!",TRUE,45,2026-08-13T18:40:44.000Z,2026-08-13 11:40:44,https://queue-times.com/parks/17/queue_times.json
2026-08-13T18:45:27.367Z,2026-08-13 11:45:27,2026-08-13,America/Los_Angeles,dca,Disney California Adventure,Hollywood Land,868,Sorcerer's Workshop,TRUE,0,2026-08-13T18:40:44.000Z,2026-08-13 11:40:44,https://queue-times.com/parks/17/queue_times.json
2026-08-13T18:45:27.367Z,2026-08-13 11:45:27,2026-08-13,America/Los_Angeles,dca,Disney California Adventure,Hollywood Land,294,Turtle Talk with Crush,TRUE,0,2026-08-13T18:40:44.000Z,2026-08-13 11:40:44,https://queue-times.com/parks/17/queue_times.json
2026-08-13T18:45:27.367Z,2026-08-13 11:45:27,2026-08-13,America/Los_Angeles,dca,Disney California Adventure,Pacific Wharf,869,The Bakery Tour,TRUE,0,2026-08-13T18:40:44.000Z,2026-08-13 11:40:44,https://queue-times.com/parks/17/queue_times.json
2026-08-13T18:45:27.367Z,2026-08-13 11:45:27,2026-08-13,America/Los_Angeles,dca,Disney California Adventure,Paradise Gardens Park,298,Golden Zephyr,TRUE,5,2026-08-13T18:40:44.000Z,2026-08-13 11:40:44,https://queue-times.com/parks/17/queue_times.json
2026-08-13T18:45:27.367Z,2026-08-13 11:45:27,2026-08-13,America/Los_Angeles,dca,Disney California Adventure,Paradise Gardens Park,319,Goofy's Sky School,TRUE,25,2026-08-13T18:40:44.000Z,2026-08-13 11:40:44,https://queue-times.com/parks/17/queue_times.json
2026-08-13T18:45:27.367Z,2026-08-13 11:45:27,2026-08-13,America/Los_Angeles,dca,Disney California Adventure,Paradise Gardens Park,301,Silly Symphony Swings,FALSE,0,2026-08-13T18:40:44.000Z,2026-08-13 11:40:44,https://queue-times.com/parks/17/queue_times.json
2026-08-13T18:45:27.367Z,2026-08-13 11:45:27,2026-08-13,America/Los_Angeles,dca,Disney California Adventure,Paradise Gardens Park,316,The Little Mermaid - Ariel's Undersea Adventure,TRUE,10,2026-08-13T18:40:44.000Z,2026-08-13 11:40:44,https://queue-times.com/parks/17/queue_times.json
2026-08-13T18:45:27.367Z,2026-08-13 11:45:27,2026-08-13,America/Los_Angeles,dca,Disney California Adventure,Paradise Gardens Park,11528,World of Color – ONE,FALSE,0,2026-08-13T18:40:44.000Z,2026-08-13 11:40:44,https://queue-times.com/parks/17/queue_times.json
2026-08-13T18:45:27.367Z,2026-08-13 11:45:27,2026-08-13,America/Los_Angeles,dca,Disney California Adventure,Paradise Gardens Park,14742,World of Color Happiness!,FALSE,0,2026-08-10T07:05:45.000Z,2026-08-10 00:05:45,https://queue-times.com/parks/17/queue_times.json
2026-08-13T18:45:27.367Z,2026-08-13 11:45:27,2026-08-13,America/Los_Angeles,dca,Disney California Adventure,Pixar Pier,866,Games of Pixar Pier,TRUE,5,2026-08-13T18:40:44.000Z,2026-08-13 11:40:44,https://queue-times.com/parks/17/queue_times.json
2026-08-13T18:45:27.367Z,2026-08-13 11:45:27,2026-08-13,America/Los_Angeles,dca,Disney California Adventure,Pixar Pier,322,Incredicoaster,TRUE,25,2026-08-13T18:40:44.000Z,2026-08-13 11:40:44,https://queue-times.com/parks/17/queue_times.json
2026-08-13T18:45:27.367Z,2026-08-13 11:45:27,2026-08-13,America/Los_Angeles,dca,Disney California Adventure,Pixar Pier,10906,Incredicoaster Single Rider,TRUE,0,2026-08-13T18:40:44.000Z,2026-08-13 11:40:44,https://queue-times.com/parks/17/queue_times.json
2026-08-13T18:45:27.367Z,2026-08-13 11:45:27,2026-08-13,America/Los_Angeles,dca,Disney California Adventure,Pixar Pier,6643,Inside Out Emotional Whirlwind,TRUE,5,2026-08-13T18:40:44.000Z,2026-08-13 11:40:44,https://queue-times.com/parks/17/queue_times.json
2026-08-13T18:45:27.367Z,2026-08-13 11:45:27,2026-08-13,America/Los_Angeles,dca,Disney California Adventure,Pixar Pier,310,Jessie's Critter Carousel,TRUE,5,2026-08-13T18:40:44.000Z,2026-08-13 11:40:44,https://queue-times.com/parks/17/queue_times.json
2026-08-13T18:45:27.367Z,2026-08-13 11:45:27,2026-08-13,America/Los_Angeles,dca,Disney California Adventure,Pixar Pier,300,Jumpin' Jellyfish,TRUE,5,2026-08-13T18:40:44.000Z,2026-08-13 11:40:44,https://queue-times.com/parks/17/queue_times.json
2026-08-13T18:45:27.367Z,2026-08-13 11:45:27,2026-08-13,America/Los_Angeles,dca,Disney California Adventure,Pixar Pier,311,Pixar Pal-A-Round - Swinging,TRUE,30,2026-08-13T18:40:44.000Z,2026-08-13 11:40:44,https://queue-times.com/parks/17/queue_times.json
2026-08-13T18:45:27.367Z,2026-08-13 11:45:27,2026-08-13,America/Los_Angeles,dca,Disney California Adventure,Pixar Pier,5557,Pixar Pal-A-Round – Non-Swinging,TRUE,5,2026-08-13T18:40:44.000Z,2026-08-13 11:40:44,https://queue-times.com/parks/17/queue_times.json
2026-08-13T18:45:27.367Z,2026-08-13 11:45:27,2026-08-13,America/Los_Angeles,dca,Disney California Adventure,Pixar Pier,313,Toy Story Midway Mania!,TRUE,40,2026-08-13T18:40:44.000Z,2026-08-13 11:40:44,https://queue-times.com/parks/17/queue_times.json
2026-08-13T19:00:23.820Z,2026-08-13 12:00:23,2026-08-13,America/Los_Angeles,disneyland,Disneyland,Adventureland,12428,Adventureland Treehouse inspired by Walt Disney’s Swiss Family Robinson,TRUE,0,2026-08-13T18:55:33.000Z,2026-08-13 11:55:33,https://queue-times.com/parks/16/queue_times.json
2026-08-13T19:00:23.820Z,2026-08-13 12:00:23,2026-08-13,America/Los_Angeles,disneyland,Disneyland,Adventureland,326,Indiana Jones™ Adventure,TRUE,40,2026-08-13T18:55:33.000Z,2026-08-13 11:55:33,https://queue-times.com/parks/16/queue_times.json
2026-08-13T19:00:23.820Z,2026-08-13 12:00:23,2026-08-13,America/Los_Angeles,disneyland,Disneyland,Adventureland,296,Jungle Cruise,TRUE,15,2026-08-13T18:55:33.000Z,2026-08-13 11:55:33,https://queue-times.com/parks/16/queue_times.json
2026-08-13T19:00:23.820Z,2026-08-13 12:00:23,2026-08-13,America/Los_Angeles,disneyland,Disneyland,Adventureland,288,Walt Disney's Enchanted Tiki Room,TRUE,0,2026-08-13T18:55:33.000Z,2026-08-13 11:55:33,https://queue-times.com/parks/16/queue_times.json
2026-08-13T19:00:23.820Z,2026-08-13 12:00:23,2026-08-13,America/Los_Angeles,disneyland,Disneyland,Bayou Country,304,Davy Crockett's Explorer Canoes,FALSE,0,2026-08-13T18:55:33.000Z,2026-08-13 11:55:33,https://queue-times.com/parks/16/queue_times.json
2026-08-13T19:00:23.820Z,2026-08-13 12:00:23,2026-08-13,America/Los_Angeles,disneyland,Disneyland,Bayou Country,306,The Many Adventures of Winnie the Pooh,TRUE,5,2026-08-13T18:55:33.000Z,2026-08-13 11:55:33,https://queue-times.com/parks/16/queue_times.json
2026-08-13T19:00:23.820Z,2026-08-13 12:00:23,2026-08-13,America/Los_Angeles,disneyland,Disneyland,Bayou Country,14168,Tiana's Bayou Adventure,TRUE,25,2026-08-13T18:55:33.000Z,2026-08-13 11:55:33,https://queue-times.com/parks/16/queue_times.json
2026-08-13T19:00:23.820Z,2026-08-13 12:00:23,2026-08-13,America/Los_Angeles,disneyland,Disneyland,Bayou Country,14326,Tiana's Bayou Adventure Single Rider,TRUE,0,2026-08-13T18:55:33.000Z,2026-08-13 11:55:33,https://queue-times.com/parks/16/queue_times.json
2026-08-13T19:00:23.820Z,2026-08-13 12:00:23,2026-08-13,America/Los_Angeles,disneyland,Disneyland,Fantasyland,307,"""it's a small world""",TRUE,5,2026-08-13T18:55:33.000Z,2026-08-13 11:55:33,https://queue-times.com/parks/16/queue_times.json
2026-08-13T19:00:23.820Z,2026-08-13 12:00:23,2026-08-13,America/Los_Angeles,disneyland,Disneyland,Fantasyland,285,Alice in Wonderland,TRUE,20,2026-08-13T18:55:33.000Z,2026-08-13 11:55:33,https://queue-times.com/parks/16/queue_times.json
2026-08-13T19:00:23.820Z,2026-08-13 12:00:23,2026-08-13,America/Los_Angeles,disneyland,Disneyland,Fantasyland,16254,Bluey’s Best Day Ever! at Fantasyland Theatre,TRUE,0,2026-08-13T18:55:33.000Z,2026-08-13 11:55:33,https://queue-times.com/parks/16/queue_times.json
2026-08-13T19:00:23.820Z,2026-08-13 12:00:23,2026-08-13,America/Los_Angeles,disneyland,Disneyland,Fantasyland,303,Casey Jr. Circus Train,TRUE,5,2026-08-13T18:55:33.000Z,2026-08-13 11:55:33,https://queue-times.com/parks/16/queue_times.json
2026-08-13T19:00:23.820Z,2026-08-13 12:00:23,2026-08-13,America/Los_Angeles,disneyland,Disneyland,Fantasyland,275,Dumbo the Flying Elephant,TRUE,25,2026-08-13T18:55:33.000Z,2026-08-13 11:55:33,https://queue-times.com/parks/16/queue_times.json
2026-08-13T19:00:23.820Z,2026-08-13 12:00:23,2026-08-13,America/Los_Angeles,disneyland,Disneyland,Fantasyland,277,King Arthur Carrousel,TRUE,5,2026-08-13T18:55:33.000Z,2026-08-13 11:55:33,https://queue-times.com/parks/16/queue_times.json
2026-08-13T19:00:23.820Z,2026-08-13 12:00:23,2026-08-13,America/Los_Angeles,disneyland,Disneyland,Fantasyland,278,Mad Tea Party,TRUE,5,2026-08-13T18:55:33.000Z,2026-08-13 11:55:33,https://queue-times.com/parks/16/queue_times.json
2026-08-13T19:00:23.820Z,2026-08-13 12:00:23,2026-08-13,America/Los_Angeles,disneyland,Disneyland,Fantasyland,279,Matterhorn Bobsleds,FALSE,0,2026-08-13T18:55:33.000Z,2026-08-13 11:55:33,https://queue-times.com/parks/16/queue_times.json
2026-08-13T19:00:23.820Z,2026-08-13 12:00:23,2026-08-13,America/Los_Angeles,disneyland,Disneyland,Fantasyland,6711,Meet Disney Princesses at Royal Hall,TRUE,60,2026-08-13T18:55:33.000Z,2026-08-13 11:55:33,https://queue-times.com/parks/16/queue_times.json
2026-08-13T19:00:23.820Z,2026-08-13 12:00:23,2026-08-13,America/Los_Angeles,disneyland,Disneyland,Fantasyland,280,Mr. Toad's Wild Ride,TRUE,15,2026-08-13T18:55:33.000Z,2026-08-13 11:55:33,https://queue-times.com/parks/16/queue_times.json
2026-08-13T19:00:23.820Z,2026-08-13 12:00:23,2026-08-13,America/Los_Angeles,disneyland,Disneyland,Fantasyland,281,Peter Pan's Flight,TRUE,30,2026-08-13T18:55:33.000Z,2026-08-13 11:55:33,https://queue-times.com/parks/16/queue_times.json
2026-08-13T19:00:23.820Z,2026-08-13 12:00:23,2026-08-13,America/Los_Angeles,disneyland,Disneyland,Fantasyland,282,Pinocchio's Daring Journey,TRUE,5,2026-08-13T18:55:33.000Z,2026-08-13 11:55:33,https://queue-times.com/parks/16/queue_times.json
2026-08-13T19:00:23.820Z,2026-08-13 12:00:23,2026-08-13,America/Los_Angeles,disneyland,Disneyland,Fantasyland,687,Sleeping Beauty Castle Walkthrough,FALSE,0,2026-08-13T18:55:33.000Z,2026-08-13 11:55:33,https://queue-times.com/parks/16/queue_times.json
2026-08-13T19:00:23.820Z,2026-08-13 12:00:23,2026-08-13,America/Los_Angeles,disneyland,Disneyland,Fantasyland,283,Snow White's Enchanted Wish,TRUE,15,2026-08-13T18:55:33.000Z,2026-08-13 11:55:33,https://queue-times.com/parks/16/queue_times.json
2026-08-13T19:00:23.820Z,2026-08-13 12:00:23,2026-08-13,America/Los_Angeles,disneyland,Disneyland,Fantasyland,305,Storybook Land Canal Boats,TRUE,10,2026-08-13T18:55:33.000Z,2026-08-13 11:55:33,https://queue-times.com/parks/16/queue_times.json
2026-08-13T19:00:23.820Z,2026-08-13 12:00:23,2026-08-13,America/Los_Angeles,disneyland,Disneyland,Frontierland,323,Big Thunder Mountain Railroad,TRUE,35,2026-08-13T18:55:33.000Z,2026-08-13 11:55:33,https://queue-times.com/parks/16/queue_times.json
2026-08-13T19:00:23.820Z,2026-08-13 12:00:23,2026-08-13,America/Los_Angeles,disneyland,Disneyland,Frontierland,679,Frontierland Shootin' Exposition,FALSE,0,2026-08-13T18:55:33.000Z,2026-08-13 11:55:33,https://queue-times.com/parks/16/queue_times.json
2026-08-13T19:00:23.820Z,2026-08-13 12:00:23,2026-08-13,America/Los_Angeles,disneyland,Disneyland,Frontierland,456,Mark Twain Riverboat,TRUE,10,2026-08-13T18:55:33.000Z,2026-08-13 11:55:33,https://queue-times.com/parks/16/queue_times.json
2026-08-13T19:00:23.820Z,2026-08-13 12:00:23,2026-08-13,America/Los_Angeles,disneyland,Disneyland,Frontierland,331,Pirate's Lair on Tom Sawyer Island,TRUE,5,2026-08-13T18:55:33.000Z,2026-08-13 11:55:33,https://queue-times.com/parks/16/queue_times.json
2026-08-13T19:00:23.820Z,2026-08-13 12:00:23,2026-08-13,America/Los_Angeles,disneyland,Disneyland,Frontierland,328,Sailing Ship Columbia,FALSE,0,2026-08-13T18:55:33.000Z,2026-08-13 11:55:33,https://queue-times.com/parks/16/queue_times.json
2026-08-13T19:00:23.820Z,2026-08-13 12:00:23,2026-08-13,America/Los_Angeles,disneyland,Disneyland,Main Street U.S.A,674,Disneyland Railroad,TRUE,5,2026-08-13T18:55:33.000Z,2026-08-13 11:55:33,https://queue-times.com/parks/16/queue_times.json
2026-08-13T19:00:23.820Z,2026-08-13 12:00:23,2026-08-13,America/Los_Angeles,disneyland,Disneyland,Main Street U.S.A,690,Great Moments with Mr. Lincoln,TRUE,0,2026-08-13T18:55:33.000Z,2026-08-13 11:55:33,https://queue-times.com/parks/16/queue_times.json
2026-08-13T19:00:23.820Z,2026-08-13 12:00:23,2026-08-13,America/Los_Angeles,disneyland,Disneyland,Main Street U.S.A,686,Main Street Cinema,FALSE,0,2026-08-13T18:55:33.000Z,2026-08-13 11:55:33,https://queue-times.com/parks/16/queue_times.json
2026-08-13T19:00:23.820Z,2026-08-13 12:00:23,2026-08-13,America/Los_Angeles,disneyland,Disneyland,Main Street U.S.A,691,Main Street Vehicles,TRUE,0,2026-08-13T18:55:33.000Z,2026-08-13 11:55:33,https://queue-times.com/parks/16/queue_times.json
2026-08-13T19:00:23.820Z,2026-08-13 12:00:23,2026-08-13,America/Los_Angeles,disneyland,Disneyland,Main Street U.S.A,14915,Opera House - Walt Disney - A Magical Life,TRUE,0,2026-08-13T18:55:33.000Z,2026-08-13 11:55:33,https://queue-times.com/parks/16/queue_times.json
2026-08-13T19:00:23.820Z,2026-08-13 12:00:23,2026-08-13,America/Los_Angeles,disneyland,Disneyland,Main Street U.S.A,695,The Disney Gallery,TRUE,0,2026-08-13T18:55:33.000Z,2026-08-13 11:55:33,https://queue-times.com/parks/16/queue_times.json
2026-08-13T19:00:23.820Z,2026-08-13 12:00:23,2026-08-13,America/Los_Angeles,disneyland,Disneyland,Main Street U.S.A,14923,Walt Disney - A Magical Life,FALSE,0,2026-08-13T18:55:33.000Z,2026-08-13 11:55:33,https://queue-times.com/parks/16/queue_times.json
2026-08-13T19:00:23.820Z,2026-08-13 12:00:23,2026-08-13,America/Los_Angeles,disneyland,Disneyland,Mickey's Toontown,324,Chip 'n' Dale's GADGETcoaster,TRUE,30,2026-08-13T18:55:33.000Z,2026-08-13 11:55:33,https://queue-times.com/parks/16/queue_times.json
2026-08-13T19:00:23.820Z,2026-08-13 12:00:23,2026-08-13,America/Los_Angeles,disneyland,Disneyland,Mickey's Toontown,13814,Donald's Duck Pond,TRUE,0,2026-08-13T18:55:33.000Z,2026-08-13 11:55:33,https://queue-times.com/parks/16/queue_times.json
2026-08-13T19:00:23.820Z,2026-08-13 12:00:23,2026-08-13,America/Los_Angeles,disneyland,Disneyland,Mickey's Toontown,11980,Goofy's How-to-Play Yard,TRUE,0,2026-08-13T18:55:33.000Z,2026-08-13 11:55:33,https://queue-times.com/parks/16/queue_times.json
2026-08-13T19:00:23.820Z,2026-08-13 12:00:23,2026-08-13,America/Los_Angeles,disneyland,Disneyland,Mickey's Toontown,11526,Mickey & Minnie's Runaway Railway,TRUE,20,2026-08-13T18:55:33.000Z,2026-08-13 11:55:33,https://queue-times.com/parks/16/queue_times.json
2026-08-13T19:00:23.820Z,2026-08-13 12:00:23,2026-08-13,America/Los_Angeles,disneyland,Disneyland,Mickey's Toontown,709,Mickey's House and Meet Mickey Mouse,TRUE,5,2026-08-13T18:55:33.000Z,2026-08-13 11:55:33,https://queue-times.com/parks/16/queue_times.json
2026-08-13T19:00:23.820Z,2026-08-13 12:00:23,2026-08-13,America/Los_Angeles,disneyland,Disneyland,Mickey's Toontown,327,Mickey's House and Meet Mickey Mouse,FALSE,0,2026-08-13T18:55:33.000Z,2026-08-13 11:55:33,https://queue-times.com/parks/16/queue_times.json
2026-08-13T19:00:23.820Z,2026-08-13 12:00:23,2026-08-13,America/Los_Angeles,disneyland,Disneyland,Mickey's Toontown,684,Minnie's House,TRUE,0,2026-08-13T18:55:33.000Z,2026-08-13 11:55:33,https://queue-times.com/parks/16/queue_times.json
2026-08-13T19:00:23.820Z,2026-08-13 12:00:23,2026-08-13,America/Los_Angeles,disneyland,Disneyland,Mickey's Toontown,332,Roger Rabbit's Car Toon Spin,TRUE,25,2026-08-13T18:55:33.000Z,2026-08-13 11:55:33,https://queue-times.com/parks/16/queue_times.json
2026-08-13T19:00:23.820Z,2026-08-13 12:00:23,2026-08-13,America/Los_Angeles,disneyland,Disneyland,New Orleans Square,13958,Haunted Mansion,FALSE,0,2026-08-13T18:55:33.000Z,2026-08-13 11:55:33,https://queue-times.com/parks/16/queue_times.json
2026-08-13T19:00:23.820Z,2026-08-13 12:00:23,2026-08-13,America/Los_Angeles,disneyland,Disneyland,New Orleans Square,289,Pirates of the Caribbean,TRUE,20,2026-08-13T18:55:33.000Z,2026-08-13 11:55:33,https://queue-times.com/parks/16/queue_times.json
2026-08-13T19:00:23.820Z,2026-08-13 12:00:23,2026-08-13,America/Los_Angeles,disneyland,Disneyland,Star Wars: Galaxy's Edge,6339,Millennium Falcon: Smugglers Run,TRUE,25,2026-08-13T18:55:33.000Z,2026-08-13 11:55:33,https://queue-times.com/parks/16/queue_times.json
2026-08-13T19:00:23.820Z,2026-08-13 12:00:23,2026-08-13,America/Los_Angeles,disneyland,Disneyland,Star Wars: Galaxy's Edge,10903,Millennium Falcon: Smugglers Run Single Rider,TRUE,0,2026-08-13T18:55:33.000Z,2026-08-13 11:55:33,https://queue-times.com/parks/16/queue_times.json
2026-08-13T19:00:23.820Z,2026-08-13 12:00:23,2026-08-13,America/Los_Angeles,disneyland,Disneyland,Star Wars: Galaxy's Edge,6340,Star Wars: Rise of the Resistance,TRUE,60,2026-08-13T18:55:33.000Z,2026-08-13 11:55:33,https://queue-times.com/parks/16/queue_times.json
2026-08-13T19:00:23.820Z,2026-08-13 12:00:23,2026-08-13,America/Los_Angeles,disneyland,Disneyland,Tomorrowland,287,Astro Orbitor,TRUE,25,2026-08-13T18:55:33.000Z,2026-08-13 11:55:33,https://queue-times.com/parks/16/queue_times.json
2026-08-13T19:00:23.820Z,2026-08-13 12:00:23,2026-08-13,America/Los_Angeles,disneyland,Disneyland,Tomorrowland,317,Autopia,TRUE,35,2026-08-13T18:55:33.000Z,2026-08-13 11:55:33,https://queue-times.com/parks/16/queue_times.json
2026-08-13T19:00:23.820Z,2026-08-13 12:00:23,2026-08-13,America/Los_Angeles,disneyland,Disneyland,Tomorrowland,273,Buzz Lightyear Astro Blasters,TRUE,25,2026-08-13T18:55:33.000Z,2026-08-13 11:55:33,https://queue-times.com/parks/16/queue_times.json
2026-08-13T19:00:23.820Z,2026-08-13 12:00:23,2026-08-13,America/Los_Angeles,disneyland,Disneyland,Tomorrowland,274,Disneyland Monorail,TRUE,5,2026-08-13T18:55:33.000Z,2026-08-13 11:55:33,https://queue-times.com/parks/16/queue_times.json
2026-08-13T19:00:23.820Z,2026-08-13 12:00:23,2026-08-13,America/Los_Angeles,disneyland,Disneyland,Tomorrowland,276,Finding Nemo Submarine Voyage,TRUE,10,2026-08-13T18:55:33.000Z,2026-08-13 11:55:33,https://queue-times.com/parks/16/queue_times.json
2026-08-13T19:00:23.820Z,2026-08-13 12:00:23,2026-08-13,America/Los_Angeles,disneyland,Disneyland,Tomorrowland,16627,Pixar Short Film Spotlight,FALSE,0,2026-08-13T18:55:33.000Z,2026-08-13 11:55:33,https://queue-times.com/parks/16/queue_times.json
2026-08-13T19:00:23.820Z,2026-08-13 12:00:23,2026-08-13,America/Los_Angeles,disneyland,Disneyland,Tomorrowland,284,Space Mountain,TRUE,40,2026-08-13T18:55:33.000Z,2026-08-13 11:55:33,https://queue-times.com/parks/16/queue_times.json
2026-08-13T19:00:23.820Z,2026-08-13 12:00:23,2026-08-13,America/Los_Angeles,disneyland,Disneyland,Tomorrowland,286,Star Tours - The Adventures Continue,TRUE,15,2026-08-13T18:55:33.000Z,2026-08-13 11:55:33,https://queue-times.com/parks/16/queue_times.json
2026-08-13T19:00:23.820Z,2026-08-13 12:00:23,2026-08-13,America/Los_Angeles,dca,Disney California Adventure,Avengers Campus,329,Guardians of the Galaxy - Mission: BREAKOUT!,TRUE,20,2026-08-13T18:55:39.000Z,2026-08-13 11:55:39,https://queue-times.com/parks/17/queue_times.json
2026-08-13T19:00:23.820Z,2026-08-13 12:00:23,2026-08-13,America/Los_Angeles,dca,Disney California Adventure,Avengers Campus,8843,WEB SLINGERS: A Spider-Man Adventure,TRUE,50,2026-08-13T18:55:39.000Z,2026-08-13 11:55:39,https://queue-times.com/parks/17/queue_times.json
2026-08-13T19:00:23.820Z,2026-08-13 12:00:23,2026-08-13,America/Los_Angeles,dca,Disney California Adventure,Avengers Campus,10907,WEB SLINGERS: A Spider-Man Adventure Single Rider,TRUE,0,2026-08-13T18:55:39.000Z,2026-08-13 11:55:39,https://queue-times.com/parks/17/queue_times.json
2026-08-13T19:00:23.820Z,2026-08-13 12:00:23,2026-08-13,America/Los_Angeles,dca,Disney California Adventure,Cars Land,13961,Luigi's Rollickin' Roadsters,TRUE,10,2026-08-13T18:55:39.000Z,2026-08-13 11:55:39,https://queue-times.com/parks/17/queue_times.json
2026-08-13T19:00:23.820Z,2026-08-13 12:00:23,2026-08-13,America/Los_Angeles,dca,Disney California Adventure,Cars Land,315,Mater's Junkyard Jamboree,TRUE,35,2026-08-13T18:55:39.000Z,2026-08-13 11:55:39,https://queue-times.com/parks/17/queue_times.json
2026-08-13T19:00:23.820Z,2026-08-13 12:00:23,2026-08-13,America/Los_Angeles,dca,Disney California Adventure,Cars Land,295,Radiator Springs Racers,TRUE,70,2026-08-13T18:55:39.000Z,2026-08-13 11:55:39,https://queue-times.com/parks/17/queue_times.json
2026-08-13T19:00:23.820Z,2026-08-13 12:00:23,2026-08-13,America/Los_Angeles,dca,Disney California Adventure,Cars Land,10904,Radiator Springs Racers Single Rider,TRUE,0,2026-08-13T18:55:39.000Z,2026-08-13 11:55:39,https://queue-times.com/parks/17/queue_times.json
2026-08-13T19:00:23.820Z,2026-08-13 12:00:23,2026-08-13,America/Los_Angeles,dca,Disney California Adventure,Grizzly Peak,302,Grizzly River Run,TRUE,10,2026-08-13T18:55:39.000Z,2026-08-13 11:55:39,https://queue-times.com/parks/17/queue_times.json
2026-08-13T19:00:23.820Z,2026-08-13 12:00:23,2026-08-13,America/Los_Angeles,dca,Disney California Adventure,Grizzly Peak,293,Redwood Creek Challenge Trail,TRUE,5,2026-08-13T18:55:39.000Z,2026-08-13 11:55:39,https://queue-times.com/parks/17/queue_times.json
2026-08-13T19:00:23.820Z,2026-08-13 12:00:23,2026-08-13,America/Los_Angeles,dca,Disney California Adventure,Grizzly Peak,17129,Soarin’ Across America,TRUE,30,2026-08-13T18:55:39.000Z,2026-08-13 11:55:39,https://queue-times.com/parks/17/queue_times.json
2026-08-13T19:00:23.820Z,2026-08-13 12:00:23,2026-08-13,America/Los_Angeles,dca,Disney California Adventure,Hollywood Land,321,Animation Academy,TRUE,0,2026-08-13T18:55:39.000Z,2026-08-13 11:55:39,https://queue-times.com/parks/17/queue_times.json
2026-08-13T19:00:23.820Z,2026-08-13 12:00:23,2026-08-13,America/Los_Angeles,dca,Disney California Adventure,Hollywood Land,6440,Mickey's PhilharMagic,TRUE,10,2026-08-13T18:55:39.000Z,2026-08-13 11:55:39,https://queue-times.com/parks/17/queue_times.json
2026-08-13T19:00:23.820Z,2026-08-13 12:00:23,2026-08-13,America/Los_Angeles,dca,Disney California Adventure,Hollywood Land,291,"Monsters, Inc. Mike & Sulley to the Rescue!",TRUE,35,2026-08-13T18:55:39.000Z,2026-08-13 11:55:39,https://queue-times.com/parks/17/queue_times.json
2026-08-13T19:00:23.820Z,2026-08-13 12:00:23,2026-08-13,America/Los_Angeles,dca,Disney California Adventure,Hollywood Land,868,Sorcerer's Workshop,TRUE,0,2026-08-13T18:55:39.000Z,2026-08-13 11:55:39,https://queue-times.com/parks/17/queue_times.json
2026-08-13T19:00:23.820Z,2026-08-13 12:00:23,2026-08-13,America/Los_Angeles,dca,Disney California Adventure,Hollywood Land,294,Turtle Talk with Crush,TRUE,0,2026-08-13T18:55:39.000Z,2026-08-13 11:55:39,https://queue-times.com/parks/17/queue_times.json
2026-08-13T19:00:23.820Z,2026-08-13 12:00:23,2026-08-13,America/Los_Angeles,dca,Disney California Adventure,Pacific Wharf,869,The Bakery Tour,TRUE,0,2026-08-13T18:55:39.000Z,2026-08-13 11:55:39,https://queue-times.com/parks/17/queue_times.json
2026-08-13T19:00:23.820Z,2026-08-13 12:00:23,2026-08-13,America/Los_Angeles,dca,Disney California Adventure,Paradise Gardens Park,298,Golden Zephyr,TRUE,5,2026-08-13T18:55:39.000Z,2026-08-13 11:55:39,https://queue-times.com/parks/17/queue_times.json
2026-08-13T19:00:23.820Z,2026-08-13 12:00:23,2026-08-13,America/Los_Angeles,dca,Disney California Adventure,Paradise Gardens Park,319,Goofy's Sky School,TRUE,25,2026-08-13T18:55:39.000Z,2026-08-13 11:55:39,https://queue-times.com/parks/17/queue_times.json
2026-08-13T19:00:23.820Z,2026-08-13 12:00:23,2026-08-13,America/Los_Angeles,dca,Disney California Adventure,Paradise Gardens Park,301,Silly Symphony Swings,FALSE,0,2026-08-13T18:55:39.000Z,2026-08-13 11:55:39,https://queue-times.com/parks/17/queue_times.json
2026-08-13T19:00:23.820Z,2026-08-13 12:00:23,2026-08-13,America/Los_Angeles,dca,Disney California Adventure,Paradise Gardens Park,316,The Little Mermaid - Ariel's Undersea Adventure,TRUE,15,2026-08-13T18:55:39.000Z,2026-08-13 11:55:39,https://queue-times.com/parks/17/queue_times.json
2026-08-13T19:00:23.820Z,2026-08-13 12:00:23,2026-08-13,America/Los_Angeles,dca,Disney California Adventure,Paradise Gardens Park,11528,World of Color – ONE,FALSE,0,2026-08-13T18:55:39.000Z,2026-08-13 11:55:39,https://queue-times.com/parks/17/queue_times.json
2026-08-13T19:00:23.820Z,2026-08-13 12:00:23,2026-08-13,America/Los_Angeles,dca,Disney California Adventure,Paradise Gardens Park,14742,World of Color Happiness!,FALSE,0,2026-08-10T07:05:45.000Z,2026-08-10 00:05:45,https://queue-times.com/parks/17/queue_times.json
2026-08-13T19:00:23.820Z,2026-08-13 12:00:23,2026-08-13,America/Los_Angeles,dca,Disney California Adventure,Pixar Pier,866,Games of Pixar Pier,TRUE,5,2026-08-13T18:55:39.000Z,2026-08-13 11:55:39,https://queue-times.com/parks/17/queue_times.json
2026-08-13T19:00:23.820Z,2026-08-13 12:00:23,2026-08-13,America/Los_Angeles,dca,Disney California Adventure,Pixar Pier,322,Incredicoaster,TRUE,25,2026-08-13T18:55:39.000Z,2026-08-13 11:55:39,https://queue-times.com/parks/17/queue_times.json
2026-08-13T19:00:23.820Z,2026-08-13 12:00:23,2026-08-13,America/Los_Angeles,dca,Disney California Adventure,Pixar Pier,10906,Incredicoaster Single Rider,TRUE,0,2026-08-13T18:55:39.000Z,2026-08-13 11:55:39,https://queue-times.com/parks/17/queue_times.json
2026-08-13T19:00:23.820Z,2026-08-13 12:00:23,2026-08-13,America/Los_Angeles,dca,Disney California Adventure,Pixar Pier,6643,Inside Out Emotional Whirlwind,TRUE,5,2026-08-13T18:55:39.000Z,2026-08-13 11:55:39,https://queue-times.com/parks/17/queue_times.json
2026-08-13T19:00:23.820Z,2026-08-13 12:00:23,2026-08-13,America/Los_Angeles,dca,Disney California Adventure,Pixar Pier,310,Jessie's Critter Carousel,TRUE,5,2026-08-13T18:55:39.000Z,2026-08-13 11:55:39,https://queue-times.com/parks/17/queue_times.json
2026-08-13T19:00:23.820Z,2026-08-13 12:00:23,2026-08-13,America/Los_Angeles,dca,Disney California Adventure,Pixar Pier,300,Jumpin' Jellyfish,TRUE,5,2026-08-13T18:55:39.000Z,2026-08-13 11:55:39,https://queue-times.com/parks/17/queue_times.json
2026-08-13T19:00:23.820Z,2026-08-13 12:00:23,2026-08-13,America/Los_Angeles,dca,Disney California Adventure,Pixar Pier,311,Pixar Pal-A-Round - Swinging,TRUE,20,2026-08-13T18:55:39.000Z,2026-08-13 11:55:39,https://queue-times.com/parks/17/queue_times.json
2026-08-13T19:00:23.820Z,2026-08-13 12:00:23,2026-08-13,America/Los_Angeles,dca,Disney California Adventure,Pixar Pier,5557,Pixar Pal-A-Round – Non-Swinging,TRUE,15,2026-08-13T18:55:39.000Z,2026-08-13 11:55:39,https://queue-times.com/parks/17/queue_times.json
2026-08-13T19:00:23.820Z,2026-08-13 12:00:23,2026-08-13,America/Los_Angeles,dca,Disney California Adventure,Pixar Pier,313,Toy Story Midway Mania!,TRUE,40,2026-08-13T18:55:39.000Z,2026-08-13 11:55:39,https://queue-times.com/parks/17/queue_times.json
2026-08-13T19:15:20.217Z,2026-08-13 12:15:20,2026-08-13,America/Los_Angeles,disneyland,Disneyland,Adventureland,12428,Adventureland Treehouse inspired by Walt Disney’s Swiss Family Robinson,TRUE,0,2026-08-13T19:10:36.000Z,2026-08-13 12:10:36,https://queue-times.com/parks/16/queue_times.json
2026-08-13T19:15:20.217Z,2026-08-13 12:15:20,2026-08-13,America/Los_Angeles,disneyland,Disneyland,Adventureland,326,Indiana Jones™ Adventure,TRUE,25,2026-08-13T19:10:36.000Z,2026-08-13 12:10:36,https://queue-times.com/parks/16/queue_times.json
2026-08-13T19:15:20.217Z,2026-08-13 12:15:20,2026-08-13,America/Los_Angeles,disneyland,Disneyland,Adventureland,296,Jungle Cruise,TRUE,10,2026-08-13T19:10:36.000Z,2026-08-13 12:10:36,https://queue-times.com/parks/16/queue_times.json
2026-08-13T19:15:20.217Z,2026-08-13 12:15:20,2026-08-13,America/Los_Angeles,disneyland,Disneyland,Adventureland,288,Walt Disney's Enchanted Tiki Room,TRUE,0,2026-08-13T19:10:36.000Z,2026-08-13 12:10:36,https://queue-times.com/parks/16/queue_times.json
2026-08-13T19:15:20.217Z,2026-08-13 12:15:20,2026-08-13,America/Los_Angeles,disneyland,Disneyland,Bayou Country,304,Davy Crockett's Explorer Canoes,FALSE,0,2026-08-13T19:10:36.000Z,2026-08-13 12:10:36,https://queue-times.com/parks/16/queue_times.json
2026-08-13T19:15:20.217Z,2026-08-13 12:15:20,2026-08-13,America/Los_Angeles,disneyland,Disneyland,Bayou Country,306,The Many Adventures of Winnie the Pooh,TRUE,5,2026-08-13T19:10:36.000Z,2026-08-13 12:10:36,https://queue-times.com/parks/16/queue_times.json
2026-08-13T19:15:20.217Z,2026-08-13 12:15:20,2026-08-13,America/Los_Angeles,disneyland,Disneyland,Bayou Country,14168,Tiana's Bayou Adventure,TRUE,40,2026-08-13T19:10:36.000Z,2026-08-13 12:10:36,https://queue-times.com/parks/16/queue_times.json
2026-08-13T19:15:20.217Z,2026-08-13 12:15:20,2026-08-13,America/Los_Angeles,disneyland,Disneyland,Bayou Country,14326,Tiana's Bayou Adventure Single Rider,TRUE,0,2026-08-13T19:10:36.000Z,2026-08-13 12:10:36,https://queue-times.com/parks/16/queue_times.json
2026-08-13T19:15:20.217Z,2026-08-13 12:15:20,2026-08-13,America/Los_Angeles,disneyland,Disneyland,Fantasyland,307,"""it's a small world""",TRUE,5,2026-08-13T19:10:36.000Z,2026-08-13 12:10:36,https://queue-times.com/parks/16/queue_times.json
2026-08-13T19:15:20.217Z,2026-08-13 12:15:20,2026-08-13,America/Los_Angeles,disneyland,Disneyland,Fantasyland,285,Alice in Wonderland,TRUE,20,2026-08-13T19:10:36.000Z,2026-08-13 12:10:36,https://queue-times.com/parks/16/queue_times.json
2026-08-13T19:15:20.217Z,2026-08-13 12:15:20,2026-08-13,America/Los_Angeles,disneyland,Disneyland,Fantasyland,16254,Bluey’s Best Day Ever! at Fantasyland Theatre,TRUE,0,2026-08-13T19:10:36.000Z,2026-08-13 12:10:36,https://queue-times.com/parks/16/queue_times.json
2026-08-13T19:15:20.217Z,2026-08-13 12:15:20,2026-08-13,America/Los_Angeles,disneyland,Disneyland,Fantasyland,303,Casey Jr. Circus Train,TRUE,5,2026-08-13T19:10:36.000Z,2026-08-13 12:10:36,https://queue-times.com/parks/16/queue_times.json
2026-08-13T19:15:20.217Z,2026-08-13 12:15:20,2026-08-13,America/Los_Angeles,disneyland,Disneyland,Fantasyland,275,Dumbo the Flying Elephant,TRUE,25,2026-08-13T19:10:36.000Z,2026-08-13 12:10:36,https://queue-times.com/parks/16/queue_times.json
2026-08-13T19:15:20.217Z,2026-08-13 12:15:20,2026-08-13,America/Los_Angeles,disneyland,Disneyland,Fantasyland,277,King Arthur Carrousel,TRUE,5,2026-08-13T19:10:36.000Z,2026-08-13 12:10:36,https://queue-times.com/parks/16/queue_times.json
2026-08-13T19:15:20.217Z,2026-08-13 12:15:20,2026-08-13,America/Los_Angeles,disneyland,Disneyland,Fantasyland,278,Mad Tea Party,TRUE,5,2026-08-13T19:10:36.000Z,2026-08-13 12:10:36,https://queue-times.com/parks/16/queue_times.json
2026-08-13T19:15:20.217Z,2026-08-13 12:15:20,2026-08-13,America/Los_Angeles,disneyland,Disneyland,Fantasyland,279,Matterhorn Bobsleds,FALSE,0,2026-08-13T19:10:36.000Z,2026-08-13 12:10:36,https://queue-times.com/parks/16/queue_times.json
2026-08-13T19:15:20.217Z,2026-08-13 12:15:20,2026-08-13,America/Los_Angeles,disneyland,Disneyland,Fantasyland,6711,Meet Disney Princesses at Royal Hall,TRUE,60,2026-08-13T19:10:36.000Z,2026-08-13 12:10:36,https://queue-times.com/parks/16/queue_times.json
2026-08-13T19:15:20.217Z,2026-08-13 12:15:20,2026-08-13,America/Los_Angeles,disneyland,Disneyland,Fantasyland,280,Mr. Toad's Wild Ride,TRUE,10,2026-08-13T19:10:36.000Z,2026-08-13 12:10:36,https://queue-times.com/parks/16/queue_times.json
2026-08-13T19:15:20.217Z,2026-08-13 12:15:20,2026-08-13,America/Los_Angeles,disneyland,Disneyland,Fantasyland,281,Peter Pan's Flight,TRUE,30,2026-08-13T19:10:36.000Z,2026-08-13 12:10:36,https://queue-times.com/parks/16/queue_times.json
2026-08-13T19:15:20.217Z,2026-08-13 12:15:20,2026-08-13,America/Los_Angeles,disneyland,Disneyland,Fantasyland,282,Pinocchio's Daring Journey,TRUE,5,2026-08-13T19:10:36.000Z,2026-08-13 12:10:36,https://queue-times.com/parks/16/queue_times.json
2026-08-13T19:15:20.217Z,2026-08-13 12:15:20,2026-08-13,America/Los_Angeles,disneyland,Disneyland,Fantasyland,687,Sleeping Beauty Castle Walkthrough,FALSE,0,2026-08-13T19:10:36.000Z,2026-08-13 12:10:36,https://queue-times.com/parks/16/queue_times.json
2026-08-13T19:15:20.217Z,2026-08-13 12:15:20,2026-08-13,America/Los_Angeles,disneyland,Disneyland,Fantasyland,283,Snow White's Enchanted Wish,TRUE,15,2026-08-13T19:10:36.000Z,2026-08-13 12:10:36,https://queue-times.com/parks/16/queue_times.json
2026-08-13T19:15:20.217Z,2026-08-13 12:15:20,2026-08-13,America/Los_Angeles,disneyland,Disneyland,Fantasyland,305,Storybook Land Canal Boats,TRUE,10,2026-08-13T19:10:36.000Z,2026-08-13 12:10:36,https://queue-times.com/parks/16/queue_times.json
2026-08-13T19:15:20.217Z,2026-08-13 12:15:20,2026-08-13,America/Los_Angeles,disneyland,Disneyland,Frontierland,323,Big Thunder Mountain Railroad,TRUE,30,2026-08-13T19:10:36.000Z,2026-08-13 12:10:36,https://queue-times.com/parks/16/queue_times.json
2026-08-13T19:15:20.217Z,2026-08-13 12:15:20,2026-08-13,America/Los_Angeles,disneyland,Disneyland,Frontierland,679,Frontierland Shootin' Exposition,FALSE,0,2026-08-13T19:10:36.000Z,2026-08-13 12:10:36,https://queue-times.com/parks/16/queue_times.json
2026-08-13T19:15:20.217Z,2026-08-13 12:15:20,2026-08-13,America/Los_Angeles,disneyland,Disneyland,Frontierland,456,Mark Twain Riverboat,TRUE,10,2026-08-13T19:10:36.000Z,2026-08-13 12:10:36,https://queue-times.com/parks/16/queue_times.json
2026-08-13T19:15:20.217Z,2026-08-13 12:15:20,2026-08-13,America/Los_Angeles,disneyland,Disneyland,Frontierland,331,Pirate's Lair on Tom Sawyer Island,TRUE,5,2026-08-13T19:10:36.000Z,2026-08-13 12:10:36,https://queue-times.com/parks/16/queue_times.json
2026-08-13T19:15:20.217Z,2026-08-13 12:15:20,2026-08-13,America/Los_Angeles,disneyland,Disneyland,Frontierland,328,Sailing Ship Columbia,FALSE,0,2026-08-13T19:10:36.000Z,2026-08-13 12:10:36,https://queue-times.com/parks/16/queue_times.json
2026-08-13T19:15:20.217Z,2026-08-13 12:15:20,2026-08-13,America/Los_Angeles,disneyland,Disneyland,Main Street U.S.A,674,Disneyland Railroad,TRUE,5,2026-08-13T19:10:36.000Z,2026-08-13 12:10:36,https://queue-times.com/parks/16/queue_times.json
2026-08-13T19:15:20.217Z,2026-08-13 12:15:20,2026-08-13,America/Los_Angeles,disneyland,Disneyland,Main Street U.S.A,690,Great Moments with Mr. Lincoln,TRUE,0,2026-08-13T19:10:36.000Z,2026-08-13 12:10:36,https://queue-times.com/parks/16/queue_times.json
2026-08-13T19:15:20.217Z,2026-08-13 12:15:20,2026-08-13,America/Los_Angeles,disneyland,Disneyland,Main Street U.S.A,686,Main Street Cinema,FALSE,0,2026-08-13T19:10:36.000Z,2026-08-13 12:10:36,https://queue-times.com/parks/16/queue_times.json
2026-08-13T19:15:20.217Z,2026-08-13 12:15:20,2026-08-13,America/Los_Angeles,disneyland,Disneyland,Main Street U.S.A,691,Main Street Vehicles,TRUE,0,2026-08-13T19:10:36.000Z,2026-08-13 12:10:36,https://queue-times.com/parks/16/queue_times.json
2026-08-13T19:15:20.217Z,2026-08-13 12:15:20,2026-08-13,America/Los_Angeles,disneyland,Disneyland,Main Street U.S.A,14915,Opera House - Walt Disney - A Magical Life,TRUE,0,2026-08-13T19:10:36.000Z,2026-08-13 12:10:36,https://queue-times.com/parks/16/queue_times.json
2026-08-13T19:15:20.217Z,2026-08-13 12:15:20,2026-08-13,America/Los_Angeles,disneyland,Disneyland,Main Street U.S.A,695,The Disney Gallery,TRUE,0,2026-08-13T19:10:36.000Z,2026-08-13 12:10:36,https://queue-times.com/parks/16/queue_times.json
2026-08-13T19:15:20.217Z,2026-08-13 12:15:20,2026-08-13,America/Los_Angeles,disneyland,Disneyland,Main Street U.S.A,14923,Walt Disney - A Magical Life,FALSE,0,2026-08-13T19:10:36.000Z,2026-08-13 12:10:36,https://queue-times.com/parks/16/queue_times.json
2026-08-13T19:15:20.217Z,2026-08-13 12:15:20,2026-08-13,America/Los_Angeles,disneyland,Disneyland,Mickey's Toontown,324,Chip 'n' Dale's GADGETcoaster,TRUE,15,2026-08-13T19:10:36.000Z,2026-08-13 12:10:36,https://queue-times.com/parks/16/queue_times.json
2026-08-13T19:15:20.217Z,2026-08-13 12:15:20,2026-08-13,America/Los_Angeles,disneyland,Disneyland,Mickey's Toontown,13814,Donald's Duck Pond,TRUE,0,2026-08-13T19:10:36.000Z,2026-08-13 12:10:36,https://queue-times.com/parks/16/queue_times.json
2026-08-13T19:15:20.217Z,2026-08-13 12:15:20,2026-08-13,America/Los_Angeles,disneyland,Disneyland,Mickey's Toontown,11980,Goofy's How-to-Play Yard,TRUE,0,2026-08-13T19:10:36.000Z,2026-08-13 12:10:36,https://queue-times.com/parks/16/queue_times.json
2026-08-13T19:15:20.217Z,2026-08-13 12:15:20,2026-08-13,America/Los_Angeles,disneyland,Disneyland,Mickey's Toontown,11526,Mickey & Minnie's Runaway Railway,TRUE,30,2026-08-13T19:10:36.000Z,2026-08-13 12:10:36,https://queue-times.com/parks/16/queue_times.json
2026-08-13T19:15:20.217Z,2026-08-13 12:15:20,2026-08-13,America/Los_Angeles,disneyland,Disneyland,Mickey's Toontown,709,Mickey's House and Meet Mickey Mouse,TRUE,15,2026-08-13T19:10:36.000Z,2026-08-13 12:10:36,https://queue-times.com/parks/16/queue_times.json
2026-08-13T19:15:20.217Z,2026-08-13 12:15:20,2026-08-13,America/Los_Angeles,disneyland,Disneyland,Mickey's Toontown,327,Mickey's House and Meet Mickey Mouse,FALSE,0,2026-08-13T19:10:36.000Z,2026-08-13 12:10:36,https://queue-times.com/parks/16/queue_times.json
2026-08-13T19:15:20.217Z,2026-08-13 12:15:20,2026-08-13,America/Los_Angeles,disneyland,Disneyland,Mickey's Toontown,684,Minnie's House,TRUE,0,2026-08-13T19:10:36.000Z,2026-08-13 12:10:36,https://queue-times.com/parks/16/queue_times.json
2026-08-13T19:15:20.217Z,2026-08-13 12:15:20,2026-08-13,America/Los_Angeles,disneyland,Disneyland,Mickey's Toontown,332,Roger Rabbit's Car Toon Spin,TRUE,40,2026-08-13T19:10:36.000Z,2026-08-13 12:10:36,https://queue-times.com/parks/16/queue_times.json
2026-08-13T19:15:20.217Z,2026-08-13 12:15:20,2026-08-13,America/Los_Angeles,disneyland,Disneyland,New Orleans Square,13958,Haunted Mansion,FALSE,0,2026-08-13T19:10:36.000Z,2026-08-13 12:10:36,https://queue-times.com/parks/16/queue_times.json
2026-08-13T19:15:20.217Z,2026-08-13 12:15:20,2026-08-13,America/Los_Angeles,disneyland,Disneyland,New Orleans Square,289,Pirates of the Caribbean,TRUE,20,2026-08-13T19:10:36.000Z,2026-08-13 12:10:36,https://queue-times.com/parks/16/queue_times.json
2026-08-13T19:15:20.217Z,2026-08-13 12:15:20,2026-08-13,America/Los_Angeles,disneyland,Disneyland,Star Wars: Galaxy's Edge,6339,Millennium Falcon: Smugglers Run,TRUE,10,2026-08-13T19:10:36.000Z,2026-08-13 12:10:36,https://queue-times.com/parks/16/queue_times.json
2026-08-13T19:15:20.217Z,2026-08-13 12:15:20,2026-08-13,America/Los_Angeles,disneyland,Disneyland,Star Wars: Galaxy's Edge,10903,Millennium Falcon: Smugglers Run Single Rider,TRUE,0,2026-08-13T19:10:36.000Z,2026-08-13 12:10:36,https://queue-times.com/parks/16/queue_times.json
2026-08-13T19:15:20.217Z,2026-08-13 12:15:20,2026-08-13,America/Los_Angeles,disneyland,Disneyland,Star Wars: Galaxy's Edge,6340,Star Wars: Rise of the Resistance,TRUE,50,2026-08-13T19:10:36.000Z,2026-08-13 12:10:36,https://queue-times.com/parks/16/queue_times.json
2026-08-13T19:15:20.217Z,2026-08-13 12:15:20,2026-08-13,America/Los_Angeles,disneyland,Disneyland,Tomorrowland,287,Astro Orbitor,TRUE,15,2026-08-13T19:10:36.000Z,2026-08-13 12:10:36,https://queue-times.com/parks/16/queue_times.json
2026-08-13T19:15:20.217Z,2026-08-13 12:15:20,2026-08-13,America/Los_Angeles,disneyland,Disneyland,Tomorrowland,317,Autopia,TRUE,35,2026-08-13T19:10:36.000Z,2026-08-13 12:10:36,https://queue-times.com/parks/16/queue_times.json
2026-08-13T19:15:20.217Z,2026-08-13 12:15:20,2026-08-13,America/Los_Angeles,disneyland,Disneyland,Tomorrowland,273,Buzz Lightyear Astro Blasters,TRUE,10,2026-08-13T19:10:36.000Z,2026-08-13 12:10:36,https://queue-times.com/parks/16/queue_times.json
2026-08-13T19:15:20.217Z,2026-08-13 12:15:20,2026-08-13,America/Los_Angeles,disneyland,Disneyland,Tomorrowland,274,Disneyland Monorail,TRUE,5,2026-08-13T19:10:36.000Z,2026-08-13 12:10:36,https://queue-times.com/parks/16/queue_times.json
2026-08-13T19:15:20.217Z,2026-08-13 12:15:20,2026-08-13,America/Los_Angeles,disneyland,Disneyland,Tomorrowland,276,Finding Nemo Submarine Voyage,TRUE,10,2026-08-13T19:10:36.000Z,2026-08-13 12:10:36,https://queue-times.com/parks/16/queue_times.json
2026-08-13T19:15:20.217Z,2026-08-13 12:15:20,2026-08-13,America/Los_Angeles,disneyland,Disneyland,Tomorrowland,16627,Pixar Short Film Spotlight,FALSE,0,2026-08-13T19:10:36.000Z,2026-08-13 12:10:36,https://queue-times.com/parks/16/queue_times.json
2026-08-13T19:15:20.217Z,2026-08-13 12:15:20,2026-08-13,America/Los_Angeles,disneyland,Disneyland,Tomorrowland,284,Space Mountain,TRUE,35,2026-08-13T19:10:36.000Z,2026-08-13 12:10:36,https://queue-times.com/parks/16/queue_times.json
2026-08-13T19:15:20.217Z,2026-08-13 12:15:20,2026-08-13,America/Los_Angeles,disneyland,Disneyland,Tomorrowland,286,Star Tours - The Adventures Continue,TRUE,10,2026-08-13T19:10:36.000Z,2026-08-13 12:10:36,https://queue-times.com/parks/16/queue_times.json
2026-08-13T19:15:20.217Z,2026-08-13 12:15:20,2026-08-13,America/Los_Angeles,dca,Disney California Adventure,Avengers Campus,329,Guardians of the Galaxy - Mission: BREAKOUT!,TRUE,55,2026-08-13T19:10:44.000Z,2026-08-13 12:10:44,https://queue-times.com/parks/17/queue_times.json
2026-08-13T19:15:20.217Z,2026-08-13 12:15:20,2026-08-13,America/Los_Angeles,dca,Disney California Adventure,Avengers Campus,8843,WEB SLINGERS: A Spider-Man Adventure,TRUE,50,2026-08-13T19:10:44.000Z,2026-08-13 12:10:44,https://queue-times.com/parks/17/queue_times.json
2026-08-13T19:15:20.217Z,2026-08-13 12:15:20,2026-08-13,America/Los_Angeles,dca,Disney California Adventure,Avengers Campus,10907,WEB SLINGERS: A Spider-Man Adventure Single Rider,TRUE,0,2026-08-13T19:10:44.000Z,2026-08-13 12:10:44,https://queue-times.com/parks/17/queue_times.json
2026-08-13T19:15:20.217Z,2026-08-13 12:15:20,2026-08-13,America/Los_Angeles,dca,Disney California Adventure,Cars Land,13961,Luigi's Rollickin' Roadsters,TRUE,15,2026-08-13T19:10:44.000Z,2026-08-13 12:10:44,https://queue-times.com/parks/17/queue_times.json
2026-08-13T19:15:20.217Z,2026-08-13 12:15:20,2026-08-13,America/Los_Angeles,dca,Disney California Adventure,Cars Land,315,Mater's Junkyard Jamboree,TRUE,25,2026-08-13T19:10:44.000Z,2026-08-13 12:10:44,https://queue-times.com/parks/17/queue_times.json
2026-08-13T19:15:20.217Z,2026-08-13 12:15:20,2026-08-13,America/Los_Angeles,dca,Disney California Adventure,Cars Land,295,Radiator Springs Racers,TRUE,50,2026-08-13T19:10:44.000Z,2026-08-13 12:10:44,https://queue-times.com/parks/17/queue_times.json
2026-08-13T19:15:20.217Z,2026-08-13 12:15:20,2026-08-13,America/Los_Angeles,dca,Disney California Adventure,Cars Land,10904,Radiator Springs Racers Single Rider,TRUE,0,2026-08-13T19:10:44.000Z,2026-08-13 12:10:44,https://queue-times.com/parks/17/queue_times.json
2026-08-13T19:15:20.217Z,2026-08-13 12:15:20,2026-08-13,America/Los_Angeles,dca,Disney California Adventure,Grizzly Peak,302,Grizzly River Run,TRUE,10,2026-08-13T19:10:44.000Z,2026-08-13 12:10:44,https://queue-times.com/parks/17/queue_times.json
2026-08-13T19:15:20.217Z,2026-08-13 12:15:20,2026-08-13,America/Los_Angeles,dca,Disney California Adventure,Grizzly Peak,293,Redwood Creek Challenge Trail,TRUE,5,2026-08-13T19:10:44.000Z,2026-08-13 12:10:44,https://queue-times.com/parks/17/queue_times.json
2026-08-13T19:15:20.217Z,2026-08-13 12:15:20,2026-08-13,America/Los_Angeles,dca,Disney California Adventure,Grizzly Peak,17129,Soarin’ Across America,TRUE,35,2026-08-13T19:10:44.000Z,2026-08-13 12:10:44,https://queue-times.com/parks/17/queue_times.json
2026-08-13T19:15:20.217Z,2026-08-13 12:15:20,2026-08-13,America/Los_Angeles,dca,Disney California Adventure,Hollywood Land,321,Animation Academy,TRUE,0,2026-08-13T19:10:44.000Z,2026-08-13 12:10:44,https://queue-times.com/parks/17/queue_times.json
2026-08-13T19:15:20.217Z,2026-08-13 12:15:20,2026-08-13,America/Los_Angeles,dca,Disney California Adventure,Hollywood Land,6440,Mickey's PhilharMagic,TRUE,10,2026-08-13T19:10:44.000Z,2026-08-13 12:10:44,https://queue-times.com/parks/17/queue_times.json
2026-08-13T19:15:20.217Z,2026-08-13 12:15:20,2026-08-13,America/Los_Angeles,dca,Disney California Adventure,Hollywood Land,291,"Monsters, Inc. Mike & Sulley to the Rescue!",TRUE,35,2026-08-13T19:10:44.000Z,2026-08-13 12:10:44,https://queue-times.com/parks/17/queue_times.json
2026-08-13T19:15:20.217Z,2026-08-13 12:15:20,2026-08-13,America/Los_Angeles,dca,Disney California Adventure,Hollywood Land,868,Sorcerer's Workshop,TRUE,0,2026-08-13T19:10:44.000Z,2026-08-13 12:10:44,https://queue-times.com/parks/17/queue_times.json
2026-08-13T19:15:20.217Z,2026-08-13 12:15:20,2026-08-13,America/Los_Angeles,dca,Disney California Adventure,Hollywood Land,294,Turtle Talk with Crush,TRUE,0,2026-08-13T19:10:44.000Z,2026-08-13 12:10:44,https://queue-times.com/parks/17/queue_times.json
2026-08-13T19:15:20.217Z,2026-08-13 12:15:20,2026-08-13,America/Los_Angeles,dca,Disney California Adventure,Pacific Wharf,869,The Bakery Tour,TRUE,0,2026-08-13T19:10:44.000Z,2026-08-13 12:10:44,https://queue-times.com/parks/17/queue_times.json
2026-08-13T19:15:20.217Z,2026-08-13 12:15:20,2026-08-13,America/Los_Angeles,dca,Disney California Adventure,Paradise Gardens Park,298,Golden Zephyr,TRUE,5,2026-08-13T19:10:44.000Z,2026-08-13 12:10:44,https://queue-times.com/parks/17/queue_times.json
2026-08-13T19:15:20.217Z,2026-08-13 12:15:20,2026-08-13,America/Los_Angeles,dca,Disney California Adventure,Paradise Gardens Park,319,Goofy's Sky School,TRUE,35,2026-08-13T19:10:44.000Z,2026-08-13 12:10:44,https://queue-times.com/parks/17/queue_times.json
2026-08-13T19:15:20.217Z,2026-08-13 12:15:20,2026-08-13,America/Los_Angeles,dca,Disney California Adventure,Paradise Gardens Park,301,Silly Symphony Swings,FALSE,0,2026-08-13T19:10:44.000Z,2026-08-13 12:10:44,https://queue-times.com/parks/17/queue_times.json
2026-08-13T19:15:20.217Z,2026-08-13 12:15:20,2026-08-13,America/Los_Angeles,dca,Disney California Adventure,Paradise Gardens Park,316,The Little Mermaid - Ariel's Undersea Adventure,TRUE,20,2026-08-13T19:10:44.000Z,2026-08-13 12:10:44,https://queue-times.com/parks/17/queue_times.json
2026-08-13T19:15:20.217Z,2026-08-13 12:15:20,2026-08-13,America/Los_Angeles,dca,Disney California Adventure,Paradise Gardens Park,11528,World of Color – ONE,FALSE,0,2026-08-13T19:10:44.000Z,2026-08-13 12:10:44,https://queue-times.com/parks/17/queue_times.json
2026-08-13T19:15:20.217Z,2026-08-13 12:15:20,2026-08-13,America/Los_Angeles,dca,Disney California Adventure,Paradise Gardens Park,14742,World of Color Happiness!,FALSE,0,2026-08-10T07:05:45.000Z,2026-08-10 00:05:45,https://queue-times.com/parks/17/queue_times.json
2026-08-13T19:15:20.217Z,2026-08-13 12:15:20,2026-08-13,America/Los_Angeles,dca,Disney California Adventure,Pixar Pier,866,Games of Pixar Pier,TRUE,5,2026-08-13T19:10:44.000Z,2026-08-13 12:10:44,https://queue-times.com/parks/17/queue_times.json
2026-08-13T19:15:20.217Z,2026-08-13 12:15:20,2026-08-13,America/Los_Angeles,dca,Disney California Adventure,Pixar Pier,322,Incredicoaster,TRUE,25,2026-08-13T19:10:44.000Z,2026-08-13 12:10:44,https://queue-times.com/parks/17/queue_times.json
2026-08-13T19:15:20.217Z,2026-08-13 12:15:20,2026-08-13,America/Los_Angeles,dca,Disney California Adventure,Pixar Pier,10906,Incredicoaster Single Rider,TRUE,0,2026-08-13T19:10:44.000Z,2026-08-13 12:10:44,https://queue-times.com/parks/17/queue_times.json
2026-08-13T19:15:20.217Z,2026-08-13 12:15:20,2026-08-13,America/Los_Angeles,dca,Disney California Adventure,Pixar Pier,6643,Inside Out Emotional Whirlwind,TRUE,10,2026-08-13T19:10:44.000Z,2026-08-13 12:10:44,https://queue-times.com/parks/17/queue_times.json
2026-08-13T19:15:20.217Z,2026-08-13 12:15:20,2026-08-13,America/Los_Angeles,dca,Disney California Adventure,Pixar Pier,310,Jessie's Critter Carousel,TRUE,5,2026-08-13T19:10:44.000Z,2026-08-13 12:10:44,https://queue-times.com/parks/17/queue_times.json
2026-08-13T19:15:20.217Z,2026-08-13 12:15:20,2026-08-13,America/Los_Angeles,dca,Disney California Adventure,Pixar Pier,300,Jumpin' Jellyfish,TRUE,5,2026-08-13T19:10:44.000Z,2026-08-13 12:10:44,https://queue-times.com/parks/17/queue_times.json
2026-08-13T19:15:20.217Z,2026-08-13 12:15:20,2026-08-13,America/Los_Angeles,dca,Disney California Adventure,Pixar Pier,311,Pixar Pal-A-Round - Swinging,TRUE,15,2026-08-13T19:10:44.000Z,2026-08-13 12:10:44,https://queue-times.com/parks/17/queue_times.json
2026-08-13T19:15:20.217Z,2026-08-13 12:15:20,2026-08-13,America/Los_Angeles,dca,Disney California Adventure,Pixar Pier,5557,Pixar Pal-A-Round – Non-Swinging,TRUE,15,2026-08-13T19:10:44.000Z,2026-08-13 12:10:44,https://queue-times.com/parks/17/queue_times.json
2026-08-13T19:15:20.217Z,2026-08-13 12:15:20,2026-08-13,America/Los_Angeles,dca,Disney California Adventure,Pixar Pier,313,Toy Story Midway Mania!,TRUE,40,2026-08-13T19:10:44.000Z,2026-08-13 12:10:44,https://queue-times.com/parks/17/queue_times.json
2026-08-13T19:30:19.864Z,2026-08-13 12:30:19,2026-08-13,America/Los_Angeles,disneyland,Disneyland,Adventureland,12428,Adventureland Treehouse inspired by Walt Disney’s Swiss Family Robinson,TRUE,0,2026-08-13T19:25:34.000Z,2026-08-13 12:25:34,https://queue-times.com/parks/16/queue_times.json
2026-08-13T19:30:19.864Z,2026-08-13 12:30:19,2026-08-13,America/Los_Angeles,disneyland,Disneyland,Adventureland,326,Indiana Jones™ Adventure,TRUE,30,2026-08-13T19:25:34.000Z,2026-08-13 12:25:34,https://queue-times.com/parks/16/queue_times.json
2026-08-13T19:30:19.864Z,2026-08-13 12:30:19,2026-08-13,America/Los_Angeles,disneyland,Disneyland,Adventureland,296,Jungle Cruise,TRUE,10,2026-08-13T19:25:34.000Z,2026-08-13 12:25:34,https://queue-times.com/parks/16/queue_times.json
2026-08-13T19:30:19.864Z,2026-08-13 12:30:19,2026-08-13,America/Los_Angeles,disneyland,Disneyland,Adventureland,288,Walt Disney's Enchanted Tiki Room,TRUE,0,2026-08-13T19:25:34.000Z,2026-08-13 12:25:34,https://queue-times.com/parks/16/queue_times.json
2026-08-13T19:30:19.864Z,2026-08-13 12:30:19,2026-08-13,America/Los_Angeles,disneyland,Disneyland,Bayou Country,304,Davy Crockett's Explorer Canoes,FALSE,0,2026-08-13T19:25:34.000Z,2026-08-13 12:25:34,https://queue-times.com/parks/16/queue_times.json
2026-08-13T19:30:19.864Z,2026-08-13 12:30:19,2026-08-13,America/Los_Angeles,disneyland,Disneyland,Bayou Country,306,The Many Adventures of Winnie the Pooh,TRUE,5,2026-08-13T19:25:34.000Z,2026-08-13 12:25:34,https://queue-times.com/parks/16/queue_times.json
2026-08-13T19:30:19.864Z,2026-08-13 12:30:19,2026-08-13,America/Los_Angeles,disneyland,Disneyland,Bayou Country,14168,Tiana's Bayou Adventure,TRUE,25,2026-08-13T19:25:34.000Z,2026-08-13 12:25:34,https://queue-times.com/parks/16/queue_times.json
2026-08-13T19:30:19.864Z,2026-08-13 12:30:19,2026-08-13,America/Los_Angeles,disneyland,Disneyland,Bayou Country,14326,Tiana's Bayou Adventure Single Rider,TRUE,0,2026-08-13T19:25:34.000Z,2026-08-13 12:25:34,https://queue-times.com/parks/16/queue_times.json
2026-08-13T19:30:19.864Z,2026-08-13 12:30:19,2026-08-13,America/Los_Angeles,disneyland,Disneyland,Fantasyland,307,"""it's a small world""",TRUE,5,2026-08-13T19:25:34.000Z,2026-08-13 12:25:34,https://queue-times.com/parks/16/queue_times.json
2026-08-13T19:30:19.864Z,2026-08-13 12:30:19,2026-08-13,America/Los_Angeles,disneyland,Disneyland,Fantasyland,285,Alice in Wonderland,TRUE,30,2026-08-13T19:25:34.000Z,2026-08-13 12:25:34,https://queue-times.com/parks/16/queue_times.json
2026-08-13T19:30:19.864Z,2026-08-13 12:30:19,2026-08-13,America/Los_Angeles,disneyland,Disneyland,Fantasyland,16254,Bluey’s Best Day Ever! at Fantasyland Theatre,TRUE,0,2026-08-13T19:25:34.000Z,2026-08-13 12:25:34,https://queue-times.com/parks/16/queue_times.json
2026-08-13T19:30:19.864Z,2026-08-13 12:30:19,2026-08-13,America/Los_Angeles,disneyland,Disneyland,Fantasyland,303,Casey Jr. Circus Train,TRUE,5,2026-08-13T19:25:34.000Z,2026-08-13 12:25:34,https://queue-times.com/parks/16/queue_times.json
2026-08-13T19:30:19.864Z,2026-08-13 12:30:19,2026-08-13,America/Los_Angeles,disneyland,Disneyland,Fantasyland,275,Dumbo the Flying Elephant,TRUE,20,2026-08-13T19:25:34.000Z,2026-08-13 12:25:34,https://queue-times.com/parks/16/queue_times.json
2026-08-13T19:30:19.864Z,2026-08-13 12:30:19,2026-08-13,America/Los_Angeles,disneyland,Disneyland,Fantasyland,277,King Arthur Carrousel,TRUE,5,2026-08-13T19:25:34.000Z,2026-08-13 12:25:34,https://queue-times.com/parks/16/queue_times.json
2026-08-13T19:30:19.864Z,2026-08-13 12:30:19,2026-08-13,America/Los_Angeles,disneyland,Disneyland,Fantasyland,278,Mad Tea Party,TRUE,5,2026-08-13T19:25:34.000Z,2026-08-13 12:25:34,https://queue-times.com/parks/16/queue_times.json
2026-08-13T19:30:19.864Z,2026-08-13 12:30:19,2026-08-13,America/Los_Angeles,disneyland,Disneyland,Fantasyland,279,Matterhorn Bobsleds,FALSE,0,2026-08-13T19:25:34.000Z,2026-08-13 12:25:34,https://queue-times.com/parks/16/queue_times.json
2026-08-13T19:30:19.864Z,2026-08-13 12:30:19,2026-08-13,America/Los_Angeles,disneyland,Disneyland,Fantasyland,6711,Meet Disney Princesses at Royal Hall,TRUE,60,2026-08-13T19:25:34.000Z,2026-08-13 12:25:34,https://queue-times.com/parks/16/queue_times.json
2026-08-13T19:30:19.864Z,2026-08-13 12:30:19,2026-08-13,America/Los_Angeles,disneyland,Disneyland,Fantasyland,280,Mr. Toad's Wild Ride,TRUE,10,2026-08-13T19:25:34.000Z,2026-08-13 12:25:34,https://queue-times.com/parks/16/queue_times.json
2026-08-13T19:30:19.864Z,2026-08-13 12:30:19,2026-08-13,America/Los_Angeles,disneyland,Disneyland,Fantasyland,281,Peter Pan's Flight,TRUE,30,2026-08-13T19:25:34.000Z,2026-08-13 12:25:34,https://queue-times.com/parks/16/queue_times.json
2026-08-13T19:30:19.864Z,2026-08-13 12:30:19,2026-08-13,America/Los_Angeles,disneyland,Disneyland,Fantasyland,282,Pinocchio's Daring Journey,TRUE,10,2026-08-13T19:25:34.000Z,2026-08-13 12:25:34,https://queue-times.com/parks/16/queue_times.json
2026-08-13T19:30:19.864Z,2026-08-13 12:30:19,2026-08-13,America/Los_Angeles,disneyland,Disneyland,Fantasyland,687,Sleeping Beauty Castle Walkthrough,FALSE,0,2026-08-13T19:25:34.000Z,2026-08-13 12:25:34,https://queue-times.com/parks/16/queue_times.json
2026-08-13T19:30:19.864Z,2026-08-13 12:30:19,2026-08-13,America/Los_Angeles,disneyland,Disneyland,Fantasyland,283,Snow White's Enchanted Wish,TRUE,10,2026-08-13T19:25:34.000Z,2026-08-13 12:25:34,https://queue-times.com/parks/16/queue_times.json
2026-08-13T19:30:19.864Z,2026-08-13 12:30:19,2026-08-13,America/Los_Angeles,disneyland,Disneyland,Fantasyland,305,Storybook Land Canal Boats,TRUE,10,2026-08-13T19:25:34.000Z,2026-08-13 12:25:34,https://queue-times.com/parks/16/queue_times.json
2026-08-13T19:30:19.864Z,2026-08-13 12:30:19,2026-08-13,America/Los_Angeles,disneyland,Disneyland,Frontierland,323,Big Thunder Mountain Railroad,TRUE,35,2026-08-13T19:25:34.000Z,2026-08-13 12:25:34,https://queue-times.com/parks/16/queue_times.json
2026-08-13T19:30:19.864Z,2026-08-13 12:30:19,2026-08-13,America/Los_Angeles,disneyland,Disneyland,Frontierland,679,Frontierland Shootin' Exposition,FALSE,0,2026-08-13T19:25:34.000Z,2026-08-13 12:25:34,https://queue-times.com/parks/16/queue_times.json
2026-08-13T19:30:19.864Z,2026-08-13 12:30:19,2026-08-13,America/Los_Angeles,disneyland,Disneyland,Frontierland,456,Mark Twain Riverboat,TRUE,10,2026-08-13T19:25:34.000Z,2026-08-13 12:25:34,https://queue-times.com/parks/16/queue_times.json
2026-08-13T19:30:19.864Z,2026-08-13 12:30:19,2026-08-13,America/Los_Angeles,disneyland,Disneyland,Frontierland,331,Pirate's Lair on Tom Sawyer Island,TRUE,5,2026-08-13T19:25:34.000Z,2026-08-13 12:25:34,https://queue-times.com/parks/16/queue_times.json
2026-08-13T19:30:19.864Z,2026-08-13 12:30:19,2026-08-13,America/Los_Angeles,disneyland,Disneyland,Frontierland,328,Sailing Ship Columbia,FALSE,0,2026-08-13T19:25:34.000Z,2026-08-13 12:25:34,https://queue-times.com/parks/16/queue_times.json
2026-08-13T19:30:19.864Z,2026-08-13 12:30:19,2026-08-13,America/Los_Angeles,disneyland,Disneyland,Main Street U.S.A,674,Disneyland Railroad,TRUE,5,2026-08-13T19:25:34.000Z,2026-08-13 12:25:34,https://queue-times.com/parks/16/queue_times.json
2026-08-13T19:30:19.864Z,2026-08-13 12:30:19,2026-08-13,America/Los_Angeles,disneyland,Disneyland,Main Street U.S.A,690,Great Moments with Mr. Lincoln,TRUE,0,2026-08-13T19:25:34.000Z,2026-08-13 12:25:34,https://queue-times.com/parks/16/queue_times.json
2026-08-13T19:30:19.864Z,2026-08-13 12:30:19,2026-08-13,America/Los_Angeles,disneyland,Disneyland,Main Street U.S.A,686,Main Street Cinema,FALSE,0,2026-08-13T19:25:34.000Z,2026-08-13 12:25:34,https://queue-times.com/parks/16/queue_times.json
2026-08-13T19:30:19.864Z,2026-08-13 12:30:19,2026-08-13,America/Los_Angeles,disneyland,Disneyland,Main Street U.S.A,691,Main Street Vehicles,TRUE,0,2026-08-13T19:25:34.000Z,2026-08-13 12:25:34,https://queue-times.com/parks/16/queue_times.json
2026-08-13T19:30:19.864Z,2026-08-13 12:30:19,2026-08-13,America/Los_Angeles,disneyland,Disneyland,Main Street U.S.A,14915,Opera House - Walt Disney - A Magical Life,TRUE,0,2026-08-13T19:25:34.000Z,2026-08-13 12:25:34,https://queue-times.com/parks/16/queue_times.json
2026-08-13T19:30:19.864Z,2026-08-13 12:30:19,2026-08-13,America/Los_Angeles,disneyland,Disneyland,Main Street U.S.A,695,The Disney Gallery,TRUE,0,2026-08-13T19:25:34.000Z,2026-08-13 12:25:34,https://queue-times.com/parks/16/queue_times.json
2026-08-13T19:30:19.864Z,2026-08-13 12:30:19,2026-08-13,America/Los_Angeles,disneyland,Disneyland,Main Street U.S.A,14923,Walt Disney - A Magical Life,FALSE,0,2026-08-13T19:25:34.000Z,2026-08-13 12:25:34,https://queue-times.com/parks/16/queue_times.json
2026-08-13T19:30:19.864Z,2026-08-13 12:30:19,2026-08-13,America/Los_Angeles,disneyland,Disneyland,Mickey's Toontown,324,Chip 'n' Dale's GADGETcoaster,TRUE,15,2026-08-13T19:25:34.000Z,2026-08-13 12:25:34,https://queue-times.com/parks/16/queue_times.json
2026-08-13T19:30:19.864Z,2026-08-13 12:30:19,2026-08-13,America/Los_Angeles,disneyland,Disneyland,Mickey's Toontown,13814,Donald's Duck Pond,TRUE,0,2026-08-13T19:25:34.000Z,2026-08-13 12:25:34,https://queue-times.com/parks/16/queue_times.json
2026-08-13T19:30:19.864Z,2026-08-13 12:30:19,2026-08-13,America/Los_Angeles,disneyland,Disneyland,Mickey's Toontown,11980,Goofy's How-to-Play Yard,TRUE,0,2026-08-13T19:25:34.000Z,2026-08-13 12:25:34,https://queue-times.com/parks/16/queue_times.json
2026-08-13T19:30:19.864Z,2026-08-13 12:30:19,2026-08-13,America/Los_Angeles,disneyland,Disneyland,Mickey's Toontown,11526,Mickey & Minnie's Runaway Railway,TRUE,30,2026-08-13T19:25:34.000Z,2026-08-13 12:25:34,https://queue-times.com/parks/16/queue_times.json
2026-08-13T19:30:19.864Z,2026-08-13 12:30:19,2026-08-13,America/Los_Angeles,disneyland,Disneyland,Mickey's Toontown,709,Mickey's House and Meet Mickey Mouse,TRUE,15,2026-08-13T19:25:34.000Z,2026-08-13 12:25:34,https://queue-times.com/parks/16/queue_times.json
2026-08-13T19:30:19.864Z,2026-08-13 12:30:19,2026-08-13,America/Los_Angeles,disneyland,Disneyland,Mickey's Toontown,327,Mickey's House and Meet Mickey Mouse,FALSE,0,2026-08-13T19:25:34.000Z,2026-08-13 12:25:34,https://queue-times.com/parks/16/queue_times.json
2026-08-13T19:30:19.864Z,2026-08-13 12:30:19,2026-08-13,America/Los_Angeles,disneyland,Disneyland,Mickey's Toontown,684,Minnie's House,TRUE,0,2026-08-13T19:25:34.000Z,2026-08-13 12:25:34,https://queue-times.com/parks/16/queue_times.json
2026-08-13T19:30:19.864Z,2026-08-13 12:30:19,2026-08-13,America/Los_Angeles,disneyland,Disneyland,Mickey's Toontown,332,Roger Rabbit's Car Toon Spin,TRUE,30,2026-08-13T19:25:34.000Z,2026-08-13 12:25:34,https://queue-times.com/parks/16/queue_times.json
2026-08-13T19:30:19.864Z,2026-08-13 12:30:19,2026-08-13,America/Los_Angeles,disneyland,Disneyland,New Orleans Square,13958,Haunted Mansion,FALSE,0,2026-08-13T19:25:34.000Z,2026-08-13 12:25:34,https://queue-times.com/parks/16/queue_times.json
2026-08-13T19:30:19.864Z,2026-08-13 12:30:19,2026-08-13,America/Los_Angeles,disneyland,Disneyland,New Orleans Square,289,Pirates of the Caribbean,TRUE,20,2026-08-13T19:25:34.000Z,2026-08-13 12:25:34,https://queue-times.com/parks/16/queue_times.json
2026-08-13T19:30:19.864Z,2026-08-13 12:30:19,2026-08-13,America/Los_Angeles,disneyland,Disneyland,Star Wars: Galaxy's Edge,6339,Millennium Falcon: Smugglers Run,TRUE,10,2026-08-13T19:25:34.000Z,2026-08-13 12:25:34,https://queue-times.com/parks/16/queue_times.json
2026-08-13T19:30:19.864Z,2026-08-13 12:30:19,2026-08-13,America/Los_Angeles,disneyland,Disneyland,Star Wars: Galaxy's Edge,10903,Millennium Falcon: Smugglers Run Single Rider,TRUE,0,2026-08-13T19:25:34.000Z,2026-08-13 12:25:34,https://queue-times.com/parks/16/queue_times.json
2026-08-13T19:30:19.864Z,2026-08-13 12:30:19,2026-08-13,America/Los_Angeles,disneyland,Disneyland,Star Wars: Galaxy's Edge,6340,Star Wars: Rise of the Resistance,TRUE,40,2026-08-13T19:25:34.000Z,2026-08-13 12:25:34,https://queue-times.com/parks/16/queue_times.json
2026-08-13T19:30:19.864Z,2026-08-13 12:30:19,2026-08-13,America/Los_Angeles,disneyland,Disneyland,Tomorrowland,287,Astro Orbitor,TRUE,15,2026-08-13T19:25:34.000Z,2026-08-13 12:25:34,https://queue-times.com/parks/16/queue_times.json
2026-08-13T19:30:19.864Z,2026-08-13 12:30:19,2026-08-13,America/Los_Angeles,disneyland,Disneyland,Tomorrowland,317,Autopia,TRUE,5,2026-08-13T19:25:34.000Z,2026-08-13 12:25:34,https://queue-times.com/parks/16/queue_times.json
2026-08-13T19:30:19.864Z,2026-08-13 12:30:19,2026-08-13,America/Los_Angeles,disneyland,Disneyland,Tomorrowland,273,Buzz Lightyear Astro Blasters,TRUE,20,2026-08-13T19:25:34.000Z,2026-08-13 12:25:34,https://queue-times.com/parks/16/queue_times.json
2026-08-13T19:30:19.864Z,2026-08-13 12:30:19,2026-08-13,America/Los_Angeles,disneyland,Disneyland,Tomorrowland,274,Disneyland Monorail,TRUE,5,2026-08-13T19:25:34.000Z,2026-08-13 12:25:34,https://queue-times.com/parks/16/queue_times.json
2026-08-13T19:30:19.864Z,2026-08-13 12:30:19,2026-08-13,America/Los_Angeles,disneyland,Disneyland,Tomorrowland,276,Finding Nemo Submarine Voyage,TRUE,10,2026-08-13T19:25:34.000Z,2026-08-13 12:25:34,https://queue-times.com/parks/16/queue_times.json
2026-08-13T19:30:19.864Z,2026-08-13 12:30:19,2026-08-13,America/Los_Angeles,disneyland,Disneyland,Tomorrowland,16627,Pixar Short Film Spotlight,FALSE,0,2026-08-13T19:25:34.000Z,2026-08-13 12:25:34,https://queue-times.com/parks/16/queue_times.json
2026-08-13T19:30:19.864Z,2026-08-13 12:30:19,2026-08-13,America/Los_Angeles,disneyland,Disneyland,Tomorrowland,284,Space Mountain,TRUE,35,2026-08-13T19:25:34.000Z,2026-08-13 12:25:34,https://queue-times.com/parks/16/queue_times.json
2026-08-13T19:30:19.864Z,2026-08-13 12:30:19,2026-08-13,America/Los_Angeles,disneyland,Disneyland,Tomorrowland,286,Star Tours - The Adventures Continue,TRUE,10,2026-08-13T19:25:34.000Z,2026-08-13 12:25:34,https://queue-times.com/parks/16/queue_times.json
2026-08-13T19:30:19.864Z,2026-08-13 12:30:19,2026-08-13,America/Los_Angeles,dca,Disney California Adventure,Avengers Campus,329,Guardians of the Galaxy - Mission: BREAKOUT!,TRUE,40,2026-08-13T19:25:44.000Z,2026-08-13 12:25:44,https://queue-times.com/parks/17/queue_times.json
2026-08-13T19:30:19.864Z,2026-08-13 12:30:19,2026-08-13,America/Los_Angeles,dca,Disney California Adventure,Avengers Campus,8843,WEB SLINGERS: A Spider-Man Adventure,TRUE,20,2026-08-13T19:25:44.000Z,2026-08-13 12:25:44,https://queue-times.com/parks/17/queue_times.json
2026-08-13T19:30:19.864Z,2026-08-13 12:30:19,2026-08-13,America/Los_Angeles,dca,Disney California Adventure,Avengers Campus,10907,WEB SLINGERS: A Spider-Man Adventure Single Rider,TRUE,0,2026-08-13T19:25:44.000Z,2026-08-13 12:25:44,https://queue-times.com/parks/17/queue_times.json
2026-08-13T19:30:19.864Z,2026-08-13 12:30:19,2026-08-13,America/Los_Angeles,dca,Disney California Adventure,Cars Land,13961,Luigi's Rollickin' Roadsters,TRUE,15,2026-08-13T19:25:44.000Z,2026-08-13 12:25:44,https://queue-times.com/parks/17/queue_times.json
2026-08-13T19:30:19.864Z,2026-08-13 12:30:19,2026-08-13,America/Los_Angeles,dca,Disney California Adventure,Cars Land,315,Mater's Junkyard Jamboree,TRUE,25,2026-08-13T19:25:44.000Z,2026-08-13 12:25:44,https://queue-times.com/parks/17/queue_times.json
2026-08-13T19:30:19.864Z,2026-08-13 12:30:19,2026-08-13,America/Los_Angeles,dca,Disney California Adventure,Cars Land,295,Radiator Springs Racers,TRUE,50,2026-08-13T19:25:44.000Z,2026-08-13 12:25:44,https://queue-times.com/parks/17/queue_times.json
2026-08-13T19:30:19.864Z,2026-08-13 12:30:19,2026-08-13,America/Los_Angeles,dca,Disney California Adventure,Cars Land,10904,Radiator Springs Racers Single Rider,TRUE,0,2026-08-13T19:25:44.000Z,2026-08-13 12:25:44,https://queue-times.com/parks/17/queue_times.json
2026-08-13T19:30:19.864Z,2026-08-13 12:30:19,2026-08-13,America/Los_Angeles,dca,Disney California Adventure,Grizzly Peak,302,Grizzly River Run,TRUE,10,2026-08-13T19:25:44.000Z,2026-08-13 12:25:44,https://queue-times.com/parks/17/queue_times.json
2026-08-13T19:30:19.864Z,2026-08-13 12:30:19,2026-08-13,America/Los_Angeles,dca,Disney California Adventure,Grizzly Peak,293,Redwood Creek Challenge Trail,TRUE,5,2026-08-13T19:25:44.000Z,2026-08-13 12:25:44,https://queue-times.com/parks/17/queue_times.json
2026-08-13T19:30:19.864Z,2026-08-13 12:30:19,2026-08-13,America/Los_Angeles,dca,Disney California Adventure,Grizzly Peak,17129,Soarin’ Across America,TRUE,35,2026-08-13T19:25:44.000Z,2026-08-13 12:25:44,https://queue-times.com/parks/17/queue_times.json
2026-08-13T19:30:19.864Z,2026-08-13 12:30:19,2026-08-13,America/Los_Angeles,dca,Disney California Adventure,Hollywood Land,321,Animation Academy,TRUE,0,2026-08-13T19:25:44.000Z,2026-08-13 12:25:44,https://queue-times.com/parks/17/queue_times.json
2026-08-13T19:30:19.864Z,2026-08-13 12:30:19,2026-08-13,America/Los_Angeles,dca,Disney California Adventure,Hollywood Land,6440,Mickey's PhilharMagic,TRUE,10,2026-08-13T19:25:44.000Z,2026-08-13 12:25:44,https://queue-times.com/parks/17/queue_times.json
2026-08-13T19:30:19.864Z,2026-08-13 12:30:19,2026-08-13,America/Los_Angeles,dca,Disney California Adventure,Hollywood Land,291,"Monsters, Inc. Mike & Sulley to the Rescue!",TRUE,35,2026-08-13T19:25:44.000Z,2026-08-13 12:25:44,https://queue-times.com/parks/17/queue_times.json
2026-08-13T19:30:19.864Z,2026-08-13 12:30:19,2026-08-13,America/Los_Angeles,dca,Disney California Adventure,Hollywood Land,868,Sorcerer's Workshop,TRUE,0,2026-08-13T19:25:44.000Z,2026-08-13 12:25:44,https://queue-times.com/parks/17/queue_times.json
2026-08-13T19:30:19.864Z,2026-08-13 12:30:19,2026-08-13,America/Los_Angeles,dca,Disney California Adventure,Hollywood Land,294,Turtle Talk with Crush,TRUE,0,2026-08-13T19:25:44.000Z,2026-08-13 12:25:44,https://queue-times.com/parks/17/queue_times.json
2026-08-13T19:30:19.864Z,2026-08-13 12:30:19,2026-08-13,America/Los_Angeles,dca,Disney California Adventure,Pacific Wharf,869,The Bakery Tour,TRUE,0,2026-08-13T19:25:44.000Z,2026-08-13 12:25:44,https://queue-times.com/parks/17/queue_times.json
2026-08-13T19:30:19.864Z,2026-08-13 12:30:19,2026-08-13,America/Los_Angeles,dca,Disney California Adventure,Paradise Gardens Park,298,Golden Zephyr,TRUE,5,2026-08-13T19:25:44.000Z,2026-08-13 12:25:44,https://queue-times.com/parks/17/queue_times.json
2026-08-13T19:30:19.864Z,2026-08-13 12:30:19,2026-08-13,America/Los_Angeles,dca,Disney California Adventure,Paradise Gardens Park,319,Goofy's Sky School,TRUE,40,2026-08-13T19:25:44.000Z,2026-08-13 12:25:44,https://queue-times.com/parks/17/queue_times.json
2026-08-13T19:30:19.864Z,2026-08-13 12:30:19,2026-08-13,America/Los_Angeles,dca,Disney California Adventure,Paradise Gardens Park,301,Silly Symphony Swings,FALSE,0,2026-08-13T19:25:44.000Z,2026-08-13 12:25:44,https://queue-times.com/parks/17/queue_times.json
2026-08-13T19:30:19.864Z,2026-08-13 12:30:19,2026-08-13,America/Los_Angeles,dca,Disney California Adventure,Paradise Gardens Park,316,The Little Mermaid - Ariel's Undersea Adventure,TRUE,20,2026-08-13T19:25:44.000Z,2026-08-13 12:25:44,https://queue-times.com/parks/17/queue_times.json
2026-08-13T19:30:19.864Z,2026-08-13 12:30:19,2026-08-13,America/Los_Angeles,dca,Disney California Adventure,Paradise Gardens Park,11528,World of Color – ONE,FALSE,0,2026-08-13T19:25:44.000Z,2026-08-13 12:25:44,https://queue-times.com/parks/17/queue_times.json
2026-08-13T19:30:19.864Z,2026-08-13 12:30:19,2026-08-13,America/Los_Angeles,dca,Disney California Adventure,Paradise Gardens Park,14742,World of Color Happiness!,FALSE,0,2026-08-10T07:05:45.000Z,2026-08-10 00:05:45,https://queue-times.com/parks/17/queue_times.json
2026-08-13T19:30:19.864Z,2026-08-13 12:30:19,2026-08-13,America/Los_Angeles,dca,Disney California Adventure,Pixar Pier,866,Games of Pixar Pier,TRUE,5,2026-08-13T19:25:44.000Z,2026-08-13 12:25:44,https://queue-times.com/parks/17/queue_times.json
2026-08-13T19:30:19.864Z,2026-08-13 12:30:19,2026-08-13,America/Los_Angeles,dca,Disney California Adventure,Pixar Pier,322,Incredicoaster,TRUE,25,2026-08-13T19:25:44.000Z,2026-08-13 12:25:44,https://queue-times.com/parks/17/queue_times.json
2026-08-13T19:30:19.864Z,2026-08-13 12:30:19,2026-08-13,America/Los_Angeles,dca,Disney California Adventure,Pixar Pier,10906,Incredicoaster Single Rider,TRUE,0,2026-08-13T19:25:44.000Z,2026-08-13 12:25:44,https://queue-times.com/parks/17/queue_times.json
2026-08-13T19:30:19.864Z,2026-08-13 12:30:19,2026-08-13,America/Los_Angeles,dca,Disney California Adventure,Pixar Pier,6643,Inside Out Emotional Whirlwind,FALSE,0,2026-08-13T19:25:44.000Z,2026-08-13 12:25:44,https://queue-times.com/parks/17/queue_times.json
2026-08-13T19:30:19.864Z,2026-08-13 12:30:19,2026-08-13,America/Los_Angeles,dca,Disney California Adventure,Pixar Pier,310,Jessie's Critter Carousel,TRUE,5,2026-08-13T19:25:44.000Z,2026-08-13 12:25:44,https://queue-times.com/parks/17/queue_times.json
2026-08-13T19:30:19.864Z,2026-08-13 12:30:19,2026-08-13,America/Los_Angeles,dca,Disney California Adventure,Pixar Pier,300,Jumpin' Jellyfish,TRUE,10,2026-08-13T19:25:44.000Z,2026-08-13 12:25:44,https://queue-times.com/parks/17/queue_times.json
2026-08-13T19:30:19.864Z,2026-08-13 12:30:19,2026-08-13,America/Los_Angeles,dca,Disney California Adventure,Pixar Pier,311,Pixar Pal-A-Round - Swinging,TRUE,15,2026-08-13T19:25:44.000Z,2026-08-13 12:25:44,https://queue-times.com/parks/17/queue_times.json
2026-08-13T19:30:19.864Z,2026-08-13 12:30:19,2026-08-13,America/Los_Angeles,dca,Disney California Adventure,Pixar Pier,5557,Pixar Pal-A-Round – Non-Swinging,TRUE,15,2026-08-13T19:25:44.000Z,2026-08-13 12:25:44,https://queue-times.com/parks/17/queue_times.json
2026-08-13T19:30:19.864Z,2026-08-13 12:30:19,2026-08-13,America/Los_Angeles,dca,Disney California Adventure,Pixar Pier,313,Toy Story Midway Mania!,TRUE,45,2026-08-13T19:25:44.000Z,2026-08-13 12:25:44,https://queue-times.com/parks/17/queue_times.json
2026-08-13T19:40:35.938Z,2026-08-13 12:40:35,2026-08-13,America/Los_Angeles,disneyland,Disneyland,Adventureland,12428,Adventureland Treehouse inspired by Walt Disney’s Swiss Family Robinson,TRUE,0,2026-08-13T19:35:34.000Z,2026-08-13 12:35:34,https://queue-times.com/parks/16/queue_times.json
2026-08-13T19:40:35.938Z,2026-08-13 12:40:35,2026-08-13,America/Los_Angeles,disneyland,Disneyland,Adventureland,326,Indiana Jones™ Adventure,TRUE,40,2026-08-13T19:35:34.000Z,2026-08-13 12:35:34,https://queue-times.com/parks/16/queue_times.json
2026-08-13T19:40:35.938Z,2026-08-13 12:40:35,2026-08-13,America/Los_Angeles,disneyland,Disneyland,Adventureland,296,Jungle Cruise,TRUE,10,2026-08-13T19:35:34.000Z,2026-08-13 12:35:34,https://queue-times.com/parks/16/queue_times.json
2026-08-13T19:40:35.938Z,2026-08-13 12:40:35,2026-08-13,America/Los_Angeles,disneyland,Disneyland,Adventureland,288,Walt Disney's Enchanted Tiki Room,TRUE,0,2026-08-13T19:35:34.000Z,2026-08-13 12:35:34,https://queue-times.com/parks/16/queue_times.json
2026-08-13T19:40:35.938Z,2026-08-13 12:40:35,2026-08-13,America/Los_Angeles,disneyland,Disneyland,Bayou Country,304,Davy Crockett's Explorer Canoes,FALSE,0,2026-08-13T19:35:34.000Z,2026-08-13 12:35:34,https://queue-times.com/parks/16/queue_times.json
2026-08-13T19:40:35.938Z,2026-08-13 12:40:35,2026-08-13,America/Los_Angeles,disneyland,Disneyland,Bayou Country,306,The Many Adventures of Winnie the Pooh,TRUE,5,2026-08-13T19:35:34.000Z,2026-08-13 12:35:34,https://queue-times.com/parks/16/queue_times.json
2026-08-13T19:40:35.938Z,2026-08-13 12:40:35,2026-08-13,America/Los_Angeles,disneyland,Disneyland,Bayou Country,14168,Tiana's Bayou Adventure,TRUE,25,2026-08-13T19:35:34.000Z,2026-08-13 12:35:34,https://queue-times.com/parks/16/queue_times.json
2026-08-13T19:40:35.938Z,2026-08-13 12:40:35,2026-08-13,America/Los_Angeles,disneyland,Disneyland,Bayou Country,14326,Tiana's Bayou Adventure Single Rider,TRUE,0,2026-08-13T19:35:34.000Z,2026-08-13 12:35:34,https://queue-times.com/parks/16/queue_times.json
2026-08-13T19:40:35.938Z,2026-08-13 12:40:35,2026-08-13,America/Los_Angeles,disneyland,Disneyland,Fantasyland,307,"""it's a small world""",TRUE,5,2026-08-13T19:35:34.000Z,2026-08-13 12:35:34,https://queue-times.com/parks/16/queue_times.json
2026-08-13T19:40:35.938Z,2026-08-13 12:40:35,2026-08-13,America/Los_Angeles,disneyland,Disneyland,Fantasyland,285,Alice in Wonderland,TRUE,30,2026-08-13T19:35:34.000Z,2026-08-13 12:35:34,https://queue-times.com/parks/16/queue_times.json
2026-08-13T19:40:35.938Z,2026-08-13 12:40:35,2026-08-13,America/Los_Angeles,disneyland,Disneyland,Fantasyland,16254,Bluey’s Best Day Ever! at Fantasyland Theatre,TRUE,0,2026-08-13T19:35:34.000Z,2026-08-13 12:35:34,https://queue-times.com/parks/16/queue_times.json
2026-08-13T19:40:35.938Z,2026-08-13 12:40:35,2026-08-13,America/Los_Angeles,disneyland,Disneyland,Fantasyland,303,Casey Jr. Circus Train,TRUE,5,2026-08-13T19:35:34.000Z,2026-08-13 12:35:34,https://queue-times.com/parks/16/queue_times.json
2026-08-13T19:40:35.938Z,2026-08-13 12:40:35,2026-08-13,America/Los_Angeles,disneyland,Disneyland,Fantasyland,275,Dumbo the Flying Elephant,TRUE,20,2026-08-13T19:35:34.000Z,2026-08-13 12:35:34,https://queue-times.com/parks/16/queue_times.json
2026-08-13T19:40:35.938Z,2026-08-13 12:40:35,2026-08-13,America/Los_Angeles,disneyland,Disneyland,Fantasyland,277,King Arthur Carrousel,TRUE,5,2026-08-13T19:35:34.000Z,2026-08-13 12:35:34,https://queue-times.com/parks/16/queue_times.json
2026-08-13T19:40:35.938Z,2026-08-13 12:40:35,2026-08-13,America/Los_Angeles,disneyland,Disneyland,Fantasyland,278,Mad Tea Party,TRUE,5,2026-08-13T19:35:34.000Z,2026-08-13 12:35:34,https://queue-times.com/parks/16/queue_times.json
2026-08-13T19:40:35.938Z,2026-08-13 12:40:35,2026-08-13,America/Los_Angeles,disneyland,Disneyland,Fantasyland,279,Matterhorn Bobsleds,FALSE,0,2026-08-13T19:35:34.000Z,2026-08-13 12:35:34,https://queue-times.com/parks/16/queue_times.json
2026-08-13T19:40:35.938Z,2026-08-13 12:40:35,2026-08-13,America/Los_Angeles,disneyland,Disneyland,Fantasyland,6711,Meet Disney Princesses at Royal Hall,TRUE,60,2026-08-13T19:35:34.000Z,2026-08-13 12:35:34,https://queue-times.com/parks/16/queue_times.json
2026-08-13T19:40:35.938Z,2026-08-13 12:40:35,2026-08-13,America/Los_Angeles,disneyland,Disneyland,Fantasyland,280,Mr. Toad's Wild Ride,TRUE,10,2026-08-13T19:35:34.000Z,2026-08-13 12:35:34,https://queue-times.com/parks/16/queue_times.json
2026-08-13T19:40:35.938Z,2026-08-13 12:40:35,2026-08-13,America/Los_Angeles,disneyland,Disneyland,Fantasyland,281,Peter Pan's Flight,TRUE,30,2026-08-13T19:35:34.000Z,2026-08-13 12:35:34,https://queue-times.com/parks/16/queue_times.json
2026-08-13T19:40:35.938Z,2026-08-13 12:40:35,2026-08-13,America/Los_Angeles,disneyland,Disneyland,Fantasyland,282,Pinocchio's Daring Journey,TRUE,10,2026-08-13T19:35:34.000Z,2026-08-13 12:35:34,https://queue-times.com/parks/16/queue_times.json
2026-08-13T19:40:35.938Z,2026-08-13 12:40:35,2026-08-13,America/Los_Angeles,disneyland,Disneyland,Fantasyland,687,Sleeping Beauty Castle Walkthrough,FALSE,0,2026-08-13T19:35:34.000Z,2026-08-13 12:35:34,https://queue-times.com/parks/16/queue_times.json
2026-08-13T19:40:35.938Z,2026-08-13 12:40:35,2026-08-13,America/Los_Angeles,disneyland,Disneyland,Fantasyland,283,Snow White's Enchanted Wish,TRUE,10,2026-08-13T19:35:34.000Z,2026-08-13 12:35:34,https://queue-times.com/parks/16/queue_times.json
2026-08-13T19:40:35.938Z,2026-08-13 12:40:35,2026-08-13,America/Los_Angeles,disneyland,Disneyland,Fantasyland,305,Storybook Land Canal Boats,TRUE,10,2026-08-13T19:35:34.000Z,2026-08-13 12:35:34,https://queue-times.com/parks/16/queue_times.json
2026-08-13T19:40:35.938Z,2026-08-13 12:40:35,2026-08-13,America/Los_Angeles,disneyland,Disneyland,Frontierland,323,Big Thunder Mountain Railroad,TRUE,35,2026-08-13T19:35:34.000Z,2026-08-13 12:35:34,https://queue-times.com/parks/16/queue_times.json
2026-08-13T19:40:35.938Z,2026-08-13 12:40:35,2026-08-13,America/Los_Angeles,disneyland,Disneyland,Frontierland,679,Frontierland Shootin' Exposition,FALSE,0,2026-08-13T19:35:34.000Z,2026-08-13 12:35:34,https://queue-times.com/parks/16/queue_times.json
2026-08-13T19:40:35.938Z,2026-08-13 12:40:35,2026-08-13,America/Los_Angeles,disneyland,Disneyland,Frontierland,456,Mark Twain Riverboat,TRUE,10,2026-08-13T19:35:34.000Z,2026-08-13 12:35:34,https://queue-times.com/parks/16/queue_times.json
2026-08-13T19:40:35.938Z,2026-08-13 12:40:35,2026-08-13,America/Los_Angeles,disneyland,Disneyland,Frontierland,331,Pirate's Lair on Tom Sawyer Island,TRUE,5,2026-08-13T19:35:34.000Z,2026-08-13 12:35:34,https://queue-times.com/parks/16/queue_times.json
2026-08-13T19:40:35.938Z,2026-08-13 12:40:35,2026-08-13,America/Los_Angeles,disneyland,Disneyland,Frontierland,328,Sailing Ship Columbia,FALSE,0,2026-08-13T19:35:34.000Z,2026-08-13 12:35:34,https://queue-times.com/parks/16/queue_times.json
2026-08-13T19:40:35.938Z,2026-08-13 12:40:35,2026-08-13,America/Los_Angeles,disneyland,Disneyland,Main Street U.S.A,674,Disneyland Railroad,TRUE,5,2026-08-13T19:35:34.000Z,2026-08-13 12:35:34,https://queue-times.com/parks/16/queue_times.json
2026-08-13T19:40:35.938Z,2026-08-13 12:40:35,2026-08-13,America/Los_Angeles,disneyland,Disneyland,Main Street U.S.A,690,Great Moments with Mr. Lincoln,TRUE,0,2026-08-13T19:35:34.000Z,2026-08-13 12:35:34,https://queue-times.com/parks/16/queue_times.json
2026-08-13T19:40:35.938Z,2026-08-13 12:40:35,2026-08-13,America/Los_Angeles,disneyland,Disneyland,Main Street U.S.A,686,Main Street Cinema,FALSE,0,2026-08-13T19:35:34.000Z,2026-08-13 12:35:34,https://queue-times.com/parks/16/queue_times.json
2026-08-13T19:40:35.938Z,2026-08-13 12:40:35,2026-08-13,America/Los_Angeles,disneyland,Disneyland,Main Street U.S.A,691,Main Street Vehicles,TRUE,0,2026-08-13T19:35:34.000Z,2026-08-13 12:35:34,https://queue-times.com/parks/16/queue_times.json
2026-08-13T19:40:35.938Z,2026-08-13 12:40:35,2026-08-13,America/Los_Angeles,disneyland,Disneyland,Main Street U.S.A,14915,Opera House - Walt Disney - A Magical Life,TRUE,0,2026-08-13T19:35:34.000Z,2026-08-13 12:35:34,https://queue-times.com/parks/16/queue_times.json
2026-08-13T19:40:35.938Z,2026-08-13 12:40:35,2026-08-13,America/Los_Angeles,disneyland,Disneyland,Main Street U.S.A,695,The Disney Gallery,TRUE,0,2026-08-13T19:35:34.000Z,2026-08-13 12:35:34,https://queue-times.com/parks/16/queue_times.json
2026-08-13T19:40:35.938Z,2026-08-13 12:40:35,2026-08-13,America/Los_Angeles,disneyland,Disneyland,Main Street U.S.A,14923,Walt Disney - A Magical Life,FALSE,0,2026-08-13T19:35:34.000Z,2026-08-13 12:35:34,https://queue-times.com/parks/16/queue_times.json
2026-08-13T19:40:35.938Z,2026-08-13 12:40:35,2026-08-13,America/Los_Angeles,disneyland,Disneyland,Mickey's Toontown,324,Chip 'n' Dale's GADGETcoaster,TRUE,15,2026-08-13T19:35:34.000Z,2026-08-13 12:35:34,https://queue-times.com/parks/16/queue_times.json
2026-08-13T19:40:35.938Z,2026-08-13 12:40:35,2026-08-13,America/Los_Angeles,disneyland,Disneyland,Mickey's Toontown,13814,Donald's Duck Pond,TRUE,0,2026-08-13T19:35:34.000Z,2026-08-13 12:35:34,https://queue-times.com/parks/16/queue_times.json
2026-08-13T19:40:35.938Z,2026-08-13 12:40:35,2026-08-13,America/Los_Angeles,disneyland,Disneyland,Mickey's Toontown,11980,Goofy's How-to-Play Yard,TRUE,0,2026-08-13T19:35:34.000Z,2026-08-13 12:35:34,https://queue-times.com/parks/16/queue_times.json
2026-08-13T19:40:35.938Z,2026-08-13 12:40:35,2026-08-13,America/Los_Angeles,disneyland,Disneyland,Mickey's Toontown,11526,Mickey & Minnie's Runaway Railway,TRUE,30,2026-08-13T19:35:34.000Z,2026-08-13 12:35:34,https://queue-times.com/parks/16/queue_times.json
2026-08-13T19:40:35.938Z,2026-08-13 12:40:35,2026-08-13,America/Los_Angeles,disneyland,Disneyland,Mickey's Toontown,709,Mickey's House and Meet Mickey Mouse,TRUE,20,2026-08-13T19:35:34.000Z,2026-08-13 12:35:34,https://queue-times.com/parks/16/queue_times.json
2026-08-13T19:40:35.938Z,2026-08-13 12:40:35,2026-08-13,America/Los_Angeles,disneyland,Disneyland,Mickey's Toontown,327,Mickey's House and Meet Mickey Mouse,FALSE,0,2026-08-13T19:35:34.000Z,2026-08-13 12:35:34,https://queue-times.com/parks/16/queue_times.json
2026-08-13T19:40:35.938Z,2026-08-13 12:40:35,2026-08-13,America/Los_Angeles,disneyland,Disneyland,Mickey's Toontown,684,Minnie's House,TRUE,0,2026-08-13T19:35:34.000Z,2026-08-13 12:35:34,https://queue-times.com/parks/16/queue_times.json
2026-08-13T19:40:35.938Z,2026-08-13 12:40:35,2026-08-13,America/Los_Angeles,disneyland,Disneyland,Mickey's Toontown,332,Roger Rabbit's Car Toon Spin,TRUE,30,2026-08-13T19:35:34.000Z,2026-08-13 12:35:34,https://queue-times.com/parks/16/queue_times.json
2026-08-13T19:40:35.938Z,2026-08-13 12:40:35,2026-08-13,America/Los_Angeles,disneyland,Disneyland,New Orleans Square,13958,Haunted Mansion,FALSE,0,2026-08-13T19:35:34.000Z,2026-08-13 12:35:34,https://queue-times.com/parks/16/queue_times.json
2026-08-13T19:40:35.938Z,2026-08-13 12:40:35,2026-08-13,America/Los_Angeles,disneyland,Disneyland,New Orleans Square,289,Pirates of the Caribbean,TRUE,20,2026-08-13T19:35:34.000Z,2026-08-13 12:35:34,https://queue-times.com/parks/16/queue_times.json
2026-08-13T19:40:35.938Z,2026-08-13 12:40:35,2026-08-13,America/Los_Angeles,disneyland,Disneyland,Star Wars: Galaxy's Edge,6339,Millennium Falcon: Smugglers Run,TRUE,10,2026-08-13T19:35:34.000Z,2026-08-13 12:35:34,https://queue-times.com/parks/16/queue_times.json
2026-08-13T19:40:35.938Z,2026-08-13 12:40:35,2026-08-13,America/Los_Angeles,disneyland,Disneyland,Star Wars: Galaxy's Edge,10903,Millennium Falcon: Smugglers Run Single Rider,TRUE,0,2026-08-13T19:35:34.000Z,2026-08-13 12:35:34,https://queue-times.com/parks/16/queue_times.json
2026-08-13T19:40:35.938Z,2026-08-13 12:40:35,2026-08-13,America/Los_Angeles,disneyland,Disneyland,Star Wars: Galaxy's Edge,6340,Star Wars: Rise of the Resistance,TRUE,40,2026-08-13T19:35:34.000Z,2026-08-13 12:35:34,https://queue-times.com/parks/16/queue_times.json
2026-08-13T19:40:35.938Z,2026-08-13 12:40:35,2026-08-13,America/Los_Angeles,disneyland,Disneyland,Tomorrowland,287,Astro Orbitor,TRUE,15,2026-08-13T19:35:34.000Z,2026-08-13 12:35:34,https://queue-times.com/parks/16/queue_times.json
2026-08-13T19:40:35.938Z,2026-08-13 12:40:35,2026-08-13,America/Los_Angeles,disneyland,Disneyland,Tomorrowland,317,Autopia,TRUE,5,2026-08-13T19:35:34.000Z,2026-08-13 12:35:34,https://queue-times.com/parks/16/queue_times.json
2026-08-13T19:40:35.938Z,2026-08-13 12:40:35,2026-08-13,America/Los_Angeles,disneyland,Disneyland,Tomorrowland,273,Buzz Lightyear Astro Blasters,TRUE,20,2026-08-13T19:35:34.000Z,2026-08-13 12:35:34,https://queue-times.com/parks/16/queue_times.json
2026-08-13T19:40:35.938Z,2026-08-13 12:40:35,2026-08-13,America/Los_Angeles,disneyland,Disneyland,Tomorrowland,274,Disneyland Monorail,TRUE,5,2026-08-13T19:35:34.000Z,2026-08-13 12:35:34,https://queue-times.com/parks/16/queue_times.json
2026-08-13T19:40:35.938Z,2026-08-13 12:40:35,2026-08-13,America/Los_Angeles,disneyland,Disneyland,Tomorrowland,276,Finding Nemo Submarine Voyage,TRUE,10,2026-08-13T19:35:34.000Z,2026-08-13 12:35:34,https://queue-times.com/parks/16/queue_times.json
2026-08-13T19:40:35.938Z,2026-08-13 12:40:35,2026-08-13,America/Los_Angeles,disneyland,Disneyland,Tomorrowland,16627,Pixar Short Film Spotlight,FALSE,0,2026-08-13T19:35:34.000Z,2026-08-13 12:35:34,https://queue-times.com/parks/16/queue_times.json
2026-08-13T19:40:35.938Z,2026-08-13 12:40:35,2026-08-13,America/Los_Angeles,disneyland,Disneyland,Tomorrowland,284,Space Mountain,TRUE,60,2026-08-13T19:35:34.000Z,2026-08-13 12:35:34,https://queue-times.com/parks/16/queue_times.json
2026-08-13T19:40:35.938Z,2026-08-13 12:40:35,2026-08-13,America/Los_Angeles,disneyland,Disneyland,Tomorrowland,286,Star Tours - The Adventures Continue,TRUE,10,2026-08-13T19:35:34.000Z,2026-08-13 12:35:34,https://queue-times.com/parks/16/queue_times.json
2026-08-13T19:40:35.938Z,2026-08-13 12:40:35,2026-08-13,America/Los_Angeles,dca,Disney California Adventure,Avengers Campus,329,Guardians of the Galaxy - Mission: BREAKOUT!,TRUE,40,2026-08-13T19:35:39.000Z,2026-08-13 12:35:39,https://queue-times.com/parks/17/queue_times.json
2026-08-13T19:40:35.938Z,2026-08-13 12:40:35,2026-08-13,America/Los_Angeles,dca,Disney California Adventure,Avengers Campus,8843,WEB SLINGERS: A Spider-Man Adventure,TRUE,35,2026-08-13T19:35:39.000Z,2026-08-13 12:35:39,https://queue-times.com/parks/17/queue_times.json
2026-08-13T19:40:35.938Z,2026-08-13 12:40:35,2026-08-13,America/Los_Angeles,dca,Disney California Adventure,Avengers Campus,10907,WEB SLINGERS: A Spider-Man Adventure Single Rider,TRUE,0,2026-08-13T19:35:39.000Z,2026-08-13 12:35:39,https://queue-times.com/parks/17/queue_times.json
2026-08-13T19:40:35.938Z,2026-08-13 12:40:35,2026-08-13,America/Los_Angeles,dca,Disney California Adventure,Cars Land,13961,Luigi's Rollickin' Roadsters,TRUE,15,2026-08-13T19:35:39.000Z,2026-08-13 12:35:39,https://queue-times.com/parks/17/queue_times.json
2026-08-13T19:40:35.938Z,2026-08-13 12:40:35,2026-08-13,America/Los_Angeles,dca,Disney California Adventure,Cars Land,315,Mater's Junkyard Jamboree,TRUE,25,2026-08-13T19:35:39.000Z,2026-08-13 12:35:39,https://queue-times.com/parks/17/queue_times.json
2026-08-13T19:40:35.938Z,2026-08-13 12:40:35,2026-08-13,America/Los_Angeles,dca,Disney California Adventure,Cars Land,295,Radiator Springs Racers,TRUE,50,2026-08-13T19:35:39.000Z,2026-08-13 12:35:39,https://queue-times.com/parks/17/queue_times.json
2026-08-13T19:40:35.938Z,2026-08-13 12:40:35,2026-08-13,America/Los_Angeles,dca,Disney California Adventure,Cars Land,10904,Radiator Springs Racers Single Rider,TRUE,0,2026-08-13T19:35:39.000Z,2026-08-13 12:35:39,https://queue-times.com/parks/17/queue_times.json
2026-08-13T19:40:35.938Z,2026-08-13 12:40:35,2026-08-13,America/Los_Angeles,dca,Disney California Adventure,Grizzly Peak,302,Grizzly River Run,TRUE,10,2026-08-13T19:35:39.000Z,2026-08-13 12:35:39,https://queue-times.com/parks/17/queue_times.json
2026-08-13T19:40:35.938Z,2026-08-13 12:40:35,2026-08-13,America/Los_Angeles,dca,Disney California Adventure,Grizzly Peak,293,Redwood Creek Challenge Trail,TRUE,5,2026-08-13T19:35:39.000Z,2026-08-13 12:35:39,https://queue-times.com/parks/17/queue_times.json
2026-08-13T19:40:35.938Z,2026-08-13 12:40:35,2026-08-13,America/Los_Angeles,dca,Disney California Adventure,Grizzly Peak,17129,Soarin’ Across America,TRUE,55,2026-08-13T19:35:39.000Z,2026-08-13 12:35:39,https://queue-times.com/parks/17/queue_times.json
2026-08-13T19:40:35.938Z,2026-08-13 12:40:35,2026-08-13,America/Los_Angeles,dca,Disney California Adventure,Hollywood Land,321,Animation Academy,TRUE,0,2026-08-13T19:35:39.000Z,2026-08-13 12:35:39,https://queue-times.com/parks/17/queue_times.json
2026-08-13T19:40:35.938Z,2026-08-13 12:40:35,2026-08-13,America/Los_Angeles,dca,Disney California Adventure,Hollywood Land,6440,Mickey's PhilharMagic,TRUE,10,2026-08-13T19:35:39.000Z,2026-08-13 12:35:39,https://queue-times.com/parks/17/queue_times.json
2026-08-13T19:40:35.938Z,2026-08-13 12:40:35,2026-08-13,America/Los_Angeles,dca,Disney California Adventure,Hollywood Land,291,"Monsters, Inc. Mike & Sulley to the Rescue!",TRUE,45,2026-08-13T19:35:39.000Z,2026-08-13 12:35:39,https://queue-times.com/parks/17/queue_times.json
2026-08-13T19:40:35.938Z,2026-08-13 12:40:35,2026-08-13,America/Los_Angeles,dca,Disney California Adventure,Hollywood Land,868,Sorcerer's Workshop,TRUE,0,2026-08-13T19:35:39.000Z,2026-08-13 12:35:39,https://queue-times.com/parks/17/queue_times.json
2026-08-13T19:40:35.938Z,2026-08-13 12:40:35,2026-08-13,America/Los_Angeles,dca,Disney California Adventure,Hollywood Land,294,Turtle Talk with Crush,TRUE,0,2026-08-13T19:35:39.000Z,2026-08-13 12:35:39,https://queue-times.com/parks/17/queue_times.json
2026-08-13T19:40:35.938Z,2026-08-13 12:40:35,2026-08-13,America/Los_Angeles,dca,Disney California Adventure,Pacific Wharf,869,The Bakery Tour,TRUE,0,2026-08-13T19:35:39.000Z,2026-08-13 12:35:39,https://queue-times.com/parks/17/queue_times.json
2026-08-13T19:40:35.938Z,2026-08-13 12:40:35,2026-08-13,America/Los_Angeles,dca,Disney California Adventure,Paradise Gardens Park,298,Golden Zephyr,TRUE,5,2026-08-13T19:35:39.000Z,2026-08-13 12:35:39,https://queue-times.com/parks/17/queue_times.json
2026-08-13T19:40:35.938Z,2026-08-13 12:40:35,2026-08-13,America/Los_Angeles,dca,Disney California Adventure,Paradise Gardens Park,319,Goofy's Sky School,TRUE,40,2026-08-13T19:35:39.000Z,2026-08-13 12:35:39,https://queue-times.com/parks/17/queue_times.json
2026-08-13T19:40:35.938Z,2026-08-13 12:40:35,2026-08-13,America/Los_Angeles,dca,Disney California Adventure,Paradise Gardens Park,301,Silly Symphony Swings,FALSE,0,2026-08-13T19:35:39.000Z,2026-08-13 12:35:39,https://queue-times.com/parks/17/queue_times.json
2026-08-13T19:40:35.938Z,2026-08-13 12:40:35,2026-08-13,America/Los_Angeles,dca,Disney California Adventure,Paradise Gardens Park,316,The Little Mermaid - Ariel's Undersea Adventure,TRUE,20,2026-08-13T19:35:39.000Z,2026-08-13 12:35:39,https://queue-times.com/parks/17/queue_times.json
2026-08-13T19:40:35.938Z,2026-08-13 12:40:35,2026-08-13,America/Los_Angeles,dca,Disney California Adventure,Paradise Gardens Park,11528,World of Color – ONE,FALSE,0,2026-08-13T19:35:39.000Z,2026-08-13 12:35:39,https://queue-times.com/parks/17/queue_times.json
2026-08-13T19:40:35.938Z,2026-08-13 12:40:35,2026-08-13,America/Los_Angeles,dca,Disney California Adventure,Paradise Gardens Park,14742,World of Color Happiness!,FALSE,0,2026-08-10T07:05:45.000Z,2026-08-10 00:05:45,https://queue-times.com/parks/17/queue_times.json
2026-08-13T19:40:35.938Z,2026-08-13 12:40:35,2026-08-13,America/Los_Angeles,dca,Disney California Adventure,Pixar Pier,866,Games of Pixar Pier,TRUE,5,2026-08-13T19:35:39.000Z,2026-08-13 12:35:39,https://queue-times.com/parks/17/queue_times.json
2026-08-13T19:40:35.938Z,2026-08-13 12:40:35,2026-08-13,America/Los_Angeles,dca,Disney California Adventure,Pixar Pier,322,Incredicoaster,TRUE,25,2026-08-13T19:35:39.000Z,2026-08-13 12:35:39,https://queue-times.com/parks/17/queue_times.json
2026-08-13T19:40:35.938Z,2026-08-13 12:40:35,2026-08-13,America/Los_Angeles,dca,Disney California Adventure,Pixar Pier,10906,Incredicoaster Single Rider,TRUE,0,2026-08-13T19:35:39.000Z,2026-08-13 12:35:39,https://queue-times.com/parks/17/queue_times.json
2026-08-13T19:40:35.938Z,2026-08-13 12:40:35,2026-08-13,America/Los_Angeles,dca,Disney California Adventure,Pixar Pier,6643,Inside Out Emotional Whirlwind,TRUE,5,2026-08-13T19:35:39.000Z,2026-08-13 12:35:39,https://queue-times.com/parks/17/queue_times.json
2026-08-13T19:40:35.938Z,2026-08-13 12:40:35,2026-08-13,America/Los_Angeles,dca,Disney California Adventure,Pixar Pier,310,Jessie's Critter Carousel,TRUE,5,2026-08-13T19:35:39.000Z,2026-08-13 12:35:39,https://queue-times.com/parks/17/queue_times.json
2026-08-13T19:40:35.938Z,2026-08-13 12:40:35,2026-08-13,America/Los_Angeles,dca,Disney California Adventure,Pixar Pier,300,Jumpin' Jellyfish,TRUE,5,2026-08-13T19:35:39.000Z,2026-08-13 12:35:39,https://queue-times.com/parks/17/queue_times.json
2026-08-13T19:40:35.938Z,2026-08-13 12:40:35,2026-08-13,America/Los_Angeles,dca,Disney California Adventure,Pixar Pier,311,Pixar Pal-A-Round - Swinging,TRUE,15,2026-08-13T19:35:39.000Z,2026-08-13 12:35:39,https://queue-times.com/parks/17/queue_times.json
2026-08-13T19:40:35.938Z,2026-08-13 12:40:35,2026-08-13,America/Los_Angeles,dca,Disney California Adventure,Pixar Pier,5557,Pixar Pal-A-Round – Non-Swinging,TRUE,15,2026-08-13T19:35:39.000Z,2026-08-13 12:35:39,https://queue-times.com/parks/17/queue_times.json
2026-08-13T19:40:35.938Z,2026-08-13 12:40:35,2026-08-13,America/Los_Angeles,dca,Disney California Adventure,Pixar Pier,313,Toy Story Midway Mania!,TRUE,35,2026-08-13T19:35:39.000Z,2026-08-13 12:35:39,https://queue-times.com/parks/17/queue_times.json
2026-08-13T20:00:22.983Z,2026-08-13 13:00:22,2026-08-13,America/Los_Angeles,disneyland,Disneyland,Adventureland,12428,Adventureland Treehouse inspired by Walt Disney’s Swiss Family Robinson,TRUE,0,2026-08-13T19:55:33.000Z,2026-08-13 12:55:33,https://queue-times.com/parks/16/queue_times.json
2026-08-13T20:00:22.983Z,2026-08-13 13:00:22,2026-08-13,America/Los_Angeles,disneyland,Disneyland,Adventureland,326,Indiana Jones™ Adventure,TRUE,40,2026-08-13T19:55:33.000Z,2026-08-13 12:55:33,https://queue-times.com/parks/16/queue_times.json
2026-08-13T20:00:22.983Z,2026-08-13 13:00:22,2026-08-13,America/Los_Angeles,disneyland,Disneyland,Adventureland,296,Jungle Cruise,TRUE,25,2026-08-13T19:55:33.000Z,2026-08-13 12:55:33,https://queue-times.com/parks/16/queue_times.json
2026-08-13T20:00:22.983Z,2026-08-13 13:00:22,2026-08-13,America/Los_Angeles,disneyland,Disneyland,Adventureland,288,Walt Disney's Enchanted Tiki Room,TRUE,0,2026-08-13T19:55:33.000Z,2026-08-13 12:55:33,https://queue-times.com/parks/16/queue_times.json
2026-08-13T20:00:22.983Z,2026-08-13 13:00:22,2026-08-13,America/Los_Angeles,disneyland,Disneyland,Bayou Country,304,Davy Crockett's Explorer Canoes,FALSE,0,2026-08-13T19:55:33.000Z,2026-08-13 12:55:33,https://queue-times.com/parks/16/queue_times.json
2026-08-13T20:00:22.983Z,2026-08-13 13:00:22,2026-08-13,America/Los_Angeles,disneyland,Disneyland,Bayou Country,306,The Many Adventures of Winnie the Pooh,TRUE,5,2026-08-13T19:55:33.000Z,2026-08-13 12:55:33,https://queue-times.com/parks/16/queue_times.json
2026-08-13T20:00:22.983Z,2026-08-13 13:00:22,2026-08-13,America/Los_Angeles,disneyland,Disneyland,Bayou Country,14168,Tiana's Bayou Adventure,TRUE,25,2026-08-13T19:55:33.000Z,2026-08-13 12:55:33,https://queue-times.com/parks/16/queue_times.json
2026-08-13T20:00:22.983Z,2026-08-13 13:00:22,2026-08-13,America/Los_Angeles,disneyland,Disneyland,Bayou Country,14326,Tiana's Bayou Adventure Single Rider,TRUE,0,2026-08-13T19:55:33.000Z,2026-08-13 12:55:33,https://queue-times.com/parks/16/queue_times.json
2026-08-13T20:00:22.983Z,2026-08-13 13:00:22,2026-08-13,America/Los_Angeles,disneyland,Disneyland,Fantasyland,307,"""it's a small world""",TRUE,5,2026-08-13T19:55:33.000Z,2026-08-13 12:55:33,https://queue-times.com/parks/16/queue_times.json
2026-08-13T20:00:22.983Z,2026-08-13 13:00:22,2026-08-13,America/Los_Angeles,disneyland,Disneyland,Fantasyland,285,Alice in Wonderland,TRUE,25,2026-08-13T19:55:33.000Z,2026-08-13 12:55:33,https://queue-times.com/parks/16/queue_times.json
2026-08-13T20:00:22.983Z,2026-08-13 13:00:22,2026-08-13,America/Los_Angeles,disneyland,Disneyland,Fantasyland,16254,Bluey’s Best Day Ever! at Fantasyland Theatre,TRUE,0,2026-08-13T19:55:33.000Z,2026-08-13 12:55:33,https://queue-times.com/parks/16/queue_times.json
2026-08-13T20:00:22.983Z,2026-08-13 13:00:22,2026-08-13,America/Los_Angeles,disneyland,Disneyland,Fantasyland,303,Casey Jr. Circus Train,TRUE,5,2026-08-13T19:55:33.000Z,2026-08-13 12:55:33,https://queue-times.com/parks/16/queue_times.json
2026-08-13T20:00:22.983Z,2026-08-13 13:00:22,2026-08-13,America/Los_Angeles,disneyland,Disneyland,Fantasyland,275,Dumbo the Flying Elephant,TRUE,20,2026-08-13T19:55:33.000Z,2026-08-13 12:55:33,https://queue-times.com/parks/16/queue_times.json
2026-08-13T20:00:22.983Z,2026-08-13 13:00:22,2026-08-13,America/Los_Angeles,disneyland,Disneyland,Fantasyland,277,King Arthur Carrousel,TRUE,5,2026-08-13T19:55:33.000Z,2026-08-13 12:55:33,https://queue-times.com/parks/16/queue_times.json
2026-08-13T20:00:22.983Z,2026-08-13 13:00:22,2026-08-13,America/Los_Angeles,disneyland,Disneyland,Fantasyland,278,Mad Tea Party,TRUE,5,2026-08-13T19:55:33.000Z,2026-08-13 12:55:33,https://queue-times.com/parks/16/queue_times.json
2026-08-13T20:00:22.983Z,2026-08-13 13:00:22,2026-08-13,America/Los_Angeles,disneyland,Disneyland,Fantasyland,279,Matterhorn Bobsleds,FALSE,0,2026-08-13T19:55:33.000Z,2026-08-13 12:55:33,https://queue-times.com/parks/16/queue_times.json
2026-08-13T20:00:22.983Z,2026-08-13 13:00:22,2026-08-13,America/Los_Angeles,disneyland,Disneyland,Fantasyland,6711,Meet Disney Princesses at Royal Hall,TRUE,30,2026-08-13T19:55:33.000Z,2026-08-13 12:55:33,https://queue-times.com/parks/16/queue_times.json
2026-08-13T20:00:22.983Z,2026-08-13 13:00:22,2026-08-13,America/Los_Angeles,disneyland,Disneyland,Fantasyland,280,Mr. Toad's Wild Ride,TRUE,15,2026-08-13T19:55:33.000Z,2026-08-13 12:55:33,https://queue-times.com/parks/16/queue_times.json
2026-08-13T20:00:22.983Z,2026-08-13 13:00:22,2026-08-13,America/Los_Angeles,disneyland,Disneyland,Fantasyland,281,Peter Pan's Flight,TRUE,30,2026-08-13T19:55:33.000Z,2026-08-13 12:55:33,https://queue-times.com/parks/16/queue_times.json
2026-08-13T20:00:22.983Z,2026-08-13 13:00:22,2026-08-13,America/Los_Angeles,disneyland,Disneyland,Fantasyland,282,Pinocchio's Daring Journey,TRUE,10,2026-08-13T19:55:33.000Z,2026-08-13 12:55:33,https://queue-times.com/parks/16/queue_times.json
2026-08-13T20:00:22.983Z,2026-08-13 13:00:22,2026-08-13,America/Los_Angeles,disneyland,Disneyland,Fantasyland,687,Sleeping Beauty Castle Walkthrough,FALSE,0,2026-08-13T19:55:33.000Z,2026-08-13 12:55:33,https://queue-times.com/parks/16/queue_times.json
2026-08-13T20:00:22.983Z,2026-08-13 13:00:22,2026-08-13,America/Los_Angeles,disneyland,Disneyland,Fantasyland,283,Snow White's Enchanted Wish,TRUE,5,2026-08-13T19:55:33.000Z,2026-08-13 12:55:33,https://queue-times.com/parks/16/queue_times.json
2026-08-13T20:00:22.983Z,2026-08-13 13:00:22,2026-08-13,America/Los_Angeles,disneyland,Disneyland,Fantasyland,305,Storybook Land Canal Boats,TRUE,10,2026-08-13T19:55:33.000Z,2026-08-13 12:55:33,https://queue-times.com/parks/16/queue_times.json
2026-08-13T20:00:22.983Z,2026-08-13 13:00:22,2026-08-13,America/Los_Angeles,disneyland,Disneyland,Frontierland,323,Big Thunder Mountain Railroad,TRUE,25,2026-08-13T19:55:33.000Z,2026-08-13 12:55:33,https://queue-times.com/parks/16/queue_times.json
2026-08-13T20:00:22.983Z,2026-08-13 13:00:22,2026-08-13,America/Los_Angeles,disneyland,Disneyland,Frontierland,679,Frontierland Shootin' Exposition,FALSE,0,2026-08-13T19:55:33.000Z,2026-08-13 12:55:33,https://queue-times.com/parks/16/queue_times.json
2026-08-13T20:00:22.983Z,2026-08-13 13:00:22,2026-08-13,America/Los_Angeles,disneyland,Disneyland,Frontierland,456,Mark Twain Riverboat,TRUE,10,2026-08-13T19:55:33.000Z,2026-08-13 12:55:33,https://queue-times.com/parks/16/queue_times.json
2026-08-13T20:00:22.983Z,2026-08-13 13:00:22,2026-08-13,America/Los_Angeles,disneyland,Disneyland,Frontierland,331,Pirate's Lair on Tom Sawyer Island,TRUE,5,2026-08-13T19:55:33.000Z,2026-08-13 12:55:33,https://queue-times.com/parks/16/queue_times.json
2026-08-13T20:00:22.983Z,2026-08-13 13:00:22,2026-08-13,America/Los_Angeles,disneyland,Disneyland,Frontierland,328,Sailing Ship Columbia,FALSE,0,2026-08-13T19:55:33.000Z,2026-08-13 12:55:33,https://queue-times.com/parks/16/queue_times.json
2026-08-13T20:00:22.983Z,2026-08-13 13:00:22,2026-08-13,America/Los_Angeles,disneyland,Disneyland,Main Street U.S.A,674,Disneyland Railroad,TRUE,5,2026-08-13T19:55:33.000Z,2026-08-13 12:55:33,https://queue-times.com/parks/16/queue_times.json
2026-08-13T20:00:22.983Z,2026-08-13 13:00:22,2026-08-13,America/Los_Angeles,disneyland,Disneyland,Main Street U.S.A,690,Great Moments with Mr. Lincoln,TRUE,0,2026-08-13T19:55:33.000Z,2026-08-13 12:55:33,https://queue-times.com/parks/16/queue_times.json
2026-08-13T20:00:22.983Z,2026-08-13 13:00:22,2026-08-13,America/Los_Angeles,disneyland,Disneyland,Main Street U.S.A,686,Main Street Cinema,FALSE,0,2026-08-13T19:55:33.000Z,2026-08-13 12:55:33,https://queue-times.com/parks/16/queue_times.json
2026-08-13T20:00:22.983Z,2026-08-13 13:00:22,2026-08-13,America/Los_Angeles,disneyland,Disneyland,Main Street U.S.A,691,Main Street Vehicles,TRUE,0,2026-08-13T19:55:33.000Z,2026-08-13 12:55:33,https://queue-times.com/parks/16/queue_times.json
2026-08-13T20:00:22.983Z,2026-08-13 13:00:22,2026-08-13,America/Los_Angeles,disneyland,Disneyland,Main Street U.S.A,14915,Opera House - Walt Disney - A Magical Life,TRUE,0,2026-08-13T19:55:33.000Z,2026-08-13 12:55:33,https://queue-times.com/parks/16/queue_times.json
2026-08-13T20:00:22.983Z,2026-08-13 13:00:22,2026-08-13,America/Los_Angeles,disneyland,Disneyland,Main Street U.S.A,695,The Disney Gallery,TRUE,0,2026-08-13T19:55:33.000Z,2026-08-13 12:55:33,https://queue-times.com/parks/16/queue_times.json
2026-08-13T20:00:22.983Z,2026-08-13 13:00:22,2026-08-13,America/Los_Angeles,disneyland,Disneyland,Main Street U.S.A,14923,Walt Disney - A Magical Life,FALSE,0,2026-08-13T19:55:33.000Z,2026-08-13 12:55:33,https://queue-times.com/parks/16/queue_times.json
2026-08-13T20:00:22.983Z,2026-08-13 13:00:22,2026-08-13,America/Los_Angeles,disneyland,Disneyland,Mickey's Toontown,324,Chip 'n' Dale's GADGETcoaster,TRUE,30,2026-08-13T19:55:33.000Z,2026-08-13 12:55:33,https://queue-times.com/parks/16/queue_times.json
2026-08-13T20:00:22.983Z,2026-08-13 13:00:22,2026-08-13,America/Los_Angeles,disneyland,Disneyland,Mickey's Toontown,13814,Donald's Duck Pond,TRUE,0,2026-08-13T19:55:33.000Z,2026-08-13 12:55:33,https://queue-times.com/parks/16/queue_times.json
2026-08-13T20:00:22.983Z,2026-08-13 13:00:22,2026-08-13,America/Los_Angeles,disneyland,Disneyland,Mickey's Toontown,11980,Goofy's How-to-Play Yard,TRUE,0,2026-08-13T19:55:33.000Z,2026-08-13 12:55:33,https://queue-times.com/parks/16/queue_times.json
2026-08-13T20:00:22.983Z,2026-08-13 13:00:22,2026-08-13,America/Los_Angeles,disneyland,Disneyland,Mickey's Toontown,11526,Mickey & Minnie's Runaway Railway,TRUE,45,2026-08-13T19:55:33.000Z,2026-08-13 12:55:33,https://queue-times.com/parks/16/queue_times.json
2026-08-13T20:00:22.983Z,2026-08-13 13:00:22,2026-08-13,America/Los_Angeles,disneyland,Disneyland,Mickey's Toontown,709,Mickey's House and Meet Mickey Mouse,TRUE,20,2026-08-13T19:55:33.000Z,2026-08-13 12:55:33,https://queue-times.com/parks/16/queue_times.json
2026-08-13T20:00:22.983Z,2026-08-13 13:00:22,2026-08-13,America/Los_Angeles,disneyland,Disneyland,Mickey's Toontown,327,Mickey's House and Meet Mickey Mouse,FALSE,0,2026-08-13T19:55:33.000Z,2026-08-13 12:55:33,https://queue-times.com/parks/16/queue_times.json
2026-08-13T20:00:22.983Z,2026-08-13 13:00:22,2026-08-13,America/Los_Angeles,disneyland,Disneyland,Mickey's Toontown,684,Minnie's House,TRUE,0,2026-08-13T19:55:33.000Z,2026-08-13 12:55:33,https://queue-times.com/parks/16/queue_times.json
2026-08-13T20:00:22.983Z,2026-08-13 13:00:22,2026-08-13,America/Los_Angeles,disneyland,Disneyland,Mickey's Toontown,332,Roger Rabbit's Car Toon Spin,TRUE,30,2026-08-13T19:55:33.000Z,2026-08-13 12:55:33,https://queue-times.com/parks/16/queue_times.json
2026-08-13T20:00:22.983Z,2026-08-13 13:00:22,2026-08-13,America/Los_Angeles,disneyland,Disneyland,New Orleans Square,13958,Haunted Mansion,FALSE,0,2026-08-13T19:55:33.000Z,2026-08-13 12:55:33,https://queue-times.com/parks/16/queue_times.json
2026-08-13T20:00:22.983Z,2026-08-13 13:00:22,2026-08-13,America/Los_Angeles,disneyland,Disneyland,New Orleans Square,289,Pirates of the Caribbean,TRUE,20,2026-08-13T19:55:33.000Z,2026-08-13 12:55:33,https://queue-times.com/parks/16/queue_times.json
2026-08-13T20:00:22.983Z,2026-08-13 13:00:22,2026-08-13,America/Los_Angeles,disneyland,Disneyland,Star Wars: Galaxy's Edge,6339,Millennium Falcon: Smugglers Run,TRUE,10,2026-08-13T19:55:33.000Z,2026-08-13 12:55:33,https://queue-times.com/parks/16/queue_times.json
2026-08-13T20:00:22.983Z,2026-08-13 13:00:22,2026-08-13,America/Los_Angeles,disneyland,Disneyland,Star Wars: Galaxy's Edge,10903,Millennium Falcon: Smugglers Run Single Rider,TRUE,0,2026-08-13T19:55:33.000Z,2026-08-13 12:55:33,https://queue-times.com/parks/16/queue_times.json
2026-08-13T20:00:22.983Z,2026-08-13 13:00:22,2026-08-13,America/Los_Angeles,disneyland,Disneyland,Star Wars: Galaxy's Edge,6340,Star Wars: Rise of the Resistance,TRUE,50,2026-08-13T19:55:33.000Z,2026-08-13 12:55:33,https://queue-times.com/parks/16/queue_times.json
2026-08-13T20:00:22.983Z,2026-08-13 13:00:22,2026-08-13,America/Los_Angeles,disneyland,Disneyland,Tomorrowland,287,Astro Orbitor,TRUE,15,2026-08-13T19:55:33.000Z,2026-08-13 12:55:33,https://queue-times.com/parks/16/queue_times.json
2026-08-13T20:00:22.983Z,2026-08-13 13:00:22,2026-08-13,America/Los_Angeles,disneyland,Disneyland,Tomorrowland,317,Autopia,TRUE,20,2026-08-13T19:55:33.000Z,2026-08-13 12:55:33,https://queue-times.com/parks/16/queue_times.json
2026-08-13T20:00:22.983Z,2026-08-13 13:00:22,2026-08-13,America/Los_Angeles,disneyland,Disneyland,Tomorrowland,273,Buzz Lightyear Astro Blasters,TRUE,20,2026-08-13T19:55:33.000Z,2026-08-13 12:55:33,https://queue-times.com/parks/16/queue_times.json
2026-08-13T20:00:22.983Z,2026-08-13 13:00:22,2026-08-13,America/Los_Angeles,disneyland,Disneyland,Tomorrowland,274,Disneyland Monorail,TRUE,5,2026-08-13T19:55:33.000Z,2026-08-13 12:55:33,https://queue-times.com/parks/16/queue_times.json
2026-08-13T20:00:22.983Z,2026-08-13 13:00:22,2026-08-13,America/Los_Angeles,disneyland,Disneyland,Tomorrowland,276,Finding Nemo Submarine Voyage,TRUE,10,2026-08-13T19:55:33.000Z,2026-08-13 12:55:33,https://queue-times.com/parks/16/queue_times.json
2026-08-13T20:00:22.983Z,2026-08-13 13:00:22,2026-08-13,America/Los_Angeles,disneyland,Disneyland,Tomorrowland,16627,Pixar Short Film Spotlight,FALSE,0,2026-08-13T19:55:33.000Z,2026-08-13 12:55:33,https://queue-times.com/parks/16/queue_times.json
2026-08-13T20:00:22.983Z,2026-08-13 13:00:22,2026-08-13,America/Los_Angeles,disneyland,Disneyland,Tomorrowland,284,Space Mountain,FALSE,0,2026-08-13T19:55:33.000Z,2026-08-13 12:55:33,https://queue-times.com/parks/16/queue_times.json
2026-08-13T20:00:22.983Z,2026-08-13 13:00:22,2026-08-13,America/Los_Angeles,disneyland,Disneyland,Tomorrowland,286,Star Tours - The Adventures Continue,TRUE,20,2026-08-13T19:55:33.000Z,2026-08-13 12:55:33,https://queue-times.com/parks/16/queue_times.json
2026-08-13T20:00:22.983Z,2026-08-13 13:00:22,2026-08-13,America/Los_Angeles,dca,Disney California Adventure,Avengers Campus,329,Guardians of the Galaxy - Mission: BREAKOUT!,TRUE,30,2026-08-13T19:55:38.000Z,2026-08-13 12:55:38,https://queue-times.com/parks/17/queue_times.json
2026-08-13T20:00:22.983Z,2026-08-13 13:00:22,2026-08-13,America/Los_Angeles,dca,Disney California Adventure,Avengers Campus,8843,WEB SLINGERS: A Spider-Man Adventure,TRUE,40,2026-08-13T19:55:38.000Z,2026-08-13 12:55:38,https://queue-times.com/parks/17/queue_times.json
2026-08-13T20:00:22.983Z,2026-08-13 13:00:22,2026-08-13,America/Los_Angeles,dca,Disney California Adventure,Avengers Campus,10907,WEB SLINGERS: A Spider-Man Adventure Single Rider,TRUE,0,2026-08-13T19:55:38.000Z,2026-08-13 12:55:38,https://queue-times.com/parks/17/queue_times.json
2026-08-13T20:00:22.983Z,2026-08-13 13:00:22,2026-08-13,America/Los_Angeles,dca,Disney California Adventure,Cars Land,13961,Luigi's Rollickin' Roadsters,TRUE,15,2026-08-13T19:55:38.000Z,2026-08-13 12:55:38,https://queue-times.com/parks/17/queue_times.json
2026-08-13T20:00:22.983Z,2026-08-13 13:00:22,2026-08-13,America/Los_Angeles,dca,Disney California Adventure,Cars Land,315,Mater's Junkyard Jamboree,TRUE,30,2026-08-13T19:55:38.000Z,2026-08-13 12:55:38,https://queue-times.com/parks/17/queue_times.json
2026-08-13T20:00:22.983Z,2026-08-13 13:00:22,2026-08-13,America/Los_Angeles,dca,Disney California Adventure,Cars Land,295,Radiator Springs Racers,TRUE,50,2026-08-13T19:55:38.000Z,2026-08-13 12:55:38,https://queue-times.com/parks/17/queue_times.json
2026-08-13T20:00:22.983Z,2026-08-13 13:00:22,2026-08-13,America/Los_Angeles,dca,Disney California Adventure,Cars Land,10904,Radiator Springs Racers Single Rider,TRUE,0,2026-08-13T19:55:38.000Z,2026-08-13 12:55:38,https://queue-times.com/parks/17/queue_times.json
2026-08-13T20:00:22.983Z,2026-08-13 13:00:22,2026-08-13,America/Los_Angeles,dca,Disney California Adventure,Grizzly Peak,302,Grizzly River Run,TRUE,10,2026-08-13T19:55:38.000Z,2026-08-13 12:55:38,https://queue-times.com/parks/17/queue_times.json
2026-08-13T20:00:22.983Z,2026-08-13 13:00:22,2026-08-13,America/Los_Angeles,dca,Disney California Adventure,Grizzly Peak,293,Redwood Creek Challenge Trail,TRUE,5,2026-08-13T19:55:38.000Z,2026-08-13 12:55:38,https://queue-times.com/parks/17/queue_times.json
2026-08-13T20:00:22.983Z,2026-08-13 13:00:22,2026-08-13,America/Los_Angeles,dca,Disney California Adventure,Grizzly Peak,17129,Soarin’ Across America,TRUE,35,2026-08-13T19:55:38.000Z,2026-08-13 12:55:38,https://queue-times.com/parks/17/queue_times.json
2026-08-13T20:00:22.983Z,2026-08-13 13:00:22,2026-08-13,America/Los_Angeles,dca,Disney California Adventure,Hollywood Land,321,Animation Academy,TRUE,0,2026-08-13T19:55:38.000Z,2026-08-13 12:55:38,https://queue-times.com/parks/17/queue_times.json
2026-08-13T20:00:22.983Z,2026-08-13 13:00:22,2026-08-13,America/Los_Angeles,dca,Disney California Adventure,Hollywood Land,6440,Mickey's PhilharMagic,TRUE,10,2026-08-13T19:55:38.000Z,2026-08-13 12:55:38,https://queue-times.com/parks/17/queue_times.json
2026-08-13T20:00:22.983Z,2026-08-13 13:00:22,2026-08-13,America/Los_Angeles,dca,Disney California Adventure,Hollywood Land,291,"Monsters, Inc. Mike & Sulley to the Rescue!",TRUE,45,2026-08-13T19:55:38.000Z,2026-08-13 12:55:38,https://queue-times.com/parks/17/queue_times.json
2026-08-13T20:00:22.983Z,2026-08-13 13:00:22,2026-08-13,America/Los_Angeles,dca,Disney California Adventure,Hollywood Land,868,Sorcerer's Workshop,TRUE,0,2026-08-13T19:55:38.000Z,2026-08-13 12:55:38,https://queue-times.com/parks/17/queue_times.json
2026-08-13T20:00:22.983Z,2026-08-13 13:00:22,2026-08-13,America/Los_Angeles,dca,Disney California Adventure,Hollywood Land,294,Turtle Talk with Crush,TRUE,0,2026-08-13T19:55:38.000Z,2026-08-13 12:55:38,https://queue-times.com/parks/17/queue_times.json
2026-08-13T20:00:22.983Z,2026-08-13 13:00:22,2026-08-13,America/Los_Angeles,dca,Disney California Adventure,Pacific Wharf,869,The Bakery Tour,TRUE,0,2026-08-13T19:55:38.000Z,2026-08-13 12:55:38,https://queue-times.com/parks/17/queue_times.json
2026-08-13T20:00:22.983Z,2026-08-13 13:00:22,2026-08-13,America/Los_Angeles,dca,Disney California Adventure,Paradise Gardens Park,298,Golden Zephyr,TRUE,5,2026-08-13T19:55:38.000Z,2026-08-13 12:55:38,https://queue-times.com/parks/17/queue_times.json
2026-08-13T20:00:22.983Z,2026-08-13 13:00:22,2026-08-13,America/Los_Angeles,dca,Disney California Adventure,Paradise Gardens Park,319,Goofy's Sky School,TRUE,30,2026-08-13T19:55:38.000Z,2026-08-13 12:55:38,https://queue-times.com/parks/17/queue_times.json
2026-08-13T20:00:22.983Z,2026-08-13 13:00:22,2026-08-13,America/Los_Angeles,dca,Disney California Adventure,Paradise Gardens Park,301,Silly Symphony Swings,FALSE,0,2026-08-13T19:55:38.000Z,2026-08-13 12:55:38,https://queue-times.com/parks/17/queue_times.json
2026-08-13T20:00:22.983Z,2026-08-13 13:00:22,2026-08-13,America/Los_Angeles,dca,Disney California Adventure,Paradise Gardens Park,316,The Little Mermaid - Ariel's Undersea Adventure,TRUE,20,2026-08-13T19:55:38.000Z,2026-08-13 12:55:38,https://queue-times.com/parks/17/queue_times.json
2026-08-13T20:00:22.983Z,2026-08-13 13:00:22,2026-08-13,America/Los_Angeles,dca,Disney California Adventure,Paradise Gardens Park,11528,World of Color – ONE,FALSE,0,2026-08-13T19:55:38.000Z,2026-08-13 12:55:38,https://queue-times.com/parks/17/queue_times.json
2026-08-13T20:00:22.983Z,2026-08-13 13:00:22,2026-08-13,America/Los_Angeles,dca,Disney California Adventure,Paradise Gardens Park,14742,World of Color Happiness!,FALSE,0,2026-08-10T07:05:45.000Z,2026-08-10 00:05:45,https://queue-times.com/parks/17/queue_times.json
2026-08-13T20:00:22.983Z,2026-08-13 13:00:22,2026-08-13,America/Los_Angeles,dca,Disney California Adventure,Pixar Pier,866,Games of Pixar Pier,TRUE,5,2026-08-13T19:55:38.000Z,2026-08-13 12:55:38,https://queue-times.com/parks/17/queue_times.json
2026-08-13T20:00:22.983Z,2026-08-13 13:00:22,2026-08-13,America/Los_Angeles,dca,Disney California Adventure,Pixar Pier,322,Incredicoaster,TRUE,25,2026-08-13T19:55:38.000Z,2026-08-13 12:55:38,https://queue-times.com/parks/17/queue_times.json
2026-08-13T20:00:22.983Z,2026-08-13 13:00:22,2026-08-13,America/Los_Angeles,dca,Disney California Adventure,Pixar Pier,10906,Incredicoaster Single Rider,TRUE,0,2026-08-13T19:55:38.000Z,2026-08-13 12:55:38,https://queue-times.com/parks/17/queue_times.json
2026-08-13T20:00:22.983Z,2026-08-13 13:00:22,2026-08-13,America/Los_Angeles,dca,Disney California Adventure,Pixar Pier,6643,Inside Out Emotional Whirlwind,TRUE,10,2026-08-13T19:55:38.000Z,2026-08-13 12:55:38,https://queue-times.com/parks/17/queue_times.json
2026-08-13T20:00:22.983Z,2026-08-13 13:00:22,2026-08-13,America/Los_Angeles,dca,Disney California Adventure,Pixar Pier,310,Jessie's Critter Carousel,TRUE,5,2026-08-13T19:55:38.000Z,2026-08-13 12:55:38,https://queue-times.com/parks/17/queue_times.json
2026-08-13T20:00:22.983Z,2026-08-13 13:00:22,2026-08-13,America/Los_Angeles,dca,Disney California Adventure,Pixar Pier,300,Jumpin' Jellyfish,TRUE,5,2026-08-13T19:55:38.000Z,2026-08-13 12:55:38,https://queue-times.com/parks/17/queue_times.json
2026-08-13T20:00:22.983Z,2026-08-13 13:00:22,2026-08-13,America/Los_Angeles,dca,Disney California Adventure,Pixar Pier,311,Pixar Pal-A-Round - Swinging,TRUE,15,2026-08-13T19:55:38.000Z,2026-08-13 12:55:38,https://queue-times.com/parks/17/queue_times.json
2026-08-13T20:00:22.983Z,2026-08-13 13:00:22,2026-08-13,America/Los_Angeles,dca,Disney California Adventure,Pixar Pier,5557,Pixar Pal-A-Round – Non-Swinging,TRUE,15,2026-08-13T19:55:38.000Z,2026-08-13 12:55:38,https://queue-times.com/parks/17/queue_times.json
2026-08-13T20:00:22.983Z,2026-08-13 13:00:22,2026-08-13,America/Los_Angeles,dca,Disney California Adventure,Pixar Pier,313,Toy Story Midway Mania!,TRUE,40,2026-08-13T19:55:38.000Z,2026-08-13 12:55:38,https://queue-times.com/parks/17/queue_times.json
2026-08-13T20:15:17.786Z,2026-08-13 13:15:17,2026-08-13,America/Los_Angeles,disneyland,Disneyland,Adventureland,12428,Adventureland Treehouse inspired by Walt Disney’s Swiss Family Robinson,TRUE,0,2026-08-13T20:10:58.000Z,2026-08-13 13:10:58,https://queue-times.com/parks/16/queue_times.json
2026-08-13T20:15:17.786Z,2026-08-13 13:15:17,2026-08-13,America/Los_Angeles,disneyland,Disneyland,Adventureland,326,Indiana Jones™ Adventure,TRUE,40,2026-08-13T20:10:58.000Z,2026-08-13 13:10:58,https://queue-times.com/parks/16/queue_times.json
2026-08-13T20:15:17.786Z,2026-08-13 13:15:17,2026-08-13,America/Los_Angeles,disneyland,Disneyland,Adventureland,296,Jungle Cruise,TRUE,25,2026-08-13T20:10:58.000Z,2026-08-13 13:10:58,https://queue-times.com/parks/16/queue_times.json
2026-08-13T20:15:17.786Z,2026-08-13 13:15:17,2026-08-13,America/Los_Angeles,disneyland,Disneyland,Adventureland,288,Walt Disney's Enchanted Tiki Room,TRUE,0,2026-08-13T20:10:58.000Z,2026-08-13 13:10:58,https://queue-times.com/parks/16/queue_times.json
2026-08-13T20:15:17.786Z,2026-08-13 13:15:17,2026-08-13,America/Los_Angeles,disneyland,Disneyland,Bayou Country,304,Davy Crockett's Explorer Canoes,FALSE,0,2026-08-13T20:10:58.000Z,2026-08-13 13:10:58,https://queue-times.com/parks/16/queue_times.json
2026-08-13T20:15:17.786Z,2026-08-13 13:15:17,2026-08-13,America/Los_Angeles,disneyland,Disneyland,Bayou Country,306,The Many Adventures of Winnie the Pooh,TRUE,15,2026-08-13T20:10:58.000Z,2026-08-13 13:10:58,https://queue-times.com/parks/16/queue_times.json
2026-08-13T20:15:17.786Z,2026-08-13 13:15:17,2026-08-13,America/Los_Angeles,disneyland,Disneyland,Bayou Country,14168,Tiana's Bayou Adventure,TRUE,25,2026-08-13T20:10:58.000Z,2026-08-13 13:10:58,https://queue-times.com/parks/16/queue_times.json
2026-08-13T20:15:17.786Z,2026-08-13 13:15:17,2026-08-13,America/Los_Angeles,disneyland,Disneyland,Bayou Country,14326,Tiana's Bayou Adventure Single Rider,TRUE,0,2026-08-13T20:10:58.000Z,2026-08-13 13:10:58,https://queue-times.com/parks/16/queue_times.json
2026-08-13T20:15:17.786Z,2026-08-13 13:15:17,2026-08-13,America/Los_Angeles,disneyland,Disneyland,Fantasyland,307,"""it's a small world""",TRUE,5,2026-08-13T20:10:58.000Z,2026-08-13 13:10:58,https://queue-times.com/parks/16/queue_times.json
2026-08-13T20:15:17.786Z,2026-08-13 13:15:17,2026-08-13,America/Los_Angeles,disneyland,Disneyland,Fantasyland,285,Alice in Wonderland,TRUE,25,2026-08-13T20:10:58.000Z,2026-08-13 13:10:58,https://queue-times.com/parks/16/queue_times.json
2026-08-13T20:15:17.786Z,2026-08-13 13:15:17,2026-08-13,America/Los_Angeles,disneyland,Disneyland,Fantasyland,16254,Bluey’s Best Day Ever! at Fantasyland Theatre,TRUE,0,2026-08-13T20:10:58.000Z,2026-08-13 13:10:58,https://queue-times.com/parks/16/queue_times.json
2026-08-13T20:15:17.786Z,2026-08-13 13:15:17,2026-08-13,America/Los_Angeles,disneyland,Disneyland,Fantasyland,303,Casey Jr. Circus Train,TRUE,5,2026-08-13T20:10:58.000Z,2026-08-13 13:10:58,https://queue-times.com/parks/16/queue_times.json
2026-08-13T20:15:17.786Z,2026-08-13 13:15:17,2026-08-13,America/Los_Angeles,disneyland,Disneyland,Fantasyland,275,Dumbo the Flying Elephant,TRUE,20,2026-08-13T20:10:58.000Z,2026-08-13 13:10:58,https://queue-times.com/parks/16/queue_times.json
2026-08-13T20:15:17.786Z,2026-08-13 13:15:17,2026-08-13,America/Los_Angeles,disneyland,Disneyland,Fantasyland,277,King Arthur Carrousel,TRUE,5,2026-08-13T20:10:58.000Z,2026-08-13 13:10:58,https://queue-times.com/parks/16/queue_times.json
2026-08-13T20:15:17.786Z,2026-08-13 13:15:17,2026-08-13,America/Los_Angeles,disneyland,Disneyland,Fantasyland,278,Mad Tea Party,TRUE,5,2026-08-13T20:10:58.000Z,2026-08-13 13:10:58,https://queue-times.com/parks/16/queue_times.json
2026-08-13T20:15:17.786Z,2026-08-13 13:15:17,2026-08-13,America/Los_Angeles,disneyland,Disneyland,Fantasyland,279,Matterhorn Bobsleds,FALSE,0,2026-08-13T20:10:58.000Z,2026-08-13 13:10:58,https://queue-times.com/parks/16/queue_times.json
2026-08-13T20:15:17.786Z,2026-08-13 13:15:17,2026-08-13,America/Los_Angeles,disneyland,Disneyland,Fantasyland,6711,Meet Disney Princesses at Royal Hall,TRUE,30,2026-08-13T20:10:58.000Z,2026-08-13 13:10:58,https://queue-times.com/parks/16/queue_times.json
2026-08-13T20:15:17.786Z,2026-08-13 13:15:17,2026-08-13,America/Los_Angeles,disneyland,Disneyland,Fantasyland,280,Mr. Toad's Wild Ride,TRUE,15,2026-08-13T20:10:58.000Z,2026-08-13 13:10:58,https://queue-times.com/parks/16/queue_times.json
2026-08-13T20:15:17.786Z,2026-08-13 13:15:17,2026-08-13,America/Los_Angeles,disneyland,Disneyland,Fantasyland,281,Peter Pan's Flight,TRUE,25,2026-08-13T20:10:58.000Z,2026-08-13 13:10:58,https://queue-times.com/parks/16/queue_times.json
2026-08-13T20:15:17.786Z,2026-08-13 13:15:17,2026-08-13,America/Los_Angeles,disneyland,Disneyland,Fantasyland,282,Pinocchio's Daring Journey,TRUE,5,2026-08-13T20:10:58.000Z,2026-08-13 13:10:58,https://queue-times.com/parks/16/queue_times.json
2026-08-13T20:15:17.786Z,2026-08-13 13:15:17,2026-08-13,America/Los_Angeles,disneyland,Disneyland,Fantasyland,687,Sleeping Beauty Castle Walkthrough,FALSE,0,2026-08-13T20:10:58.000Z,2026-08-13 13:10:58,https://queue-times.com/parks/16/queue_times.json
2026-08-13T20:15:17.786Z,2026-08-13 13:15:17,2026-08-13,America/Los_Angeles,disneyland,Disneyland,Fantasyland,283,Snow White's Enchanted Wish,TRUE,5,2026-08-13T20:10:58.000Z,2026-08-13 13:10:58,https://queue-times.com/parks/16/queue_times.json
2026-08-13T20:15:17.786Z,2026-08-13 13:15:17,2026-08-13,America/Los_Angeles,disneyland,Disneyland,Fantasyland,305,Storybook Land Canal Boats,TRUE,5,2026-08-13T20:10:58.000Z,2026-08-13 13:10:58,https://queue-times.com/parks/16/queue_times.json
2026-08-13T20:15:17.786Z,2026-08-13 13:15:17,2026-08-13,America/Los_Angeles,disneyland,Disneyland,Frontierland,323,Big Thunder Mountain Railroad,TRUE,35,2026-08-13T20:10:58.000Z,2026-08-13 13:10:58,https://queue-times.com/parks/16/queue_times.json
2026-08-13T20:15:17.786Z,2026-08-13 13:15:17,2026-08-13,America/Los_Angeles,disneyland,Disneyland,Frontierland,679,Frontierland Shootin' Exposition,FALSE,0,2026-08-13T20:10:58.000Z,2026-08-13 13:10:58,https://queue-times.com/parks/16/queue_times.json
2026-08-13T20:15:17.786Z,2026-08-13 13:15:17,2026-08-13,America/Los_Angeles,disneyland,Disneyland,Frontierland,456,Mark Twain Riverboat,TRUE,10,2026-08-13T20:10:58.000Z,2026-08-13 13:10:58,https://queue-times.com/parks/16/queue_times.json
2026-08-13T20:15:17.786Z,2026-08-13 13:15:17,2026-08-13,America/Los_Angeles,disneyland,Disneyland,Frontierland,331,Pirate's Lair on Tom Sawyer Island,TRUE,5,2026-08-13T20:10:58.000Z,2026-08-13 13:10:58,https://queue-times.com/parks/16/queue_times.json
2026-08-13T20:15:17.786Z,2026-08-13 13:15:17,2026-08-13,America/Los_Angeles,disneyland,Disneyland,Frontierland,328,Sailing Ship Columbia,FALSE,0,2026-08-13T20:10:58.000Z,2026-08-13 13:10:58,https://queue-times.com/parks/16/queue_times.json
2026-08-13T20:15:17.786Z,2026-08-13 13:15:17,2026-08-13,America/Los_Angeles,disneyland,Disneyland,Main Street U.S.A,674,Disneyland Railroad,TRUE,5,2026-08-13T20:10:58.000Z,2026-08-13 13:10:58,https://queue-times.com/parks/16/queue_times.json
2026-08-13T20:15:17.786Z,2026-08-13 13:15:17,2026-08-13,America/Los_Angeles,disneyland,Disneyland,Main Street U.S.A,690,Great Moments with Mr. Lincoln,TRUE,0,2026-08-13T20:10:58.000Z,2026-08-13 13:10:58,https://queue-times.com/parks/16/queue_times.json
2026-08-13T20:15:17.786Z,2026-08-13 13:15:17,2026-08-13,America/Los_Angeles,disneyland,Disneyland,Main Street U.S.A,686,Main Street Cinema,FALSE,0,2026-08-13T20:10:58.000Z,2026-08-13 13:10:58,https://queue-times.com/parks/16/queue_times.json
2026-08-13T20:15:17.786Z,2026-08-13 13:15:17,2026-08-13,America/Los_Angeles,disneyland,Disneyland,Main Street U.S.A,691,Main Street Vehicles,TRUE,0,2026-08-13T20:10:58.000Z,2026-08-13 13:10:58,https://queue-times.com/parks/16/queue_times.json
2026-08-13T20:15:17.786Z,2026-08-13 13:15:17,2026-08-13,America/Los_Angeles,disneyland,Disneyland,Main Street U.S.A,14915,Opera House - Walt Disney - A Magical Life,TRUE,0,2026-08-13T20:10:58.000Z,2026-08-13 13:10:58,https://queue-times.com/parks/16/queue_times.json
2026-08-13T20:15:17.786Z,2026-08-13 13:15:17,2026-08-13,America/Los_Angeles,disneyland,Disneyland,Main Street U.S.A,695,The Disney Gallery,TRUE,0,2026-08-13T20:10:58.000Z,2026-08-13 13:10:58,https://queue-times.com/parks/16/queue_times.json
2026-08-13T20:15:17.786Z,2026-08-13 13:15:17,2026-08-13,America/Los_Angeles,disneyland,Disneyland,Main Street U.S.A,14923,Walt Disney - A Magical Life,FALSE,0,2026-08-13T20:10:58.000Z,2026-08-13 13:10:58,https://queue-times.com/parks/16/queue_times.json
2026-08-13T20:15:17.786Z,2026-08-13 13:15:17,2026-08-13,America/Los_Angeles,disneyland,Disneyland,Mickey's Toontown,324,Chip 'n' Dale's GADGETcoaster,TRUE,20,2026-08-13T20:10:58.000Z,2026-08-13 13:10:58,https://queue-times.com/parks/16/queue_times.json
2026-08-13T20:15:17.786Z,2026-08-13 13:15:17,2026-08-13,America/Los_Angeles,disneyland,Disneyland,Mickey's Toontown,13814,Donald's Duck Pond,TRUE,0,2026-08-13T20:10:58.000Z,2026-08-13 13:10:58,https://queue-times.com/parks/16/queue_times.json
2026-08-13T20:15:17.786Z,2026-08-13 13:15:17,2026-08-13,America/Los_Angeles,disneyland,Disneyland,Mickey's Toontown,11980,Goofy's How-to-Play Yard,TRUE,0,2026-08-13T20:10:58.000Z,2026-08-13 13:10:58,https://queue-times.com/parks/16/queue_times.json
2026-08-13T20:15:17.786Z,2026-08-13 13:15:17,2026-08-13,America/Los_Angeles,disneyland,Disneyland,Mickey's Toontown,11526,Mickey & Minnie's Runaway Railway,TRUE,35,2026-08-13T20:10:58.000Z,2026-08-13 13:10:58,https://queue-times.com/parks/16/queue_times.json
2026-08-13T20:15:17.786Z,2026-08-13 13:15:17,2026-08-13,America/Los_Angeles,disneyland,Disneyland,Mickey's Toontown,709,Mickey's House and Meet Mickey Mouse,TRUE,20,2026-08-13T20:10:58.000Z,2026-08-13 13:10:58,https://queue-times.com/parks/16/queue_times.json
2026-08-13T20:15:17.786Z,2026-08-13 13:15:17,2026-08-13,America/Los_Angeles,disneyland,Disneyland,Mickey's Toontown,327,Mickey's House and Meet Mickey Mouse,FALSE,0,2026-08-13T20:10:58.000Z,2026-08-13 13:10:58,https://queue-times.com/parks/16/queue_times.json
2026-08-13T20:15:17.786Z,2026-08-13 13:15:17,2026-08-13,America/Los_Angeles,disneyland,Disneyland,Mickey's Toontown,684,Minnie's House,TRUE,0,2026-08-13T20:10:58.000Z,2026-08-13 13:10:58,https://queue-times.com/parks/16/queue_times.json
2026-08-13T20:15:17.786Z,2026-08-13 13:15:17,2026-08-13,America/Los_Angeles,disneyland,Disneyland,Mickey's Toontown,332,Roger Rabbit's Car Toon Spin,TRUE,35,2026-08-13T20:10:58.000Z,2026-08-13 13:10:58,https://queue-times.com/parks/16/queue_times.json
2026-08-13T20:15:17.786Z,2026-08-13 13:15:17,2026-08-13,America/Los_Angeles,disneyland,Disneyland,New Orleans Square,13958,Haunted Mansion,FALSE,0,2026-08-13T20:10:58.000Z,2026-08-13 13:10:58,https://queue-times.com/parks/16/queue_times.json
2026-08-13T20:15:17.786Z,2026-08-13 13:15:17,2026-08-13,America/Los_Angeles,disneyland,Disneyland,New Orleans Square,289,Pirates of the Caribbean,TRUE,20,2026-08-13T20:10:58.000Z,2026-08-13 13:10:58,https://queue-times.com/parks/16/queue_times.json
2026-08-13T20:15:17.786Z,2026-08-13 13:15:17,2026-08-13,America/Los_Angeles,disneyland,Disneyland,Star Wars: Galaxy's Edge,6339,Millennium Falcon: Smugglers Run,TRUE,20,2026-08-13T20:10:58.000Z,2026-08-13 13:10:58,https://queue-times.com/parks/16/queue_times.json
2026-08-13T20:15:17.786Z,2026-08-13 13:15:17,2026-08-13,America/Los_Angeles,disneyland,Disneyland,Star Wars: Galaxy's Edge,10903,Millennium Falcon: Smugglers Run Single Rider,TRUE,0,2026-08-13T20:10:58.000Z,2026-08-13 13:10:58,https://queue-times.com/parks/16/queue_times.json
2026-08-13T20:15:17.786Z,2026-08-13 13:15:17,2026-08-13,America/Los_Angeles,disneyland,Disneyland,Star Wars: Galaxy's Edge,6340,Star Wars: Rise of the Resistance,TRUE,50,2026-08-13T20:10:58.000Z,2026-08-13 13:10:58,https://queue-times.com/parks/16/queue_times.json
2026-08-13T20:15:17.786Z,2026-08-13 13:15:17,2026-08-13,America/Los_Angeles,disneyland,Disneyland,Tomorrowland,287,Astro Orbitor,TRUE,15,2026-08-13T20:10:58.000Z,2026-08-13 13:10:58,https://queue-times.com/parks/16/queue_times.json
2026-08-13T20:15:17.786Z,2026-08-13 13:15:17,2026-08-13,America/Los_Angeles,disneyland,Disneyland,Tomorrowland,317,Autopia,TRUE,15,2026-08-13T20:10:58.000Z,2026-08-13 13:10:58,https://queue-times.com/parks/16/queue_times.json
2026-08-13T20:15:17.786Z,2026-08-13 13:15:17,2026-08-13,America/Los_Angeles,disneyland,Disneyland,Tomorrowland,273,Buzz Lightyear Astro Blasters,TRUE,15,2026-08-13T20:10:58.000Z,2026-08-13 13:10:58,https://queue-times.com/parks/16/queue_times.json
2026-08-13T20:15:17.786Z,2026-08-13 13:15:17,2026-08-13,America/Los_Angeles,disneyland,Disneyland,Tomorrowland,274,Disneyland Monorail,TRUE,5,2026-08-13T20:10:58.000Z,2026-08-13 13:10:58,https://queue-times.com/parks/16/queue_times.json
2026-08-13T20:15:17.786Z,2026-08-13 13:15:17,2026-08-13,America/Los_Angeles,disneyland,Disneyland,Tomorrowland,276,Finding Nemo Submarine Voyage,TRUE,15,2026-08-13T20:10:58.000Z,2026-08-13 13:10:58,https://queue-times.com/parks/16/queue_times.json
2026-08-13T20:15:17.786Z,2026-08-13 13:15:17,2026-08-13,America/Los_Angeles,disneyland,Disneyland,Tomorrowland,16627,Pixar Short Film Spotlight,FALSE,0,2026-08-13T20:10:58.000Z,2026-08-13 13:10:58,https://queue-times.com/parks/16/queue_times.json
2026-08-13T20:15:17.786Z,2026-08-13 13:15:17,2026-08-13,America/Los_Angeles,disneyland,Disneyland,Tomorrowland,284,Space Mountain,FALSE,0,2026-08-13T20:10:58.000Z,2026-08-13 13:10:58,https://queue-times.com/parks/16/queue_times.json
2026-08-13T20:15:17.786Z,2026-08-13 13:15:17,2026-08-13,America/Los_Angeles,disneyland,Disneyland,Tomorrowland,286,Star Tours - The Adventures Continue,TRUE,20,2026-08-13T20:10:58.000Z,2026-08-13 13:10:58,https://queue-times.com/parks/16/queue_times.json
2026-08-13T20:15:17.786Z,2026-08-13 13:15:17,2026-08-13,America/Los_Angeles,dca,Disney California Adventure,Avengers Campus,329,Guardians of the Galaxy - Mission: BREAKOUT!,TRUE,45,2026-08-13T20:11:08.000Z,2026-08-13 13:11:08,https://queue-times.com/parks/17/queue_times.json
2026-08-13T20:15:17.786Z,2026-08-13 13:15:17,2026-08-13,America/Los_Angeles,dca,Disney California Adventure,Avengers Campus,8843,WEB SLINGERS: A Spider-Man Adventure,TRUE,40,2026-08-13T20:11:08.000Z,2026-08-13 13:11:08,https://queue-times.com/parks/17/queue_times.json
2026-08-13T20:15:17.786Z,2026-08-13 13:15:17,2026-08-13,America/Los_Angeles,dca,Disney California Adventure,Avengers Campus,10907,WEB SLINGERS: A Spider-Man Adventure Single Rider,TRUE,0,2026-08-13T20:11:08.000Z,2026-08-13 13:11:08,https://queue-times.com/parks/17/queue_times.json
2026-08-13T20:15:17.786Z,2026-08-13 13:15:17,2026-08-13,America/Los_Angeles,dca,Disney California Adventure,Cars Land,13961,Luigi's Rollickin' Roadsters,TRUE,5,2026-08-13T20:11:08.000Z,2026-08-13 13:11:08,https://queue-times.com/parks/17/queue_times.json
2026-08-13T20:15:17.786Z,2026-08-13 13:15:17,2026-08-13,America/Los_Angeles,dca,Disney California Adventure,Cars Land,315,Mater's Junkyard Jamboree,TRUE,5,2026-08-13T20:11:08.000Z,2026-08-13 13:11:08,https://queue-times.com/parks/17/queue_times.json
2026-08-13T20:15:17.786Z,2026-08-13 13:15:17,2026-08-13,America/Los_Angeles,dca,Disney California Adventure,Cars Land,295,Radiator Springs Racers,TRUE,65,2026-08-13T20:11:08.000Z,2026-08-13 13:11:08,https://queue-times.com/parks/17/queue_times.json
2026-08-13T20:15:17.786Z,2026-08-13 13:15:17,2026-08-13,America/Los_Angeles,dca,Disney California Adventure,Cars Land,10904,Radiator Springs Racers Single Rider,TRUE,0,2026-08-13T20:11:08.000Z,2026-08-13 13:11:08,https://queue-times.com/parks/17/queue_times.json
2026-08-13T20:15:17.786Z,2026-08-13 13:15:17,2026-08-13,America/Los_Angeles,dca,Disney California Adventure,Grizzly Peak,302,Grizzly River Run,TRUE,25,2026-08-13T20:11:08.000Z,2026-08-13 13:11:08,https://queue-times.com/parks/17/queue_times.json
2026-08-13T20:15:17.786Z,2026-08-13 13:15:17,2026-08-13,America/Los_Angeles,dca,Disney California Adventure,Grizzly Peak,293,Redwood Creek Challenge Trail,TRUE,5,2026-08-13T20:11:08.000Z,2026-08-13 13:11:08,https://queue-times.com/parks/17/queue_times.json
2026-08-13T20:15:17.786Z,2026-08-13 13:15:17,2026-08-13,America/Los_Angeles,dca,Disney California Adventure,Grizzly Peak,17129,Soarin’ Across America,TRUE,35,2026-08-13T20:11:08.000Z,2026-08-13 13:11:08,https://queue-times.com/parks/17/queue_times.json
2026-08-13T20:15:17.786Z,2026-08-13 13:15:17,2026-08-13,America/Los_Angeles,dca,Disney California Adventure,Hollywood Land,321,Animation Academy,TRUE,0,2026-08-13T20:11:08.000Z,2026-08-13 13:11:08,https://queue-times.com/parks/17/queue_times.json
2026-08-13T20:15:17.786Z,2026-08-13 13:15:17,2026-08-13,America/Los_Angeles,dca,Disney California Adventure,Hollywood Land,6440,Mickey's PhilharMagic,TRUE,10,2026-08-13T20:11:08.000Z,2026-08-13 13:11:08,https://queue-times.com/parks/17/queue_times.json
2026-08-13T20:15:17.786Z,2026-08-13 13:15:17,2026-08-13,America/Los_Angeles,dca,Disney California Adventure,Hollywood Land,291,"Monsters, Inc. Mike & Sulley to the Rescue!",TRUE,45,2026-08-13T20:11:08.000Z,2026-08-13 13:11:08,https://queue-times.com/parks/17/queue_times.json
2026-08-13T20:15:17.786Z,2026-08-13 13:15:17,2026-08-13,America/Los_Angeles,dca,Disney California Adventure,Hollywood Land,868,Sorcerer's Workshop,TRUE,0,2026-08-13T20:11:08.000Z,2026-08-13 13:11:08,https://queue-times.com/parks/17/queue_times.json
2026-08-13T20:15:17.786Z,2026-08-13 13:15:17,2026-08-13,America/Los_Angeles,dca,Disney California Adventure,Hollywood Land,294,Turtle Talk with Crush,TRUE,0,2026-08-13T20:11:08.000Z,2026-08-13 13:11:08,https://queue-times.com/parks/17/queue_times.json
2026-08-13T20:15:17.786Z,2026-08-13 13:15:17,2026-08-13,America/Los_Angeles,dca,Disney California Adventure,Pacific Wharf,869,The Bakery Tour,TRUE,0,2026-08-13T20:11:08.000Z,2026-08-13 13:11:08,https://queue-times.com/parks/17/queue_times.json
2026-08-13T20:15:17.786Z,2026-08-13 13:15:17,2026-08-13,America/Los_Angeles,dca,Disney California Adventure,Paradise Gardens Park,298,Golden Zephyr,TRUE,5,2026-08-13T20:11:08.000Z,2026-08-13 13:11:08,https://queue-times.com/parks/17/queue_times.json
2026-08-13T20:15:17.786Z,2026-08-13 13:15:17,2026-08-13,America/Los_Angeles,dca,Disney California Adventure,Paradise Gardens Park,319,Goofy's Sky School,TRUE,30,2026-08-13T20:11:08.000Z,2026-08-13 13:11:08,https://queue-times.com/parks/17/queue_times.json
2026-08-13T20:15:17.786Z,2026-08-13 13:15:17,2026-08-13,America/Los_Angeles,dca,Disney California Adventure,Paradise Gardens Park,301,Silly Symphony Swings,FALSE,0,2026-08-13T20:11:08.000Z,2026-08-13 13:11:08,https://queue-times.com/parks/17/queue_times.json
2026-08-13T20:15:17.786Z,2026-08-13 13:15:17,2026-08-13,America/Los_Angeles,dca,Disney California Adventure,Paradise Gardens Park,316,The Little Mermaid - Ariel's Undersea Adventure,TRUE,10,2026-08-13T20:11:08.000Z,2026-08-13 13:11:08,https://queue-times.com/parks/17/queue_times.json
2026-08-13T20:15:17.786Z,2026-08-13 13:15:17,2026-08-13,America/Los_Angeles,dca,Disney California Adventure,Paradise Gardens Park,11528,World of Color – ONE,FALSE,0,2026-08-13T20:11:08.000Z,2026-08-13 13:11:08,https://queue-times.com/parks/17/queue_times.json
2026-08-13T20:15:17.786Z,2026-08-13 13:15:17,2026-08-13,America/Los_Angeles,dca,Disney California Adventure,Paradise Gardens Park,14742,World of Color Happiness!,FALSE,0,2026-08-10T07:05:45.000Z,2026-08-10 00:05:45,https://queue-times.com/parks/17/queue_times.json
2026-08-13T20:15:17.786Z,2026-08-13 13:15:17,2026-08-13,America/Los_Angeles,dca,Disney California Adventure,Pixar Pier,866,Games of Pixar Pier,TRUE,5,2026-08-13T20:11:08.000Z,2026-08-13 13:11:08,https://queue-times.com/parks/17/queue_times.json
2026-08-13T20:15:17.786Z,2026-08-13 13:15:17,2026-08-13,America/Los_Angeles,dca,Disney California Adventure,Pixar Pier,322,Incredicoaster,TRUE,10,2026-08-13T20:11:08.000Z,2026-08-13 13:11:08,https://queue-times.com/parks/17/queue_times.json
2026-08-13T20:15:17.786Z,2026-08-13 13:15:17,2026-08-13,America/Los_Angeles,dca,Disney California Adventure,Pixar Pier,10906,Incredicoaster Single Rider,TRUE,0,2026-08-13T20:11:08.000Z,2026-08-13 13:11:08,https://queue-times.com/parks/17/queue_times.json
2026-08-13T20:15:17.786Z,2026-08-13 13:15:17,2026-08-13,America/Los_Angeles,dca,Disney California Adventure,Pixar Pier,6643,Inside Out Emotional Whirlwind,TRUE,10,2026-08-13T20:11:08.000Z,2026-08-13 13:11:08,https://queue-times.com/parks/17/queue_times.json
2026-08-13T20:15:17.786Z,2026-08-13 13:15:17,2026-08-13,America/Los_Angeles,dca,Disney California Adventure,Pixar Pier,310,Jessie's Critter Carousel,TRUE,5,2026-08-13T20:11:08.000Z,2026-08-13 13:11:08,https://queue-times.com/parks/17/queue_times.json
2026-08-13T20:15:17.786Z,2026-08-13 13:15:17,2026-08-13,America/Los_Angeles,dca,Disney California Adventure,Pixar Pier,300,Jumpin' Jellyfish,TRUE,5,2026-08-13T20:11:08.000Z,2026-08-13 13:11:08,https://queue-times.com/parks/17/queue_times.json
2026-08-13T20:15:17.786Z,2026-08-13 13:15:17,2026-08-13,America/Los_Angeles,dca,Disney California Adventure,Pixar Pier,311,Pixar Pal-A-Round - Swinging,TRUE,25,2026-08-13T20:11:08.000Z,2026-08-13 13:11:08,https://queue-times.com/parks/17/queue_times.json
2026-08-13T20:15:17.786Z,2026-08-13 13:15:17,2026-08-13,America/Los_Angeles,dca,Disney California Adventure,Pixar Pier,5557,Pixar Pal-A-Round – Non-Swinging,TRUE,15,2026-08-13T20:11:08.000Z,2026-08-13 13:11:08,https://queue-times.com/parks/17/queue_times.json
2026-08-13T20:15:17.786Z,2026-08-13 13:15:17,2026-08-13,America/Los_Angeles,dca,Disney California Adventure,Pixar Pier,313,Toy Story Midway Mania!,TRUE,50,2026-08-13T20:11:08.000Z,2026-08-13 13:11:08,https://queue-times.com/parks/17/queue_times.json
2026-08-13T20:25:19.566Z,2026-08-13 13:25:19,2026-08-13,America/Los_Angeles,disneyland,Disneyland,Adventureland,12428,Adventureland Treehouse inspired by Walt Disney’s Swiss Family Robinson,TRUE,0,2026-08-13T20:20:49.000Z,2026-08-13 13:20:49,https://queue-times.com/parks/16/queue_times.json
2026-08-13T20:25:19.566Z,2026-08-13 13:25:19,2026-08-13,America/Los_Angeles,disneyland,Disneyland,Adventureland,326,Indiana Jones™ Adventure,TRUE,30,2026-08-13T20:20:49.000Z,2026-08-13 13:20:49,https://queue-times.com/parks/16/queue_times.json
2026-08-13T20:25:19.566Z,2026-08-13 13:25:19,2026-08-13,America/Los_Angeles,disneyland,Disneyland,Adventureland,296,Jungle Cruise,TRUE,15,2026-08-13T20:20:49.000Z,2026-08-13 13:20:49,https://queue-times.com/parks/16/queue_times.json
2026-08-13T20:25:19.566Z,2026-08-13 13:25:19,2026-08-13,America/Los_Angeles,disneyland,Disneyland,Adventureland,288,Walt Disney's Enchanted Tiki Room,TRUE,0,2026-08-13T20:20:49.000Z,2026-08-13 13:20:49,https://queue-times.com/parks/16/queue_times.json
2026-08-13T20:25:19.566Z,2026-08-13 13:25:19,2026-08-13,America/Los_Angeles,disneyland,Disneyland,Bayou Country,304,Davy Crockett's Explorer Canoes,FALSE,0,2026-08-13T20:20:49.000Z,2026-08-13 13:20:49,https://queue-times.com/parks/16/queue_times.json
2026-08-13T20:25:19.566Z,2026-08-13 13:25:19,2026-08-13,America/Los_Angeles,disneyland,Disneyland,Bayou Country,306,The Many Adventures of Winnie the Pooh,TRUE,15,2026-08-13T20:20:49.000Z,2026-08-13 13:20:49,https://queue-times.com/parks/16/queue_times.json
2026-08-13T20:25:19.566Z,2026-08-13 13:25:19,2026-08-13,America/Los_Angeles,disneyland,Disneyland,Bayou Country,14168,Tiana's Bayou Adventure,TRUE,45,2026-08-13T20:20:49.000Z,2026-08-13 13:20:49,https://queue-times.com/parks/16/queue_times.json
2026-08-13T20:25:19.566Z,2026-08-13 13:25:19,2026-08-13,America/Los_Angeles,disneyland,Disneyland,Bayou Country,14326,Tiana's Bayou Adventure Single Rider,TRUE,0,2026-08-13T20:20:49.000Z,2026-08-13 13:20:49,https://queue-times.com/parks/16/queue_times.json
2026-08-13T20:25:19.566Z,2026-08-13 13:25:19,2026-08-13,America/Los_Angeles,disneyland,Disneyland,Fantasyland,307,"""it's a small world""",TRUE,5,2026-08-13T20:20:49.000Z,2026-08-13 13:20:49,https://queue-times.com/parks/16/queue_times.json
2026-08-13T20:25:19.566Z,2026-08-13 13:25:19,2026-08-13,America/Los_Angeles,disneyland,Disneyland,Fantasyland,285,Alice in Wonderland,TRUE,25,2026-08-13T20:20:49.000Z,2026-08-13 13:20:49,https://queue-times.com/parks/16/queue_times.json
2026-08-13T20:25:19.566Z,2026-08-13 13:25:19,2026-08-13,America/Los_Angeles,disneyland,Disneyland,Fantasyland,16254,Bluey’s Best Day Ever! at Fantasyland Theatre,TRUE,0,2026-08-13T20:20:49.000Z,2026-08-13 13:20:49,https://queue-times.com/parks/16/queue_times.json
2026-08-13T20:25:19.566Z,2026-08-13 13:25:19,2026-08-13,America/Los_Angeles,disneyland,Disneyland,Fantasyland,303,Casey Jr. Circus Train,TRUE,5,2026-08-13T20:20:49.000Z,2026-08-13 13:20:49,https://queue-times.com/parks/16/queue_times.json
2026-08-13T20:25:19.566Z,2026-08-13 13:25:19,2026-08-13,America/Los_Angeles,disneyland,Disneyland,Fantasyland,275,Dumbo the Flying Elephant,TRUE,20,2026-08-13T20:20:49.000Z,2026-08-13 13:20:49,https://queue-times.com/parks/16/queue_times.json
2026-08-13T20:25:19.566Z,2026-08-13 13:25:19,2026-08-13,America/Los_Angeles,disneyland,Disneyland,Fantasyland,277,King Arthur Carrousel,TRUE,5,2026-08-13T20:20:49.000Z,2026-08-13 13:20:49,https://queue-times.com/parks/16/queue_times.json
2026-08-13T20:25:19.566Z,2026-08-13 13:25:19,2026-08-13,America/Los_Angeles,disneyland,Disneyland,Fantasyland,278,Mad Tea Party,TRUE,5,2026-08-13T20:20:49.000Z,2026-08-13 13:20:49,https://queue-times.com/parks/16/queue_times.json
2026-08-13T20:25:19.566Z,2026-08-13 13:25:19,2026-08-13,America/Los_Angeles,disneyland,Disneyland,Fantasyland,279,Matterhorn Bobsleds,FALSE,0,2026-08-13T20:20:49.000Z,2026-08-13 13:20:49,https://queue-times.com/parks/16/queue_times.json
2026-08-13T20:25:19.566Z,2026-08-13 13:25:19,2026-08-13,America/Los_Angeles,disneyland,Disneyland,Fantasyland,6711,Meet Disney Princesses at Royal Hall,TRUE,30,2026-08-13T20:20:49.000Z,2026-08-13 13:20:49,https://queue-times.com/parks/16/queue_times.json
2026-08-13T20:25:19.566Z,2026-08-13 13:25:19,2026-08-13,America/Los_Angeles,disneyland,Disneyland,Fantasyland,280,Mr. Toad's Wild Ride,TRUE,10,2026-08-13T20:20:49.000Z,2026-08-13 13:20:49,https://queue-times.com/parks/16/queue_times.json
2026-08-13T20:25:19.566Z,2026-08-13 13:25:19,2026-08-13,America/Los_Angeles,disneyland,Disneyland,Fantasyland,281,Peter Pan's Flight,TRUE,25,2026-08-13T20:20:49.000Z,2026-08-13 13:20:49,https://queue-times.com/parks/16/queue_times.json
2026-08-13T20:25:19.566Z,2026-08-13 13:25:19,2026-08-13,America/Los_Angeles,disneyland,Disneyland,Fantasyland,282,Pinocchio's Daring Journey,TRUE,5,2026-08-13T20:20:49.000Z,2026-08-13 13:20:49,https://queue-times.com/parks/16/queue_times.json
2026-08-13T20:25:19.566Z,2026-08-13 13:25:19,2026-08-13,America/Los_Angeles,disneyland,Disneyland,Fantasyland,687,Sleeping Beauty Castle Walkthrough,FALSE,0,2026-08-13T20:20:49.000Z,2026-08-13 13:20:49,https://queue-times.com/parks/16/queue_times.json
2026-08-13T20:25:19.566Z,2026-08-13 13:25:19,2026-08-13,America/Los_Angeles,disneyland,Disneyland,Fantasyland,283,Snow White's Enchanted Wish,TRUE,5,2026-08-13T20:20:49.000Z,2026-08-13 13:20:49,https://queue-times.com/parks/16/queue_times.json
2026-08-13T20:25:19.566Z,2026-08-13 13:25:19,2026-08-13,America/Los_Angeles,disneyland,Disneyland,Fantasyland,305,Storybook Land Canal Boats,TRUE,5,2026-08-13T20:20:49.000Z,2026-08-13 13:20:49,https://queue-times.com/parks/16/queue_times.json
2026-08-13T20:25:19.566Z,2026-08-13 13:25:19,2026-08-13,America/Los_Angeles,disneyland,Disneyland,Frontierland,323,Big Thunder Mountain Railroad,TRUE,35,2026-08-13T20:20:49.000Z,2026-08-13 13:20:49,https://queue-times.com/parks/16/queue_times.json
2026-08-13T20:25:19.566Z,2026-08-13 13:25:19,2026-08-13,America/Los_Angeles,disneyland,Disneyland,Frontierland,679,Frontierland Shootin' Exposition,FALSE,0,2026-08-13T20:20:49.000Z,2026-08-13 13:20:49,https://queue-times.com/parks/16/queue_times.json
2026-08-13T20:25:19.566Z,2026-08-13 13:25:19,2026-08-13,America/Los_Angeles,disneyland,Disneyland,Frontierland,456,Mark Twain Riverboat,TRUE,10,2026-08-13T20:20:49.000Z,2026-08-13 13:20:49,https://queue-times.com/parks/16/queue_times.json
2026-08-13T20:25:19.566Z,2026-08-13 13:25:19,2026-08-13,America/Los_Angeles,disneyland,Disneyland,Frontierland,331,Pirate's Lair on Tom Sawyer Island,TRUE,5,2026-08-13T20:20:49.000Z,2026-08-13 13:20:49,https://queue-times.com/parks/16/queue_times.json
2026-08-13T20:25:19.566Z,2026-08-13 13:25:19,2026-08-13,America/Los_Angeles,disneyland,Disneyland,Frontierland,328,Sailing Ship Columbia,FALSE,0,2026-08-13T20:20:49.000Z,2026-08-13 13:20:49,https://queue-times.com/parks/16/queue_times.json
2026-08-13T20:25:19.566Z,2026-08-13 13:25:19,2026-08-13,America/Los_Angeles,disneyland,Disneyland,Main Street U.S.A,674,Disneyland Railroad,TRUE,5,2026-08-13T20:20:49.000Z,2026-08-13 13:20:49,https://queue-times.com/parks/16/queue_times.json
2026-08-13T20:25:19.566Z,2026-08-13 13:25:19,2026-08-13,America/Los_Angeles,disneyland,Disneyland,Main Street U.S.A,690,Great Moments with Mr. Lincoln,TRUE,0,2026-08-13T20:20:49.000Z,2026-08-13 13:20:49,https://queue-times.com/parks/16/queue_times.json
2026-08-13T20:25:19.566Z,2026-08-13 13:25:19,2026-08-13,America/Los_Angeles,disneyland,Disneyland,Main Street U.S.A,686,Main Street Cinema,FALSE,0,2026-08-13T20:20:49.000Z,2026-08-13 13:20:49,https://queue-times.com/parks/16/queue_times.json
2026-08-13T20:25:19.566Z,2026-08-13 13:25:19,2026-08-13,America/Los_Angeles,disneyland,Disneyland,Main Street U.S.A,691,Main Street Vehicles,TRUE,0,2026-08-13T20:20:49.000Z,2026-08-13 13:20:49,https://queue-times.com/parks/16/queue_times.json
2026-08-13T20:25:19.566Z,2026-08-13 13:25:19,2026-08-13,America/Los_Angeles,disneyland,Disneyland,Main Street U.S.A,14915,Opera House - Walt Disney - A Magical Life,TRUE,0,2026-08-13T20:20:49.000Z,2026-08-13 13:20:49,https://queue-times.com/parks/16/queue_times.json
2026-08-13T20:25:19.566Z,2026-08-13 13:25:19,2026-08-13,America/Los_Angeles,disneyland,Disneyland,Main Street U.S.A,695,The Disney Gallery,TRUE,0,2026-08-13T20:20:49.000Z,2026-08-13 13:20:49,https://queue-times.com/parks/16/queue_times.json
2026-08-13T20:25:19.566Z,2026-08-13 13:25:19,2026-08-13,America/Los_Angeles,disneyland,Disneyland,Main Street U.S.A,14923,Walt Disney - A Magical Life,FALSE,0,2026-08-13T20:20:49.000Z,2026-08-13 13:20:49,https://queue-times.com/parks/16/queue_times.json
2026-08-13T20:25:19.566Z,2026-08-13 13:25:19,2026-08-13,America/Los_Angeles,disneyland,Disneyland,Mickey's Toontown,324,Chip 'n' Dale's GADGETcoaster,TRUE,20,2026-08-13T20:20:49.000Z,2026-08-13 13:20:49,https://queue-times.com/parks/16/queue_times.json
2026-08-13T20:25:19.566Z,2026-08-13 13:25:19,2026-08-13,America/Los_Angeles,disneyland,Disneyland,Mickey's Toontown,13814,Donald's Duck Pond,TRUE,0,2026-08-13T20:20:49.000Z,2026-08-13 13:20:49,https://queue-times.com/parks/16/queue_times.json
2026-08-13T20:25:19.566Z,2026-08-13 13:25:19,2026-08-13,America/Los_Angeles,disneyland,Disneyland,Mickey's Toontown,11980,Goofy's How-to-Play Yard,TRUE,0,2026-08-13T20:20:49.000Z,2026-08-13 13:20:49,https://queue-times.com/parks/16/queue_times.json
2026-08-13T20:25:19.566Z,2026-08-13 13:25:19,2026-08-13,America/Los_Angeles,disneyland,Disneyland,Mickey's Toontown,11526,Mickey & Minnie's Runaway Railway,TRUE,20,2026-08-13T20:20:49.000Z,2026-08-13 13:20:49,https://queue-times.com/parks/16/queue_times.json
2026-08-13T20:25:19.566Z,2026-08-13 13:25:19,2026-08-13,America/Los_Angeles,disneyland,Disneyland,Mickey's Toontown,709,Mickey's House and Meet Mickey Mouse,TRUE,5,2026-08-13T20:20:49.000Z,2026-08-13 13:20:49,https://queue-times.com/parks/16/queue_times.json
2026-08-13T20:25:19.566Z,2026-08-13 13:25:19,2026-08-13,America/Los_Angeles,disneyland,Disneyland,Mickey's Toontown,327,Mickey's House and Meet Mickey Mouse,FALSE,0,2026-08-13T20:20:49.000Z,2026-08-13 13:20:49,https://queue-times.com/parks/16/queue_times.json
2026-08-13T20:25:19.566Z,2026-08-13 13:25:19,2026-08-13,America/Los_Angeles,disneyland,Disneyland,Mickey's Toontown,684,Minnie's House,TRUE,0,2026-08-13T20:20:49.000Z,2026-08-13 13:20:49,https://queue-times.com/parks/16/queue_times.json
2026-08-13T20:25:19.566Z,2026-08-13 13:25:19,2026-08-13,America/Los_Angeles,disneyland,Disneyland,Mickey's Toontown,332,Roger Rabbit's Car Toon Spin,TRUE,35,2026-08-13T20:20:49.000Z,2026-08-13 13:20:49,https://queue-times.com/parks/16/queue_times.json
2026-08-13T20:25:19.566Z,2026-08-13 13:25:19,2026-08-13,America/Los_Angeles,disneyland,Disneyland,New Orleans Square,13958,Haunted Mansion,FALSE,0,2026-08-13T20:20:49.000Z,2026-08-13 13:20:49,https://queue-times.com/parks/16/queue_times.json
2026-08-13T20:25:19.566Z,2026-08-13 13:25:19,2026-08-13,America/Los_Angeles,disneyland,Disneyland,New Orleans Square,289,Pirates of the Caribbean,TRUE,20,2026-08-13T20:20:49.000Z,2026-08-13 13:20:49,https://queue-times.com/parks/16/queue_times.json
2026-08-13T20:25:19.566Z,2026-08-13 13:25:19,2026-08-13,America/Los_Angeles,disneyland,Disneyland,Star Wars: Galaxy's Edge,6339,Millennium Falcon: Smugglers Run,TRUE,30,2026-08-13T20:20:49.000Z,2026-08-13 13:20:49,https://queue-times.com/parks/16/queue_times.json
2026-08-13T20:25:19.566Z,2026-08-13 13:25:19,2026-08-13,America/Los_Angeles,disneyland,Disneyland,Star Wars: Galaxy's Edge,10903,Millennium Falcon: Smugglers Run Single Rider,TRUE,0,2026-08-13T20:20:49.000Z,2026-08-13 13:20:49,https://queue-times.com/parks/16/queue_times.json
2026-08-13T20:25:19.566Z,2026-08-13 13:25:19,2026-08-13,America/Los_Angeles,disneyland,Disneyland,Star Wars: Galaxy's Edge,6340,Star Wars: Rise of the Resistance,TRUE,50,2026-08-13T20:20:49.000Z,2026-08-13 13:20:49,https://queue-times.com/parks/16/queue_times.json
2026-08-13T20:25:19.566Z,2026-08-13 13:25:19,2026-08-13,America/Los_Angeles,disneyland,Disneyland,Tomorrowland,287,Astro Orbitor,TRUE,15,2026-08-13T20:20:49.000Z,2026-08-13 13:20:49,https://queue-times.com/parks/16/queue_times.json
2026-08-13T20:25:19.566Z,2026-08-13 13:25:19,2026-08-13,America/Los_Angeles,disneyland,Disneyland,Tomorrowland,317,Autopia,TRUE,15,2026-08-13T20:20:49.000Z,2026-08-13 13:20:49,https://queue-times.com/parks/16/queue_times.json
2026-08-13T20:25:19.566Z,2026-08-13 13:25:19,2026-08-13,America/Los_Angeles,disneyland,Disneyland,Tomorrowland,273,Buzz Lightyear Astro Blasters,TRUE,15,2026-08-13T20:20:49.000Z,2026-08-13 13:20:49,https://queue-times.com/parks/16/queue_times.json
2026-08-13T20:25:19.566Z,2026-08-13 13:25:19,2026-08-13,America/Los_Angeles,disneyland,Disneyland,Tomorrowland,274,Disneyland Monorail,TRUE,5,2026-08-13T20:20:49.000Z,2026-08-13 13:20:49,https://queue-times.com/parks/16/queue_times.json
2026-08-13T20:25:19.566Z,2026-08-13 13:25:19,2026-08-13,America/Los_Angeles,disneyland,Disneyland,Tomorrowland,276,Finding Nemo Submarine Voyage,TRUE,10,2026-08-13T20:20:49.000Z,2026-08-13 13:20:49,https://queue-times.com/parks/16/queue_times.json
2026-08-13T20:25:19.566Z,2026-08-13 13:25:19,2026-08-13,America/Los_Angeles,disneyland,Disneyland,Tomorrowland,16627,Pixar Short Film Spotlight,FALSE,0,2026-08-13T20:20:49.000Z,2026-08-13 13:20:49,https://queue-times.com/parks/16/queue_times.json
2026-08-13T20:25:19.566Z,2026-08-13 13:25:19,2026-08-13,America/Los_Angeles,disneyland,Disneyland,Tomorrowland,284,Space Mountain,FALSE,0,2026-08-13T20:20:49.000Z,2026-08-13 13:20:49,https://queue-times.com/parks/16/queue_times.json
2026-08-13T20:25:19.566Z,2026-08-13 13:25:19,2026-08-13,America/Los_Angeles,disneyland,Disneyland,Tomorrowland,286,Star Tours - The Adventures Continue,TRUE,20,2026-08-13T20:20:49.000Z,2026-08-13 13:20:49,https://queue-times.com/parks/16/queue_times.json
2026-08-13T20:25:19.566Z,2026-08-13 13:25:19,2026-08-13,America/Los_Angeles,dca,Disney California Adventure,Avengers Campus,329,Guardians of the Galaxy - Mission: BREAKOUT!,TRUE,40,2026-08-13T20:20:49.000Z,2026-08-13 13:20:49,https://queue-times.com/parks/17/queue_times.json
2026-08-13T20:25:19.566Z,2026-08-13 13:25:19,2026-08-13,America/Los_Angeles,dca,Disney California Adventure,Avengers Campus,8843,WEB SLINGERS: A Spider-Man Adventure,TRUE,40,2026-08-13T20:20:49.000Z,2026-08-13 13:20:49,https://queue-times.com/parks/17/queue_times.json
2026-08-13T20:25:19.566Z,2026-08-13 13:25:19,2026-08-13,America/Los_Angeles,dca,Disney California Adventure,Avengers Campus,10907,WEB SLINGERS: A Spider-Man Adventure Single Rider,TRUE,0,2026-08-13T20:20:49.000Z,2026-08-13 13:20:49,https://queue-times.com/parks/17/queue_times.json
2026-08-13T20:25:19.566Z,2026-08-13 13:25:19,2026-08-13,America/Los_Angeles,dca,Disney California Adventure,Cars Land,13961,Luigi's Rollickin' Roadsters,TRUE,15,2026-08-13T20:20:49.000Z,2026-08-13 13:20:49,https://queue-times.com/parks/17/queue_times.json
2026-08-13T20:25:19.566Z,2026-08-13 13:25:19,2026-08-13,America/Los_Angeles,dca,Disney California Adventure,Cars Land,315,Mater's Junkyard Jamboree,TRUE,5,2026-08-13T20:20:49.000Z,2026-08-13 13:20:49,https://queue-times.com/parks/17/queue_times.json
2026-08-13T20:25:19.566Z,2026-08-13 13:25:19,2026-08-13,America/Los_Angeles,dca,Disney California Adventure,Cars Land,295,Radiator Springs Racers,TRUE,65,2026-08-13T20:20:49.000Z,2026-08-13 13:20:49,https://queue-times.com/parks/17/queue_times.json
2026-08-13T20:25:19.566Z,2026-08-13 13:25:19,2026-08-13,America/Los_Angeles,dca,Disney California Adventure,Cars Land,10904,Radiator Springs Racers Single Rider,TRUE,0,2026-08-13T20:20:49.000Z,2026-08-13 13:20:49,https://queue-times.com/parks/17/queue_times.json
2026-08-13T20:25:19.566Z,2026-08-13 13:25:19,2026-08-13,America/Los_Angeles,dca,Disney California Adventure,Grizzly Peak,302,Grizzly River Run,TRUE,25,2026-08-13T20:20:49.000Z,2026-08-13 13:20:49,https://queue-times.com/parks/17/queue_times.json
2026-08-13T20:25:19.566Z,2026-08-13 13:25:19,2026-08-13,America/Los_Angeles,dca,Disney California Adventure,Grizzly Peak,293,Redwood Creek Challenge Trail,TRUE,5,2026-08-13T20:20:49.000Z,2026-08-13 13:20:49,https://queue-times.com/parks/17/queue_times.json
2026-08-13T20:25:19.566Z,2026-08-13 13:25:19,2026-08-13,America/Los_Angeles,dca,Disney California Adventure,Grizzly Peak,17129,Soarin’ Across America,TRUE,35,2026-08-13T20:20:49.000Z,2026-08-13 13:20:49,https://queue-times.com/parks/17/queue_times.json
2026-08-13T20:25:19.566Z,2026-08-13 13:25:19,2026-08-13,America/Los_Angeles,dca,Disney California Adventure,Hollywood Land,321,Animation Academy,TRUE,0,2026-08-13T20:20:49.000Z,2026-08-13 13:20:49,https://queue-times.com/parks/17/queue_times.json
2026-08-13T20:25:19.566Z,2026-08-13 13:25:19,2026-08-13,America/Los_Angeles,dca,Disney California Adventure,Hollywood Land,6440,Mickey's PhilharMagic,TRUE,10,2026-08-13T20:20:49.000Z,2026-08-13 13:20:49,https://queue-times.com/parks/17/queue_times.json
2026-08-13T20:25:19.566Z,2026-08-13 13:25:19,2026-08-13,America/Los_Angeles,dca,Disney California Adventure,Hollywood Land,291,"Monsters, Inc. Mike & Sulley to the Rescue!",TRUE,45,2026-08-13T20:20:49.000Z,2026-08-13 13:20:49,https://queue-times.com/parks/17/queue_times.json
2026-08-13T20:25:19.566Z,2026-08-13 13:25:19,2026-08-13,America/Los_Angeles,dca,Disney California Adventure,Hollywood Land,868,Sorcerer's Workshop,TRUE,0,2026-08-13T20:20:49.000Z,2026-08-13 13:20:49,https://queue-times.com/parks/17/queue_times.json
2026-08-13T20:25:19.566Z,2026-08-13 13:25:19,2026-08-13,America/Los_Angeles,dca,Disney California Adventure,Hollywood Land,294,Turtle Talk with Crush,TRUE,0,2026-08-13T20:20:49.000Z,2026-08-13 13:20:49,https://queue-times.com/parks/17/queue_times.json
2026-08-13T20:25:19.566Z,2026-08-13 13:25:19,2026-08-13,America/Los_Angeles,dca,Disney California Adventure,Pacific Wharf,869,The Bakery Tour,TRUE,0,2026-08-13T20:20:49.000Z,2026-08-13 13:20:49,https://queue-times.com/parks/17/queue_times.json
2026-08-13T20:25:19.566Z,2026-08-13 13:25:19,2026-08-13,America/Los_Angeles,dca,Disney California Adventure,Paradise Gardens Park,298,Golden Zephyr,TRUE,5,2026-08-13T20:20:49.000Z,2026-08-13 13:20:49,https://queue-times.com/parks/17/queue_times.json
2026-08-13T20:25:19.566Z,2026-08-13 13:25:19,2026-08-13,America/Los_Angeles,dca,Disney California Adventure,Paradise Gardens Park,319,Goofy's Sky School,TRUE,30,2026-08-13T20:20:49.000Z,2026-08-13 13:20:49,https://queue-times.com/parks/17/queue_times.json
2026-08-13T20:25:19.566Z,2026-08-13 13:25:19,2026-08-13,America/Los_Angeles,dca,Disney California Adventure,Paradise Gardens Park,301,Silly Symphony Swings,FALSE,0,2026-08-13T20:20:49.000Z,2026-08-13 13:20:49,https://queue-times.com/parks/17/queue_times.json
2026-08-13T20:25:19.566Z,2026-08-13 13:25:19,2026-08-13,America/Los_Angeles,dca,Disney California Adventure,Paradise Gardens Park,316,The Little Mermaid - Ariel's Undersea Adventure,TRUE,10,2026-08-13T20:20:49.000Z,2026-08-13 13:20:49,https://queue-times.com/parks/17/queue_times.json
2026-08-13T20:25:19.566Z,2026-08-13 13:25:19,2026-08-13,America/Los_Angeles,dca,Disney California Adventure,Paradise Gardens Park,11528,World of Color – ONE,FALSE,0,2026-08-13T20:20:49.000Z,2026-08-13 13:20:49,https://queue-times.com/parks/17/queue_times.json
2026-08-13T20:25:19.566Z,2026-08-13 13:25:19,2026-08-13,America/Los_Angeles,dca,Disney California Adventure,Paradise Gardens Park,14742,World of Color Happiness!,FALSE,0,2026-08-10T07:05:45.000Z,2026-08-10 00:05:45,https://queue-times.com/parks/17/queue_times.json
2026-08-13T20:25:19.566Z,2026-08-13 13:25:19,2026-08-13,America/Los_Angeles,dca,Disney California Adventure,Pixar Pier,866,Games of Pixar Pier,TRUE,5,2026-08-13T20:20:49.000Z,2026-08-13 13:20:49,https://queue-times.com/parks/17/queue_times.json
2026-08-13T20:25:19.566Z,2026-08-13 13:25:19,2026-08-13,America/Los_Angeles,dca,Disney California Adventure,Pixar Pier,322,Incredicoaster,TRUE,10,2026-08-13T20:20:49.000Z,2026-08-13 13:20:49,https://queue-times.com/parks/17/queue_times.json
2026-08-13T20:25:19.566Z,2026-08-13 13:25:19,2026-08-13,America/Los_Angeles,dca,Disney California Adventure,Pixar Pier,10906,Incredicoaster Single Rider,TRUE,0,2026-08-13T20:20:49.000Z,2026-08-13 13:20:49,https://queue-times.com/parks/17/queue_times.json
2026-08-13T20:25:19.566Z,2026-08-13 13:25:19,2026-08-13,America/Los_Angeles,dca,Disney California Adventure,Pixar Pier,6643,Inside Out Emotional Whirlwind,TRUE,10,2026-08-13T20:20:49.000Z,2026-08-13 13:20:49,https://queue-times.com/parks/17/queue_times.json
2026-08-13T20:25:19.566Z,2026-08-13 13:25:19,2026-08-13,America/Los_Angeles,dca,Disney California Adventure,Pixar Pier,310,Jessie's Critter Carousel,TRUE,5,2026-08-13T20:20:49.000Z,2026-08-13 13:20:49,https://queue-times.com/parks/17/queue_times.json
2026-08-13T20:25:19.566Z,2026-08-13 13:25:19,2026-08-13,America/Los_Angeles,dca,Disney California Adventure,Pixar Pier,300,Jumpin' Jellyfish,TRUE,5,2026-08-13T20:20:49.000Z,2026-08-13 13:20:49,https://queue-times.com/parks/17/queue_times.json
2026-08-13T20:25:19.566Z,2026-08-13 13:25:19,2026-08-13,America/Los_Angeles,dca,Disney California Adventure,Pixar Pier,311,Pixar Pal-A-Round - Swinging,TRUE,25,2026-08-13T20:20:49.000Z,2026-08-13 13:20:49,https://queue-times.com/parks/17/queue_times.json
2026-08-13T20:25:19.566Z,2026-08-13 13:25:19,2026-08-13,America/Los_Angeles,dca,Disney California Adventure,Pixar Pier,5557,Pixar Pal-A-Round – Non-Swinging,TRUE,15,2026-08-13T20:20:49.000Z,2026-08-13 13:20:49,https://queue-times.com/parks/17/queue_times.json
2026-08-13T20:25:19.566Z,2026-08-13 13:25:19,2026-08-13,America/Los_Angeles,dca,Disney California Adventure,Pixar Pier,313,Toy Story Midway Mania!,TRUE,45,2026-08-13T20:20:49.000Z,2026-08-13 13:20:49,https://queue-times.com/parks/17/queue_times.json
2026-08-13T20:30:21.179Z,2026-08-13 13:30:21,2026-08-13,America/Los_Angeles,disneyland,Disneyland,Adventureland,12428,Adventureland Treehouse inspired by Walt Disney’s Swiss Family Robinson,TRUE,0,2026-08-13T20:25:42.000Z,2026-08-13 13:25:42,https://queue-times.com/parks/16/queue_times.json
2026-08-13T20:30:21.179Z,2026-08-13 13:30:21,2026-08-13,America/Los_Angeles,disneyland,Disneyland,Adventureland,326,Indiana Jones™ Adventure,TRUE,30,2026-08-13T20:25:42.000Z,2026-08-13 13:25:42,https://queue-times.com/parks/16/queue_times.json
2026-08-13T20:30:21.179Z,2026-08-13 13:30:21,2026-08-13,America/Los_Angeles,disneyland,Disneyland,Adventureland,296,Jungle Cruise,TRUE,15,2026-08-13T20:25:42.000Z,2026-08-13 13:25:42,https://queue-times.com/parks/16/queue_times.json
2026-08-13T20:30:21.179Z,2026-08-13 13:30:21,2026-08-13,America/Los_Angeles,disneyland,Disneyland,Adventureland,288,Walt Disney's Enchanted Tiki Room,TRUE,0,2026-08-13T20:25:42.000Z,2026-08-13 13:25:42,https://queue-times.com/parks/16/queue_times.json
2026-08-13T20:30:21.179Z,2026-08-13 13:30:21,2026-08-13,America/Los_Angeles,disneyland,Disneyland,Bayou Country,304,Davy Crockett's Explorer Canoes,FALSE,0,2026-08-13T20:25:42.000Z,2026-08-13 13:25:42,https://queue-times.com/parks/16/queue_times.json
2026-08-13T20:30:21.179Z,2026-08-13 13:30:21,2026-08-13,America/Los_Angeles,disneyland,Disneyland,Bayou Country,306,The Many Adventures of Winnie the Pooh,TRUE,15,2026-08-13T20:25:42.000Z,2026-08-13 13:25:42,https://queue-times.com/parks/16/queue_times.json
2026-08-13T20:30:21.179Z,2026-08-13 13:30:21,2026-08-13,America/Los_Angeles,disneyland,Disneyland,Bayou Country,14168,Tiana's Bayou Adventure,TRUE,45,2026-08-13T20:25:42.000Z,2026-08-13 13:25:42,https://queue-times.com/parks/16/queue_times.json
2026-08-13T20:30:21.179Z,2026-08-13 13:30:21,2026-08-13,America/Los_Angeles,disneyland,Disneyland,Bayou Country,14326,Tiana's Bayou Adventure Single Rider,TRUE,0,2026-08-13T20:25:42.000Z,2026-08-13 13:25:42,https://queue-times.com/parks/16/queue_times.json
2026-08-13T20:30:21.179Z,2026-08-13 13:30:21,2026-08-13,America/Los_Angeles,disneyland,Disneyland,Fantasyland,307,"""it's a small world""",TRUE,5,2026-08-13T20:25:42.000Z,2026-08-13 13:25:42,https://queue-times.com/parks/16/queue_times.json
2026-08-13T20:30:21.179Z,2026-08-13 13:30:21,2026-08-13,America/Los_Angeles,disneyland,Disneyland,Fantasyland,285,Alice in Wonderland,TRUE,15,2026-08-13T20:25:42.000Z,2026-08-13 13:25:42,https://queue-times.com/parks/16/queue_times.json
2026-08-13T20:30:21.179Z,2026-08-13 13:30:21,2026-08-13,America/Los_Angeles,disneyland,Disneyland,Fantasyland,16254,Bluey’s Best Day Ever! at Fantasyland Theatre,TRUE,0,2026-08-13T20:25:42.000Z,2026-08-13 13:25:42,https://queue-times.com/parks/16/queue_times.json
2026-08-13T20:30:21.179Z,2026-08-13 13:30:21,2026-08-13,America/Los_Angeles,disneyland,Disneyland,Fantasyland,303,Casey Jr. Circus Train,TRUE,5,2026-08-13T20:25:42.000Z,2026-08-13 13:25:42,https://queue-times.com/parks/16/queue_times.json
2026-08-13T20:30:21.179Z,2026-08-13 13:30:21,2026-08-13,America/Los_Angeles,disneyland,Disneyland,Fantasyland,275,Dumbo the Flying Elephant,TRUE,20,2026-08-13T20:25:42.000Z,2026-08-13 13:25:42,https://queue-times.com/parks/16/queue_times.json
2026-08-13T20:30:21.179Z,2026-08-13 13:30:21,2026-08-13,America/Los_Angeles,disneyland,Disneyland,Fantasyland,277,King Arthur Carrousel,TRUE,5,2026-08-13T20:25:42.000Z,2026-08-13 13:25:42,https://queue-times.com/parks/16/queue_times.json
2026-08-13T20:30:21.179Z,2026-08-13 13:30:21,2026-08-13,America/Los_Angeles,disneyland,Disneyland,Fantasyland,278,Mad Tea Party,TRUE,5,2026-08-13T20:25:42.000Z,2026-08-13 13:25:42,https://queue-times.com/parks/16/queue_times.json
2026-08-13T20:30:21.179Z,2026-08-13 13:30:21,2026-08-13,America/Los_Angeles,disneyland,Disneyland,Fantasyland,279,Matterhorn Bobsleds,FALSE,0,2026-08-13T20:25:42.000Z,2026-08-13 13:25:42,https://queue-times.com/parks/16/queue_times.json
2026-08-13T20:30:21.179Z,2026-08-13 13:30:21,2026-08-13,America/Los_Angeles,disneyland,Disneyland,Fantasyland,6711,Meet Disney Princesses at Royal Hall,TRUE,30,2026-08-13T20:25:42.000Z,2026-08-13 13:25:42,https://queue-times.com/parks/16/queue_times.json
2026-08-13T20:30:21.179Z,2026-08-13 13:30:21,2026-08-13,America/Los_Angeles,disneyland,Disneyland,Fantasyland,280,Mr. Toad's Wild Ride,TRUE,10,2026-08-13T20:25:42.000Z,2026-08-13 13:25:42,https://queue-times.com/parks/16/queue_times.json
2026-08-13T20:30:21.179Z,2026-08-13 13:30:21,2026-08-13,America/Los_Angeles,disneyland,Disneyland,Fantasyland,281,Peter Pan's Flight,TRUE,25,2026-08-13T20:25:42.000Z,2026-08-13 13:25:42,https://queue-times.com/parks/16/queue_times.json
2026-08-13T20:30:21.179Z,2026-08-13 13:30:21,2026-08-13,America/Los_Angeles,disneyland,Disneyland,Fantasyland,282,Pinocchio's Daring Journey,TRUE,5,2026-08-13T20:25:42.000Z,2026-08-13 13:25:42,https://queue-times.com/parks/16/queue_times.json
2026-08-13T20:30:21.179Z,2026-08-13 13:30:21,2026-08-13,America/Los_Angeles,disneyland,Disneyland,Fantasyland,687,Sleeping Beauty Castle Walkthrough,FALSE,0,2026-08-13T20:25:42.000Z,2026-08-13 13:25:42,https://queue-times.com/parks/16/queue_times.json
2026-08-13T20:30:21.179Z,2026-08-13 13:30:21,2026-08-13,America/Los_Angeles,disneyland,Disneyland,Fantasyland,283,Snow White's Enchanted Wish,TRUE,5,2026-08-13T20:25:42.000Z,2026-08-13 13:25:42,https://queue-times.com/parks/16/queue_times.json
2026-08-13T20:30:21.179Z,2026-08-13 13:30:21,2026-08-13,America/Los_Angeles,disneyland,Disneyland,Fantasyland,305,Storybook Land Canal Boats,TRUE,5,2026-08-13T20:25:42.000Z,2026-08-13 13:25:42,https://queue-times.com/parks/16/queue_times.json
2026-08-13T20:30:21.179Z,2026-08-13 13:30:21,2026-08-13,America/Los_Angeles,disneyland,Disneyland,Frontierland,323,Big Thunder Mountain Railroad,TRUE,35,2026-08-13T20:25:42.000Z,2026-08-13 13:25:42,https://queue-times.com/parks/16/queue_times.json
2026-08-13T20:30:21.179Z,2026-08-13 13:30:21,2026-08-13,America/Los_Angeles,disneyland,Disneyland,Frontierland,679,Frontierland Shootin' Exposition,FALSE,0,2026-08-13T20:25:42.000Z,2026-08-13 13:25:42,https://queue-times.com/parks/16/queue_times.json
2026-08-13T20:30:21.179Z,2026-08-13 13:30:21,2026-08-13,America/Los_Angeles,disneyland,Disneyland,Frontierland,456,Mark Twain Riverboat,TRUE,10,2026-08-13T20:25:42.000Z,2026-08-13 13:25:42,https://queue-times.com/parks/16/queue_times.json
2026-08-13T20:30:21.179Z,2026-08-13 13:30:21,2026-08-13,America/Los_Angeles,disneyland,Disneyland,Frontierland,331,Pirate's Lair on Tom Sawyer Island,TRUE,5,2026-08-13T20:25:42.000Z,2026-08-13 13:25:42,https://queue-times.com/parks/16/queue_times.json
2026-08-13T20:30:21.179Z,2026-08-13 13:30:21,2026-08-13,America/Los_Angeles,disneyland,Disneyland,Frontierland,328,Sailing Ship Columbia,FALSE,0,2026-08-13T20:25:42.000Z,2026-08-13 13:25:42,https://queue-times.com/parks/16/queue_times.json
2026-08-13T20:30:21.179Z,2026-08-13 13:30:21,2026-08-13,America/Los_Angeles,disneyland,Disneyland,Main Street U.S.A,674,Disneyland Railroad,TRUE,5,2026-08-13T20:25:42.000Z,2026-08-13 13:25:42,https://queue-times.com/parks/16/queue_times.json
2026-08-13T20:30:21.179Z,2026-08-13 13:30:21,2026-08-13,America/Los_Angeles,disneyland,Disneyland,Main Street U.S.A,690,Great Moments with Mr. Lincoln,TRUE,0,2026-08-13T20:25:42.000Z,2026-08-13 13:25:42,https://queue-times.com/parks/16/queue_times.json
2026-08-13T20:30:21.179Z,2026-08-13 13:30:21,2026-08-13,America/Los_Angeles,disneyland,Disneyland,Main Street U.S.A,686,Main Street Cinema,FALSE,0,2026-08-13T20:25:42.000Z,2026-08-13 13:25:42,https://queue-times.com/parks/16/queue_times.json
2026-08-13T20:30:21.179Z,2026-08-13 13:30:21,2026-08-13,America/Los_Angeles,disneyland,Disneyland,Main Street U.S.A,691,Main Street Vehicles,TRUE,0,2026-08-13T20:25:42.000Z,2026-08-13 13:25:42,https://queue-times.com/parks/16/queue_times.json
2026-08-13T20:30:21.179Z,2026-08-13 13:30:21,2026-08-13,America/Los_Angeles,disneyland,Disneyland,Main Street U.S.A,14915,Opera House - Walt Disney - A Magical Life,TRUE,0,2026-08-13T20:25:42.000Z,2026-08-13 13:25:42,https://queue-times.com/parks/16/queue_times.json
2026-08-13T20:30:21.179Z,2026-08-13 13:30:21,2026-08-13,America/Los_Angeles,disneyland,Disneyland,Main Street U.S.A,695,The Disney Gallery,TRUE,0,2026-08-13T20:25:42.000Z,2026-08-13 13:25:42,https://queue-times.com/parks/16/queue_times.json
2026-08-13T20:30:21.179Z,2026-08-13 13:30:21,2026-08-13,America/Los_Angeles,disneyland,Disneyland,Main Street U.S.A,14923,Walt Disney - A Magical Life,FALSE,0,2026-08-13T20:25:42.000Z,2026-08-13 13:25:42,https://queue-times.com/parks/16/queue_times.json
2026-08-13T20:30:21.179Z,2026-08-13 13:30:21,2026-08-13,America/Los_Angeles,disneyland,Disneyland,Mickey's Toontown,324,Chip 'n' Dale's GADGETcoaster,TRUE,20,2026-08-13T20:25:42.000Z,2026-08-13 13:25:42,https://queue-times.com/parks/16/queue_times.json
2026-08-13T20:30:21.179Z,2026-08-13 13:30:21,2026-08-13,America/Los_Angeles,disneyland,Disneyland,Mickey's Toontown,13814,Donald's Duck Pond,TRUE,0,2026-08-13T20:25:42.000Z,2026-08-13 13:25:42,https://queue-times.com/parks/16/queue_times.json
2026-08-13T20:30:21.179Z,2026-08-13 13:30:21,2026-08-13,America/Los_Angeles,disneyland,Disneyland,Mickey's Toontown,11980,Goofy's How-to-Play Yard,TRUE,0,2026-08-13T20:25:42.000Z,2026-08-13 13:25:42,https://queue-times.com/parks/16/queue_times.json
2026-08-13T20:30:21.179Z,2026-08-13 13:30:21,2026-08-13,America/Los_Angeles,disneyland,Disneyland,Mickey's Toontown,11526,Mickey & Minnie's Runaway Railway,TRUE,20,2026-08-13T20:25:42.000Z,2026-08-13 13:25:42,https://queue-times.com/parks/16/queue_times.json
2026-08-13T20:30:21.179Z,2026-08-13 13:30:21,2026-08-13,America/Los_Angeles,disneyland,Disneyland,Mickey's Toontown,709,Mickey's House and Meet Mickey Mouse,TRUE,5,2026-08-13T20:25:42.000Z,2026-08-13 13:25:42,https://queue-times.com/parks/16/queue_times.json
2026-08-13T20:30:21.179Z,2026-08-13 13:30:21,2026-08-13,America/Los_Angeles,disneyland,Disneyland,Mickey's Toontown,327,Mickey's House and Meet Mickey Mouse,FALSE,0,2026-08-13T20:25:42.000Z,2026-08-13 13:25:42,https://queue-times.com/parks/16/queue_times.json
2026-08-13T20:30:21.179Z,2026-08-13 13:30:21,2026-08-13,America/Los_Angeles,disneyland,Disneyland,Mickey's Toontown,684,Minnie's House,TRUE,0,2026-08-13T20:25:42.000Z,2026-08-13 13:25:42,https://queue-times.com/parks/16/queue_times.json
2026-08-13T20:30:21.179Z,2026-08-13 13:30:21,2026-08-13,America/Los_Angeles,disneyland,Disneyland,Mickey's Toontown,332,Roger Rabbit's Car Toon Spin,TRUE,35,2026-08-13T20:25:42.000Z,2026-08-13 13:25:42,https://queue-times.com/parks/16/queue_times.json
2026-08-13T20:30:21.179Z,2026-08-13 13:30:21,2026-08-13,America/Los_Angeles,disneyland,Disneyland,New Orleans Square,13958,Haunted Mansion,FALSE,0,2026-08-13T20:25:42.000Z,2026-08-13 13:25:42,https://queue-times.com/parks/16/queue_times.json
2026-08-13T20:30:21.179Z,2026-08-13 13:30:21,2026-08-13,America/Los_Angeles,disneyland,Disneyland,New Orleans Square,289,Pirates of the Caribbean,TRUE,20,2026-08-13T20:25:42.000Z,2026-08-13 13:25:42,https://queue-times.com/parks/16/queue_times.json
2026-08-13T20:30:21.179Z,2026-08-13 13:30:21,2026-08-13,America/Los_Angeles,disneyland,Disneyland,Star Wars: Galaxy's Edge,6339,Millennium Falcon: Smugglers Run,TRUE,30,2026-08-13T20:25:42.000Z,2026-08-13 13:25:42,https://queue-times.com/parks/16/queue_times.json
2026-08-13T20:30:21.179Z,2026-08-13 13:30:21,2026-08-13,America/Los_Angeles,disneyland,Disneyland,Star Wars: Galaxy's Edge,10903,Millennium Falcon: Smugglers Run Single Rider,TRUE,0,2026-08-13T20:25:42.000Z,2026-08-13 13:25:42,https://queue-times.com/parks/16/queue_times.json
2026-08-13T20:30:21.179Z,2026-08-13 13:30:21,2026-08-13,America/Los_Angeles,disneyland,Disneyland,Star Wars: Galaxy's Edge,6340,Star Wars: Rise of the Resistance,TRUE,50,2026-08-13T20:25:42.000Z,2026-08-13 13:25:42,https://queue-times.com/parks/16/queue_times.json
2026-08-13T20:30:21.179Z,2026-08-13 13:30:21,2026-08-13,America/Los_Angeles,disneyland,Disneyland,Tomorrowland,287,Astro Orbitor,TRUE,15,2026-08-13T20:25:42.000Z,2026-08-13 13:25:42,https://queue-times.com/parks/16/queue_times.json
2026-08-13T20:30:21.179Z,2026-08-13 13:30:21,2026-08-13,America/Los_Angeles,disneyland,Disneyland,Tomorrowland,317,Autopia,TRUE,15,2026-08-13T20:25:42.000Z,2026-08-13 13:25:42,https://queue-times.com/parks/16/queue_times.json
2026-08-13T20:30:21.179Z,2026-08-13 13:30:21,2026-08-13,America/Los_Angeles,disneyland,Disneyland,Tomorrowland,273,Buzz Lightyear Astro Blasters,TRUE,15,2026-08-13T20:25:42.000Z,2026-08-13 13:25:42,https://queue-times.com/parks/16/queue_times.json
2026-08-13T20:30:21.179Z,2026-08-13 13:30:21,2026-08-13,America/Los_Angeles,disneyland,Disneyland,Tomorrowland,274,Disneyland Monorail,TRUE,5,2026-08-13T20:25:42.000Z,2026-08-13 13:25:42,https://queue-times.com/parks/16/queue_times.json
2026-08-13T20:30:21.179Z,2026-08-13 13:30:21,2026-08-13,America/Los_Angeles,disneyland,Disneyland,Tomorrowland,276,Finding Nemo Submarine Voyage,TRUE,5,2026-08-13T20:25:42.000Z,2026-08-13 13:25:42,https://queue-times.com/parks/16/queue_times.json
2026-08-13T20:30:21.179Z,2026-08-13 13:30:21,2026-08-13,America/Los_Angeles,disneyland,Disneyland,Tomorrowland,16627,Pixar Short Film Spotlight,FALSE,0,2026-08-13T20:25:42.000Z,2026-08-13 13:25:42,https://queue-times.com/parks/16/queue_times.json
2026-08-13T20:30:21.179Z,2026-08-13 13:30:21,2026-08-13,America/Los_Angeles,disneyland,Disneyland,Tomorrowland,284,Space Mountain,FALSE,0,2026-08-13T20:25:42.000Z,2026-08-13 13:25:42,https://queue-times.com/parks/16/queue_times.json
2026-08-13T20:30:21.179Z,2026-08-13 13:30:21,2026-08-13,America/Los_Angeles,disneyland,Disneyland,Tomorrowland,286,Star Tours - The Adventures Continue,TRUE,15,2026-08-13T20:25:42.000Z,2026-08-13 13:25:42,https://queue-times.com/parks/16/queue_times.json
2026-08-13T20:30:21.179Z,2026-08-13 13:30:21,2026-08-13,America/Los_Angeles,dca,Disney California Adventure,Avengers Campus,329,Guardians of the Galaxy - Mission: BREAKOUT!,TRUE,35,2026-08-13T20:25:58.000Z,2026-08-13 13:25:58,https://queue-times.com/parks/17/queue_times.json
2026-08-13T20:30:21.179Z,2026-08-13 13:30:21,2026-08-13,America/Los_Angeles,dca,Disney California Adventure,Avengers Campus,8843,WEB SLINGERS: A Spider-Man Adventure,TRUE,40,2026-08-13T20:25:58.000Z,2026-08-13 13:25:58,https://queue-times.com/parks/17/queue_times.json
2026-08-13T20:30:21.179Z,2026-08-13 13:30:21,2026-08-13,America/Los_Angeles,dca,Disney California Adventure,Avengers Campus,10907,WEB SLINGERS: A Spider-Man Adventure Single Rider,TRUE,0,2026-08-13T20:25:58.000Z,2026-08-13 13:25:58,https://queue-times.com/parks/17/queue_times.json
2026-08-13T20:30:21.179Z,2026-08-13 13:30:21,2026-08-13,America/Los_Angeles,dca,Disney California Adventure,Cars Land,13961,Luigi's Rollickin' Roadsters,TRUE,15,2026-08-13T20:25:58.000Z,2026-08-13 13:25:58,https://queue-times.com/parks/17/queue_times.json
2026-08-13T20:30:21.179Z,2026-08-13 13:30:21,2026-08-13,America/Los_Angeles,dca,Disney California Adventure,Cars Land,315,Mater's Junkyard Jamboree,TRUE,5,2026-08-13T20:25:58.000Z,2026-08-13 13:25:58,https://queue-times.com/parks/17/queue_times.json
2026-08-13T20:30:21.179Z,2026-08-13 13:30:21,2026-08-13,America/Los_Angeles,dca,Disney California Adventure,Cars Land,295,Radiator Springs Racers,TRUE,65,2026-08-13T20:25:58.000Z,2026-08-13 13:25:58,https://queue-times.com/parks/17/queue_times.json
2026-08-13T20:30:21.179Z,2026-08-13 13:30:21,2026-08-13,America/Los_Angeles,dca,Disney California Adventure,Cars Land,10904,Radiator Springs Racers Single Rider,TRUE,0,2026-08-13T20:25:58.000Z,2026-08-13 13:25:58,https://queue-times.com/parks/17/queue_times.json
2026-08-13T20:30:21.179Z,2026-08-13 13:30:21,2026-08-13,America/Los_Angeles,dca,Disney California Adventure,Grizzly Peak,302,Grizzly River Run,TRUE,25,2026-08-13T20:25:58.000Z,2026-08-13 13:25:58,https://queue-times.com/parks/17/queue_times.json
2026-08-13T20:30:21.179Z,2026-08-13 13:30:21,2026-08-13,America/Los_Angeles,dca,Disney California Adventure,Grizzly Peak,293,Redwood Creek Challenge Trail,TRUE,5,2026-08-13T20:25:58.000Z,2026-08-13 13:25:58,https://queue-times.com/parks/17/queue_times.json
2026-08-13T20:30:21.179Z,2026-08-13 13:30:21,2026-08-13,America/Los_Angeles,dca,Disney California Adventure,Grizzly Peak,17129,Soarin’ Across America,TRUE,35,2026-08-13T20:25:58.000Z,2026-08-13 13:25:58,https://queue-times.com/parks/17/queue_times.json
2026-08-13T20:30:21.179Z,2026-08-13 13:30:21,2026-08-13,America/Los_Angeles,dca,Disney California Adventure,Hollywood Land,321,Animation Academy,TRUE,0,2026-08-13T20:25:58.000Z,2026-08-13 13:25:58,https://queue-times.com/parks/17/queue_times.json
2026-08-13T20:30:21.179Z,2026-08-13 13:30:21,2026-08-13,America/Los_Angeles,dca,Disney California Adventure,Hollywood Land,6440,Mickey's PhilharMagic,TRUE,10,2026-08-13T20:25:58.000Z,2026-08-13 13:25:58,https://queue-times.com/parks/17/queue_times.json
2026-08-13T20:30:21.179Z,2026-08-13 13:30:21,2026-08-13,America/Los_Angeles,dca,Disney California Adventure,Hollywood Land,291,"Monsters, Inc. Mike & Sulley to the Rescue!",TRUE,45,2026-08-13T20:25:58.000Z,2026-08-13 13:25:58,https://queue-times.com/parks/17/queue_times.json
2026-08-13T20:30:21.179Z,2026-08-13 13:30:21,2026-08-13,America/Los_Angeles,dca,Disney California Adventure,Hollywood Land,868,Sorcerer's Workshop,TRUE,0,2026-08-13T20:25:58.000Z,2026-08-13 13:25:58,https://queue-times.com/parks/17/queue_times.json
2026-08-13T20:30:21.179Z,2026-08-13 13:30:21,2026-08-13,America/Los_Angeles,dca,Disney California Adventure,Hollywood Land,294,Turtle Talk with Crush,TRUE,0,2026-08-13T20:25:58.000Z,2026-08-13 13:25:58,https://queue-times.com/parks/17/queue_times.json
2026-08-13T20:30:21.179Z,2026-08-13 13:30:21,2026-08-13,America/Los_Angeles,dca,Disney California Adventure,Pacific Wharf,869,The Bakery Tour,TRUE,0,2026-08-13T20:25:58.000Z,2026-08-13 13:25:58,https://queue-times.com/parks/17/queue_times.json
2026-08-13T20:30:21.179Z,2026-08-13 13:30:21,2026-08-13,America/Los_Angeles,dca,Disney California Adventure,Paradise Gardens Park,298,Golden Zephyr,TRUE,5,2026-08-13T20:25:58.000Z,2026-08-13 13:25:58,https://queue-times.com/parks/17/queue_times.json
2026-08-13T20:30:21.179Z,2026-08-13 13:30:21,2026-08-13,America/Los_Angeles,dca,Disney California Adventure,Paradise Gardens Park,319,Goofy's Sky School,TRUE,20,2026-08-13T20:25:58.000Z,2026-08-13 13:25:58,https://queue-times.com/parks/17/queue_times.json
2026-08-13T20:30:21.179Z,2026-08-13 13:30:21,2026-08-13,America/Los_Angeles,dca,Disney California Adventure,Paradise Gardens Park,301,Silly Symphony Swings,FALSE,0,2026-08-13T20:25:58.000Z,2026-08-13 13:25:58,https://queue-times.com/parks/17/queue_times.json
2026-08-13T20:30:21.179Z,2026-08-13 13:30:21,2026-08-13,America/Los_Angeles,dca,Disney California Adventure,Paradise Gardens Park,316,The Little Mermaid - Ariel's Undersea Adventure,TRUE,10,2026-08-13T20:25:58.000Z,2026-08-13 13:25:58,https://queue-times.com/parks/17/queue_times.json
2026-08-13T20:30:21.179Z,2026-08-13 13:30:21,2026-08-13,America/Los_Angeles,dca,Disney California Adventure,Paradise Gardens Park,11528,World of Color – ONE,FALSE,0,2026-08-13T20:25:58.000Z,2026-08-13 13:25:58,https://queue-times.com/parks/17/queue_times.json
2026-08-13T20:30:21.179Z,2026-08-13 13:30:21,2026-08-13,America/Los_Angeles,dca,Disney California Adventure,Paradise Gardens Park,14742,World of Color Happiness!,FALSE,0,2026-08-10T07:05:45.000Z,2026-08-10 00:05:45,https://queue-times.com/parks/17/queue_times.json
2026-08-13T20:30:21.179Z,2026-08-13 13:30:21,2026-08-13,America/Los_Angeles,dca,Disney California Adventure,Pixar Pier,866,Games of Pixar Pier,TRUE,5,2026-08-13T20:25:58.000Z,2026-08-13 13:25:58,https://queue-times.com/parks/17/queue_times.json
2026-08-13T20:30:21.179Z,2026-08-13 13:30:21,2026-08-13,America/Los_Angeles,dca,Disney California Adventure,Pixar Pier,322,Incredicoaster,TRUE,10,2026-08-13T20:25:58.000Z,2026-08-13 13:25:58,https://queue-times.com/parks/17/queue_times.json
2026-08-13T20:30:21.179Z,2026-08-13 13:30:21,2026-08-13,America/Los_Angeles,dca,Disney California Adventure,Pixar Pier,10906,Incredicoaster Single Rider,TRUE,0,2026-08-13T20:25:58.000Z,2026-08-13 13:25:58,https://queue-times.com/parks/17/queue_times.json
2026-08-13T20:30:21.179Z,2026-08-13 13:30:21,2026-08-13,America/Los_Angeles,dca,Disney California Adventure,Pixar Pier,6643,Inside Out Emotional Whirlwind,TRUE,10,2026-08-13T20:25:58.000Z,2026-08-13 13:25:58,https://queue-times.com/parks/17/queue_times.json
2026-08-13T20:30:21.179Z,2026-08-13 13:30:21,2026-08-13,America/Los_Angeles,dca,Disney California Adventure,Pixar Pier,310,Jessie's Critter Carousel,TRUE,5,2026-08-13T20:25:58.000Z,2026-08-13 13:25:58,https://queue-times.com/parks/17/queue_times.json
2026-08-13T20:30:21.179Z,2026-08-13 13:30:21,2026-08-13,America/Los_Angeles,dca,Disney California Adventure,Pixar Pier,300,Jumpin' Jellyfish,TRUE,5,2026-08-13T20:25:58.000Z,2026-08-13 13:25:58,https://queue-times.com/parks/17/queue_times.json
2026-08-13T20:30:21.179Z,2026-08-13 13:30:21,2026-08-13,America/Los_Angeles,dca,Disney California Adventure,Pixar Pier,311,Pixar Pal-A-Round - Swinging,TRUE,25,2026-08-13T20:25:58.000Z,2026-08-13 13:25:58,https://queue-times.com/parks/17/queue_times.json
2026-08-13T20:30:21.179Z,2026-08-13 13:30:21,2026-08-13,America/Los_Angeles,dca,Disney California Adventure,Pixar Pier,5557,Pixar Pal-A-Round – Non-Swinging,TRUE,25,2026-08-13T20:25:58.000Z,2026-08-13 13:25:58,https://queue-times.com/parks/17/queue_times.json
2026-08-13T20:30:21.179Z,2026-08-13 13:30:21,2026-08-13,America/Los_Angeles,dca,Disney California Adventure,Pixar Pier,313,Toy Story Midway Mania!,TRUE,45,2026-08-13T20:25:58.000Z,2026-08-13 13:25:58,https://queue-times.com/parks/17/queue_times.json
2026-08-13T20:45:21.505Z,2026-08-13 13:45:21,2026-08-13,America/Los_Angeles,disneyland,Disneyland,Adventureland,12428,Adventureland Treehouse inspired by Walt Disney’s Swiss Family Robinson,TRUE,0,2026-08-13T20:41:16.000Z,2026-08-13 13:41:16,https://queue-times.com/parks/16/queue_times.json
2026-08-13T20:45:21.505Z,2026-08-13 13:45:21,2026-08-13,America/Los_Angeles,disneyland,Disneyland,Adventureland,326,Indiana Jones™ Adventure,TRUE,35,2026-08-13T20:41:16.000Z,2026-08-13 13:41:16,https://queue-times.com/parks/16/queue_times.json
2026-08-13T20:45:21.505Z,2026-08-13 13:45:21,2026-08-13,America/Los_Angeles,disneyland,Disneyland,Adventureland,296,Jungle Cruise,TRUE,15,2026-08-13T20:41:16.000Z,2026-08-13 13:41:16,https://queue-times.com/parks/16/queue_times.json
2026-08-13T20:45:21.505Z,2026-08-13 13:45:21,2026-08-13,America/Los_Angeles,disneyland,Disneyland,Adventureland,288,Walt Disney's Enchanted Tiki Room,TRUE,0,2026-08-13T20:41:16.000Z,2026-08-13 13:41:16,https://queue-times.com/parks/16/queue_times.json
2026-08-13T20:45:21.505Z,2026-08-13 13:45:21,2026-08-13,America/Los_Angeles,disneyland,Disneyland,Bayou Country,304,Davy Crockett's Explorer Canoes,FALSE,0,2026-08-13T20:41:16.000Z,2026-08-13 13:41:16,https://queue-times.com/parks/16/queue_times.json
2026-08-13T20:45:21.505Z,2026-08-13 13:45:21,2026-08-13,America/Los_Angeles,disneyland,Disneyland,Bayou Country,306,The Many Adventures of Winnie the Pooh,TRUE,5,2026-08-13T20:41:16.000Z,2026-08-13 13:41:16,https://queue-times.com/parks/16/queue_times.json
2026-08-13T20:45:21.505Z,2026-08-13 13:45:21,2026-08-13,America/Los_Angeles,disneyland,Disneyland,Bayou Country,14168,Tiana's Bayou Adventure,TRUE,45,2026-08-13T20:41:16.000Z,2026-08-13 13:41:16,https://queue-times.com/parks/16/queue_times.json
2026-08-13T20:45:21.505Z,2026-08-13 13:45:21,2026-08-13,America/Los_Angeles,disneyland,Disneyland,Bayou Country,14326,Tiana's Bayou Adventure Single Rider,TRUE,0,2026-08-13T20:41:16.000Z,2026-08-13 13:41:16,https://queue-times.com/parks/16/queue_times.json
2026-08-13T20:45:21.505Z,2026-08-13 13:45:21,2026-08-13,America/Los_Angeles,disneyland,Disneyland,Fantasyland,307,"""it's a small world""",TRUE,5,2026-08-13T20:41:16.000Z,2026-08-13 13:41:16,https://queue-times.com/parks/16/queue_times.json
2026-08-13T20:45:21.505Z,2026-08-13 13:45:21,2026-08-13,America/Los_Angeles,disneyland,Disneyland,Fantasyland,285,Alice in Wonderland,TRUE,10,2026-08-13T20:41:16.000Z,2026-08-13 13:41:16,https://queue-times.com/parks/16/queue_times.json
2026-08-13T20:45:21.505Z,2026-08-13 13:45:21,2026-08-13,America/Los_Angeles,disneyland,Disneyland,Fantasyland,16254,Bluey’s Best Day Ever! at Fantasyland Theatre,TRUE,0,2026-08-13T20:41:16.000Z,2026-08-13 13:41:16,https://queue-times.com/parks/16/queue_times.json
2026-08-13T20:45:21.505Z,2026-08-13 13:45:21,2026-08-13,America/Los_Angeles,disneyland,Disneyland,Fantasyland,303,Casey Jr. Circus Train,TRUE,5,2026-08-13T20:41:16.000Z,2026-08-13 13:41:16,https://queue-times.com/parks/16/queue_times.json
2026-08-13T20:45:21.505Z,2026-08-13 13:45:21,2026-08-13,America/Los_Angeles,disneyland,Disneyland,Fantasyland,275,Dumbo the Flying Elephant,TRUE,10,2026-08-13T20:41:16.000Z,2026-08-13 13:41:16,https://queue-times.com/parks/16/queue_times.json
2026-08-13T20:45:21.505Z,2026-08-13 13:45:21,2026-08-13,America/Los_Angeles,disneyland,Disneyland,Fantasyland,277,King Arthur Carrousel,TRUE,5,2026-08-13T20:41:16.000Z,2026-08-13 13:41:16,https://queue-times.com/parks/16/queue_times.json
2026-08-13T20:45:21.505Z,2026-08-13 13:45:21,2026-08-13,America/Los_Angeles,disneyland,Disneyland,Fantasyland,278,Mad Tea Party,TRUE,5,2026-08-13T20:41:16.000Z,2026-08-13 13:41:16,https://queue-times.com/parks/16/queue_times.json
2026-08-13T20:45:21.505Z,2026-08-13 13:45:21,2026-08-13,America/Los_Angeles,disneyland,Disneyland,Fantasyland,279,Matterhorn Bobsleds,FALSE,0,2026-08-13T20:41:16.000Z,2026-08-13 13:41:16,https://queue-times.com/parks/16/queue_times.json
2026-08-13T20:45:21.505Z,2026-08-13 13:45:21,2026-08-13,America/Los_Angeles,disneyland,Disneyland,Fantasyland,6711,Meet Disney Princesses at Royal Hall,TRUE,30,2026-08-13T20:41:16.000Z,2026-08-13 13:41:16,https://queue-times.com/parks/16/queue_times.json
2026-08-13T20:45:21.505Z,2026-08-13 13:45:21,2026-08-13,America/Los_Angeles,disneyland,Disneyland,Fantasyland,280,Mr. Toad's Wild Ride,TRUE,10,2026-08-13T20:41:16.000Z,2026-08-13 13:41:16,https://queue-times.com/parks/16/queue_times.json
2026-08-13T20:45:21.505Z,2026-08-13 13:45:21,2026-08-13,America/Los_Angeles,disneyland,Disneyland,Fantasyland,281,Peter Pan's Flight,TRUE,25,2026-08-13T20:41:16.000Z,2026-08-13 13:41:16,https://queue-times.com/parks/16/queue_times.json
2026-08-13T20:45:21.505Z,2026-08-13 13:45:21,2026-08-13,America/Los_Angeles,disneyland,Disneyland,Fantasyland,282,Pinocchio's Daring Journey,TRUE,5,2026-08-13T20:41:16.000Z,2026-08-13 13:41:16,https://queue-times.com/parks/16/queue_times.json
2026-08-13T20:45:21.505Z,2026-08-13 13:45:21,2026-08-13,America/Los_Angeles,disneyland,Disneyland,Fantasyland,687,Sleeping Beauty Castle Walkthrough,FALSE,0,2026-08-13T20:41:16.000Z,2026-08-13 13:41:16,https://queue-times.com/parks/16/queue_times.json
2026-08-13T20:45:21.505Z,2026-08-13 13:45:21,2026-08-13,America/Los_Angeles,disneyland,Disneyland,Fantasyland,283,Snow White's Enchanted Wish,TRUE,5,2026-08-13T20:41:16.000Z,2026-08-13 13:41:16,https://queue-times.com/parks/16/queue_times.json
2026-08-13T20:45:21.505Z,2026-08-13 13:45:21,2026-08-13,America/Los_Angeles,disneyland,Disneyland,Fantasyland,305,Storybook Land Canal Boats,TRUE,5,2026-08-13T20:41:16.000Z,2026-08-13 13:41:16,https://queue-times.com/parks/16/queue_times.json
2026-08-13T20:45:21.505Z,2026-08-13 13:45:21,2026-08-13,America/Los_Angeles,disneyland,Disneyland,Frontierland,323,Big Thunder Mountain Railroad,TRUE,30,2026-08-13T20:41:16.000Z,2026-08-13 13:41:16,https://queue-times.com/parks/16/queue_times.json
2026-08-13T20:45:21.505Z,2026-08-13 13:45:21,2026-08-13,America/Los_Angeles,disneyland,Disneyland,Frontierland,679,Frontierland Shootin' Exposition,FALSE,0,2026-08-13T20:41:16.000Z,2026-08-13 13:41:16,https://queue-times.com/parks/16/queue_times.json
2026-08-13T20:45:21.505Z,2026-08-13 13:45:21,2026-08-13,America/Los_Angeles,disneyland,Disneyland,Frontierland,456,Mark Twain Riverboat,TRUE,10,2026-08-13T20:41:16.000Z,2026-08-13 13:41:16,https://queue-times.com/parks/16/queue_times.json
2026-08-13T20:45:21.505Z,2026-08-13 13:45:21,2026-08-13,America/Los_Angeles,disneyland,Disneyland,Frontierland,331,Pirate's Lair on Tom Sawyer Island,TRUE,5,2026-08-13T20:41:16.000Z,2026-08-13 13:41:16,https://queue-times.com/parks/16/queue_times.json
2026-08-13T20:45:21.505Z,2026-08-13 13:45:21,2026-08-13,America/Los_Angeles,disneyland,Disneyland,Frontierland,328,Sailing Ship Columbia,FALSE,0,2026-08-13T20:41:16.000Z,2026-08-13 13:41:16,https://queue-times.com/parks/16/queue_times.json
2026-08-13T20:45:21.505Z,2026-08-13 13:45:21,2026-08-13,America/Los_Angeles,disneyland,Disneyland,Main Street U.S.A,674,Disneyland Railroad,TRUE,5,2026-08-13T20:41:16.000Z,2026-08-13 13:41:16,https://queue-times.com/parks/16/queue_times.json
2026-08-13T20:45:21.505Z,2026-08-13 13:45:21,2026-08-13,America/Los_Angeles,disneyland,Disneyland,Main Street U.S.A,690,Great Moments with Mr. Lincoln,FALSE,0,2026-08-13T20:41:16.000Z,2026-08-13 13:41:16,https://queue-times.com/parks/16/queue_times.json
2026-08-13T20:45:21.505Z,2026-08-13 13:45:21,2026-08-13,America/Los_Angeles,disneyland,Disneyland,Main Street U.S.A,686,Main Street Cinema,FALSE,0,2026-08-13T20:41:16.000Z,2026-08-13 13:41:16,https://queue-times.com/parks/16/queue_times.json
2026-08-13T20:45:21.505Z,2026-08-13 13:45:21,2026-08-13,America/Los_Angeles,disneyland,Disneyland,Main Street U.S.A,691,Main Street Vehicles,TRUE,0,2026-08-13T20:41:16.000Z,2026-08-13 13:41:16,https://queue-times.com/parks/16/queue_times.json
2026-08-13T20:45:21.505Z,2026-08-13 13:45:21,2026-08-13,America/Los_Angeles,disneyland,Disneyland,Main Street U.S.A,14915,Opera House - Walt Disney - A Magical Life,TRUE,0,2026-08-13T20:41:16.000Z,2026-08-13 13:41:16,https://queue-times.com/parks/16/queue_times.json
2026-08-13T20:45:21.505Z,2026-08-13 13:45:21,2026-08-13,America/Los_Angeles,disneyland,Disneyland,Main Street U.S.A,695,The Disney Gallery,TRUE,0,2026-08-13T20:41:16.000Z,2026-08-13 13:41:16,https://queue-times.com/parks/16/queue_times.json
2026-08-13T20:45:21.505Z,2026-08-13 13:45:21,2026-08-13,America/Los_Angeles,disneyland,Disneyland,Main Street U.S.A,14923,Walt Disney - A Magical Life,FALSE,0,2026-08-13T20:41:16.000Z,2026-08-13 13:41:16,https://queue-times.com/parks/16/queue_times.json
2026-08-13T20:45:21.505Z,2026-08-13 13:45:21,2026-08-13,America/Los_Angeles,disneyland,Disneyland,Mickey's Toontown,324,Chip 'n' Dale's GADGETcoaster,TRUE,15,2026-08-13T20:41:16.000Z,2026-08-13 13:41:16,https://queue-times.com/parks/16/queue_times.json
2026-08-13T20:45:21.505Z,2026-08-13 13:45:21,2026-08-13,America/Los_Angeles,disneyland,Disneyland,Mickey's Toontown,13814,Donald's Duck Pond,TRUE,0,2026-08-13T20:41:16.000Z,2026-08-13 13:41:16,https://queue-times.com/parks/16/queue_times.json
2026-08-13T20:45:21.505Z,2026-08-13 13:45:21,2026-08-13,America/Los_Angeles,disneyland,Disneyland,Mickey's Toontown,11980,Goofy's How-to-Play Yard,TRUE,0,2026-08-13T20:41:16.000Z,2026-08-13 13:41:16,https://queue-times.com/parks/16/queue_times.json
2026-08-13T20:45:21.505Z,2026-08-13 13:45:21,2026-08-13,America/Los_Angeles,disneyland,Disneyland,Mickey's Toontown,11526,Mickey & Minnie's Runaway Railway,TRUE,20,2026-08-13T20:41:16.000Z,2026-08-13 13:41:16,https://queue-times.com/parks/16/queue_times.json
2026-08-13T20:45:21.505Z,2026-08-13 13:45:21,2026-08-13,America/Los_Angeles,disneyland,Disneyland,Mickey's Toontown,709,Mickey's House and Meet Mickey Mouse,TRUE,10,2026-08-13T20:41:16.000Z,2026-08-13 13:41:16,https://queue-times.com/parks/16/queue_times.json
2026-08-13T20:45:21.505Z,2026-08-13 13:45:21,2026-08-13,America/Los_Angeles,disneyland,Disneyland,Mickey's Toontown,327,Mickey's House and Meet Mickey Mouse,FALSE,0,2026-08-13T20:41:16.000Z,2026-08-13 13:41:16,https://queue-times.com/parks/16/queue_times.json
2026-08-13T20:45:21.505Z,2026-08-13 13:45:21,2026-08-13,America/Los_Angeles,disneyland,Disneyland,Mickey's Toontown,684,Minnie's House,TRUE,0,2026-08-13T20:41:16.000Z,2026-08-13 13:41:16,https://queue-times.com/parks/16/queue_times.json
2026-08-13T20:45:21.505Z,2026-08-13 13:45:21,2026-08-13,America/Los_Angeles,disneyland,Disneyland,Mickey's Toontown,332,Roger Rabbit's Car Toon Spin,TRUE,35,2026-08-13T20:41:16.000Z,2026-08-13 13:41:16,https://queue-times.com/parks/16/queue_times.json
2026-08-13T20:45:21.505Z,2026-08-13 13:45:21,2026-08-13,America/Los_Angeles,disneyland,Disneyland,New Orleans Square,13958,Haunted Mansion,FALSE,0,2026-08-13T20:41:16.000Z,2026-08-13 13:41:16,https://queue-times.com/parks/16/queue_times.json
2026-08-13T20:45:21.505Z,2026-08-13 13:45:21,2026-08-13,America/Los_Angeles,disneyland,Disneyland,New Orleans Square,289,Pirates of the Caribbean,TRUE,20,2026-08-13T20:41:16.000Z,2026-08-13 13:41:16,https://queue-times.com/parks/16/queue_times.json
2026-08-13T20:45:21.505Z,2026-08-13 13:45:21,2026-08-13,America/Los_Angeles,disneyland,Disneyland,Star Wars: Galaxy's Edge,6339,Millennium Falcon: Smugglers Run,TRUE,30,2026-08-13T20:41:16.000Z,2026-08-13 13:41:16,https://queue-times.com/parks/16/queue_times.json
2026-08-13T20:45:21.505Z,2026-08-13 13:45:21,2026-08-13,America/Los_Angeles,disneyland,Disneyland,Star Wars: Galaxy's Edge,10903,Millennium Falcon: Smugglers Run Single Rider,TRUE,0,2026-08-13T20:41:16.000Z,2026-08-13 13:41:16,https://queue-times.com/parks/16/queue_times.json
2026-08-13T20:45:21.505Z,2026-08-13 13:45:21,2026-08-13,America/Los_Angeles,disneyland,Disneyland,Star Wars: Galaxy's Edge,6340,Star Wars: Rise of the Resistance,TRUE,35,2026-08-13T20:41:16.000Z,2026-08-13 13:41:16,https://queue-times.com/parks/16/queue_times.json
2026-08-13T20:45:21.505Z,2026-08-13 13:45:21,2026-08-13,America/Los_Angeles,disneyland,Disneyland,Tomorrowland,287,Astro Orbitor,TRUE,15,2026-08-13T20:41:16.000Z,2026-08-13 13:41:16,https://queue-times.com/parks/16/queue_times.json
2026-08-13T20:45:21.505Z,2026-08-13 13:45:21,2026-08-13,America/Los_Angeles,disneyland,Disneyland,Tomorrowland,317,Autopia,TRUE,15,2026-08-13T20:41:16.000Z,2026-08-13 13:41:16,https://queue-times.com/parks/16/queue_times.json
2026-08-13T20:45:21.505Z,2026-08-13 13:45:21,2026-08-13,America/Los_Angeles,disneyland,Disneyland,Tomorrowland,273,Buzz Lightyear Astro Blasters,TRUE,15,2026-08-13T20:41:16.000Z,2026-08-13 13:41:16,https://queue-times.com/parks/16/queue_times.json
2026-08-13T20:45:21.505Z,2026-08-13 13:45:21,2026-08-13,America/Los_Angeles,disneyland,Disneyland,Tomorrowland,274,Disneyland Monorail,TRUE,5,2026-08-13T20:41:16.000Z,2026-08-13 13:41:16,https://queue-times.com/parks/16/queue_times.json
2026-08-13T20:45:21.505Z,2026-08-13 13:45:21,2026-08-13,America/Los_Angeles,disneyland,Disneyland,Tomorrowland,276,Finding Nemo Submarine Voyage,TRUE,5,2026-08-13T20:41:16.000Z,2026-08-13 13:41:16,https://queue-times.com/parks/16/queue_times.json
2026-08-13T20:45:21.505Z,2026-08-13 13:45:21,2026-08-13,America/Los_Angeles,disneyland,Disneyland,Tomorrowland,16627,Pixar Short Film Spotlight,FALSE,0,2026-08-13T20:41:16.000Z,2026-08-13 13:41:16,https://queue-times.com/parks/16/queue_times.json
2026-08-13T20:45:21.505Z,2026-08-13 13:45:21,2026-08-13,America/Los_Angeles,disneyland,Disneyland,Tomorrowland,284,Space Mountain,FALSE,0,2026-08-13T20:41:16.000Z,2026-08-13 13:41:16,https://queue-times.com/parks/16/queue_times.json
2026-08-13T20:45:21.505Z,2026-08-13 13:45:21,2026-08-13,America/Los_Angeles,disneyland,Disneyland,Tomorrowland,286,Star Tours - The Adventures Continue,TRUE,15,2026-08-13T20:41:16.000Z,2026-08-13 13:41:16,https://queue-times.com/parks/16/queue_times.json
2026-08-13T20:45:21.505Z,2026-08-13 13:45:21,2026-08-13,America/Los_Angeles,dca,Disney California Adventure,Avengers Campus,329,Guardians of the Galaxy - Mission: BREAKOUT!,TRUE,35,2026-08-13T20:41:18.000Z,2026-08-13 13:41:18,https://queue-times.com/parks/17/queue_times.json
2026-08-13T20:45:21.505Z,2026-08-13 13:45:21,2026-08-13,America/Los_Angeles,dca,Disney California Adventure,Avengers Campus,8843,WEB SLINGERS: A Spider-Man Adventure,TRUE,40,2026-08-13T20:41:18.000Z,2026-08-13 13:41:18,https://queue-times.com/parks/17/queue_times.json
2026-08-13T20:45:21.505Z,2026-08-13 13:45:21,2026-08-13,America/Los_Angeles,dca,Disney California Adventure,Avengers Campus,10907,WEB SLINGERS: A Spider-Man Adventure Single Rider,TRUE,0,2026-08-13T20:41:18.000Z,2026-08-13 13:41:18,https://queue-times.com/parks/17/queue_times.json
2026-08-13T20:45:21.505Z,2026-08-13 13:45:21,2026-08-13,America/Los_Angeles,dca,Disney California Adventure,Cars Land,13961,Luigi's Rollickin' Roadsters,FALSE,0,2026-08-13T20:41:18.000Z,2026-08-13 13:41:18,https://queue-times.com/parks/17/queue_times.json
2026-08-13T20:45:21.505Z,2026-08-13 13:45:21,2026-08-13,America/Los_Angeles,dca,Disney California Adventure,Cars Land,315,Mater's Junkyard Jamboree,TRUE,15,2026-08-13T20:41:18.000Z,2026-08-13 13:41:18,https://queue-times.com/parks/17/queue_times.json
2026-08-13T20:45:21.505Z,2026-08-13 13:45:21,2026-08-13,America/Los_Angeles,dca,Disney California Adventure,Cars Land,295,Radiator Springs Racers,TRUE,65,2026-08-13T20:41:18.000Z,2026-08-13 13:41:18,https://queue-times.com/parks/17/queue_times.json
2026-08-13T20:45:21.505Z,2026-08-13 13:45:21,2026-08-13,America/Los_Angeles,dca,Disney California Adventure,Cars Land,10904,Radiator Springs Racers Single Rider,TRUE,0,2026-08-13T20:41:18.000Z,2026-08-13 13:41:18,https://queue-times.com/parks/17/queue_times.json
2026-08-13T20:45:21.505Z,2026-08-13 13:45:21,2026-08-13,America/Los_Angeles,dca,Disney California Adventure,Grizzly Peak,302,Grizzly River Run,TRUE,25,2026-08-13T20:41:18.000Z,2026-08-13 13:41:18,https://queue-times.com/parks/17/queue_times.json
2026-08-13T20:45:21.505Z,2026-08-13 13:45:21,2026-08-13,America/Los_Angeles,dca,Disney California Adventure,Grizzly Peak,293,Redwood Creek Challenge Trail,TRUE,5,2026-08-13T20:41:18.000Z,2026-08-13 13:41:18,https://queue-times.com/parks/17/queue_times.json
2026-08-13T20:45:21.505Z,2026-08-13 13:45:21,2026-08-13,America/Los_Angeles,dca,Disney California Adventure,Grizzly Peak,17129,Soarin’ Across America,TRUE,50,2026-08-13T20:41:18.000Z,2026-08-13 13:41:18,https://queue-times.com/parks/17/queue_times.json
2026-08-13T20:45:21.505Z,2026-08-13 13:45:21,2026-08-13,America/Los_Angeles,dca,Disney California Adventure,Hollywood Land,321,Animation Academy,TRUE,0,2026-08-13T20:41:18.000Z,2026-08-13 13:41:18,https://queue-times.com/parks/17/queue_times.json
2026-08-13T20:45:21.505Z,2026-08-13 13:45:21,2026-08-13,America/Los_Angeles,dca,Disney California Adventure,Hollywood Land,6440,Mickey's PhilharMagic,TRUE,10,2026-08-13T20:41:18.000Z,2026-08-13 13:41:18,https://queue-times.com/parks/17/queue_times.json
2026-08-13T20:45:21.505Z,2026-08-13 13:45:21,2026-08-13,America/Los_Angeles,dca,Disney California Adventure,Hollywood Land,291,"Monsters, Inc. Mike & Sulley to the Rescue!",TRUE,25,2026-08-13T20:41:18.000Z,2026-08-13 13:41:18,https://queue-times.com/parks/17/queue_times.json
2026-08-13T20:45:21.505Z,2026-08-13 13:45:21,2026-08-13,America/Los_Angeles,dca,Disney California Adventure,Hollywood Land,868,Sorcerer's Workshop,TRUE,0,2026-08-13T20:41:18.000Z,2026-08-13 13:41:18,https://queue-times.com/parks/17/queue_times.json
2026-08-13T20:45:21.505Z,2026-08-13 13:45:21,2026-08-13,America/Los_Angeles,dca,Disney California Adventure,Hollywood Land,294,Turtle Talk with Crush,TRUE,0,2026-08-13T20:41:18.000Z,2026-08-13 13:41:18,https://queue-times.com/parks/17/queue_times.json
2026-08-13T20:45:21.505Z,2026-08-13 13:45:21,2026-08-13,America/Los_Angeles,dca,Disney California Adventure,Pacific Wharf,869,The Bakery Tour,TRUE,0,2026-08-13T20:41:18.000Z,2026-08-13 13:41:18,https://queue-times.com/parks/17/queue_times.json
2026-08-13T20:45:21.505Z,2026-08-13 13:45:21,2026-08-13,America/Los_Angeles,dca,Disney California Adventure,Paradise Gardens Park,298,Golden Zephyr,TRUE,5,2026-08-13T20:41:18.000Z,2026-08-13 13:41:18,https://queue-times.com/parks/17/queue_times.json
2026-08-13T20:45:21.505Z,2026-08-13 13:45:21,2026-08-13,America/Los_Angeles,dca,Disney California Adventure,Paradise Gardens Park,319,Goofy's Sky School,TRUE,30,2026-08-13T20:41:18.000Z,2026-08-13 13:41:18,https://queue-times.com/parks/17/queue_times.json
2026-08-13T20:45:21.505Z,2026-08-13 13:45:21,2026-08-13,America/Los_Angeles,dca,Disney California Adventure,Paradise Gardens Park,301,Silly Symphony Swings,FALSE,0,2026-08-13T20:41:18.000Z,2026-08-13 13:41:18,https://queue-times.com/parks/17/queue_times.json
2026-08-13T20:45:21.505Z,2026-08-13 13:45:21,2026-08-13,America/Los_Angeles,dca,Disney California Adventure,Paradise Gardens Park,316,The Little Mermaid - Ariel's Undersea Adventure,TRUE,20,2026-08-13T20:41:18.000Z,2026-08-13 13:41:18,https://queue-times.com/parks/17/queue_times.json
2026-08-13T20:45:21.505Z,2026-08-13 13:45:21,2026-08-13,America/Los_Angeles,dca,Disney California Adventure,Paradise Gardens Park,11528,World of Color – ONE,FALSE,0,2026-08-13T20:41:18.000Z,2026-08-13 13:41:18,https://queue-times.com/parks/17/queue_times.json
2026-08-13T20:45:21.505Z,2026-08-13 13:45:21,2026-08-13,America/Los_Angeles,dca,Disney California Adventure,Paradise Gardens Park,14742,World of Color Happiness!,FALSE,0,2026-08-10T07:05:45.000Z,2026-08-10 00:05:45,https://queue-times.com/parks/17/queue_times.json
2026-08-13T20:45:21.505Z,2026-08-13 13:45:21,2026-08-13,America/Los_Angeles,dca,Disney California Adventure,Pixar Pier,866,Games of Pixar Pier,TRUE,5,2026-08-13T20:41:18.000Z,2026-08-13 13:41:18,https://queue-times.com/parks/17/queue_times.json
2026-08-13T20:45:21.505Z,2026-08-13 13:45:21,2026-08-13,America/Los_Angeles,dca,Disney California Adventure,Pixar Pier,322,Incredicoaster,TRUE,20,2026-08-13T20:41:18.000Z,2026-08-13 13:41:18,https://queue-times.com/parks/17/queue_times.json
2026-08-13T20:45:21.505Z,2026-08-13 13:45:21,2026-08-13,America/Los_Angeles,dca,Disney California Adventure,Pixar Pier,10906,Incredicoaster Single Rider,TRUE,0,2026-08-13T20:41:18.000Z,2026-08-13 13:41:18,https://queue-times.com/parks/17/queue_times.json
2026-08-13T20:45:21.505Z,2026-08-13 13:45:21,2026-08-13,America/Los_Angeles,dca,Disney California Adventure,Pixar Pier,6643,Inside Out Emotional Whirlwind,TRUE,10,2026-08-13T20:41:18.000Z,2026-08-13 13:41:18,https://queue-times.com/parks/17/queue_times.json
2026-08-13T20:45:21.505Z,2026-08-13 13:45:21,2026-08-13,America/Los_Angeles,dca,Disney California Adventure,Pixar Pier,310,Jessie's Critter Carousel,TRUE,5,2026-08-13T20:41:18.000Z,2026-08-13 13:41:18,https://queue-times.com/parks/17/queue_times.json
2026-08-13T20:45:21.505Z,2026-08-13 13:45:21,2026-08-13,America/Los_Angeles,dca,Disney California Adventure,Pixar Pier,300,Jumpin' Jellyfish,TRUE,5,2026-08-13T20:41:18.000Z,2026-08-13 13:41:18,https://queue-times.com/parks/17/queue_times.json
2026-08-13T20:45:21.505Z,2026-08-13 13:45:21,2026-08-13,America/Los_Angeles,dca,Disney California Adventure,Pixar Pier,311,Pixar Pal-A-Round - Swinging,TRUE,25,2026-08-13T20:41:18.000Z,2026-08-13 13:41:18,https://queue-times.com/parks/17/queue_times.json
2026-08-13T20:45:21.505Z,2026-08-13 13:45:21,2026-08-13,America/Los_Angeles,dca,Disney California Adventure,Pixar Pier,5557,Pixar Pal-A-Round – Non-Swinging,TRUE,25,2026-08-13T20:41:18.000Z,2026-08-13 13:41:18,https://queue-times.com/parks/17/queue_times.json
2026-08-13T20:45:21.505Z,2026-08-13 13:45:21,2026-08-13,America/Los_Angeles,dca,Disney California Adventure,Pixar Pier,313,Toy Story Midway Mania!,TRUE,45,2026-08-13T20:41:18.000Z,2026-08-13 13:41:18,https://queue-times.com/parks/17/queue_times.json
2026-08-13T21:00:22.387Z,2026-08-13 14:00:22,2026-08-13,America/Los_Angeles,disneyland,Disneyland,Adventureland,12428,Adventureland Treehouse inspired by Walt Disney’s Swiss Family Robinson,TRUE,0,2026-08-13T20:55:35.000Z,2026-08-13 13:55:35,https://queue-times.com/parks/16/queue_times.json
2026-08-13T21:00:22.387Z,2026-08-13 14:00:22,2026-08-13,America/Los_Angeles,disneyland,Disneyland,Adventureland,326,Indiana Jones™ Adventure,TRUE,55,2026-08-13T20:55:35.000Z,2026-08-13 13:55:35,https://queue-times.com/parks/16/queue_times.json
2026-08-13T21:00:22.387Z,2026-08-13 14:00:22,2026-08-13,America/Los_Angeles,disneyland,Disneyland,Adventureland,296,Jungle Cruise,TRUE,5,2026-08-13T20:55:35.000Z,2026-08-13 13:55:35,https://queue-times.com/parks/16/queue_times.json
2026-08-13T21:00:22.387Z,2026-08-13 14:00:22,2026-08-13,America/Los_Angeles,disneyland,Disneyland,Adventureland,288,Walt Disney's Enchanted Tiki Room,TRUE,0,2026-08-13T20:55:35.000Z,2026-08-13 13:55:35,https://queue-times.com/parks/16/queue_times.json
2026-08-13T21:00:22.387Z,2026-08-13 14:00:22,2026-08-13,America/Los_Angeles,disneyland,Disneyland,Bayou Country,304,Davy Crockett's Explorer Canoes,FALSE,0,2026-08-13T20:55:35.000Z,2026-08-13 13:55:35,https://queue-times.com/parks/16/queue_times.json
2026-08-13T21:00:22.387Z,2026-08-13 14:00:22,2026-08-13,America/Los_Angeles,disneyland,Disneyland,Bayou Country,306,The Many Adventures of Winnie the Pooh,TRUE,5,2026-08-13T20:55:35.000Z,2026-08-13 13:55:35,https://queue-times.com/parks/16/queue_times.json
2026-08-13T21:00:22.387Z,2026-08-13 14:00:22,2026-08-13,America/Los_Angeles,disneyland,Disneyland,Bayou Country,14168,Tiana's Bayou Adventure,TRUE,45,2026-08-13T20:55:35.000Z,2026-08-13 13:55:35,https://queue-times.com/parks/16/queue_times.json
2026-08-13T21:00:22.387Z,2026-08-13 14:00:22,2026-08-13,America/Los_Angeles,disneyland,Disneyland,Bayou Country,14326,Tiana's Bayou Adventure Single Rider,TRUE,0,2026-08-13T20:55:35.000Z,2026-08-13 13:55:35,https://queue-times.com/parks/16/queue_times.json
2026-08-13T21:00:22.387Z,2026-08-13 14:00:22,2026-08-13,America/Los_Angeles,disneyland,Disneyland,Fantasyland,307,"""it's a small world""",FALSE,0,2026-08-13T20:55:35.000Z,2026-08-13 13:55:35,https://queue-times.com/parks/16/queue_times.json
2026-08-13T21:00:22.387Z,2026-08-13 14:00:22,2026-08-13,America/Los_Angeles,disneyland,Disneyland,Fantasyland,285,Alice in Wonderland,TRUE,25,2026-08-13T20:55:35.000Z,2026-08-13 13:55:35,https://queue-times.com/parks/16/queue_times.json
2026-08-13T21:00:22.387Z,2026-08-13 14:00:22,2026-08-13,America/Los_Angeles,disneyland,Disneyland,Fantasyland,16254,Bluey’s Best Day Ever! at Fantasyland Theatre,TRUE,0,2026-08-13T20:55:35.000Z,2026-08-13 13:55:35,https://queue-times.com/parks/16/queue_times.json
2026-08-13T21:00:22.387Z,2026-08-13 14:00:22,2026-08-13,America/Los_Angeles,disneyland,Disneyland,Fantasyland,303,Casey Jr. Circus Train,TRUE,5,2026-08-13T20:55:35.000Z,2026-08-13 13:55:35,https://queue-times.com/parks/16/queue_times.json
2026-08-13T21:00:22.387Z,2026-08-13 14:00:22,2026-08-13,America/Los_Angeles,disneyland,Disneyland,Fantasyland,275,Dumbo the Flying Elephant,TRUE,10,2026-08-13T20:55:35.000Z,2026-08-13 13:55:35,https://queue-times.com/parks/16/queue_times.json
2026-08-13T21:00:22.387Z,2026-08-13 14:00:22,2026-08-13,America/Los_Angeles,disneyland,Disneyland,Fantasyland,277,King Arthur Carrousel,TRUE,5,2026-08-13T20:55:35.000Z,2026-08-13 13:55:35,https://queue-times.com/parks/16/queue_times.json
2026-08-13T21:00:22.387Z,2026-08-13 14:00:22,2026-08-13,America/Los_Angeles,disneyland,Disneyland,Fantasyland,278,Mad Tea Party,TRUE,5,2026-08-13T20:55:35.000Z,2026-08-13 13:55:35,https://queue-times.com/parks/16/queue_times.json
2026-08-13T21:00:22.387Z,2026-08-13 14:00:22,2026-08-13,America/Los_Angeles,disneyland,Disneyland,Fantasyland,279,Matterhorn Bobsleds,FALSE,0,2026-08-13T20:55:35.000Z,2026-08-13 13:55:35,https://queue-times.com/parks/16/queue_times.json
2026-08-13T21:00:22.387Z,2026-08-13 14:00:22,2026-08-13,America/Los_Angeles,disneyland,Disneyland,Fantasyland,6711,Meet Disney Princesses at Royal Hall,TRUE,30,2026-08-13T20:55:35.000Z,2026-08-13 13:55:35,https://queue-times.com/parks/16/queue_times.json
2026-08-13T21:00:22.387Z,2026-08-13 14:00:22,2026-08-13,America/Los_Angeles,disneyland,Disneyland,Fantasyland,280,Mr. Toad's Wild Ride,TRUE,10,2026-08-13T20:55:35.000Z,2026-08-13 13:55:35,https://queue-times.com/parks/16/queue_times.json
2026-08-13T21:00:22.387Z,2026-08-13 14:00:22,2026-08-13,America/Los_Angeles,disneyland,Disneyland,Fantasyland,281,Peter Pan's Flight,TRUE,25,2026-08-13T20:55:35.000Z,2026-08-13 13:55:35,https://queue-times.com/parks/16/queue_times.json
2026-08-13T21:00:22.387Z,2026-08-13 14:00:22,2026-08-13,America/Los_Angeles,disneyland,Disneyland,Fantasyland,282,Pinocchio's Daring Journey,TRUE,5,2026-08-13T20:55:35.000Z,2026-08-13 13:55:35,https://queue-times.com/parks/16/queue_times.json
2026-08-13T21:00:22.387Z,2026-08-13 14:00:22,2026-08-13,America/Los_Angeles,disneyland,Disneyland,Fantasyland,687,Sleeping Beauty Castle Walkthrough,FALSE,0,2026-08-13T20:55:35.000Z,2026-08-13 13:55:35,https://queue-times.com/parks/16/queue_times.json
2026-08-13T21:00:22.387Z,2026-08-13 14:00:22,2026-08-13,America/Los_Angeles,disneyland,Disneyland,Fantasyland,283,Snow White's Enchanted Wish,TRUE,5,2026-08-13T20:55:35.000Z,2026-08-13 13:55:35,https://queue-times.com/parks/16/queue_times.json
2026-08-13T21:00:22.387Z,2026-08-13 14:00:22,2026-08-13,America/Los_Angeles,disneyland,Disneyland,Fantasyland,305,Storybook Land Canal Boats,TRUE,5,2026-08-13T20:55:35.000Z,2026-08-13 13:55:35,https://queue-times.com/parks/16/queue_times.json
2026-08-13T21:00:22.387Z,2026-08-13 14:00:22,2026-08-13,America/Los_Angeles,disneyland,Disneyland,Frontierland,323,Big Thunder Mountain Railroad,TRUE,35,2026-08-13T20:55:35.000Z,2026-08-13 13:55:35,https://queue-times.com/parks/16/queue_times.json
2026-08-13T21:00:22.387Z,2026-08-13 14:00:22,2026-08-13,America/Los_Angeles,disneyland,Disneyland,Frontierland,679,Frontierland Shootin' Exposition,FALSE,0,2026-08-13T20:55:35.000Z,2026-08-13 13:55:35,https://queue-times.com/parks/16/queue_times.json
2026-08-13T21:00:22.387Z,2026-08-13 14:00:22,2026-08-13,America/Los_Angeles,disneyland,Disneyland,Frontierland,456,Mark Twain Riverboat,TRUE,10,2026-08-13T20:55:35.000Z,2026-08-13 13:55:35,https://queue-times.com/parks/16/queue_times.json
2026-08-13T21:00:22.387Z,2026-08-13 14:00:22,2026-08-13,America/Los_Angeles,disneyland,Disneyland,Frontierland,331,Pirate's Lair on Tom Sawyer Island,TRUE,5,2026-08-13T20:55:35.000Z,2026-08-13 13:55:35,https://queue-times.com/parks/16/queue_times.json
2026-08-13T21:00:22.387Z,2026-08-13 14:00:22,2026-08-13,America/Los_Angeles,disneyland,Disneyland,Frontierland,328,Sailing Ship Columbia,FALSE,0,2026-08-13T20:55:35.000Z,2026-08-13 13:55:35,https://queue-times.com/parks/16/queue_times.json
2026-08-13T21:00:22.387Z,2026-08-13 14:00:22,2026-08-13,America/Los_Angeles,disneyland,Disneyland,Main Street U.S.A,674,Disneyland Railroad,TRUE,5,2026-08-13T20:55:35.000Z,2026-08-13 13:55:35,https://queue-times.com/parks/16/queue_times.json
2026-08-13T21:00:22.387Z,2026-08-13 14:00:22,2026-08-13,America/Los_Angeles,disneyland,Disneyland,Main Street U.S.A,690,Great Moments with Mr. Lincoln,FALSE,0,2026-08-13T20:55:35.000Z,2026-08-13 13:55:35,https://queue-times.com/parks/16/queue_times.json
2026-08-13T21:00:22.387Z,2026-08-13 14:00:22,2026-08-13,America/Los_Angeles,disneyland,Disneyland,Main Street U.S.A,686,Main Street Cinema,FALSE,0,2026-08-13T20:55:35.000Z,2026-08-13 13:55:35,https://queue-times.com/parks/16/queue_times.json
2026-08-13T21:00:22.387Z,2026-08-13 14:00:22,2026-08-13,America/Los_Angeles,disneyland,Disneyland,Main Street U.S.A,691,Main Street Vehicles,TRUE,0,2026-08-13T20:55:35.000Z,2026-08-13 13:55:35,https://queue-times.com/parks/16/queue_times.json
2026-08-13T21:00:22.387Z,2026-08-13 14:00:22,2026-08-13,America/Los_Angeles,disneyland,Disneyland,Main Street U.S.A,14915,Opera House - Walt Disney - A Magical Life,TRUE,0,2026-08-13T20:55:35.000Z,2026-08-13 13:55:35,https://queue-times.com/parks/16/queue_times.json
2026-08-13T21:00:22.387Z,2026-08-13 14:00:22,2026-08-13,America/Los_Angeles,disneyland,Disneyland,Main Street U.S.A,695,The Disney Gallery,TRUE,0,2026-08-13T20:55:35.000Z,2026-08-13 13:55:35,https://queue-times.com/parks/16/queue_times.json
2026-08-13T21:00:22.387Z,2026-08-13 14:00:22,2026-08-13,America/Los_Angeles,disneyland,Disneyland,Main Street U.S.A,14923,Walt Disney - A Magical Life,FALSE,0,2026-08-13T20:55:35.000Z,2026-08-13 13:55:35,https://queue-times.com/parks/16/queue_times.json
2026-08-13T21:00:22.387Z,2026-08-13 14:00:22,2026-08-13,America/Los_Angeles,disneyland,Disneyland,Mickey's Toontown,324,Chip 'n' Dale's GADGETcoaster,TRUE,15,2026-08-13T20:55:35.000Z,2026-08-13 13:55:35,https://queue-times.com/parks/16/queue_times.json
2026-08-13T21:00:22.387Z,2026-08-13 14:00:22,2026-08-13,America/Los_Angeles,disneyland,Disneyland,Mickey's Toontown,13814,Donald's Duck Pond,TRUE,0,2026-08-13T20:55:35.000Z,2026-08-13 13:55:35,https://queue-times.com/parks/16/queue_times.json
2026-08-13T21:00:22.387Z,2026-08-13 14:00:22,2026-08-13,America/Los_Angeles,disneyland,Disneyland,Mickey's Toontown,11980,Goofy's How-to-Play Yard,TRUE,0,2026-08-13T20:55:35.000Z,2026-08-13 13:55:35,https://queue-times.com/parks/16/queue_times.json
2026-08-13T21:00:22.387Z,2026-08-13 14:00:22,2026-08-13,America/Los_Angeles,disneyland,Disneyland,Mickey's Toontown,11526,Mickey & Minnie's Runaway Railway,TRUE,30,2026-08-13T20:55:35.000Z,2026-08-13 13:55:35,https://queue-times.com/parks/16/queue_times.json
2026-08-13T21:00:22.387Z,2026-08-13 14:00:22,2026-08-13,America/Los_Angeles,disneyland,Disneyland,Mickey's Toontown,709,Mickey's House and Meet Mickey Mouse,TRUE,10,2026-08-13T20:55:35.000Z,2026-08-13 13:55:35,https://queue-times.com/parks/16/queue_times.json
2026-08-13T21:00:22.387Z,2026-08-13 14:00:22,2026-08-13,America/Los_Angeles,disneyland,Disneyland,Mickey's Toontown,327,Mickey's House and Meet Mickey Mouse,FALSE,0,2026-08-13T20:55:35.000Z,2026-08-13 13:55:35,https://queue-times.com/parks/16/queue_times.json
2026-08-13T21:00:22.387Z,2026-08-13 14:00:22,2026-08-13,America/Los_Angeles,disneyland,Disneyland,Mickey's Toontown,684,Minnie's House,TRUE,0,2026-08-13T20:55:35.000Z,2026-08-13 13:55:35,https://queue-times.com/parks/16/queue_times.json
2026-08-13T21:00:22.387Z,2026-08-13 14:00:22,2026-08-13,America/Los_Angeles,disneyland,Disneyland,Mickey's Toontown,332,Roger Rabbit's Car Toon Spin,TRUE,45,2026-08-13T20:55:35.000Z,2026-08-13 13:55:35,https://queue-times.com/parks/16/queue_times.json
2026-08-13T21:00:22.387Z,2026-08-13 14:00:22,2026-08-13,America/Los_Angeles,disneyland,Disneyland,New Orleans Square,13958,Haunted Mansion,FALSE,0,2026-08-13T20:55:35.000Z,2026-08-13 13:55:35,https://queue-times.com/parks/16/queue_times.json
2026-08-13T21:00:22.387Z,2026-08-13 14:00:22,2026-08-13,America/Los_Angeles,disneyland,Disneyland,New Orleans Square,289,Pirates of the Caribbean,TRUE,20,2026-08-13T20:55:35.000Z,2026-08-13 13:55:35,https://queue-times.com/parks/16/queue_times.json
2026-08-13T21:00:22.387Z,2026-08-13 14:00:22,2026-08-13,America/Los_Angeles,disneyland,Disneyland,Star Wars: Galaxy's Edge,6339,Millennium Falcon: Smugglers Run,TRUE,20,2026-08-13T20:55:35.000Z,2026-08-13 13:55:35,https://queue-times.com/parks/16/queue_times.json
2026-08-13T21:00:22.387Z,2026-08-13 14:00:22,2026-08-13,America/Los_Angeles,disneyland,Disneyland,Star Wars: Galaxy's Edge,10903,Millennium Falcon: Smugglers Run Single Rider,TRUE,0,2026-08-13T20:55:35.000Z,2026-08-13 13:55:35,https://queue-times.com/parks/16/queue_times.json
2026-08-13T21:00:22.387Z,2026-08-13 14:00:22,2026-08-13,America/Los_Angeles,disneyland,Disneyland,Star Wars: Galaxy's Edge,6340,Star Wars: Rise of the Resistance,TRUE,35,2026-08-13T20:55:35.000Z,2026-08-13 13:55:35,https://queue-times.com/parks/16/queue_times.json
2026-08-13T21:00:22.387Z,2026-08-13 14:00:22,2026-08-13,America/Los_Angeles,disneyland,Disneyland,Tomorrowland,287,Astro Orbitor,TRUE,20,2026-08-13T20:55:35.000Z,2026-08-13 13:55:35,https://queue-times.com/parks/16/queue_times.json
2026-08-13T21:00:22.387Z,2026-08-13 14:00:22,2026-08-13,America/Los_Angeles,disneyland,Disneyland,Tomorrowland,317,Autopia,TRUE,15,2026-08-13T20:55:35.000Z,2026-08-13 13:55:35,https://queue-times.com/parks/16/queue_times.json
2026-08-13T21:00:22.387Z,2026-08-13 14:00:22,2026-08-13,America/Los_Angeles,disneyland,Disneyland,Tomorrowland,273,Buzz Lightyear Astro Blasters,TRUE,30,2026-08-13T20:55:35.000Z,2026-08-13 13:55:35,https://queue-times.com/parks/16/queue_times.json
2026-08-13T21:00:22.387Z,2026-08-13 14:00:22,2026-08-13,America/Los_Angeles,disneyland,Disneyland,Tomorrowland,274,Disneyland Monorail,TRUE,5,2026-08-13T20:55:35.000Z,2026-08-13 13:55:35,https://queue-times.com/parks/16/queue_times.json
2026-08-13T21:00:22.387Z,2026-08-13 14:00:22,2026-08-13,America/Los_Angeles,disneyland,Disneyland,Tomorrowland,276,Finding Nemo Submarine Voyage,TRUE,20,2026-08-13T20:55:35.000Z,2026-08-13 13:55:35,https://queue-times.com/parks/16/queue_times.json
2026-08-13T21:00:22.387Z,2026-08-13 14:00:22,2026-08-13,America/Los_Angeles,disneyland,Disneyland,Tomorrowland,16627,Pixar Short Film Spotlight,FALSE,0,2026-08-13T20:55:35.000Z,2026-08-13 13:55:35,https://queue-times.com/parks/16/queue_times.json
2026-08-13T21:00:22.387Z,2026-08-13 14:00:22,2026-08-13,America/Los_Angeles,disneyland,Disneyland,Tomorrowland,284,Space Mountain,FALSE,0,2026-08-13T20:55:35.000Z,2026-08-13 13:55:35,https://queue-times.com/parks/16/queue_times.json
2026-08-13T21:00:22.387Z,2026-08-13 14:00:22,2026-08-13,America/Los_Angeles,disneyland,Disneyland,Tomorrowland,286,Star Tours - The Adventures Continue,TRUE,25,2026-08-13T20:55:35.000Z,2026-08-13 13:55:35,https://queue-times.com/parks/16/queue_times.json
2026-08-13T21:00:22.387Z,2026-08-13 14:00:22,2026-08-13,America/Los_Angeles,dca,Disney California Adventure,Avengers Campus,329,Guardians of the Galaxy - Mission: BREAKOUT!,TRUE,50,2026-08-13T20:55:45.000Z,2026-08-13 13:55:45,https://queue-times.com/parks/17/queue_times.json
2026-08-13T21:00:22.387Z,2026-08-13 14:00:22,2026-08-13,America/Los_Angeles,dca,Disney California Adventure,Avengers Campus,8843,WEB SLINGERS: A Spider-Man Adventure,TRUE,40,2026-08-13T20:55:45.000Z,2026-08-13 13:55:45,https://queue-times.com/parks/17/queue_times.json
2026-08-13T21:00:22.387Z,2026-08-13 14:00:22,2026-08-13,America/Los_Angeles,dca,Disney California Adventure,Avengers Campus,10907,WEB SLINGERS: A Spider-Man Adventure Single Rider,TRUE,0,2026-08-13T20:55:45.000Z,2026-08-13 13:55:45,https://queue-times.com/parks/17/queue_times.json
2026-08-13T21:00:22.387Z,2026-08-13 14:00:22,2026-08-13,America/Los_Angeles,dca,Disney California Adventure,Cars Land,13961,Luigi's Rollickin' Roadsters,TRUE,15,2026-08-13T20:55:45.000Z,2026-08-13 13:55:45,https://queue-times.com/parks/17/queue_times.json
2026-08-13T21:00:22.387Z,2026-08-13 14:00:22,2026-08-13,America/Los_Angeles,dca,Disney California Adventure,Cars Land,315,Mater's Junkyard Jamboree,TRUE,10,2026-08-13T20:55:45.000Z,2026-08-13 13:55:45,https://queue-times.com/parks/17/queue_times.json
2026-08-13T21:00:22.387Z,2026-08-13 14:00:22,2026-08-13,America/Los_Angeles,dca,Disney California Adventure,Cars Land,295,Radiator Springs Racers,TRUE,55,2026-08-13T20:55:45.000Z,2026-08-13 13:55:45,https://queue-times.com/parks/17/queue_times.json
2026-08-13T21:00:22.387Z,2026-08-13 14:00:22,2026-08-13,America/Los_Angeles,dca,Disney California Adventure,Cars Land,10904,Radiator Springs Racers Single Rider,TRUE,0,2026-08-13T20:55:45.000Z,2026-08-13 13:55:45,https://queue-times.com/parks/17/queue_times.json
2026-08-13T21:00:22.387Z,2026-08-13 14:00:22,2026-08-13,America/Los_Angeles,dca,Disney California Adventure,Grizzly Peak,302,Grizzly River Run,TRUE,25,2026-08-13T20:55:45.000Z,2026-08-13 13:55:45,https://queue-times.com/parks/17/queue_times.json
2026-08-13T21:00:22.387Z,2026-08-13 14:00:22,2026-08-13,America/Los_Angeles,dca,Disney California Adventure,Grizzly Peak,293,Redwood Creek Challenge Trail,TRUE,5,2026-08-13T20:55:45.000Z,2026-08-13 13:55:45,https://queue-times.com/parks/17/queue_times.json
2026-08-13T21:00:22.387Z,2026-08-13 14:00:22,2026-08-13,America/Los_Angeles,dca,Disney California Adventure,Grizzly Peak,17129,Soarin’ Across America,TRUE,35,2026-08-13T20:55:45.000Z,2026-08-13 13:55:45,https://queue-times.com/parks/17/queue_times.json
2026-08-13T21:00:22.387Z,2026-08-13 14:00:22,2026-08-13,America/Los_Angeles,dca,Disney California Adventure,Hollywood Land,321,Animation Academy,TRUE,0,2026-08-13T20:55:45.000Z,2026-08-13 13:55:45,https://queue-times.com/parks/17/queue_times.json
2026-08-13T21:00:22.387Z,2026-08-13 14:00:22,2026-08-13,America/Los_Angeles,dca,Disney California Adventure,Hollywood Land,6440,Mickey's PhilharMagic,TRUE,10,2026-08-13T20:55:45.000Z,2026-08-13 13:55:45,https://queue-times.com/parks/17/queue_times.json
2026-08-13T21:00:22.387Z,2026-08-13 14:00:22,2026-08-13,America/Los_Angeles,dca,Disney California Adventure,Hollywood Land,291,"Monsters, Inc. Mike & Sulley to the Rescue!",TRUE,25,2026-08-13T20:55:45.000Z,2026-08-13 13:55:45,https://queue-times.com/parks/17/queue_times.json
2026-08-13T21:00:22.387Z,2026-08-13 14:00:22,2026-08-13,America/Los_Angeles,dca,Disney California Adventure,Hollywood Land,868,Sorcerer's Workshop,TRUE,0,2026-08-13T20:55:45.000Z,2026-08-13 13:55:45,https://queue-times.com/parks/17/queue_times.json
2026-08-13T21:00:22.387Z,2026-08-13 14:00:22,2026-08-13,America/Los_Angeles,dca,Disney California Adventure,Hollywood Land,294,Turtle Talk with Crush,TRUE,0,2026-08-13T20:55:45.000Z,2026-08-13 13:55:45,https://queue-times.com/parks/17/queue_times.json
2026-08-13T21:00:22.387Z,2026-08-13 14:00:22,2026-08-13,America/Los_Angeles,dca,Disney California Adventure,Pacific Wharf,869,The Bakery Tour,TRUE,0,2026-08-13T20:55:45.000Z,2026-08-13 13:55:45,https://queue-times.com/parks/17/queue_times.json
2026-08-13T21:00:22.387Z,2026-08-13 14:00:22,2026-08-13,America/Los_Angeles,dca,Disney California Adventure,Paradise Gardens Park,298,Golden Zephyr,FALSE,0,2026-08-13T20:55:45.000Z,2026-08-13 13:55:45,https://queue-times.com/parks/17/queue_times.json
2026-08-13T21:00:22.387Z,2026-08-13 14:00:22,2026-08-13,America/Los_Angeles,dca,Disney California Adventure,Paradise Gardens Park,319,Goofy's Sky School,TRUE,30,2026-08-13T20:55:45.000Z,2026-08-13 13:55:45,https://queue-times.com/parks/17/queue_times.json
2026-08-13T21:00:22.387Z,2026-08-13 14:00:22,2026-08-13,America/Los_Angeles,dca,Disney California Adventure,Paradise Gardens Park,301,Silly Symphony Swings,FALSE,0,2026-08-13T20:55:45.000Z,2026-08-13 13:55:45,https://queue-times.com/parks/17/queue_times.json
2026-08-13T21:00:22.387Z,2026-08-13 14:00:22,2026-08-13,America/Los_Angeles,dca,Disney California Adventure,Paradise Gardens Park,316,The Little Mermaid - Ariel's Undersea Adventure,TRUE,20,2026-08-13T20:55:45.000Z,2026-08-13 13:55:45,https://queue-times.com/parks/17/queue_times.json
2026-08-13T21:00:22.387Z,2026-08-13 14:00:22,2026-08-13,America/Los_Angeles,dca,Disney California Adventure,Paradise Gardens Park,11528,World of Color – ONE,FALSE,0,2026-08-13T20:55:45.000Z,2026-08-13 13:55:45,https://queue-times.com/parks/17/queue_times.json
2026-08-13T21:00:22.387Z,2026-08-13 14:00:22,2026-08-13,America/Los_Angeles,dca,Disney California Adventure,Paradise Gardens Park,14742,World of Color Happiness!,FALSE,0,2026-08-10T07:05:45.000Z,2026-08-10 00:05:45,https://queue-times.com/parks/17/queue_times.json
2026-08-13T21:00:22.387Z,2026-08-13 14:00:22,2026-08-13,America/Los_Angeles,dca,Disney California Adventure,Pixar Pier,866,Games of Pixar Pier,TRUE,5,2026-08-13T20:55:45.000Z,2026-08-13 13:55:45,https://queue-times.com/parks/17/queue_times.json
2026-08-13T21:00:22.387Z,2026-08-13 14:00:22,2026-08-13,America/Los_Angeles,dca,Disney California Adventure,Pixar Pier,322,Incredicoaster,TRUE,20,2026-08-13T20:55:45.000Z,2026-08-13 13:55:45,https://queue-times.com/parks/17/queue_times.json
2026-08-13T21:00:22.387Z,2026-08-13 14:00:22,2026-08-13,America/Los_Angeles,dca,Disney California Adventure,Pixar Pier,10906,Incredicoaster Single Rider,TRUE,0,2026-08-13T20:55:45.000Z,2026-08-13 13:55:45,https://queue-times.com/parks/17/queue_times.json
2026-08-13T21:00:22.387Z,2026-08-13 14:00:22,2026-08-13,America/Los_Angeles,dca,Disney California Adventure,Pixar Pier,6643,Inside Out Emotional Whirlwind,TRUE,10,2026-08-13T20:55:45.000Z,2026-08-13 13:55:45,https://queue-times.com/parks/17/queue_times.json
2026-08-13T21:00:22.387Z,2026-08-13 14:00:22,2026-08-13,America/Los_Angeles,dca,Disney California Adventure,Pixar Pier,310,Jessie's Critter Carousel,TRUE,5,2026-08-13T20:55:45.000Z,2026-08-13 13:55:45,https://queue-times.com/parks/17/queue_times.json
2026-08-13T21:00:22.387Z,2026-08-13 14:00:22,2026-08-13,America/Los_Angeles,dca,Disney California Adventure,Pixar Pier,300,Jumpin' Jellyfish,TRUE,5,2026-08-13T20:55:45.000Z,2026-08-13 13:55:45,https://queue-times.com/parks/17/queue_times.json
2026-08-13T21:00:22.387Z,2026-08-13 14:00:22,2026-08-13,America/Los_Angeles,dca,Disney California Adventure,Pixar Pier,311,Pixar Pal-A-Round - Swinging,TRUE,25,2026-08-13T20:55:45.000Z,2026-08-13 13:55:45,https://queue-times.com/parks/17/queue_times.json
2026-08-13T21:00:22.387Z,2026-08-13 14:00:22,2026-08-13,America/Los_Angeles,dca,Disney California Adventure,Pixar Pier,5557,Pixar Pal-A-Round – Non-Swinging,TRUE,25,2026-08-13T20:55:45.000Z,2026-08-13 13:55:45,https://queue-times.com/parks/17/queue_times.json
2026-08-13T21:00:22.387Z,2026-08-13 14:00:22,2026-08-13,America/Los_Angeles,dca,Disney California Adventure,Pixar Pier,313,Toy Story Midway Mania!,TRUE,40,2026-08-13T20:55:45.000Z,2026-08-13 13:55:45,https://queue-times.com/parks/17/queue_times.json
2026-08-13T21:15:19.599Z,2026-08-13 14:15:19,2026-08-13,America/Los_Angeles,disneyland,Disneyland,Adventureland,12428,Adventureland Treehouse inspired by Walt Disney’s Swiss Family Robinson,TRUE,0,2026-08-13T21:10:55.000Z,2026-08-13 14:10:55,https://queue-times.com/parks/16/queue_times.json
2026-08-13T21:15:19.599Z,2026-08-13 14:15:19,2026-08-13,America/Los_Angeles,disneyland,Disneyland,Adventureland,326,Indiana Jones™ Adventure,TRUE,55,2026-08-13T21:10:55.000Z,2026-08-13 14:10:55,https://queue-times.com/parks/16/queue_times.json
2026-08-13T21:15:19.599Z,2026-08-13 14:15:19,2026-08-13,America/Los_Angeles,disneyland,Disneyland,Adventureland,296,Jungle Cruise,TRUE,35,2026-08-13T21:10:55.000Z,2026-08-13 14:10:55,https://queue-times.com/parks/16/queue_times.json
2026-08-13T21:15:19.599Z,2026-08-13 14:15:19,2026-08-13,America/Los_Angeles,disneyland,Disneyland,Adventureland,288,Walt Disney's Enchanted Tiki Room,TRUE,0,2026-08-13T21:10:55.000Z,2026-08-13 14:10:55,https://queue-times.com/parks/16/queue_times.json
2026-08-13T21:15:19.599Z,2026-08-13 14:15:19,2026-08-13,America/Los_Angeles,disneyland,Disneyland,Bayou Country,304,Davy Crockett's Explorer Canoes,FALSE,0,2026-08-13T21:10:55.000Z,2026-08-13 14:10:55,https://queue-times.com/parks/16/queue_times.json
2026-08-13T21:15:19.599Z,2026-08-13 14:15:19,2026-08-13,America/Los_Angeles,disneyland,Disneyland,Bayou Country,306,The Many Adventures of Winnie the Pooh,TRUE,10,2026-08-13T21:10:55.000Z,2026-08-13 14:10:55,https://queue-times.com/parks/16/queue_times.json
2026-08-13T21:15:19.599Z,2026-08-13 14:15:19,2026-08-13,America/Los_Angeles,disneyland,Disneyland,Bayou Country,14168,Tiana's Bayou Adventure,TRUE,45,2026-08-13T21:10:55.000Z,2026-08-13 14:10:55,https://queue-times.com/parks/16/queue_times.json
2026-08-13T21:15:19.599Z,2026-08-13 14:15:19,2026-08-13,America/Los_Angeles,disneyland,Disneyland,Bayou Country,14326,Tiana's Bayou Adventure Single Rider,TRUE,0,2026-08-13T21:10:55.000Z,2026-08-13 14:10:55,https://queue-times.com/parks/16/queue_times.json
2026-08-13T21:15:19.599Z,2026-08-13 14:15:19,2026-08-13,America/Los_Angeles,disneyland,Disneyland,Fantasyland,307,"""it's a small world""",TRUE,15,2026-08-13T21:10:55.000Z,2026-08-13 14:10:55,https://queue-times.com/parks/16/queue_times.json
2026-08-13T21:15:19.599Z,2026-08-13 14:15:19,2026-08-13,America/Los_Angeles,disneyland,Disneyland,Fantasyland,285,Alice in Wonderland,TRUE,25,2026-08-13T21:10:55.000Z,2026-08-13 14:10:55,https://queue-times.com/parks/16/queue_times.json
2026-08-13T21:15:19.599Z,2026-08-13 14:15:19,2026-08-13,America/Los_Angeles,disneyland,Disneyland,Fantasyland,16254,Bluey’s Best Day Ever! at Fantasyland Theatre,TRUE,0,2026-08-13T21:10:55.000Z,2026-08-13 14:10:55,https://queue-times.com/parks/16/queue_times.json
2026-08-13T21:15:19.599Z,2026-08-13 14:15:19,2026-08-13,America/Los_Angeles,disneyland,Disneyland,Fantasyland,303,Casey Jr. Circus Train,TRUE,5,2026-08-13T21:10:55.000Z,2026-08-13 14:10:55,https://queue-times.com/parks/16/queue_times.json
2026-08-13T21:15:19.599Z,2026-08-13 14:15:19,2026-08-13,America/Los_Angeles,disneyland,Disneyland,Fantasyland,275,Dumbo the Flying Elephant,TRUE,10,2026-08-13T21:10:55.000Z,2026-08-13 14:10:55,https://queue-times.com/parks/16/queue_times.json
2026-08-13T21:15:19.599Z,2026-08-13 14:15:19,2026-08-13,America/Los_Angeles,disneyland,Disneyland,Fantasyland,277,King Arthur Carrousel,TRUE,5,2026-08-13T21:10:55.000Z,2026-08-13 14:10:55,https://queue-times.com/parks/16/queue_times.json
2026-08-13T21:15:19.599Z,2026-08-13 14:15:19,2026-08-13,America/Los_Angeles,disneyland,Disneyland,Fantasyland,278,Mad Tea Party,TRUE,5,2026-08-13T21:10:55.000Z,2026-08-13 14:10:55,https://queue-times.com/parks/16/queue_times.json
2026-08-13T21:15:19.599Z,2026-08-13 14:15:19,2026-08-13,America/Los_Angeles,disneyland,Disneyland,Fantasyland,279,Matterhorn Bobsleds,FALSE,0,2026-08-13T21:10:55.000Z,2026-08-13 14:10:55,https://queue-times.com/parks/16/queue_times.json
2026-08-13T21:15:19.599Z,2026-08-13 14:15:19,2026-08-13,America/Los_Angeles,disneyland,Disneyland,Fantasyland,6711,Meet Disney Princesses at Royal Hall,TRUE,45,2026-08-13T21:10:55.000Z,2026-08-13 14:10:55,https://queue-times.com/parks/16/queue_times.json
2026-08-13T21:15:19.599Z,2026-08-13 14:15:19,2026-08-13,America/Los_Angeles,disneyland,Disneyland,Fantasyland,280,Mr. Toad's Wild Ride,TRUE,20,2026-08-13T21:10:55.000Z,2026-08-13 14:10:55,https://queue-times.com/parks/16/queue_times.json
2026-08-13T21:15:19.599Z,2026-08-13 14:15:19,2026-08-13,America/Los_Angeles,disneyland,Disneyland,Fantasyland,281,Peter Pan's Flight,TRUE,35,2026-08-13T21:10:55.000Z,2026-08-13 14:10:55,https://queue-times.com/parks/16/queue_times.json
2026-08-13T21:15:19.599Z,2026-08-13 14:15:19,2026-08-13,America/Los_Angeles,disneyland,Disneyland,Fantasyland,282,Pinocchio's Daring Journey,TRUE,5,2026-08-13T21:10:55.000Z,2026-08-13 14:10:55,https://queue-times.com/parks/16/queue_times.json
2026-08-13T21:15:19.599Z,2026-08-13 14:15:19,2026-08-13,America/Los_Angeles,disneyland,Disneyland,Fantasyland,687,Sleeping Beauty Castle Walkthrough,FALSE,0,2026-08-13T21:10:55.000Z,2026-08-13 14:10:55,https://queue-times.com/parks/16/queue_times.json
2026-08-13T21:15:19.599Z,2026-08-13 14:15:19,2026-08-13,America/Los_Angeles,disneyland,Disneyland,Fantasyland,283,Snow White's Enchanted Wish,TRUE,15,2026-08-13T21:10:55.000Z,2026-08-13 14:10:55,https://queue-times.com/parks/16/queue_times.json
2026-08-13T21:15:19.599Z,2026-08-13 14:15:19,2026-08-13,America/Los_Angeles,disneyland,Disneyland,Fantasyland,305,Storybook Land Canal Boats,TRUE,10,2026-08-13T21:10:55.000Z,2026-08-13 14:10:55,https://queue-times.com/parks/16/queue_times.json
2026-08-13T21:15:19.599Z,2026-08-13 14:15:19,2026-08-13,America/Los_Angeles,disneyland,Disneyland,Frontierland,323,Big Thunder Mountain Railroad,TRUE,35,2026-08-13T21:10:55.000Z,2026-08-13 14:10:55,https://queue-times.com/parks/16/queue_times.json
2026-08-13T21:15:19.599Z,2026-08-13 14:15:19,2026-08-13,America/Los_Angeles,disneyland,Disneyland,Frontierland,679,Frontierland Shootin' Exposition,FALSE,0,2026-08-13T21:10:55.000Z,2026-08-13 14:10:55,https://queue-times.com/parks/16/queue_times.json
2026-08-13T21:15:19.599Z,2026-08-13 14:15:19,2026-08-13,America/Los_Angeles,disneyland,Disneyland,Frontierland,456,Mark Twain Riverboat,TRUE,10,2026-08-13T21:10:55.000Z,2026-08-13 14:10:55,https://queue-times.com/parks/16/queue_times.json
2026-08-13T21:15:19.599Z,2026-08-13 14:15:19,2026-08-13,America/Los_Angeles,disneyland,Disneyland,Frontierland,331,Pirate's Lair on Tom Sawyer Island,TRUE,5,2026-08-13T21:10:55.000Z,2026-08-13 14:10:55,https://queue-times.com/parks/16/queue_times.json
2026-08-13T21:15:19.599Z,2026-08-13 14:15:19,2026-08-13,America/Los_Angeles,disneyland,Disneyland,Frontierland,328,Sailing Ship Columbia,FALSE,0,2026-08-13T21:10:55.000Z,2026-08-13 14:10:55,https://queue-times.com/parks/16/queue_times.json
2026-08-13T21:15:19.599Z,2026-08-13 14:15:19,2026-08-13,America/Los_Angeles,disneyland,Disneyland,Main Street U.S.A,674,Disneyland Railroad,TRUE,5,2026-08-13T21:10:55.000Z,2026-08-13 14:10:55,https://queue-times.com/parks/16/queue_times.json
2026-08-13T21:15:19.599Z,2026-08-13 14:15:19,2026-08-13,America/Los_Angeles,disneyland,Disneyland,Main Street U.S.A,690,Great Moments with Mr. Lincoln,FALSE,0,2026-08-13T21:10:55.000Z,2026-08-13 14:10:55,https://queue-times.com/parks/16/queue_times.json
2026-08-13T21:15:19.599Z,2026-08-13 14:15:19,2026-08-13,America/Los_Angeles,disneyland,Disneyland,Main Street U.S.A,686,Main Street Cinema,FALSE,0,2026-08-13T21:10:55.000Z,2026-08-13 14:10:55,https://queue-times.com/parks/16/queue_times.json
2026-08-13T21:15:19.599Z,2026-08-13 14:15:19,2026-08-13,America/Los_Angeles,disneyland,Disneyland,Main Street U.S.A,691,Main Street Vehicles,TRUE,0,2026-08-13T21:10:55.000Z,2026-08-13 14:10:55,https://queue-times.com/parks/16/queue_times.json
2026-08-13T21:15:19.599Z,2026-08-13 14:15:19,2026-08-13,America/Los_Angeles,disneyland,Disneyland,Main Street U.S.A,14915,Opera House - Walt Disney - A Magical Life,TRUE,0,2026-08-13T21:10:55.000Z,2026-08-13 14:10:55,https://queue-times.com/parks/16/queue_times.json
2026-08-13T21:15:19.599Z,2026-08-13 14:15:19,2026-08-13,America/Los_Angeles,disneyland,Disneyland,Main Street U.S.A,695,The Disney Gallery,TRUE,0,2026-08-13T21:10:55.000Z,2026-08-13 14:10:55,https://queue-times.com/parks/16/queue_times.json
2026-08-13T21:15:19.599Z,2026-08-13 14:15:19,2026-08-13,America/Los_Angeles,disneyland,Disneyland,Main Street U.S.A,14923,Walt Disney - A Magical Life,TRUE,0,2026-08-13T21:10:55.000Z,2026-08-13 14:10:55,https://queue-times.com/parks/16/queue_times.json
2026-08-13T21:15:19.599Z,2026-08-13 14:15:19,2026-08-13,America/Los_Angeles,disneyland,Disneyland,Mickey's Toontown,324,Chip 'n' Dale's GADGETcoaster,TRUE,15,2026-08-13T21:10:55.000Z,2026-08-13 14:10:55,https://queue-times.com/parks/16/queue_times.json
2026-08-13T21:15:19.599Z,2026-08-13 14:15:19,2026-08-13,America/Los_Angeles,disneyland,Disneyland,Mickey's Toontown,13814,Donald's Duck Pond,TRUE,0,2026-08-13T21:10:55.000Z,2026-08-13 14:10:55,https://queue-times.com/parks/16/queue_times.json
2026-08-13T21:15:19.599Z,2026-08-13 14:15:19,2026-08-13,America/Los_Angeles,disneyland,Disneyland,Mickey's Toontown,11980,Goofy's How-to-Play Yard,TRUE,0,2026-08-13T21:10:55.000Z,2026-08-13 14:10:55,https://queue-times.com/parks/16/queue_times.json
2026-08-13T21:15:19.599Z,2026-08-13 14:15:19,2026-08-13,America/Los_Angeles,disneyland,Disneyland,Mickey's Toontown,11526,Mickey & Minnie's Runaway Railway,TRUE,40,2026-08-13T21:10:55.000Z,2026-08-13 14:10:55,https://queue-times.com/parks/16/queue_times.json
2026-08-13T21:15:19.599Z,2026-08-13 14:15:19,2026-08-13,America/Los_Angeles,disneyland,Disneyland,Mickey's Toontown,709,Mickey's House and Meet Mickey Mouse,TRUE,10,2026-08-13T21:10:55.000Z,2026-08-13 14:10:55,https://queue-times.com/parks/16/queue_times.json
2026-08-13T21:15:19.599Z,2026-08-13 14:15:19,2026-08-13,America/Los_Angeles,disneyland,Disneyland,Mickey's Toontown,327,Mickey's House and Meet Mickey Mouse,FALSE,0,2026-08-13T21:10:55.000Z,2026-08-13 14:10:55,https://queue-times.com/parks/16/queue_times.json
2026-08-13T21:15:19.599Z,2026-08-13 14:15:19,2026-08-13,America/Los_Angeles,disneyland,Disneyland,Mickey's Toontown,684,Minnie's House,TRUE,0,2026-08-13T21:10:55.000Z,2026-08-13 14:10:55,https://queue-times.com/parks/16/queue_times.json
2026-08-13T21:15:19.599Z,2026-08-13 14:15:19,2026-08-13,America/Los_Angeles,disneyland,Disneyland,Mickey's Toontown,332,Roger Rabbit's Car Toon Spin,TRUE,45,2026-08-13T21:10:55.000Z,2026-08-13 14:10:55,https://queue-times.com/parks/16/queue_times.json
2026-08-13T21:15:19.599Z,2026-08-13 14:15:19,2026-08-13,America/Los_Angeles,disneyland,Disneyland,New Orleans Square,13958,Haunted Mansion,FALSE,0,2026-08-13T21:10:55.000Z,2026-08-13 14:10:55,https://queue-times.com/parks/16/queue_times.json
2026-08-13T21:15:19.599Z,2026-08-13 14:15:19,2026-08-13,America/Los_Angeles,disneyland,Disneyland,New Orleans Square,289,Pirates of the Caribbean,FALSE,0,2026-08-13T21:10:55.000Z,2026-08-13 14:10:55,https://queue-times.com/parks/16/queue_times.json
2026-08-13T21:15:19.599Z,2026-08-13 14:15:19,2026-08-13,America/Los_Angeles,disneyland,Disneyland,Star Wars: Galaxy's Edge,6339,Millennium Falcon: Smugglers Run,TRUE,20,2026-08-13T21:10:55.000Z,2026-08-13 14:10:55,https://queue-times.com/parks/16/queue_times.json
2026-08-13T21:15:19.599Z,2026-08-13 14:15:19,2026-08-13,America/Los_Angeles,disneyland,Disneyland,Star Wars: Galaxy's Edge,10903,Millennium Falcon: Smugglers Run Single Rider,TRUE,0,2026-08-13T21:10:55.000Z,2026-08-13 14:10:55,https://queue-times.com/parks/16/queue_times.json
2026-08-13T21:15:19.599Z,2026-08-13 14:15:19,2026-08-13,America/Los_Angeles,disneyland,Disneyland,Star Wars: Galaxy's Edge,6340,Star Wars: Rise of the Resistance,TRUE,55,2026-08-13T21:10:55.000Z,2026-08-13 14:10:55,https://queue-times.com/parks/16/queue_times.json
2026-08-13T21:15:19.599Z,2026-08-13 14:15:19,2026-08-13,America/Los_Angeles,disneyland,Disneyland,Tomorrowland,287,Astro Orbitor,TRUE,20,2026-08-13T21:10:55.000Z,2026-08-13 14:10:55,https://queue-times.com/parks/16/queue_times.json
2026-08-13T21:15:19.599Z,2026-08-13 14:15:19,2026-08-13,America/Los_Angeles,disneyland,Disneyland,Tomorrowland,317,Autopia,TRUE,15,2026-08-13T21:10:55.000Z,2026-08-13 14:10:55,https://queue-times.com/parks/16/queue_times.json
2026-08-13T21:15:19.599Z,2026-08-13 14:15:19,2026-08-13,America/Los_Angeles,disneyland,Disneyland,Tomorrowland,273,Buzz Lightyear Astro Blasters,TRUE,30,2026-08-13T21:10:55.000Z,2026-08-13 14:10:55,https://queue-times.com/parks/16/queue_times.json
2026-08-13T21:15:19.599Z,2026-08-13 14:15:19,2026-08-13,America/Los_Angeles,disneyland,Disneyland,Tomorrowland,274,Disneyland Monorail,TRUE,15,2026-08-13T21:10:55.000Z,2026-08-13 14:10:55,https://queue-times.com/parks/16/queue_times.json
2026-08-13T21:15:19.599Z,2026-08-13 14:15:19,2026-08-13,America/Los_Angeles,disneyland,Disneyland,Tomorrowland,276,Finding Nemo Submarine Voyage,TRUE,20,2026-08-13T21:10:55.000Z,2026-08-13 14:10:55,https://queue-times.com/parks/16/queue_times.json
2026-08-13T21:15:19.599Z,2026-08-13 14:15:19,2026-08-13,America/Los_Angeles,disneyland,Disneyland,Tomorrowland,16627,Pixar Short Film Spotlight,FALSE,0,2026-08-13T21:10:55.000Z,2026-08-13 14:10:55,https://queue-times.com/parks/16/queue_times.json
2026-08-13T21:15:19.599Z,2026-08-13 14:15:19,2026-08-13,America/Los_Angeles,disneyland,Disneyland,Tomorrowland,284,Space Mountain,TRUE,60,2026-08-13T21:10:55.000Z,2026-08-13 14:10:55,https://queue-times.com/parks/16/queue_times.json
2026-08-13T21:15:19.599Z,2026-08-13 14:15:19,2026-08-13,America/Los_Angeles,disneyland,Disneyland,Tomorrowland,286,Star Tours - The Adventures Continue,TRUE,25,2026-08-13T21:10:55.000Z,2026-08-13 14:10:55,https://queue-times.com/parks/16/queue_times.json
2026-08-13T21:15:19.599Z,2026-08-13 14:15:19,2026-08-13,America/Los_Angeles,dca,Disney California Adventure,Avengers Campus,329,Guardians of the Galaxy - Mission: BREAKOUT!,TRUE,45,2026-08-13T21:10:55.000Z,2026-08-13 14:10:55,https://queue-times.com/parks/17/queue_times.json
2026-08-13T21:15:19.599Z,2026-08-13 14:15:19,2026-08-13,America/Los_Angeles,dca,Disney California Adventure,Avengers Campus,8843,WEB SLINGERS: A Spider-Man Adventure,TRUE,75,2026-08-13T21:10:55.000Z,2026-08-13 14:10:55,https://queue-times.com/parks/17/queue_times.json
2026-08-13T21:15:19.599Z,2026-08-13 14:15:19,2026-08-13,America/Los_Angeles,dca,Disney California Adventure,Avengers Campus,10907,WEB SLINGERS: A Spider-Man Adventure Single Rider,TRUE,0,2026-08-13T21:10:55.000Z,2026-08-13 14:10:55,https://queue-times.com/parks/17/queue_times.json
2026-08-13T21:15:19.599Z,2026-08-13 14:15:19,2026-08-13,America/Los_Angeles,dca,Disney California Adventure,Cars Land,13961,Luigi's Rollickin' Roadsters,TRUE,10,2026-08-13T21:10:55.000Z,2026-08-13 14:10:55,https://queue-times.com/parks/17/queue_times.json
2026-08-13T21:15:19.599Z,2026-08-13 14:15:19,2026-08-13,America/Los_Angeles,dca,Disney California Adventure,Cars Land,315,Mater's Junkyard Jamboree,TRUE,25,2026-08-13T21:10:55.000Z,2026-08-13 14:10:55,https://queue-times.com/parks/17/queue_times.json
2026-08-13T21:15:19.599Z,2026-08-13 14:15:19,2026-08-13,America/Los_Angeles,dca,Disney California Adventure,Cars Land,295,Radiator Springs Racers,TRUE,50,2026-08-13T21:10:55.000Z,2026-08-13 14:10:55,https://queue-times.com/parks/17/queue_times.json
2026-08-13T21:15:19.599Z,2026-08-13 14:15:19,2026-08-13,America/Los_Angeles,dca,Disney California Adventure,Cars Land,10904,Radiator Springs Racers Single Rider,TRUE,0,2026-08-13T21:10:55.000Z,2026-08-13 14:10:55,https://queue-times.com/parks/17/queue_times.json
2026-08-13T21:15:19.599Z,2026-08-13 14:15:19,2026-08-13,America/Los_Angeles,dca,Disney California Adventure,Grizzly Peak,302,Grizzly River Run,TRUE,25,2026-08-13T21:10:55.000Z,2026-08-13 14:10:55,https://queue-times.com/parks/17/queue_times.json
2026-08-13T21:15:19.599Z,2026-08-13 14:15:19,2026-08-13,America/Los_Angeles,dca,Disney California Adventure,Grizzly Peak,293,Redwood Creek Challenge Trail,TRUE,5,2026-08-13T21:10:55.000Z,2026-08-13 14:10:55,https://queue-times.com/parks/17/queue_times.json
2026-08-13T21:15:19.599Z,2026-08-13 14:15:19,2026-08-13,America/Los_Angeles,dca,Disney California Adventure,Grizzly Peak,17129,Soarin’ Across America,TRUE,35,2026-08-13T21:10:55.000Z,2026-08-13 14:10:55,https://queue-times.com/parks/17/queue_times.json
2026-08-13T21:15:19.599Z,2026-08-13 14:15:19,2026-08-13,America/Los_Angeles,dca,Disney California Adventure,Hollywood Land,321,Animation Academy,TRUE,0,2026-08-13T21:10:55.000Z,2026-08-13 14:10:55,https://queue-times.com/parks/17/queue_times.json
2026-08-13T21:15:19.599Z,2026-08-13 14:15:19,2026-08-13,America/Los_Angeles,dca,Disney California Adventure,Hollywood Land,6440,Mickey's PhilharMagic,TRUE,10,2026-08-13T21:10:55.000Z,2026-08-13 14:10:55,https://queue-times.com/parks/17/queue_times.json
2026-08-13T21:15:19.599Z,2026-08-13 14:15:19,2026-08-13,America/Los_Angeles,dca,Disney California Adventure,Hollywood Land,291,"Monsters, Inc. Mike & Sulley to the Rescue!",FALSE,0,2026-08-13T21:10:55.000Z,2026-08-13 14:10:55,https://queue-times.com/parks/17/queue_times.json
2026-08-13T21:15:19.599Z,2026-08-13 14:15:19,2026-08-13,America/Los_Angeles,dca,Disney California Adventure,Hollywood Land,868,Sorcerer's Workshop,TRUE,0,2026-08-13T21:10:55.000Z,2026-08-13 14:10:55,https://queue-times.com/parks/17/queue_times.json
2026-08-13T21:15:19.599Z,2026-08-13 14:15:19,2026-08-13,America/Los_Angeles,dca,Disney California Adventure,Hollywood Land,294,Turtle Talk with Crush,TRUE,0,2026-08-13T21:10:55.000Z,2026-08-13 14:10:55,https://queue-times.com/parks/17/queue_times.json
2026-08-13T21:15:19.599Z,2026-08-13 14:15:19,2026-08-13,America/Los_Angeles,dca,Disney California Adventure,Pacific Wharf,869,The Bakery Tour,TRUE,0,2026-08-13T21:10:55.000Z,2026-08-13 14:10:55,https://queue-times.com/parks/17/queue_times.json
2026-08-13T21:15:19.599Z,2026-08-13 14:15:19,2026-08-13,America/Los_Angeles,dca,Disney California Adventure,Paradise Gardens Park,298,Golden Zephyr,FALSE,0,2026-08-13T21:10:55.000Z,2026-08-13 14:10:55,https://queue-times.com/parks/17/queue_times.json
2026-08-13T21:15:19.599Z,2026-08-13 14:15:19,2026-08-13,America/Los_Angeles,dca,Disney California Adventure,Paradise Gardens Park,319,Goofy's Sky School,TRUE,35,2026-08-13T21:10:55.000Z,2026-08-13 14:10:55,https://queue-times.com/parks/17/queue_times.json
2026-08-13T21:15:19.599Z,2026-08-13 14:15:19,2026-08-13,America/Los_Angeles,dca,Disney California Adventure,Paradise Gardens Park,301,Silly Symphony Swings,FALSE,0,2026-08-13T21:10:55.000Z,2026-08-13 14:10:55,https://queue-times.com/parks/17/queue_times.json
2026-08-13T21:15:19.599Z,2026-08-13 14:15:19,2026-08-13,America/Los_Angeles,dca,Disney California Adventure,Paradise Gardens Park,316,The Little Mermaid - Ariel's Undersea Adventure,TRUE,15,2026-08-13T21:10:55.000Z,2026-08-13 14:10:55,https://queue-times.com/parks/17/queue_times.json
2026-08-13T21:15:19.599Z,2026-08-13 14:15:19,2026-08-13,America/Los_Angeles,dca,Disney California Adventure,Paradise Gardens Park,11528,World of Color – ONE,FALSE,0,2026-08-13T21:10:55.000Z,2026-08-13 14:10:55,https://queue-times.com/parks/17/queue_times.json
2026-08-13T21:15:19.599Z,2026-08-13 14:15:19,2026-08-13,America/Los_Angeles,dca,Disney California Adventure,Paradise Gardens Park,14742,World of Color Happiness!,FALSE,0,2026-08-10T07:05:45.000Z,2026-08-10 00:05:45,https://queue-times.com/parks/17/queue_times.json
2026-08-13T21:15:19.599Z,2026-08-13 14:15:19,2026-08-13,America/Los_Angeles,dca,Disney California Adventure,Pixar Pier,866,Games of Pixar Pier,TRUE,5,2026-08-13T21:10:55.000Z,2026-08-13 14:10:55,https://queue-times.com/parks/17/queue_times.json
2026-08-13T21:15:19.599Z,2026-08-13 14:15:19,2026-08-13,America/Los_Angeles,dca,Disney California Adventure,Pixar Pier,322,Incredicoaster,TRUE,25,2026-08-13T21:10:55.000Z,2026-08-13 14:10:55,https://queue-times.com/parks/17/queue_times.json
2026-08-13T21:15:19.599Z,2026-08-13 14:15:19,2026-08-13,America/Los_Angeles,dca,Disney California Adventure,Pixar Pier,10906,Incredicoaster Single Rider,TRUE,0,2026-08-13T21:10:55.000Z,2026-08-13 14:10:55,https://queue-times.com/parks/17/queue_times.json
2026-08-13T21:15:19.599Z,2026-08-13 14:15:19,2026-08-13,America/Los_Angeles,dca,Disney California Adventure,Pixar Pier,6643,Inside Out Emotional Whirlwind,TRUE,10,2026-08-13T21:10:55.000Z,2026-08-13 14:10:55,https://queue-times.com/parks/17/queue_times.json
2026-08-13T21:15:19.599Z,2026-08-13 14:15:19,2026-08-13,America/Los_Angeles,dca,Disney California Adventure,Pixar Pier,310,Jessie's Critter Carousel,TRUE,5,2026-08-13T21:10:55.000Z,2026-08-13 14:10:55,https://queue-times.com/parks/17/queue_times.json
2026-08-13T21:15:19.599Z,2026-08-13 14:15:19,2026-08-13,America/Los_Angeles,dca,Disney California Adventure,Pixar Pier,300,Jumpin' Jellyfish,TRUE,5,2026-08-13T21:10:55.000Z,2026-08-13 14:10:55,https://queue-times.com/parks/17/queue_times.json
2026-08-13T21:15:19.599Z,2026-08-13 14:15:19,2026-08-13,America/Los_Angeles,dca,Disney California Adventure,Pixar Pier,311,Pixar Pal-A-Round - Swinging,TRUE,15,2026-08-13T21:10:55.000Z,2026-08-13 14:10:55,https://queue-times.com/parks/17/queue_times.json
2026-08-13T21:15:19.599Z,2026-08-13 14:15:19,2026-08-13,America/Los_Angeles,dca,Disney California Adventure,Pixar Pier,5557,Pixar Pal-A-Round – Non-Swinging,TRUE,10,2026-08-13T21:10:55.000Z,2026-08-13 14:10:55,https://queue-times.com/parks/17/queue_times.json
2026-08-13T21:15:19.599Z,2026-08-13 14:15:19,2026-08-13,America/Los_Angeles,dca,Disney California Adventure,Pixar Pier,313,Toy Story Midway Mania!,TRUE,40,2026-08-13T21:10:55.000Z,2026-08-13 14:10:55,https://queue-times.com/parks/17/queue_times.json
