snapshot_utc,snapshot_park_datetime,snapshot_park_date,snapshot_timezone,park_id,park_name,land,ride_id,ride_name,is_open,wait_time_minutes,source_last_updated_utc,source_last_updated_park_datetime,source_url
2026-08-23T07:00:24.530Z,2026-08-23 00:00:24,2026-08-23,America/Los_Angeles,disneyland,Disneyland,Adventureland,12428,Adventureland Treehouse inspired by Walt Disney’s Swiss Family Robinson,TRUE,0,2026-08-23T06:56:18.000Z,2026-08-22 23:56:18,https://queue-times.com/parks/16/queue_times.json
2026-08-23T07:00:24.530Z,2026-08-23 00:00:24,2026-08-23,America/Los_Angeles,disneyland,Disneyland,Adventureland,326,Indiana Jones™ Adventure,TRUE,25,2026-08-23T06:56:18.000Z,2026-08-22 23:56:18,https://queue-times.com/parks/16/queue_times.json
2026-08-23T07:00:24.530Z,2026-08-23 00:00:24,2026-08-23,America/Los_Angeles,disneyland,Disneyland,Adventureland,296,Jungle Cruise,TRUE,15,2026-08-23T06:56:18.000Z,2026-08-22 23:56:18,https://queue-times.com/parks/16/queue_times.json
2026-08-23T07:00:24.530Z,2026-08-23 00:00:24,2026-08-23,America/Los_Angeles,disneyland,Disneyland,Adventureland,288,Walt Disney's Enchanted Tiki Room,TRUE,0,2026-08-23T06:56:18.000Z,2026-08-22 23:56:18,https://queue-times.com/parks/16/queue_times.json
2026-08-23T07:00:24.530Z,2026-08-23 00:00:24,2026-08-23,America/Los_Angeles,disneyland,Disneyland,Bayou Country,304,Davy Crockett's Explorer Canoes,FALSE,0,2026-08-23T06:56:18.000Z,2026-08-22 23:56:18,https://queue-times.com/parks/16/queue_times.json
2026-08-23T07:00:24.530Z,2026-08-23 00:00:24,2026-08-23,America/Los_Angeles,disneyland,Disneyland,Bayou Country,306,The Many Adventures of Winnie the Pooh,TRUE,5,2026-08-23T06:56:18.000Z,2026-08-22 23:56:18,https://queue-times.com/parks/16/queue_times.json
2026-08-23T07:00:24.530Z,2026-08-23 00:00:24,2026-08-23,America/Los_Angeles,disneyland,Disneyland,Bayou Country,14168,Tiana's Bayou Adventure,TRUE,10,2026-08-23T06:56:18.000Z,2026-08-22 23:56:18,https://queue-times.com/parks/16/queue_times.json
2026-08-23T07:00:24.530Z,2026-08-23 00:00:24,2026-08-23,America/Los_Angeles,disneyland,Disneyland,Bayou Country,14326,Tiana's Bayou Adventure Single Rider,TRUE,0,2026-08-23T06:56:18.000Z,2026-08-22 23:56:18,https://queue-times.com/parks/16/queue_times.json
2026-08-23T07:00:24.530Z,2026-08-23 00:00:24,2026-08-23,America/Los_Angeles,disneyland,Disneyland,Fantasyland,307,"""it's a small world""",TRUE,5,2026-08-23T06:56:18.000Z,2026-08-22 23:56:18,https://queue-times.com/parks/16/queue_times.json
2026-08-23T07:00:24.530Z,2026-08-23 00:00:24,2026-08-23,America/Los_Angeles,disneyland,Disneyland,Fantasyland,285,Alice in Wonderland,TRUE,20,2026-08-23T06:56:18.000Z,2026-08-22 23:56:18,https://queue-times.com/parks/16/queue_times.json
2026-08-23T07:00:24.530Z,2026-08-23 00:00:24,2026-08-23,America/Los_Angeles,disneyland,Disneyland,Fantasyland,16254,Bluey’s Best Day Ever! at Fantasyland Theatre,TRUE,0,2026-08-23T06:56:18.000Z,2026-08-22 23:56:18,https://queue-times.com/parks/16/queue_times.json
2026-08-23T07:00:24.530Z,2026-08-23 00:00:24,2026-08-23,America/Los_Angeles,disneyland,Disneyland,Fantasyland,303,Casey Jr. Circus Train,TRUE,10,2026-08-23T06:56:18.000Z,2026-08-22 23:56:18,https://queue-times.com/parks/16/queue_times.json
2026-08-23T07:00:24.530Z,2026-08-23 00:00:24,2026-08-23,America/Los_Angeles,disneyland,Disneyland,Fantasyland,275,Dumbo the Flying Elephant,TRUE,5,2026-08-23T06:56:18.000Z,2026-08-22 23:56:18,https://queue-times.com/parks/16/queue_times.json
2026-08-23T07:00:24.530Z,2026-08-23 00:00:24,2026-08-23,America/Los_Angeles,disneyland,Disneyland,Fantasyland,277,King Arthur Carrousel,TRUE,5,2026-08-23T06:56:18.000Z,2026-08-22 23:56:18,https://queue-times.com/parks/16/queue_times.json
2026-08-23T07:00:24.530Z,2026-08-23 00:00:24,2026-08-23,America/Los_Angeles,disneyland,Disneyland,Fantasyland,278,Mad Tea Party,TRUE,5,2026-08-23T06:56:18.000Z,2026-08-22 23:56:18,https://queue-times.com/parks/16/queue_times.json
2026-08-23T07:00:24.530Z,2026-08-23 00:00:24,2026-08-23,America/Los_Angeles,disneyland,Disneyland,Fantasyland,279,Matterhorn Bobsleds,TRUE,10,2026-08-23T06:56:18.000Z,2026-08-22 23:56:18,https://queue-times.com/parks/16/queue_times.json
2026-08-23T07:00:24.530Z,2026-08-23 00:00:24,2026-08-23,America/Los_Angeles,disneyland,Disneyland,Fantasyland,6711,Meet Disney Princesses at Royal Hall,FALSE,0,2026-08-23T06:56:18.000Z,2026-08-22 23:56:18,https://queue-times.com/parks/16/queue_times.json
2026-08-23T07:00:24.530Z,2026-08-23 00:00:24,2026-08-23,America/Los_Angeles,disneyland,Disneyland,Fantasyland,280,Mr. Toad's Wild Ride,TRUE,10,2026-08-23T06:56:18.000Z,2026-08-22 23:56:18,https://queue-times.com/parks/16/queue_times.json
2026-08-23T07:00:24.530Z,2026-08-23 00:00:24,2026-08-23,America/Los_Angeles,disneyland,Disneyland,Fantasyland,281,Peter Pan's Flight,TRUE,25,2026-08-23T06:56:18.000Z,2026-08-22 23:56:18,https://queue-times.com/parks/16/queue_times.json
2026-08-23T07:00:24.530Z,2026-08-23 00:00:24,2026-08-23,America/Los_Angeles,disneyland,Disneyland,Fantasyland,282,Pinocchio's Daring Journey,TRUE,5,2026-08-23T06:56:18.000Z,2026-08-22 23:56:18,https://queue-times.com/parks/16/queue_times.json
2026-08-23T07:00:24.530Z,2026-08-23 00:00:24,2026-08-23,America/Los_Angeles,disneyland,Disneyland,Fantasyland,687,Sleeping Beauty Castle Walkthrough,FALSE,0,2026-08-23T06:56:18.000Z,2026-08-22 23:56:18,https://queue-times.com/parks/16/queue_times.json
2026-08-23T07:00:24.530Z,2026-08-23 00:00:24,2026-08-23,America/Los_Angeles,disneyland,Disneyland,Fantasyland,283,Snow White's Enchanted Wish,TRUE,15,2026-08-23T06:56:18.000Z,2026-08-22 23:56:18,https://queue-times.com/parks/16/queue_times.json
2026-08-23T07:00:24.530Z,2026-08-23 00:00:24,2026-08-23,America/Los_Angeles,disneyland,Disneyland,Fantasyland,305,Storybook Land Canal Boats,TRUE,15,2026-08-23T06:56:18.000Z,2026-08-22 23:56:18,https://queue-times.com/parks/16/queue_times.json
2026-08-23T07:00:24.530Z,2026-08-23 00:00:24,2026-08-23,America/Los_Angeles,disneyland,Disneyland,Frontierland,323,Big Thunder Mountain Railroad,TRUE,10,2026-08-23T06:56:18.000Z,2026-08-22 23:56:18,https://queue-times.com/parks/16/queue_times.json
2026-08-23T07:00:24.530Z,2026-08-23 00:00:24,2026-08-23,America/Los_Angeles,disneyland,Disneyland,Frontierland,679,Frontierland Shootin' Exposition,FALSE,0,2026-08-23T06:56:18.000Z,2026-08-22 23:56:18,https://queue-times.com/parks/16/queue_times.json
2026-08-23T07:00:24.530Z,2026-08-23 00:00:24,2026-08-23,America/Los_Angeles,disneyland,Disneyland,Frontierland,456,Mark Twain Riverboat,FALSE,0,2026-08-23T06:56:18.000Z,2026-08-22 23:56:18,https://queue-times.com/parks/16/queue_times.json
2026-08-23T07:00:24.530Z,2026-08-23 00:00:24,2026-08-23,America/Los_Angeles,disneyland,Disneyland,Frontierland,331,Pirate's Lair on Tom Sawyer Island,FALSE,0,2026-08-23T06:56:18.000Z,2026-08-22 23:56:18,https://queue-times.com/parks/16/queue_times.json
2026-08-23T07:00:24.530Z,2026-08-23 00:00:24,2026-08-23,America/Los_Angeles,disneyland,Disneyland,Frontierland,328,Sailing Ship Columbia,FALSE,0,2026-08-23T06:56:18.000Z,2026-08-22 23:56:18,https://queue-times.com/parks/16/queue_times.json
2026-08-23T07:00:24.530Z,2026-08-23 00:00:24,2026-08-23,America/Los_Angeles,disneyland,Disneyland,Main Street U.S.A,674,Disneyland Railroad,TRUE,5,2026-08-23T06:56:18.000Z,2026-08-22 23:56:18,https://queue-times.com/parks/16/queue_times.json
2026-08-23T07:00:24.530Z,2026-08-23 00:00:24,2026-08-23,America/Los_Angeles,disneyland,Disneyland,Main Street U.S.A,690,Great Moments with Mr. Lincoln,FALSE,0,2026-08-23T06:56:18.000Z,2026-08-22 23:56:18,https://queue-times.com/parks/16/queue_times.json
2026-08-23T07:00:24.530Z,2026-08-23 00:00:24,2026-08-23,America/Los_Angeles,disneyland,Disneyland,Main Street U.S.A,686,Main Street Cinema,FALSE,0,2026-08-23T06:56:18.000Z,2026-08-22 23:56:18,https://queue-times.com/parks/16/queue_times.json
2026-08-23T07:00:24.530Z,2026-08-23 00:00:24,2026-08-23,America/Los_Angeles,disneyland,Disneyland,Main Street U.S.A,691,Main Street Vehicles,FALSE,0,2026-08-23T06:56:18.000Z,2026-08-22 23:56:18,https://queue-times.com/parks/16/queue_times.json
2026-08-23T07:00:24.530Z,2026-08-23 00:00:24,2026-08-23,America/Los_Angeles,disneyland,Disneyland,Main Street U.S.A,14915,Opera House - Walt Disney - A Magical Life,FALSE,0,2026-08-23T06:56:18.000Z,2026-08-22 23:56:18,https://queue-times.com/parks/16/queue_times.json
2026-08-23T07:00:24.530Z,2026-08-23 00:00:24,2026-08-23,America/Los_Angeles,disneyland,Disneyland,Main Street U.S.A,695,The Disney Gallery,FALSE,0,2026-08-23T06:56:18.000Z,2026-08-22 23:56:18,https://queue-times.com/parks/16/queue_times.json
2026-08-23T07:00:24.530Z,2026-08-23 00:00:24,2026-08-23,America/Los_Angeles,disneyland,Disneyland,Main Street U.S.A,14923,Walt Disney - A Magical Life,FALSE,0,2026-08-23T06:56:18.000Z,2026-08-22 23:56:18,https://queue-times.com/parks/16/queue_times.json
2026-08-23T07:00:24.530Z,2026-08-23 00:00:24,2026-08-23,America/Los_Angeles,disneyland,Disneyland,Mickey's Toontown,324,Chip 'n' Dale's GADGETcoaster,TRUE,5,2026-08-23T06:56:18.000Z,2026-08-22 23:56:18,https://queue-times.com/parks/16/queue_times.json
2026-08-23T07:00:24.530Z,2026-08-23 00:00:24,2026-08-23,America/Los_Angeles,disneyland,Disneyland,Mickey's Toontown,13814,Donald's Duck Pond,FALSE,0,2026-08-23T06:56:18.000Z,2026-08-22 23:56:18,https://queue-times.com/parks/16/queue_times.json
2026-08-23T07:00:24.530Z,2026-08-23 00:00:24,2026-08-23,America/Los_Angeles,disneyland,Disneyland,Mickey's Toontown,11980,Goofy's How-to-Play Yard,TRUE,0,2026-08-23T06:56:18.000Z,2026-08-22 23:56:18,https://queue-times.com/parks/16/queue_times.json
2026-08-23T07:00:24.530Z,2026-08-23 00:00:24,2026-08-23,America/Los_Angeles,disneyland,Disneyland,Mickey's Toontown,11526,Mickey & Minnie's Runaway Railway,TRUE,15,2026-08-23T06:56:18.000Z,2026-08-22 23:56:18,https://queue-times.com/parks/16/queue_times.json
2026-08-23T07:00:24.530Z,2026-08-23 00:00:24,2026-08-23,America/Los_Angeles,disneyland,Disneyland,Mickey's Toontown,709,Mickey's House and Meet Mickey Mouse,FALSE,0,2026-08-23T06:56:18.000Z,2026-08-22 23:56:18,https://queue-times.com/parks/16/queue_times.json
2026-08-23T07:00:24.530Z,2026-08-23 00:00:24,2026-08-23,America/Los_Angeles,disneyland,Disneyland,Mickey's Toontown,327,Mickey's House and Meet Mickey Mouse,FALSE,0,2026-08-23T06:56:18.000Z,2026-08-22 23:56:18,https://queue-times.com/parks/16/queue_times.json
2026-08-23T07:00:24.530Z,2026-08-23 00:00:24,2026-08-23,America/Los_Angeles,disneyland,Disneyland,Mickey's Toontown,684,Minnie's House,FALSE,0,2026-08-23T06:56:18.000Z,2026-08-22 23:56:18,https://queue-times.com/parks/16/queue_times.json
2026-08-23T07:00:24.530Z,2026-08-23 00:00:24,2026-08-23,America/Los_Angeles,disneyland,Disneyland,Mickey's Toontown,332,Roger Rabbit's Car Toon Spin,TRUE,10,2026-08-23T06:56:18.000Z,2026-08-22 23:56:18,https://queue-times.com/parks/16/queue_times.json
2026-08-23T07:00:24.530Z,2026-08-23 00:00:24,2026-08-23,America/Los_Angeles,disneyland,Disneyland,New Orleans Square,13958,Haunted Mansion,FALSE,0,2026-08-21T05:25:59.000Z,2026-08-20 22:25:59,https://queue-times.com/parks/16/queue_times.json
2026-08-23T07:00:24.530Z,2026-08-23 00:00:24,2026-08-23,America/Los_Angeles,disneyland,Disneyland,New Orleans Square,325,Haunted Mansion Holiday,TRUE,20,2026-08-23T06:56:18.000Z,2026-08-22 23:56:18,https://queue-times.com/parks/16/queue_times.json
2026-08-23T07:00:24.530Z,2026-08-23 00:00:24,2026-08-23,America/Los_Angeles,disneyland,Disneyland,New Orleans Square,289,Pirates of the Caribbean,TRUE,5,2026-08-23T06:56:18.000Z,2026-08-22 23:56:18,https://queue-times.com/parks/16/queue_times.json
2026-08-23T07:00:24.530Z,2026-08-23 00:00:24,2026-08-23,America/Los_Angeles,disneyland,Disneyland,Star Wars: Galaxy's Edge,6339,Millennium Falcon: Smugglers Run,TRUE,10,2026-08-23T06:56:18.000Z,2026-08-22 23:56:18,https://queue-times.com/parks/16/queue_times.json
2026-08-23T07:00:24.530Z,2026-08-23 00:00:24,2026-08-23,America/Los_Angeles,disneyland,Disneyland,Star Wars: Galaxy's Edge,10903,Millennium Falcon: Smugglers Run Single Rider,TRUE,0,2026-08-23T06:56:18.000Z,2026-08-22 23:56:18,https://queue-times.com/parks/16/queue_times.json
2026-08-23T07:00:24.530Z,2026-08-23 00:00:24,2026-08-23,America/Los_Angeles,disneyland,Disneyland,Star Wars: Galaxy's Edge,6340,Star Wars: Rise of the Resistance,FALSE,0,2026-08-23T06:56:18.000Z,2026-08-22 23:56:18,https://queue-times.com/parks/16/queue_times.json
2026-08-23T07:00:24.530Z,2026-08-23 00:00:24,2026-08-23,America/Los_Angeles,disneyland,Disneyland,Tomorrowland,287,Astro Orbitor,TRUE,10,2026-08-23T06:56:18.000Z,2026-08-22 23:56:18,https://queue-times.com/parks/16/queue_times.json
2026-08-23T07:00:24.530Z,2026-08-23 00:00:24,2026-08-23,America/Los_Angeles,disneyland,Disneyland,Tomorrowland,317,Autopia,TRUE,15,2026-08-23T06:56:18.000Z,2026-08-22 23:56:18,https://queue-times.com/parks/16/queue_times.json
2026-08-23T07:00:24.530Z,2026-08-23 00:00:24,2026-08-23,America/Los_Angeles,disneyland,Disneyland,Tomorrowland,273,Buzz Lightyear Astro Blasters,TRUE,5,2026-08-23T06:56:18.000Z,2026-08-22 23:56:18,https://queue-times.com/parks/16/queue_times.json
2026-08-23T07:00:24.530Z,2026-08-23 00:00:24,2026-08-23,America/Los_Angeles,disneyland,Disneyland,Tomorrowland,274,Disneyland Monorail,TRUE,5,2026-08-23T06:56:18.000Z,2026-08-22 23:56:18,https://queue-times.com/parks/16/queue_times.json
2026-08-23T07:00:24.530Z,2026-08-23 00:00:24,2026-08-23,America/Los_Angeles,disneyland,Disneyland,Tomorrowland,276,Finding Nemo Submarine Voyage,TRUE,5,2026-08-23T06:56:18.000Z,2026-08-22 23:56:18,https://queue-times.com/parks/16/queue_times.json
2026-08-23T07:00:24.530Z,2026-08-23 00:00:24,2026-08-23,America/Los_Angeles,disneyland,Disneyland,Tomorrowland,16627,Pixar Short Film Spotlight,FALSE,0,2026-08-23T06:56:18.000Z,2026-08-22 23:56:18,https://queue-times.com/parks/16/queue_times.json
2026-08-23T07:00:24.530Z,2026-08-23 00:00:24,2026-08-23,America/Los_Angeles,disneyland,Disneyland,Tomorrowland,284,Space Mountain,TRUE,45,2026-08-23T06:56:18.000Z,2026-08-22 23:56:18,https://queue-times.com/parks/16/queue_times.json
2026-08-23T07:00:24.530Z,2026-08-23 00:00:24,2026-08-23,America/Los_Angeles,disneyland,Disneyland,Tomorrowland,286,Star Tours - The Adventures Continue,TRUE,5,2026-08-23T06:56:18.000Z,2026-08-22 23:56:18,https://queue-times.com/parks/16/queue_times.json
2026-08-23T07:15:22.030Z,2026-08-23 00:15:22,2026-08-23,America/Los_Angeles,disneyland,Disneyland,Adventureland,12428,Adventureland Treehouse inspired by Walt Disney’s Swiss Family Robinson,FALSE,0,2026-08-23T07:10:50.000Z,2026-08-23 00:10:50,https://queue-times.com/parks/16/queue_times.json
2026-08-23T07:15:22.030Z,2026-08-23 00:15:22,2026-08-23,America/Los_Angeles,disneyland,Disneyland,Adventureland,326,Indiana Jones™ Adventure,FALSE,0,2026-08-23T07:10:50.000Z,2026-08-23 00:10:50,https://queue-times.com/parks/16/queue_times.json
2026-08-23T07:15:22.030Z,2026-08-23 00:15:22,2026-08-23,America/Los_Angeles,disneyland,Disneyland,Adventureland,296,Jungle Cruise,FALSE,0,2026-08-23T07:10:50.000Z,2026-08-23 00:10:50,https://queue-times.com/parks/16/queue_times.json
2026-08-23T07:15:22.030Z,2026-08-23 00:15:22,2026-08-23,America/Los_Angeles,disneyland,Disneyland,Adventureland,288,Walt Disney's Enchanted Tiki Room,FALSE,0,2026-08-23T07:10:50.000Z,2026-08-23 00:10:50,https://queue-times.com/parks/16/queue_times.json
2026-08-23T07:15:22.030Z,2026-08-23 00:15:22,2026-08-23,America/Los_Angeles,disneyland,Disneyland,Bayou Country,304,Davy Crockett's Explorer Canoes,FALSE,0,2026-08-23T07:10:50.000Z,2026-08-23 00:10:50,https://queue-times.com/parks/16/queue_times.json
2026-08-23T07:15:22.030Z,2026-08-23 00:15:22,2026-08-23,America/Los_Angeles,disneyland,Disneyland,Bayou Country,306,The Many Adventures of Winnie the Pooh,FALSE,0,2026-08-23T07:10:50.000Z,2026-08-23 00:10:50,https://queue-times.com/parks/16/queue_times.json
2026-08-23T07:15:22.030Z,2026-08-23 00:15:22,2026-08-23,America/Los_Angeles,disneyland,Disneyland,Bayou Country,14168,Tiana's Bayou Adventure,FALSE,0,2026-08-23T07:10:50.000Z,2026-08-23 00:10:50,https://queue-times.com/parks/16/queue_times.json
2026-08-23T07:15:22.030Z,2026-08-23 00:15:22,2026-08-23,America/Los_Angeles,disneyland,Disneyland,Bayou Country,14326,Tiana's Bayou Adventure Single Rider,FALSE,0,2026-08-23T07:10:50.000Z,2026-08-23 00:10:50,https://queue-times.com/parks/16/queue_times.json
2026-08-23T07:15:22.030Z,2026-08-23 00:15:22,2026-08-23,America/Los_Angeles,disneyland,Disneyland,Fantasyland,307,"""it's a small world""",FALSE,0,2026-08-23T07:10:50.000Z,2026-08-23 00:10:50,https://queue-times.com/parks/16/queue_times.json
2026-08-23T07:15:22.030Z,2026-08-23 00:15:22,2026-08-23,America/Los_Angeles,disneyland,Disneyland,Fantasyland,285,Alice in Wonderland,FALSE,0,2026-08-23T07:10:50.000Z,2026-08-23 00:10:50,https://queue-times.com/parks/16/queue_times.json
2026-08-23T07:15:22.030Z,2026-08-23 00:15:22,2026-08-23,America/Los_Angeles,disneyland,Disneyland,Fantasyland,16254,Bluey’s Best Day Ever! at Fantasyland Theatre,TRUE,0,2026-08-23T07:10:50.000Z,2026-08-23 00:10:50,https://queue-times.com/parks/16/queue_times.json
2026-08-23T07:15:22.030Z,2026-08-23 00:15:22,2026-08-23,America/Los_Angeles,disneyland,Disneyland,Fantasyland,303,Casey Jr. Circus Train,FALSE,0,2026-08-23T07:10:50.000Z,2026-08-23 00:10:50,https://queue-times.com/parks/16/queue_times.json
2026-08-23T07:15:22.030Z,2026-08-23 00:15:22,2026-08-23,America/Los_Angeles,disneyland,Disneyland,Fantasyland,275,Dumbo the Flying Elephant,FALSE,0,2026-08-23T07:10:50.000Z,2026-08-23 00:10:50,https://queue-times.com/parks/16/queue_times.json
2026-08-23T07:15:22.030Z,2026-08-23 00:15:22,2026-08-23,America/Los_Angeles,disneyland,Disneyland,Fantasyland,277,King Arthur Carrousel,FALSE,0,2026-08-23T07:10:50.000Z,2026-08-23 00:10:50,https://queue-times.com/parks/16/queue_times.json
2026-08-23T07:15:22.030Z,2026-08-23 00:15:22,2026-08-23,America/Los_Angeles,disneyland,Disneyland,Fantasyland,278,Mad Tea Party,FALSE,0,2026-08-23T07:10:50.000Z,2026-08-23 00:10:50,https://queue-times.com/parks/16/queue_times.json
2026-08-23T07:15:22.030Z,2026-08-23 00:15:22,2026-08-23,America/Los_Angeles,disneyland,Disneyland,Fantasyland,279,Matterhorn Bobsleds,FALSE,0,2026-08-23T07:10:50.000Z,2026-08-23 00:10:50,https://queue-times.com/parks/16/queue_times.json
2026-08-23T07:15:22.030Z,2026-08-23 00:15:22,2026-08-23,America/Los_Angeles,disneyland,Disneyland,Fantasyland,6711,Meet Disney Princesses at Royal Hall,FALSE,0,2026-08-23T07:10:50.000Z,2026-08-23 00:10:50,https://queue-times.com/parks/16/queue_times.json
2026-08-23T07:15:22.030Z,2026-08-23 00:15:22,2026-08-23,America/Los_Angeles,disneyland,Disneyland,Fantasyland,280,Mr. Toad's Wild Ride,FALSE,0,2026-08-23T07:10:50.000Z,2026-08-23 00:10:50,https://queue-times.com/parks/16/queue_times.json
2026-08-23T07:15:22.030Z,2026-08-23 00:15:22,2026-08-23,America/Los_Angeles,disneyland,Disneyland,Fantasyland,281,Peter Pan's Flight,FALSE,0,2026-08-23T07:10:50.000Z,2026-08-23 00:10:50,https://queue-times.com/parks/16/queue_times.json
2026-08-23T07:15:22.030Z,2026-08-23 00:15:22,2026-08-23,America/Los_Angeles,disneyland,Disneyland,Fantasyland,282,Pinocchio's Daring Journey,FALSE,0,2026-08-23T07:10:50.000Z,2026-08-23 00:10:50,https://queue-times.com/parks/16/queue_times.json
2026-08-23T07:15:22.030Z,2026-08-23 00:15:22,2026-08-23,America/Los_Angeles,disneyland,Disneyland,Fantasyland,687,Sleeping Beauty Castle Walkthrough,FALSE,0,2026-08-23T07:10:50.000Z,2026-08-23 00:10:50,https://queue-times.com/parks/16/queue_times.json
2026-08-23T07:15:22.030Z,2026-08-23 00:15:22,2026-08-23,America/Los_Angeles,disneyland,Disneyland,Fantasyland,283,Snow White's Enchanted Wish,FALSE,0,2026-08-23T07:10:50.000Z,2026-08-23 00:10:50,https://queue-times.com/parks/16/queue_times.json
2026-08-23T07:15:22.030Z,2026-08-23 00:15:22,2026-08-23,America/Los_Angeles,disneyland,Disneyland,Fantasyland,305,Storybook Land Canal Boats,FALSE,0,2026-08-23T07:10:50.000Z,2026-08-23 00:10:50,https://queue-times.com/parks/16/queue_times.json
2026-08-23T07:15:22.030Z,2026-08-23 00:15:22,2026-08-23,America/Los_Angeles,disneyland,Disneyland,Frontierland,323,Big Thunder Mountain Railroad,FALSE,0,2026-08-23T07:10:50.000Z,2026-08-23 00:10:50,https://queue-times.com/parks/16/queue_times.json
2026-08-23T07:15:22.030Z,2026-08-23 00:15:22,2026-08-23,America/Los_Angeles,disneyland,Disneyland,Frontierland,679,Frontierland Shootin' Exposition,FALSE,0,2026-08-23T07:10:50.000Z,2026-08-23 00:10:50,https://queue-times.com/parks/16/queue_times.json
2026-08-23T07:15:22.030Z,2026-08-23 00:15:22,2026-08-23,America/Los_Angeles,disneyland,Disneyland,Frontierland,456,Mark Twain Riverboat,FALSE,0,2026-08-23T07:10:50.000Z,2026-08-23 00:10:50,https://queue-times.com/parks/16/queue_times.json
2026-08-23T07:15:22.030Z,2026-08-23 00:15:22,2026-08-23,America/Los_Angeles,disneyland,Disneyland,Frontierland,331,Pirate's Lair on Tom Sawyer Island,FALSE,0,2026-08-23T07:10:50.000Z,2026-08-23 00:10:50,https://queue-times.com/parks/16/queue_times.json
2026-08-23T07:15:22.030Z,2026-08-23 00:15:22,2026-08-23,America/Los_Angeles,disneyland,Disneyland,Frontierland,328,Sailing Ship Columbia,FALSE,0,2026-08-23T07:10:50.000Z,2026-08-23 00:10:50,https://queue-times.com/parks/16/queue_times.json
2026-08-23T07:15:22.030Z,2026-08-23 00:15:22,2026-08-23,America/Los_Angeles,disneyland,Disneyland,Main Street U.S.A,674,Disneyland Railroad,FALSE,0,2026-08-23T07:10:50.000Z,2026-08-23 00:10:50,https://queue-times.com/parks/16/queue_times.json
2026-08-23T07:15:22.030Z,2026-08-23 00:15:22,2026-08-23,America/Los_Angeles,disneyland,Disneyland,Main Street U.S.A,690,Great Moments with Mr. Lincoln,FALSE,0,2026-08-23T07:10:50.000Z,2026-08-23 00:10:50,https://queue-times.com/parks/16/queue_times.json
2026-08-23T07:15:22.030Z,2026-08-23 00:15:22,2026-08-23,America/Los_Angeles,disneyland,Disneyland,Main Street U.S.A,686,Main Street Cinema,FALSE,0,2026-08-23T07:10:50.000Z,2026-08-23 00:10:50,https://queue-times.com/parks/16/queue_times.json
2026-08-23T07:15:22.030Z,2026-08-23 00:15:22,2026-08-23,America/Los_Angeles,disneyland,Disneyland,Main Street U.S.A,691,Main Street Vehicles,FALSE,0,2026-08-23T07:10:50.000Z,2026-08-23 00:10:50,https://queue-times.com/parks/16/queue_times.json
2026-08-23T07:15:22.030Z,2026-08-23 00:15:22,2026-08-23,America/Los_Angeles,disneyland,Disneyland,Main Street U.S.A,14915,Opera House - Walt Disney - A Magical Life,FALSE,0,2026-08-23T07:10:50.000Z,2026-08-23 00:10:50,https://queue-times.com/parks/16/queue_times.json
2026-08-23T07:15:22.030Z,2026-08-23 00:15:22,2026-08-23,America/Los_Angeles,disneyland,Disneyland,Main Street U.S.A,695,The Disney Gallery,FALSE,0,2026-08-23T07:10:50.000Z,2026-08-23 00:10:50,https://queue-times.com/parks/16/queue_times.json
2026-08-23T07:15:22.030Z,2026-08-23 00:15:22,2026-08-23,America/Los_Angeles,disneyland,Disneyland,Main Street U.S.A,14923,Walt Disney - A Magical Life,FALSE,0,2026-08-23T07:10:50.000Z,2026-08-23 00:10:50,https://queue-times.com/parks/16/queue_times.json
2026-08-23T07:15:22.030Z,2026-08-23 00:15:22,2026-08-23,America/Los_Angeles,disneyland,Disneyland,Mickey's Toontown,324,Chip 'n' Dale's GADGETcoaster,FALSE,0,2026-08-23T07:10:50.000Z,2026-08-23 00:10:50,https://queue-times.com/parks/16/queue_times.json
2026-08-23T07:15:22.030Z,2026-08-23 00:15:22,2026-08-23,America/Los_Angeles,disneyland,Disneyland,Mickey's Toontown,13814,Donald's Duck Pond,FALSE,0,2026-08-23T07:10:50.000Z,2026-08-23 00:10:50,https://queue-times.com/parks/16/queue_times.json
2026-08-23T07:15:22.030Z,2026-08-23 00:15:22,2026-08-23,America/Los_Angeles,disneyland,Disneyland,Mickey's Toontown,11980,Goofy's How-to-Play Yard,FALSE,0,2026-08-23T07:10:50.000Z,2026-08-23 00:10:50,https://queue-times.com/parks/16/queue_times.json
2026-08-23T07:15:22.030Z,2026-08-23 00:15:22,2026-08-23,America/Los_Angeles,disneyland,Disneyland,Mickey's Toontown,11526,Mickey & Minnie's Runaway Railway,FALSE,0,2026-08-23T07:10:50.000Z,2026-08-23 00:10:50,https://queue-times.com/parks/16/queue_times.json
2026-08-23T07:15:22.030Z,2026-08-23 00:15:22,2026-08-23,America/Los_Angeles,disneyland,Disneyland,Mickey's Toontown,709,Mickey's House and Meet Mickey Mouse,FALSE,0,2026-08-23T07:10:50.000Z,2026-08-23 00:10:50,https://queue-times.com/parks/16/queue_times.json
2026-08-23T07:15:22.030Z,2026-08-23 00:15:22,2026-08-23,America/Los_Angeles,disneyland,Disneyland,Mickey's Toontown,327,Mickey's House and Meet Mickey Mouse,FALSE,0,2026-08-23T07:10:50.000Z,2026-08-23 00:10:50,https://queue-times.com/parks/16/queue_times.json
2026-08-23T07:15:22.030Z,2026-08-23 00:15:22,2026-08-23,America/Los_Angeles,disneyland,Disneyland,Mickey's Toontown,684,Minnie's House,FALSE,0,2026-08-23T07:10:50.000Z,2026-08-23 00:10:50,https://queue-times.com/parks/16/queue_times.json
2026-08-23T07:15:22.030Z,2026-08-23 00:15:22,2026-08-23,America/Los_Angeles,disneyland,Disneyland,Mickey's Toontown,332,Roger Rabbit's Car Toon Spin,FALSE,0,2026-08-23T07:10:50.000Z,2026-08-23 00:10:50,https://queue-times.com/parks/16/queue_times.json
2026-08-23T07:15:22.030Z,2026-08-23 00:15:22,2026-08-23,America/Los_Angeles,disneyland,Disneyland,New Orleans Square,13958,Haunted Mansion,FALSE,0,2026-08-21T05:25:59.000Z,2026-08-20 22:25:59,https://queue-times.com/parks/16/queue_times.json
2026-08-23T07:15:22.030Z,2026-08-23 00:15:22,2026-08-23,America/Los_Angeles,disneyland,Disneyland,New Orleans Square,325,Haunted Mansion Holiday,FALSE,0,2026-08-23T07:10:50.000Z,2026-08-23 00:10:50,https://queue-times.com/parks/16/queue_times.json
2026-08-23T07:15:22.030Z,2026-08-23 00:15:22,2026-08-23,America/Los_Angeles,disneyland,Disneyland,New Orleans Square,289,Pirates of the Caribbean,FALSE,0,2026-08-23T07:10:50.000Z,2026-08-23 00:10:50,https://queue-times.com/parks/16/queue_times.json
2026-08-23T07:15:22.030Z,2026-08-23 00:15:22,2026-08-23,America/Los_Angeles,disneyland,Disneyland,Star Wars: Galaxy's Edge,6339,Millennium Falcon: Smugglers Run,FALSE,0,2026-08-23T07:10:50.000Z,2026-08-23 00:10:50,https://queue-times.com/parks/16/queue_times.json
2026-08-23T07:15:22.030Z,2026-08-23 00:15:22,2026-08-23,America/Los_Angeles,disneyland,Disneyland,Star Wars: Galaxy's Edge,10903,Millennium Falcon: Smugglers Run Single Rider,FALSE,0,2026-08-23T07:10:50.000Z,2026-08-23 00:10:50,https://queue-times.com/parks/16/queue_times.json
2026-08-23T07:15:22.030Z,2026-08-23 00:15:22,2026-08-23,America/Los_Angeles,disneyland,Disneyland,Star Wars: Galaxy's Edge,6340,Star Wars: Rise of the Resistance,FALSE,0,2026-08-23T07:10:50.000Z,2026-08-23 00:10:50,https://queue-times.com/parks/16/queue_times.json
2026-08-23T07:15:22.030Z,2026-08-23 00:15:22,2026-08-23,America/Los_Angeles,disneyland,Disneyland,Tomorrowland,287,Astro Orbitor,FALSE,0,2026-08-23T07:10:50.000Z,2026-08-23 00:10:50,https://queue-times.com/parks/16/queue_times.json
2026-08-23T07:15:22.030Z,2026-08-23 00:15:22,2026-08-23,America/Los_Angeles,disneyland,Disneyland,Tomorrowland,317,Autopia,FALSE,0,2026-08-23T07:10:50.000Z,2026-08-23 00:10:50,https://queue-times.com/parks/16/queue_times.json
2026-08-23T07:15:22.030Z,2026-08-23 00:15:22,2026-08-23,America/Los_Angeles,disneyland,Disneyland,Tomorrowland,273,Buzz Lightyear Astro Blasters,FALSE,0,2026-08-23T07:10:50.000Z,2026-08-23 00:10:50,https://queue-times.com/parks/16/queue_times.json
2026-08-23T07:15:22.030Z,2026-08-23 00:15:22,2026-08-23,America/Los_Angeles,disneyland,Disneyland,Tomorrowland,274,Disneyland Monorail,FALSE,0,2026-08-23T07:10:50.000Z,2026-08-23 00:10:50,https://queue-times.com/parks/16/queue_times.json
2026-08-23T07:15:22.030Z,2026-08-23 00:15:22,2026-08-23,America/Los_Angeles,disneyland,Disneyland,Tomorrowland,276,Finding Nemo Submarine Voyage,FALSE,0,2026-08-23T07:10:50.000Z,2026-08-23 00:10:50,https://queue-times.com/parks/16/queue_times.json
2026-08-23T07:15:22.030Z,2026-08-23 00:15:22,2026-08-23,America/Los_Angeles,disneyland,Disneyland,Tomorrowland,16627,Pixar Short Film Spotlight,FALSE,0,2026-08-23T07:10:50.000Z,2026-08-23 00:10:50,https://queue-times.com/parks/16/queue_times.json
2026-08-23T07:15:22.030Z,2026-08-23 00:15:22,2026-08-23,America/Los_Angeles,disneyland,Disneyland,Tomorrowland,284,Space Mountain,FALSE,0,2026-08-23T07:10:50.000Z,2026-08-23 00:10:50,https://queue-times.com/parks/16/queue_times.json
2026-08-23T07:15:22.030Z,2026-08-23 00:15:22,2026-08-23,America/Los_Angeles,disneyland,Disneyland,Tomorrowland,286,Star Tours - The Adventures Continue,FALSE,0,2026-08-23T07:10:50.000Z,2026-08-23 00:10:50,https://queue-times.com/parks/16/queue_times.json
2026-08-23T07:30:20.853Z,2026-08-23 00:30:20,2026-08-23,America/Los_Angeles,disneyland,Disneyland,Adventureland,12428,Adventureland Treehouse inspired by Walt Disney’s Swiss Family Robinson,FALSE,0,2026-08-23T07:26:45.000Z,2026-08-23 00:26:45,https://queue-times.com/parks/16/queue_times.json
2026-08-23T07:30:20.853Z,2026-08-23 00:30:20,2026-08-23,America/Los_Angeles,disneyland,Disneyland,Adventureland,326,Indiana Jones™ Adventure,FALSE,0,2026-08-23T07:26:45.000Z,2026-08-23 00:26:45,https://queue-times.com/parks/16/queue_times.json
2026-08-23T07:30:20.853Z,2026-08-23 00:30:20,2026-08-23,America/Los_Angeles,disneyland,Disneyland,Adventureland,296,Jungle Cruise,FALSE,0,2026-08-23T07:26:45.000Z,2026-08-23 00:26:45,https://queue-times.com/parks/16/queue_times.json
2026-08-23T07:30:20.853Z,2026-08-23 00:30:20,2026-08-23,America/Los_Angeles,disneyland,Disneyland,Adventureland,288,Walt Disney's Enchanted Tiki Room,FALSE,0,2026-08-23T07:26:45.000Z,2026-08-23 00:26:45,https://queue-times.com/parks/16/queue_times.json
2026-08-23T07:30:20.853Z,2026-08-23 00:30:20,2026-08-23,America/Los_Angeles,disneyland,Disneyland,Bayou Country,304,Davy Crockett's Explorer Canoes,FALSE,0,2026-08-23T07:26:45.000Z,2026-08-23 00:26:45,https://queue-times.com/parks/16/queue_times.json
2026-08-23T07:30:20.853Z,2026-08-23 00:30:20,2026-08-23,America/Los_Angeles,disneyland,Disneyland,Bayou Country,306,The Many Adventures of Winnie the Pooh,FALSE,0,2026-08-23T07:26:45.000Z,2026-08-23 00:26:45,https://queue-times.com/parks/16/queue_times.json
2026-08-23T07:30:20.853Z,2026-08-23 00:30:20,2026-08-23,America/Los_Angeles,disneyland,Disneyland,Bayou Country,14168,Tiana's Bayou Adventure,FALSE,0,2026-08-23T07:26:45.000Z,2026-08-23 00:26:45,https://queue-times.com/parks/16/queue_times.json
2026-08-23T07:30:20.853Z,2026-08-23 00:30:20,2026-08-23,America/Los_Angeles,disneyland,Disneyland,Bayou Country,14326,Tiana's Bayou Adventure Single Rider,FALSE,0,2026-08-23T07:26:45.000Z,2026-08-23 00:26:45,https://queue-times.com/parks/16/queue_times.json
2026-08-23T07:30:20.853Z,2026-08-23 00:30:20,2026-08-23,America/Los_Angeles,disneyland,Disneyland,Fantasyland,307,"""it's a small world""",FALSE,0,2026-08-23T07:26:45.000Z,2026-08-23 00:26:45,https://queue-times.com/parks/16/queue_times.json
2026-08-23T07:30:20.853Z,2026-08-23 00:30:20,2026-08-23,America/Los_Angeles,disneyland,Disneyland,Fantasyland,285,Alice in Wonderland,FALSE,0,2026-08-23T07:26:45.000Z,2026-08-23 00:26:45,https://queue-times.com/parks/16/queue_times.json
2026-08-23T07:30:20.853Z,2026-08-23 00:30:20,2026-08-23,America/Los_Angeles,disneyland,Disneyland,Fantasyland,16254,Bluey’s Best Day Ever! at Fantasyland Theatre,TRUE,0,2026-08-23T07:26:45.000Z,2026-08-23 00:26:45,https://queue-times.com/parks/16/queue_times.json
2026-08-23T07:30:20.853Z,2026-08-23 00:30:20,2026-08-23,America/Los_Angeles,disneyland,Disneyland,Fantasyland,303,Casey Jr. Circus Train,FALSE,0,2026-08-23T07:26:45.000Z,2026-08-23 00:26:45,https://queue-times.com/parks/16/queue_times.json
2026-08-23T07:30:20.853Z,2026-08-23 00:30:20,2026-08-23,America/Los_Angeles,disneyland,Disneyland,Fantasyland,275,Dumbo the Flying Elephant,FALSE,0,2026-08-23T07:26:45.000Z,2026-08-23 00:26:45,https://queue-times.com/parks/16/queue_times.json
2026-08-23T07:30:20.853Z,2026-08-23 00:30:20,2026-08-23,America/Los_Angeles,disneyland,Disneyland,Fantasyland,277,King Arthur Carrousel,FALSE,0,2026-08-23T07:26:45.000Z,2026-08-23 00:26:45,https://queue-times.com/parks/16/queue_times.json
2026-08-23T07:30:20.853Z,2026-08-23 00:30:20,2026-08-23,America/Los_Angeles,disneyland,Disneyland,Fantasyland,278,Mad Tea Party,FALSE,0,2026-08-23T07:26:45.000Z,2026-08-23 00:26:45,https://queue-times.com/parks/16/queue_times.json
2026-08-23T07:30:20.853Z,2026-08-23 00:30:20,2026-08-23,America/Los_Angeles,disneyland,Disneyland,Fantasyland,279,Matterhorn Bobsleds,FALSE,0,2026-08-23T07:26:45.000Z,2026-08-23 00:26:45,https://queue-times.com/parks/16/queue_times.json
2026-08-23T07:30:20.853Z,2026-08-23 00:30:20,2026-08-23,America/Los_Angeles,disneyland,Disneyland,Fantasyland,6711,Meet Disney Princesses at Royal Hall,FALSE,0,2026-08-23T07:26:45.000Z,2026-08-23 00:26:45,https://queue-times.com/parks/16/queue_times.json
2026-08-23T07:30:20.853Z,2026-08-23 00:30:20,2026-08-23,America/Los_Angeles,disneyland,Disneyland,Fantasyland,280,Mr. Toad's Wild Ride,FALSE,0,2026-08-23T07:26:45.000Z,2026-08-23 00:26:45,https://queue-times.com/parks/16/queue_times.json
2026-08-23T07:30:20.853Z,2026-08-23 00:30:20,2026-08-23,America/Los_Angeles,disneyland,Disneyland,Fantasyland,281,Peter Pan's Flight,FALSE,0,2026-08-23T07:26:45.000Z,2026-08-23 00:26:45,https://queue-times.com/parks/16/queue_times.json
2026-08-23T07:30:20.853Z,2026-08-23 00:30:20,2026-08-23,America/Los_Angeles,disneyland,Disneyland,Fantasyland,282,Pinocchio's Daring Journey,FALSE,0,2026-08-23T07:26:45.000Z,2026-08-23 00:26:45,https://queue-times.com/parks/16/queue_times.json
2026-08-23T07:30:20.853Z,2026-08-23 00:30:20,2026-08-23,America/Los_Angeles,disneyland,Disneyland,Fantasyland,687,Sleeping Beauty Castle Walkthrough,FALSE,0,2026-08-23T07:26:45.000Z,2026-08-23 00:26:45,https://queue-times.com/parks/16/queue_times.json
2026-08-23T07:30:20.853Z,2026-08-23 00:30:20,2026-08-23,America/Los_Angeles,disneyland,Disneyland,Fantasyland,283,Snow White's Enchanted Wish,FALSE,0,2026-08-23T07:26:45.000Z,2026-08-23 00:26:45,https://queue-times.com/parks/16/queue_times.json
2026-08-23T07:30:20.853Z,2026-08-23 00:30:20,2026-08-23,America/Los_Angeles,disneyland,Disneyland,Fantasyland,305,Storybook Land Canal Boats,FALSE,0,2026-08-23T07:26:45.000Z,2026-08-23 00:26:45,https://queue-times.com/parks/16/queue_times.json
2026-08-23T07:30:20.853Z,2026-08-23 00:30:20,2026-08-23,America/Los_Angeles,disneyland,Disneyland,Frontierland,323,Big Thunder Mountain Railroad,FALSE,0,2026-08-23T07:26:45.000Z,2026-08-23 00:26:45,https://queue-times.com/parks/16/queue_times.json
2026-08-23T07:30:20.853Z,2026-08-23 00:30:20,2026-08-23,America/Los_Angeles,disneyland,Disneyland,Frontierland,679,Frontierland Shootin' Exposition,FALSE,0,2026-08-23T07:26:45.000Z,2026-08-23 00:26:45,https://queue-times.com/parks/16/queue_times.json
2026-08-23T07:30:20.853Z,2026-08-23 00:30:20,2026-08-23,America/Los_Angeles,disneyland,Disneyland,Frontierland,456,Mark Twain Riverboat,FALSE,0,2026-08-23T07:26:45.000Z,2026-08-23 00:26:45,https://queue-times.com/parks/16/queue_times.json
2026-08-23T07:30:20.853Z,2026-08-23 00:30:20,2026-08-23,America/Los_Angeles,disneyland,Disneyland,Frontierland,331,Pirate's Lair on Tom Sawyer Island,FALSE,0,2026-08-23T07:26:45.000Z,2026-08-23 00:26:45,https://queue-times.com/parks/16/queue_times.json
2026-08-23T07:30:20.853Z,2026-08-23 00:30:20,2026-08-23,America/Los_Angeles,disneyland,Disneyland,Frontierland,328,Sailing Ship Columbia,FALSE,0,2026-08-23T07:26:45.000Z,2026-08-23 00:26:45,https://queue-times.com/parks/16/queue_times.json
2026-08-23T07:30:20.853Z,2026-08-23 00:30:20,2026-08-23,America/Los_Angeles,disneyland,Disneyland,Main Street U.S.A,674,Disneyland Railroad,FALSE,0,2026-08-23T07:26:45.000Z,2026-08-23 00:26:45,https://queue-times.com/parks/16/queue_times.json
2026-08-23T07:30:20.853Z,2026-08-23 00:30:20,2026-08-23,America/Los_Angeles,disneyland,Disneyland,Main Street U.S.A,690,Great Moments with Mr. Lincoln,FALSE,0,2026-08-23T07:26:45.000Z,2026-08-23 00:26:45,https://queue-times.com/parks/16/queue_times.json
2026-08-23T07:30:20.853Z,2026-08-23 00:30:20,2026-08-23,America/Los_Angeles,disneyland,Disneyland,Main Street U.S.A,686,Main Street Cinema,FALSE,0,2026-08-23T07:26:45.000Z,2026-08-23 00:26:45,https://queue-times.com/parks/16/queue_times.json
2026-08-23T07:30:20.853Z,2026-08-23 00:30:20,2026-08-23,America/Los_Angeles,disneyland,Disneyland,Main Street U.S.A,691,Main Street Vehicles,FALSE,0,2026-08-23T07:26:45.000Z,2026-08-23 00:26:45,https://queue-times.com/parks/16/queue_times.json
2026-08-23T07:30:20.853Z,2026-08-23 00:30:20,2026-08-23,America/Los_Angeles,disneyland,Disneyland,Main Street U.S.A,14915,Opera House - Walt Disney - A Magical Life,FALSE,0,2026-08-23T07:26:45.000Z,2026-08-23 00:26:45,https://queue-times.com/parks/16/queue_times.json
2026-08-23T07:30:20.853Z,2026-08-23 00:30:20,2026-08-23,America/Los_Angeles,disneyland,Disneyland,Main Street U.S.A,695,The Disney Gallery,FALSE,0,2026-08-23T07:26:45.000Z,2026-08-23 00:26:45,https://queue-times.com/parks/16/queue_times.json
2026-08-23T07:30:20.853Z,2026-08-23 00:30:20,2026-08-23,America/Los_Angeles,disneyland,Disneyland,Main Street U.S.A,14923,Walt Disney - A Magical Life,FALSE,0,2026-08-23T07:26:45.000Z,2026-08-23 00:26:45,https://queue-times.com/parks/16/queue_times.json
2026-08-23T07:30:20.853Z,2026-08-23 00:30:20,2026-08-23,America/Los_Angeles,disneyland,Disneyland,Mickey's Toontown,324,Chip 'n' Dale's GADGETcoaster,FALSE,0,2026-08-23T07:26:45.000Z,2026-08-23 00:26:45,https://queue-times.com/parks/16/queue_times.json
2026-08-23T07:30:20.853Z,2026-08-23 00:30:20,2026-08-23,America/Los_Angeles,disneyland,Disneyland,Mickey's Toontown,13814,Donald's Duck Pond,FALSE,0,2026-08-23T07:26:45.000Z,2026-08-23 00:26:45,https://queue-times.com/parks/16/queue_times.json
2026-08-23T07:30:20.853Z,2026-08-23 00:30:20,2026-08-23,America/Los_Angeles,disneyland,Disneyland,Mickey's Toontown,11980,Goofy's How-to-Play Yard,FALSE,0,2026-08-23T07:26:45.000Z,2026-08-23 00:26:45,https://queue-times.com/parks/16/queue_times.json
2026-08-23T07:30:20.853Z,2026-08-23 00:30:20,2026-08-23,America/Los_Angeles,disneyland,Disneyland,Mickey's Toontown,11526,Mickey & Minnie's Runaway Railway,FALSE,0,2026-08-23T07:26:45.000Z,2026-08-23 00:26:45,https://queue-times.com/parks/16/queue_times.json
2026-08-23T07:30:20.853Z,2026-08-23 00:30:20,2026-08-23,America/Los_Angeles,disneyland,Disneyland,Mickey's Toontown,709,Mickey's House and Meet Mickey Mouse,FALSE,0,2026-08-23T07:26:45.000Z,2026-08-23 00:26:45,https://queue-times.com/parks/16/queue_times.json
2026-08-23T07:30:20.853Z,2026-08-23 00:30:20,2026-08-23,America/Los_Angeles,disneyland,Disneyland,Mickey's Toontown,327,Mickey's House and Meet Mickey Mouse,FALSE,0,2026-08-23T07:26:45.000Z,2026-08-23 00:26:45,https://queue-times.com/parks/16/queue_times.json
2026-08-23T07:30:20.853Z,2026-08-23 00:30:20,2026-08-23,America/Los_Angeles,disneyland,Disneyland,Mickey's Toontown,684,Minnie's House,FALSE,0,2026-08-23T07:26:45.000Z,2026-08-23 00:26:45,https://queue-times.com/parks/16/queue_times.json
2026-08-23T07:30:20.853Z,2026-08-23 00:30:20,2026-08-23,America/Los_Angeles,disneyland,Disneyland,Mickey's Toontown,332,Roger Rabbit's Car Toon Spin,FALSE,0,2026-08-23T07:26:45.000Z,2026-08-23 00:26:45,https://queue-times.com/parks/16/queue_times.json
2026-08-23T07:30:20.853Z,2026-08-23 00:30:20,2026-08-23,America/Los_Angeles,disneyland,Disneyland,New Orleans Square,13958,Haunted Mansion,FALSE,0,2026-08-21T05:25:59.000Z,2026-08-20 22:25:59,https://queue-times.com/parks/16/queue_times.json
2026-08-23T07:30:20.853Z,2026-08-23 00:30:20,2026-08-23,America/Los_Angeles,disneyland,Disneyland,New Orleans Square,325,Haunted Mansion Holiday,FALSE,0,2026-08-23T07:26:45.000Z,2026-08-23 00:26:45,https://queue-times.com/parks/16/queue_times.json
2026-08-23T07:30:20.853Z,2026-08-23 00:30:20,2026-08-23,America/Los_Angeles,disneyland,Disneyland,New Orleans Square,289,Pirates of the Caribbean,FALSE,0,2026-08-23T07:26:45.000Z,2026-08-23 00:26:45,https://queue-times.com/parks/16/queue_times.json
2026-08-23T07:30:20.853Z,2026-08-23 00:30:20,2026-08-23,America/Los_Angeles,disneyland,Disneyland,Star Wars: Galaxy's Edge,6339,Millennium Falcon: Smugglers Run,FALSE,0,2026-08-23T07:26:45.000Z,2026-08-23 00:26:45,https://queue-times.com/parks/16/queue_times.json
2026-08-23T07:30:20.853Z,2026-08-23 00:30:20,2026-08-23,America/Los_Angeles,disneyland,Disneyland,Star Wars: Galaxy's Edge,10903,Millennium Falcon: Smugglers Run Single Rider,FALSE,0,2026-08-23T07:26:45.000Z,2026-08-23 00:26:45,https://queue-times.com/parks/16/queue_times.json
2026-08-23T07:30:20.853Z,2026-08-23 00:30:20,2026-08-23,America/Los_Angeles,disneyland,Disneyland,Star Wars: Galaxy's Edge,6340,Star Wars: Rise of the Resistance,FALSE,0,2026-08-23T07:26:45.000Z,2026-08-23 00:26:45,https://queue-times.com/parks/16/queue_times.json
2026-08-23T07:30:20.853Z,2026-08-23 00:30:20,2026-08-23,America/Los_Angeles,disneyland,Disneyland,Tomorrowland,287,Astro Orbitor,FALSE,0,2026-08-23T07:26:45.000Z,2026-08-23 00:26:45,https://queue-times.com/parks/16/queue_times.json
2026-08-23T07:30:20.853Z,2026-08-23 00:30:20,2026-08-23,America/Los_Angeles,disneyland,Disneyland,Tomorrowland,317,Autopia,FALSE,0,2026-08-23T07:26:45.000Z,2026-08-23 00:26:45,https://queue-times.com/parks/16/queue_times.json
2026-08-23T07:30:20.853Z,2026-08-23 00:30:20,2026-08-23,America/Los_Angeles,disneyland,Disneyland,Tomorrowland,273,Buzz Lightyear Astro Blasters,FALSE,0,2026-08-23T07:26:45.000Z,2026-08-23 00:26:45,https://queue-times.com/parks/16/queue_times.json
2026-08-23T07:30:20.853Z,2026-08-23 00:30:20,2026-08-23,America/Los_Angeles,disneyland,Disneyland,Tomorrowland,274,Disneyland Monorail,FALSE,0,2026-08-23T07:26:45.000Z,2026-08-23 00:26:45,https://queue-times.com/parks/16/queue_times.json
2026-08-23T07:30:20.853Z,2026-08-23 00:30:20,2026-08-23,America/Los_Angeles,disneyland,Disneyland,Tomorrowland,276,Finding Nemo Submarine Voyage,FALSE,0,2026-08-23T07:26:45.000Z,2026-08-23 00:26:45,https://queue-times.com/parks/16/queue_times.json
2026-08-23T07:30:20.853Z,2026-08-23 00:30:20,2026-08-23,America/Los_Angeles,disneyland,Disneyland,Tomorrowland,16627,Pixar Short Film Spotlight,FALSE,0,2026-08-23T07:26:45.000Z,2026-08-23 00:26:45,https://queue-times.com/parks/16/queue_times.json
2026-08-23T07:30:20.853Z,2026-08-23 00:30:20,2026-08-23,America/Los_Angeles,disneyland,Disneyland,Tomorrowland,284,Space Mountain,FALSE,0,2026-08-23T07:26:45.000Z,2026-08-23 00:26:45,https://queue-times.com/parks/16/queue_times.json
2026-08-23T07:30:20.853Z,2026-08-23 00:30:20,2026-08-23,America/Los_Angeles,disneyland,Disneyland,Tomorrowland,286,Star Tours - The Adventures Continue,FALSE,0,2026-08-23T07:26:45.000Z,2026-08-23 00:26:45,https://queue-times.com/parks/16/queue_times.json
2026-08-23T07:43:41.519Z,2026-08-23 00:43:41,2026-08-23,America/Los_Angeles,disneyland,Disneyland,Adventureland,12428,Adventureland Treehouse inspired by Walt Disney’s Swiss Family Robinson,FALSE,0,2026-08-23T07:40:48.000Z,2026-08-23 00:40:48,https://queue-times.com/parks/16/queue_times.json
2026-08-23T07:43:41.519Z,2026-08-23 00:43:41,2026-08-23,America/Los_Angeles,disneyland,Disneyland,Adventureland,326,Indiana Jones™ Adventure,FALSE,0,2026-08-23T07:40:48.000Z,2026-08-23 00:40:48,https://queue-times.com/parks/16/queue_times.json
2026-08-23T07:43:41.519Z,2026-08-23 00:43:41,2026-08-23,America/Los_Angeles,disneyland,Disneyland,Adventureland,296,Jungle Cruise,FALSE,0,2026-08-23T07:40:48.000Z,2026-08-23 00:40:48,https://queue-times.com/parks/16/queue_times.json
2026-08-23T07:43:41.519Z,2026-08-23 00:43:41,2026-08-23,America/Los_Angeles,disneyland,Disneyland,Adventureland,288,Walt Disney's Enchanted Tiki Room,FALSE,0,2026-08-23T07:40:48.000Z,2026-08-23 00:40:48,https://queue-times.com/parks/16/queue_times.json
2026-08-23T07:43:41.519Z,2026-08-23 00:43:41,2026-08-23,America/Los_Angeles,disneyland,Disneyland,Bayou Country,304,Davy Crockett's Explorer Canoes,FALSE,0,2026-08-23T07:40:48.000Z,2026-08-23 00:40:48,https://queue-times.com/parks/16/queue_times.json
2026-08-23T07:43:41.519Z,2026-08-23 00:43:41,2026-08-23,America/Los_Angeles,disneyland,Disneyland,Bayou Country,306,The Many Adventures of Winnie the Pooh,FALSE,0,2026-08-23T07:40:48.000Z,2026-08-23 00:40:48,https://queue-times.com/parks/16/queue_times.json
2026-08-23T07:43:41.519Z,2026-08-23 00:43:41,2026-08-23,America/Los_Angeles,disneyland,Disneyland,Bayou Country,14168,Tiana's Bayou Adventure,FALSE,0,2026-08-23T07:40:48.000Z,2026-08-23 00:40:48,https://queue-times.com/parks/16/queue_times.json
2026-08-23T07:43:41.519Z,2026-08-23 00:43:41,2026-08-23,America/Los_Angeles,disneyland,Disneyland,Bayou Country,14326,Tiana's Bayou Adventure Single Rider,FALSE,0,2026-08-23T07:40:48.000Z,2026-08-23 00:40:48,https://queue-times.com/parks/16/queue_times.json
2026-08-23T07:43:41.519Z,2026-08-23 00:43:41,2026-08-23,America/Los_Angeles,disneyland,Disneyland,Fantasyland,307,"""it's a small world""",FALSE,0,2026-08-23T07:40:48.000Z,2026-08-23 00:40:48,https://queue-times.com/parks/16/queue_times.json
2026-08-23T07:43:41.519Z,2026-08-23 00:43:41,2026-08-23,America/Los_Angeles,disneyland,Disneyland,Fantasyland,285,Alice in Wonderland,FALSE,0,2026-08-23T07:40:48.000Z,2026-08-23 00:40:48,https://queue-times.com/parks/16/queue_times.json
2026-08-23T07:43:41.519Z,2026-08-23 00:43:41,2026-08-23,America/Los_Angeles,disneyland,Disneyland,Fantasyland,16254,Bluey’s Best Day Ever! at Fantasyland Theatre,TRUE,0,2026-08-23T07:40:48.000Z,2026-08-23 00:40:48,https://queue-times.com/parks/16/queue_times.json
2026-08-23T07:43:41.519Z,2026-08-23 00:43:41,2026-08-23,America/Los_Angeles,disneyland,Disneyland,Fantasyland,303,Casey Jr. Circus Train,FALSE,0,2026-08-23T07:40:48.000Z,2026-08-23 00:40:48,https://queue-times.com/parks/16/queue_times.json
2026-08-23T07:43:41.519Z,2026-08-23 00:43:41,2026-08-23,America/Los_Angeles,disneyland,Disneyland,Fantasyland,275,Dumbo the Flying Elephant,FALSE,0,2026-08-23T07:40:48.000Z,2026-08-23 00:40:48,https://queue-times.com/parks/16/queue_times.json
2026-08-23T07:43:41.519Z,2026-08-23 00:43:41,2026-08-23,America/Los_Angeles,disneyland,Disneyland,Fantasyland,277,King Arthur Carrousel,FALSE,0,2026-08-23T07:40:48.000Z,2026-08-23 00:40:48,https://queue-times.com/parks/16/queue_times.json
2026-08-23T07:43:41.519Z,2026-08-23 00:43:41,2026-08-23,America/Los_Angeles,disneyland,Disneyland,Fantasyland,278,Mad Tea Party,FALSE,0,2026-08-23T07:40:48.000Z,2026-08-23 00:40:48,https://queue-times.com/parks/16/queue_times.json
2026-08-23T07:43:41.519Z,2026-08-23 00:43:41,2026-08-23,America/Los_Angeles,disneyland,Disneyland,Fantasyland,279,Matterhorn Bobsleds,FALSE,0,2026-08-23T07:40:48.000Z,2026-08-23 00:40:48,https://queue-times.com/parks/16/queue_times.json
2026-08-23T07:43:41.519Z,2026-08-23 00:43:41,2026-08-23,America/Los_Angeles,disneyland,Disneyland,Fantasyland,6711,Meet Disney Princesses at Royal Hall,FALSE,0,2026-08-23T07:40:48.000Z,2026-08-23 00:40:48,https://queue-times.com/parks/16/queue_times.json
2026-08-23T07:43:41.519Z,2026-08-23 00:43:41,2026-08-23,America/Los_Angeles,disneyland,Disneyland,Fantasyland,280,Mr. Toad's Wild Ride,FALSE,0,2026-08-23T07:40:48.000Z,2026-08-23 00:40:48,https://queue-times.com/parks/16/queue_times.json
2026-08-23T07:43:41.519Z,2026-08-23 00:43:41,2026-08-23,America/Los_Angeles,disneyland,Disneyland,Fantasyland,281,Peter Pan's Flight,FALSE,0,2026-08-23T07:40:48.000Z,2026-08-23 00:40:48,https://queue-times.com/parks/16/queue_times.json
2026-08-23T07:43:41.519Z,2026-08-23 00:43:41,2026-08-23,America/Los_Angeles,disneyland,Disneyland,Fantasyland,282,Pinocchio's Daring Journey,FALSE,0,2026-08-23T07:40:48.000Z,2026-08-23 00:40:48,https://queue-times.com/parks/16/queue_times.json
2026-08-23T07:43:41.519Z,2026-08-23 00:43:41,2026-08-23,America/Los_Angeles,disneyland,Disneyland,Fantasyland,687,Sleeping Beauty Castle Walkthrough,FALSE,0,2026-08-23T07:40:48.000Z,2026-08-23 00:40:48,https://queue-times.com/parks/16/queue_times.json
2026-08-23T07:43:41.519Z,2026-08-23 00:43:41,2026-08-23,America/Los_Angeles,disneyland,Disneyland,Fantasyland,283,Snow White's Enchanted Wish,FALSE,0,2026-08-23T07:40:48.000Z,2026-08-23 00:40:48,https://queue-times.com/parks/16/queue_times.json
2026-08-23T07:43:41.519Z,2026-08-23 00:43:41,2026-08-23,America/Los_Angeles,disneyland,Disneyland,Fantasyland,305,Storybook Land Canal Boats,FALSE,0,2026-08-23T07:40:48.000Z,2026-08-23 00:40:48,https://queue-times.com/parks/16/queue_times.json
2026-08-23T07:43:41.519Z,2026-08-23 00:43:41,2026-08-23,America/Los_Angeles,disneyland,Disneyland,Frontierland,323,Big Thunder Mountain Railroad,FALSE,0,2026-08-23T07:40:48.000Z,2026-08-23 00:40:48,https://queue-times.com/parks/16/queue_times.json
2026-08-23T07:43:41.519Z,2026-08-23 00:43:41,2026-08-23,America/Los_Angeles,disneyland,Disneyland,Frontierland,679,Frontierland Shootin' Exposition,FALSE,0,2026-08-23T07:40:48.000Z,2026-08-23 00:40:48,https://queue-times.com/parks/16/queue_times.json
2026-08-23T07:43:41.519Z,2026-08-23 00:43:41,2026-08-23,America/Los_Angeles,disneyland,Disneyland,Frontierland,456,Mark Twain Riverboat,FALSE,0,2026-08-23T07:40:48.000Z,2026-08-23 00:40:48,https://queue-times.com/parks/16/queue_times.json
2026-08-23T07:43:41.519Z,2026-08-23 00:43:41,2026-08-23,America/Los_Angeles,disneyland,Disneyland,Frontierland,331,Pirate's Lair on Tom Sawyer Island,FALSE,0,2026-08-23T07:40:48.000Z,2026-08-23 00:40:48,https://queue-times.com/parks/16/queue_times.json
2026-08-23T07:43:41.519Z,2026-08-23 00:43:41,2026-08-23,America/Los_Angeles,disneyland,Disneyland,Frontierland,328,Sailing Ship Columbia,FALSE,0,2026-08-23T07:40:48.000Z,2026-08-23 00:40:48,https://queue-times.com/parks/16/queue_times.json
2026-08-23T07:43:41.519Z,2026-08-23 00:43:41,2026-08-23,America/Los_Angeles,disneyland,Disneyland,Main Street U.S.A,674,Disneyland Railroad,FALSE,0,2026-08-23T07:40:48.000Z,2026-08-23 00:40:48,https://queue-times.com/parks/16/queue_times.json
2026-08-23T07:43:41.519Z,2026-08-23 00:43:41,2026-08-23,America/Los_Angeles,disneyland,Disneyland,Main Street U.S.A,690,Great Moments with Mr. Lincoln,FALSE,0,2026-08-23T07:40:48.000Z,2026-08-23 00:40:48,https://queue-times.com/parks/16/queue_times.json
2026-08-23T07:43:41.519Z,2026-08-23 00:43:41,2026-08-23,America/Los_Angeles,disneyland,Disneyland,Main Street U.S.A,686,Main Street Cinema,FALSE,0,2026-08-23T07:40:48.000Z,2026-08-23 00:40:48,https://queue-times.com/parks/16/queue_times.json
2026-08-23T07:43:41.519Z,2026-08-23 00:43:41,2026-08-23,America/Los_Angeles,disneyland,Disneyland,Main Street U.S.A,691,Main Street Vehicles,FALSE,0,2026-08-23T07:40:48.000Z,2026-08-23 00:40:48,https://queue-times.com/parks/16/queue_times.json
2026-08-23T07:43:41.519Z,2026-08-23 00:43:41,2026-08-23,America/Los_Angeles,disneyland,Disneyland,Main Street U.S.A,14915,Opera House - Walt Disney - A Magical Life,FALSE,0,2026-08-23T07:40:48.000Z,2026-08-23 00:40:48,https://queue-times.com/parks/16/queue_times.json
2026-08-23T07:43:41.519Z,2026-08-23 00:43:41,2026-08-23,America/Los_Angeles,disneyland,Disneyland,Main Street U.S.A,695,The Disney Gallery,FALSE,0,2026-08-23T07:40:48.000Z,2026-08-23 00:40:48,https://queue-times.com/parks/16/queue_times.json
2026-08-23T07:43:41.519Z,2026-08-23 00:43:41,2026-08-23,America/Los_Angeles,disneyland,Disneyland,Main Street U.S.A,14923,Walt Disney - A Magical Life,FALSE,0,2026-08-23T07:40:48.000Z,2026-08-23 00:40:48,https://queue-times.com/parks/16/queue_times.json
2026-08-23T07:43:41.519Z,2026-08-23 00:43:41,2026-08-23,America/Los_Angeles,disneyland,Disneyland,Mickey's Toontown,324,Chip 'n' Dale's GADGETcoaster,FALSE,0,2026-08-23T07:40:48.000Z,2026-08-23 00:40:48,https://queue-times.com/parks/16/queue_times.json
2026-08-23T07:43:41.519Z,2026-08-23 00:43:41,2026-08-23,America/Los_Angeles,disneyland,Disneyland,Mickey's Toontown,13814,Donald's Duck Pond,FALSE,0,2026-08-23T07:40:48.000Z,2026-08-23 00:40:48,https://queue-times.com/parks/16/queue_times.json
2026-08-23T07:43:41.519Z,2026-08-23 00:43:41,2026-08-23,America/Los_Angeles,disneyland,Disneyland,Mickey's Toontown,11980,Goofy's How-to-Play Yard,FALSE,0,2026-08-23T07:40:48.000Z,2026-08-23 00:40:48,https://queue-times.com/parks/16/queue_times.json
2026-08-23T07:43:41.519Z,2026-08-23 00:43:41,2026-08-23,America/Los_Angeles,disneyland,Disneyland,Mickey's Toontown,11526,Mickey & Minnie's Runaway Railway,FALSE,0,2026-08-23T07:40:48.000Z,2026-08-23 00:40:48,https://queue-times.com/parks/16/queue_times.json
2026-08-23T07:43:41.519Z,2026-08-23 00:43:41,2026-08-23,America/Los_Angeles,disneyland,Disneyland,Mickey's Toontown,709,Mickey's House and Meet Mickey Mouse,FALSE,0,2026-08-23T07:40:48.000Z,2026-08-23 00:40:48,https://queue-times.com/parks/16/queue_times.json
2026-08-23T07:43:41.519Z,2026-08-23 00:43:41,2026-08-23,America/Los_Angeles,disneyland,Disneyland,Mickey's Toontown,327,Mickey's House and Meet Mickey Mouse,FALSE,0,2026-08-23T07:40:48.000Z,2026-08-23 00:40:48,https://queue-times.com/parks/16/queue_times.json
2026-08-23T07:43:41.519Z,2026-08-23 00:43:41,2026-08-23,America/Los_Angeles,disneyland,Disneyland,Mickey's Toontown,684,Minnie's House,FALSE,0,2026-08-23T07:40:48.000Z,2026-08-23 00:40:48,https://queue-times.com/parks/16/queue_times.json
2026-08-23T07:43:41.519Z,2026-08-23 00:43:41,2026-08-23,America/Los_Angeles,disneyland,Disneyland,Mickey's Toontown,332,Roger Rabbit's Car Toon Spin,FALSE,0,2026-08-23T07:40:48.000Z,2026-08-23 00:40:48,https://queue-times.com/parks/16/queue_times.json
2026-08-23T07:43:41.519Z,2026-08-23 00:43:41,2026-08-23,America/Los_Angeles,disneyland,Disneyland,New Orleans Square,13958,Haunted Mansion,FALSE,0,2026-08-21T05:25:59.000Z,2026-08-20 22:25:59,https://queue-times.com/parks/16/queue_times.json
2026-08-23T07:43:41.519Z,2026-08-23 00:43:41,2026-08-23,America/Los_Angeles,disneyland,Disneyland,New Orleans Square,325,Haunted Mansion Holiday,FALSE,0,2026-08-23T07:40:48.000Z,2026-08-23 00:40:48,https://queue-times.com/parks/16/queue_times.json
2026-08-23T07:43:41.519Z,2026-08-23 00:43:41,2026-08-23,America/Los_Angeles,disneyland,Disneyland,New Orleans Square,289,Pirates of the Caribbean,FALSE,0,2026-08-23T07:40:48.000Z,2026-08-23 00:40:48,https://queue-times.com/parks/16/queue_times.json
2026-08-23T07:43:41.519Z,2026-08-23 00:43:41,2026-08-23,America/Los_Angeles,disneyland,Disneyland,Star Wars: Galaxy's Edge,6339,Millennium Falcon: Smugglers Run,FALSE,0,2026-08-23T07:40:48.000Z,2026-08-23 00:40:48,https://queue-times.com/parks/16/queue_times.json
2026-08-23T07:43:41.519Z,2026-08-23 00:43:41,2026-08-23,America/Los_Angeles,disneyland,Disneyland,Star Wars: Galaxy's Edge,10903,Millennium Falcon: Smugglers Run Single Rider,FALSE,0,2026-08-23T07:40:48.000Z,2026-08-23 00:40:48,https://queue-times.com/parks/16/queue_times.json
2026-08-23T07:43:41.519Z,2026-08-23 00:43:41,2026-08-23,America/Los_Angeles,disneyland,Disneyland,Star Wars: Galaxy's Edge,6340,Star Wars: Rise of the Resistance,FALSE,0,2026-08-23T07:40:48.000Z,2026-08-23 00:40:48,https://queue-times.com/parks/16/queue_times.json
2026-08-23T07:43:41.519Z,2026-08-23 00:43:41,2026-08-23,America/Los_Angeles,disneyland,Disneyland,Tomorrowland,287,Astro Orbitor,FALSE,0,2026-08-23T07:40:48.000Z,2026-08-23 00:40:48,https://queue-times.com/parks/16/queue_times.json
2026-08-23T07:43:41.519Z,2026-08-23 00:43:41,2026-08-23,America/Los_Angeles,disneyland,Disneyland,Tomorrowland,317,Autopia,FALSE,0,2026-08-23T07:40:48.000Z,2026-08-23 00:40:48,https://queue-times.com/parks/16/queue_times.json
2026-08-23T07:43:41.519Z,2026-08-23 00:43:41,2026-08-23,America/Los_Angeles,disneyland,Disneyland,Tomorrowland,273,Buzz Lightyear Astro Blasters,FALSE,0,2026-08-23T07:40:48.000Z,2026-08-23 00:40:48,https://queue-times.com/parks/16/queue_times.json
2026-08-23T07:43:41.519Z,2026-08-23 00:43:41,2026-08-23,America/Los_Angeles,disneyland,Disneyland,Tomorrowland,274,Disneyland Monorail,FALSE,0,2026-08-23T07:40:48.000Z,2026-08-23 00:40:48,https://queue-times.com/parks/16/queue_times.json
2026-08-23T07:43:41.519Z,2026-08-23 00:43:41,2026-08-23,America/Los_Angeles,disneyland,Disneyland,Tomorrowland,276,Finding Nemo Submarine Voyage,FALSE,0,2026-08-23T07:40:48.000Z,2026-08-23 00:40:48,https://queue-times.com/parks/16/queue_times.json
2026-08-23T07:43:41.519Z,2026-08-23 00:43:41,2026-08-23,America/Los_Angeles,disneyland,Disneyland,Tomorrowland,16627,Pixar Short Film Spotlight,FALSE,0,2026-08-23T07:40:48.000Z,2026-08-23 00:40:48,https://queue-times.com/parks/16/queue_times.json
2026-08-23T07:43:41.519Z,2026-08-23 00:43:41,2026-08-23,America/Los_Angeles,disneyland,Disneyland,Tomorrowland,284,Space Mountain,FALSE,0,2026-08-23T07:40:48.000Z,2026-08-23 00:40:48,https://queue-times.com/parks/16/queue_times.json
2026-08-23T07:43:41.519Z,2026-08-23 00:43:41,2026-08-23,America/Los_Angeles,disneyland,Disneyland,Tomorrowland,286,Star Tours - The Adventures Continue,FALSE,0,2026-08-23T07:40:48.000Z,2026-08-23 00:40:48,https://queue-times.com/parks/16/queue_times.json
2026-08-23T14:30:24.288Z,2026-08-23 07:30:24,2026-08-23,America/Los_Angeles,disneyland,Disneyland,Adventureland,12428,Adventureland Treehouse inspired by Walt Disney’s Swiss Family Robinson,FALSE,0,2026-08-23T14:25:35.000Z,2026-08-23 07:25:35,https://queue-times.com/parks/16/queue_times.json
2026-08-23T14:30:24.288Z,2026-08-23 07:30:24,2026-08-23,America/Los_Angeles,disneyland,Disneyland,Adventureland,326,Indiana Jones™ Adventure,FALSE,0,2026-08-23T14:25:35.000Z,2026-08-23 07:25:35,https://queue-times.com/parks/16/queue_times.json
2026-08-23T14:30:24.288Z,2026-08-23 07:30:24,2026-08-23,America/Los_Angeles,disneyland,Disneyland,Adventureland,296,Jungle Cruise,FALSE,0,2026-08-23T14:25:35.000Z,2026-08-23 07:25:35,https://queue-times.com/parks/16/queue_times.json
2026-08-23T14:30:24.288Z,2026-08-23 07:30:24,2026-08-23,America/Los_Angeles,disneyland,Disneyland,Adventureland,288,Walt Disney's Enchanted Tiki Room,FALSE,0,2026-08-23T14:25:35.000Z,2026-08-23 07:25:35,https://queue-times.com/parks/16/queue_times.json
2026-08-23T14:30:24.288Z,2026-08-23 07:30:24,2026-08-23,America/Los_Angeles,disneyland,Disneyland,Bayou Country,304,Davy Crockett's Explorer Canoes,FALSE,0,2026-08-23T14:25:35.000Z,2026-08-23 07:25:35,https://queue-times.com/parks/16/queue_times.json
2026-08-23T14:30:24.288Z,2026-08-23 07:30:24,2026-08-23,America/Los_Angeles,disneyland,Disneyland,Bayou Country,306,The Many Adventures of Winnie the Pooh,FALSE,0,2026-08-23T14:25:35.000Z,2026-08-23 07:25:35,https://queue-times.com/parks/16/queue_times.json
2026-08-23T14:30:24.288Z,2026-08-23 07:30:24,2026-08-23,America/Los_Angeles,disneyland,Disneyland,Bayou Country,14168,Tiana's Bayou Adventure,FALSE,0,2026-08-23T14:25:35.000Z,2026-08-23 07:25:35,https://queue-times.com/parks/16/queue_times.json
2026-08-23T14:30:24.288Z,2026-08-23 07:30:24,2026-08-23,America/Los_Angeles,disneyland,Disneyland,Bayou Country,14326,Tiana's Bayou Adventure Single Rider,FALSE,0,2026-08-23T14:25:35.000Z,2026-08-23 07:25:35,https://queue-times.com/parks/16/queue_times.json
2026-08-23T14:30:24.288Z,2026-08-23 07:30:24,2026-08-23,America/Los_Angeles,disneyland,Disneyland,Fantasyland,307,"""it's a small world""",FALSE,0,2026-08-23T14:25:35.000Z,2026-08-23 07:25:35,https://queue-times.com/parks/16/queue_times.json
2026-08-23T14:30:24.288Z,2026-08-23 07:30:24,2026-08-23,America/Los_Angeles,disneyland,Disneyland,Fantasyland,285,Alice in Wonderland,FALSE,0,2026-08-23T14:25:35.000Z,2026-08-23 07:25:35,https://queue-times.com/parks/16/queue_times.json
2026-08-23T14:30:24.288Z,2026-08-23 07:30:24,2026-08-23,America/Los_Angeles,disneyland,Disneyland,Fantasyland,16254,Bluey’s Best Day Ever! at Fantasyland Theatre,TRUE,0,2026-08-23T14:25:35.000Z,2026-08-23 07:25:35,https://queue-times.com/parks/16/queue_times.json
2026-08-23T14:30:24.288Z,2026-08-23 07:30:24,2026-08-23,America/Los_Angeles,disneyland,Disneyland,Fantasyland,303,Casey Jr. Circus Train,FALSE,0,2026-08-23T14:25:35.000Z,2026-08-23 07:25:35,https://queue-times.com/parks/16/queue_times.json
2026-08-23T14:30:24.288Z,2026-08-23 07:30:24,2026-08-23,America/Los_Angeles,disneyland,Disneyland,Fantasyland,275,Dumbo the Flying Elephant,FALSE,0,2026-08-23T14:25:35.000Z,2026-08-23 07:25:35,https://queue-times.com/parks/16/queue_times.json
2026-08-23T14:30:24.288Z,2026-08-23 07:30:24,2026-08-23,America/Los_Angeles,disneyland,Disneyland,Fantasyland,277,King Arthur Carrousel,FALSE,0,2026-08-23T14:25:35.000Z,2026-08-23 07:25:35,https://queue-times.com/parks/16/queue_times.json
2026-08-23T14:30:24.288Z,2026-08-23 07:30:24,2026-08-23,America/Los_Angeles,disneyland,Disneyland,Fantasyland,278,Mad Tea Party,FALSE,0,2026-08-23T14:25:35.000Z,2026-08-23 07:25:35,https://queue-times.com/parks/16/queue_times.json
2026-08-23T14:30:24.288Z,2026-08-23 07:30:24,2026-08-23,America/Los_Angeles,disneyland,Disneyland,Fantasyland,279,Matterhorn Bobsleds,FALSE,0,2026-08-23T14:25:35.000Z,2026-08-23 07:25:35,https://queue-times.com/parks/16/queue_times.json
2026-08-23T14:30:24.288Z,2026-08-23 07:30:24,2026-08-23,America/Los_Angeles,disneyland,Disneyland,Fantasyland,6711,Meet Disney Princesses at Royal Hall,FALSE,0,2026-08-23T14:25:35.000Z,2026-08-23 07:25:35,https://queue-times.com/parks/16/queue_times.json
2026-08-23T14:30:24.288Z,2026-08-23 07:30:24,2026-08-23,America/Los_Angeles,disneyland,Disneyland,Fantasyland,280,Mr. Toad's Wild Ride,FALSE,0,2026-08-23T14:25:35.000Z,2026-08-23 07:25:35,https://queue-times.com/parks/16/queue_times.json
2026-08-23T14:30:24.288Z,2026-08-23 07:30:24,2026-08-23,America/Los_Angeles,disneyland,Disneyland,Fantasyland,281,Peter Pan's Flight,FALSE,0,2026-08-23T14:25:35.000Z,2026-08-23 07:25:35,https://queue-times.com/parks/16/queue_times.json
2026-08-23T14:30:24.288Z,2026-08-23 07:30:24,2026-08-23,America/Los_Angeles,disneyland,Disneyland,Fantasyland,282,Pinocchio's Daring Journey,FALSE,0,2026-08-23T14:25:35.000Z,2026-08-23 07:25:35,https://queue-times.com/parks/16/queue_times.json
2026-08-23T14:30:24.288Z,2026-08-23 07:30:24,2026-08-23,America/Los_Angeles,disneyland,Disneyland,Fantasyland,687,Sleeping Beauty Castle Walkthrough,FALSE,0,2026-08-23T14:25:35.000Z,2026-08-23 07:25:35,https://queue-times.com/parks/16/queue_times.json
2026-08-23T14:30:24.288Z,2026-08-23 07:30:24,2026-08-23,America/Los_Angeles,disneyland,Disneyland,Fantasyland,283,Snow White's Enchanted Wish,FALSE,0,2026-08-23T14:25:35.000Z,2026-08-23 07:25:35,https://queue-times.com/parks/16/queue_times.json
2026-08-23T14:30:24.288Z,2026-08-23 07:30:24,2026-08-23,America/Los_Angeles,disneyland,Disneyland,Fantasyland,305,Storybook Land Canal Boats,FALSE,0,2026-08-23T14:25:35.000Z,2026-08-23 07:25:35,https://queue-times.com/parks/16/queue_times.json
2026-08-23T14:30:24.288Z,2026-08-23 07:30:24,2026-08-23,America/Los_Angeles,disneyland,Disneyland,Frontierland,323,Big Thunder Mountain Railroad,FALSE,0,2026-08-23T14:25:35.000Z,2026-08-23 07:25:35,https://queue-times.com/parks/16/queue_times.json
2026-08-23T14:30:24.288Z,2026-08-23 07:30:24,2026-08-23,America/Los_Angeles,disneyland,Disneyland,Frontierland,679,Frontierland Shootin' Exposition,FALSE,0,2026-08-23T14:25:35.000Z,2026-08-23 07:25:35,https://queue-times.com/parks/16/queue_times.json
2026-08-23T14:30:24.288Z,2026-08-23 07:30:24,2026-08-23,America/Los_Angeles,disneyland,Disneyland,Frontierland,456,Mark Twain Riverboat,FALSE,0,2026-08-23T14:25:35.000Z,2026-08-23 07:25:35,https://queue-times.com/parks/16/queue_times.json
2026-08-23T14:30:24.288Z,2026-08-23 07:30:24,2026-08-23,America/Los_Angeles,disneyland,Disneyland,Frontierland,331,Pirate's Lair on Tom Sawyer Island,FALSE,0,2026-08-23T14:25:35.000Z,2026-08-23 07:25:35,https://queue-times.com/parks/16/queue_times.json
2026-08-23T14:30:24.288Z,2026-08-23 07:30:24,2026-08-23,America/Los_Angeles,disneyland,Disneyland,Frontierland,328,Sailing Ship Columbia,FALSE,0,2026-08-23T14:25:35.000Z,2026-08-23 07:25:35,https://queue-times.com/parks/16/queue_times.json
2026-08-23T14:30:24.288Z,2026-08-23 07:30:24,2026-08-23,America/Los_Angeles,disneyland,Disneyland,Main Street U.S.A,674,Disneyland Railroad,FALSE,0,2026-08-23T14:25:35.000Z,2026-08-23 07:25:35,https://queue-times.com/parks/16/queue_times.json
2026-08-23T14:30:24.288Z,2026-08-23 07:30:24,2026-08-23,America/Los_Angeles,disneyland,Disneyland,Main Street U.S.A,690,Great Moments with Mr. Lincoln,FALSE,0,2026-08-23T14:25:35.000Z,2026-08-23 07:25:35,https://queue-times.com/parks/16/queue_times.json
2026-08-23T14:30:24.288Z,2026-08-23 07:30:24,2026-08-23,America/Los_Angeles,disneyland,Disneyland,Main Street U.S.A,686,Main Street Cinema,FALSE,0,2026-08-23T14:25:35.000Z,2026-08-23 07:25:35,https://queue-times.com/parks/16/queue_times.json
2026-08-23T14:30:24.288Z,2026-08-23 07:30:24,2026-08-23,America/Los_Angeles,disneyland,Disneyland,Main Street U.S.A,691,Main Street Vehicles,FALSE,0,2026-08-23T14:25:35.000Z,2026-08-23 07:25:35,https://queue-times.com/parks/16/queue_times.json
2026-08-23T14:30:24.288Z,2026-08-23 07:30:24,2026-08-23,America/Los_Angeles,disneyland,Disneyland,Main Street U.S.A,14915,Opera House - Walt Disney - A Magical Life,FALSE,0,2026-08-23T14:25:35.000Z,2026-08-23 07:25:35,https://queue-times.com/parks/16/queue_times.json
2026-08-23T14:30:24.288Z,2026-08-23 07:30:24,2026-08-23,America/Los_Angeles,disneyland,Disneyland,Main Street U.S.A,695,The Disney Gallery,FALSE,0,2026-08-23T14:25:35.000Z,2026-08-23 07:25:35,https://queue-times.com/parks/16/queue_times.json
2026-08-23T14:30:24.288Z,2026-08-23 07:30:24,2026-08-23,America/Los_Angeles,disneyland,Disneyland,Main Street U.S.A,14923,Walt Disney - A Magical Life,FALSE,0,2026-08-23T14:25:35.000Z,2026-08-23 07:25:35,https://queue-times.com/parks/16/queue_times.json
2026-08-23T14:30:24.288Z,2026-08-23 07:30:24,2026-08-23,America/Los_Angeles,disneyland,Disneyland,Mickey's Toontown,324,Chip 'n' Dale's GADGETcoaster,FALSE,0,2026-08-23T14:25:35.000Z,2026-08-23 07:25:35,https://queue-times.com/parks/16/queue_times.json
2026-08-23T14:30:24.288Z,2026-08-23 07:30:24,2026-08-23,America/Los_Angeles,disneyland,Disneyland,Mickey's Toontown,13814,Donald's Duck Pond,FALSE,0,2026-08-23T14:25:35.000Z,2026-08-23 07:25:35,https://queue-times.com/parks/16/queue_times.json
2026-08-23T14:30:24.288Z,2026-08-23 07:30:24,2026-08-23,America/Los_Angeles,disneyland,Disneyland,Mickey's Toontown,11980,Goofy's How-to-Play Yard,FALSE,0,2026-08-23T14:25:35.000Z,2026-08-23 07:25:35,https://queue-times.com/parks/16/queue_times.json
2026-08-23T14:30:24.288Z,2026-08-23 07:30:24,2026-08-23,America/Los_Angeles,disneyland,Disneyland,Mickey's Toontown,11526,Mickey & Minnie's Runaway Railway,FALSE,0,2026-08-23T14:25:35.000Z,2026-08-23 07:25:35,https://queue-times.com/parks/16/queue_times.json
2026-08-23T14:30:24.288Z,2026-08-23 07:30:24,2026-08-23,America/Los_Angeles,disneyland,Disneyland,Mickey's Toontown,709,Mickey's House and Meet Mickey Mouse,FALSE,0,2026-08-23T14:25:35.000Z,2026-08-23 07:25:35,https://queue-times.com/parks/16/queue_times.json
2026-08-23T14:30:24.288Z,2026-08-23 07:30:24,2026-08-23,America/Los_Angeles,disneyland,Disneyland,Mickey's Toontown,327,Mickey's House and Meet Mickey Mouse,FALSE,0,2026-08-23T14:25:35.000Z,2026-08-23 07:25:35,https://queue-times.com/parks/16/queue_times.json
2026-08-23T14:30:24.288Z,2026-08-23 07:30:24,2026-08-23,America/Los_Angeles,disneyland,Disneyland,Mickey's Toontown,684,Minnie's House,FALSE,0,2026-08-23T14:25:35.000Z,2026-08-23 07:25:35,https://queue-times.com/parks/16/queue_times.json
2026-08-23T14:30:24.288Z,2026-08-23 07:30:24,2026-08-23,America/Los_Angeles,disneyland,Disneyland,Mickey's Toontown,332,Roger Rabbit's Car Toon Spin,FALSE,0,2026-08-23T14:25:35.000Z,2026-08-23 07:25:35,https://queue-times.com/parks/16/queue_times.json
2026-08-23T14:30:24.288Z,2026-08-23 07:30:24,2026-08-23,America/Los_Angeles,disneyland,Disneyland,New Orleans Square,13958,Haunted Mansion,FALSE,0,2026-08-21T05:25:59.000Z,2026-08-20 22:25:59,https://queue-times.com/parks/16/queue_times.json
2026-08-23T14:30:24.288Z,2026-08-23 07:30:24,2026-08-23,America/Los_Angeles,disneyland,Disneyland,New Orleans Square,325,Haunted Mansion Holiday,FALSE,0,2026-08-23T14:25:35.000Z,2026-08-23 07:25:35,https://queue-times.com/parks/16/queue_times.json
2026-08-23T14:30:24.288Z,2026-08-23 07:30:24,2026-08-23,America/Los_Angeles,disneyland,Disneyland,New Orleans Square,289,Pirates of the Caribbean,FALSE,0,2026-08-23T14:25:35.000Z,2026-08-23 07:25:35,https://queue-times.com/parks/16/queue_times.json
2026-08-23T14:30:24.288Z,2026-08-23 07:30:24,2026-08-23,America/Los_Angeles,disneyland,Disneyland,Star Wars: Galaxy's Edge,6339,Millennium Falcon: Smugglers Run,FALSE,0,2026-08-23T14:25:35.000Z,2026-08-23 07:25:35,https://queue-times.com/parks/16/queue_times.json
2026-08-23T14:30:24.288Z,2026-08-23 07:30:24,2026-08-23,America/Los_Angeles,disneyland,Disneyland,Star Wars: Galaxy's Edge,10903,Millennium Falcon: Smugglers Run Single Rider,FALSE,0,2026-08-23T14:25:35.000Z,2026-08-23 07:25:35,https://queue-times.com/parks/16/queue_times.json
2026-08-23T14:30:24.288Z,2026-08-23 07:30:24,2026-08-23,America/Los_Angeles,disneyland,Disneyland,Star Wars: Galaxy's Edge,6340,Star Wars: Rise of the Resistance,FALSE,0,2026-08-23T14:25:35.000Z,2026-08-23 07:25:35,https://queue-times.com/parks/16/queue_times.json
2026-08-23T14:30:24.288Z,2026-08-23 07:30:24,2026-08-23,America/Los_Angeles,disneyland,Disneyland,Tomorrowland,287,Astro Orbitor,FALSE,0,2026-08-23T14:25:35.000Z,2026-08-23 07:25:35,https://queue-times.com/parks/16/queue_times.json
2026-08-23T14:30:24.288Z,2026-08-23 07:30:24,2026-08-23,America/Los_Angeles,disneyland,Disneyland,Tomorrowland,317,Autopia,FALSE,0,2026-08-23T14:25:35.000Z,2026-08-23 07:25:35,https://queue-times.com/parks/16/queue_times.json
2026-08-23T14:30:24.288Z,2026-08-23 07:30:24,2026-08-23,America/Los_Angeles,disneyland,Disneyland,Tomorrowland,273,Buzz Lightyear Astro Blasters,FALSE,0,2026-08-23T14:25:35.000Z,2026-08-23 07:25:35,https://queue-times.com/parks/16/queue_times.json
2026-08-23T14:30:24.288Z,2026-08-23 07:30:24,2026-08-23,America/Los_Angeles,disneyland,Disneyland,Tomorrowland,274,Disneyland Monorail,FALSE,0,2026-08-23T14:25:35.000Z,2026-08-23 07:25:35,https://queue-times.com/parks/16/queue_times.json
2026-08-23T14:30:24.288Z,2026-08-23 07:30:24,2026-08-23,America/Los_Angeles,disneyland,Disneyland,Tomorrowland,276,Finding Nemo Submarine Voyage,FALSE,0,2026-08-23T14:25:35.000Z,2026-08-23 07:25:35,https://queue-times.com/parks/16/queue_times.json
2026-08-23T14:30:24.288Z,2026-08-23 07:30:24,2026-08-23,America/Los_Angeles,disneyland,Disneyland,Tomorrowland,16627,Pixar Short Film Spotlight,FALSE,0,2026-08-23T14:25:35.000Z,2026-08-23 07:25:35,https://queue-times.com/parks/16/queue_times.json
2026-08-23T14:30:24.288Z,2026-08-23 07:30:24,2026-08-23,America/Los_Angeles,disneyland,Disneyland,Tomorrowland,284,Space Mountain,FALSE,0,2026-08-23T14:25:35.000Z,2026-08-23 07:25:35,https://queue-times.com/parks/16/queue_times.json
2026-08-23T14:30:24.288Z,2026-08-23 07:30:24,2026-08-23,America/Los_Angeles,disneyland,Disneyland,Tomorrowland,286,Star Tours - The Adventures Continue,FALSE,0,2026-08-23T14:25:35.000Z,2026-08-23 07:25:35,https://queue-times.com/parks/16/queue_times.json
2026-08-23T14:30:24.288Z,2026-08-23 07:30:24,2026-08-23,America/Los_Angeles,dca,Disney California Adventure,Avengers Campus,329,Guardians of the Galaxy - Mission: BREAKOUT!,FALSE,0,2026-08-23T14:25:35.000Z,2026-08-23 07:25:35,https://queue-times.com/parks/17/queue_times.json
2026-08-23T14:30:24.288Z,2026-08-23 07:30:24,2026-08-23,America/Los_Angeles,dca,Disney California Adventure,Avengers Campus,8843,WEB SLINGERS: A Spider-Man Adventure,FALSE,0,2026-08-23T14:25:35.000Z,2026-08-23 07:25:35,https://queue-times.com/parks/17/queue_times.json
2026-08-23T14:30:24.288Z,2026-08-23 07:30:24,2026-08-23,America/Los_Angeles,dca,Disney California Adventure,Avengers Campus,10907,WEB SLINGERS: A Spider-Man Adventure Single Rider,FALSE,0,2026-08-23T14:25:35.000Z,2026-08-23 07:25:35,https://queue-times.com/parks/17/queue_times.json
2026-08-23T14:30:24.288Z,2026-08-23 07:30:24,2026-08-23,America/Los_Angeles,dca,Disney California Adventure,Cars Land,2608,Luigi's Honkin' Haul-O-Ween,FALSE,0,2026-08-23T14:25:35.000Z,2026-08-23 07:25:35,https://queue-times.com/parks/17/queue_times.json
2026-08-23T14:30:24.288Z,2026-08-23 07:30:24,2026-08-23,America/Los_Angeles,dca,Disney California Adventure,Cars Land,13961,Luigi's Rollickin' Roadsters,FALSE,0,2026-08-18T08:55:45.000Z,2026-08-18 01:55:45,https://queue-times.com/parks/17/queue_times.json
2026-08-23T14:30:24.288Z,2026-08-23 07:30:24,2026-08-23,America/Los_Angeles,dca,Disney California Adventure,Cars Land,315,Mater's Junkyard Jamboree,FALSE,0,2026-08-18T08:55:45.000Z,2026-08-18 01:55:45,https://queue-times.com/parks/17/queue_times.json
2026-08-23T14:30:24.288Z,2026-08-23 07:30:24,2026-08-23,America/Los_Angeles,dca,Disney California Adventure,Cars Land,295,Radiator Springs Racers,FALSE,0,2026-08-23T14:25:35.000Z,2026-08-23 07:25:35,https://queue-times.com/parks/17/queue_times.json
2026-08-23T14:30:24.288Z,2026-08-23 07:30:24,2026-08-23,America/Los_Angeles,dca,Disney California Adventure,Cars Land,10904,Radiator Springs Racers Single Rider,FALSE,0,2026-08-23T14:25:35.000Z,2026-08-23 07:25:35,https://queue-times.com/parks/17/queue_times.json
2026-08-23T14:30:24.288Z,2026-08-23 07:30:24,2026-08-23,America/Los_Angeles,dca,Disney California Adventure,Grizzly Peak,302,Grizzly River Run,FALSE,0,2026-08-23T14:25:35.000Z,2026-08-23 07:25:35,https://queue-times.com/parks/17/queue_times.json
2026-08-23T14:30:24.288Z,2026-08-23 07:30:24,2026-08-23,America/Los_Angeles,dca,Disney California Adventure,Grizzly Peak,293,Redwood Creek Challenge Trail,FALSE,0,2026-08-23T14:25:35.000Z,2026-08-23 07:25:35,https://queue-times.com/parks/17/queue_times.json
2026-08-23T14:30:24.288Z,2026-08-23 07:30:24,2026-08-23,America/Los_Angeles,dca,Disney California Adventure,Grizzly Peak,17129,Soarin’ Across America,FALSE,0,2026-08-23T14:25:35.000Z,2026-08-23 07:25:35,https://queue-times.com/parks/17/queue_times.json
2026-08-23T14:30:24.288Z,2026-08-23 07:30:24,2026-08-23,America/Los_Angeles,dca,Disney California Adventure,Hollywood Land,321,Animation Academy,TRUE,0,2026-08-23T14:25:35.000Z,2026-08-23 07:25:35,https://queue-times.com/parks/17/queue_times.json
2026-08-23T14:30:24.288Z,2026-08-23 07:30:24,2026-08-23,America/Los_Angeles,dca,Disney California Adventure,Hollywood Land,6440,Mickey's PhilharMagic,FALSE,0,2026-08-23T14:25:35.000Z,2026-08-23 07:25:35,https://queue-times.com/parks/17/queue_times.json
2026-08-23T14:30:24.288Z,2026-08-23 07:30:24,2026-08-23,America/Los_Angeles,dca,Disney California Adventure,Hollywood Land,291,"Monsters, Inc. Mike & Sulley to the Rescue!",FALSE,0,2026-08-23T14:25:35.000Z,2026-08-23 07:25:35,https://queue-times.com/parks/17/queue_times.json
2026-08-23T14:30:24.288Z,2026-08-23 07:30:24,2026-08-23,America/Los_Angeles,dca,Disney California Adventure,Hollywood Land,868,Sorcerer's Workshop,FALSE,0,2026-08-23T14:25:35.000Z,2026-08-23 07:25:35,https://queue-times.com/parks/17/queue_times.json
2026-08-23T14:30:24.288Z,2026-08-23 07:30:24,2026-08-23,America/Los_Angeles,dca,Disney California Adventure,Hollywood Land,294,Turtle Talk with Crush,TRUE,0,2026-08-23T14:25:35.000Z,2026-08-23 07:25:35,https://queue-times.com/parks/17/queue_times.json
2026-08-23T14:30:24.288Z,2026-08-23 07:30:24,2026-08-23,America/Los_Angeles,dca,Disney California Adventure,Pacific Wharf,869,The Bakery Tour,FALSE,0,2026-08-23T14:25:35.000Z,2026-08-23 07:25:35,https://queue-times.com/parks/17/queue_times.json
2026-08-23T14:30:24.288Z,2026-08-23 07:30:24,2026-08-23,America/Los_Angeles,dca,Disney California Adventure,Paradise Gardens Park,298,Golden Zephyr,FALSE,0,2026-08-23T14:25:35.000Z,2026-08-23 07:25:35,https://queue-times.com/parks/17/queue_times.json
2026-08-23T14:30:24.288Z,2026-08-23 07:30:24,2026-08-23,America/Los_Angeles,dca,Disney California Adventure,Paradise Gardens Park,319,Goofy's Sky School,FALSE,0,2026-08-23T14:25:35.000Z,2026-08-23 07:25:35,https://queue-times.com/parks/17/queue_times.json
2026-08-23T14:30:24.288Z,2026-08-23 07:30:24,2026-08-23,America/Los_Angeles,dca,Disney California Adventure,Paradise Gardens Park,301,Silly Symphony Swings,FALSE,0,2026-08-23T14:25:35.000Z,2026-08-23 07:25:35,https://queue-times.com/parks/17/queue_times.json
2026-08-23T14:30:24.288Z,2026-08-23 07:30:24,2026-08-23,America/Los_Angeles,dca,Disney California Adventure,Paradise Gardens Park,316,The Little Mermaid - Ariel's Undersea Adventure,FALSE,0,2026-08-23T14:25:35.000Z,2026-08-23 07:25:35,https://queue-times.com/parks/17/queue_times.json
2026-08-23T14:30:24.288Z,2026-08-23 07:30:24,2026-08-23,America/Los_Angeles,dca,Disney California Adventure,Paradise Gardens Park,11528,World of Color – ONE,FALSE,0,2026-08-23T14:25:35.000Z,2026-08-23 07:25:35,https://queue-times.com/parks/17/queue_times.json
2026-08-23T14:30:24.288Z,2026-08-23 07:30:24,2026-08-23,America/Los_Angeles,dca,Disney California Adventure,Pixar Pier,866,Games of Pixar Pier,FALSE,0,2026-08-23T14:25:35.000Z,2026-08-23 07:25:35,https://queue-times.com/parks/17/queue_times.json
2026-08-23T14:30:24.288Z,2026-08-23 07:30:24,2026-08-23,America/Los_Angeles,dca,Disney California Adventure,Pixar Pier,322,Incredicoaster,FALSE,0,2026-08-23T14:25:35.000Z,2026-08-23 07:25:35,https://queue-times.com/parks/17/queue_times.json
2026-08-23T14:30:24.288Z,2026-08-23 07:30:24,2026-08-23,America/Los_Angeles,dca,Disney California Adventure,Pixar Pier,10906,Incredicoaster Single Rider,FALSE,0,2026-08-23T14:25:35.000Z,2026-08-23 07:25:35,https://queue-times.com/parks/17/queue_times.json
2026-08-23T14:30:24.288Z,2026-08-23 07:30:24,2026-08-23,America/Los_Angeles,dca,Disney California Adventure,Pixar Pier,6643,Inside Out Emotional Whirlwind,FALSE,0,2026-08-23T14:25:35.000Z,2026-08-23 07:25:35,https://queue-times.com/parks/17/queue_times.json
2026-08-23T14:30:24.288Z,2026-08-23 07:30:24,2026-08-23,America/Los_Angeles,dca,Disney California Adventure,Pixar Pier,310,Jessie's Critter Carousel,FALSE,0,2026-08-23T14:25:35.000Z,2026-08-23 07:25:35,https://queue-times.com/parks/17/queue_times.json
2026-08-23T14:30:24.288Z,2026-08-23 07:30:24,2026-08-23,America/Los_Angeles,dca,Disney California Adventure,Pixar Pier,300,Jumpin' Jellyfish,FALSE,0,2026-08-23T14:25:35.000Z,2026-08-23 07:25:35,https://queue-times.com/parks/17/queue_times.json
2026-08-23T14:30:24.288Z,2026-08-23 07:30:24,2026-08-23,America/Los_Angeles,dca,Disney California Adventure,Pixar Pier,311,Pixar Pal-A-Round - Swinging,FALSE,0,2026-08-23T14:25:35.000Z,2026-08-23 07:25:35,https://queue-times.com/parks/17/queue_times.json
2026-08-23T14:30:24.288Z,2026-08-23 07:30:24,2026-08-23,America/Los_Angeles,dca,Disney California Adventure,Pixar Pier,5557,Pixar Pal-A-Round – Non-Swinging,FALSE,0,2026-08-23T14:25:35.000Z,2026-08-23 07:25:35,https://queue-times.com/parks/17/queue_times.json
2026-08-23T14:30:24.288Z,2026-08-23 07:30:24,2026-08-23,America/Los_Angeles,dca,Disney California Adventure,Pixar Pier,313,Toy Story Midway Mania!,FALSE,0,2026-08-23T14:25:35.000Z,2026-08-23 07:25:35,https://queue-times.com/parks/17/queue_times.json
2026-08-23T14:30:24.288Z,2026-08-23 07:30:24,2026-08-23,America/Los_Angeles,dca,Disney California Adventure,Halloween,5146,Guardians of the Galaxy - Monsters After Dark,FALSE,0,2026-08-23T14:25:35.000Z,2026-08-23 07:25:35,https://queue-times.com/parks/17/queue_times.json
2026-08-23T14:30:24.288Z,2026-08-23 07:30:24,2026-08-23,America/Los_Angeles,dca,Disney California Adventure,Halloween,4723,Mater's Graveyard JamBOOree,FALSE,0,2026-08-23T14:25:35.000Z,2026-08-23 07:25:35,https://queue-times.com/parks/17/queue_times.json
2026-08-23T14:30:24.288Z,2026-08-23 07:30:24,2026-08-23,America/Los_Angeles,dca,Disney California Adventure,Halloween,7292,Villains Grove at Oogie Boogie Bash,FALSE,0,2026-08-23T14:25:35.000Z,2026-08-23 07:25:35,https://queue-times.com/parks/17/queue_times.json
2026-08-23T14:44:33.340Z,2026-08-23 07:44:33,2026-08-23,America/Los_Angeles,disneyland,Disneyland,Adventureland,12428,Adventureland Treehouse inspired by Walt Disney’s Swiss Family Robinson,FALSE,0,2026-08-23T14:40:36.000Z,2026-08-23 07:40:36,https://queue-times.com/parks/16/queue_times.json
2026-08-23T14:44:33.340Z,2026-08-23 07:44:33,2026-08-23,America/Los_Angeles,disneyland,Disneyland,Adventureland,326,Indiana Jones™ Adventure,FALSE,0,2026-08-23T14:40:36.000Z,2026-08-23 07:40:36,https://queue-times.com/parks/16/queue_times.json
2026-08-23T14:44:33.340Z,2026-08-23 07:44:33,2026-08-23,America/Los_Angeles,disneyland,Disneyland,Adventureland,296,Jungle Cruise,FALSE,0,2026-08-23T14:40:36.000Z,2026-08-23 07:40:36,https://queue-times.com/parks/16/queue_times.json
2026-08-23T14:44:33.340Z,2026-08-23 07:44:33,2026-08-23,America/Los_Angeles,disneyland,Disneyland,Adventureland,288,Walt Disney's Enchanted Tiki Room,FALSE,0,2026-08-23T14:40:36.000Z,2026-08-23 07:40:36,https://queue-times.com/parks/16/queue_times.json
2026-08-23T14:44:33.340Z,2026-08-23 07:44:33,2026-08-23,America/Los_Angeles,disneyland,Disneyland,Bayou Country,304,Davy Crockett's Explorer Canoes,FALSE,0,2026-08-23T14:40:36.000Z,2026-08-23 07:40:36,https://queue-times.com/parks/16/queue_times.json
2026-08-23T14:44:33.340Z,2026-08-23 07:44:33,2026-08-23,America/Los_Angeles,disneyland,Disneyland,Bayou Country,306,The Many Adventures of Winnie the Pooh,FALSE,0,2026-08-23T14:40:36.000Z,2026-08-23 07:40:36,https://queue-times.com/parks/16/queue_times.json
2026-08-23T14:44:33.340Z,2026-08-23 07:44:33,2026-08-23,America/Los_Angeles,disneyland,Disneyland,Bayou Country,14168,Tiana's Bayou Adventure,FALSE,0,2026-08-23T14:40:36.000Z,2026-08-23 07:40:36,https://queue-times.com/parks/16/queue_times.json
2026-08-23T14:44:33.340Z,2026-08-23 07:44:33,2026-08-23,America/Los_Angeles,disneyland,Disneyland,Bayou Country,14326,Tiana's Bayou Adventure Single Rider,FALSE,0,2026-08-23T14:40:36.000Z,2026-08-23 07:40:36,https://queue-times.com/parks/16/queue_times.json
2026-08-23T14:44:33.340Z,2026-08-23 07:44:33,2026-08-23,America/Los_Angeles,disneyland,Disneyland,Fantasyland,307,"""it's a small world""",FALSE,0,2026-08-23T14:40:36.000Z,2026-08-23 07:40:36,https://queue-times.com/parks/16/queue_times.json
2026-08-23T14:44:33.340Z,2026-08-23 07:44:33,2026-08-23,America/Los_Angeles,disneyland,Disneyland,Fantasyland,285,Alice in Wonderland,FALSE,0,2026-08-23T14:40:36.000Z,2026-08-23 07:40:36,https://queue-times.com/parks/16/queue_times.json
2026-08-23T14:44:33.340Z,2026-08-23 07:44:33,2026-08-23,America/Los_Angeles,disneyland,Disneyland,Fantasyland,16254,Bluey’s Best Day Ever! at Fantasyland Theatre,TRUE,0,2026-08-23T14:40:36.000Z,2026-08-23 07:40:36,https://queue-times.com/parks/16/queue_times.json
2026-08-23T14:44:33.340Z,2026-08-23 07:44:33,2026-08-23,America/Los_Angeles,disneyland,Disneyland,Fantasyland,303,Casey Jr. Circus Train,FALSE,0,2026-08-23T14:40:36.000Z,2026-08-23 07:40:36,https://queue-times.com/parks/16/queue_times.json
2026-08-23T14:44:33.340Z,2026-08-23 07:44:33,2026-08-23,America/Los_Angeles,disneyland,Disneyland,Fantasyland,275,Dumbo the Flying Elephant,FALSE,0,2026-08-23T14:40:36.000Z,2026-08-23 07:40:36,https://queue-times.com/parks/16/queue_times.json
2026-08-23T14:44:33.340Z,2026-08-23 07:44:33,2026-08-23,America/Los_Angeles,disneyland,Disneyland,Fantasyland,277,King Arthur Carrousel,FALSE,0,2026-08-23T14:40:36.000Z,2026-08-23 07:40:36,https://queue-times.com/parks/16/queue_times.json
2026-08-23T14:44:33.340Z,2026-08-23 07:44:33,2026-08-23,America/Los_Angeles,disneyland,Disneyland,Fantasyland,278,Mad Tea Party,FALSE,0,2026-08-23T14:40:36.000Z,2026-08-23 07:40:36,https://queue-times.com/parks/16/queue_times.json
2026-08-23T14:44:33.340Z,2026-08-23 07:44:33,2026-08-23,America/Los_Angeles,disneyland,Disneyland,Fantasyland,279,Matterhorn Bobsleds,FALSE,0,2026-08-23T14:40:36.000Z,2026-08-23 07:40:36,https://queue-times.com/parks/16/queue_times.json
2026-08-23T14:44:33.340Z,2026-08-23 07:44:33,2026-08-23,America/Los_Angeles,disneyland,Disneyland,Fantasyland,6711,Meet Disney Princesses at Royal Hall,FALSE,0,2026-08-23T14:40:36.000Z,2026-08-23 07:40:36,https://queue-times.com/parks/16/queue_times.json
2026-08-23T14:44:33.340Z,2026-08-23 07:44:33,2026-08-23,America/Los_Angeles,disneyland,Disneyland,Fantasyland,280,Mr. Toad's Wild Ride,FALSE,0,2026-08-23T14:40:36.000Z,2026-08-23 07:40:36,https://queue-times.com/parks/16/queue_times.json
2026-08-23T14:44:33.340Z,2026-08-23 07:44:33,2026-08-23,America/Los_Angeles,disneyland,Disneyland,Fantasyland,281,Peter Pan's Flight,FALSE,0,2026-08-23T14:40:36.000Z,2026-08-23 07:40:36,https://queue-times.com/parks/16/queue_times.json
2026-08-23T14:44:33.340Z,2026-08-23 07:44:33,2026-08-23,America/Los_Angeles,disneyland,Disneyland,Fantasyland,282,Pinocchio's Daring Journey,FALSE,0,2026-08-23T14:40:36.000Z,2026-08-23 07:40:36,https://queue-times.com/parks/16/queue_times.json
2026-08-23T14:44:33.340Z,2026-08-23 07:44:33,2026-08-23,America/Los_Angeles,disneyland,Disneyland,Fantasyland,687,Sleeping Beauty Castle Walkthrough,FALSE,0,2026-08-23T14:40:36.000Z,2026-08-23 07:40:36,https://queue-times.com/parks/16/queue_times.json
2026-08-23T14:44:33.340Z,2026-08-23 07:44:33,2026-08-23,America/Los_Angeles,disneyland,Disneyland,Fantasyland,283,Snow White's Enchanted Wish,FALSE,0,2026-08-23T14:40:36.000Z,2026-08-23 07:40:36,https://queue-times.com/parks/16/queue_times.json
2026-08-23T14:44:33.340Z,2026-08-23 07:44:33,2026-08-23,America/Los_Angeles,disneyland,Disneyland,Fantasyland,305,Storybook Land Canal Boats,FALSE,0,2026-08-23T14:40:36.000Z,2026-08-23 07:40:36,https://queue-times.com/parks/16/queue_times.json
2026-08-23T14:44:33.340Z,2026-08-23 07:44:33,2026-08-23,America/Los_Angeles,disneyland,Disneyland,Frontierland,323,Big Thunder Mountain Railroad,FALSE,0,2026-08-23T14:40:36.000Z,2026-08-23 07:40:36,https://queue-times.com/parks/16/queue_times.json
2026-08-23T14:44:33.340Z,2026-08-23 07:44:33,2026-08-23,America/Los_Angeles,disneyland,Disneyland,Frontierland,679,Frontierland Shootin' Exposition,FALSE,0,2026-08-23T14:40:36.000Z,2026-08-23 07:40:36,https://queue-times.com/parks/16/queue_times.json
2026-08-23T14:44:33.340Z,2026-08-23 07:44:33,2026-08-23,America/Los_Angeles,disneyland,Disneyland,Frontierland,456,Mark Twain Riverboat,FALSE,0,2026-08-23T14:40:36.000Z,2026-08-23 07:40:36,https://queue-times.com/parks/16/queue_times.json
2026-08-23T14:44:33.340Z,2026-08-23 07:44:33,2026-08-23,America/Los_Angeles,disneyland,Disneyland,Frontierland,331,Pirate's Lair on Tom Sawyer Island,FALSE,0,2026-08-23T14:40:36.000Z,2026-08-23 07:40:36,https://queue-times.com/parks/16/queue_times.json
2026-08-23T14:44:33.340Z,2026-08-23 07:44:33,2026-08-23,America/Los_Angeles,disneyland,Disneyland,Frontierland,328,Sailing Ship Columbia,FALSE,0,2026-08-23T14:40:36.000Z,2026-08-23 07:40:36,https://queue-times.com/parks/16/queue_times.json
2026-08-23T14:44:33.340Z,2026-08-23 07:44:33,2026-08-23,America/Los_Angeles,disneyland,Disneyland,Main Street U.S.A,674,Disneyland Railroad,FALSE,0,2026-08-23T14:40:36.000Z,2026-08-23 07:40:36,https://queue-times.com/parks/16/queue_times.json
2026-08-23T14:44:33.340Z,2026-08-23 07:44:33,2026-08-23,America/Los_Angeles,disneyland,Disneyland,Main Street U.S.A,690,Great Moments with Mr. Lincoln,FALSE,0,2026-08-23T14:40:36.000Z,2026-08-23 07:40:36,https://queue-times.com/parks/16/queue_times.json
2026-08-23T14:44:33.340Z,2026-08-23 07:44:33,2026-08-23,America/Los_Angeles,disneyland,Disneyland,Main Street U.S.A,686,Main Street Cinema,FALSE,0,2026-08-23T14:40:36.000Z,2026-08-23 07:40:36,https://queue-times.com/parks/16/queue_times.json
2026-08-23T14:44:33.340Z,2026-08-23 07:44:33,2026-08-23,America/Los_Angeles,disneyland,Disneyland,Main Street U.S.A,691,Main Street Vehicles,FALSE,0,2026-08-23T14:40:36.000Z,2026-08-23 07:40:36,https://queue-times.com/parks/16/queue_times.json
2026-08-23T14:44:33.340Z,2026-08-23 07:44:33,2026-08-23,America/Los_Angeles,disneyland,Disneyland,Main Street U.S.A,14915,Opera House - Walt Disney - A Magical Life,FALSE,0,2026-08-23T14:40:36.000Z,2026-08-23 07:40:36,https://queue-times.com/parks/16/queue_times.json
2026-08-23T14:44:33.340Z,2026-08-23 07:44:33,2026-08-23,America/Los_Angeles,disneyland,Disneyland,Main Street U.S.A,695,The Disney Gallery,FALSE,0,2026-08-23T14:40:36.000Z,2026-08-23 07:40:36,https://queue-times.com/parks/16/queue_times.json
2026-08-23T14:44:33.340Z,2026-08-23 07:44:33,2026-08-23,America/Los_Angeles,disneyland,Disneyland,Main Street U.S.A,14923,Walt Disney - A Magical Life,FALSE,0,2026-08-23T14:40:36.000Z,2026-08-23 07:40:36,https://queue-times.com/parks/16/queue_times.json
2026-08-23T14:44:33.340Z,2026-08-23 07:44:33,2026-08-23,America/Los_Angeles,disneyland,Disneyland,Mickey's Toontown,324,Chip 'n' Dale's GADGETcoaster,FALSE,0,2026-08-23T14:40:36.000Z,2026-08-23 07:40:36,https://queue-times.com/parks/16/queue_times.json
2026-08-23T14:44:33.340Z,2026-08-23 07:44:33,2026-08-23,America/Los_Angeles,disneyland,Disneyland,Mickey's Toontown,13814,Donald's Duck Pond,FALSE,0,2026-08-23T14:40:36.000Z,2026-08-23 07:40:36,https://queue-times.com/parks/16/queue_times.json
2026-08-23T14:44:33.340Z,2026-08-23 07:44:33,2026-08-23,America/Los_Angeles,disneyland,Disneyland,Mickey's Toontown,11980,Goofy's How-to-Play Yard,FALSE,0,2026-08-23T14:40:36.000Z,2026-08-23 07:40:36,https://queue-times.com/parks/16/queue_times.json
2026-08-23T14:44:33.340Z,2026-08-23 07:44:33,2026-08-23,America/Los_Angeles,disneyland,Disneyland,Mickey's Toontown,11526,Mickey & Minnie's Runaway Railway,FALSE,0,2026-08-23T14:40:36.000Z,2026-08-23 07:40:36,https://queue-times.com/parks/16/queue_times.json
2026-08-23T14:44:33.340Z,2026-08-23 07:44:33,2026-08-23,America/Los_Angeles,disneyland,Disneyland,Mickey's Toontown,709,Mickey's House and Meet Mickey Mouse,FALSE,0,2026-08-23T14:40:36.000Z,2026-08-23 07:40:36,https://queue-times.com/parks/16/queue_times.json
2026-08-23T14:44:33.340Z,2026-08-23 07:44:33,2026-08-23,America/Los_Angeles,disneyland,Disneyland,Mickey's Toontown,327,Mickey's House and Meet Mickey Mouse,FALSE,0,2026-08-23T14:40:36.000Z,2026-08-23 07:40:36,https://queue-times.com/parks/16/queue_times.json
2026-08-23T14:44:33.340Z,2026-08-23 07:44:33,2026-08-23,America/Los_Angeles,disneyland,Disneyland,Mickey's Toontown,684,Minnie's House,FALSE,0,2026-08-23T14:40:36.000Z,2026-08-23 07:40:36,https://queue-times.com/parks/16/queue_times.json
2026-08-23T14:44:33.340Z,2026-08-23 07:44:33,2026-08-23,America/Los_Angeles,disneyland,Disneyland,Mickey's Toontown,332,Roger Rabbit's Car Toon Spin,FALSE,0,2026-08-23T14:40:36.000Z,2026-08-23 07:40:36,https://queue-times.com/parks/16/queue_times.json
2026-08-23T14:44:33.340Z,2026-08-23 07:44:33,2026-08-23,America/Los_Angeles,disneyland,Disneyland,New Orleans Square,13958,Haunted Mansion,FALSE,0,2026-08-21T05:25:59.000Z,2026-08-20 22:25:59,https://queue-times.com/parks/16/queue_times.json
2026-08-23T14:44:33.340Z,2026-08-23 07:44:33,2026-08-23,America/Los_Angeles,disneyland,Disneyland,New Orleans Square,325,Haunted Mansion Holiday,FALSE,0,2026-08-23T14:40:36.000Z,2026-08-23 07:40:36,https://queue-times.com/parks/16/queue_times.json
2026-08-23T14:44:33.340Z,2026-08-23 07:44:33,2026-08-23,America/Los_Angeles,disneyland,Disneyland,New Orleans Square,289,Pirates of the Caribbean,FALSE,0,2026-08-23T14:40:36.000Z,2026-08-23 07:40:36,https://queue-times.com/parks/16/queue_times.json
2026-08-23T14:44:33.340Z,2026-08-23 07:44:33,2026-08-23,America/Los_Angeles,disneyland,Disneyland,Star Wars: Galaxy's Edge,6339,Millennium Falcon: Smugglers Run,FALSE,0,2026-08-23T14:40:36.000Z,2026-08-23 07:40:36,https://queue-times.com/parks/16/queue_times.json
2026-08-23T14:44:33.340Z,2026-08-23 07:44:33,2026-08-23,America/Los_Angeles,disneyland,Disneyland,Star Wars: Galaxy's Edge,10903,Millennium Falcon: Smugglers Run Single Rider,FALSE,0,2026-08-23T14:40:36.000Z,2026-08-23 07:40:36,https://queue-times.com/parks/16/queue_times.json
2026-08-23T14:44:33.340Z,2026-08-23 07:44:33,2026-08-23,America/Los_Angeles,disneyland,Disneyland,Star Wars: Galaxy's Edge,6340,Star Wars: Rise of the Resistance,FALSE,0,2026-08-23T14:40:36.000Z,2026-08-23 07:40:36,https://queue-times.com/parks/16/queue_times.json
2026-08-23T14:44:33.340Z,2026-08-23 07:44:33,2026-08-23,America/Los_Angeles,disneyland,Disneyland,Tomorrowland,287,Astro Orbitor,FALSE,0,2026-08-23T14:40:36.000Z,2026-08-23 07:40:36,https://queue-times.com/parks/16/queue_times.json
2026-08-23T14:44:33.340Z,2026-08-23 07:44:33,2026-08-23,America/Los_Angeles,disneyland,Disneyland,Tomorrowland,317,Autopia,FALSE,0,2026-08-23T14:40:36.000Z,2026-08-23 07:40:36,https://queue-times.com/parks/16/queue_times.json
2026-08-23T14:44:33.340Z,2026-08-23 07:44:33,2026-08-23,America/Los_Angeles,disneyland,Disneyland,Tomorrowland,273,Buzz Lightyear Astro Blasters,FALSE,0,2026-08-23T14:40:36.000Z,2026-08-23 07:40:36,https://queue-times.com/parks/16/queue_times.json
2026-08-23T14:44:33.340Z,2026-08-23 07:44:33,2026-08-23,America/Los_Angeles,disneyland,Disneyland,Tomorrowland,274,Disneyland Monorail,FALSE,0,2026-08-23T14:40:36.000Z,2026-08-23 07:40:36,https://queue-times.com/parks/16/queue_times.json
2026-08-23T14:44:33.340Z,2026-08-23 07:44:33,2026-08-23,America/Los_Angeles,disneyland,Disneyland,Tomorrowland,276,Finding Nemo Submarine Voyage,FALSE,0,2026-08-23T14:40:36.000Z,2026-08-23 07:40:36,https://queue-times.com/parks/16/queue_times.json
2026-08-23T14:44:33.340Z,2026-08-23 07:44:33,2026-08-23,America/Los_Angeles,disneyland,Disneyland,Tomorrowland,16627,Pixar Short Film Spotlight,FALSE,0,2026-08-23T14:40:36.000Z,2026-08-23 07:40:36,https://queue-times.com/parks/16/queue_times.json
2026-08-23T14:44:33.340Z,2026-08-23 07:44:33,2026-08-23,America/Los_Angeles,disneyland,Disneyland,Tomorrowland,284,Space Mountain,FALSE,0,2026-08-23T14:40:36.000Z,2026-08-23 07:40:36,https://queue-times.com/parks/16/queue_times.json
2026-08-23T14:44:33.340Z,2026-08-23 07:44:33,2026-08-23,America/Los_Angeles,disneyland,Disneyland,Tomorrowland,286,Star Tours - The Adventures Continue,FALSE,0,2026-08-23T14:40:36.000Z,2026-08-23 07:40:36,https://queue-times.com/parks/16/queue_times.json
2026-08-23T14:44:33.340Z,2026-08-23 07:44:33,2026-08-23,America/Los_Angeles,dca,Disney California Adventure,Avengers Campus,329,Guardians of the Galaxy - Mission: BREAKOUT!,FALSE,0,2026-08-23T14:40:49.000Z,2026-08-23 07:40:49,https://queue-times.com/parks/17/queue_times.json
2026-08-23T14:44:33.340Z,2026-08-23 07:44:33,2026-08-23,America/Los_Angeles,dca,Disney California Adventure,Avengers Campus,8843,WEB SLINGERS: A Spider-Man Adventure,FALSE,0,2026-08-23T14:40:49.000Z,2026-08-23 07:40:49,https://queue-times.com/parks/17/queue_times.json
2026-08-23T14:44:33.340Z,2026-08-23 07:44:33,2026-08-23,America/Los_Angeles,dca,Disney California Adventure,Avengers Campus,10907,WEB SLINGERS: A Spider-Man Adventure Single Rider,FALSE,0,2026-08-23T14:40:49.000Z,2026-08-23 07:40:49,https://queue-times.com/parks/17/queue_times.json
2026-08-23T14:44:33.340Z,2026-08-23 07:44:33,2026-08-23,America/Los_Angeles,dca,Disney California Adventure,Cars Land,2608,Luigi's Honkin' Haul-O-Ween,FALSE,0,2026-08-23T14:40:49.000Z,2026-08-23 07:40:49,https://queue-times.com/parks/17/queue_times.json
2026-08-23T14:44:33.340Z,2026-08-23 07:44:33,2026-08-23,America/Los_Angeles,dca,Disney California Adventure,Cars Land,13961,Luigi's Rollickin' Roadsters,FALSE,0,2026-08-18T08:55:45.000Z,2026-08-18 01:55:45,https://queue-times.com/parks/17/queue_times.json
2026-08-23T14:44:33.340Z,2026-08-23 07:44:33,2026-08-23,America/Los_Angeles,dca,Disney California Adventure,Cars Land,315,Mater's Junkyard Jamboree,FALSE,0,2026-08-18T08:55:45.000Z,2026-08-18 01:55:45,https://queue-times.com/parks/17/queue_times.json
2026-08-23T14:44:33.340Z,2026-08-23 07:44:33,2026-08-23,America/Los_Angeles,dca,Disney California Adventure,Cars Land,295,Radiator Springs Racers,FALSE,0,2026-08-23T14:40:49.000Z,2026-08-23 07:40:49,https://queue-times.com/parks/17/queue_times.json
2026-08-23T14:44:33.340Z,2026-08-23 07:44:33,2026-08-23,America/Los_Angeles,dca,Disney California Adventure,Cars Land,10904,Radiator Springs Racers Single Rider,FALSE,0,2026-08-23T14:40:49.000Z,2026-08-23 07:40:49,https://queue-times.com/parks/17/queue_times.json
2026-08-23T14:44:33.340Z,2026-08-23 07:44:33,2026-08-23,America/Los_Angeles,dca,Disney California Adventure,Grizzly Peak,302,Grizzly River Run,FALSE,0,2026-08-23T14:40:49.000Z,2026-08-23 07:40:49,https://queue-times.com/parks/17/queue_times.json
2026-08-23T14:44:33.340Z,2026-08-23 07:44:33,2026-08-23,America/Los_Angeles,dca,Disney California Adventure,Grizzly Peak,293,Redwood Creek Challenge Trail,FALSE,0,2026-08-23T14:40:49.000Z,2026-08-23 07:40:49,https://queue-times.com/parks/17/queue_times.json
2026-08-23T14:44:33.340Z,2026-08-23 07:44:33,2026-08-23,America/Los_Angeles,dca,Disney California Adventure,Grizzly Peak,17129,Soarin’ Across America,FALSE,0,2026-08-23T14:40:49.000Z,2026-08-23 07:40:49,https://queue-times.com/parks/17/queue_times.json
2026-08-23T14:44:33.340Z,2026-08-23 07:44:33,2026-08-23,America/Los_Angeles,dca,Disney California Adventure,Hollywood Land,321,Animation Academy,TRUE,0,2026-08-23T14:40:49.000Z,2026-08-23 07:40:49,https://queue-times.com/parks/17/queue_times.json
2026-08-23T14:44:33.340Z,2026-08-23 07:44:33,2026-08-23,America/Los_Angeles,dca,Disney California Adventure,Hollywood Land,6440,Mickey's PhilharMagic,FALSE,0,2026-08-23T14:40:49.000Z,2026-08-23 07:40:49,https://queue-times.com/parks/17/queue_times.json
2026-08-23T14:44:33.340Z,2026-08-23 07:44:33,2026-08-23,America/Los_Angeles,dca,Disney California Adventure,Hollywood Land,291,"Monsters, Inc. Mike & Sulley to the Rescue!",FALSE,0,2026-08-23T14:40:49.000Z,2026-08-23 07:40:49,https://queue-times.com/parks/17/queue_times.json
2026-08-23T14:44:33.340Z,2026-08-23 07:44:33,2026-08-23,America/Los_Angeles,dca,Disney California Adventure,Hollywood Land,868,Sorcerer's Workshop,FALSE,0,2026-08-23T14:40:49.000Z,2026-08-23 07:40:49,https://queue-times.com/parks/17/queue_times.json
2026-08-23T14:44:33.340Z,2026-08-23 07:44:33,2026-08-23,America/Los_Angeles,dca,Disney California Adventure,Hollywood Land,294,Turtle Talk with Crush,TRUE,0,2026-08-23T14:40:49.000Z,2026-08-23 07:40:49,https://queue-times.com/parks/17/queue_times.json
2026-08-23T14:44:33.340Z,2026-08-23 07:44:33,2026-08-23,America/Los_Angeles,dca,Disney California Adventure,Pacific Wharf,869,The Bakery Tour,FALSE,0,2026-08-23T14:40:49.000Z,2026-08-23 07:40:49,https://queue-times.com/parks/17/queue_times.json
2026-08-23T14:44:33.340Z,2026-08-23 07:44:33,2026-08-23,America/Los_Angeles,dca,Disney California Adventure,Paradise Gardens Park,298,Golden Zephyr,FALSE,0,2026-08-23T14:40:49.000Z,2026-08-23 07:40:49,https://queue-times.com/parks/17/queue_times.json
2026-08-23T14:44:33.340Z,2026-08-23 07:44:33,2026-08-23,America/Los_Angeles,dca,Disney California Adventure,Paradise Gardens Park,319,Goofy's Sky School,FALSE,0,2026-08-23T14:40:49.000Z,2026-08-23 07:40:49,https://queue-times.com/parks/17/queue_times.json
2026-08-23T14:44:33.340Z,2026-08-23 07:44:33,2026-08-23,America/Los_Angeles,dca,Disney California Adventure,Paradise Gardens Park,301,Silly Symphony Swings,FALSE,0,2026-08-23T14:40:49.000Z,2026-08-23 07:40:49,https://queue-times.com/parks/17/queue_times.json
2026-08-23T14:44:33.340Z,2026-08-23 07:44:33,2026-08-23,America/Los_Angeles,dca,Disney California Adventure,Paradise Gardens Park,316,The Little Mermaid - Ariel's Undersea Adventure,FALSE,0,2026-08-23T14:40:49.000Z,2026-08-23 07:40:49,https://queue-times.com/parks/17/queue_times.json
2026-08-23T14:44:33.340Z,2026-08-23 07:44:33,2026-08-23,America/Los_Angeles,dca,Disney California Adventure,Paradise Gardens Park,11528,World of Color – ONE,FALSE,0,2026-08-23T14:40:49.000Z,2026-08-23 07:40:49,https://queue-times.com/parks/17/queue_times.json
2026-08-23T14:44:33.340Z,2026-08-23 07:44:33,2026-08-23,America/Los_Angeles,dca,Disney California Adventure,Pixar Pier,866,Games of Pixar Pier,FALSE,0,2026-08-23T14:40:49.000Z,2026-08-23 07:40:49,https://queue-times.com/parks/17/queue_times.json
2026-08-23T14:44:33.340Z,2026-08-23 07:44:33,2026-08-23,America/Los_Angeles,dca,Disney California Adventure,Pixar Pier,322,Incredicoaster,FALSE,0,2026-08-23T14:40:49.000Z,2026-08-23 07:40:49,https://queue-times.com/parks/17/queue_times.json
2026-08-23T14:44:33.340Z,2026-08-23 07:44:33,2026-08-23,America/Los_Angeles,dca,Disney California Adventure,Pixar Pier,10906,Incredicoaster Single Rider,FALSE,0,2026-08-23T14:40:49.000Z,2026-08-23 07:40:49,https://queue-times.com/parks/17/queue_times.json
2026-08-23T14:44:33.340Z,2026-08-23 07:44:33,2026-08-23,America/Los_Angeles,dca,Disney California Adventure,Pixar Pier,6643,Inside Out Emotional Whirlwind,FALSE,0,2026-08-23T14:40:49.000Z,2026-08-23 07:40:49,https://queue-times.com/parks/17/queue_times.json
2026-08-23T14:44:33.340Z,2026-08-23 07:44:33,2026-08-23,America/Los_Angeles,dca,Disney California Adventure,Pixar Pier,310,Jessie's Critter Carousel,FALSE,0,2026-08-23T14:40:49.000Z,2026-08-23 07:40:49,https://queue-times.com/parks/17/queue_times.json
2026-08-23T14:44:33.340Z,2026-08-23 07:44:33,2026-08-23,America/Los_Angeles,dca,Disney California Adventure,Pixar Pier,300,Jumpin' Jellyfish,FALSE,0,2026-08-23T14:40:49.000Z,2026-08-23 07:40:49,https://queue-times.com/parks/17/queue_times.json
2026-08-23T14:44:33.340Z,2026-08-23 07:44:33,2026-08-23,America/Los_Angeles,dca,Disney California Adventure,Pixar Pier,311,Pixar Pal-A-Round - Swinging,FALSE,0,2026-08-23T14:40:49.000Z,2026-08-23 07:40:49,https://queue-times.com/parks/17/queue_times.json
2026-08-23T14:44:33.340Z,2026-08-23 07:44:33,2026-08-23,America/Los_Angeles,dca,Disney California Adventure,Pixar Pier,5557,Pixar Pal-A-Round – Non-Swinging,FALSE,0,2026-08-23T14:40:49.000Z,2026-08-23 07:40:49,https://queue-times.com/parks/17/queue_times.json
2026-08-23T14:44:33.340Z,2026-08-23 07:44:33,2026-08-23,America/Los_Angeles,dca,Disney California Adventure,Pixar Pier,313,Toy Story Midway Mania!,FALSE,0,2026-08-23T14:40:49.000Z,2026-08-23 07:40:49,https://queue-times.com/parks/17/queue_times.json
2026-08-23T14:44:33.340Z,2026-08-23 07:44:33,2026-08-23,America/Los_Angeles,dca,Disney California Adventure,Halloween,5146,Guardians of the Galaxy - Monsters After Dark,FALSE,0,2026-08-23T14:40:49.000Z,2026-08-23 07:40:49,https://queue-times.com/parks/17/queue_times.json
2026-08-23T14:44:33.340Z,2026-08-23 07:44:33,2026-08-23,America/Los_Angeles,dca,Disney California Adventure,Halloween,4723,Mater's Graveyard JamBOOree,FALSE,0,2026-08-23T14:40:49.000Z,2026-08-23 07:40:49,https://queue-times.com/parks/17/queue_times.json
2026-08-23T14:44:33.340Z,2026-08-23 07:44:33,2026-08-23,America/Los_Angeles,dca,Disney California Adventure,Halloween,7292,Villains Grove at Oogie Boogie Bash,FALSE,0,2026-08-23T14:40:49.000Z,2026-08-23 07:40:49,https://queue-times.com/parks/17/queue_times.json
2026-08-23T15:00:22.778Z,2026-08-23 08:00:22,2026-08-23,America/Los_Angeles,disneyland,Disneyland,Adventureland,12428,Adventureland Treehouse inspired by Walt Disney’s Swiss Family Robinson,FALSE,0,2026-08-23T14:55:36.000Z,2026-08-23 07:55:36,https://queue-times.com/parks/16/queue_times.json
2026-08-23T15:00:22.778Z,2026-08-23 08:00:22,2026-08-23,America/Los_Angeles,disneyland,Disneyland,Adventureland,326,Indiana Jones™ Adventure,FALSE,0,2026-08-23T14:55:36.000Z,2026-08-23 07:55:36,https://queue-times.com/parks/16/queue_times.json
2026-08-23T15:00:22.778Z,2026-08-23 08:00:22,2026-08-23,America/Los_Angeles,disneyland,Disneyland,Adventureland,296,Jungle Cruise,FALSE,0,2026-08-23T14:55:36.000Z,2026-08-23 07:55:36,https://queue-times.com/parks/16/queue_times.json
2026-08-23T15:00:22.778Z,2026-08-23 08:00:22,2026-08-23,America/Los_Angeles,disneyland,Disneyland,Adventureland,288,Walt Disney's Enchanted Tiki Room,FALSE,0,2026-08-23T14:55:36.000Z,2026-08-23 07:55:36,https://queue-times.com/parks/16/queue_times.json
2026-08-23T15:00:22.778Z,2026-08-23 08:00:22,2026-08-23,America/Los_Angeles,disneyland,Disneyland,Bayou Country,304,Davy Crockett's Explorer Canoes,FALSE,0,2026-08-23T14:55:36.000Z,2026-08-23 07:55:36,https://queue-times.com/parks/16/queue_times.json
2026-08-23T15:00:22.778Z,2026-08-23 08:00:22,2026-08-23,America/Los_Angeles,disneyland,Disneyland,Bayou Country,306,The Many Adventures of Winnie the Pooh,FALSE,0,2026-08-23T14:55:36.000Z,2026-08-23 07:55:36,https://queue-times.com/parks/16/queue_times.json
2026-08-23T15:00:22.778Z,2026-08-23 08:00:22,2026-08-23,America/Los_Angeles,disneyland,Disneyland,Bayou Country,14168,Tiana's Bayou Adventure,FALSE,0,2026-08-23T14:55:36.000Z,2026-08-23 07:55:36,https://queue-times.com/parks/16/queue_times.json
2026-08-23T15:00:22.778Z,2026-08-23 08:00:22,2026-08-23,America/Los_Angeles,disneyland,Disneyland,Bayou Country,14326,Tiana's Bayou Adventure Single Rider,FALSE,0,2026-08-23T14:55:36.000Z,2026-08-23 07:55:36,https://queue-times.com/parks/16/queue_times.json
2026-08-23T15:00:22.778Z,2026-08-23 08:00:22,2026-08-23,America/Los_Angeles,disneyland,Disneyland,Fantasyland,307,"""it's a small world""",FALSE,0,2026-08-23T14:55:36.000Z,2026-08-23 07:55:36,https://queue-times.com/parks/16/queue_times.json
2026-08-23T15:00:22.778Z,2026-08-23 08:00:22,2026-08-23,America/Los_Angeles,disneyland,Disneyland,Fantasyland,285,Alice in Wonderland,FALSE,0,2026-08-23T14:55:36.000Z,2026-08-23 07:55:36,https://queue-times.com/parks/16/queue_times.json
2026-08-23T15:00:22.778Z,2026-08-23 08:00:22,2026-08-23,America/Los_Angeles,disneyland,Disneyland,Fantasyland,16254,Bluey’s Best Day Ever! at Fantasyland Theatre,TRUE,0,2026-08-23T14:55:36.000Z,2026-08-23 07:55:36,https://queue-times.com/parks/16/queue_times.json
2026-08-23T15:00:22.778Z,2026-08-23 08:00:22,2026-08-23,America/Los_Angeles,disneyland,Disneyland,Fantasyland,303,Casey Jr. Circus Train,FALSE,0,2026-08-23T14:55:36.000Z,2026-08-23 07:55:36,https://queue-times.com/parks/16/queue_times.json
2026-08-23T15:00:22.778Z,2026-08-23 08:00:22,2026-08-23,America/Los_Angeles,disneyland,Disneyland,Fantasyland,275,Dumbo the Flying Elephant,FALSE,0,2026-08-23T14:55:36.000Z,2026-08-23 07:55:36,https://queue-times.com/parks/16/queue_times.json
2026-08-23T15:00:22.778Z,2026-08-23 08:00:22,2026-08-23,America/Los_Angeles,disneyland,Disneyland,Fantasyland,277,King Arthur Carrousel,FALSE,0,2026-08-23T14:55:36.000Z,2026-08-23 07:55:36,https://queue-times.com/parks/16/queue_times.json
2026-08-23T15:00:22.778Z,2026-08-23 08:00:22,2026-08-23,America/Los_Angeles,disneyland,Disneyland,Fantasyland,278,Mad Tea Party,FALSE,0,2026-08-23T14:55:36.000Z,2026-08-23 07:55:36,https://queue-times.com/parks/16/queue_times.json
2026-08-23T15:00:22.778Z,2026-08-23 08:00:22,2026-08-23,America/Los_Angeles,disneyland,Disneyland,Fantasyland,279,Matterhorn Bobsleds,FALSE,0,2026-08-23T14:55:36.000Z,2026-08-23 07:55:36,https://queue-times.com/parks/16/queue_times.json
2026-08-23T15:00:22.778Z,2026-08-23 08:00:22,2026-08-23,America/Los_Angeles,disneyland,Disneyland,Fantasyland,6711,Meet Disney Princesses at Royal Hall,FALSE,0,2026-08-23T14:55:36.000Z,2026-08-23 07:55:36,https://queue-times.com/parks/16/queue_times.json
2026-08-23T15:00:22.778Z,2026-08-23 08:00:22,2026-08-23,America/Los_Angeles,disneyland,Disneyland,Fantasyland,280,Mr. Toad's Wild Ride,FALSE,0,2026-08-23T14:55:36.000Z,2026-08-23 07:55:36,https://queue-times.com/parks/16/queue_times.json
2026-08-23T15:00:22.778Z,2026-08-23 08:00:22,2026-08-23,America/Los_Angeles,disneyland,Disneyland,Fantasyland,281,Peter Pan's Flight,FALSE,0,2026-08-23T14:55:36.000Z,2026-08-23 07:55:36,https://queue-times.com/parks/16/queue_times.json
2026-08-23T15:00:22.778Z,2026-08-23 08:00:22,2026-08-23,America/Los_Angeles,disneyland,Disneyland,Fantasyland,282,Pinocchio's Daring Journey,FALSE,0,2026-08-23T14:55:36.000Z,2026-08-23 07:55:36,https://queue-times.com/parks/16/queue_times.json
2026-08-23T15:00:22.778Z,2026-08-23 08:00:22,2026-08-23,America/Los_Angeles,disneyland,Disneyland,Fantasyland,687,Sleeping Beauty Castle Walkthrough,FALSE,0,2026-08-23T14:55:36.000Z,2026-08-23 07:55:36,https://queue-times.com/parks/16/queue_times.json
2026-08-23T15:00:22.778Z,2026-08-23 08:00:22,2026-08-23,America/Los_Angeles,disneyland,Disneyland,Fantasyland,283,Snow White's Enchanted Wish,FALSE,0,2026-08-23T14:55:36.000Z,2026-08-23 07:55:36,https://queue-times.com/parks/16/queue_times.json
2026-08-23T15:00:22.778Z,2026-08-23 08:00:22,2026-08-23,America/Los_Angeles,disneyland,Disneyland,Fantasyland,305,Storybook Land Canal Boats,FALSE,0,2026-08-23T14:55:36.000Z,2026-08-23 07:55:36,https://queue-times.com/parks/16/queue_times.json
2026-08-23T15:00:22.778Z,2026-08-23 08:00:22,2026-08-23,America/Los_Angeles,disneyland,Disneyland,Frontierland,323,Big Thunder Mountain Railroad,FALSE,0,2026-08-23T14:55:36.000Z,2026-08-23 07:55:36,https://queue-times.com/parks/16/queue_times.json
2026-08-23T15:00:22.778Z,2026-08-23 08:00:22,2026-08-23,America/Los_Angeles,disneyland,Disneyland,Frontierland,679,Frontierland Shootin' Exposition,FALSE,0,2026-08-23T14:55:36.000Z,2026-08-23 07:55:36,https://queue-times.com/parks/16/queue_times.json
2026-08-23T15:00:22.778Z,2026-08-23 08:00:22,2026-08-23,America/Los_Angeles,disneyland,Disneyland,Frontierland,456,Mark Twain Riverboat,FALSE,0,2026-08-23T14:55:36.000Z,2026-08-23 07:55:36,https://queue-times.com/parks/16/queue_times.json
2026-08-23T15:00:22.778Z,2026-08-23 08:00:22,2026-08-23,America/Los_Angeles,disneyland,Disneyland,Frontierland,331,Pirate's Lair on Tom Sawyer Island,FALSE,0,2026-08-23T14:55:36.000Z,2026-08-23 07:55:36,https://queue-times.com/parks/16/queue_times.json
2026-08-23T15:00:22.778Z,2026-08-23 08:00:22,2026-08-23,America/Los_Angeles,disneyland,Disneyland,Frontierland,328,Sailing Ship Columbia,FALSE,0,2026-08-23T14:55:36.000Z,2026-08-23 07:55:36,https://queue-times.com/parks/16/queue_times.json
2026-08-23T15:00:22.778Z,2026-08-23 08:00:22,2026-08-23,America/Los_Angeles,disneyland,Disneyland,Main Street U.S.A,674,Disneyland Railroad,FALSE,0,2026-08-23T14:55:36.000Z,2026-08-23 07:55:36,https://queue-times.com/parks/16/queue_times.json
2026-08-23T15:00:22.778Z,2026-08-23 08:00:22,2026-08-23,America/Los_Angeles,disneyland,Disneyland,Main Street U.S.A,690,Great Moments with Mr. Lincoln,FALSE,0,2026-08-23T14:55:36.000Z,2026-08-23 07:55:36,https://queue-times.com/parks/16/queue_times.json
2026-08-23T15:00:22.778Z,2026-08-23 08:00:22,2026-08-23,America/Los_Angeles,disneyland,Disneyland,Main Street U.S.A,686,Main Street Cinema,FALSE,0,2026-08-23T14:55:36.000Z,2026-08-23 07:55:36,https://queue-times.com/parks/16/queue_times.json
2026-08-23T15:00:22.778Z,2026-08-23 08:00:22,2026-08-23,America/Los_Angeles,disneyland,Disneyland,Main Street U.S.A,691,Main Street Vehicles,FALSE,0,2026-08-23T14:55:36.000Z,2026-08-23 07:55:36,https://queue-times.com/parks/16/queue_times.json
2026-08-23T15:00:22.778Z,2026-08-23 08:00:22,2026-08-23,America/Los_Angeles,disneyland,Disneyland,Main Street U.S.A,14915,Opera House - Walt Disney - A Magical Life,FALSE,0,2026-08-23T14:55:36.000Z,2026-08-23 07:55:36,https://queue-times.com/parks/16/queue_times.json
2026-08-23T15:00:22.778Z,2026-08-23 08:00:22,2026-08-23,America/Los_Angeles,disneyland,Disneyland,Main Street U.S.A,695,The Disney Gallery,FALSE,0,2026-08-23T14:55:36.000Z,2026-08-23 07:55:36,https://queue-times.com/parks/16/queue_times.json
2026-08-23T15:00:22.778Z,2026-08-23 08:00:22,2026-08-23,America/Los_Angeles,disneyland,Disneyland,Main Street U.S.A,14923,Walt Disney - A Magical Life,FALSE,0,2026-08-23T14:55:36.000Z,2026-08-23 07:55:36,https://queue-times.com/parks/16/queue_times.json
2026-08-23T15:00:22.778Z,2026-08-23 08:00:22,2026-08-23,America/Los_Angeles,disneyland,Disneyland,Mickey's Toontown,324,Chip 'n' Dale's GADGETcoaster,FALSE,0,2026-08-23T14:55:36.000Z,2026-08-23 07:55:36,https://queue-times.com/parks/16/queue_times.json
2026-08-23T15:00:22.778Z,2026-08-23 08:00:22,2026-08-23,America/Los_Angeles,disneyland,Disneyland,Mickey's Toontown,13814,Donald's Duck Pond,FALSE,0,2026-08-23T14:55:36.000Z,2026-08-23 07:55:36,https://queue-times.com/parks/16/queue_times.json
2026-08-23T15:00:22.778Z,2026-08-23 08:00:22,2026-08-23,America/Los_Angeles,disneyland,Disneyland,Mickey's Toontown,11980,Goofy's How-to-Play Yard,FALSE,0,2026-08-23T14:55:36.000Z,2026-08-23 07:55:36,https://queue-times.com/parks/16/queue_times.json
2026-08-23T15:00:22.778Z,2026-08-23 08:00:22,2026-08-23,America/Los_Angeles,disneyland,Disneyland,Mickey's Toontown,11526,Mickey & Minnie's Runaway Railway,FALSE,0,2026-08-23T14:55:36.000Z,2026-08-23 07:55:36,https://queue-times.com/parks/16/queue_times.json
2026-08-23T15:00:22.778Z,2026-08-23 08:00:22,2026-08-23,America/Los_Angeles,disneyland,Disneyland,Mickey's Toontown,709,Mickey's House and Meet Mickey Mouse,FALSE,0,2026-08-23T14:55:36.000Z,2026-08-23 07:55:36,https://queue-times.com/parks/16/queue_times.json
2026-08-23T15:00:22.778Z,2026-08-23 08:00:22,2026-08-23,America/Los_Angeles,disneyland,Disneyland,Mickey's Toontown,327,Mickey's House and Meet Mickey Mouse,FALSE,0,2026-08-23T14:55:36.000Z,2026-08-23 07:55:36,https://queue-times.com/parks/16/queue_times.json
2026-08-23T15:00:22.778Z,2026-08-23 08:00:22,2026-08-23,America/Los_Angeles,disneyland,Disneyland,Mickey's Toontown,684,Minnie's House,FALSE,0,2026-08-23T14:55:36.000Z,2026-08-23 07:55:36,https://queue-times.com/parks/16/queue_times.json
2026-08-23T15:00:22.778Z,2026-08-23 08:00:22,2026-08-23,America/Los_Angeles,disneyland,Disneyland,Mickey's Toontown,332,Roger Rabbit's Car Toon Spin,FALSE,0,2026-08-23T14:55:36.000Z,2026-08-23 07:55:36,https://queue-times.com/parks/16/queue_times.json
2026-08-23T15:00:22.778Z,2026-08-23 08:00:22,2026-08-23,America/Los_Angeles,disneyland,Disneyland,New Orleans Square,13958,Haunted Mansion,FALSE,0,2026-08-21T05:25:59.000Z,2026-08-20 22:25:59,https://queue-times.com/parks/16/queue_times.json
2026-08-23T15:00:22.778Z,2026-08-23 08:00:22,2026-08-23,America/Los_Angeles,disneyland,Disneyland,New Orleans Square,325,Haunted Mansion Holiday,FALSE,0,2026-08-23T14:55:36.000Z,2026-08-23 07:55:36,https://queue-times.com/parks/16/queue_times.json
2026-08-23T15:00:22.778Z,2026-08-23 08:00:22,2026-08-23,America/Los_Angeles,disneyland,Disneyland,New Orleans Square,289,Pirates of the Caribbean,FALSE,0,2026-08-23T14:55:36.000Z,2026-08-23 07:55:36,https://queue-times.com/parks/16/queue_times.json
2026-08-23T15:00:22.778Z,2026-08-23 08:00:22,2026-08-23,America/Los_Angeles,disneyland,Disneyland,Star Wars: Galaxy's Edge,6339,Millennium Falcon: Smugglers Run,FALSE,0,2026-08-23T14:55:36.000Z,2026-08-23 07:55:36,https://queue-times.com/parks/16/queue_times.json
2026-08-23T15:00:22.778Z,2026-08-23 08:00:22,2026-08-23,America/Los_Angeles,disneyland,Disneyland,Star Wars: Galaxy's Edge,10903,Millennium Falcon: Smugglers Run Single Rider,FALSE,0,2026-08-23T14:55:36.000Z,2026-08-23 07:55:36,https://queue-times.com/parks/16/queue_times.json
2026-08-23T15:00:22.778Z,2026-08-23 08:00:22,2026-08-23,America/Los_Angeles,disneyland,Disneyland,Star Wars: Galaxy's Edge,6340,Star Wars: Rise of the Resistance,FALSE,0,2026-08-23T14:55:36.000Z,2026-08-23 07:55:36,https://queue-times.com/parks/16/queue_times.json
2026-08-23T15:00:22.778Z,2026-08-23 08:00:22,2026-08-23,America/Los_Angeles,disneyland,Disneyland,Tomorrowland,287,Astro Orbitor,FALSE,0,2026-08-23T14:55:36.000Z,2026-08-23 07:55:36,https://queue-times.com/parks/16/queue_times.json
2026-08-23T15:00:22.778Z,2026-08-23 08:00:22,2026-08-23,America/Los_Angeles,disneyland,Disneyland,Tomorrowland,317,Autopia,FALSE,0,2026-08-23T14:55:36.000Z,2026-08-23 07:55:36,https://queue-times.com/parks/16/queue_times.json
2026-08-23T15:00:22.778Z,2026-08-23 08:00:22,2026-08-23,America/Los_Angeles,disneyland,Disneyland,Tomorrowland,273,Buzz Lightyear Astro Blasters,FALSE,0,2026-08-23T14:55:36.000Z,2026-08-23 07:55:36,https://queue-times.com/parks/16/queue_times.json
2026-08-23T15:00:22.778Z,2026-08-23 08:00:22,2026-08-23,America/Los_Angeles,disneyland,Disneyland,Tomorrowland,274,Disneyland Monorail,FALSE,0,2026-08-23T14:55:36.000Z,2026-08-23 07:55:36,https://queue-times.com/parks/16/queue_times.json
2026-08-23T15:00:22.778Z,2026-08-23 08:00:22,2026-08-23,America/Los_Angeles,disneyland,Disneyland,Tomorrowland,276,Finding Nemo Submarine Voyage,FALSE,0,2026-08-23T14:55:36.000Z,2026-08-23 07:55:36,https://queue-times.com/parks/16/queue_times.json
2026-08-23T15:00:22.778Z,2026-08-23 08:00:22,2026-08-23,America/Los_Angeles,disneyland,Disneyland,Tomorrowland,16627,Pixar Short Film Spotlight,FALSE,0,2026-08-23T14:55:36.000Z,2026-08-23 07:55:36,https://queue-times.com/parks/16/queue_times.json
2026-08-23T15:00:22.778Z,2026-08-23 08:00:22,2026-08-23,America/Los_Angeles,disneyland,Disneyland,Tomorrowland,284,Space Mountain,FALSE,0,2026-08-23T14:55:36.000Z,2026-08-23 07:55:36,https://queue-times.com/parks/16/queue_times.json
2026-08-23T15:00:22.778Z,2026-08-23 08:00:22,2026-08-23,America/Los_Angeles,disneyland,Disneyland,Tomorrowland,286,Star Tours - The Adventures Continue,FALSE,0,2026-08-23T14:55:36.000Z,2026-08-23 07:55:36,https://queue-times.com/parks/16/queue_times.json
2026-08-23T15:00:22.778Z,2026-08-23 08:00:22,2026-08-23,America/Los_Angeles,dca,Disney California Adventure,Avengers Campus,329,Guardians of the Galaxy - Mission: BREAKOUT!,FALSE,0,2026-08-23T14:55:36.000Z,2026-08-23 07:55:36,https://queue-times.com/parks/17/queue_times.json
2026-08-23T15:00:22.778Z,2026-08-23 08:00:22,2026-08-23,America/Los_Angeles,dca,Disney California Adventure,Avengers Campus,8843,WEB SLINGERS: A Spider-Man Adventure,FALSE,0,2026-08-23T14:55:36.000Z,2026-08-23 07:55:36,https://queue-times.com/parks/17/queue_times.json
2026-08-23T15:00:22.778Z,2026-08-23 08:00:22,2026-08-23,America/Los_Angeles,dca,Disney California Adventure,Avengers Campus,10907,WEB SLINGERS: A Spider-Man Adventure Single Rider,FALSE,0,2026-08-23T14:55:36.000Z,2026-08-23 07:55:36,https://queue-times.com/parks/17/queue_times.json
2026-08-23T15:00:22.778Z,2026-08-23 08:00:22,2026-08-23,America/Los_Angeles,dca,Disney California Adventure,Cars Land,2608,Luigi's Honkin' Haul-O-Ween,FALSE,0,2026-08-23T14:55:36.000Z,2026-08-23 07:55:36,https://queue-times.com/parks/17/queue_times.json
2026-08-23T15:00:22.778Z,2026-08-23 08:00:22,2026-08-23,America/Los_Angeles,dca,Disney California Adventure,Cars Land,13961,Luigi's Rollickin' Roadsters,FALSE,0,2026-08-18T08:55:45.000Z,2026-08-18 01:55:45,https://queue-times.com/parks/17/queue_times.json
2026-08-23T15:00:22.778Z,2026-08-23 08:00:22,2026-08-23,America/Los_Angeles,dca,Disney California Adventure,Cars Land,315,Mater's Junkyard Jamboree,FALSE,0,2026-08-18T08:55:45.000Z,2026-08-18 01:55:45,https://queue-times.com/parks/17/queue_times.json
2026-08-23T15:00:22.778Z,2026-08-23 08:00:22,2026-08-23,America/Los_Angeles,dca,Disney California Adventure,Cars Land,295,Radiator Springs Racers,FALSE,0,2026-08-23T14:55:36.000Z,2026-08-23 07:55:36,https://queue-times.com/parks/17/queue_times.json
2026-08-23T15:00:22.778Z,2026-08-23 08:00:22,2026-08-23,America/Los_Angeles,dca,Disney California Adventure,Cars Land,10904,Radiator Springs Racers Single Rider,FALSE,0,2026-08-23T14:55:36.000Z,2026-08-23 07:55:36,https://queue-times.com/parks/17/queue_times.json
2026-08-23T15:00:22.778Z,2026-08-23 08:00:22,2026-08-23,America/Los_Angeles,dca,Disney California Adventure,Grizzly Peak,302,Grizzly River Run,FALSE,0,2026-08-23T14:55:36.000Z,2026-08-23 07:55:36,https://queue-times.com/parks/17/queue_times.json
2026-08-23T15:00:22.778Z,2026-08-23 08:00:22,2026-08-23,America/Los_Angeles,dca,Disney California Adventure,Grizzly Peak,293,Redwood Creek Challenge Trail,FALSE,0,2026-08-23T14:55:36.000Z,2026-08-23 07:55:36,https://queue-times.com/parks/17/queue_times.json
2026-08-23T15:00:22.778Z,2026-08-23 08:00:22,2026-08-23,America/Los_Angeles,dca,Disney California Adventure,Grizzly Peak,17129,Soarin’ Across America,FALSE,0,2026-08-23T14:55:36.000Z,2026-08-23 07:55:36,https://queue-times.com/parks/17/queue_times.json
2026-08-23T15:00:22.778Z,2026-08-23 08:00:22,2026-08-23,America/Los_Angeles,dca,Disney California Adventure,Hollywood Land,321,Animation Academy,TRUE,0,2026-08-23T14:55:36.000Z,2026-08-23 07:55:36,https://queue-times.com/parks/17/queue_times.json
2026-08-23T15:00:22.778Z,2026-08-23 08:00:22,2026-08-23,America/Los_Angeles,dca,Disney California Adventure,Hollywood Land,6440,Mickey's PhilharMagic,FALSE,0,2026-08-23T14:55:36.000Z,2026-08-23 07:55:36,https://queue-times.com/parks/17/queue_times.json
2026-08-23T15:00:22.778Z,2026-08-23 08:00:22,2026-08-23,America/Los_Angeles,dca,Disney California Adventure,Hollywood Land,291,"Monsters, Inc. Mike & Sulley to the Rescue!",FALSE,0,2026-08-23T14:55:36.000Z,2026-08-23 07:55:36,https://queue-times.com/parks/17/queue_times.json
2026-08-23T15:00:22.778Z,2026-08-23 08:00:22,2026-08-23,America/Los_Angeles,dca,Disney California Adventure,Hollywood Land,868,Sorcerer's Workshop,FALSE,0,2026-08-23T14:55:36.000Z,2026-08-23 07:55:36,https://queue-times.com/parks/17/queue_times.json
2026-08-23T15:00:22.778Z,2026-08-23 08:00:22,2026-08-23,America/Los_Angeles,dca,Disney California Adventure,Hollywood Land,294,Turtle Talk with Crush,TRUE,0,2026-08-23T14:55:36.000Z,2026-08-23 07:55:36,https://queue-times.com/parks/17/queue_times.json
2026-08-23T15:00:22.778Z,2026-08-23 08:00:22,2026-08-23,America/Los_Angeles,dca,Disney California Adventure,Pacific Wharf,869,The Bakery Tour,FALSE,0,2026-08-23T14:55:36.000Z,2026-08-23 07:55:36,https://queue-times.com/parks/17/queue_times.json
2026-08-23T15:00:22.778Z,2026-08-23 08:00:22,2026-08-23,America/Los_Angeles,dca,Disney California Adventure,Paradise Gardens Park,298,Golden Zephyr,FALSE,0,2026-08-23T14:55:36.000Z,2026-08-23 07:55:36,https://queue-times.com/parks/17/queue_times.json
2026-08-23T15:00:22.778Z,2026-08-23 08:00:22,2026-08-23,America/Los_Angeles,dca,Disney California Adventure,Paradise Gardens Park,319,Goofy's Sky School,FALSE,0,2026-08-23T14:55:36.000Z,2026-08-23 07:55:36,https://queue-times.com/parks/17/queue_times.json
2026-08-23T15:00:22.778Z,2026-08-23 08:00:22,2026-08-23,America/Los_Angeles,dca,Disney California Adventure,Paradise Gardens Park,301,Silly Symphony Swings,FALSE,0,2026-08-23T14:55:36.000Z,2026-08-23 07:55:36,https://queue-times.com/parks/17/queue_times.json
2026-08-23T15:00:22.778Z,2026-08-23 08:00:22,2026-08-23,America/Los_Angeles,dca,Disney California Adventure,Paradise Gardens Park,316,The Little Mermaid - Ariel's Undersea Adventure,FALSE,0,2026-08-23T14:55:36.000Z,2026-08-23 07:55:36,https://queue-times.com/parks/17/queue_times.json
2026-08-23T15:00:22.778Z,2026-08-23 08:00:22,2026-08-23,America/Los_Angeles,dca,Disney California Adventure,Paradise Gardens Park,11528,World of Color – ONE,FALSE,0,2026-08-23T14:55:36.000Z,2026-08-23 07:55:36,https://queue-times.com/parks/17/queue_times.json
2026-08-23T15:00:22.778Z,2026-08-23 08:00:22,2026-08-23,America/Los_Angeles,dca,Disney California Adventure,Pixar Pier,866,Games of Pixar Pier,FALSE,0,2026-08-23T14:55:36.000Z,2026-08-23 07:55:36,https://queue-times.com/parks/17/queue_times.json
2026-08-23T15:00:22.778Z,2026-08-23 08:00:22,2026-08-23,America/Los_Angeles,dca,Disney California Adventure,Pixar Pier,322,Incredicoaster,FALSE,0,2026-08-23T14:55:36.000Z,2026-08-23 07:55:36,https://queue-times.com/parks/17/queue_times.json
2026-08-23T15:00:22.778Z,2026-08-23 08:00:22,2026-08-23,America/Los_Angeles,dca,Disney California Adventure,Pixar Pier,10906,Incredicoaster Single Rider,FALSE,0,2026-08-23T14:55:36.000Z,2026-08-23 07:55:36,https://queue-times.com/parks/17/queue_times.json
2026-08-23T15:00:22.778Z,2026-08-23 08:00:22,2026-08-23,America/Los_Angeles,dca,Disney California Adventure,Pixar Pier,6643,Inside Out Emotional Whirlwind,FALSE,0,2026-08-23T14:55:36.000Z,2026-08-23 07:55:36,https://queue-times.com/parks/17/queue_times.json
2026-08-23T15:00:22.778Z,2026-08-23 08:00:22,2026-08-23,America/Los_Angeles,dca,Disney California Adventure,Pixar Pier,310,Jessie's Critter Carousel,FALSE,0,2026-08-23T14:55:36.000Z,2026-08-23 07:55:36,https://queue-times.com/parks/17/queue_times.json
2026-08-23T15:00:22.778Z,2026-08-23 08:00:22,2026-08-23,America/Los_Angeles,dca,Disney California Adventure,Pixar Pier,300,Jumpin' Jellyfish,FALSE,0,2026-08-23T14:55:36.000Z,2026-08-23 07:55:36,https://queue-times.com/parks/17/queue_times.json
2026-08-23T15:00:22.778Z,2026-08-23 08:00:22,2026-08-23,America/Los_Angeles,dca,Disney California Adventure,Pixar Pier,311,Pixar Pal-A-Round - Swinging,FALSE,0,2026-08-23T14:55:36.000Z,2026-08-23 07:55:36,https://queue-times.com/parks/17/queue_times.json
2026-08-23T15:00:22.778Z,2026-08-23 08:00:22,2026-08-23,America/Los_Angeles,dca,Disney California Adventure,Pixar Pier,5557,Pixar Pal-A-Round – Non-Swinging,FALSE,0,2026-08-23T14:55:36.000Z,2026-08-23 07:55:36,https://queue-times.com/parks/17/queue_times.json
2026-08-23T15:00:22.778Z,2026-08-23 08:00:22,2026-08-23,America/Los_Angeles,dca,Disney California Adventure,Pixar Pier,313,Toy Story Midway Mania!,FALSE,0,2026-08-23T14:55:36.000Z,2026-08-23 07:55:36,https://queue-times.com/parks/17/queue_times.json
2026-08-23T15:00:22.778Z,2026-08-23 08:00:22,2026-08-23,America/Los_Angeles,dca,Disney California Adventure,Halloween,5146,Guardians of the Galaxy - Monsters After Dark,FALSE,0,2026-08-23T14:55:36.000Z,2026-08-23 07:55:36,https://queue-times.com/parks/17/queue_times.json
2026-08-23T15:00:22.778Z,2026-08-23 08:00:22,2026-08-23,America/Los_Angeles,dca,Disney California Adventure,Halloween,4723,Mater's Graveyard JamBOOree,FALSE,0,2026-08-23T14:55:36.000Z,2026-08-23 07:55:36,https://queue-times.com/parks/17/queue_times.json
2026-08-23T15:00:22.778Z,2026-08-23 08:00:22,2026-08-23,America/Los_Angeles,dca,Disney California Adventure,Halloween,7292,Villains Grove at Oogie Boogie Bash,FALSE,0,2026-08-23T14:55:36.000Z,2026-08-23 07:55:36,https://queue-times.com/parks/17/queue_times.json
2026-08-23T15:08:39.986Z,2026-08-23 08:08:39,2026-08-23,America/Los_Angeles,disneyland,Disneyland,Adventureland,12428,Adventureland Treehouse inspired by Walt Disney’s Swiss Family Robinson,TRUE,0,2026-08-23T15:05:36.000Z,2026-08-23 08:05:36,https://queue-times.com/parks/16/queue_times.json
2026-08-23T15:08:39.986Z,2026-08-23 08:08:39,2026-08-23,America/Los_Angeles,disneyland,Disneyland,Adventureland,326,Indiana Jones™ Adventure,FALSE,0,2026-08-23T15:05:36.000Z,2026-08-23 08:05:36,https://queue-times.com/parks/16/queue_times.json
2026-08-23T15:08:39.986Z,2026-08-23 08:08:39,2026-08-23,America/Los_Angeles,disneyland,Disneyland,Adventureland,296,Jungle Cruise,TRUE,0,2026-08-23T15:05:36.000Z,2026-08-23 08:05:36,https://queue-times.com/parks/16/queue_times.json
2026-08-23T15:08:39.986Z,2026-08-23 08:08:39,2026-08-23,America/Los_Angeles,disneyland,Disneyland,Adventureland,288,Walt Disney's Enchanted Tiki Room,TRUE,0,2026-08-23T15:05:36.000Z,2026-08-23 08:05:36,https://queue-times.com/parks/16/queue_times.json
2026-08-23T15:08:39.986Z,2026-08-23 08:08:39,2026-08-23,America/Los_Angeles,disneyland,Disneyland,Bayou Country,304,Davy Crockett's Explorer Canoes,FALSE,0,2026-08-23T15:05:36.000Z,2026-08-23 08:05:36,https://queue-times.com/parks/16/queue_times.json
2026-08-23T15:08:39.986Z,2026-08-23 08:08:39,2026-08-23,America/Los_Angeles,disneyland,Disneyland,Bayou Country,306,The Many Adventures of Winnie the Pooh,TRUE,5,2026-08-23T15:05:36.000Z,2026-08-23 08:05:36,https://queue-times.com/parks/16/queue_times.json
2026-08-23T15:08:39.986Z,2026-08-23 08:08:39,2026-08-23,America/Los_Angeles,disneyland,Disneyland,Bayou Country,14168,Tiana's Bayou Adventure,TRUE,5,2026-08-23T15:05:36.000Z,2026-08-23 08:05:36,https://queue-times.com/parks/16/queue_times.json
2026-08-23T15:08:39.986Z,2026-08-23 08:08:39,2026-08-23,America/Los_Angeles,disneyland,Disneyland,Bayou Country,14326,Tiana's Bayou Adventure Single Rider,TRUE,0,2026-08-23T15:05:36.000Z,2026-08-23 08:05:36,https://queue-times.com/parks/16/queue_times.json
2026-08-23T15:08:39.986Z,2026-08-23 08:08:39,2026-08-23,America/Los_Angeles,disneyland,Disneyland,Fantasyland,307,"""it's a small world""",TRUE,5,2026-08-23T15:05:36.000Z,2026-08-23 08:05:36,https://queue-times.com/parks/16/queue_times.json
2026-08-23T15:08:39.986Z,2026-08-23 08:08:39,2026-08-23,America/Los_Angeles,disneyland,Disneyland,Fantasyland,285,Alice in Wonderland,TRUE,5,2026-08-23T15:05:36.000Z,2026-08-23 08:05:36,https://queue-times.com/parks/16/queue_times.json
2026-08-23T15:08:39.986Z,2026-08-23 08:08:39,2026-08-23,America/Los_Angeles,disneyland,Disneyland,Fantasyland,16254,Bluey’s Best Day Ever! at Fantasyland Theatre,TRUE,0,2026-08-23T15:05:36.000Z,2026-08-23 08:05:36,https://queue-times.com/parks/16/queue_times.json
2026-08-23T15:08:39.986Z,2026-08-23 08:08:39,2026-08-23,America/Los_Angeles,disneyland,Disneyland,Fantasyland,303,Casey Jr. Circus Train,FALSE,0,2026-08-23T15:05:36.000Z,2026-08-23 08:05:36,https://queue-times.com/parks/16/queue_times.json
2026-08-23T15:08:39.986Z,2026-08-23 08:08:39,2026-08-23,America/Los_Angeles,disneyland,Disneyland,Fantasyland,275,Dumbo the Flying Elephant,TRUE,5,2026-08-23T15:05:36.000Z,2026-08-23 08:05:36,https://queue-times.com/parks/16/queue_times.json
2026-08-23T15:08:39.986Z,2026-08-23 08:08:39,2026-08-23,America/Los_Angeles,disneyland,Disneyland,Fantasyland,277,King Arthur Carrousel,TRUE,0,2026-08-23T15:05:36.000Z,2026-08-23 08:05:36,https://queue-times.com/parks/16/queue_times.json
2026-08-23T15:08:39.986Z,2026-08-23 08:08:39,2026-08-23,America/Los_Angeles,disneyland,Disneyland,Fantasyland,278,Mad Tea Party,TRUE,0,2026-08-23T15:05:36.000Z,2026-08-23 08:05:36,https://queue-times.com/parks/16/queue_times.json
2026-08-23T15:08:39.986Z,2026-08-23 08:08:39,2026-08-23,America/Los_Angeles,disneyland,Disneyland,Fantasyland,279,Matterhorn Bobsleds,TRUE,5,2026-08-23T15:05:36.000Z,2026-08-23 08:05:36,https://queue-times.com/parks/16/queue_times.json
2026-08-23T15:08:39.986Z,2026-08-23 08:08:39,2026-08-23,America/Los_Angeles,disneyland,Disneyland,Fantasyland,6711,Meet Disney Princesses at Royal Hall,FALSE,0,2026-08-23T15:05:36.000Z,2026-08-23 08:05:36,https://queue-times.com/parks/16/queue_times.json
2026-08-23T15:08:39.986Z,2026-08-23 08:08:39,2026-08-23,America/Los_Angeles,disneyland,Disneyland,Fantasyland,280,Mr. Toad's Wild Ride,TRUE,5,2026-08-23T15:05:36.000Z,2026-08-23 08:05:36,https://queue-times.com/parks/16/queue_times.json
2026-08-23T15:08:39.986Z,2026-08-23 08:08:39,2026-08-23,America/Los_Angeles,disneyland,Disneyland,Fantasyland,281,Peter Pan's Flight,TRUE,30,2026-08-23T15:05:36.000Z,2026-08-23 08:05:36,https://queue-times.com/parks/16/queue_times.json
2026-08-23T15:08:39.986Z,2026-08-23 08:08:39,2026-08-23,America/Los_Angeles,disneyland,Disneyland,Fantasyland,282,Pinocchio's Daring Journey,TRUE,5,2026-08-23T15:05:36.000Z,2026-08-23 08:05:36,https://queue-times.com/parks/16/queue_times.json
2026-08-23T15:08:39.986Z,2026-08-23 08:08:39,2026-08-23,America/Los_Angeles,disneyland,Disneyland,Fantasyland,687,Sleeping Beauty Castle Walkthrough,FALSE,0,2026-08-23T15:05:36.000Z,2026-08-23 08:05:36,https://queue-times.com/parks/16/queue_times.json
2026-08-23T15:08:39.986Z,2026-08-23 08:08:39,2026-08-23,America/Los_Angeles,disneyland,Disneyland,Fantasyland,283,Snow White's Enchanted Wish,TRUE,5,2026-08-23T15:05:36.000Z,2026-08-23 08:05:36,https://queue-times.com/parks/16/queue_times.json
2026-08-23T15:08:39.986Z,2026-08-23 08:08:39,2026-08-23,America/Los_Angeles,disneyland,Disneyland,Fantasyland,305,Storybook Land Canal Boats,TRUE,5,2026-08-23T15:05:36.000Z,2026-08-23 08:05:36,https://queue-times.com/parks/16/queue_times.json
2026-08-23T15:08:39.986Z,2026-08-23 08:08:39,2026-08-23,America/Los_Angeles,disneyland,Disneyland,Frontierland,323,Big Thunder Mountain Railroad,TRUE,0,2026-08-23T15:05:36.000Z,2026-08-23 08:05:36,https://queue-times.com/parks/16/queue_times.json
2026-08-23T15:08:39.986Z,2026-08-23 08:08:39,2026-08-23,America/Los_Angeles,disneyland,Disneyland,Frontierland,679,Frontierland Shootin' Exposition,FALSE,0,2026-08-23T15:05:36.000Z,2026-08-23 08:05:36,https://queue-times.com/parks/16/queue_times.json
2026-08-23T15:08:39.986Z,2026-08-23 08:08:39,2026-08-23,America/Los_Angeles,disneyland,Disneyland,Frontierland,456,Mark Twain Riverboat,FALSE,0,2026-08-23T15:05:36.000Z,2026-08-23 08:05:36,https://queue-times.com/parks/16/queue_times.json
2026-08-23T15:08:39.986Z,2026-08-23 08:08:39,2026-08-23,America/Los_Angeles,disneyland,Disneyland,Frontierland,331,Pirate's Lair on Tom Sawyer Island,FALSE,0,2026-08-23T15:05:36.000Z,2026-08-23 08:05:36,https://queue-times.com/parks/16/queue_times.json
2026-08-23T15:08:39.986Z,2026-08-23 08:08:39,2026-08-23,America/Los_Angeles,disneyland,Disneyland,Frontierland,328,Sailing Ship Columbia,FALSE,0,2026-08-23T15:05:36.000Z,2026-08-23 08:05:36,https://queue-times.com/parks/16/queue_times.json
2026-08-23T15:08:39.986Z,2026-08-23 08:08:39,2026-08-23,America/Los_Angeles,disneyland,Disneyland,Main Street U.S.A,674,Disneyland Railroad,TRUE,0,2026-08-23T15:05:36.000Z,2026-08-23 08:05:36,https://queue-times.com/parks/16/queue_times.json
2026-08-23T15:08:39.986Z,2026-08-23 08:08:39,2026-08-23,America/Los_Angeles,disneyland,Disneyland,Main Street U.S.A,690,Great Moments with Mr. Lincoln,TRUE,0,2026-08-23T15:05:36.000Z,2026-08-23 08:05:36,https://queue-times.com/parks/16/queue_times.json
2026-08-23T15:08:39.986Z,2026-08-23 08:08:39,2026-08-23,America/Los_Angeles,disneyland,Disneyland,Main Street U.S.A,686,Main Street Cinema,FALSE,0,2026-08-23T15:05:36.000Z,2026-08-23 08:05:36,https://queue-times.com/parks/16/queue_times.json
2026-08-23T15:08:39.986Z,2026-08-23 08:08:39,2026-08-23,America/Los_Angeles,disneyland,Disneyland,Main Street U.S.A,691,Main Street Vehicles,TRUE,0,2026-08-23T15:05:36.000Z,2026-08-23 08:05:36,https://queue-times.com/parks/16/queue_times.json
2026-08-23T15:08:39.986Z,2026-08-23 08:08:39,2026-08-23,America/Los_Angeles,disneyland,Disneyland,Main Street U.S.A,14915,Opera House - Walt Disney - A Magical Life,TRUE,0,2026-08-23T15:05:36.000Z,2026-08-23 08:05:36,https://queue-times.com/parks/16/queue_times.json
2026-08-23T15:08:39.986Z,2026-08-23 08:08:39,2026-08-23,America/Los_Angeles,disneyland,Disneyland,Main Street U.S.A,695,The Disney Gallery,TRUE,0,2026-08-23T15:05:36.000Z,2026-08-23 08:05:36,https://queue-times.com/parks/16/queue_times.json
2026-08-23T15:08:39.986Z,2026-08-23 08:08:39,2026-08-23,America/Los_Angeles,disneyland,Disneyland,Main Street U.S.A,14923,Walt Disney - A Magical Life,FALSE,0,2026-08-23T15:05:36.000Z,2026-08-23 08:05:36,https://queue-times.com/parks/16/queue_times.json
2026-08-23T15:08:39.986Z,2026-08-23 08:08:39,2026-08-23,America/Los_Angeles,disneyland,Disneyland,Mickey's Toontown,324,Chip 'n' Dale's GADGETcoaster,TRUE,5,2026-08-23T15:05:36.000Z,2026-08-23 08:05:36,https://queue-times.com/parks/16/queue_times.json
2026-08-23T15:08:39.986Z,2026-08-23 08:08:39,2026-08-23,America/Los_Angeles,disneyland,Disneyland,Mickey's Toontown,13814,Donald's Duck Pond,TRUE,0,2026-08-23T15:05:36.000Z,2026-08-23 08:05:36,https://queue-times.com/parks/16/queue_times.json
2026-08-23T15:08:39.986Z,2026-08-23 08:08:39,2026-08-23,America/Los_Angeles,disneyland,Disneyland,Mickey's Toontown,11980,Goofy's How-to-Play Yard,TRUE,0,2026-08-23T15:05:36.000Z,2026-08-23 08:05:36,https://queue-times.com/parks/16/queue_times.json
2026-08-23T15:08:39.986Z,2026-08-23 08:08:39,2026-08-23,America/Los_Angeles,disneyland,Disneyland,Mickey's Toontown,11526,Mickey & Minnie's Runaway Railway,FALSE,0,2026-08-23T15:05:36.000Z,2026-08-23 08:05:36,https://queue-times.com/parks/16/queue_times.json
2026-08-23T15:08:39.986Z,2026-08-23 08:08:39,2026-08-23,America/Los_Angeles,disneyland,Disneyland,Mickey's Toontown,709,Mickey's House and Meet Mickey Mouse,TRUE,0,2026-08-23T15:05:36.000Z,2026-08-23 08:05:36,https://queue-times.com/parks/16/queue_times.json
2026-08-23T15:08:39.986Z,2026-08-23 08:08:39,2026-08-23,America/Los_Angeles,disneyland,Disneyland,Mickey's Toontown,327,Mickey's House and Meet Mickey Mouse,FALSE,0,2026-08-23T15:05:36.000Z,2026-08-23 08:05:36,https://queue-times.com/parks/16/queue_times.json
2026-08-23T15:08:39.986Z,2026-08-23 08:08:39,2026-08-23,America/Los_Angeles,disneyland,Disneyland,Mickey's Toontown,684,Minnie's House,FALSE,0,2026-08-23T15:05:36.000Z,2026-08-23 08:05:36,https://queue-times.com/parks/16/queue_times.json
2026-08-23T15:08:39.986Z,2026-08-23 08:08:39,2026-08-23,America/Los_Angeles,disneyland,Disneyland,Mickey's Toontown,332,Roger Rabbit's Car Toon Spin,TRUE,5,2026-08-23T15:05:36.000Z,2026-08-23 08:05:36,https://queue-times.com/parks/16/queue_times.json
2026-08-23T15:08:39.986Z,2026-08-23 08:08:39,2026-08-23,America/Los_Angeles,disneyland,Disneyland,New Orleans Square,13958,Haunted Mansion,FALSE,0,2026-08-21T05:25:59.000Z,2026-08-20 22:25:59,https://queue-times.com/parks/16/queue_times.json
2026-08-23T15:08:39.986Z,2026-08-23 08:08:39,2026-08-23,America/Los_Angeles,disneyland,Disneyland,New Orleans Square,325,Haunted Mansion Holiday,TRUE,13,2026-08-23T15:05:36.000Z,2026-08-23 08:05:36,https://queue-times.com/parks/16/queue_times.json
2026-08-23T15:08:39.986Z,2026-08-23 08:08:39,2026-08-23,America/Los_Angeles,disneyland,Disneyland,New Orleans Square,289,Pirates of the Caribbean,FALSE,0,2026-08-23T15:05:36.000Z,2026-08-23 08:05:36,https://queue-times.com/parks/16/queue_times.json
2026-08-23T15:08:39.986Z,2026-08-23 08:08:39,2026-08-23,America/Los_Angeles,disneyland,Disneyland,Star Wars: Galaxy's Edge,6339,Millennium Falcon: Smugglers Run,TRUE,5,2026-08-23T15:05:36.000Z,2026-08-23 08:05:36,https://queue-times.com/parks/16/queue_times.json
2026-08-23T15:08:39.986Z,2026-08-23 08:08:39,2026-08-23,America/Los_Angeles,disneyland,Disneyland,Star Wars: Galaxy's Edge,10903,Millennium Falcon: Smugglers Run Single Rider,TRUE,0,2026-08-23T15:05:36.000Z,2026-08-23 08:05:36,https://queue-times.com/parks/16/queue_times.json
2026-08-23T15:08:39.986Z,2026-08-23 08:08:39,2026-08-23,America/Los_Angeles,disneyland,Disneyland,Star Wars: Galaxy's Edge,6340,Star Wars: Rise of the Resistance,TRUE,0,2026-08-23T15:05:36.000Z,2026-08-23 08:05:36,https://queue-times.com/parks/16/queue_times.json
2026-08-23T15:08:39.986Z,2026-08-23 08:08:39,2026-08-23,America/Los_Angeles,disneyland,Disneyland,Tomorrowland,287,Astro Orbitor,TRUE,5,2026-08-23T15:05:36.000Z,2026-08-23 08:05:36,https://queue-times.com/parks/16/queue_times.json
2026-08-23T15:08:39.986Z,2026-08-23 08:08:39,2026-08-23,America/Los_Angeles,disneyland,Disneyland,Tomorrowland,317,Autopia,TRUE,5,2026-08-23T15:05:36.000Z,2026-08-23 08:05:36,https://queue-times.com/parks/16/queue_times.json
2026-08-23T15:08:39.986Z,2026-08-23 08:08:39,2026-08-23,America/Los_Angeles,disneyland,Disneyland,Tomorrowland,273,Buzz Lightyear Astro Blasters,TRUE,5,2026-08-23T15:05:36.000Z,2026-08-23 08:05:36,https://queue-times.com/parks/16/queue_times.json
2026-08-23T15:08:39.986Z,2026-08-23 08:08:39,2026-08-23,America/Los_Angeles,disneyland,Disneyland,Tomorrowland,274,Disneyland Monorail,TRUE,0,2026-08-23T15:05:36.000Z,2026-08-23 08:05:36,https://queue-times.com/parks/16/queue_times.json
2026-08-23T15:08:39.986Z,2026-08-23 08:08:39,2026-08-23,America/Los_Angeles,disneyland,Disneyland,Tomorrowland,276,Finding Nemo Submarine Voyage,TRUE,5,2026-08-23T15:05:36.000Z,2026-08-23 08:05:36,https://queue-times.com/parks/16/queue_times.json
2026-08-23T15:08:39.986Z,2026-08-23 08:08:39,2026-08-23,America/Los_Angeles,disneyland,Disneyland,Tomorrowland,16627,Pixar Short Film Spotlight,FALSE,0,2026-08-23T15:05:36.000Z,2026-08-23 08:05:36,https://queue-times.com/parks/16/queue_times.json
2026-08-23T15:08:39.986Z,2026-08-23 08:08:39,2026-08-23,America/Los_Angeles,disneyland,Disneyland,Tomorrowland,284,Space Mountain,TRUE,15,2026-08-23T15:05:36.000Z,2026-08-23 08:05:36,https://queue-times.com/parks/16/queue_times.json
2026-08-23T15:08:39.986Z,2026-08-23 08:08:39,2026-08-23,America/Los_Angeles,disneyland,Disneyland,Tomorrowland,286,Star Tours - The Adventures Continue,TRUE,5,2026-08-23T15:05:36.000Z,2026-08-23 08:05:36,https://queue-times.com/parks/16/queue_times.json
2026-08-23T15:08:39.986Z,2026-08-23 08:08:39,2026-08-23,America/Los_Angeles,dca,Disney California Adventure,Avengers Campus,329,Guardians of the Galaxy - Mission: BREAKOUT!,FALSE,0,2026-08-23T15:05:41.000Z,2026-08-23 08:05:41,https://queue-times.com/parks/17/queue_times.json
2026-08-23T15:08:39.986Z,2026-08-23 08:08:39,2026-08-23,America/Los_Angeles,dca,Disney California Adventure,Avengers Campus,8843,WEB SLINGERS: A Spider-Man Adventure,TRUE,5,2026-08-23T15:05:41.000Z,2026-08-23 08:05:41,https://queue-times.com/parks/17/queue_times.json
2026-08-23T15:08:39.986Z,2026-08-23 08:08:39,2026-08-23,America/Los_Angeles,dca,Disney California Adventure,Avengers Campus,10907,WEB SLINGERS: A Spider-Man Adventure Single Rider,TRUE,0,2026-08-23T15:05:41.000Z,2026-08-23 08:05:41,https://queue-times.com/parks/17/queue_times.json
2026-08-23T15:08:39.986Z,2026-08-23 08:08:39,2026-08-23,America/Los_Angeles,dca,Disney California Adventure,Cars Land,2608,Luigi's Honkin' Haul-O-Ween,TRUE,5,2026-08-23T15:05:41.000Z,2026-08-23 08:05:41,https://queue-times.com/parks/17/queue_times.json
2026-08-23T15:08:39.986Z,2026-08-23 08:08:39,2026-08-23,America/Los_Angeles,dca,Disney California Adventure,Cars Land,13961,Luigi's Rollickin' Roadsters,FALSE,0,2026-08-18T08:55:45.000Z,2026-08-18 01:55:45,https://queue-times.com/parks/17/queue_times.json
2026-08-23T15:08:39.986Z,2026-08-23 08:08:39,2026-08-23,America/Los_Angeles,dca,Disney California Adventure,Cars Land,315,Mater's Junkyard Jamboree,FALSE,0,2026-08-18T08:55:45.000Z,2026-08-18 01:55:45,https://queue-times.com/parks/17/queue_times.json
2026-08-23T15:08:39.986Z,2026-08-23 08:08:39,2026-08-23,America/Los_Angeles,dca,Disney California Adventure,Cars Land,295,Radiator Springs Racers,TRUE,65,2026-08-23T15:05:41.000Z,2026-08-23 08:05:41,https://queue-times.com/parks/17/queue_times.json
2026-08-23T15:08:39.986Z,2026-08-23 08:08:39,2026-08-23,America/Los_Angeles,dca,Disney California Adventure,Cars Land,10904,Radiator Springs Racers Single Rider,TRUE,0,2026-08-23T15:05:41.000Z,2026-08-23 08:05:41,https://queue-times.com/parks/17/queue_times.json
2026-08-23T15:08:39.986Z,2026-08-23 08:08:39,2026-08-23,America/Los_Angeles,dca,Disney California Adventure,Grizzly Peak,302,Grizzly River Run,TRUE,5,2026-08-23T15:05:41.000Z,2026-08-23 08:05:41,https://queue-times.com/parks/17/queue_times.json
2026-08-23T15:08:39.986Z,2026-08-23 08:08:39,2026-08-23,America/Los_Angeles,dca,Disney California Adventure,Grizzly Peak,293,Redwood Creek Challenge Trail,FALSE,0,2026-08-23T15:05:41.000Z,2026-08-23 08:05:41,https://queue-times.com/parks/17/queue_times.json
2026-08-23T15:08:39.986Z,2026-08-23 08:08:39,2026-08-23,America/Los_Angeles,dca,Disney California Adventure,Grizzly Peak,17129,Soarin’ Across America,TRUE,20,2026-08-23T15:05:41.000Z,2026-08-23 08:05:41,https://queue-times.com/parks/17/queue_times.json
2026-08-23T15:08:39.986Z,2026-08-23 08:08:39,2026-08-23,America/Los_Angeles,dca,Disney California Adventure,Hollywood Land,321,Animation Academy,TRUE,0,2026-08-23T15:05:41.000Z,2026-08-23 08:05:41,https://queue-times.com/parks/17/queue_times.json
2026-08-23T15:08:39.986Z,2026-08-23 08:08:39,2026-08-23,America/Los_Angeles,dca,Disney California Adventure,Hollywood Land,6440,Mickey's PhilharMagic,FALSE,0,2026-08-23T15:05:41.000Z,2026-08-23 08:05:41,https://queue-times.com/parks/17/queue_times.json
2026-08-23T15:08:39.986Z,2026-08-23 08:08:39,2026-08-23,America/Los_Angeles,dca,Disney California Adventure,Hollywood Land,291,"Monsters, Inc. Mike & Sulley to the Rescue!",TRUE,5,2026-08-23T15:05:41.000Z,2026-08-23 08:05:41,https://queue-times.com/parks/17/queue_times.json
2026-08-23T15:08:39.986Z,2026-08-23 08:08:39,2026-08-23,America/Los_Angeles,dca,Disney California Adventure,Hollywood Land,868,Sorcerer's Workshop,TRUE,0,2026-08-23T15:05:41.000Z,2026-08-23 08:05:41,https://queue-times.com/parks/17/queue_times.json
2026-08-23T15:08:39.986Z,2026-08-23 08:08:39,2026-08-23,America/Los_Angeles,dca,Disney California Adventure,Hollywood Land,294,Turtle Talk with Crush,TRUE,0,2026-08-23T15:05:41.000Z,2026-08-23 08:05:41,https://queue-times.com/parks/17/queue_times.json
2026-08-23T15:08:39.986Z,2026-08-23 08:08:39,2026-08-23,America/Los_Angeles,dca,Disney California Adventure,Pacific Wharf,869,The Bakery Tour,TRUE,0,2026-08-23T15:05:41.000Z,2026-08-23 08:05:41,https://queue-times.com/parks/17/queue_times.json
2026-08-23T15:08:39.986Z,2026-08-23 08:08:39,2026-08-23,America/Los_Angeles,dca,Disney California Adventure,Paradise Gardens Park,298,Golden Zephyr,FALSE,0,2026-08-23T15:05:41.000Z,2026-08-23 08:05:41,https://queue-times.com/parks/17/queue_times.json
2026-08-23T15:08:39.986Z,2026-08-23 08:08:39,2026-08-23,America/Los_Angeles,dca,Disney California Adventure,Paradise Gardens Park,319,Goofy's Sky School,FALSE,0,2026-08-23T15:05:41.000Z,2026-08-23 08:05:41,https://queue-times.com/parks/17/queue_times.json
2026-08-23T15:08:39.986Z,2026-08-23 08:08:39,2026-08-23,America/Los_Angeles,dca,Disney California Adventure,Paradise Gardens Park,301,Silly Symphony Swings,FALSE,0,2026-08-23T15:05:41.000Z,2026-08-23 08:05:41,https://queue-times.com/parks/17/queue_times.json
2026-08-23T15:08:39.986Z,2026-08-23 08:08:39,2026-08-23,America/Los_Angeles,dca,Disney California Adventure,Paradise Gardens Park,316,The Little Mermaid - Ariel's Undersea Adventure,TRUE,5,2026-08-23T15:05:41.000Z,2026-08-23 08:05:41,https://queue-times.com/parks/17/queue_times.json
2026-08-23T15:08:39.986Z,2026-08-23 08:08:39,2026-08-23,America/Los_Angeles,dca,Disney California Adventure,Paradise Gardens Park,11528,World of Color – ONE,FALSE,0,2026-08-23T15:05:41.000Z,2026-08-23 08:05:41,https://queue-times.com/parks/17/queue_times.json
2026-08-23T15:08:39.986Z,2026-08-23 08:08:39,2026-08-23,America/Los_Angeles,dca,Disney California Adventure,Pixar Pier,866,Games of Pixar Pier,TRUE,0,2026-08-23T15:05:41.000Z,2026-08-23 08:05:41,https://queue-times.com/parks/17/queue_times.json
2026-08-23T15:08:39.986Z,2026-08-23 08:08:39,2026-08-23,America/Los_Angeles,dca,Disney California Adventure,Pixar Pier,322,Incredicoaster,TRUE,0,2026-08-23T15:05:41.000Z,2026-08-23 08:05:41,https://queue-times.com/parks/17/queue_times.json
2026-08-23T15:08:39.986Z,2026-08-23 08:08:39,2026-08-23,America/Los_Angeles,dca,Disney California Adventure,Pixar Pier,10906,Incredicoaster Single Rider,TRUE,0,2026-08-23T15:05:41.000Z,2026-08-23 08:05:41,https://queue-times.com/parks/17/queue_times.json
2026-08-23T15:08:39.986Z,2026-08-23 08:08:39,2026-08-23,America/Los_Angeles,dca,Disney California Adventure,Pixar Pier,6643,Inside Out Emotional Whirlwind,TRUE,5,2026-08-23T15:05:41.000Z,2026-08-23 08:05:41,https://queue-times.com/parks/17/queue_times.json
2026-08-23T15:08:39.986Z,2026-08-23 08:08:39,2026-08-23,America/Los_Angeles,dca,Disney California Adventure,Pixar Pier,310,Jessie's Critter Carousel,TRUE,5,2026-08-23T15:05:41.000Z,2026-08-23 08:05:41,https://queue-times.com/parks/17/queue_times.json
2026-08-23T15:08:39.986Z,2026-08-23 08:08:39,2026-08-23,America/Los_Angeles,dca,Disney California Adventure,Pixar Pier,300,Jumpin' Jellyfish,TRUE,5,2026-08-23T15:05:41.000Z,2026-08-23 08:05:41,https://queue-times.com/parks/17/queue_times.json
2026-08-23T15:08:39.986Z,2026-08-23 08:08:39,2026-08-23,America/Los_Angeles,dca,Disney California Adventure,Pixar Pier,311,Pixar Pal-A-Round - Swinging,TRUE,0,2026-08-23T15:05:41.000Z,2026-08-23 08:05:41,https://queue-times.com/parks/17/queue_times.json
2026-08-23T15:08:39.986Z,2026-08-23 08:08:39,2026-08-23,America/Los_Angeles,dca,Disney California Adventure,Pixar Pier,5557,Pixar Pal-A-Round – Non-Swinging,TRUE,0,2026-08-23T15:05:41.000Z,2026-08-23 08:05:41,https://queue-times.com/parks/17/queue_times.json
2026-08-23T15:08:39.986Z,2026-08-23 08:08:39,2026-08-23,America/Los_Angeles,dca,Disney California Adventure,Pixar Pier,313,Toy Story Midway Mania!,TRUE,5,2026-08-23T15:05:41.000Z,2026-08-23 08:05:41,https://queue-times.com/parks/17/queue_times.json
2026-08-23T15:08:39.986Z,2026-08-23 08:08:39,2026-08-23,America/Los_Angeles,dca,Disney California Adventure,Halloween,5146,Guardians of the Galaxy - Monsters After Dark,FALSE,0,2026-08-23T15:05:41.000Z,2026-08-23 08:05:41,https://queue-times.com/parks/17/queue_times.json
2026-08-23T15:08:39.986Z,2026-08-23 08:08:39,2026-08-23,America/Los_Angeles,dca,Disney California Adventure,Halloween,4723,Mater's Graveyard JamBOOree,TRUE,5,2026-08-23T15:05:41.000Z,2026-08-23 08:05:41,https://queue-times.com/parks/17/queue_times.json
2026-08-23T15:08:39.986Z,2026-08-23 08:08:39,2026-08-23,America/Los_Angeles,dca,Disney California Adventure,Halloween,7292,Villains Grove at Oogie Boogie Bash,FALSE,0,2026-08-23T15:05:41.000Z,2026-08-23 08:05:41,https://queue-times.com/parks/17/queue_times.json
2026-08-23T15:15:21.328Z,2026-08-23 08:15:21,2026-08-23,America/Los_Angeles,disneyland,Disneyland,Adventureland,12428,Adventureland Treehouse inspired by Walt Disney’s Swiss Family Robinson,TRUE,0,2026-08-23T15:10:39.000Z,2026-08-23 08:10:39,https://queue-times.com/parks/16/queue_times.json
2026-08-23T15:15:21.328Z,2026-08-23 08:15:21,2026-08-23,America/Los_Angeles,disneyland,Disneyland,Adventureland,326,Indiana Jones™ Adventure,FALSE,0,2026-08-23T15:10:39.000Z,2026-08-23 08:10:39,https://queue-times.com/parks/16/queue_times.json
2026-08-23T15:15:21.328Z,2026-08-23 08:15:21,2026-08-23,America/Los_Angeles,disneyland,Disneyland,Adventureland,296,Jungle Cruise,TRUE,5,2026-08-23T15:10:39.000Z,2026-08-23 08:10:39,https://queue-times.com/parks/16/queue_times.json
2026-08-23T15:15:21.328Z,2026-08-23 08:15:21,2026-08-23,America/Los_Angeles,disneyland,Disneyland,Adventureland,288,Walt Disney's Enchanted Tiki Room,TRUE,0,2026-08-23T15:10:39.000Z,2026-08-23 08:10:39,https://queue-times.com/parks/16/queue_times.json
2026-08-23T15:15:21.328Z,2026-08-23 08:15:21,2026-08-23,America/Los_Angeles,disneyland,Disneyland,Bayou Country,304,Davy Crockett's Explorer Canoes,FALSE,0,2026-08-23T15:10:39.000Z,2026-08-23 08:10:39,https://queue-times.com/parks/16/queue_times.json
2026-08-23T15:15:21.328Z,2026-08-23 08:15:21,2026-08-23,America/Los_Angeles,disneyland,Disneyland,Bayou Country,306,The Many Adventures of Winnie the Pooh,TRUE,5,2026-08-23T15:10:39.000Z,2026-08-23 08:10:39,https://queue-times.com/parks/16/queue_times.json
2026-08-23T15:15:21.328Z,2026-08-23 08:15:21,2026-08-23,America/Los_Angeles,disneyland,Disneyland,Bayou Country,14168,Tiana's Bayou Adventure,TRUE,5,2026-08-23T15:10:39.000Z,2026-08-23 08:10:39,https://queue-times.com/parks/16/queue_times.json
2026-08-23T15:15:21.328Z,2026-08-23 08:15:21,2026-08-23,America/Los_Angeles,disneyland,Disneyland,Bayou Country,14326,Tiana's Bayou Adventure Single Rider,TRUE,0,2026-08-23T15:10:39.000Z,2026-08-23 08:10:39,https://queue-times.com/parks/16/queue_times.json
2026-08-23T15:15:21.328Z,2026-08-23 08:15:21,2026-08-23,America/Los_Angeles,disneyland,Disneyland,Fantasyland,307,"""it's a small world""",TRUE,5,2026-08-23T15:10:39.000Z,2026-08-23 08:10:39,https://queue-times.com/parks/16/queue_times.json
2026-08-23T15:15:21.328Z,2026-08-23 08:15:21,2026-08-23,America/Los_Angeles,disneyland,Disneyland,Fantasyland,285,Alice in Wonderland,TRUE,5,2026-08-23T15:10:39.000Z,2026-08-23 08:10:39,https://queue-times.com/parks/16/queue_times.json
2026-08-23T15:15:21.328Z,2026-08-23 08:15:21,2026-08-23,America/Los_Angeles,disneyland,Disneyland,Fantasyland,16254,Bluey’s Best Day Ever! at Fantasyland Theatre,TRUE,0,2026-08-23T15:10:39.000Z,2026-08-23 08:10:39,https://queue-times.com/parks/16/queue_times.json
2026-08-23T15:15:21.328Z,2026-08-23 08:15:21,2026-08-23,America/Los_Angeles,disneyland,Disneyland,Fantasyland,303,Casey Jr. Circus Train,FALSE,0,2026-08-23T15:10:39.000Z,2026-08-23 08:10:39,https://queue-times.com/parks/16/queue_times.json
2026-08-23T15:15:21.328Z,2026-08-23 08:15:21,2026-08-23,America/Los_Angeles,disneyland,Disneyland,Fantasyland,275,Dumbo the Flying Elephant,TRUE,5,2026-08-23T15:10:39.000Z,2026-08-23 08:10:39,https://queue-times.com/parks/16/queue_times.json
2026-08-23T15:15:21.328Z,2026-08-23 08:15:21,2026-08-23,America/Los_Angeles,disneyland,Disneyland,Fantasyland,277,King Arthur Carrousel,TRUE,0,2026-08-23T15:10:39.000Z,2026-08-23 08:10:39,https://queue-times.com/parks/16/queue_times.json
2026-08-23T15:15:21.328Z,2026-08-23 08:15:21,2026-08-23,America/Los_Angeles,disneyland,Disneyland,Fantasyland,278,Mad Tea Party,TRUE,5,2026-08-23T15:10:39.000Z,2026-08-23 08:10:39,https://queue-times.com/parks/16/queue_times.json
2026-08-23T15:15:21.328Z,2026-08-23 08:15:21,2026-08-23,America/Los_Angeles,disneyland,Disneyland,Fantasyland,279,Matterhorn Bobsleds,TRUE,5,2026-08-23T15:10:39.000Z,2026-08-23 08:10:39,https://queue-times.com/parks/16/queue_times.json
2026-08-23T15:15:21.328Z,2026-08-23 08:15:21,2026-08-23,America/Los_Angeles,disneyland,Disneyland,Fantasyland,6711,Meet Disney Princesses at Royal Hall,FALSE,0,2026-08-23T15:10:39.000Z,2026-08-23 08:10:39,https://queue-times.com/parks/16/queue_times.json
2026-08-23T15:15:21.328Z,2026-08-23 08:15:21,2026-08-23,America/Los_Angeles,disneyland,Disneyland,Fantasyland,280,Mr. Toad's Wild Ride,TRUE,5,2026-08-23T15:10:39.000Z,2026-08-23 08:10:39,https://queue-times.com/parks/16/queue_times.json
2026-08-23T15:15:21.328Z,2026-08-23 08:15:21,2026-08-23,America/Los_Angeles,disneyland,Disneyland,Fantasyland,281,Peter Pan's Flight,TRUE,30,2026-08-23T15:10:39.000Z,2026-08-23 08:10:39,https://queue-times.com/parks/16/queue_times.json
2026-08-23T15:15:21.328Z,2026-08-23 08:15:21,2026-08-23,America/Los_Angeles,disneyland,Disneyland,Fantasyland,282,Pinocchio's Daring Journey,TRUE,5,2026-08-23T15:10:39.000Z,2026-08-23 08:10:39,https://queue-times.com/parks/16/queue_times.json
2026-08-23T15:15:21.328Z,2026-08-23 08:15:21,2026-08-23,America/Los_Angeles,disneyland,Disneyland,Fantasyland,687,Sleeping Beauty Castle Walkthrough,FALSE,0,2026-08-23T15:10:39.000Z,2026-08-23 08:10:39,https://queue-times.com/parks/16/queue_times.json
2026-08-23T15:15:21.328Z,2026-08-23 08:15:21,2026-08-23,America/Los_Angeles,disneyland,Disneyland,Fantasyland,283,Snow White's Enchanted Wish,TRUE,5,2026-08-23T15:10:39.000Z,2026-08-23 08:10:39,https://queue-times.com/parks/16/queue_times.json
2026-08-23T15:15:21.328Z,2026-08-23 08:15:21,2026-08-23,America/Los_Angeles,disneyland,Disneyland,Fantasyland,305,Storybook Land Canal Boats,TRUE,5,2026-08-23T15:10:39.000Z,2026-08-23 08:10:39,https://queue-times.com/parks/16/queue_times.json
2026-08-23T15:15:21.328Z,2026-08-23 08:15:21,2026-08-23,America/Los_Angeles,disneyland,Disneyland,Frontierland,323,Big Thunder Mountain Railroad,TRUE,0,2026-08-23T15:10:39.000Z,2026-08-23 08:10:39,https://queue-times.com/parks/16/queue_times.json
2026-08-23T15:15:21.328Z,2026-08-23 08:15:21,2026-08-23,America/Los_Angeles,disneyland,Disneyland,Frontierland,679,Frontierland Shootin' Exposition,FALSE,0,2026-08-23T15:10:39.000Z,2026-08-23 08:10:39,https://queue-times.com/parks/16/queue_times.json
2026-08-23T15:15:21.328Z,2026-08-23 08:15:21,2026-08-23,America/Los_Angeles,disneyland,Disneyland,Frontierland,456,Mark Twain Riverboat,FALSE,0,2026-08-23T15:10:39.000Z,2026-08-23 08:10:39,https://queue-times.com/parks/16/queue_times.json
2026-08-23T15:15:21.328Z,2026-08-23 08:15:21,2026-08-23,America/Los_Angeles,disneyland,Disneyland,Frontierland,331,Pirate's Lair on Tom Sawyer Island,FALSE,0,2026-08-23T15:10:39.000Z,2026-08-23 08:10:39,https://queue-times.com/parks/16/queue_times.json
2026-08-23T15:15:21.328Z,2026-08-23 08:15:21,2026-08-23,America/Los_Angeles,disneyland,Disneyland,Frontierland,328,Sailing Ship Columbia,FALSE,0,2026-08-23T15:10:39.000Z,2026-08-23 08:10:39,https://queue-times.com/parks/16/queue_times.json
2026-08-23T15:15:21.328Z,2026-08-23 08:15:21,2026-08-23,America/Los_Angeles,disneyland,Disneyland,Main Street U.S.A,674,Disneyland Railroad,TRUE,0,2026-08-23T15:10:39.000Z,2026-08-23 08:10:39,https://queue-times.com/parks/16/queue_times.json
2026-08-23T15:15:21.328Z,2026-08-23 08:15:21,2026-08-23,America/Los_Angeles,disneyland,Disneyland,Main Street U.S.A,690,Great Moments with Mr. Lincoln,TRUE,0,2026-08-23T15:10:39.000Z,2026-08-23 08:10:39,https://queue-times.com/parks/16/queue_times.json
2026-08-23T15:15:21.328Z,2026-08-23 08:15:21,2026-08-23,America/Los_Angeles,disneyland,Disneyland,Main Street U.S.A,686,Main Street Cinema,FALSE,0,2026-08-23T15:10:39.000Z,2026-08-23 08:10:39,https://queue-times.com/parks/16/queue_times.json
2026-08-23T15:15:21.328Z,2026-08-23 08:15:21,2026-08-23,America/Los_Angeles,disneyland,Disneyland,Main Street U.S.A,691,Main Street Vehicles,TRUE,0,2026-08-23T15:10:39.000Z,2026-08-23 08:10:39,https://queue-times.com/parks/16/queue_times.json
2026-08-23T15:15:21.328Z,2026-08-23 08:15:21,2026-08-23,America/Los_Angeles,disneyland,Disneyland,Main Street U.S.A,14915,Opera House - Walt Disney - A Magical Life,TRUE,0,2026-08-23T15:10:39.000Z,2026-08-23 08:10:39,https://queue-times.com/parks/16/queue_times.json
2026-08-23T15:15:21.328Z,2026-08-23 08:15:21,2026-08-23,America/Los_Angeles,disneyland,Disneyland,Main Street U.S.A,695,The Disney Gallery,TRUE,0,2026-08-23T15:10:39.000Z,2026-08-23 08:10:39,https://queue-times.com/parks/16/queue_times.json
2026-08-23T15:15:21.328Z,2026-08-23 08:15:21,2026-08-23,America/Los_Angeles,disneyland,Disneyland,Main Street U.S.A,14923,Walt Disney - A Magical Life,FALSE,0,2026-08-23T15:10:39.000Z,2026-08-23 08:10:39,https://queue-times.com/parks/16/queue_times.json
2026-08-23T15:15:21.328Z,2026-08-23 08:15:21,2026-08-23,America/Los_Angeles,disneyland,Disneyland,Mickey's Toontown,324,Chip 'n' Dale's GADGETcoaster,TRUE,5,2026-08-23T15:10:39.000Z,2026-08-23 08:10:39,https://queue-times.com/parks/16/queue_times.json
2026-08-23T15:15:21.328Z,2026-08-23 08:15:21,2026-08-23,America/Los_Angeles,disneyland,Disneyland,Mickey's Toontown,13814,Donald's Duck Pond,TRUE,0,2026-08-23T15:10:39.000Z,2026-08-23 08:10:39,https://queue-times.com/parks/16/queue_times.json
2026-08-23T15:15:21.328Z,2026-08-23 08:15:21,2026-08-23,America/Los_Angeles,disneyland,Disneyland,Mickey's Toontown,11980,Goofy's How-to-Play Yard,TRUE,0,2026-08-23T15:10:39.000Z,2026-08-23 08:10:39,https://queue-times.com/parks/16/queue_times.json
2026-08-23T15:15:21.328Z,2026-08-23 08:15:21,2026-08-23,America/Los_Angeles,disneyland,Disneyland,Mickey's Toontown,11526,Mickey & Minnie's Runaway Railway,FALSE,0,2026-08-23T15:10:39.000Z,2026-08-23 08:10:39,https://queue-times.com/parks/16/queue_times.json
2026-08-23T15:15:21.328Z,2026-08-23 08:15:21,2026-08-23,America/Los_Angeles,disneyland,Disneyland,Mickey's Toontown,709,Mickey's House and Meet Mickey Mouse,TRUE,0,2026-08-23T15:10:39.000Z,2026-08-23 08:10:39,https://queue-times.com/parks/16/queue_times.json
2026-08-23T15:15:21.328Z,2026-08-23 08:15:21,2026-08-23,America/Los_Angeles,disneyland,Disneyland,Mickey's Toontown,327,Mickey's House and Meet Mickey Mouse,FALSE,0,2026-08-23T15:10:39.000Z,2026-08-23 08:10:39,https://queue-times.com/parks/16/queue_times.json
2026-08-23T15:15:21.328Z,2026-08-23 08:15:21,2026-08-23,America/Los_Angeles,disneyland,Disneyland,Mickey's Toontown,684,Minnie's House,FALSE,0,2026-08-23T15:10:39.000Z,2026-08-23 08:10:39,https://queue-times.com/parks/16/queue_times.json
2026-08-23T15:15:21.328Z,2026-08-23 08:15:21,2026-08-23,America/Los_Angeles,disneyland,Disneyland,Mickey's Toontown,332,Roger Rabbit's Car Toon Spin,TRUE,5,2026-08-23T15:10:39.000Z,2026-08-23 08:10:39,https://queue-times.com/parks/16/queue_times.json
2026-08-23T15:15:21.328Z,2026-08-23 08:15:21,2026-08-23,America/Los_Angeles,disneyland,Disneyland,New Orleans Square,13958,Haunted Mansion,FALSE,0,2026-08-21T05:25:59.000Z,2026-08-20 22:25:59,https://queue-times.com/parks/16/queue_times.json
2026-08-23T15:15:21.328Z,2026-08-23 08:15:21,2026-08-23,America/Los_Angeles,disneyland,Disneyland,New Orleans Square,325,Haunted Mansion Holiday,TRUE,35,2026-08-23T15:10:39.000Z,2026-08-23 08:10:39,https://queue-times.com/parks/16/queue_times.json
2026-08-23T15:15:21.328Z,2026-08-23 08:15:21,2026-08-23,America/Los_Angeles,disneyland,Disneyland,New Orleans Square,289,Pirates of the Caribbean,FALSE,0,2026-08-23T15:10:39.000Z,2026-08-23 08:10:39,https://queue-times.com/parks/16/queue_times.json
2026-08-23T15:15:21.328Z,2026-08-23 08:15:21,2026-08-23,America/Los_Angeles,disneyland,Disneyland,Star Wars: Galaxy's Edge,6339,Millennium Falcon: Smugglers Run,TRUE,5,2026-08-23T15:10:39.000Z,2026-08-23 08:10:39,https://queue-times.com/parks/16/queue_times.json
2026-08-23T15:15:21.328Z,2026-08-23 08:15:21,2026-08-23,America/Los_Angeles,disneyland,Disneyland,Star Wars: Galaxy's Edge,10903,Millennium Falcon: Smugglers Run Single Rider,TRUE,0,2026-08-23T15:10:39.000Z,2026-08-23 08:10:39,https://queue-times.com/parks/16/queue_times.json
2026-08-23T15:15:21.328Z,2026-08-23 08:15:21,2026-08-23,America/Los_Angeles,disneyland,Disneyland,Star Wars: Galaxy's Edge,6340,Star Wars: Rise of the Resistance,TRUE,0,2026-08-23T15:10:39.000Z,2026-08-23 08:10:39,https://queue-times.com/parks/16/queue_times.json
2026-08-23T15:15:21.328Z,2026-08-23 08:15:21,2026-08-23,America/Los_Angeles,disneyland,Disneyland,Tomorrowland,287,Astro Orbitor,TRUE,5,2026-08-23T15:10:39.000Z,2026-08-23 08:10:39,https://queue-times.com/parks/16/queue_times.json
2026-08-23T15:15:21.328Z,2026-08-23 08:15:21,2026-08-23,America/Los_Angeles,disneyland,Disneyland,Tomorrowland,317,Autopia,TRUE,5,2026-08-23T15:10:39.000Z,2026-08-23 08:10:39,https://queue-times.com/parks/16/queue_times.json
2026-08-23T15:15:21.328Z,2026-08-23 08:15:21,2026-08-23,America/Los_Angeles,disneyland,Disneyland,Tomorrowland,273,Buzz Lightyear Astro Blasters,TRUE,5,2026-08-23T15:10:39.000Z,2026-08-23 08:10:39,https://queue-times.com/parks/16/queue_times.json
2026-08-23T15:15:21.328Z,2026-08-23 08:15:21,2026-08-23,America/Los_Angeles,disneyland,Disneyland,Tomorrowland,274,Disneyland Monorail,TRUE,5,2026-08-23T15:10:39.000Z,2026-08-23 08:10:39,https://queue-times.com/parks/16/queue_times.json
2026-08-23T15:15:21.328Z,2026-08-23 08:15:21,2026-08-23,America/Los_Angeles,disneyland,Disneyland,Tomorrowland,276,Finding Nemo Submarine Voyage,TRUE,5,2026-08-23T15:10:39.000Z,2026-08-23 08:10:39,https://queue-times.com/parks/16/queue_times.json
2026-08-23T15:15:21.328Z,2026-08-23 08:15:21,2026-08-23,America/Los_Angeles,disneyland,Disneyland,Tomorrowland,16627,Pixar Short Film Spotlight,FALSE,0,2026-08-23T15:10:39.000Z,2026-08-23 08:10:39,https://queue-times.com/parks/16/queue_times.json
2026-08-23T15:15:21.328Z,2026-08-23 08:15:21,2026-08-23,America/Los_Angeles,disneyland,Disneyland,Tomorrowland,284,Space Mountain,TRUE,15,2026-08-23T15:10:39.000Z,2026-08-23 08:10:39,https://queue-times.com/parks/16/queue_times.json
2026-08-23T15:15:21.328Z,2026-08-23 08:15:21,2026-08-23,America/Los_Angeles,disneyland,Disneyland,Tomorrowland,286,Star Tours - The Adventures Continue,TRUE,5,2026-08-23T15:10:39.000Z,2026-08-23 08:10:39,https://queue-times.com/parks/16/queue_times.json
2026-08-23T15:15:21.328Z,2026-08-23 08:15:21,2026-08-23,America/Los_Angeles,dca,Disney California Adventure,Avengers Campus,329,Guardians of the Galaxy - Mission: BREAKOUT!,FALSE,0,2026-08-23T15:10:40.000Z,2026-08-23 08:10:40,https://queue-times.com/parks/17/queue_times.json
2026-08-23T15:15:21.328Z,2026-08-23 08:15:21,2026-08-23,America/Los_Angeles,dca,Disney California Adventure,Avengers Campus,8843,WEB SLINGERS: A Spider-Man Adventure,TRUE,5,2026-08-23T15:10:40.000Z,2026-08-23 08:10:40,https://queue-times.com/parks/17/queue_times.json
2026-08-23T15:15:21.328Z,2026-08-23 08:15:21,2026-08-23,America/Los_Angeles,dca,Disney California Adventure,Avengers Campus,10907,WEB SLINGERS: A Spider-Man Adventure Single Rider,TRUE,0,2026-08-23T15:10:40.000Z,2026-08-23 08:10:40,https://queue-times.com/parks/17/queue_times.json
2026-08-23T15:15:21.328Z,2026-08-23 08:15:21,2026-08-23,America/Los_Angeles,dca,Disney California Adventure,Cars Land,2608,Luigi's Honkin' Haul-O-Ween,TRUE,5,2026-08-23T15:10:40.000Z,2026-08-23 08:10:40,https://queue-times.com/parks/17/queue_times.json
2026-08-23T15:15:21.328Z,2026-08-23 08:15:21,2026-08-23,America/Los_Angeles,dca,Disney California Adventure,Cars Land,13961,Luigi's Rollickin' Roadsters,FALSE,0,2026-08-18T08:55:45.000Z,2026-08-18 01:55:45,https://queue-times.com/parks/17/queue_times.json
2026-08-23T15:15:21.328Z,2026-08-23 08:15:21,2026-08-23,America/Los_Angeles,dca,Disney California Adventure,Cars Land,315,Mater's Junkyard Jamboree,FALSE,0,2026-08-18T08:55:45.000Z,2026-08-18 01:55:45,https://queue-times.com/parks/17/queue_times.json
2026-08-23T15:15:21.328Z,2026-08-23 08:15:21,2026-08-23,America/Los_Angeles,dca,Disney California Adventure,Cars Land,295,Radiator Springs Racers,TRUE,65,2026-08-23T15:10:40.000Z,2026-08-23 08:10:40,https://queue-times.com/parks/17/queue_times.json
2026-08-23T15:15:21.328Z,2026-08-23 08:15:21,2026-08-23,America/Los_Angeles,dca,Disney California Adventure,Cars Land,10904,Radiator Springs Racers Single Rider,TRUE,0,2026-08-23T15:10:40.000Z,2026-08-23 08:10:40,https://queue-times.com/parks/17/queue_times.json
2026-08-23T15:15:21.328Z,2026-08-23 08:15:21,2026-08-23,America/Los_Angeles,dca,Disney California Adventure,Grizzly Peak,302,Grizzly River Run,TRUE,5,2026-08-23T15:10:40.000Z,2026-08-23 08:10:40,https://queue-times.com/parks/17/queue_times.json
2026-08-23T15:15:21.328Z,2026-08-23 08:15:21,2026-08-23,America/Los_Angeles,dca,Disney California Adventure,Grizzly Peak,293,Redwood Creek Challenge Trail,FALSE,0,2026-08-23T15:10:40.000Z,2026-08-23 08:10:40,https://queue-times.com/parks/17/queue_times.json
2026-08-23T15:15:21.328Z,2026-08-23 08:15:21,2026-08-23,America/Los_Angeles,dca,Disney California Adventure,Grizzly Peak,17129,Soarin’ Across America,TRUE,20,2026-08-23T15:10:40.000Z,2026-08-23 08:10:40,https://queue-times.com/parks/17/queue_times.json
2026-08-23T15:15:21.328Z,2026-08-23 08:15:21,2026-08-23,America/Los_Angeles,dca,Disney California Adventure,Hollywood Land,321,Animation Academy,TRUE,0,2026-08-23T15:10:40.000Z,2026-08-23 08:10:40,https://queue-times.com/parks/17/queue_times.json
2026-08-23T15:15:21.328Z,2026-08-23 08:15:21,2026-08-23,America/Los_Angeles,dca,Disney California Adventure,Hollywood Land,6440,Mickey's PhilharMagic,FALSE,0,2026-08-23T15:10:40.000Z,2026-08-23 08:10:40,https://queue-times.com/parks/17/queue_times.json
2026-08-23T15:15:21.328Z,2026-08-23 08:15:21,2026-08-23,America/Los_Angeles,dca,Disney California Adventure,Hollywood Land,291,"Monsters, Inc. Mike & Sulley to the Rescue!",TRUE,5,2026-08-23T15:10:40.000Z,2026-08-23 08:10:40,https://queue-times.com/parks/17/queue_times.json
2026-08-23T15:15:21.328Z,2026-08-23 08:15:21,2026-08-23,America/Los_Angeles,dca,Disney California Adventure,Hollywood Land,868,Sorcerer's Workshop,TRUE,0,2026-08-23T15:10:40.000Z,2026-08-23 08:10:40,https://queue-times.com/parks/17/queue_times.json
2026-08-23T15:15:21.328Z,2026-08-23 08:15:21,2026-08-23,America/Los_Angeles,dca,Disney California Adventure,Hollywood Land,294,Turtle Talk with Crush,TRUE,0,2026-08-23T15:10:40.000Z,2026-08-23 08:10:40,https://queue-times.com/parks/17/queue_times.json
2026-08-23T15:15:21.328Z,2026-08-23 08:15:21,2026-08-23,America/Los_Angeles,dca,Disney California Adventure,Pacific Wharf,869,The Bakery Tour,TRUE,0,2026-08-23T15:10:40.000Z,2026-08-23 08:10:40,https://queue-times.com/parks/17/queue_times.json
2026-08-23T15:15:21.328Z,2026-08-23 08:15:21,2026-08-23,America/Los_Angeles,dca,Disney California Adventure,Paradise Gardens Park,298,Golden Zephyr,FALSE,0,2026-08-23T15:10:40.000Z,2026-08-23 08:10:40,https://queue-times.com/parks/17/queue_times.json
2026-08-23T15:15:21.328Z,2026-08-23 08:15:21,2026-08-23,America/Los_Angeles,dca,Disney California Adventure,Paradise Gardens Park,319,Goofy's Sky School,FALSE,0,2026-08-23T15:10:40.000Z,2026-08-23 08:10:40,https://queue-times.com/parks/17/queue_times.json
2026-08-23T15:15:21.328Z,2026-08-23 08:15:21,2026-08-23,America/Los_Angeles,dca,Disney California Adventure,Paradise Gardens Park,301,Silly Symphony Swings,FALSE,0,2026-08-23T15:10:40.000Z,2026-08-23 08:10:40,https://queue-times.com/parks/17/queue_times.json
2026-08-23T15:15:21.328Z,2026-08-23 08:15:21,2026-08-23,America/Los_Angeles,dca,Disney California Adventure,Paradise Gardens Park,316,The Little Mermaid - Ariel's Undersea Adventure,TRUE,5,2026-08-23T15:10:40.000Z,2026-08-23 08:10:40,https://queue-times.com/parks/17/queue_times.json
2026-08-23T15:15:21.328Z,2026-08-23 08:15:21,2026-08-23,America/Los_Angeles,dca,Disney California Adventure,Paradise Gardens Park,11528,World of Color – ONE,FALSE,0,2026-08-23T15:10:40.000Z,2026-08-23 08:10:40,https://queue-times.com/parks/17/queue_times.json
2026-08-23T15:15:21.328Z,2026-08-23 08:15:21,2026-08-23,America/Los_Angeles,dca,Disney California Adventure,Pixar Pier,866,Games of Pixar Pier,TRUE,0,2026-08-23T15:10:40.000Z,2026-08-23 08:10:40,https://queue-times.com/parks/17/queue_times.json
2026-08-23T15:15:21.328Z,2026-08-23 08:15:21,2026-08-23,America/Los_Angeles,dca,Disney California Adventure,Pixar Pier,322,Incredicoaster,TRUE,5,2026-08-23T15:10:40.000Z,2026-08-23 08:10:40,https://queue-times.com/parks/17/queue_times.json
2026-08-23T15:15:21.328Z,2026-08-23 08:15:21,2026-08-23,America/Los_Angeles,dca,Disney California Adventure,Pixar Pier,10906,Incredicoaster Single Rider,TRUE,0,2026-08-23T15:10:40.000Z,2026-08-23 08:10:40,https://queue-times.com/parks/17/queue_times.json
2026-08-23T15:15:21.328Z,2026-08-23 08:15:21,2026-08-23,America/Los_Angeles,dca,Disney California Adventure,Pixar Pier,6643,Inside Out Emotional Whirlwind,TRUE,5,2026-08-23T15:10:40.000Z,2026-08-23 08:10:40,https://queue-times.com/parks/17/queue_times.json
2026-08-23T15:15:21.328Z,2026-08-23 08:15:21,2026-08-23,America/Los_Angeles,dca,Disney California Adventure,Pixar Pier,310,Jessie's Critter Carousel,TRUE,5,2026-08-23T15:10:40.000Z,2026-08-23 08:10:40,https://queue-times.com/parks/17/queue_times.json
2026-08-23T15:15:21.328Z,2026-08-23 08:15:21,2026-08-23,America/Los_Angeles,dca,Disney California Adventure,Pixar Pier,300,Jumpin' Jellyfish,TRUE,5,2026-08-23T15:10:40.000Z,2026-08-23 08:10:40,https://queue-times.com/parks/17/queue_times.json
2026-08-23T15:15:21.328Z,2026-08-23 08:15:21,2026-08-23,America/Los_Angeles,dca,Disney California Adventure,Pixar Pier,311,Pixar Pal-A-Round - Swinging,TRUE,0,2026-08-23T15:10:40.000Z,2026-08-23 08:10:40,https://queue-times.com/parks/17/queue_times.json
2026-08-23T15:15:21.328Z,2026-08-23 08:15:21,2026-08-23,America/Los_Angeles,dca,Disney California Adventure,Pixar Pier,5557,Pixar Pal-A-Round – Non-Swinging,TRUE,0,2026-08-23T15:10:40.000Z,2026-08-23 08:10:40,https://queue-times.com/parks/17/queue_times.json
2026-08-23T15:15:21.328Z,2026-08-23 08:15:21,2026-08-23,America/Los_Angeles,dca,Disney California Adventure,Pixar Pier,313,Toy Story Midway Mania!,TRUE,5,2026-08-23T15:10:40.000Z,2026-08-23 08:10:40,https://queue-times.com/parks/17/queue_times.json
2026-08-23T15:15:21.328Z,2026-08-23 08:15:21,2026-08-23,America/Los_Angeles,dca,Disney California Adventure,Halloween,5146,Guardians of the Galaxy - Monsters After Dark,FALSE,0,2026-08-23T15:10:40.000Z,2026-08-23 08:10:40,https://queue-times.com/parks/17/queue_times.json
2026-08-23T15:15:21.328Z,2026-08-23 08:15:21,2026-08-23,America/Los_Angeles,dca,Disney California Adventure,Halloween,4723,Mater's Graveyard JamBOOree,TRUE,5,2026-08-23T15:10:40.000Z,2026-08-23 08:10:40,https://queue-times.com/parks/17/queue_times.json
2026-08-23T15:15:21.328Z,2026-08-23 08:15:21,2026-08-23,America/Los_Angeles,dca,Disney California Adventure,Halloween,7292,Villains Grove at Oogie Boogie Bash,FALSE,0,2026-08-23T15:10:40.000Z,2026-08-23 08:10:40,https://queue-times.com/parks/17/queue_times.json
2026-08-23T15:30:19.895Z,2026-08-23 08:30:19,2026-08-23,America/Los_Angeles,disneyland,Disneyland,Adventureland,12428,Adventureland Treehouse inspired by Walt Disney’s Swiss Family Robinson,TRUE,0,2026-08-23T15:25:36.000Z,2026-08-23 08:25:36,https://queue-times.com/parks/16/queue_times.json
2026-08-23T15:30:19.895Z,2026-08-23 08:30:19,2026-08-23,America/Los_Angeles,disneyland,Disneyland,Adventureland,326,Indiana Jones™ Adventure,FALSE,0,2026-08-23T15:25:36.000Z,2026-08-23 08:25:36,https://queue-times.com/parks/16/queue_times.json
2026-08-23T15:30:19.895Z,2026-08-23 08:30:19,2026-08-23,America/Los_Angeles,disneyland,Disneyland,Adventureland,296,Jungle Cruise,TRUE,5,2026-08-23T15:25:36.000Z,2026-08-23 08:25:36,https://queue-times.com/parks/16/queue_times.json
2026-08-23T15:30:19.895Z,2026-08-23 08:30:19,2026-08-23,America/Los_Angeles,disneyland,Disneyland,Adventureland,288,Walt Disney's Enchanted Tiki Room,TRUE,0,2026-08-23T15:25:36.000Z,2026-08-23 08:25:36,https://queue-times.com/parks/16/queue_times.json
2026-08-23T15:30:19.895Z,2026-08-23 08:30:19,2026-08-23,America/Los_Angeles,disneyland,Disneyland,Bayou Country,304,Davy Crockett's Explorer Canoes,FALSE,0,2026-08-23T15:25:36.000Z,2026-08-23 08:25:36,https://queue-times.com/parks/16/queue_times.json
2026-08-23T15:30:19.895Z,2026-08-23 08:30:19,2026-08-23,America/Los_Angeles,disneyland,Disneyland,Bayou Country,306,The Many Adventures of Winnie the Pooh,TRUE,5,2026-08-23T15:25:36.000Z,2026-08-23 08:25:36,https://queue-times.com/parks/16/queue_times.json
2026-08-23T15:30:19.895Z,2026-08-23 08:30:19,2026-08-23,America/Los_Angeles,disneyland,Disneyland,Bayou Country,14168,Tiana's Bayou Adventure,TRUE,5,2026-08-23T15:25:36.000Z,2026-08-23 08:25:36,https://queue-times.com/parks/16/queue_times.json
2026-08-23T15:30:19.895Z,2026-08-23 08:30:19,2026-08-23,America/Los_Angeles,disneyland,Disneyland,Bayou Country,14326,Tiana's Bayou Adventure Single Rider,TRUE,0,2026-08-23T15:25:36.000Z,2026-08-23 08:25:36,https://queue-times.com/parks/16/queue_times.json
2026-08-23T15:30:19.895Z,2026-08-23 08:30:19,2026-08-23,America/Los_Angeles,disneyland,Disneyland,Fantasyland,307,"""it's a small world""",TRUE,5,2026-08-23T15:25:36.000Z,2026-08-23 08:25:36,https://queue-times.com/parks/16/queue_times.json
2026-08-23T15:30:19.895Z,2026-08-23 08:30:19,2026-08-23,America/Los_Angeles,disneyland,Disneyland,Fantasyland,285,Alice in Wonderland,TRUE,10,2026-08-23T15:25:36.000Z,2026-08-23 08:25:36,https://queue-times.com/parks/16/queue_times.json
2026-08-23T15:30:19.895Z,2026-08-23 08:30:19,2026-08-23,America/Los_Angeles,disneyland,Disneyland,Fantasyland,16254,Bluey’s Best Day Ever! at Fantasyland Theatre,TRUE,0,2026-08-23T15:25:36.000Z,2026-08-23 08:25:36,https://queue-times.com/parks/16/queue_times.json
2026-08-23T15:30:19.895Z,2026-08-23 08:30:19,2026-08-23,America/Los_Angeles,disneyland,Disneyland,Fantasyland,303,Casey Jr. Circus Train,FALSE,0,2026-08-23T15:25:36.000Z,2026-08-23 08:25:36,https://queue-times.com/parks/16/queue_times.json
2026-08-23T15:30:19.895Z,2026-08-23 08:30:19,2026-08-23,America/Los_Angeles,disneyland,Disneyland,Fantasyland,275,Dumbo the Flying Elephant,TRUE,10,2026-08-23T15:25:36.000Z,2026-08-23 08:25:36,https://queue-times.com/parks/16/queue_times.json
2026-08-23T15:30:19.895Z,2026-08-23 08:30:19,2026-08-23,America/Los_Angeles,disneyland,Disneyland,Fantasyland,277,King Arthur Carrousel,TRUE,5,2026-08-23T15:25:36.000Z,2026-08-23 08:25:36,https://queue-times.com/parks/16/queue_times.json
2026-08-23T15:30:19.895Z,2026-08-23 08:30:19,2026-08-23,America/Los_Angeles,disneyland,Disneyland,Fantasyland,278,Mad Tea Party,TRUE,5,2026-08-23T15:25:36.000Z,2026-08-23 08:25:36,https://queue-times.com/parks/16/queue_times.json
2026-08-23T15:30:19.895Z,2026-08-23 08:30:19,2026-08-23,America/Los_Angeles,disneyland,Disneyland,Fantasyland,279,Matterhorn Bobsleds,TRUE,5,2026-08-23T15:25:36.000Z,2026-08-23 08:25:36,https://queue-times.com/parks/16/queue_times.json
2026-08-23T15:30:19.895Z,2026-08-23 08:30:19,2026-08-23,America/Los_Angeles,disneyland,Disneyland,Fantasyland,6711,Meet Disney Princesses at Royal Hall,FALSE,0,2026-08-23T15:25:36.000Z,2026-08-23 08:25:36,https://queue-times.com/parks/16/queue_times.json
2026-08-23T15:30:19.895Z,2026-08-23 08:30:19,2026-08-23,America/Los_Angeles,disneyland,Disneyland,Fantasyland,280,Mr. Toad's Wild Ride,TRUE,5,2026-08-23T15:25:36.000Z,2026-08-23 08:25:36,https://queue-times.com/parks/16/queue_times.json
2026-08-23T15:30:19.895Z,2026-08-23 08:30:19,2026-08-23,America/Los_Angeles,disneyland,Disneyland,Fantasyland,281,Peter Pan's Flight,TRUE,30,2026-08-23T15:25:36.000Z,2026-08-23 08:25:36,https://queue-times.com/parks/16/queue_times.json
2026-08-23T15:30:19.895Z,2026-08-23 08:30:19,2026-08-23,America/Los_Angeles,disneyland,Disneyland,Fantasyland,282,Pinocchio's Daring Journey,TRUE,5,2026-08-23T15:25:36.000Z,2026-08-23 08:25:36,https://queue-times.com/parks/16/queue_times.json
2026-08-23T15:30:19.895Z,2026-08-23 08:30:19,2026-08-23,America/Los_Angeles,disneyland,Disneyland,Fantasyland,687,Sleeping Beauty Castle Walkthrough,FALSE,0,2026-08-23T15:25:36.000Z,2026-08-23 08:25:36,https://queue-times.com/parks/16/queue_times.json
2026-08-23T15:30:19.895Z,2026-08-23 08:30:19,2026-08-23,America/Los_Angeles,disneyland,Disneyland,Fantasyland,283,Snow White's Enchanted Wish,TRUE,5,2026-08-23T15:25:36.000Z,2026-08-23 08:25:36,https://queue-times.com/parks/16/queue_times.json
2026-08-23T15:30:19.895Z,2026-08-23 08:30:19,2026-08-23,America/Los_Angeles,disneyland,Disneyland,Fantasyland,305,Storybook Land Canal Boats,TRUE,5,2026-08-23T15:25:36.000Z,2026-08-23 08:25:36,https://queue-times.com/parks/16/queue_times.json
2026-08-23T15:30:19.895Z,2026-08-23 08:30:19,2026-08-23,America/Los_Angeles,disneyland,Disneyland,Frontierland,323,Big Thunder Mountain Railroad,TRUE,5,2026-08-23T15:25:36.000Z,2026-08-23 08:25:36,https://queue-times.com/parks/16/queue_times.json
2026-08-23T15:30:19.895Z,2026-08-23 08:30:19,2026-08-23,America/Los_Angeles,disneyland,Disneyland,Frontierland,679,Frontierland Shootin' Exposition,FALSE,0,2026-08-23T15:25:36.000Z,2026-08-23 08:25:36,https://queue-times.com/parks/16/queue_times.json
2026-08-23T15:30:19.895Z,2026-08-23 08:30:19,2026-08-23,America/Los_Angeles,disneyland,Disneyland,Frontierland,456,Mark Twain Riverboat,FALSE,0,2026-08-23T15:25:36.000Z,2026-08-23 08:25:36,https://queue-times.com/parks/16/queue_times.json
2026-08-23T15:30:19.895Z,2026-08-23 08:30:19,2026-08-23,America/Los_Angeles,disneyland,Disneyland,Frontierland,331,Pirate's Lair on Tom Sawyer Island,FALSE,0,2026-08-23T15:25:36.000Z,2026-08-23 08:25:36,https://queue-times.com/parks/16/queue_times.json
2026-08-23T15:30:19.895Z,2026-08-23 08:30:19,2026-08-23,America/Los_Angeles,disneyland,Disneyland,Frontierland,328,Sailing Ship Columbia,FALSE,0,2026-08-23T15:25:36.000Z,2026-08-23 08:25:36,https://queue-times.com/parks/16/queue_times.json
2026-08-23T15:30:19.895Z,2026-08-23 08:30:19,2026-08-23,America/Los_Angeles,disneyland,Disneyland,Main Street U.S.A,674,Disneyland Railroad,TRUE,0,2026-08-23T15:25:36.000Z,2026-08-23 08:25:36,https://queue-times.com/parks/16/queue_times.json
2026-08-23T15:30:19.895Z,2026-08-23 08:30:19,2026-08-23,America/Los_Angeles,disneyland,Disneyland,Main Street U.S.A,690,Great Moments with Mr. Lincoln,TRUE,0,2026-08-23T15:25:36.000Z,2026-08-23 08:25:36,https://queue-times.com/parks/16/queue_times.json
2026-08-23T15:30:19.895Z,2026-08-23 08:30:19,2026-08-23,America/Los_Angeles,disneyland,Disneyland,Main Street U.S.A,686,Main Street Cinema,FALSE,0,2026-08-23T15:25:36.000Z,2026-08-23 08:25:36,https://queue-times.com/parks/16/queue_times.json
2026-08-23T15:30:19.895Z,2026-08-23 08:30:19,2026-08-23,America/Los_Angeles,disneyland,Disneyland,Main Street U.S.A,691,Main Street Vehicles,TRUE,0,2026-08-23T15:25:36.000Z,2026-08-23 08:25:36,https://queue-times.com/parks/16/queue_times.json
2026-08-23T15:30:19.895Z,2026-08-23 08:30:19,2026-08-23,America/Los_Angeles,disneyland,Disneyland,Main Street U.S.A,14915,Opera House - Walt Disney - A Magical Life,TRUE,0,2026-08-23T15:25:36.000Z,2026-08-23 08:25:36,https://queue-times.com/parks/16/queue_times.json
2026-08-23T15:30:19.895Z,2026-08-23 08:30:19,2026-08-23,America/Los_Angeles,disneyland,Disneyland,Main Street U.S.A,695,The Disney Gallery,TRUE,0,2026-08-23T15:25:36.000Z,2026-08-23 08:25:36,https://queue-times.com/parks/16/queue_times.json
2026-08-23T15:30:19.895Z,2026-08-23 08:30:19,2026-08-23,America/Los_Angeles,disneyland,Disneyland,Main Street U.S.A,14923,Walt Disney - A Magical Life,FALSE,0,2026-08-23T15:25:36.000Z,2026-08-23 08:25:36,https://queue-times.com/parks/16/queue_times.json
2026-08-23T15:30:19.895Z,2026-08-23 08:30:19,2026-08-23,America/Los_Angeles,disneyland,Disneyland,Mickey's Toontown,324,Chip 'n' Dale's GADGETcoaster,TRUE,5,2026-08-23T15:25:36.000Z,2026-08-23 08:25:36,https://queue-times.com/parks/16/queue_times.json
2026-08-23T15:30:19.895Z,2026-08-23 08:30:19,2026-08-23,America/Los_Angeles,disneyland,Disneyland,Mickey's Toontown,13814,Donald's Duck Pond,TRUE,0,2026-08-23T15:25:36.000Z,2026-08-23 08:25:36,https://queue-times.com/parks/16/queue_times.json
2026-08-23T15:30:19.895Z,2026-08-23 08:30:19,2026-08-23,America/Los_Angeles,disneyland,Disneyland,Mickey's Toontown,11980,Goofy's How-to-Play Yard,TRUE,0,2026-08-23T15:25:36.000Z,2026-08-23 08:25:36,https://queue-times.com/parks/16/queue_times.json
2026-08-23T15:30:19.895Z,2026-08-23 08:30:19,2026-08-23,America/Los_Angeles,disneyland,Disneyland,Mickey's Toontown,11526,Mickey & Minnie's Runaway Railway,FALSE,0,2026-08-23T15:25:36.000Z,2026-08-23 08:25:36,https://queue-times.com/parks/16/queue_times.json
2026-08-23T15:30:19.895Z,2026-08-23 08:30:19,2026-08-23,America/Los_Angeles,disneyland,Disneyland,Mickey's Toontown,709,Mickey's House and Meet Mickey Mouse,TRUE,0,2026-08-23T15:25:36.000Z,2026-08-23 08:25:36,https://queue-times.com/parks/16/queue_times.json
2026-08-23T15:30:19.895Z,2026-08-23 08:30:19,2026-08-23,America/Los_Angeles,disneyland,Disneyland,Mickey's Toontown,327,Mickey's House and Meet Mickey Mouse,FALSE,0,2026-08-23T15:25:36.000Z,2026-08-23 08:25:36,https://queue-times.com/parks/16/queue_times.json
2026-08-23T15:30:19.895Z,2026-08-23 08:30:19,2026-08-23,America/Los_Angeles,disneyland,Disneyland,Mickey's Toontown,684,Minnie's House,FALSE,0,2026-08-23T15:25:36.000Z,2026-08-23 08:25:36,https://queue-times.com/parks/16/queue_times.json
2026-08-23T15:30:19.895Z,2026-08-23 08:30:19,2026-08-23,America/Los_Angeles,disneyland,Disneyland,Mickey's Toontown,332,Roger Rabbit's Car Toon Spin,TRUE,5,2026-08-23T15:25:36.000Z,2026-08-23 08:25:36,https://queue-times.com/parks/16/queue_times.json
2026-08-23T15:30:19.895Z,2026-08-23 08:30:19,2026-08-23,America/Los_Angeles,disneyland,Disneyland,New Orleans Square,13958,Haunted Mansion,FALSE,0,2026-08-21T05:25:59.000Z,2026-08-20 22:25:59,https://queue-times.com/parks/16/queue_times.json
2026-08-23T15:30:19.895Z,2026-08-23 08:30:19,2026-08-23,America/Los_Angeles,disneyland,Disneyland,New Orleans Square,325,Haunted Mansion Holiday,TRUE,45,2026-08-23T15:25:36.000Z,2026-08-23 08:25:36,https://queue-times.com/parks/16/queue_times.json
2026-08-23T15:30:19.895Z,2026-08-23 08:30:19,2026-08-23,America/Los_Angeles,disneyland,Disneyland,New Orleans Square,289,Pirates of the Caribbean,TRUE,5,2026-08-23T15:25:36.000Z,2026-08-23 08:25:36,https://queue-times.com/parks/16/queue_times.json
2026-08-23T15:30:19.895Z,2026-08-23 08:30:19,2026-08-23,America/Los_Angeles,disneyland,Disneyland,Star Wars: Galaxy's Edge,6339,Millennium Falcon: Smugglers Run,TRUE,5,2026-08-23T15:25:36.000Z,2026-08-23 08:25:36,https://queue-times.com/parks/16/queue_times.json
2026-08-23T15:30:19.895Z,2026-08-23 08:30:19,2026-08-23,America/Los_Angeles,disneyland,Disneyland,Star Wars: Galaxy's Edge,10903,Millennium Falcon: Smugglers Run Single Rider,TRUE,0,2026-08-23T15:25:36.000Z,2026-08-23 08:25:36,https://queue-times.com/parks/16/queue_times.json
2026-08-23T15:30:19.895Z,2026-08-23 08:30:19,2026-08-23,America/Los_Angeles,disneyland,Disneyland,Star Wars: Galaxy's Edge,6340,Star Wars: Rise of the Resistance,FALSE,0,2026-08-23T15:25:36.000Z,2026-08-23 08:25:36,https://queue-times.com/parks/16/queue_times.json
2026-08-23T15:30:19.895Z,2026-08-23 08:30:19,2026-08-23,America/Los_Angeles,disneyland,Disneyland,Tomorrowland,287,Astro Orbitor,TRUE,5,2026-08-23T15:25:36.000Z,2026-08-23 08:25:36,https://queue-times.com/parks/16/queue_times.json
2026-08-23T15:30:19.895Z,2026-08-23 08:30:19,2026-08-23,America/Los_Angeles,disneyland,Disneyland,Tomorrowland,317,Autopia,TRUE,5,2026-08-23T15:25:36.000Z,2026-08-23 08:25:36,https://queue-times.com/parks/16/queue_times.json
2026-08-23T15:30:19.895Z,2026-08-23 08:30:19,2026-08-23,America/Los_Angeles,disneyland,Disneyland,Tomorrowland,273,Buzz Lightyear Astro Blasters,TRUE,5,2026-08-23T15:25:36.000Z,2026-08-23 08:25:36,https://queue-times.com/parks/16/queue_times.json
2026-08-23T15:30:19.895Z,2026-08-23 08:30:19,2026-08-23,America/Los_Angeles,disneyland,Disneyland,Tomorrowland,274,Disneyland Monorail,TRUE,5,2026-08-23T15:25:36.000Z,2026-08-23 08:25:36,https://queue-times.com/parks/16/queue_times.json
2026-08-23T15:30:19.895Z,2026-08-23 08:30:19,2026-08-23,America/Los_Angeles,disneyland,Disneyland,Tomorrowland,276,Finding Nemo Submarine Voyage,TRUE,5,2026-08-23T15:25:36.000Z,2026-08-23 08:25:36,https://queue-times.com/parks/16/queue_times.json
2026-08-23T15:30:19.895Z,2026-08-23 08:30:19,2026-08-23,America/Los_Angeles,disneyland,Disneyland,Tomorrowland,16627,Pixar Short Film Spotlight,FALSE,0,2026-08-23T15:25:36.000Z,2026-08-23 08:25:36,https://queue-times.com/parks/16/queue_times.json
2026-08-23T15:30:19.895Z,2026-08-23 08:30:19,2026-08-23,America/Los_Angeles,disneyland,Disneyland,Tomorrowland,284,Space Mountain,TRUE,30,2026-08-23T15:25:36.000Z,2026-08-23 08:25:36,https://queue-times.com/parks/16/queue_times.json
2026-08-23T15:30:19.895Z,2026-08-23 08:30:19,2026-08-23,America/Los_Angeles,disneyland,Disneyland,Tomorrowland,286,Star Tours - The Adventures Continue,TRUE,5,2026-08-23T15:25:36.000Z,2026-08-23 08:25:36,https://queue-times.com/parks/16/queue_times.json
2026-08-23T15:30:19.895Z,2026-08-23 08:30:19,2026-08-23,America/Los_Angeles,dca,Disney California Adventure,Avengers Campus,329,Guardians of the Galaxy - Mission: BREAKOUT!,FALSE,0,2026-08-23T15:25:36.000Z,2026-08-23 08:25:36,https://queue-times.com/parks/17/queue_times.json
2026-08-23T15:30:19.895Z,2026-08-23 08:30:19,2026-08-23,America/Los_Angeles,dca,Disney California Adventure,Avengers Campus,8843,WEB SLINGERS: A Spider-Man Adventure,TRUE,5,2026-08-23T15:25:36.000Z,2026-08-23 08:25:36,https://queue-times.com/parks/17/queue_times.json
2026-08-23T15:30:19.895Z,2026-08-23 08:30:19,2026-08-23,America/Los_Angeles,dca,Disney California Adventure,Avengers Campus,10907,WEB SLINGERS: A Spider-Man Adventure Single Rider,TRUE,0,2026-08-23T15:25:36.000Z,2026-08-23 08:25:36,https://queue-times.com/parks/17/queue_times.json
2026-08-23T15:30:19.895Z,2026-08-23 08:30:19,2026-08-23,America/Los_Angeles,dca,Disney California Adventure,Cars Land,2608,Luigi's Honkin' Haul-O-Ween,TRUE,5,2026-08-23T15:25:36.000Z,2026-08-23 08:25:36,https://queue-times.com/parks/17/queue_times.json
2026-08-23T15:30:19.895Z,2026-08-23 08:30:19,2026-08-23,America/Los_Angeles,dca,Disney California Adventure,Cars Land,13961,Luigi's Rollickin' Roadsters,FALSE,0,2026-08-18T08:55:45.000Z,2026-08-18 01:55:45,https://queue-times.com/parks/17/queue_times.json
2026-08-23T15:30:19.895Z,2026-08-23 08:30:19,2026-08-23,America/Los_Angeles,dca,Disney California Adventure,Cars Land,315,Mater's Junkyard Jamboree,FALSE,0,2026-08-18T08:55:45.000Z,2026-08-18 01:55:45,https://queue-times.com/parks/17/queue_times.json
2026-08-23T15:30:19.895Z,2026-08-23 08:30:19,2026-08-23,America/Los_Angeles,dca,Disney California Adventure,Cars Land,295,Radiator Springs Racers,TRUE,45,2026-08-23T15:25:36.000Z,2026-08-23 08:25:36,https://queue-times.com/parks/17/queue_times.json
2026-08-23T15:30:19.895Z,2026-08-23 08:30:19,2026-08-23,America/Los_Angeles,dca,Disney California Adventure,Cars Land,10904,Radiator Springs Racers Single Rider,TRUE,0,2026-08-23T15:25:36.000Z,2026-08-23 08:25:36,https://queue-times.com/parks/17/queue_times.json
2026-08-23T15:30:19.895Z,2026-08-23 08:30:19,2026-08-23,America/Los_Angeles,dca,Disney California Adventure,Grizzly Peak,302,Grizzly River Run,TRUE,5,2026-08-23T15:25:36.000Z,2026-08-23 08:25:36,https://queue-times.com/parks/17/queue_times.json
2026-08-23T15:30:19.895Z,2026-08-23 08:30:19,2026-08-23,America/Los_Angeles,dca,Disney California Adventure,Grizzly Peak,293,Redwood Creek Challenge Trail,FALSE,0,2026-08-23T15:25:36.000Z,2026-08-23 08:25:36,https://queue-times.com/parks/17/queue_times.json
2026-08-23T15:30:19.895Z,2026-08-23 08:30:19,2026-08-23,America/Los_Angeles,dca,Disney California Adventure,Grizzly Peak,17129,Soarin’ Across America,TRUE,10,2026-08-23T15:25:36.000Z,2026-08-23 08:25:36,https://queue-times.com/parks/17/queue_times.json
2026-08-23T15:30:19.895Z,2026-08-23 08:30:19,2026-08-23,America/Los_Angeles,dca,Disney California Adventure,Hollywood Land,321,Animation Academy,TRUE,0,2026-08-23T15:25:36.000Z,2026-08-23 08:25:36,https://queue-times.com/parks/17/queue_times.json
2026-08-23T15:30:19.895Z,2026-08-23 08:30:19,2026-08-23,America/Los_Angeles,dca,Disney California Adventure,Hollywood Land,6440,Mickey's PhilharMagic,FALSE,0,2026-08-23T15:25:36.000Z,2026-08-23 08:25:36,https://queue-times.com/parks/17/queue_times.json
2026-08-23T15:30:19.895Z,2026-08-23 08:30:19,2026-08-23,America/Los_Angeles,dca,Disney California Adventure,Hollywood Land,291,"Monsters, Inc. Mike & Sulley to the Rescue!",TRUE,5,2026-08-23T15:25:36.000Z,2026-08-23 08:25:36,https://queue-times.com/parks/17/queue_times.json
2026-08-23T15:30:19.895Z,2026-08-23 08:30:19,2026-08-23,America/Los_Angeles,dca,Disney California Adventure,Hollywood Land,868,Sorcerer's Workshop,TRUE,0,2026-08-23T15:25:36.000Z,2026-08-23 08:25:36,https://queue-times.com/parks/17/queue_times.json
2026-08-23T15:30:19.895Z,2026-08-23 08:30:19,2026-08-23,America/Los_Angeles,dca,Disney California Adventure,Hollywood Land,294,Turtle Talk with Crush,TRUE,0,2026-08-23T15:25:36.000Z,2026-08-23 08:25:36,https://queue-times.com/parks/17/queue_times.json
2026-08-23T15:30:19.895Z,2026-08-23 08:30:19,2026-08-23,America/Los_Angeles,dca,Disney California Adventure,Pacific Wharf,869,The Bakery Tour,TRUE,0,2026-08-23T15:25:36.000Z,2026-08-23 08:25:36,https://queue-times.com/parks/17/queue_times.json
2026-08-23T15:30:19.895Z,2026-08-23 08:30:19,2026-08-23,America/Los_Angeles,dca,Disney California Adventure,Paradise Gardens Park,298,Golden Zephyr,FALSE,0,2026-08-23T15:25:36.000Z,2026-08-23 08:25:36,https://queue-times.com/parks/17/queue_times.json
2026-08-23T15:30:19.895Z,2026-08-23 08:30:19,2026-08-23,America/Los_Angeles,dca,Disney California Adventure,Paradise Gardens Park,319,Goofy's Sky School,TRUE,5,2026-08-23T15:25:36.000Z,2026-08-23 08:25:36,https://queue-times.com/parks/17/queue_times.json
2026-08-23T15:30:19.895Z,2026-08-23 08:30:19,2026-08-23,America/Los_Angeles,dca,Disney California Adventure,Paradise Gardens Park,301,Silly Symphony Swings,FALSE,0,2026-08-23T15:25:36.000Z,2026-08-23 08:25:36,https://queue-times.com/parks/17/queue_times.json
2026-08-23T15:30:19.895Z,2026-08-23 08:30:19,2026-08-23,America/Los_Angeles,dca,Disney California Adventure,Paradise Gardens Park,316,The Little Mermaid - Ariel's Undersea Adventure,TRUE,5,2026-08-23T15:25:36.000Z,2026-08-23 08:25:36,https://queue-times.com/parks/17/queue_times.json
2026-08-23T15:30:19.895Z,2026-08-23 08:30:19,2026-08-23,America/Los_Angeles,dca,Disney California Adventure,Paradise Gardens Park,11528,World of Color – ONE,FALSE,0,2026-08-23T15:25:36.000Z,2026-08-23 08:25:36,https://queue-times.com/parks/17/queue_times.json
2026-08-23T15:30:19.895Z,2026-08-23 08:30:19,2026-08-23,America/Los_Angeles,dca,Disney California Adventure,Pixar Pier,866,Games of Pixar Pier,TRUE,0,2026-08-23T15:25:36.000Z,2026-08-23 08:25:36,https://queue-times.com/parks/17/queue_times.json
2026-08-23T15:30:19.895Z,2026-08-23 08:30:19,2026-08-23,America/Los_Angeles,dca,Disney California Adventure,Pixar Pier,322,Incredicoaster,TRUE,5,2026-08-23T15:25:36.000Z,2026-08-23 08:25:36,https://queue-times.com/parks/17/queue_times.json
2026-08-23T15:30:19.895Z,2026-08-23 08:30:19,2026-08-23,America/Los_Angeles,dca,Disney California Adventure,Pixar Pier,10906,Incredicoaster Single Rider,TRUE,0,2026-08-23T15:25:36.000Z,2026-08-23 08:25:36,https://queue-times.com/parks/17/queue_times.json
2026-08-23T15:30:19.895Z,2026-08-23 08:30:19,2026-08-23,America/Los_Angeles,dca,Disney California Adventure,Pixar Pier,6643,Inside Out Emotional Whirlwind,TRUE,5,2026-08-23T15:25:36.000Z,2026-08-23 08:25:36,https://queue-times.com/parks/17/queue_times.json
2026-08-23T15:30:19.895Z,2026-08-23 08:30:19,2026-08-23,America/Los_Angeles,dca,Disney California Adventure,Pixar Pier,310,Jessie's Critter Carousel,TRUE,5,2026-08-23T15:25:36.000Z,2026-08-23 08:25:36,https://queue-times.com/parks/17/queue_times.json
2026-08-23T15:30:19.895Z,2026-08-23 08:30:19,2026-08-23,America/Los_Angeles,dca,Disney California Adventure,Pixar Pier,300,Jumpin' Jellyfish,TRUE,5,2026-08-23T15:25:36.000Z,2026-08-23 08:25:36,https://queue-times.com/parks/17/queue_times.json
2026-08-23T15:30:19.895Z,2026-08-23 08:30:19,2026-08-23,America/Los_Angeles,dca,Disney California Adventure,Pixar Pier,311,Pixar Pal-A-Round - Swinging,TRUE,0,2026-08-23T15:25:36.000Z,2026-08-23 08:25:36,https://queue-times.com/parks/17/queue_times.json
2026-08-23T15:30:19.895Z,2026-08-23 08:30:19,2026-08-23,America/Los_Angeles,dca,Disney California Adventure,Pixar Pier,5557,Pixar Pal-A-Round – Non-Swinging,TRUE,0,2026-08-23T15:25:36.000Z,2026-08-23 08:25:36,https://queue-times.com/parks/17/queue_times.json
2026-08-23T15:30:19.895Z,2026-08-23 08:30:19,2026-08-23,America/Los_Angeles,dca,Disney California Adventure,Pixar Pier,313,Toy Story Midway Mania!,TRUE,5,2026-08-23T15:25:36.000Z,2026-08-23 08:25:36,https://queue-times.com/parks/17/queue_times.json
2026-08-23T15:30:19.895Z,2026-08-23 08:30:19,2026-08-23,America/Los_Angeles,dca,Disney California Adventure,Halloween,5146,Guardians of the Galaxy - Monsters After Dark,FALSE,0,2026-08-23T15:25:36.000Z,2026-08-23 08:25:36,https://queue-times.com/parks/17/queue_times.json
2026-08-23T15:30:19.895Z,2026-08-23 08:30:19,2026-08-23,America/Los_Angeles,dca,Disney California Adventure,Halloween,4723,Mater's Graveyard JamBOOree,TRUE,5,2026-08-23T15:25:36.000Z,2026-08-23 08:25:36,https://queue-times.com/parks/17/queue_times.json
2026-08-23T15:30:19.895Z,2026-08-23 08:30:19,2026-08-23,America/Los_Angeles,dca,Disney California Adventure,Halloween,7292,Villains Grove at Oogie Boogie Bash,FALSE,0,2026-08-23T15:25:36.000Z,2026-08-23 08:25:36,https://queue-times.com/parks/17/queue_times.json
2026-08-23T15:42:21.497Z,2026-08-23 08:42:21,2026-08-23,America/Los_Angeles,disneyland,Disneyland,Adventureland,12428,Adventureland Treehouse inspired by Walt Disney’s Swiss Family Robinson,TRUE,0,2026-08-23T15:40:39.000Z,2026-08-23 08:40:39,https://queue-times.com/parks/16/queue_times.json
2026-08-23T15:42:21.497Z,2026-08-23 08:42:21,2026-08-23,America/Los_Angeles,disneyland,Disneyland,Adventureland,326,Indiana Jones™ Adventure,FALSE,0,2026-08-23T15:40:39.000Z,2026-08-23 08:40:39,https://queue-times.com/parks/16/queue_times.json
2026-08-23T15:42:21.497Z,2026-08-23 08:42:21,2026-08-23,America/Los_Angeles,disneyland,Disneyland,Adventureland,296,Jungle Cruise,TRUE,5,2026-08-23T15:40:39.000Z,2026-08-23 08:40:39,https://queue-times.com/parks/16/queue_times.json
2026-08-23T15:42:21.497Z,2026-08-23 08:42:21,2026-08-23,America/Los_Angeles,disneyland,Disneyland,Adventureland,288,Walt Disney's Enchanted Tiki Room,TRUE,0,2026-08-23T15:40:39.000Z,2026-08-23 08:40:39,https://queue-times.com/parks/16/queue_times.json
2026-08-23T15:42:21.497Z,2026-08-23 08:42:21,2026-08-23,America/Los_Angeles,disneyland,Disneyland,Bayou Country,304,Davy Crockett's Explorer Canoes,FALSE,0,2026-08-23T15:40:39.000Z,2026-08-23 08:40:39,https://queue-times.com/parks/16/queue_times.json
2026-08-23T15:42:21.497Z,2026-08-23 08:42:21,2026-08-23,America/Los_Angeles,disneyland,Disneyland,Bayou Country,306,The Many Adventures of Winnie the Pooh,TRUE,5,2026-08-23T15:40:39.000Z,2026-08-23 08:40:39,https://queue-times.com/parks/16/queue_times.json
2026-08-23T15:42:21.497Z,2026-08-23 08:42:21,2026-08-23,America/Los_Angeles,disneyland,Disneyland,Bayou Country,14168,Tiana's Bayou Adventure,TRUE,5,2026-08-23T15:40:39.000Z,2026-08-23 08:40:39,https://queue-times.com/parks/16/queue_times.json
2026-08-23T15:42:21.497Z,2026-08-23 08:42:21,2026-08-23,America/Los_Angeles,disneyland,Disneyland,Bayou Country,14326,Tiana's Bayou Adventure Single Rider,TRUE,0,2026-08-23T15:40:39.000Z,2026-08-23 08:40:39,https://queue-times.com/parks/16/queue_times.json
2026-08-23T15:42:21.497Z,2026-08-23 08:42:21,2026-08-23,America/Los_Angeles,disneyland,Disneyland,Fantasyland,307,"""it's a small world""",TRUE,5,2026-08-23T15:40:39.000Z,2026-08-23 08:40:39,https://queue-times.com/parks/16/queue_times.json
2026-08-23T15:42:21.497Z,2026-08-23 08:42:21,2026-08-23,America/Los_Angeles,disneyland,Disneyland,Fantasyland,285,Alice in Wonderland,TRUE,10,2026-08-23T15:40:39.000Z,2026-08-23 08:40:39,https://queue-times.com/parks/16/queue_times.json
2026-08-23T15:42:21.497Z,2026-08-23 08:42:21,2026-08-23,America/Los_Angeles,disneyland,Disneyland,Fantasyland,16254,Bluey’s Best Day Ever! at Fantasyland Theatre,TRUE,0,2026-08-23T15:40:39.000Z,2026-08-23 08:40:39,https://queue-times.com/parks/16/queue_times.json
2026-08-23T15:42:21.497Z,2026-08-23 08:42:21,2026-08-23,America/Los_Angeles,disneyland,Disneyland,Fantasyland,303,Casey Jr. Circus Train,FALSE,0,2026-08-23T15:40:39.000Z,2026-08-23 08:40:39,https://queue-times.com/parks/16/queue_times.json
2026-08-23T15:42:21.497Z,2026-08-23 08:42:21,2026-08-23,America/Los_Angeles,disneyland,Disneyland,Fantasyland,275,Dumbo the Flying Elephant,TRUE,10,2026-08-23T15:40:39.000Z,2026-08-23 08:40:39,https://queue-times.com/parks/16/queue_times.json
2026-08-23T15:42:21.497Z,2026-08-23 08:42:21,2026-08-23,America/Los_Angeles,disneyland,Disneyland,Fantasyland,277,King Arthur Carrousel,TRUE,5,2026-08-23T15:40:39.000Z,2026-08-23 08:40:39,https://queue-times.com/parks/16/queue_times.json
2026-08-23T15:42:21.497Z,2026-08-23 08:42:21,2026-08-23,America/Los_Angeles,disneyland,Disneyland,Fantasyland,278,Mad Tea Party,TRUE,5,2026-08-23T15:40:39.000Z,2026-08-23 08:40:39,https://queue-times.com/parks/16/queue_times.json
2026-08-23T15:42:21.497Z,2026-08-23 08:42:21,2026-08-23,America/Los_Angeles,disneyland,Disneyland,Fantasyland,279,Matterhorn Bobsleds,TRUE,5,2026-08-23T15:40:39.000Z,2026-08-23 08:40:39,https://queue-times.com/parks/16/queue_times.json
2026-08-23T15:42:21.497Z,2026-08-23 08:42:21,2026-08-23,America/Los_Angeles,disneyland,Disneyland,Fantasyland,6711,Meet Disney Princesses at Royal Hall,FALSE,0,2026-08-23T15:40:39.000Z,2026-08-23 08:40:39,https://queue-times.com/parks/16/queue_times.json
2026-08-23T15:42:21.497Z,2026-08-23 08:42:21,2026-08-23,America/Los_Angeles,disneyland,Disneyland,Fantasyland,280,Mr. Toad's Wild Ride,TRUE,5,2026-08-23T15:40:39.000Z,2026-08-23 08:40:39,https://queue-times.com/parks/16/queue_times.json
2026-08-23T15:42:21.497Z,2026-08-23 08:42:21,2026-08-23,America/Los_Angeles,disneyland,Disneyland,Fantasyland,281,Peter Pan's Flight,TRUE,30,2026-08-23T15:40:39.000Z,2026-08-23 08:40:39,https://queue-times.com/parks/16/queue_times.json
2026-08-23T15:42:21.497Z,2026-08-23 08:42:21,2026-08-23,America/Los_Angeles,disneyland,Disneyland,Fantasyland,282,Pinocchio's Daring Journey,TRUE,5,2026-08-23T15:40:39.000Z,2026-08-23 08:40:39,https://queue-times.com/parks/16/queue_times.json
2026-08-23T15:42:21.497Z,2026-08-23 08:42:21,2026-08-23,America/Los_Angeles,disneyland,Disneyland,Fantasyland,687,Sleeping Beauty Castle Walkthrough,FALSE,0,2026-08-23T15:40:39.000Z,2026-08-23 08:40:39,https://queue-times.com/parks/16/queue_times.json
2026-08-23T15:42:21.497Z,2026-08-23 08:42:21,2026-08-23,America/Los_Angeles,disneyland,Disneyland,Fantasyland,283,Snow White's Enchanted Wish,TRUE,5,2026-08-23T15:40:39.000Z,2026-08-23 08:40:39,https://queue-times.com/parks/16/queue_times.json
2026-08-23T15:42:21.497Z,2026-08-23 08:42:21,2026-08-23,America/Los_Angeles,disneyland,Disneyland,Fantasyland,305,Storybook Land Canal Boats,TRUE,20,2026-08-23T15:40:39.000Z,2026-08-23 08:40:39,https://queue-times.com/parks/16/queue_times.json
2026-08-23T15:42:21.497Z,2026-08-23 08:42:21,2026-08-23,America/Los_Angeles,disneyland,Disneyland,Frontierland,323,Big Thunder Mountain Railroad,TRUE,5,2026-08-23T15:40:39.000Z,2026-08-23 08:40:39,https://queue-times.com/parks/16/queue_times.json
2026-08-23T15:42:21.497Z,2026-08-23 08:42:21,2026-08-23,America/Los_Angeles,disneyland,Disneyland,Frontierland,679,Frontierland Shootin' Exposition,FALSE,0,2026-08-23T15:40:39.000Z,2026-08-23 08:40:39,https://queue-times.com/parks/16/queue_times.json
2026-08-23T15:42:21.497Z,2026-08-23 08:42:21,2026-08-23,America/Los_Angeles,disneyland,Disneyland,Frontierland,456,Mark Twain Riverboat,FALSE,0,2026-08-23T15:40:39.000Z,2026-08-23 08:40:39,https://queue-times.com/parks/16/queue_times.json
2026-08-23T15:42:21.497Z,2026-08-23 08:42:21,2026-08-23,America/Los_Angeles,disneyland,Disneyland,Frontierland,331,Pirate's Lair on Tom Sawyer Island,FALSE,0,2026-08-23T15:40:39.000Z,2026-08-23 08:40:39,https://queue-times.com/parks/16/queue_times.json
2026-08-23T15:42:21.497Z,2026-08-23 08:42:21,2026-08-23,America/Los_Angeles,disneyland,Disneyland,Frontierland,328,Sailing Ship Columbia,FALSE,0,2026-08-23T15:40:39.000Z,2026-08-23 08:40:39,https://queue-times.com/parks/16/queue_times.json
2026-08-23T15:42:21.497Z,2026-08-23 08:42:21,2026-08-23,America/Los_Angeles,disneyland,Disneyland,Main Street U.S.A,674,Disneyland Railroad,TRUE,5,2026-08-23T15:40:39.000Z,2026-08-23 08:40:39,https://queue-times.com/parks/16/queue_times.json
2026-08-23T15:42:21.497Z,2026-08-23 08:42:21,2026-08-23,America/Los_Angeles,disneyland,Disneyland,Main Street U.S.A,690,Great Moments with Mr. Lincoln,TRUE,0,2026-08-23T15:40:39.000Z,2026-08-23 08:40:39,https://queue-times.com/parks/16/queue_times.json
2026-08-23T15:42:21.497Z,2026-08-23 08:42:21,2026-08-23,America/Los_Angeles,disneyland,Disneyland,Main Street U.S.A,686,Main Street Cinema,FALSE,0,2026-08-23T15:40:39.000Z,2026-08-23 08:40:39,https://queue-times.com/parks/16/queue_times.json
2026-08-23T15:42:21.497Z,2026-08-23 08:42:21,2026-08-23,America/Los_Angeles,disneyland,Disneyland,Main Street U.S.A,691,Main Street Vehicles,TRUE,0,2026-08-23T15:40:39.000Z,2026-08-23 08:40:39,https://queue-times.com/parks/16/queue_times.json
2026-08-23T15:42:21.497Z,2026-08-23 08:42:21,2026-08-23,America/Los_Angeles,disneyland,Disneyland,Main Street U.S.A,14915,Opera House - Walt Disney - A Magical Life,TRUE,0,2026-08-23T15:40:39.000Z,2026-08-23 08:40:39,https://queue-times.com/parks/16/queue_times.json
2026-08-23T15:42:21.497Z,2026-08-23 08:42:21,2026-08-23,America/Los_Angeles,disneyland,Disneyland,Main Street U.S.A,695,The Disney Gallery,TRUE,0,2026-08-23T15:40:39.000Z,2026-08-23 08:40:39,https://queue-times.com/parks/16/queue_times.json
2026-08-23T15:42:21.497Z,2026-08-23 08:42:21,2026-08-23,America/Los_Angeles,disneyland,Disneyland,Main Street U.S.A,14923,Walt Disney - A Magical Life,FALSE,0,2026-08-23T15:40:39.000Z,2026-08-23 08:40:39,https://queue-times.com/parks/16/queue_times.json
2026-08-23T15:42:21.497Z,2026-08-23 08:42:21,2026-08-23,America/Los_Angeles,disneyland,Disneyland,Mickey's Toontown,324,Chip 'n' Dale's GADGETcoaster,TRUE,5,2026-08-23T15:40:39.000Z,2026-08-23 08:40:39,https://queue-times.com/parks/16/queue_times.json
2026-08-23T15:42:21.497Z,2026-08-23 08:42:21,2026-08-23,America/Los_Angeles,disneyland,Disneyland,Mickey's Toontown,13814,Donald's Duck Pond,TRUE,0,2026-08-23T15:40:39.000Z,2026-08-23 08:40:39,https://queue-times.com/parks/16/queue_times.json
2026-08-23T15:42:21.497Z,2026-08-23 08:42:21,2026-08-23,America/Los_Angeles,disneyland,Disneyland,Mickey's Toontown,11980,Goofy's How-to-Play Yard,TRUE,0,2026-08-23T15:40:39.000Z,2026-08-23 08:40:39,https://queue-times.com/parks/16/queue_times.json
2026-08-23T15:42:21.497Z,2026-08-23 08:42:21,2026-08-23,America/Los_Angeles,disneyland,Disneyland,Mickey's Toontown,11526,Mickey & Minnie's Runaway Railway,FALSE,0,2026-08-23T15:40:39.000Z,2026-08-23 08:40:39,https://queue-times.com/parks/16/queue_times.json
2026-08-23T15:42:21.497Z,2026-08-23 08:42:21,2026-08-23,America/Los_Angeles,disneyland,Disneyland,Mickey's Toontown,709,Mickey's House and Meet Mickey Mouse,TRUE,5,2026-08-23T15:40:39.000Z,2026-08-23 08:40:39,https://queue-times.com/parks/16/queue_times.json
2026-08-23T15:42:21.497Z,2026-08-23 08:42:21,2026-08-23,America/Los_Angeles,disneyland,Disneyland,Mickey's Toontown,327,Mickey's House and Meet Mickey Mouse,FALSE,0,2026-08-23T15:40:39.000Z,2026-08-23 08:40:39,https://queue-times.com/parks/16/queue_times.json
2026-08-23T15:42:21.497Z,2026-08-23 08:42:21,2026-08-23,America/Los_Angeles,disneyland,Disneyland,Mickey's Toontown,684,Minnie's House,FALSE,0,2026-08-23T15:40:39.000Z,2026-08-23 08:40:39,https://queue-times.com/parks/16/queue_times.json
2026-08-23T15:42:21.497Z,2026-08-23 08:42:21,2026-08-23,America/Los_Angeles,disneyland,Disneyland,Mickey's Toontown,332,Roger Rabbit's Car Toon Spin,TRUE,5,2026-08-23T15:40:39.000Z,2026-08-23 08:40:39,https://queue-times.com/parks/16/queue_times.json
2026-08-23T15:42:21.497Z,2026-08-23 08:42:21,2026-08-23,America/Los_Angeles,disneyland,Disneyland,New Orleans Square,13958,Haunted Mansion,FALSE,0,2026-08-21T05:25:59.000Z,2026-08-20 22:25:59,https://queue-times.com/parks/16/queue_times.json
2026-08-23T15:42:21.497Z,2026-08-23 08:42:21,2026-08-23,America/Los_Angeles,disneyland,Disneyland,New Orleans Square,325,Haunted Mansion Holiday,TRUE,25,2026-08-23T15:40:39.000Z,2026-08-23 08:40:39,https://queue-times.com/parks/16/queue_times.json
2026-08-23T15:42:21.497Z,2026-08-23 08:42:21,2026-08-23,America/Los_Angeles,disneyland,Disneyland,New Orleans Square,289,Pirates of the Caribbean,TRUE,5,2026-08-23T15:40:39.000Z,2026-08-23 08:40:39,https://queue-times.com/parks/16/queue_times.json
2026-08-23T15:42:21.497Z,2026-08-23 08:42:21,2026-08-23,America/Los_Angeles,disneyland,Disneyland,Star Wars: Galaxy's Edge,6339,Millennium Falcon: Smugglers Run,TRUE,5,2026-08-23T15:40:39.000Z,2026-08-23 08:40:39,https://queue-times.com/parks/16/queue_times.json
2026-08-23T15:42:21.497Z,2026-08-23 08:42:21,2026-08-23,America/Los_Angeles,disneyland,Disneyland,Star Wars: Galaxy's Edge,10903,Millennium Falcon: Smugglers Run Single Rider,TRUE,0,2026-08-23T15:40:39.000Z,2026-08-23 08:40:39,https://queue-times.com/parks/16/queue_times.json
2026-08-23T15:42:21.497Z,2026-08-23 08:42:21,2026-08-23,America/Los_Angeles,disneyland,Disneyland,Star Wars: Galaxy's Edge,6340,Star Wars: Rise of the Resistance,TRUE,45,2026-08-23T15:40:39.000Z,2026-08-23 08:40:39,https://queue-times.com/parks/16/queue_times.json
2026-08-23T15:42:21.497Z,2026-08-23 08:42:21,2026-08-23,America/Los_Angeles,disneyland,Disneyland,Tomorrowland,287,Astro Orbitor,TRUE,5,2026-08-23T15:40:39.000Z,2026-08-23 08:40:39,https://queue-times.com/parks/16/queue_times.json
2026-08-23T15:42:21.497Z,2026-08-23 08:42:21,2026-08-23,America/Los_Angeles,disneyland,Disneyland,Tomorrowland,317,Autopia,TRUE,5,2026-08-23T15:40:39.000Z,2026-08-23 08:40:39,https://queue-times.com/parks/16/queue_times.json
2026-08-23T15:42:21.497Z,2026-08-23 08:42:21,2026-08-23,America/Los_Angeles,disneyland,Disneyland,Tomorrowland,273,Buzz Lightyear Astro Blasters,TRUE,5,2026-08-23T15:40:39.000Z,2026-08-23 08:40:39,https://queue-times.com/parks/16/queue_times.json
2026-08-23T15:42:21.497Z,2026-08-23 08:42:21,2026-08-23,America/Los_Angeles,disneyland,Disneyland,Tomorrowland,274,Disneyland Monorail,TRUE,5,2026-08-23T15:40:39.000Z,2026-08-23 08:40:39,https://queue-times.com/parks/16/queue_times.json
2026-08-23T15:42:21.497Z,2026-08-23 08:42:21,2026-08-23,America/Los_Angeles,disneyland,Disneyland,Tomorrowland,276,Finding Nemo Submarine Voyage,TRUE,5,2026-08-23T15:40:39.000Z,2026-08-23 08:40:39,https://queue-times.com/parks/16/queue_times.json
2026-08-23T15:42:21.497Z,2026-08-23 08:42:21,2026-08-23,America/Los_Angeles,disneyland,Disneyland,Tomorrowland,16627,Pixar Short Film Spotlight,FALSE,0,2026-08-23T15:40:39.000Z,2026-08-23 08:40:39,https://queue-times.com/parks/16/queue_times.json
2026-08-23T15:42:21.497Z,2026-08-23 08:42:21,2026-08-23,America/Los_Angeles,disneyland,Disneyland,Tomorrowland,284,Space Mountain,TRUE,25,2026-08-23T15:40:39.000Z,2026-08-23 08:40:39,https://queue-times.com/parks/16/queue_times.json
2026-08-23T15:42:21.497Z,2026-08-23 08:42:21,2026-08-23,America/Los_Angeles,disneyland,Disneyland,Tomorrowland,286,Star Tours - The Adventures Continue,TRUE,5,2026-08-23T15:40:39.000Z,2026-08-23 08:40:39,https://queue-times.com/parks/16/queue_times.json
2026-08-23T15:42:21.497Z,2026-08-23 08:42:21,2026-08-23,America/Los_Angeles,dca,Disney California Adventure,Avengers Campus,329,Guardians of the Galaxy - Mission: BREAKOUT!,TRUE,15,2026-08-23T15:40:39.000Z,2026-08-23 08:40:39,https://queue-times.com/parks/17/queue_times.json
2026-08-23T15:42:21.497Z,2026-08-23 08:42:21,2026-08-23,America/Los_Angeles,dca,Disney California Adventure,Avengers Campus,8843,WEB SLINGERS: A Spider-Man Adventure,TRUE,5,2026-08-23T15:40:39.000Z,2026-08-23 08:40:39,https://queue-times.com/parks/17/queue_times.json
2026-08-23T15:42:21.497Z,2026-08-23 08:42:21,2026-08-23,America/Los_Angeles,dca,Disney California Adventure,Avengers Campus,10907,WEB SLINGERS: A Spider-Man Adventure Single Rider,TRUE,0,2026-08-23T15:40:39.000Z,2026-08-23 08:40:39,https://queue-times.com/parks/17/queue_times.json
2026-08-23T15:42:21.497Z,2026-08-23 08:42:21,2026-08-23,America/Los_Angeles,dca,Disney California Adventure,Cars Land,2608,Luigi's Honkin' Haul-O-Ween,TRUE,5,2026-08-23T15:40:39.000Z,2026-08-23 08:40:39,https://queue-times.com/parks/17/queue_times.json
2026-08-23T15:42:21.497Z,2026-08-23 08:42:21,2026-08-23,America/Los_Angeles,dca,Disney California Adventure,Cars Land,13961,Luigi's Rollickin' Roadsters,FALSE,0,2026-08-18T08:55:45.000Z,2026-08-18 01:55:45,https://queue-times.com/parks/17/queue_times.json
2026-08-23T15:42:21.497Z,2026-08-23 08:42:21,2026-08-23,America/Los_Angeles,dca,Disney California Adventure,Cars Land,315,Mater's Junkyard Jamboree,FALSE,0,2026-08-18T08:55:45.000Z,2026-08-18 01:55:45,https://queue-times.com/parks/17/queue_times.json
2026-08-23T15:42:21.497Z,2026-08-23 08:42:21,2026-08-23,America/Los_Angeles,dca,Disney California Adventure,Cars Land,295,Radiator Springs Racers,TRUE,45,2026-08-23T15:40:39.000Z,2026-08-23 08:40:39,https://queue-times.com/parks/17/queue_times.json
2026-08-23T15:42:21.497Z,2026-08-23 08:42:21,2026-08-23,America/Los_Angeles,dca,Disney California Adventure,Cars Land,10904,Radiator Springs Racers Single Rider,TRUE,0,2026-08-23T15:40:39.000Z,2026-08-23 08:40:39,https://queue-times.com/parks/17/queue_times.json
2026-08-23T15:42:21.497Z,2026-08-23 08:42:21,2026-08-23,America/Los_Angeles,dca,Disney California Adventure,Grizzly Peak,302,Grizzly River Run,TRUE,5,2026-08-23T15:40:39.000Z,2026-08-23 08:40:39,https://queue-times.com/parks/17/queue_times.json
2026-08-23T15:42:21.497Z,2026-08-23 08:42:21,2026-08-23,America/Los_Angeles,dca,Disney California Adventure,Grizzly Peak,293,Redwood Creek Challenge Trail,FALSE,0,2026-08-23T15:40:39.000Z,2026-08-23 08:40:39,https://queue-times.com/parks/17/queue_times.json
2026-08-23T15:42:21.497Z,2026-08-23 08:42:21,2026-08-23,America/Los_Angeles,dca,Disney California Adventure,Grizzly Peak,17129,Soarin’ Across America,TRUE,20,2026-08-23T15:40:39.000Z,2026-08-23 08:40:39,https://queue-times.com/parks/17/queue_times.json
2026-08-23T15:42:21.497Z,2026-08-23 08:42:21,2026-08-23,America/Los_Angeles,dca,Disney California Adventure,Hollywood Land,321,Animation Academy,TRUE,0,2026-08-23T15:40:39.000Z,2026-08-23 08:40:39,https://queue-times.com/parks/17/queue_times.json
2026-08-23T15:42:21.497Z,2026-08-23 08:42:21,2026-08-23,America/Los_Angeles,dca,Disney California Adventure,Hollywood Land,6440,Mickey's PhilharMagic,FALSE,0,2026-08-23T15:40:39.000Z,2026-08-23 08:40:39,https://queue-times.com/parks/17/queue_times.json
2026-08-23T15:42:21.497Z,2026-08-23 08:42:21,2026-08-23,America/Los_Angeles,dca,Disney California Adventure,Hollywood Land,291,"Monsters, Inc. Mike & Sulley to the Rescue!",TRUE,5,2026-08-23T15:40:39.000Z,2026-08-23 08:40:39,https://queue-times.com/parks/17/queue_times.json
2026-08-23T15:42:21.497Z,2026-08-23 08:42:21,2026-08-23,America/Los_Angeles,dca,Disney California Adventure,Hollywood Land,868,Sorcerer's Workshop,TRUE,0,2026-08-23T15:40:39.000Z,2026-08-23 08:40:39,https://queue-times.com/parks/17/queue_times.json
2026-08-23T15:42:21.497Z,2026-08-23 08:42:21,2026-08-23,America/Los_Angeles,dca,Disney California Adventure,Hollywood Land,294,Turtle Talk with Crush,TRUE,0,2026-08-23T15:40:39.000Z,2026-08-23 08:40:39,https://queue-times.com/parks/17/queue_times.json
2026-08-23T15:42:21.497Z,2026-08-23 08:42:21,2026-08-23,America/Los_Angeles,dca,Disney California Adventure,Pacific Wharf,869,The Bakery Tour,TRUE,0,2026-08-23T15:40:39.000Z,2026-08-23 08:40:39,https://queue-times.com/parks/17/queue_times.json
2026-08-23T15:42:21.497Z,2026-08-23 08:42:21,2026-08-23,America/Los_Angeles,dca,Disney California Adventure,Paradise Gardens Park,298,Golden Zephyr,FALSE,0,2026-08-23T15:40:39.000Z,2026-08-23 08:40:39,https://queue-times.com/parks/17/queue_times.json
2026-08-23T15:42:21.497Z,2026-08-23 08:42:21,2026-08-23,America/Los_Angeles,dca,Disney California Adventure,Paradise Gardens Park,319,Goofy's Sky School,TRUE,5,2026-08-23T15:40:39.000Z,2026-08-23 08:40:39,https://queue-times.com/parks/17/queue_times.json
2026-08-23T15:42:21.497Z,2026-08-23 08:42:21,2026-08-23,America/Los_Angeles,dca,Disney California Adventure,Paradise Gardens Park,301,Silly Symphony Swings,FALSE,0,2026-08-23T15:40:39.000Z,2026-08-23 08:40:39,https://queue-times.com/parks/17/queue_times.json
2026-08-23T15:42:21.497Z,2026-08-23 08:42:21,2026-08-23,America/Los_Angeles,dca,Disney California Adventure,Paradise Gardens Park,316,The Little Mermaid - Ariel's Undersea Adventure,TRUE,5,2026-08-23T15:40:39.000Z,2026-08-23 08:40:39,https://queue-times.com/parks/17/queue_times.json
2026-08-23T15:42:21.497Z,2026-08-23 08:42:21,2026-08-23,America/Los_Angeles,dca,Disney California Adventure,Paradise Gardens Park,11528,World of Color – ONE,FALSE,0,2026-08-23T15:40:39.000Z,2026-08-23 08:40:39,https://queue-times.com/parks/17/queue_times.json
2026-08-23T15:42:21.497Z,2026-08-23 08:42:21,2026-08-23,America/Los_Angeles,dca,Disney California Adventure,Pixar Pier,866,Games of Pixar Pier,TRUE,0,2026-08-23T15:40:39.000Z,2026-08-23 08:40:39,https://queue-times.com/parks/17/queue_times.json
2026-08-23T15:42:21.497Z,2026-08-23 08:42:21,2026-08-23,America/Los_Angeles,dca,Disney California Adventure,Pixar Pier,322,Incredicoaster,TRUE,15,2026-08-23T15:40:39.000Z,2026-08-23 08:40:39,https://queue-times.com/parks/17/queue_times.json
2026-08-23T15:42:21.497Z,2026-08-23 08:42:21,2026-08-23,America/Los_Angeles,dca,Disney California Adventure,Pixar Pier,10906,Incredicoaster Single Rider,TRUE,0,2026-08-23T15:40:39.000Z,2026-08-23 08:40:39,https://queue-times.com/parks/17/queue_times.json
2026-08-23T15:42:21.497Z,2026-08-23 08:42:21,2026-08-23,America/Los_Angeles,dca,Disney California Adventure,Pixar Pier,6643,Inside Out Emotional Whirlwind,TRUE,5,2026-08-23T15:40:39.000Z,2026-08-23 08:40:39,https://queue-times.com/parks/17/queue_times.json
2026-08-23T15:42:21.497Z,2026-08-23 08:42:21,2026-08-23,America/Los_Angeles,dca,Disney California Adventure,Pixar Pier,310,Jessie's Critter Carousel,TRUE,5,2026-08-23T15:40:39.000Z,2026-08-23 08:40:39,https://queue-times.com/parks/17/queue_times.json
2026-08-23T15:42:21.497Z,2026-08-23 08:42:21,2026-08-23,America/Los_Angeles,dca,Disney California Adventure,Pixar Pier,300,Jumpin' Jellyfish,TRUE,5,2026-08-23T15:40:39.000Z,2026-08-23 08:40:39,https://queue-times.com/parks/17/queue_times.json
2026-08-23T15:42:21.497Z,2026-08-23 08:42:21,2026-08-23,America/Los_Angeles,dca,Disney California Adventure,Pixar Pier,311,Pixar Pal-A-Round - Swinging,TRUE,5,2026-08-23T15:40:39.000Z,2026-08-23 08:40:39,https://queue-times.com/parks/17/queue_times.json
2026-08-23T15:42:21.497Z,2026-08-23 08:42:21,2026-08-23,America/Los_Angeles,dca,Disney California Adventure,Pixar Pier,5557,Pixar Pal-A-Round – Non-Swinging,TRUE,5,2026-08-23T15:40:39.000Z,2026-08-23 08:40:39,https://queue-times.com/parks/17/queue_times.json
2026-08-23T15:42:21.497Z,2026-08-23 08:42:21,2026-08-23,America/Los_Angeles,dca,Disney California Adventure,Pixar Pier,313,Toy Story Midway Mania!,TRUE,15,2026-08-23T15:40:39.000Z,2026-08-23 08:40:39,https://queue-times.com/parks/17/queue_times.json
2026-08-23T15:42:21.497Z,2026-08-23 08:42:21,2026-08-23,America/Los_Angeles,dca,Disney California Adventure,Halloween,5146,Guardians of the Galaxy - Monsters After Dark,FALSE,0,2026-08-23T15:40:39.000Z,2026-08-23 08:40:39,https://queue-times.com/parks/17/queue_times.json
2026-08-23T15:42:21.497Z,2026-08-23 08:42:21,2026-08-23,America/Los_Angeles,dca,Disney California Adventure,Halloween,4723,Mater's Graveyard JamBOOree,TRUE,5,2026-08-23T15:40:39.000Z,2026-08-23 08:40:39,https://queue-times.com/parks/17/queue_times.json
2026-08-23T15:42:21.497Z,2026-08-23 08:42:21,2026-08-23,America/Los_Angeles,dca,Disney California Adventure,Halloween,7292,Villains Grove at Oogie Boogie Bash,FALSE,0,2026-08-23T15:40:39.000Z,2026-08-23 08:40:39,https://queue-times.com/parks/17/queue_times.json
2026-08-23T16:00:23.009Z,2026-08-23 09:00:23,2026-08-23,America/Los_Angeles,disneyland,Disneyland,Adventureland,12428,Adventureland Treehouse inspired by Walt Disney’s Swiss Family Robinson,TRUE,0,2026-08-23T15:55:38.000Z,2026-08-23 08:55:38,https://queue-times.com/parks/16/queue_times.json
2026-08-23T16:00:23.009Z,2026-08-23 09:00:23,2026-08-23,America/Los_Angeles,disneyland,Disneyland,Adventureland,326,Indiana Jones™ Adventure,FALSE,0,2026-08-23T15:55:38.000Z,2026-08-23 08:55:38,https://queue-times.com/parks/16/queue_times.json
2026-08-23T16:00:23.009Z,2026-08-23 09:00:23,2026-08-23,America/Los_Angeles,disneyland,Disneyland,Adventureland,296,Jungle Cruise,TRUE,5,2026-08-23T15:55:38.000Z,2026-08-23 08:55:38,https://queue-times.com/parks/16/queue_times.json
2026-08-23T16:00:23.009Z,2026-08-23 09:00:23,2026-08-23,America/Los_Angeles,disneyland,Disneyland,Adventureland,288,Walt Disney's Enchanted Tiki Room,TRUE,0,2026-08-23T15:55:38.000Z,2026-08-23 08:55:38,https://queue-times.com/parks/16/queue_times.json
2026-08-23T16:00:23.009Z,2026-08-23 09:00:23,2026-08-23,America/Los_Angeles,disneyland,Disneyland,Bayou Country,304,Davy Crockett's Explorer Canoes,FALSE,0,2026-08-23T15:55:38.000Z,2026-08-23 08:55:38,https://queue-times.com/parks/16/queue_times.json
2026-08-23T16:00:23.009Z,2026-08-23 09:00:23,2026-08-23,America/Los_Angeles,disneyland,Disneyland,Bayou Country,306,The Many Adventures of Winnie the Pooh,TRUE,5,2026-08-23T15:55:38.000Z,2026-08-23 08:55:38,https://queue-times.com/parks/16/queue_times.json
2026-08-23T16:00:23.009Z,2026-08-23 09:00:23,2026-08-23,America/Los_Angeles,disneyland,Disneyland,Bayou Country,14168,Tiana's Bayou Adventure,TRUE,5,2026-08-23T15:55:38.000Z,2026-08-23 08:55:38,https://queue-times.com/parks/16/queue_times.json
2026-08-23T16:00:23.009Z,2026-08-23 09:00:23,2026-08-23,America/Los_Angeles,disneyland,Disneyland,Bayou Country,14326,Tiana's Bayou Adventure Single Rider,TRUE,0,2026-08-23T15:55:38.000Z,2026-08-23 08:55:38,https://queue-times.com/parks/16/queue_times.json
2026-08-23T16:00:23.009Z,2026-08-23 09:00:23,2026-08-23,America/Los_Angeles,disneyland,Disneyland,Fantasyland,307,"""it's a small world""",TRUE,5,2026-08-23T15:55:38.000Z,2026-08-23 08:55:38,https://queue-times.com/parks/16/queue_times.json
2026-08-23T16:00:23.009Z,2026-08-23 09:00:23,2026-08-23,America/Los_Angeles,disneyland,Disneyland,Fantasyland,285,Alice in Wonderland,TRUE,20,2026-08-23T15:55:38.000Z,2026-08-23 08:55:38,https://queue-times.com/parks/16/queue_times.json
2026-08-23T16:00:23.009Z,2026-08-23 09:00:23,2026-08-23,America/Los_Angeles,disneyland,Disneyland,Fantasyland,16254,Bluey’s Best Day Ever! at Fantasyland Theatre,TRUE,0,2026-08-23T15:55:38.000Z,2026-08-23 08:55:38,https://queue-times.com/parks/16/queue_times.json
2026-08-23T16:00:23.009Z,2026-08-23 09:00:23,2026-08-23,America/Los_Angeles,disneyland,Disneyland,Fantasyland,303,Casey Jr. Circus Train,FALSE,0,2026-08-23T15:55:38.000Z,2026-08-23 08:55:38,https://queue-times.com/parks/16/queue_times.json
2026-08-23T16:00:23.009Z,2026-08-23 09:00:23,2026-08-23,America/Los_Angeles,disneyland,Disneyland,Fantasyland,275,Dumbo the Flying Elephant,TRUE,10,2026-08-23T15:55:38.000Z,2026-08-23 08:55:38,https://queue-times.com/parks/16/queue_times.json
2026-08-23T16:00:23.009Z,2026-08-23 09:00:23,2026-08-23,America/Los_Angeles,disneyland,Disneyland,Fantasyland,277,King Arthur Carrousel,TRUE,5,2026-08-23T15:55:38.000Z,2026-08-23 08:55:38,https://queue-times.com/parks/16/queue_times.json
2026-08-23T16:00:23.009Z,2026-08-23 09:00:23,2026-08-23,America/Los_Angeles,disneyland,Disneyland,Fantasyland,278,Mad Tea Party,TRUE,5,2026-08-23T15:55:38.000Z,2026-08-23 08:55:38,https://queue-times.com/parks/16/queue_times.json
2026-08-23T16:00:23.009Z,2026-08-23 09:00:23,2026-08-23,America/Los_Angeles,disneyland,Disneyland,Fantasyland,279,Matterhorn Bobsleds,TRUE,5,2026-08-23T15:55:38.000Z,2026-08-23 08:55:38,https://queue-times.com/parks/16/queue_times.json
2026-08-23T16:00:23.009Z,2026-08-23 09:00:23,2026-08-23,America/Los_Angeles,disneyland,Disneyland,Fantasyland,6711,Meet Disney Princesses at Royal Hall,FALSE,0,2026-08-23T15:55:38.000Z,2026-08-23 08:55:38,https://queue-times.com/parks/16/queue_times.json
2026-08-23T16:00:23.009Z,2026-08-23 09:00:23,2026-08-23,America/Los_Angeles,disneyland,Disneyland,Fantasyland,280,Mr. Toad's Wild Ride,TRUE,5,2026-08-23T15:55:38.000Z,2026-08-23 08:55:38,https://queue-times.com/parks/16/queue_times.json
2026-08-23T16:00:23.009Z,2026-08-23 09:00:23,2026-08-23,America/Los_Angeles,disneyland,Disneyland,Fantasyland,281,Peter Pan's Flight,TRUE,30,2026-08-23T15:55:38.000Z,2026-08-23 08:55:38,https://queue-times.com/parks/16/queue_times.json
2026-08-23T16:00:23.009Z,2026-08-23 09:00:23,2026-08-23,America/Los_Angeles,disneyland,Disneyland,Fantasyland,282,Pinocchio's Daring Journey,TRUE,5,2026-08-23T15:55:38.000Z,2026-08-23 08:55:38,https://queue-times.com/parks/16/queue_times.json
2026-08-23T16:00:23.009Z,2026-08-23 09:00:23,2026-08-23,America/Los_Angeles,disneyland,Disneyland,Fantasyland,687,Sleeping Beauty Castle Walkthrough,FALSE,0,2026-08-23T15:55:38.000Z,2026-08-23 08:55:38,https://queue-times.com/parks/16/queue_times.json
2026-08-23T16:00:23.009Z,2026-08-23 09:00:23,2026-08-23,America/Los_Angeles,disneyland,Disneyland,Fantasyland,283,Snow White's Enchanted Wish,TRUE,5,2026-08-23T15:55:38.000Z,2026-08-23 08:55:38,https://queue-times.com/parks/16/queue_times.json
2026-08-23T16:00:23.009Z,2026-08-23 09:00:23,2026-08-23,America/Los_Angeles,disneyland,Disneyland,Fantasyland,305,Storybook Land Canal Boats,TRUE,10,2026-08-23T15:55:38.000Z,2026-08-23 08:55:38,https://queue-times.com/parks/16/queue_times.json
2026-08-23T16:00:23.009Z,2026-08-23 09:00:23,2026-08-23,America/Los_Angeles,disneyland,Disneyland,Frontierland,323,Big Thunder Mountain Railroad,TRUE,15,2026-08-23T15:55:38.000Z,2026-08-23 08:55:38,https://queue-times.com/parks/16/queue_times.json
2026-08-23T16:00:23.009Z,2026-08-23 09:00:23,2026-08-23,America/Los_Angeles,disneyland,Disneyland,Frontierland,679,Frontierland Shootin' Exposition,FALSE,0,2026-08-23T15:55:38.000Z,2026-08-23 08:55:38,https://queue-times.com/parks/16/queue_times.json
2026-08-23T16:00:23.009Z,2026-08-23 09:00:23,2026-08-23,America/Los_Angeles,disneyland,Disneyland,Frontierland,456,Mark Twain Riverboat,FALSE,0,2026-08-23T15:55:38.000Z,2026-08-23 08:55:38,https://queue-times.com/parks/16/queue_times.json
2026-08-23T16:00:23.009Z,2026-08-23 09:00:23,2026-08-23,America/Los_Angeles,disneyland,Disneyland,Frontierland,331,Pirate's Lair on Tom Sawyer Island,FALSE,0,2026-08-23T15:55:38.000Z,2026-08-23 08:55:38,https://queue-times.com/parks/16/queue_times.json
2026-08-23T16:00:23.009Z,2026-08-23 09:00:23,2026-08-23,America/Los_Angeles,disneyland,Disneyland,Frontierland,328,Sailing Ship Columbia,FALSE,0,2026-08-23T15:55:38.000Z,2026-08-23 08:55:38,https://queue-times.com/parks/16/queue_times.json
2026-08-23T16:00:23.009Z,2026-08-23 09:00:23,2026-08-23,America/Los_Angeles,disneyland,Disneyland,Main Street U.S.A,674,Disneyland Railroad,TRUE,5,2026-08-23T15:55:38.000Z,2026-08-23 08:55:38,https://queue-times.com/parks/16/queue_times.json
2026-08-23T16:00:23.009Z,2026-08-23 09:00:23,2026-08-23,America/Los_Angeles,disneyland,Disneyland,Main Street U.S.A,690,Great Moments with Mr. Lincoln,TRUE,0,2026-08-23T15:55:38.000Z,2026-08-23 08:55:38,https://queue-times.com/parks/16/queue_times.json
2026-08-23T16:00:23.009Z,2026-08-23 09:00:23,2026-08-23,America/Los_Angeles,disneyland,Disneyland,Main Street U.S.A,686,Main Street Cinema,FALSE,0,2026-08-23T15:55:38.000Z,2026-08-23 08:55:38,https://queue-times.com/parks/16/queue_times.json
2026-08-23T16:00:23.009Z,2026-08-23 09:00:23,2026-08-23,America/Los_Angeles,disneyland,Disneyland,Main Street U.S.A,691,Main Street Vehicles,TRUE,0,2026-08-23T15:55:38.000Z,2026-08-23 08:55:38,https://queue-times.com/parks/16/queue_times.json
2026-08-23T16:00:23.009Z,2026-08-23 09:00:23,2026-08-23,America/Los_Angeles,disneyland,Disneyland,Main Street U.S.A,14915,Opera House - Walt Disney - A Magical Life,TRUE,0,2026-08-23T15:55:38.000Z,2026-08-23 08:55:38,https://queue-times.com/parks/16/queue_times.json
2026-08-23T16:00:23.009Z,2026-08-23 09:00:23,2026-08-23,America/Los_Angeles,disneyland,Disneyland,Main Street U.S.A,695,The Disney Gallery,TRUE,0,2026-08-23T15:55:38.000Z,2026-08-23 08:55:38,https://queue-times.com/parks/16/queue_times.json
2026-08-23T16:00:23.009Z,2026-08-23 09:00:23,2026-08-23,America/Los_Angeles,disneyland,Disneyland,Main Street U.S.A,14923,Walt Disney - A Magical Life,FALSE,0,2026-08-23T15:55:38.000Z,2026-08-23 08:55:38,https://queue-times.com/parks/16/queue_times.json
2026-08-23T16:00:23.009Z,2026-08-23 09:00:23,2026-08-23,America/Los_Angeles,disneyland,Disneyland,Mickey's Toontown,324,Chip 'n' Dale's GADGETcoaster,TRUE,10,2026-08-23T15:55:38.000Z,2026-08-23 08:55:38,https://queue-times.com/parks/16/queue_times.json
2026-08-23T16:00:23.009Z,2026-08-23 09:00:23,2026-08-23,America/Los_Angeles,disneyland,Disneyland,Mickey's Toontown,13814,Donald's Duck Pond,TRUE,0,2026-08-23T15:55:38.000Z,2026-08-23 08:55:38,https://queue-times.com/parks/16/queue_times.json
2026-08-23T16:00:23.009Z,2026-08-23 09:00:23,2026-08-23,America/Los_Angeles,disneyland,Disneyland,Mickey's Toontown,11980,Goofy's How-to-Play Yard,TRUE,0,2026-08-23T15:55:38.000Z,2026-08-23 08:55:38,https://queue-times.com/parks/16/queue_times.json
2026-08-23T16:00:23.009Z,2026-08-23 09:00:23,2026-08-23,America/Los_Angeles,disneyland,Disneyland,Mickey's Toontown,11526,Mickey & Minnie's Runaway Railway,TRUE,5,2026-08-23T15:55:38.000Z,2026-08-23 08:55:38,https://queue-times.com/parks/16/queue_times.json
2026-08-23T16:00:23.009Z,2026-08-23 09:00:23,2026-08-23,America/Los_Angeles,disneyland,Disneyland,Mickey's Toontown,709,Mickey's House and Meet Mickey Mouse,TRUE,5,2026-08-23T15:55:38.000Z,2026-08-23 08:55:38,https://queue-times.com/parks/16/queue_times.json
2026-08-23T16:00:23.009Z,2026-08-23 09:00:23,2026-08-23,America/Los_Angeles,disneyland,Disneyland,Mickey's Toontown,327,Mickey's House and Meet Mickey Mouse,FALSE,0,2026-08-23T15:55:38.000Z,2026-08-23 08:55:38,https://queue-times.com/parks/16/queue_times.json
2026-08-23T16:00:23.009Z,2026-08-23 09:00:23,2026-08-23,America/Los_Angeles,disneyland,Disneyland,Mickey's Toontown,684,Minnie's House,FALSE,0,2026-08-23T15:55:38.000Z,2026-08-23 08:55:38,https://queue-times.com/parks/16/queue_times.json
2026-08-23T16:00:23.009Z,2026-08-23 09:00:23,2026-08-23,America/Los_Angeles,disneyland,Disneyland,Mickey's Toontown,332,Roger Rabbit's Car Toon Spin,TRUE,5,2026-08-23T15:55:38.000Z,2026-08-23 08:55:38,https://queue-times.com/parks/16/queue_times.json
2026-08-23T16:00:23.009Z,2026-08-23 09:00:23,2026-08-23,America/Los_Angeles,disneyland,Disneyland,New Orleans Square,13958,Haunted Mansion,FALSE,0,2026-08-21T05:25:59.000Z,2026-08-20 22:25:59,https://queue-times.com/parks/16/queue_times.json
2026-08-23T16:00:23.009Z,2026-08-23 09:00:23,2026-08-23,America/Los_Angeles,disneyland,Disneyland,New Orleans Square,325,Haunted Mansion Holiday,TRUE,35,2026-08-23T15:55:38.000Z,2026-08-23 08:55:38,https://queue-times.com/parks/16/queue_times.json
2026-08-23T16:00:23.009Z,2026-08-23 09:00:23,2026-08-23,America/Los_Angeles,disneyland,Disneyland,New Orleans Square,289,Pirates of the Caribbean,TRUE,5,2026-08-23T15:55:38.000Z,2026-08-23 08:55:38,https://queue-times.com/parks/16/queue_times.json
2026-08-23T16:00:23.009Z,2026-08-23 09:00:23,2026-08-23,America/Los_Angeles,disneyland,Disneyland,Star Wars: Galaxy's Edge,6339,Millennium Falcon: Smugglers Run,TRUE,5,2026-08-23T15:55:38.000Z,2026-08-23 08:55:38,https://queue-times.com/parks/16/queue_times.json
2026-08-23T16:00:23.009Z,2026-08-23 09:00:23,2026-08-23,America/Los_Angeles,disneyland,Disneyland,Star Wars: Galaxy's Edge,10903,Millennium Falcon: Smugglers Run Single Rider,TRUE,0,2026-08-23T15:55:38.000Z,2026-08-23 08:55:38,https://queue-times.com/parks/16/queue_times.json
2026-08-23T16:00:23.009Z,2026-08-23 09:00:23,2026-08-23,America/Los_Angeles,disneyland,Disneyland,Star Wars: Galaxy's Edge,6340,Star Wars: Rise of the Resistance,TRUE,45,2026-08-23T15:55:38.000Z,2026-08-23 08:55:38,https://queue-times.com/parks/16/queue_times.json
2026-08-23T16:00:23.009Z,2026-08-23 09:00:23,2026-08-23,America/Los_Angeles,disneyland,Disneyland,Tomorrowland,287,Astro Orbitor,TRUE,5,2026-08-23T15:55:38.000Z,2026-08-23 08:55:38,https://queue-times.com/parks/16/queue_times.json
2026-08-23T16:00:23.009Z,2026-08-23 09:00:23,2026-08-23,America/Los_Angeles,disneyland,Disneyland,Tomorrowland,317,Autopia,TRUE,5,2026-08-23T15:55:38.000Z,2026-08-23 08:55:38,https://queue-times.com/parks/16/queue_times.json
2026-08-23T16:00:23.009Z,2026-08-23 09:00:23,2026-08-23,America/Los_Angeles,disneyland,Disneyland,Tomorrowland,273,Buzz Lightyear Astro Blasters,TRUE,5,2026-08-23T15:55:38.000Z,2026-08-23 08:55:38,https://queue-times.com/parks/16/queue_times.json
2026-08-23T16:00:23.009Z,2026-08-23 09:00:23,2026-08-23,America/Los_Angeles,disneyland,Disneyland,Tomorrowland,274,Disneyland Monorail,TRUE,5,2026-08-23T15:55:38.000Z,2026-08-23 08:55:38,https://queue-times.com/parks/16/queue_times.json
2026-08-23T16:00:23.009Z,2026-08-23 09:00:23,2026-08-23,America/Los_Angeles,disneyland,Disneyland,Tomorrowland,276,Finding Nemo Submarine Voyage,TRUE,5,2026-08-23T15:55:38.000Z,2026-08-23 08:55:38,https://queue-times.com/parks/16/queue_times.json
2026-08-23T16:00:23.009Z,2026-08-23 09:00:23,2026-08-23,America/Los_Angeles,disneyland,Disneyland,Tomorrowland,16627,Pixar Short Film Spotlight,FALSE,0,2026-08-23T15:55:38.000Z,2026-08-23 08:55:38,https://queue-times.com/parks/16/queue_times.json
2026-08-23T16:00:23.009Z,2026-08-23 09:00:23,2026-08-23,America/Los_Angeles,disneyland,Disneyland,Tomorrowland,284,Space Mountain,TRUE,15,2026-08-23T15:55:38.000Z,2026-08-23 08:55:38,https://queue-times.com/parks/16/queue_times.json
2026-08-23T16:00:23.009Z,2026-08-23 09:00:23,2026-08-23,America/Los_Angeles,disneyland,Disneyland,Tomorrowland,286,Star Tours - The Adventures Continue,TRUE,5,2026-08-23T15:55:38.000Z,2026-08-23 08:55:38,https://queue-times.com/parks/16/queue_times.json
2026-08-23T16:00:23.009Z,2026-08-23 09:00:23,2026-08-23,America/Los_Angeles,dca,Disney California Adventure,Avengers Campus,329,Guardians of the Galaxy - Mission: BREAKOUT!,TRUE,25,2026-08-23T15:55:39.000Z,2026-08-23 08:55:39,https://queue-times.com/parks/17/queue_times.json
2026-08-23T16:00:23.009Z,2026-08-23 09:00:23,2026-08-23,America/Los_Angeles,dca,Disney California Adventure,Avengers Campus,8843,WEB SLINGERS: A Spider-Man Adventure,TRUE,15,2026-08-23T15:55:39.000Z,2026-08-23 08:55:39,https://queue-times.com/parks/17/queue_times.json
2026-08-23T16:00:23.009Z,2026-08-23 09:00:23,2026-08-23,America/Los_Angeles,dca,Disney California Adventure,Avengers Campus,10907,WEB SLINGERS: A Spider-Man Adventure Single Rider,TRUE,0,2026-08-23T15:55:39.000Z,2026-08-23 08:55:39,https://queue-times.com/parks/17/queue_times.json
2026-08-23T16:00:23.009Z,2026-08-23 09:00:23,2026-08-23,America/Los_Angeles,dca,Disney California Adventure,Cars Land,2608,Luigi's Honkin' Haul-O-Ween,TRUE,5,2026-08-23T15:55:39.000Z,2026-08-23 08:55:39,https://queue-times.com/parks/17/queue_times.json
2026-08-23T16:00:23.009Z,2026-08-23 09:00:23,2026-08-23,America/Los_Angeles,dca,Disney California Adventure,Cars Land,13961,Luigi's Rollickin' Roadsters,FALSE,0,2026-08-18T08:55:45.000Z,2026-08-18 01:55:45,https://queue-times.com/parks/17/queue_times.json
2026-08-23T16:00:23.009Z,2026-08-23 09:00:23,2026-08-23,America/Los_Angeles,dca,Disney California Adventure,Cars Land,315,Mater's Junkyard Jamboree,FALSE,0,2026-08-18T08:55:45.000Z,2026-08-18 01:55:45,https://queue-times.com/parks/17/queue_times.json
2026-08-23T16:00:23.009Z,2026-08-23 09:00:23,2026-08-23,America/Los_Angeles,dca,Disney California Adventure,Cars Land,295,Radiator Springs Racers,TRUE,45,2026-08-23T15:55:39.000Z,2026-08-23 08:55:39,https://queue-times.com/parks/17/queue_times.json
2026-08-23T16:00:23.009Z,2026-08-23 09:00:23,2026-08-23,America/Los_Angeles,dca,Disney California Adventure,Cars Land,10904,Radiator Springs Racers Single Rider,TRUE,0,2026-08-23T15:55:39.000Z,2026-08-23 08:55:39,https://queue-times.com/parks/17/queue_times.json
2026-08-23T16:00:23.009Z,2026-08-23 09:00:23,2026-08-23,America/Los_Angeles,dca,Disney California Adventure,Grizzly Peak,302,Grizzly River Run,TRUE,5,2026-08-23T15:55:39.000Z,2026-08-23 08:55:39,https://queue-times.com/parks/17/queue_times.json
2026-08-23T16:00:23.009Z,2026-08-23 09:00:23,2026-08-23,America/Los_Angeles,dca,Disney California Adventure,Grizzly Peak,293,Redwood Creek Challenge Trail,FALSE,0,2026-08-23T15:55:39.000Z,2026-08-23 08:55:39,https://queue-times.com/parks/17/queue_times.json
2026-08-23T16:00:23.009Z,2026-08-23 09:00:23,2026-08-23,America/Los_Angeles,dca,Disney California Adventure,Grizzly Peak,17129,Soarin’ Across America,TRUE,5,2026-08-23T15:55:39.000Z,2026-08-23 08:55:39,https://queue-times.com/parks/17/queue_times.json
2026-08-23T16:00:23.009Z,2026-08-23 09:00:23,2026-08-23,America/Los_Angeles,dca,Disney California Adventure,Hollywood Land,321,Animation Academy,TRUE,0,2026-08-23T15:55:39.000Z,2026-08-23 08:55:39,https://queue-times.com/parks/17/queue_times.json
2026-08-23T16:00:23.009Z,2026-08-23 09:00:23,2026-08-23,America/Los_Angeles,dca,Disney California Adventure,Hollywood Land,6440,Mickey's PhilharMagic,FALSE,0,2026-08-23T15:55:39.000Z,2026-08-23 08:55:39,https://queue-times.com/parks/17/queue_times.json
2026-08-23T16:00:23.009Z,2026-08-23 09:00:23,2026-08-23,America/Los_Angeles,dca,Disney California Adventure,Hollywood Land,291,"Monsters, Inc. Mike & Sulley to the Rescue!",TRUE,5,2026-08-23T15:55:39.000Z,2026-08-23 08:55:39,https://queue-times.com/parks/17/queue_times.json
2026-08-23T16:00:23.009Z,2026-08-23 09:00:23,2026-08-23,America/Los_Angeles,dca,Disney California Adventure,Hollywood Land,868,Sorcerer's Workshop,TRUE,0,2026-08-23T15:55:39.000Z,2026-08-23 08:55:39,https://queue-times.com/parks/17/queue_times.json
2026-08-23T16:00:23.009Z,2026-08-23 09:00:23,2026-08-23,America/Los_Angeles,dca,Disney California Adventure,Hollywood Land,294,Turtle Talk with Crush,TRUE,0,2026-08-23T15:55:39.000Z,2026-08-23 08:55:39,https://queue-times.com/parks/17/queue_times.json
2026-08-23T16:00:23.009Z,2026-08-23 09:00:23,2026-08-23,America/Los_Angeles,dca,Disney California Adventure,Pacific Wharf,869,The Bakery Tour,TRUE,0,2026-08-23T15:55:39.000Z,2026-08-23 08:55:39,https://queue-times.com/parks/17/queue_times.json
2026-08-23T16:00:23.009Z,2026-08-23 09:00:23,2026-08-23,America/Los_Angeles,dca,Disney California Adventure,Paradise Gardens Park,298,Golden Zephyr,FALSE,0,2026-08-23T15:55:39.000Z,2026-08-23 08:55:39,https://queue-times.com/parks/17/queue_times.json
2026-08-23T16:00:23.009Z,2026-08-23 09:00:23,2026-08-23,America/Los_Angeles,dca,Disney California Adventure,Paradise Gardens Park,319,Goofy's Sky School,TRUE,5,2026-08-23T15:55:39.000Z,2026-08-23 08:55:39,https://queue-times.com/parks/17/queue_times.json
2026-08-23T16:00:23.009Z,2026-08-23 09:00:23,2026-08-23,America/Los_Angeles,dca,Disney California Adventure,Paradise Gardens Park,301,Silly Symphony Swings,FALSE,0,2026-08-23T15:55:39.000Z,2026-08-23 08:55:39,https://queue-times.com/parks/17/queue_times.json
2026-08-23T16:00:23.009Z,2026-08-23 09:00:23,2026-08-23,America/Los_Angeles,dca,Disney California Adventure,Paradise Gardens Park,316,The Little Mermaid - Ariel's Undersea Adventure,TRUE,5,2026-08-23T15:55:39.000Z,2026-08-23 08:55:39,https://queue-times.com/parks/17/queue_times.json
2026-08-23T16:00:23.009Z,2026-08-23 09:00:23,2026-08-23,America/Los_Angeles,dca,Disney California Adventure,Paradise Gardens Park,11528,World of Color – ONE,FALSE,0,2026-08-23T15:55:39.000Z,2026-08-23 08:55:39,https://queue-times.com/parks/17/queue_times.json
2026-08-23T16:00:23.009Z,2026-08-23 09:00:23,2026-08-23,America/Los_Angeles,dca,Disney California Adventure,Pixar Pier,866,Games of Pixar Pier,TRUE,0,2026-08-23T15:55:39.000Z,2026-08-23 08:55:39,https://queue-times.com/parks/17/queue_times.json
2026-08-23T16:00:23.009Z,2026-08-23 09:00:23,2026-08-23,America/Los_Angeles,dca,Disney California Adventure,Pixar Pier,322,Incredicoaster,TRUE,25,2026-08-23T15:55:39.000Z,2026-08-23 08:55:39,https://queue-times.com/parks/17/queue_times.json
2026-08-23T16:00:23.009Z,2026-08-23 09:00:23,2026-08-23,America/Los_Angeles,dca,Disney California Adventure,Pixar Pier,10906,Incredicoaster Single Rider,TRUE,0,2026-08-23T15:55:39.000Z,2026-08-23 08:55:39,https://queue-times.com/parks/17/queue_times.json
2026-08-23T16:00:23.009Z,2026-08-23 09:00:23,2026-08-23,America/Los_Angeles,dca,Disney California Adventure,Pixar Pier,6643,Inside Out Emotional Whirlwind,TRUE,5,2026-08-23T15:55:39.000Z,2026-08-23 08:55:39,https://queue-times.com/parks/17/queue_times.json
2026-08-23T16:00:23.009Z,2026-08-23 09:00:23,2026-08-23,America/Los_Angeles,dca,Disney California Adventure,Pixar Pier,310,Jessie's Critter Carousel,TRUE,5,2026-08-23T15:55:39.000Z,2026-08-23 08:55:39,https://queue-times.com/parks/17/queue_times.json
2026-08-23T16:00:23.009Z,2026-08-23 09:00:23,2026-08-23,America/Los_Angeles,dca,Disney California Adventure,Pixar Pier,300,Jumpin' Jellyfish,TRUE,5,2026-08-23T15:55:39.000Z,2026-08-23 08:55:39,https://queue-times.com/parks/17/queue_times.json
2026-08-23T16:00:23.009Z,2026-08-23 09:00:23,2026-08-23,America/Los_Angeles,dca,Disney California Adventure,Pixar Pier,311,Pixar Pal-A-Round - Swinging,TRUE,5,2026-08-23T15:55:39.000Z,2026-08-23 08:55:39,https://queue-times.com/parks/17/queue_times.json
2026-08-23T16:00:23.009Z,2026-08-23 09:00:23,2026-08-23,America/Los_Angeles,dca,Disney California Adventure,Pixar Pier,5557,Pixar Pal-A-Round – Non-Swinging,TRUE,5,2026-08-23T15:55:39.000Z,2026-08-23 08:55:39,https://queue-times.com/parks/17/queue_times.json
2026-08-23T16:00:23.009Z,2026-08-23 09:00:23,2026-08-23,America/Los_Angeles,dca,Disney California Adventure,Pixar Pier,313,Toy Story Midway Mania!,TRUE,30,2026-08-23T15:55:39.000Z,2026-08-23 08:55:39,https://queue-times.com/parks/17/queue_times.json
2026-08-23T16:00:23.009Z,2026-08-23 09:00:23,2026-08-23,America/Los_Angeles,dca,Disney California Adventure,Halloween,5146,Guardians of the Galaxy - Monsters After Dark,FALSE,0,2026-08-23T15:55:39.000Z,2026-08-23 08:55:39,https://queue-times.com/parks/17/queue_times.json
2026-08-23T16:00:23.009Z,2026-08-23 09:00:23,2026-08-23,America/Los_Angeles,dca,Disney California Adventure,Halloween,4723,Mater's Graveyard JamBOOree,TRUE,5,2026-08-23T15:55:39.000Z,2026-08-23 08:55:39,https://queue-times.com/parks/17/queue_times.json
2026-08-23T16:00:23.009Z,2026-08-23 09:00:23,2026-08-23,America/Los_Angeles,dca,Disney California Adventure,Halloween,7292,Villains Grove at Oogie Boogie Bash,FALSE,0,2026-08-23T15:55:39.000Z,2026-08-23 08:55:39,https://queue-times.com/parks/17/queue_times.json
2026-08-23T16:08:34.948Z,2026-08-23 09:08:34,2026-08-23,America/Los_Angeles,disneyland,Disneyland,Adventureland,12428,Adventureland Treehouse inspired by Walt Disney’s Swiss Family Robinson,TRUE,0,2026-08-23T16:05:42.000Z,2026-08-23 09:05:42,https://queue-times.com/parks/16/queue_times.json
2026-08-23T16:08:34.948Z,2026-08-23 09:08:34,2026-08-23,America/Los_Angeles,disneyland,Disneyland,Adventureland,326,Indiana Jones™ Adventure,FALSE,0,2026-08-23T16:05:42.000Z,2026-08-23 09:05:42,https://queue-times.com/parks/16/queue_times.json
2026-08-23T16:08:34.948Z,2026-08-23 09:08:34,2026-08-23,America/Los_Angeles,disneyland,Disneyland,Adventureland,296,Jungle Cruise,TRUE,5,2026-08-23T16:05:42.000Z,2026-08-23 09:05:42,https://queue-times.com/parks/16/queue_times.json
2026-08-23T16:08:34.948Z,2026-08-23 09:08:34,2026-08-23,America/Los_Angeles,disneyland,Disneyland,Adventureland,288,Walt Disney's Enchanted Tiki Room,TRUE,0,2026-08-23T16:05:42.000Z,2026-08-23 09:05:42,https://queue-times.com/parks/16/queue_times.json
2026-08-23T16:08:34.948Z,2026-08-23 09:08:34,2026-08-23,America/Los_Angeles,disneyland,Disneyland,Bayou Country,304,Davy Crockett's Explorer Canoes,FALSE,0,2026-08-23T16:05:42.000Z,2026-08-23 09:05:42,https://queue-times.com/parks/16/queue_times.json
2026-08-23T16:08:34.948Z,2026-08-23 09:08:34,2026-08-23,America/Los_Angeles,disneyland,Disneyland,Bayou Country,306,The Many Adventures of Winnie the Pooh,TRUE,5,2026-08-23T16:05:42.000Z,2026-08-23 09:05:42,https://queue-times.com/parks/16/queue_times.json
2026-08-23T16:08:34.948Z,2026-08-23 09:08:34,2026-08-23,America/Los_Angeles,disneyland,Disneyland,Bayou Country,14168,Tiana's Bayou Adventure,TRUE,5,2026-08-23T16:05:42.000Z,2026-08-23 09:05:42,https://queue-times.com/parks/16/queue_times.json
2026-08-23T16:08:34.948Z,2026-08-23 09:08:34,2026-08-23,America/Los_Angeles,disneyland,Disneyland,Bayou Country,14326,Tiana's Bayou Adventure Single Rider,TRUE,0,2026-08-23T16:05:42.000Z,2026-08-23 09:05:42,https://queue-times.com/parks/16/queue_times.json
2026-08-23T16:08:34.948Z,2026-08-23 09:08:34,2026-08-23,America/Los_Angeles,disneyland,Disneyland,Fantasyland,307,"""it's a small world""",TRUE,5,2026-08-23T16:05:42.000Z,2026-08-23 09:05:42,https://queue-times.com/parks/16/queue_times.json
2026-08-23T16:08:34.948Z,2026-08-23 09:08:34,2026-08-23,America/Los_Angeles,disneyland,Disneyland,Fantasyland,285,Alice in Wonderland,TRUE,20,2026-08-23T16:05:42.000Z,2026-08-23 09:05:42,https://queue-times.com/parks/16/queue_times.json
2026-08-23T16:08:34.948Z,2026-08-23 09:08:34,2026-08-23,America/Los_Angeles,disneyland,Disneyland,Fantasyland,16254,Bluey’s Best Day Ever! at Fantasyland Theatre,TRUE,0,2026-08-23T16:05:42.000Z,2026-08-23 09:05:42,https://queue-times.com/parks/16/queue_times.json
2026-08-23T16:08:34.948Z,2026-08-23 09:08:34,2026-08-23,America/Los_Angeles,disneyland,Disneyland,Fantasyland,303,Casey Jr. Circus Train,FALSE,0,2026-08-23T16:05:42.000Z,2026-08-23 09:05:42,https://queue-times.com/parks/16/queue_times.json
2026-08-23T16:08:34.948Z,2026-08-23 09:08:34,2026-08-23,America/Los_Angeles,disneyland,Disneyland,Fantasyland,275,Dumbo the Flying Elephant,TRUE,10,2026-08-23T16:05:42.000Z,2026-08-23 09:05:42,https://queue-times.com/parks/16/queue_times.json
2026-08-23T16:08:34.948Z,2026-08-23 09:08:34,2026-08-23,America/Los_Angeles,disneyland,Disneyland,Fantasyland,277,King Arthur Carrousel,TRUE,5,2026-08-23T16:05:42.000Z,2026-08-23 09:05:42,https://queue-times.com/parks/16/queue_times.json
2026-08-23T16:08:34.948Z,2026-08-23 09:08:34,2026-08-23,America/Los_Angeles,disneyland,Disneyland,Fantasyland,278,Mad Tea Party,TRUE,5,2026-08-23T16:05:42.000Z,2026-08-23 09:05:42,https://queue-times.com/parks/16/queue_times.json
2026-08-23T16:08:34.948Z,2026-08-23 09:08:34,2026-08-23,America/Los_Angeles,disneyland,Disneyland,Fantasyland,279,Matterhorn Bobsleds,TRUE,5,2026-08-23T16:05:42.000Z,2026-08-23 09:05:42,https://queue-times.com/parks/16/queue_times.json
2026-08-23T16:08:34.948Z,2026-08-23 09:08:34,2026-08-23,America/Los_Angeles,disneyland,Disneyland,Fantasyland,6711,Meet Disney Princesses at Royal Hall,FALSE,0,2026-08-23T16:05:42.000Z,2026-08-23 09:05:42,https://queue-times.com/parks/16/queue_times.json
2026-08-23T16:08:34.948Z,2026-08-23 09:08:34,2026-08-23,America/Los_Angeles,disneyland,Disneyland,Fantasyland,280,Mr. Toad's Wild Ride,TRUE,5,2026-08-23T16:05:42.000Z,2026-08-23 09:05:42,https://queue-times.com/parks/16/queue_times.json
2026-08-23T16:08:34.948Z,2026-08-23 09:08:34,2026-08-23,America/Los_Angeles,disneyland,Disneyland,Fantasyland,281,Peter Pan's Flight,TRUE,30,2026-08-23T16:05:42.000Z,2026-08-23 09:05:42,https://queue-times.com/parks/16/queue_times.json
2026-08-23T16:08:34.948Z,2026-08-23 09:08:34,2026-08-23,America/Los_Angeles,disneyland,Disneyland,Fantasyland,282,Pinocchio's Daring Journey,TRUE,5,2026-08-23T16:05:42.000Z,2026-08-23 09:05:42,https://queue-times.com/parks/16/queue_times.json
2026-08-23T16:08:34.948Z,2026-08-23 09:08:34,2026-08-23,America/Los_Angeles,disneyland,Disneyland,Fantasyland,687,Sleeping Beauty Castle Walkthrough,FALSE,0,2026-08-23T16:05:42.000Z,2026-08-23 09:05:42,https://queue-times.com/parks/16/queue_times.json
2026-08-23T16:08:34.948Z,2026-08-23 09:08:34,2026-08-23,America/Los_Angeles,disneyland,Disneyland,Fantasyland,283,Snow White's Enchanted Wish,TRUE,5,2026-08-23T16:05:42.000Z,2026-08-23 09:05:42,https://queue-times.com/parks/16/queue_times.json
2026-08-23T16:08:34.948Z,2026-08-23 09:08:34,2026-08-23,America/Los_Angeles,disneyland,Disneyland,Fantasyland,305,Storybook Land Canal Boats,TRUE,10,2026-08-23T16:05:42.000Z,2026-08-23 09:05:42,https://queue-times.com/parks/16/queue_times.json
2026-08-23T16:08:34.948Z,2026-08-23 09:08:34,2026-08-23,America/Los_Angeles,disneyland,Disneyland,Frontierland,323,Big Thunder Mountain Railroad,TRUE,15,2026-08-23T16:05:42.000Z,2026-08-23 09:05:42,https://queue-times.com/parks/16/queue_times.json
2026-08-23T16:08:34.948Z,2026-08-23 09:08:34,2026-08-23,America/Los_Angeles,disneyland,Disneyland,Frontierland,679,Frontierland Shootin' Exposition,FALSE,0,2026-08-23T16:05:42.000Z,2026-08-23 09:05:42,https://queue-times.com/parks/16/queue_times.json
2026-08-23T16:08:34.948Z,2026-08-23 09:08:34,2026-08-23,America/Los_Angeles,disneyland,Disneyland,Frontierland,456,Mark Twain Riverboat,TRUE,0,2026-08-23T16:05:42.000Z,2026-08-23 09:05:42,https://queue-times.com/parks/16/queue_times.json
2026-08-23T16:08:34.948Z,2026-08-23 09:08:34,2026-08-23,America/Los_Angeles,disneyland,Disneyland,Frontierland,331,Pirate's Lair on Tom Sawyer Island,TRUE,5,2026-08-23T16:05:42.000Z,2026-08-23 09:05:42,https://queue-times.com/parks/16/queue_times.json
2026-08-23T16:08:34.948Z,2026-08-23 09:08:34,2026-08-23,America/Los_Angeles,disneyland,Disneyland,Frontierland,328,Sailing Ship Columbia,FALSE,0,2026-08-23T16:05:42.000Z,2026-08-23 09:05:42,https://queue-times.com/parks/16/queue_times.json
2026-08-23T16:08:34.948Z,2026-08-23 09:08:34,2026-08-23,America/Los_Angeles,disneyland,Disneyland,Main Street U.S.A,674,Disneyland Railroad,TRUE,5,2026-08-23T16:05:42.000Z,2026-08-23 09:05:42,https://queue-times.com/parks/16/queue_times.json
2026-08-23T16:08:34.948Z,2026-08-23 09:08:34,2026-08-23,America/Los_Angeles,disneyland,Disneyland,Main Street U.S.A,690,Great Moments with Mr. Lincoln,TRUE,0,2026-08-23T16:05:42.000Z,2026-08-23 09:05:42,https://queue-times.com/parks/16/queue_times.json
2026-08-23T16:08:34.948Z,2026-08-23 09:08:34,2026-08-23,America/Los_Angeles,disneyland,Disneyland,Main Street U.S.A,686,Main Street Cinema,FALSE,0,2026-08-23T16:05:42.000Z,2026-08-23 09:05:42,https://queue-times.com/parks/16/queue_times.json
2026-08-23T16:08:34.948Z,2026-08-23 09:08:34,2026-08-23,America/Los_Angeles,disneyland,Disneyland,Main Street U.S.A,691,Main Street Vehicles,TRUE,0,2026-08-23T16:05:42.000Z,2026-08-23 09:05:42,https://queue-times.com/parks/16/queue_times.json
2026-08-23T16:08:34.948Z,2026-08-23 09:08:34,2026-08-23,America/Los_Angeles,disneyland,Disneyland,Main Street U.S.A,14915,Opera House - Walt Disney - A Magical Life,TRUE,0,2026-08-23T16:05:42.000Z,2026-08-23 09:05:42,https://queue-times.com/parks/16/queue_times.json
2026-08-23T16:08:34.948Z,2026-08-23 09:08:34,2026-08-23,America/Los_Angeles,disneyland,Disneyland,Main Street U.S.A,695,The Disney Gallery,TRUE,0,2026-08-23T16:05:42.000Z,2026-08-23 09:05:42,https://queue-times.com/parks/16/queue_times.json
2026-08-23T16:08:34.948Z,2026-08-23 09:08:34,2026-08-23,America/Los_Angeles,disneyland,Disneyland,Main Street U.S.A,14923,Walt Disney - A Magical Life,FALSE,0,2026-08-23T16:05:42.000Z,2026-08-23 09:05:42,https://queue-times.com/parks/16/queue_times.json
2026-08-23T16:08:34.948Z,2026-08-23 09:08:34,2026-08-23,America/Los_Angeles,disneyland,Disneyland,Mickey's Toontown,324,Chip 'n' Dale's GADGETcoaster,TRUE,10,2026-08-23T16:05:42.000Z,2026-08-23 09:05:42,https://queue-times.com/parks/16/queue_times.json
2026-08-23T16:08:34.948Z,2026-08-23 09:08:34,2026-08-23,America/Los_Angeles,disneyland,Disneyland,Mickey's Toontown,13814,Donald's Duck Pond,TRUE,0,2026-08-23T16:05:42.000Z,2026-08-23 09:05:42,https://queue-times.com/parks/16/queue_times.json
2026-08-23T16:08:34.948Z,2026-08-23 09:08:34,2026-08-23,America/Los_Angeles,disneyland,Disneyland,Mickey's Toontown,11980,Goofy's How-to-Play Yard,TRUE,0,2026-08-23T16:05:42.000Z,2026-08-23 09:05:42,https://queue-times.com/parks/16/queue_times.json
2026-08-23T16:08:34.948Z,2026-08-23 09:08:34,2026-08-23,America/Los_Angeles,disneyland,Disneyland,Mickey's Toontown,11526,Mickey & Minnie's Runaway Railway,TRUE,5,2026-08-23T16:05:42.000Z,2026-08-23 09:05:42,https://queue-times.com/parks/16/queue_times.json
2026-08-23T16:08:34.948Z,2026-08-23 09:08:34,2026-08-23,America/Los_Angeles,disneyland,Disneyland,Mickey's Toontown,709,Mickey's House and Meet Mickey Mouse,TRUE,5,2026-08-23T16:05:42.000Z,2026-08-23 09:05:42,https://queue-times.com/parks/16/queue_times.json
2026-08-23T16:08:34.948Z,2026-08-23 09:08:34,2026-08-23,America/Los_Angeles,disneyland,Disneyland,Mickey's Toontown,327,Mickey's House and Meet Mickey Mouse,FALSE,0,2026-08-23T16:05:42.000Z,2026-08-23 09:05:42,https://queue-times.com/parks/16/queue_times.json
2026-08-23T16:08:34.948Z,2026-08-23 09:08:34,2026-08-23,America/Los_Angeles,disneyland,Disneyland,Mickey's Toontown,684,Minnie's House,TRUE,0,2026-08-23T16:05:42.000Z,2026-08-23 09:05:42,https://queue-times.com/parks/16/queue_times.json
2026-08-23T16:08:34.948Z,2026-08-23 09:08:34,2026-08-23,America/Los_Angeles,disneyland,Disneyland,Mickey's Toontown,332,Roger Rabbit's Car Toon Spin,TRUE,5,2026-08-23T16:05:42.000Z,2026-08-23 09:05:42,https://queue-times.com/parks/16/queue_times.json
2026-08-23T16:08:34.948Z,2026-08-23 09:08:34,2026-08-23,America/Los_Angeles,disneyland,Disneyland,New Orleans Square,13958,Haunted Mansion,FALSE,0,2026-08-21T05:25:59.000Z,2026-08-20 22:25:59,https://queue-times.com/parks/16/queue_times.json
2026-08-23T16:08:34.948Z,2026-08-23 09:08:34,2026-08-23,America/Los_Angeles,disneyland,Disneyland,New Orleans Square,325,Haunted Mansion Holiday,TRUE,35,2026-08-23T16:05:42.000Z,2026-08-23 09:05:42,https://queue-times.com/parks/16/queue_times.json
2026-08-23T16:08:34.948Z,2026-08-23 09:08:34,2026-08-23,America/Los_Angeles,disneyland,Disneyland,New Orleans Square,289,Pirates of the Caribbean,TRUE,10,2026-08-23T16:05:42.000Z,2026-08-23 09:05:42,https://queue-times.com/parks/16/queue_times.json
2026-08-23T16:08:34.948Z,2026-08-23 09:08:34,2026-08-23,America/Los_Angeles,disneyland,Disneyland,Star Wars: Galaxy's Edge,6339,Millennium Falcon: Smugglers Run,TRUE,5,2026-08-23T16:05:42.000Z,2026-08-23 09:05:42,https://queue-times.com/parks/16/queue_times.json
2026-08-23T16:08:34.948Z,2026-08-23 09:08:34,2026-08-23,America/Los_Angeles,disneyland,Disneyland,Star Wars: Galaxy's Edge,10903,Millennium Falcon: Smugglers Run Single Rider,TRUE,0,2026-08-23T16:05:42.000Z,2026-08-23 09:05:42,https://queue-times.com/parks/16/queue_times.json
2026-08-23T16:08:34.948Z,2026-08-23 09:08:34,2026-08-23,America/Los_Angeles,disneyland,Disneyland,Star Wars: Galaxy's Edge,6340,Star Wars: Rise of the Resistance,TRUE,45,2026-08-23T16:05:42.000Z,2026-08-23 09:05:42,https://queue-times.com/parks/16/queue_times.json
2026-08-23T16:08:34.948Z,2026-08-23 09:08:34,2026-08-23,America/Los_Angeles,disneyland,Disneyland,Tomorrowland,287,Astro Orbitor,TRUE,10,2026-08-23T16:05:42.000Z,2026-08-23 09:05:42,https://queue-times.com/parks/16/queue_times.json
2026-08-23T16:08:34.948Z,2026-08-23 09:08:34,2026-08-23,America/Los_Angeles,disneyland,Disneyland,Tomorrowland,317,Autopia,TRUE,5,2026-08-23T16:05:42.000Z,2026-08-23 09:05:42,https://queue-times.com/parks/16/queue_times.json
2026-08-23T16:08:34.948Z,2026-08-23 09:08:34,2026-08-23,America/Los_Angeles,disneyland,Disneyland,Tomorrowland,273,Buzz Lightyear Astro Blasters,TRUE,5,2026-08-23T16:05:42.000Z,2026-08-23 09:05:42,https://queue-times.com/parks/16/queue_times.json
2026-08-23T16:08:34.948Z,2026-08-23 09:08:34,2026-08-23,America/Los_Angeles,disneyland,Disneyland,Tomorrowland,274,Disneyland Monorail,TRUE,5,2026-08-23T16:05:42.000Z,2026-08-23 09:05:42,https://queue-times.com/parks/16/queue_times.json
2026-08-23T16:08:34.948Z,2026-08-23 09:08:34,2026-08-23,America/Los_Angeles,disneyland,Disneyland,Tomorrowland,276,Finding Nemo Submarine Voyage,TRUE,5,2026-08-23T16:05:42.000Z,2026-08-23 09:05:42,https://queue-times.com/parks/16/queue_times.json
2026-08-23T16:08:34.948Z,2026-08-23 09:08:34,2026-08-23,America/Los_Angeles,disneyland,Disneyland,Tomorrowland,16627,Pixar Short Film Spotlight,FALSE,0,2026-08-23T16:05:42.000Z,2026-08-23 09:05:42,https://queue-times.com/parks/16/queue_times.json
2026-08-23T16:08:34.948Z,2026-08-23 09:08:34,2026-08-23,America/Los_Angeles,disneyland,Disneyland,Tomorrowland,284,Space Mountain,TRUE,15,2026-08-23T16:05:42.000Z,2026-08-23 09:05:42,https://queue-times.com/parks/16/queue_times.json
2026-08-23T16:08:34.948Z,2026-08-23 09:08:34,2026-08-23,America/Los_Angeles,disneyland,Disneyland,Tomorrowland,286,Star Tours - The Adventures Continue,TRUE,5,2026-08-23T16:05:42.000Z,2026-08-23 09:05:42,https://queue-times.com/parks/16/queue_times.json
2026-08-23T16:08:34.948Z,2026-08-23 09:08:34,2026-08-23,America/Los_Angeles,dca,Disney California Adventure,Avengers Campus,329,Guardians of the Galaxy - Mission: BREAKOUT!,TRUE,25,2026-08-23T16:05:42.000Z,2026-08-23 09:05:42,https://queue-times.com/parks/17/queue_times.json
2026-08-23T16:08:34.948Z,2026-08-23 09:08:34,2026-08-23,America/Los_Angeles,dca,Disney California Adventure,Avengers Campus,8843,WEB SLINGERS: A Spider-Man Adventure,TRUE,20,2026-08-23T16:05:42.000Z,2026-08-23 09:05:42,https://queue-times.com/parks/17/queue_times.json
2026-08-23T16:08:34.948Z,2026-08-23 09:08:34,2026-08-23,America/Los_Angeles,dca,Disney California Adventure,Avengers Campus,10907,WEB SLINGERS: A Spider-Man Adventure Single Rider,TRUE,0,2026-08-23T16:05:42.000Z,2026-08-23 09:05:42,https://queue-times.com/parks/17/queue_times.json
2026-08-23T16:08:34.948Z,2026-08-23 09:08:34,2026-08-23,America/Los_Angeles,dca,Disney California Adventure,Cars Land,2608,Luigi's Honkin' Haul-O-Ween,TRUE,5,2026-08-23T16:05:42.000Z,2026-08-23 09:05:42,https://queue-times.com/parks/17/queue_times.json
2026-08-23T16:08:34.948Z,2026-08-23 09:08:34,2026-08-23,America/Los_Angeles,dca,Disney California Adventure,Cars Land,13961,Luigi's Rollickin' Roadsters,FALSE,0,2026-08-18T08:55:45.000Z,2026-08-18 01:55:45,https://queue-times.com/parks/17/queue_times.json
2026-08-23T16:08:34.948Z,2026-08-23 09:08:34,2026-08-23,America/Los_Angeles,dca,Disney California Adventure,Cars Land,315,Mater's Junkyard Jamboree,FALSE,0,2026-08-18T08:55:45.000Z,2026-08-18 01:55:45,https://queue-times.com/parks/17/queue_times.json
2026-08-23T16:08:34.948Z,2026-08-23 09:08:34,2026-08-23,America/Los_Angeles,dca,Disney California Adventure,Cars Land,295,Radiator Springs Racers,TRUE,45,2026-08-23T16:05:42.000Z,2026-08-23 09:05:42,https://queue-times.com/parks/17/queue_times.json
2026-08-23T16:08:34.948Z,2026-08-23 09:08:34,2026-08-23,America/Los_Angeles,dca,Disney California Adventure,Cars Land,10904,Radiator Springs Racers Single Rider,TRUE,0,2026-08-23T16:05:42.000Z,2026-08-23 09:05:42,https://queue-times.com/parks/17/queue_times.json
2026-08-23T16:08:34.948Z,2026-08-23 09:08:34,2026-08-23,America/Los_Angeles,dca,Disney California Adventure,Grizzly Peak,302,Grizzly River Run,TRUE,5,2026-08-23T16:05:42.000Z,2026-08-23 09:05:42,https://queue-times.com/parks/17/queue_times.json
2026-08-23T16:08:34.948Z,2026-08-23 09:08:34,2026-08-23,America/Los_Angeles,dca,Disney California Adventure,Grizzly Peak,293,Redwood Creek Challenge Trail,FALSE,0,2026-08-23T16:05:42.000Z,2026-08-23 09:05:42,https://queue-times.com/parks/17/queue_times.json
2026-08-23T16:08:34.948Z,2026-08-23 09:08:34,2026-08-23,America/Los_Angeles,dca,Disney California Adventure,Grizzly Peak,17129,Soarin’ Across America,TRUE,5,2026-08-23T16:05:42.000Z,2026-08-23 09:05:42,https://queue-times.com/parks/17/queue_times.json
2026-08-23T16:08:34.948Z,2026-08-23 09:08:34,2026-08-23,America/Los_Angeles,dca,Disney California Adventure,Hollywood Land,321,Animation Academy,TRUE,0,2026-08-23T16:05:42.000Z,2026-08-23 09:05:42,https://queue-times.com/parks/17/queue_times.json
2026-08-23T16:08:34.948Z,2026-08-23 09:08:34,2026-08-23,America/Los_Angeles,dca,Disney California Adventure,Hollywood Land,6440,Mickey's PhilharMagic,TRUE,0,2026-08-23T16:05:42.000Z,2026-08-23 09:05:42,https://queue-times.com/parks/17/queue_times.json
2026-08-23T16:08:34.948Z,2026-08-23 09:08:34,2026-08-23,America/Los_Angeles,dca,Disney California Adventure,Hollywood Land,291,"Monsters, Inc. Mike & Sulley to the Rescue!",TRUE,5,2026-08-23T16:05:42.000Z,2026-08-23 09:05:42,https://queue-times.com/parks/17/queue_times.json
2026-08-23T16:08:34.948Z,2026-08-23 09:08:34,2026-08-23,America/Los_Angeles,dca,Disney California Adventure,Hollywood Land,868,Sorcerer's Workshop,TRUE,0,2026-08-23T16:05:42.000Z,2026-08-23 09:05:42,https://queue-times.com/parks/17/queue_times.json
2026-08-23T16:08:34.948Z,2026-08-23 09:08:34,2026-08-23,America/Los_Angeles,dca,Disney California Adventure,Hollywood Land,294,Turtle Talk with Crush,TRUE,0,2026-08-23T16:05:42.000Z,2026-08-23 09:05:42,https://queue-times.com/parks/17/queue_times.json
2026-08-23T16:08:34.948Z,2026-08-23 09:08:34,2026-08-23,America/Los_Angeles,dca,Disney California Adventure,Pacific Wharf,869,The Bakery Tour,TRUE,0,2026-08-23T16:05:42.000Z,2026-08-23 09:05:42,https://queue-times.com/parks/17/queue_times.json
2026-08-23T16:08:34.948Z,2026-08-23 09:08:34,2026-08-23,America/Los_Angeles,dca,Disney California Adventure,Paradise Gardens Park,298,Golden Zephyr,FALSE,0,2026-08-23T16:05:42.000Z,2026-08-23 09:05:42,https://queue-times.com/parks/17/queue_times.json
2026-08-23T16:08:34.948Z,2026-08-23 09:08:34,2026-08-23,America/Los_Angeles,dca,Disney California Adventure,Paradise Gardens Park,319,Goofy's Sky School,TRUE,5,2026-08-23T16:05:42.000Z,2026-08-23 09:05:42,https://queue-times.com/parks/17/queue_times.json
2026-08-23T16:08:34.948Z,2026-08-23 09:08:34,2026-08-23,America/Los_Angeles,dca,Disney California Adventure,Paradise Gardens Park,301,Silly Symphony Swings,FALSE,0,2026-08-23T16:05:42.000Z,2026-08-23 09:05:42,https://queue-times.com/parks/17/queue_times.json
2026-08-23T16:08:34.948Z,2026-08-23 09:08:34,2026-08-23,America/Los_Angeles,dca,Disney California Adventure,Paradise Gardens Park,316,The Little Mermaid - Ariel's Undersea Adventure,TRUE,5,2026-08-23T16:05:42.000Z,2026-08-23 09:05:42,https://queue-times.com/parks/17/queue_times.json
2026-08-23T16:08:34.948Z,2026-08-23 09:08:34,2026-08-23,America/Los_Angeles,dca,Disney California Adventure,Paradise Gardens Park,11528,World of Color – ONE,FALSE,0,2026-08-23T16:05:42.000Z,2026-08-23 09:05:42,https://queue-times.com/parks/17/queue_times.json
2026-08-23T16:08:34.948Z,2026-08-23 09:08:34,2026-08-23,America/Los_Angeles,dca,Disney California Adventure,Pixar Pier,866,Games of Pixar Pier,TRUE,0,2026-08-23T16:05:42.000Z,2026-08-23 09:05:42,https://queue-times.com/parks/17/queue_times.json
2026-08-23T16:08:34.948Z,2026-08-23 09:08:34,2026-08-23,America/Los_Angeles,dca,Disney California Adventure,Pixar Pier,322,Incredicoaster,TRUE,25,2026-08-23T16:05:42.000Z,2026-08-23 09:05:42,https://queue-times.com/parks/17/queue_times.json
2026-08-23T16:08:34.948Z,2026-08-23 09:08:34,2026-08-23,America/Los_Angeles,dca,Disney California Adventure,Pixar Pier,10906,Incredicoaster Single Rider,TRUE,0,2026-08-23T16:05:42.000Z,2026-08-23 09:05:42,https://queue-times.com/parks/17/queue_times.json
2026-08-23T16:08:34.948Z,2026-08-23 09:08:34,2026-08-23,America/Los_Angeles,dca,Disney California Adventure,Pixar Pier,6643,Inside Out Emotional Whirlwind,TRUE,5,2026-08-23T16:05:42.000Z,2026-08-23 09:05:42,https://queue-times.com/parks/17/queue_times.json
2026-08-23T16:08:34.948Z,2026-08-23 09:08:34,2026-08-23,America/Los_Angeles,dca,Disney California Adventure,Pixar Pier,310,Jessie's Critter Carousel,TRUE,5,2026-08-23T16:05:42.000Z,2026-08-23 09:05:42,https://queue-times.com/parks/17/queue_times.json
2026-08-23T16:08:34.948Z,2026-08-23 09:08:34,2026-08-23,America/Los_Angeles,dca,Disney California Adventure,Pixar Pier,300,Jumpin' Jellyfish,TRUE,5,2026-08-23T16:05:42.000Z,2026-08-23 09:05:42,https://queue-times.com/parks/17/queue_times.json
2026-08-23T16:08:34.948Z,2026-08-23 09:08:34,2026-08-23,America/Los_Angeles,dca,Disney California Adventure,Pixar Pier,311,Pixar Pal-A-Round - Swinging,TRUE,5,2026-08-23T16:05:42.000Z,2026-08-23 09:05:42,https://queue-times.com/parks/17/queue_times.json
2026-08-23T16:08:34.948Z,2026-08-23 09:08:34,2026-08-23,America/Los_Angeles,dca,Disney California Adventure,Pixar Pier,5557,Pixar Pal-A-Round – Non-Swinging,TRUE,5,2026-08-23T16:05:42.000Z,2026-08-23 09:05:42,https://queue-times.com/parks/17/queue_times.json
2026-08-23T16:08:34.948Z,2026-08-23 09:08:34,2026-08-23,America/Los_Angeles,dca,Disney California Adventure,Pixar Pier,313,Toy Story Midway Mania!,TRUE,30,2026-08-23T16:05:42.000Z,2026-08-23 09:05:42,https://queue-times.com/parks/17/queue_times.json
2026-08-23T16:08:34.948Z,2026-08-23 09:08:34,2026-08-23,America/Los_Angeles,dca,Disney California Adventure,Halloween,5146,Guardians of the Galaxy - Monsters After Dark,FALSE,0,2026-08-23T16:05:42.000Z,2026-08-23 09:05:42,https://queue-times.com/parks/17/queue_times.json
2026-08-23T16:08:34.948Z,2026-08-23 09:08:34,2026-08-23,America/Los_Angeles,dca,Disney California Adventure,Halloween,4723,Mater's Graveyard JamBOOree,TRUE,5,2026-08-23T16:05:42.000Z,2026-08-23 09:05:42,https://queue-times.com/parks/17/queue_times.json
2026-08-23T16:08:34.948Z,2026-08-23 09:08:34,2026-08-23,America/Los_Angeles,dca,Disney California Adventure,Halloween,7292,Villains Grove at Oogie Boogie Bash,FALSE,0,2026-08-23T16:05:42.000Z,2026-08-23 09:05:42,https://queue-times.com/parks/17/queue_times.json
2026-08-23T16:15:18.887Z,2026-08-23 09:15:18,2026-08-23,America/Los_Angeles,disneyland,Disneyland,Adventureland,12428,Adventureland Treehouse inspired by Walt Disney’s Swiss Family Robinson,TRUE,0,2026-08-23T16:10:44.000Z,2026-08-23 09:10:44,https://queue-times.com/parks/16/queue_times.json
2026-08-23T16:15:18.887Z,2026-08-23 09:15:18,2026-08-23,America/Los_Angeles,disneyland,Disneyland,Adventureland,326,Indiana Jones™ Adventure,FALSE,0,2026-08-23T16:10:44.000Z,2026-08-23 09:10:44,https://queue-times.com/parks/16/queue_times.json
2026-08-23T16:15:18.887Z,2026-08-23 09:15:18,2026-08-23,America/Los_Angeles,disneyland,Disneyland,Adventureland,296,Jungle Cruise,TRUE,5,2026-08-23T16:10:44.000Z,2026-08-23 09:10:44,https://queue-times.com/parks/16/queue_times.json
2026-08-23T16:15:18.887Z,2026-08-23 09:15:18,2026-08-23,America/Los_Angeles,disneyland,Disneyland,Adventureland,288,Walt Disney's Enchanted Tiki Room,TRUE,0,2026-08-23T16:10:44.000Z,2026-08-23 09:10:44,https://queue-times.com/parks/16/queue_times.json
2026-08-23T16:15:18.887Z,2026-08-23 09:15:18,2026-08-23,America/Los_Angeles,disneyland,Disneyland,Bayou Country,304,Davy Crockett's Explorer Canoes,FALSE,0,2026-08-23T16:10:44.000Z,2026-08-23 09:10:44,https://queue-times.com/parks/16/queue_times.json
2026-08-23T16:15:18.887Z,2026-08-23 09:15:18,2026-08-23,America/Los_Angeles,disneyland,Disneyland,Bayou Country,306,The Many Adventures of Winnie the Pooh,TRUE,5,2026-08-23T16:10:44.000Z,2026-08-23 09:10:44,https://queue-times.com/parks/16/queue_times.json
2026-08-23T16:15:18.887Z,2026-08-23 09:15:18,2026-08-23,America/Los_Angeles,disneyland,Disneyland,Bayou Country,14168,Tiana's Bayou Adventure,TRUE,5,2026-08-23T16:10:44.000Z,2026-08-23 09:10:44,https://queue-times.com/parks/16/queue_times.json
2026-08-23T16:15:18.887Z,2026-08-23 09:15:18,2026-08-23,America/Los_Angeles,disneyland,Disneyland,Bayou Country,14326,Tiana's Bayou Adventure Single Rider,TRUE,0,2026-08-23T16:10:44.000Z,2026-08-23 09:10:44,https://queue-times.com/parks/16/queue_times.json
2026-08-23T16:15:18.887Z,2026-08-23 09:15:18,2026-08-23,America/Los_Angeles,disneyland,Disneyland,Fantasyland,307,"""it's a small world""",TRUE,5,2026-08-23T16:10:44.000Z,2026-08-23 09:10:44,https://queue-times.com/parks/16/queue_times.json
2026-08-23T16:15:18.887Z,2026-08-23 09:15:18,2026-08-23,America/Los_Angeles,disneyland,Disneyland,Fantasyland,285,Alice in Wonderland,TRUE,20,2026-08-23T16:10:44.000Z,2026-08-23 09:10:44,https://queue-times.com/parks/16/queue_times.json
2026-08-23T16:15:18.887Z,2026-08-23 09:15:18,2026-08-23,America/Los_Angeles,disneyland,Disneyland,Fantasyland,16254,Bluey’s Best Day Ever! at Fantasyland Theatre,TRUE,0,2026-08-23T16:10:44.000Z,2026-08-23 09:10:44,https://queue-times.com/parks/16/queue_times.json
2026-08-23T16:15:18.887Z,2026-08-23 09:15:18,2026-08-23,America/Los_Angeles,disneyland,Disneyland,Fantasyland,303,Casey Jr. Circus Train,FALSE,0,2026-08-23T16:10:44.000Z,2026-08-23 09:10:44,https://queue-times.com/parks/16/queue_times.json
2026-08-23T16:15:18.887Z,2026-08-23 09:15:18,2026-08-23,America/Los_Angeles,disneyland,Disneyland,Fantasyland,275,Dumbo the Flying Elephant,TRUE,10,2026-08-23T16:10:44.000Z,2026-08-23 09:10:44,https://queue-times.com/parks/16/queue_times.json
2026-08-23T16:15:18.887Z,2026-08-23 09:15:18,2026-08-23,America/Los_Angeles,disneyland,Disneyland,Fantasyland,277,King Arthur Carrousel,TRUE,5,2026-08-23T16:10:44.000Z,2026-08-23 09:10:44,https://queue-times.com/parks/16/queue_times.json
2026-08-23T16:15:18.887Z,2026-08-23 09:15:18,2026-08-23,America/Los_Angeles,disneyland,Disneyland,Fantasyland,278,Mad Tea Party,TRUE,5,2026-08-23T16:10:44.000Z,2026-08-23 09:10:44,https://queue-times.com/parks/16/queue_times.json
2026-08-23T16:15:18.887Z,2026-08-23 09:15:18,2026-08-23,America/Los_Angeles,disneyland,Disneyland,Fantasyland,279,Matterhorn Bobsleds,TRUE,5,2026-08-23T16:10:44.000Z,2026-08-23 09:10:44,https://queue-times.com/parks/16/queue_times.json
2026-08-23T16:15:18.887Z,2026-08-23 09:15:18,2026-08-23,America/Los_Angeles,disneyland,Disneyland,Fantasyland,6711,Meet Disney Princesses at Royal Hall,FALSE,0,2026-08-23T16:10:44.000Z,2026-08-23 09:10:44,https://queue-times.com/parks/16/queue_times.json
2026-08-23T16:15:18.887Z,2026-08-23 09:15:18,2026-08-23,America/Los_Angeles,disneyland,Disneyland,Fantasyland,280,Mr. Toad's Wild Ride,TRUE,5,2026-08-23T16:10:44.000Z,2026-08-23 09:10:44,https://queue-times.com/parks/16/queue_times.json
2026-08-23T16:15:18.887Z,2026-08-23 09:15:18,2026-08-23,America/Los_Angeles,disneyland,Disneyland,Fantasyland,281,Peter Pan's Flight,TRUE,30,2026-08-23T16:10:44.000Z,2026-08-23 09:10:44,https://queue-times.com/parks/16/queue_times.json
2026-08-23T16:15:18.887Z,2026-08-23 09:15:18,2026-08-23,America/Los_Angeles,disneyland,Disneyland,Fantasyland,282,Pinocchio's Daring Journey,TRUE,5,2026-08-23T16:10:44.000Z,2026-08-23 09:10:44,https://queue-times.com/parks/16/queue_times.json
2026-08-23T16:15:18.887Z,2026-08-23 09:15:18,2026-08-23,America/Los_Angeles,disneyland,Disneyland,Fantasyland,687,Sleeping Beauty Castle Walkthrough,FALSE,0,2026-08-23T16:10:44.000Z,2026-08-23 09:10:44,https://queue-times.com/parks/16/queue_times.json
2026-08-23T16:15:18.887Z,2026-08-23 09:15:18,2026-08-23,America/Los_Angeles,disneyland,Disneyland,Fantasyland,283,Snow White's Enchanted Wish,TRUE,5,2026-08-23T16:10:44.000Z,2026-08-23 09:10:44,https://queue-times.com/parks/16/queue_times.json
2026-08-23T16:15:18.887Z,2026-08-23 09:15:18,2026-08-23,America/Los_Angeles,disneyland,Disneyland,Fantasyland,305,Storybook Land Canal Boats,TRUE,10,2026-08-23T16:10:44.000Z,2026-08-23 09:10:44,https://queue-times.com/parks/16/queue_times.json
2026-08-23T16:15:18.887Z,2026-08-23 09:15:18,2026-08-23,America/Los_Angeles,disneyland,Disneyland,Frontierland,323,Big Thunder Mountain Railroad,TRUE,15,2026-08-23T16:10:44.000Z,2026-08-23 09:10:44,https://queue-times.com/parks/16/queue_times.json
2026-08-23T16:15:18.887Z,2026-08-23 09:15:18,2026-08-23,America/Los_Angeles,disneyland,Disneyland,Frontierland,679,Frontierland Shootin' Exposition,FALSE,0,2026-08-23T16:10:44.000Z,2026-08-23 09:10:44,https://queue-times.com/parks/16/queue_times.json
2026-08-23T16:15:18.887Z,2026-08-23 09:15:18,2026-08-23,America/Los_Angeles,disneyland,Disneyland,Frontierland,456,Mark Twain Riverboat,TRUE,10,2026-08-23T16:10:44.000Z,2026-08-23 09:10:44,https://queue-times.com/parks/16/queue_times.json
2026-08-23T16:15:18.887Z,2026-08-23 09:15:18,2026-08-23,America/Los_Angeles,disneyland,Disneyland,Frontierland,331,Pirate's Lair on Tom Sawyer Island,TRUE,5,2026-08-23T16:10:44.000Z,2026-08-23 09:10:44,https://queue-times.com/parks/16/queue_times.json
2026-08-23T16:15:18.887Z,2026-08-23 09:15:18,2026-08-23,America/Los_Angeles,disneyland,Disneyland,Frontierland,328,Sailing Ship Columbia,FALSE,0,2026-08-23T16:10:44.000Z,2026-08-23 09:10:44,https://queue-times.com/parks/16/queue_times.json
2026-08-23T16:15:18.887Z,2026-08-23 09:15:18,2026-08-23,America/Los_Angeles,disneyland,Disneyland,Main Street U.S.A,674,Disneyland Railroad,TRUE,5,2026-08-23T16:10:44.000Z,2026-08-23 09:10:44,https://queue-times.com/parks/16/queue_times.json
2026-08-23T16:15:18.887Z,2026-08-23 09:15:18,2026-08-23,America/Los_Angeles,disneyland,Disneyland,Main Street U.S.A,690,Great Moments with Mr. Lincoln,TRUE,0,2026-08-23T16:10:44.000Z,2026-08-23 09:10:44,https://queue-times.com/parks/16/queue_times.json
2026-08-23T16:15:18.887Z,2026-08-23 09:15:18,2026-08-23,America/Los_Angeles,disneyland,Disneyland,Main Street U.S.A,686,Main Street Cinema,FALSE,0,2026-08-23T16:10:44.000Z,2026-08-23 09:10:44,https://queue-times.com/parks/16/queue_times.json
2026-08-23T16:15:18.887Z,2026-08-23 09:15:18,2026-08-23,America/Los_Angeles,disneyland,Disneyland,Main Street U.S.A,691,Main Street Vehicles,TRUE,0,2026-08-23T16:10:44.000Z,2026-08-23 09:10:44,https://queue-times.com/parks/16/queue_times.json
2026-08-23T16:15:18.887Z,2026-08-23 09:15:18,2026-08-23,America/Los_Angeles,disneyland,Disneyland,Main Street U.S.A,14915,Opera House - Walt Disney - A Magical Life,TRUE,0,2026-08-23T16:10:44.000Z,2026-08-23 09:10:44,https://queue-times.com/parks/16/queue_times.json
2026-08-23T16:15:18.887Z,2026-08-23 09:15:18,2026-08-23,America/Los_Angeles,disneyland,Disneyland,Main Street U.S.A,695,The Disney Gallery,TRUE,0,2026-08-23T16:10:44.000Z,2026-08-23 09:10:44,https://queue-times.com/parks/16/queue_times.json
2026-08-23T16:15:18.887Z,2026-08-23 09:15:18,2026-08-23,America/Los_Angeles,disneyland,Disneyland,Main Street U.S.A,14923,Walt Disney - A Magical Life,FALSE,0,2026-08-23T16:10:44.000Z,2026-08-23 09:10:44,https://queue-times.com/parks/16/queue_times.json
2026-08-23T16:15:18.887Z,2026-08-23 09:15:18,2026-08-23,America/Los_Angeles,disneyland,Disneyland,Mickey's Toontown,324,Chip 'n' Dale's GADGETcoaster,TRUE,10,2026-08-23T16:10:44.000Z,2026-08-23 09:10:44,https://queue-times.com/parks/16/queue_times.json
2026-08-23T16:15:18.887Z,2026-08-23 09:15:18,2026-08-23,America/Los_Angeles,disneyland,Disneyland,Mickey's Toontown,13814,Donald's Duck Pond,TRUE,0,2026-08-23T16:10:44.000Z,2026-08-23 09:10:44,https://queue-times.com/parks/16/queue_times.json
2026-08-23T16:15:18.887Z,2026-08-23 09:15:18,2026-08-23,America/Los_Angeles,disneyland,Disneyland,Mickey's Toontown,11980,Goofy's How-to-Play Yard,TRUE,0,2026-08-23T16:10:44.000Z,2026-08-23 09:10:44,https://queue-times.com/parks/16/queue_times.json
2026-08-23T16:15:18.887Z,2026-08-23 09:15:18,2026-08-23,America/Los_Angeles,disneyland,Disneyland,Mickey's Toontown,11526,Mickey & Minnie's Runaway Railway,TRUE,5,2026-08-23T16:10:44.000Z,2026-08-23 09:10:44,https://queue-times.com/parks/16/queue_times.json
2026-08-23T16:15:18.887Z,2026-08-23 09:15:18,2026-08-23,America/Los_Angeles,disneyland,Disneyland,Mickey's Toontown,709,Mickey's House and Meet Mickey Mouse,TRUE,5,2026-08-23T16:10:44.000Z,2026-08-23 09:10:44,https://queue-times.com/parks/16/queue_times.json
2026-08-23T16:15:18.887Z,2026-08-23 09:15:18,2026-08-23,America/Los_Angeles,disneyland,Disneyland,Mickey's Toontown,327,Mickey's House and Meet Mickey Mouse,FALSE,0,2026-08-23T16:10:44.000Z,2026-08-23 09:10:44,https://queue-times.com/parks/16/queue_times.json
2026-08-23T16:15:18.887Z,2026-08-23 09:15:18,2026-08-23,America/Los_Angeles,disneyland,Disneyland,Mickey's Toontown,684,Minnie's House,TRUE,0,2026-08-23T16:10:44.000Z,2026-08-23 09:10:44,https://queue-times.com/parks/16/queue_times.json
2026-08-23T16:15:18.887Z,2026-08-23 09:15:18,2026-08-23,America/Los_Angeles,disneyland,Disneyland,Mickey's Toontown,332,Roger Rabbit's Car Toon Spin,TRUE,5,2026-08-23T16:10:44.000Z,2026-08-23 09:10:44,https://queue-times.com/parks/16/queue_times.json
2026-08-23T16:15:18.887Z,2026-08-23 09:15:18,2026-08-23,America/Los_Angeles,disneyland,Disneyland,New Orleans Square,13958,Haunted Mansion,FALSE,0,2026-08-21T05:25:59.000Z,2026-08-20 22:25:59,https://queue-times.com/parks/16/queue_times.json
2026-08-23T16:15:18.887Z,2026-08-23 09:15:18,2026-08-23,America/Los_Angeles,disneyland,Disneyland,New Orleans Square,325,Haunted Mansion Holiday,TRUE,35,2026-08-23T16:10:44.000Z,2026-08-23 09:10:44,https://queue-times.com/parks/16/queue_times.json
2026-08-23T16:15:18.887Z,2026-08-23 09:15:18,2026-08-23,America/Los_Angeles,disneyland,Disneyland,New Orleans Square,289,Pirates of the Caribbean,TRUE,10,2026-08-23T16:10:44.000Z,2026-08-23 09:10:44,https://queue-times.com/parks/16/queue_times.json
2026-08-23T16:15:18.887Z,2026-08-23 09:15:18,2026-08-23,America/Los_Angeles,disneyland,Disneyland,Star Wars: Galaxy's Edge,6339,Millennium Falcon: Smugglers Run,TRUE,5,2026-08-23T16:10:44.000Z,2026-08-23 09:10:44,https://queue-times.com/parks/16/queue_times.json
2026-08-23T16:15:18.887Z,2026-08-23 09:15:18,2026-08-23,America/Los_Angeles,disneyland,Disneyland,Star Wars: Galaxy's Edge,10903,Millennium Falcon: Smugglers Run Single Rider,TRUE,0,2026-08-23T16:10:44.000Z,2026-08-23 09:10:44,https://queue-times.com/parks/16/queue_times.json
2026-08-23T16:15:18.887Z,2026-08-23 09:15:18,2026-08-23,America/Los_Angeles,disneyland,Disneyland,Star Wars: Galaxy's Edge,6340,Star Wars: Rise of the Resistance,TRUE,45,2026-08-23T16:10:44.000Z,2026-08-23 09:10:44,https://queue-times.com/parks/16/queue_times.json
2026-08-23T16:15:18.887Z,2026-08-23 09:15:18,2026-08-23,America/Los_Angeles,disneyland,Disneyland,Tomorrowland,287,Astro Orbitor,TRUE,10,2026-08-23T16:10:44.000Z,2026-08-23 09:10:44,https://queue-times.com/parks/16/queue_times.json
2026-08-23T16:15:18.887Z,2026-08-23 09:15:18,2026-08-23,America/Los_Angeles,disneyland,Disneyland,Tomorrowland,317,Autopia,TRUE,5,2026-08-23T16:10:44.000Z,2026-08-23 09:10:44,https://queue-times.com/parks/16/queue_times.json
2026-08-23T16:15:18.887Z,2026-08-23 09:15:18,2026-08-23,America/Los_Angeles,disneyland,Disneyland,Tomorrowland,273,Buzz Lightyear Astro Blasters,TRUE,5,2026-08-23T16:10:44.000Z,2026-08-23 09:10:44,https://queue-times.com/parks/16/queue_times.json
2026-08-23T16:15:18.887Z,2026-08-23 09:15:18,2026-08-23,America/Los_Angeles,disneyland,Disneyland,Tomorrowland,274,Disneyland Monorail,TRUE,5,2026-08-23T16:10:44.000Z,2026-08-23 09:10:44,https://queue-times.com/parks/16/queue_times.json
2026-08-23T16:15:18.887Z,2026-08-23 09:15:18,2026-08-23,America/Los_Angeles,disneyland,Disneyland,Tomorrowland,276,Finding Nemo Submarine Voyage,TRUE,5,2026-08-23T16:10:44.000Z,2026-08-23 09:10:44,https://queue-times.com/parks/16/queue_times.json
2026-08-23T16:15:18.887Z,2026-08-23 09:15:18,2026-08-23,America/Los_Angeles,disneyland,Disneyland,Tomorrowland,16627,Pixar Short Film Spotlight,FALSE,0,2026-08-23T16:10:44.000Z,2026-08-23 09:10:44,https://queue-times.com/parks/16/queue_times.json
2026-08-23T16:15:18.887Z,2026-08-23 09:15:18,2026-08-23,America/Los_Angeles,disneyland,Disneyland,Tomorrowland,284,Space Mountain,TRUE,20,2026-08-23T16:10:44.000Z,2026-08-23 09:10:44,https://queue-times.com/parks/16/queue_times.json
2026-08-23T16:15:18.887Z,2026-08-23 09:15:18,2026-08-23,America/Los_Angeles,disneyland,Disneyland,Tomorrowland,286,Star Tours - The Adventures Continue,TRUE,5,2026-08-23T16:10:44.000Z,2026-08-23 09:10:44,https://queue-times.com/parks/16/queue_times.json
2026-08-23T16:15:18.887Z,2026-08-23 09:15:18,2026-08-23,America/Los_Angeles,dca,Disney California Adventure,Avengers Campus,329,Guardians of the Galaxy - Mission: BREAKOUT!,TRUE,25,2026-08-23T16:10:44.000Z,2026-08-23 09:10:44,https://queue-times.com/parks/17/queue_times.json
2026-08-23T16:15:18.887Z,2026-08-23 09:15:18,2026-08-23,America/Los_Angeles,dca,Disney California Adventure,Avengers Campus,8843,WEB SLINGERS: A Spider-Man Adventure,TRUE,25,2026-08-23T16:10:44.000Z,2026-08-23 09:10:44,https://queue-times.com/parks/17/queue_times.json
2026-08-23T16:15:18.887Z,2026-08-23 09:15:18,2026-08-23,America/Los_Angeles,dca,Disney California Adventure,Avengers Campus,10907,WEB SLINGERS: A Spider-Man Adventure Single Rider,TRUE,0,2026-08-23T16:10:44.000Z,2026-08-23 09:10:44,https://queue-times.com/parks/17/queue_times.json
2026-08-23T16:15:18.887Z,2026-08-23 09:15:18,2026-08-23,America/Los_Angeles,dca,Disney California Adventure,Cars Land,2608,Luigi's Honkin' Haul-O-Ween,TRUE,5,2026-08-23T16:10:44.000Z,2026-08-23 09:10:44,https://queue-times.com/parks/17/queue_times.json
2026-08-23T16:15:18.887Z,2026-08-23 09:15:18,2026-08-23,America/Los_Angeles,dca,Disney California Adventure,Cars Land,13961,Luigi's Rollickin' Roadsters,FALSE,0,2026-08-18T08:55:45.000Z,2026-08-18 01:55:45,https://queue-times.com/parks/17/queue_times.json
2026-08-23T16:15:18.887Z,2026-08-23 09:15:18,2026-08-23,America/Los_Angeles,dca,Disney California Adventure,Cars Land,315,Mater's Junkyard Jamboree,FALSE,0,2026-08-18T08:55:45.000Z,2026-08-18 01:55:45,https://queue-times.com/parks/17/queue_times.json
2026-08-23T16:15:18.887Z,2026-08-23 09:15:18,2026-08-23,America/Los_Angeles,dca,Disney California Adventure,Cars Land,295,Radiator Springs Racers,TRUE,60,2026-08-23T16:10:44.000Z,2026-08-23 09:10:44,https://queue-times.com/parks/17/queue_times.json
2026-08-23T16:15:18.887Z,2026-08-23 09:15:18,2026-08-23,America/Los_Angeles,dca,Disney California Adventure,Cars Land,10904,Radiator Springs Racers Single Rider,TRUE,0,2026-08-23T16:10:44.000Z,2026-08-23 09:10:44,https://queue-times.com/parks/17/queue_times.json
2026-08-23T16:15:18.887Z,2026-08-23 09:15:18,2026-08-23,America/Los_Angeles,dca,Disney California Adventure,Grizzly Peak,302,Grizzly River Run,TRUE,5,2026-08-23T16:10:44.000Z,2026-08-23 09:10:44,https://queue-times.com/parks/17/queue_times.json
2026-08-23T16:15:18.887Z,2026-08-23 09:15:18,2026-08-23,America/Los_Angeles,dca,Disney California Adventure,Grizzly Peak,293,Redwood Creek Challenge Trail,FALSE,0,2026-08-23T16:10:44.000Z,2026-08-23 09:10:44,https://queue-times.com/parks/17/queue_times.json
2026-08-23T16:15:18.887Z,2026-08-23 09:15:18,2026-08-23,America/Los_Angeles,dca,Disney California Adventure,Grizzly Peak,17129,Soarin’ Across America,TRUE,10,2026-08-23T16:10:44.000Z,2026-08-23 09:10:44,https://queue-times.com/parks/17/queue_times.json
2026-08-23T16:15:18.887Z,2026-08-23 09:15:18,2026-08-23,America/Los_Angeles,dca,Disney California Adventure,Hollywood Land,321,Animation Academy,TRUE,0,2026-08-23T16:10:44.000Z,2026-08-23 09:10:44,https://queue-times.com/parks/17/queue_times.json
2026-08-23T16:15:18.887Z,2026-08-23 09:15:18,2026-08-23,America/Los_Angeles,dca,Disney California Adventure,Hollywood Land,6440,Mickey's PhilharMagic,TRUE,10,2026-08-23T16:10:44.000Z,2026-08-23 09:10:44,https://queue-times.com/parks/17/queue_times.json
2026-08-23T16:15:18.887Z,2026-08-23 09:15:18,2026-08-23,America/Los_Angeles,dca,Disney California Adventure,Hollywood Land,291,"Monsters, Inc. Mike & Sulley to the Rescue!",TRUE,5,2026-08-23T16:10:44.000Z,2026-08-23 09:10:44,https://queue-times.com/parks/17/queue_times.json
2026-08-23T16:15:18.887Z,2026-08-23 09:15:18,2026-08-23,America/Los_Angeles,dca,Disney California Adventure,Hollywood Land,868,Sorcerer's Workshop,TRUE,0,2026-08-23T16:10:44.000Z,2026-08-23 09:10:44,https://queue-times.com/parks/17/queue_times.json
2026-08-23T16:15:18.887Z,2026-08-23 09:15:18,2026-08-23,America/Los_Angeles,dca,Disney California Adventure,Hollywood Land,294,Turtle Talk with Crush,TRUE,0,2026-08-23T16:10:44.000Z,2026-08-23 09:10:44,https://queue-times.com/parks/17/queue_times.json
2026-08-23T16:15:18.887Z,2026-08-23 09:15:18,2026-08-23,America/Los_Angeles,dca,Disney California Adventure,Pacific Wharf,869,The Bakery Tour,TRUE,0,2026-08-23T16:10:44.000Z,2026-08-23 09:10:44,https://queue-times.com/parks/17/queue_times.json
2026-08-23T16:15:18.887Z,2026-08-23 09:15:18,2026-08-23,America/Los_Angeles,dca,Disney California Adventure,Paradise Gardens Park,298,Golden Zephyr,FALSE,0,2026-08-23T16:10:44.000Z,2026-08-23 09:10:44,https://queue-times.com/parks/17/queue_times.json
2026-08-23T16:15:18.887Z,2026-08-23 09:15:18,2026-08-23,America/Los_Angeles,dca,Disney California Adventure,Paradise Gardens Park,319,Goofy's Sky School,TRUE,5,2026-08-23T16:10:44.000Z,2026-08-23 09:10:44,https://queue-times.com/parks/17/queue_times.json
2026-08-23T16:15:18.887Z,2026-08-23 09:15:18,2026-08-23,America/Los_Angeles,dca,Disney California Adventure,Paradise Gardens Park,301,Silly Symphony Swings,FALSE,0,2026-08-23T16:10:44.000Z,2026-08-23 09:10:44,https://queue-times.com/parks/17/queue_times.json
2026-08-23T16:15:18.887Z,2026-08-23 09:15:18,2026-08-23,America/Los_Angeles,dca,Disney California Adventure,Paradise Gardens Park,316,The Little Mermaid - Ariel's Undersea Adventure,TRUE,5,2026-08-23T16:10:44.000Z,2026-08-23 09:10:44,https://queue-times.com/parks/17/queue_times.json
2026-08-23T16:15:18.887Z,2026-08-23 09:15:18,2026-08-23,America/Los_Angeles,dca,Disney California Adventure,Paradise Gardens Park,11528,World of Color – ONE,FALSE,0,2026-08-23T16:10:44.000Z,2026-08-23 09:10:44,https://queue-times.com/parks/17/queue_times.json
2026-08-23T16:15:18.887Z,2026-08-23 09:15:18,2026-08-23,America/Los_Angeles,dca,Disney California Adventure,Pixar Pier,866,Games of Pixar Pier,TRUE,0,2026-08-23T16:10:44.000Z,2026-08-23 09:10:44,https://queue-times.com/parks/17/queue_times.json
2026-08-23T16:15:18.887Z,2026-08-23 09:15:18,2026-08-23,America/Los_Angeles,dca,Disney California Adventure,Pixar Pier,322,Incredicoaster,TRUE,5,2026-08-23T16:10:44.000Z,2026-08-23 09:10:44,https://queue-times.com/parks/17/queue_times.json
2026-08-23T16:15:18.887Z,2026-08-23 09:15:18,2026-08-23,America/Los_Angeles,dca,Disney California Adventure,Pixar Pier,10906,Incredicoaster Single Rider,TRUE,0,2026-08-23T16:10:44.000Z,2026-08-23 09:10:44,https://queue-times.com/parks/17/queue_times.json
2026-08-23T16:15:18.887Z,2026-08-23 09:15:18,2026-08-23,America/Los_Angeles,dca,Disney California Adventure,Pixar Pier,6643,Inside Out Emotional Whirlwind,TRUE,5,2026-08-23T16:10:44.000Z,2026-08-23 09:10:44,https://queue-times.com/parks/17/queue_times.json
2026-08-23T16:15:18.887Z,2026-08-23 09:15:18,2026-08-23,America/Los_Angeles,dca,Disney California Adventure,Pixar Pier,310,Jessie's Critter Carousel,TRUE,5,2026-08-23T16:10:44.000Z,2026-08-23 09:10:44,https://queue-times.com/parks/17/queue_times.json
2026-08-23T16:15:18.887Z,2026-08-23 09:15:18,2026-08-23,America/Los_Angeles,dca,Disney California Adventure,Pixar Pier,300,Jumpin' Jellyfish,TRUE,5,2026-08-23T16:10:44.000Z,2026-08-23 09:10:44,https://queue-times.com/parks/17/queue_times.json
2026-08-23T16:15:18.887Z,2026-08-23 09:15:18,2026-08-23,America/Los_Angeles,dca,Disney California Adventure,Pixar Pier,311,Pixar Pal-A-Round - Swinging,TRUE,5,2026-08-23T16:10:44.000Z,2026-08-23 09:10:44,https://queue-times.com/parks/17/queue_times.json
2026-08-23T16:15:18.887Z,2026-08-23 09:15:18,2026-08-23,America/Los_Angeles,dca,Disney California Adventure,Pixar Pier,5557,Pixar Pal-A-Round – Non-Swinging,TRUE,5,2026-08-23T16:10:44.000Z,2026-08-23 09:10:44,https://queue-times.com/parks/17/queue_times.json
2026-08-23T16:15:18.887Z,2026-08-23 09:15:18,2026-08-23,America/Los_Angeles,dca,Disney California Adventure,Pixar Pier,313,Toy Story Midway Mania!,TRUE,25,2026-08-23T16:10:44.000Z,2026-08-23 09:10:44,https://queue-times.com/parks/17/queue_times.json
2026-08-23T16:15:18.887Z,2026-08-23 09:15:18,2026-08-23,America/Los_Angeles,dca,Disney California Adventure,Halloween,5146,Guardians of the Galaxy - Monsters After Dark,FALSE,0,2026-08-23T16:10:44.000Z,2026-08-23 09:10:44,https://queue-times.com/parks/17/queue_times.json
2026-08-23T16:15:18.887Z,2026-08-23 09:15:18,2026-08-23,America/Los_Angeles,dca,Disney California Adventure,Halloween,4723,Mater's Graveyard JamBOOree,TRUE,5,2026-08-23T16:10:44.000Z,2026-08-23 09:10:44,https://queue-times.com/parks/17/queue_times.json
2026-08-23T16:15:18.887Z,2026-08-23 09:15:18,2026-08-23,America/Los_Angeles,dca,Disney California Adventure,Halloween,7292,Villains Grove at Oogie Boogie Bash,FALSE,0,2026-08-23T16:10:44.000Z,2026-08-23 09:10:44,https://queue-times.com/parks/17/queue_times.json
2026-08-23T16:30:24.160Z,2026-08-23 09:30:24,2026-08-23,America/Los_Angeles,disneyland,Disneyland,Adventureland,12428,Adventureland Treehouse inspired by Walt Disney’s Swiss Family Robinson,TRUE,0,2026-08-23T16:25:33.000Z,2026-08-23 09:25:33,https://queue-times.com/parks/16/queue_times.json
2026-08-23T16:30:24.160Z,2026-08-23 09:30:24,2026-08-23,America/Los_Angeles,disneyland,Disneyland,Adventureland,326,Indiana Jones™ Adventure,FALSE,0,2026-08-23T16:25:33.000Z,2026-08-23 09:25:33,https://queue-times.com/parks/16/queue_times.json
2026-08-23T16:30:24.160Z,2026-08-23 09:30:24,2026-08-23,America/Los_Angeles,disneyland,Disneyland,Adventureland,296,Jungle Cruise,TRUE,5,2026-08-23T16:25:33.000Z,2026-08-23 09:25:33,https://queue-times.com/parks/16/queue_times.json
2026-08-23T16:30:24.160Z,2026-08-23 09:30:24,2026-08-23,America/Los_Angeles,disneyland,Disneyland,Adventureland,288,Walt Disney's Enchanted Tiki Room,TRUE,0,2026-08-23T16:25:33.000Z,2026-08-23 09:25:33,https://queue-times.com/parks/16/queue_times.json
2026-08-23T16:30:24.160Z,2026-08-23 09:30:24,2026-08-23,America/Los_Angeles,disneyland,Disneyland,Bayou Country,304,Davy Crockett's Explorer Canoes,FALSE,0,2026-08-23T16:25:33.000Z,2026-08-23 09:25:33,https://queue-times.com/parks/16/queue_times.json
2026-08-23T16:30:24.160Z,2026-08-23 09:30:24,2026-08-23,America/Los_Angeles,disneyland,Disneyland,Bayou Country,306,The Many Adventures of Winnie the Pooh,TRUE,5,2026-08-23T16:25:33.000Z,2026-08-23 09:25:33,https://queue-times.com/parks/16/queue_times.json
2026-08-23T16:30:24.160Z,2026-08-23 09:30:24,2026-08-23,America/Los_Angeles,disneyland,Disneyland,Bayou Country,14168,Tiana's Bayou Adventure,TRUE,5,2026-08-23T16:25:33.000Z,2026-08-23 09:25:33,https://queue-times.com/parks/16/queue_times.json
2026-08-23T16:30:24.160Z,2026-08-23 09:30:24,2026-08-23,America/Los_Angeles,disneyland,Disneyland,Bayou Country,14326,Tiana's Bayou Adventure Single Rider,TRUE,0,2026-08-23T16:25:33.000Z,2026-08-23 09:25:33,https://queue-times.com/parks/16/queue_times.json
2026-08-23T16:30:24.160Z,2026-08-23 09:30:24,2026-08-23,America/Los_Angeles,disneyland,Disneyland,Fantasyland,307,"""it's a small world""",TRUE,5,2026-08-23T16:25:33.000Z,2026-08-23 09:25:33,https://queue-times.com/parks/16/queue_times.json
2026-08-23T16:30:24.160Z,2026-08-23 09:30:24,2026-08-23,America/Los_Angeles,disneyland,Disneyland,Fantasyland,285,Alice in Wonderland,TRUE,20,2026-08-23T16:25:33.000Z,2026-08-23 09:25:33,https://queue-times.com/parks/16/queue_times.json
2026-08-23T16:30:24.160Z,2026-08-23 09:30:24,2026-08-23,America/Los_Angeles,disneyland,Disneyland,Fantasyland,16254,Bluey’s Best Day Ever! at Fantasyland Theatre,TRUE,0,2026-08-23T16:25:33.000Z,2026-08-23 09:25:33,https://queue-times.com/parks/16/queue_times.json
2026-08-23T16:30:24.160Z,2026-08-23 09:30:24,2026-08-23,America/Los_Angeles,disneyland,Disneyland,Fantasyland,303,Casey Jr. Circus Train,TRUE,5,2026-08-23T16:25:33.000Z,2026-08-23 09:25:33,https://queue-times.com/parks/16/queue_times.json
2026-08-23T16:30:24.160Z,2026-08-23 09:30:24,2026-08-23,America/Los_Angeles,disneyland,Disneyland,Fantasyland,275,Dumbo the Flying Elephant,TRUE,10,2026-08-23T16:25:33.000Z,2026-08-23 09:25:33,https://queue-times.com/parks/16/queue_times.json
2026-08-23T16:30:24.160Z,2026-08-23 09:30:24,2026-08-23,America/Los_Angeles,disneyland,Disneyland,Fantasyland,277,King Arthur Carrousel,TRUE,5,2026-08-23T16:25:33.000Z,2026-08-23 09:25:33,https://queue-times.com/parks/16/queue_times.json
2026-08-23T16:30:24.160Z,2026-08-23 09:30:24,2026-08-23,America/Los_Angeles,disneyland,Disneyland,Fantasyland,278,Mad Tea Party,TRUE,5,2026-08-23T16:25:33.000Z,2026-08-23 09:25:33,https://queue-times.com/parks/16/queue_times.json
2026-08-23T16:30:24.160Z,2026-08-23 09:30:24,2026-08-23,America/Los_Angeles,disneyland,Disneyland,Fantasyland,279,Matterhorn Bobsleds,TRUE,5,2026-08-23T16:25:33.000Z,2026-08-23 09:25:33,https://queue-times.com/parks/16/queue_times.json
2026-08-23T16:30:24.160Z,2026-08-23 09:30:24,2026-08-23,America/Los_Angeles,disneyland,Disneyland,Fantasyland,6711,Meet Disney Princesses at Royal Hall,FALSE,0,2026-08-23T16:25:33.000Z,2026-08-23 09:25:33,https://queue-times.com/parks/16/queue_times.json
2026-08-23T16:30:24.160Z,2026-08-23 09:30:24,2026-08-23,America/Los_Angeles,disneyland,Disneyland,Fantasyland,280,Mr. Toad's Wild Ride,TRUE,5,2026-08-23T16:25:33.000Z,2026-08-23 09:25:33,https://queue-times.com/parks/16/queue_times.json
2026-08-23T16:30:24.160Z,2026-08-23 09:30:24,2026-08-23,America/Los_Angeles,disneyland,Disneyland,Fantasyland,281,Peter Pan's Flight,TRUE,30,2026-08-23T16:25:33.000Z,2026-08-23 09:25:33,https://queue-times.com/parks/16/queue_times.json
2026-08-23T16:30:24.160Z,2026-08-23 09:30:24,2026-08-23,America/Los_Angeles,disneyland,Disneyland,Fantasyland,282,Pinocchio's Daring Journey,TRUE,5,2026-08-23T16:25:33.000Z,2026-08-23 09:25:33,https://queue-times.com/parks/16/queue_times.json
2026-08-23T16:30:24.160Z,2026-08-23 09:30:24,2026-08-23,America/Los_Angeles,disneyland,Disneyland,Fantasyland,687,Sleeping Beauty Castle Walkthrough,FALSE,0,2026-08-23T16:25:33.000Z,2026-08-23 09:25:33,https://queue-times.com/parks/16/queue_times.json
2026-08-23T16:30:24.160Z,2026-08-23 09:30:24,2026-08-23,America/Los_Angeles,disneyland,Disneyland,Fantasyland,283,Snow White's Enchanted Wish,TRUE,5,2026-08-23T16:25:33.000Z,2026-08-23 09:25:33,https://queue-times.com/parks/16/queue_times.json
2026-08-23T16:30:24.160Z,2026-08-23 09:30:24,2026-08-23,America/Los_Angeles,disneyland,Disneyland,Fantasyland,305,Storybook Land Canal Boats,TRUE,5,2026-08-23T16:25:33.000Z,2026-08-23 09:25:33,https://queue-times.com/parks/16/queue_times.json
2026-08-23T16:30:24.160Z,2026-08-23 09:30:24,2026-08-23,America/Los_Angeles,disneyland,Disneyland,Frontierland,323,Big Thunder Mountain Railroad,TRUE,10,2026-08-23T16:25:33.000Z,2026-08-23 09:25:33,https://queue-times.com/parks/16/queue_times.json
2026-08-23T16:30:24.160Z,2026-08-23 09:30:24,2026-08-23,America/Los_Angeles,disneyland,Disneyland,Frontierland,679,Frontierland Shootin' Exposition,FALSE,0,2026-08-23T16:25:33.000Z,2026-08-23 09:25:33,https://queue-times.com/parks/16/queue_times.json
2026-08-23T16:30:24.160Z,2026-08-23 09:30:24,2026-08-23,America/Los_Angeles,disneyland,Disneyland,Frontierland,456,Mark Twain Riverboat,TRUE,10,2026-08-23T16:25:33.000Z,2026-08-23 09:25:33,https://queue-times.com/parks/16/queue_times.json
2026-08-23T16:30:24.160Z,2026-08-23 09:30:24,2026-08-23,America/Los_Angeles,disneyland,Disneyland,Frontierland,331,Pirate's Lair on Tom Sawyer Island,TRUE,5,2026-08-23T16:25:33.000Z,2026-08-23 09:25:33,https://queue-times.com/parks/16/queue_times.json
2026-08-23T16:30:24.160Z,2026-08-23 09:30:24,2026-08-23,America/Los_Angeles,disneyland,Disneyland,Frontierland,328,Sailing Ship Columbia,FALSE,0,2026-08-23T16:25:33.000Z,2026-08-23 09:25:33,https://queue-times.com/parks/16/queue_times.json
2026-08-23T16:30:24.160Z,2026-08-23 09:30:24,2026-08-23,America/Los_Angeles,disneyland,Disneyland,Main Street U.S.A,674,Disneyland Railroad,TRUE,5,2026-08-23T16:25:33.000Z,2026-08-23 09:25:33,https://queue-times.com/parks/16/queue_times.json
2026-08-23T16:30:24.160Z,2026-08-23 09:30:24,2026-08-23,America/Los_Angeles,disneyland,Disneyland,Main Street U.S.A,690,Great Moments with Mr. Lincoln,TRUE,0,2026-08-23T16:25:33.000Z,2026-08-23 09:25:33,https://queue-times.com/parks/16/queue_times.json
2026-08-23T16:30:24.160Z,2026-08-23 09:30:24,2026-08-23,America/Los_Angeles,disneyland,Disneyland,Main Street U.S.A,686,Main Street Cinema,FALSE,0,2026-08-23T16:25:33.000Z,2026-08-23 09:25:33,https://queue-times.com/parks/16/queue_times.json
2026-08-23T16:30:24.160Z,2026-08-23 09:30:24,2026-08-23,America/Los_Angeles,disneyland,Disneyland,Main Street U.S.A,691,Main Street Vehicles,TRUE,0,2026-08-23T16:25:33.000Z,2026-08-23 09:25:33,https://queue-times.com/parks/16/queue_times.json
2026-08-23T16:30:24.160Z,2026-08-23 09:30:24,2026-08-23,America/Los_Angeles,disneyland,Disneyland,Main Street U.S.A,14915,Opera House - Walt Disney - A Magical Life,TRUE,0,2026-08-23T16:25:33.000Z,2026-08-23 09:25:33,https://queue-times.com/parks/16/queue_times.json
2026-08-23T16:30:24.160Z,2026-08-23 09:30:24,2026-08-23,America/Los_Angeles,disneyland,Disneyland,Main Street U.S.A,695,The Disney Gallery,TRUE,0,2026-08-23T16:25:33.000Z,2026-08-23 09:25:33,https://queue-times.com/parks/16/queue_times.json
2026-08-23T16:30:24.160Z,2026-08-23 09:30:24,2026-08-23,America/Los_Angeles,disneyland,Disneyland,Main Street U.S.A,14923,Walt Disney - A Magical Life,FALSE,0,2026-08-23T16:25:33.000Z,2026-08-23 09:25:33,https://queue-times.com/parks/16/queue_times.json
2026-08-23T16:30:24.160Z,2026-08-23 09:30:24,2026-08-23,America/Los_Angeles,disneyland,Disneyland,Mickey's Toontown,324,Chip 'n' Dale's GADGETcoaster,TRUE,10,2026-08-23T16:25:33.000Z,2026-08-23 09:25:33,https://queue-times.com/parks/16/queue_times.json
2026-08-23T16:30:24.160Z,2026-08-23 09:30:24,2026-08-23,America/Los_Angeles,disneyland,Disneyland,Mickey's Toontown,13814,Donald's Duck Pond,TRUE,0,2026-08-23T16:25:33.000Z,2026-08-23 09:25:33,https://queue-times.com/parks/16/queue_times.json
2026-08-23T16:30:24.160Z,2026-08-23 09:30:24,2026-08-23,America/Los_Angeles,disneyland,Disneyland,Mickey's Toontown,11980,Goofy's How-to-Play Yard,TRUE,0,2026-08-23T16:25:33.000Z,2026-08-23 09:25:33,https://queue-times.com/parks/16/queue_times.json
2026-08-23T16:30:24.160Z,2026-08-23 09:30:24,2026-08-23,America/Los_Angeles,disneyland,Disneyland,Mickey's Toontown,11526,Mickey & Minnie's Runaway Railway,TRUE,10,2026-08-23T16:25:33.000Z,2026-08-23 09:25:33,https://queue-times.com/parks/16/queue_times.json
2026-08-23T16:30:24.160Z,2026-08-23 09:30:24,2026-08-23,America/Los_Angeles,disneyland,Disneyland,Mickey's Toontown,709,Mickey's House and Meet Mickey Mouse,TRUE,5,2026-08-23T16:25:33.000Z,2026-08-23 09:25:33,https://queue-times.com/parks/16/queue_times.json
2026-08-23T16:30:24.160Z,2026-08-23 09:30:24,2026-08-23,America/Los_Angeles,disneyland,Disneyland,Mickey's Toontown,327,Mickey's House and Meet Mickey Mouse,FALSE,0,2026-08-23T16:25:33.000Z,2026-08-23 09:25:33,https://queue-times.com/parks/16/queue_times.json
2026-08-23T16:30:24.160Z,2026-08-23 09:30:24,2026-08-23,America/Los_Angeles,disneyland,Disneyland,Mickey's Toontown,684,Minnie's House,TRUE,0,2026-08-23T16:25:33.000Z,2026-08-23 09:25:33,https://queue-times.com/parks/16/queue_times.json
2026-08-23T16:30:24.160Z,2026-08-23 09:30:24,2026-08-23,America/Los_Angeles,disneyland,Disneyland,Mickey's Toontown,332,Roger Rabbit's Car Toon Spin,TRUE,5,2026-08-23T16:25:33.000Z,2026-08-23 09:25:33,https://queue-times.com/parks/16/queue_times.json
2026-08-23T16:30:24.160Z,2026-08-23 09:30:24,2026-08-23,America/Los_Angeles,disneyland,Disneyland,New Orleans Square,13958,Haunted Mansion,FALSE,0,2026-08-21T05:25:59.000Z,2026-08-20 22:25:59,https://queue-times.com/parks/16/queue_times.json
2026-08-23T16:30:24.160Z,2026-08-23 09:30:24,2026-08-23,America/Los_Angeles,disneyland,Disneyland,New Orleans Square,325,Haunted Mansion Holiday,TRUE,35,2026-08-23T16:25:33.000Z,2026-08-23 09:25:33,https://queue-times.com/parks/16/queue_times.json
2026-08-23T16:30:24.160Z,2026-08-23 09:30:24,2026-08-23,America/Los_Angeles,disneyland,Disneyland,New Orleans Square,289,Pirates of the Caribbean,TRUE,10,2026-08-23T16:25:33.000Z,2026-08-23 09:25:33,https://queue-times.com/parks/16/queue_times.json
2026-08-23T16:30:24.160Z,2026-08-23 09:30:24,2026-08-23,America/Los_Angeles,disneyland,Disneyland,Star Wars: Galaxy's Edge,6339,Millennium Falcon: Smugglers Run,TRUE,5,2026-08-23T16:25:33.000Z,2026-08-23 09:25:33,https://queue-times.com/parks/16/queue_times.json
2026-08-23T16:30:24.160Z,2026-08-23 09:30:24,2026-08-23,America/Los_Angeles,disneyland,Disneyland,Star Wars: Galaxy's Edge,10903,Millennium Falcon: Smugglers Run Single Rider,TRUE,0,2026-08-23T16:25:33.000Z,2026-08-23 09:25:33,https://queue-times.com/parks/16/queue_times.json
2026-08-23T16:30:24.160Z,2026-08-23 09:30:24,2026-08-23,America/Los_Angeles,disneyland,Disneyland,Star Wars: Galaxy's Edge,6340,Star Wars: Rise of the Resistance,TRUE,45,2026-08-23T16:25:33.000Z,2026-08-23 09:25:33,https://queue-times.com/parks/16/queue_times.json
2026-08-23T16:30:24.160Z,2026-08-23 09:30:24,2026-08-23,America/Los_Angeles,disneyland,Disneyland,Tomorrowland,287,Astro Orbitor,TRUE,5,2026-08-23T16:25:33.000Z,2026-08-23 09:25:33,https://queue-times.com/parks/16/queue_times.json
2026-08-23T16:30:24.160Z,2026-08-23 09:30:24,2026-08-23,America/Los_Angeles,disneyland,Disneyland,Tomorrowland,317,Autopia,TRUE,5,2026-08-23T16:25:33.000Z,2026-08-23 09:25:33,https://queue-times.com/parks/16/queue_times.json
2026-08-23T16:30:24.160Z,2026-08-23 09:30:24,2026-08-23,America/Los_Angeles,disneyland,Disneyland,Tomorrowland,273,Buzz Lightyear Astro Blasters,TRUE,5,2026-08-23T16:25:33.000Z,2026-08-23 09:25:33,https://queue-times.com/parks/16/queue_times.json
2026-08-23T16:30:24.160Z,2026-08-23 09:30:24,2026-08-23,America/Los_Angeles,disneyland,Disneyland,Tomorrowland,274,Disneyland Monorail,TRUE,5,2026-08-23T16:25:33.000Z,2026-08-23 09:25:33,https://queue-times.com/parks/16/queue_times.json
2026-08-23T16:30:24.160Z,2026-08-23 09:30:24,2026-08-23,America/Los_Angeles,disneyland,Disneyland,Tomorrowland,276,Finding Nemo Submarine Voyage,TRUE,5,2026-08-23T16:25:33.000Z,2026-08-23 09:25:33,https://queue-times.com/parks/16/queue_times.json
2026-08-23T16:30:24.160Z,2026-08-23 09:30:24,2026-08-23,America/Los_Angeles,disneyland,Disneyland,Tomorrowland,16627,Pixar Short Film Spotlight,FALSE,0,2026-08-23T16:25:33.000Z,2026-08-23 09:25:33,https://queue-times.com/parks/16/queue_times.json
2026-08-23T16:30:24.160Z,2026-08-23 09:30:24,2026-08-23,America/Los_Angeles,disneyland,Disneyland,Tomorrowland,284,Space Mountain,TRUE,20,2026-08-23T16:25:33.000Z,2026-08-23 09:25:33,https://queue-times.com/parks/16/queue_times.json
2026-08-23T16:30:24.160Z,2026-08-23 09:30:24,2026-08-23,America/Los_Angeles,disneyland,Disneyland,Tomorrowland,286,Star Tours - The Adventures Continue,TRUE,5,2026-08-23T16:25:33.000Z,2026-08-23 09:25:33,https://queue-times.com/parks/16/queue_times.json
2026-08-23T16:30:24.160Z,2026-08-23 09:30:24,2026-08-23,America/Los_Angeles,dca,Disney California Adventure,Avengers Campus,329,Guardians of the Galaxy - Mission: BREAKOUT!,TRUE,25,2026-08-23T16:25:46.000Z,2026-08-23 09:25:46,https://queue-times.com/parks/17/queue_times.json
2026-08-23T16:30:24.160Z,2026-08-23 09:30:24,2026-08-23,America/Los_Angeles,dca,Disney California Adventure,Avengers Campus,8843,WEB SLINGERS: A Spider-Man Adventure,TRUE,25,2026-08-23T16:25:46.000Z,2026-08-23 09:25:46,https://queue-times.com/parks/17/queue_times.json
2026-08-23T16:30:24.160Z,2026-08-23 09:30:24,2026-08-23,America/Los_Angeles,dca,Disney California Adventure,Avengers Campus,10907,WEB SLINGERS: A Spider-Man Adventure Single Rider,TRUE,0,2026-08-23T16:25:46.000Z,2026-08-23 09:25:46,https://queue-times.com/parks/17/queue_times.json
2026-08-23T16:30:24.160Z,2026-08-23 09:30:24,2026-08-23,America/Los_Angeles,dca,Disney California Adventure,Cars Land,2608,Luigi's Honkin' Haul-O-Ween,TRUE,5,2026-08-23T16:25:46.000Z,2026-08-23 09:25:46,https://queue-times.com/parks/17/queue_times.json
2026-08-23T16:30:24.160Z,2026-08-23 09:30:24,2026-08-23,America/Los_Angeles,dca,Disney California Adventure,Cars Land,13961,Luigi's Rollickin' Roadsters,FALSE,0,2026-08-18T08:55:45.000Z,2026-08-18 01:55:45,https://queue-times.com/parks/17/queue_times.json
2026-08-23T16:30:24.160Z,2026-08-23 09:30:24,2026-08-23,America/Los_Angeles,dca,Disney California Adventure,Cars Land,315,Mater's Junkyard Jamboree,FALSE,0,2026-08-18T08:55:45.000Z,2026-08-18 01:55:45,https://queue-times.com/parks/17/queue_times.json
2026-08-23T16:30:24.160Z,2026-08-23 09:30:24,2026-08-23,America/Los_Angeles,dca,Disney California Adventure,Cars Land,295,Radiator Springs Racers,TRUE,50,2026-08-23T16:25:46.000Z,2026-08-23 09:25:46,https://queue-times.com/parks/17/queue_times.json
2026-08-23T16:30:24.160Z,2026-08-23 09:30:24,2026-08-23,America/Los_Angeles,dca,Disney California Adventure,Cars Land,10904,Radiator Springs Racers Single Rider,TRUE,0,2026-08-23T16:25:46.000Z,2026-08-23 09:25:46,https://queue-times.com/parks/17/queue_times.json
2026-08-23T16:30:24.160Z,2026-08-23 09:30:24,2026-08-23,America/Los_Angeles,dca,Disney California Adventure,Grizzly Peak,302,Grizzly River Run,TRUE,5,2026-08-23T16:25:46.000Z,2026-08-23 09:25:46,https://queue-times.com/parks/17/queue_times.json
2026-08-23T16:30:24.160Z,2026-08-23 09:30:24,2026-08-23,America/Los_Angeles,dca,Disney California Adventure,Grizzly Peak,293,Redwood Creek Challenge Trail,FALSE,0,2026-08-23T16:25:46.000Z,2026-08-23 09:25:46,https://queue-times.com/parks/17/queue_times.json
2026-08-23T16:30:24.160Z,2026-08-23 09:30:24,2026-08-23,America/Los_Angeles,dca,Disney California Adventure,Grizzly Peak,17129,Soarin’ Across America,TRUE,20,2026-08-23T16:25:46.000Z,2026-08-23 09:25:46,https://queue-times.com/parks/17/queue_times.json
2026-08-23T16:30:24.160Z,2026-08-23 09:30:24,2026-08-23,America/Los_Angeles,dca,Disney California Adventure,Hollywood Land,321,Animation Academy,TRUE,0,2026-08-23T16:25:46.000Z,2026-08-23 09:25:46,https://queue-times.com/parks/17/queue_times.json
2026-08-23T16:30:24.160Z,2026-08-23 09:30:24,2026-08-23,America/Los_Angeles,dca,Disney California Adventure,Hollywood Land,6440,Mickey's PhilharMagic,TRUE,10,2026-08-23T16:25:46.000Z,2026-08-23 09:25:46,https://queue-times.com/parks/17/queue_times.json
2026-08-23T16:30:24.160Z,2026-08-23 09:30:24,2026-08-23,America/Los_Angeles,dca,Disney California Adventure,Hollywood Land,291,"Monsters, Inc. Mike & Sulley to the Rescue!",TRUE,5,2026-08-23T16:25:46.000Z,2026-08-23 09:25:46,https://queue-times.com/parks/17/queue_times.json
2026-08-23T16:30:24.160Z,2026-08-23 09:30:24,2026-08-23,America/Los_Angeles,dca,Disney California Adventure,Hollywood Land,868,Sorcerer's Workshop,TRUE,0,2026-08-23T16:25:46.000Z,2026-08-23 09:25:46,https://queue-times.com/parks/17/queue_times.json
2026-08-23T16:30:24.160Z,2026-08-23 09:30:24,2026-08-23,America/Los_Angeles,dca,Disney California Adventure,Hollywood Land,294,Turtle Talk with Crush,TRUE,0,2026-08-23T16:25:46.000Z,2026-08-23 09:25:46,https://queue-times.com/parks/17/queue_times.json
2026-08-23T16:30:24.160Z,2026-08-23 09:30:24,2026-08-23,America/Los_Angeles,dca,Disney California Adventure,Pacific Wharf,869,The Bakery Tour,TRUE,0,2026-08-23T16:25:46.000Z,2026-08-23 09:25:46,https://queue-times.com/parks/17/queue_times.json
2026-08-23T16:30:24.160Z,2026-08-23 09:30:24,2026-08-23,America/Los_Angeles,dca,Disney California Adventure,Paradise Gardens Park,298,Golden Zephyr,FALSE,0,2026-08-23T16:25:46.000Z,2026-08-23 09:25:46,https://queue-times.com/parks/17/queue_times.json
2026-08-23T16:30:24.160Z,2026-08-23 09:30:24,2026-08-23,America/Los_Angeles,dca,Disney California Adventure,Paradise Gardens Park,319,Goofy's Sky School,FALSE,0,2026-08-23T16:25:46.000Z,2026-08-23 09:25:46,https://queue-times.com/parks/17/queue_times.json
2026-08-23T16:30:24.160Z,2026-08-23 09:30:24,2026-08-23,America/Los_Angeles,dca,Disney California Adventure,Paradise Gardens Park,301,Silly Symphony Swings,FALSE,0,2026-08-23T16:25:46.000Z,2026-08-23 09:25:46,https://queue-times.com/parks/17/queue_times.json
2026-08-23T16:30:24.160Z,2026-08-23 09:30:24,2026-08-23,America/Los_Angeles,dca,Disney California Adventure,Paradise Gardens Park,316,The Little Mermaid - Ariel's Undersea Adventure,TRUE,5,2026-08-23T16:25:46.000Z,2026-08-23 09:25:46,https://queue-times.com/parks/17/queue_times.json
2026-08-23T16:30:24.160Z,2026-08-23 09:30:24,2026-08-23,America/Los_Angeles,dca,Disney California Adventure,Paradise Gardens Park,11528,World of Color – ONE,FALSE,0,2026-08-23T16:25:46.000Z,2026-08-23 09:25:46,https://queue-times.com/parks/17/queue_times.json
2026-08-23T16:30:24.160Z,2026-08-23 09:30:24,2026-08-23,America/Los_Angeles,dca,Disney California Adventure,Pixar Pier,866,Games of Pixar Pier,TRUE,0,2026-08-23T16:25:46.000Z,2026-08-23 09:25:46,https://queue-times.com/parks/17/queue_times.json
2026-08-23T16:30:24.160Z,2026-08-23 09:30:24,2026-08-23,America/Los_Angeles,dca,Disney California Adventure,Pixar Pier,322,Incredicoaster,TRUE,5,2026-08-23T16:25:46.000Z,2026-08-23 09:25:46,https://queue-times.com/parks/17/queue_times.json
2026-08-23T16:30:24.160Z,2026-08-23 09:30:24,2026-08-23,America/Los_Angeles,dca,Disney California Adventure,Pixar Pier,10906,Incredicoaster Single Rider,TRUE,0,2026-08-23T16:25:46.000Z,2026-08-23 09:25:46,https://queue-times.com/parks/17/queue_times.json
2026-08-23T16:30:24.160Z,2026-08-23 09:30:24,2026-08-23,America/Los_Angeles,dca,Disney California Adventure,Pixar Pier,6643,Inside Out Emotional Whirlwind,TRUE,5,2026-08-23T16:25:46.000Z,2026-08-23 09:25:46,https://queue-times.com/parks/17/queue_times.json
2026-08-23T16:30:24.160Z,2026-08-23 09:30:24,2026-08-23,America/Los_Angeles,dca,Disney California Adventure,Pixar Pier,310,Jessie's Critter Carousel,TRUE,5,2026-08-23T16:25:46.000Z,2026-08-23 09:25:46,https://queue-times.com/parks/17/queue_times.json
2026-08-23T16:30:24.160Z,2026-08-23 09:30:24,2026-08-23,America/Los_Angeles,dca,Disney California Adventure,Pixar Pier,300,Jumpin' Jellyfish,TRUE,5,2026-08-23T16:25:46.000Z,2026-08-23 09:25:46,https://queue-times.com/parks/17/queue_times.json
2026-08-23T16:30:24.160Z,2026-08-23 09:30:24,2026-08-23,America/Los_Angeles,dca,Disney California Adventure,Pixar Pier,311,Pixar Pal-A-Round - Swinging,TRUE,5,2026-08-23T16:25:46.000Z,2026-08-23 09:25:46,https://queue-times.com/parks/17/queue_times.json
2026-08-23T16:30:24.160Z,2026-08-23 09:30:24,2026-08-23,America/Los_Angeles,dca,Disney California Adventure,Pixar Pier,5557,Pixar Pal-A-Round – Non-Swinging,TRUE,5,2026-08-23T16:25:46.000Z,2026-08-23 09:25:46,https://queue-times.com/parks/17/queue_times.json
2026-08-23T16:30:24.160Z,2026-08-23 09:30:24,2026-08-23,America/Los_Angeles,dca,Disney California Adventure,Pixar Pier,313,Toy Story Midway Mania!,TRUE,20,2026-08-23T16:25:46.000Z,2026-08-23 09:25:46,https://queue-times.com/parks/17/queue_times.json
2026-08-23T16:30:24.160Z,2026-08-23 09:30:24,2026-08-23,America/Los_Angeles,dca,Disney California Adventure,Halloween,5146,Guardians of the Galaxy - Monsters After Dark,FALSE,0,2026-08-23T16:25:46.000Z,2026-08-23 09:25:46,https://queue-times.com/parks/17/queue_times.json
2026-08-23T16:30:24.160Z,2026-08-23 09:30:24,2026-08-23,America/Los_Angeles,dca,Disney California Adventure,Halloween,4723,Mater's Graveyard JamBOOree,TRUE,5,2026-08-23T16:25:46.000Z,2026-08-23 09:25:46,https://queue-times.com/parks/17/queue_times.json
2026-08-23T16:30:24.160Z,2026-08-23 09:30:24,2026-08-23,America/Los_Angeles,dca,Disney California Adventure,Halloween,7292,Villains Grove at Oogie Boogie Bash,FALSE,0,2026-08-23T16:25:46.000Z,2026-08-23 09:25:46,https://queue-times.com/parks/17/queue_times.json
2026-08-23T16:45:19.868Z,2026-08-23 09:45:19,2026-08-23,America/Los_Angeles,disneyland,Disneyland,Adventureland,12428,Adventureland Treehouse inspired by Walt Disney’s Swiss Family Robinson,TRUE,0,2026-08-23T16:40:38.000Z,2026-08-23 09:40:38,https://queue-times.com/parks/16/queue_times.json
2026-08-23T16:45:19.868Z,2026-08-23 09:45:19,2026-08-23,America/Los_Angeles,disneyland,Disneyland,Adventureland,326,Indiana Jones™ Adventure,FALSE,0,2026-08-23T16:40:38.000Z,2026-08-23 09:40:38,https://queue-times.com/parks/16/queue_times.json
2026-08-23T16:45:19.868Z,2026-08-23 09:45:19,2026-08-23,America/Los_Angeles,disneyland,Disneyland,Adventureland,296,Jungle Cruise,TRUE,5,2026-08-23T16:40:38.000Z,2026-08-23 09:40:38,https://queue-times.com/parks/16/queue_times.json
2026-08-23T16:45:19.868Z,2026-08-23 09:45:19,2026-08-23,America/Los_Angeles,disneyland,Disneyland,Adventureland,288,Walt Disney's Enchanted Tiki Room,TRUE,0,2026-08-23T16:40:38.000Z,2026-08-23 09:40:38,https://queue-times.com/parks/16/queue_times.json
2026-08-23T16:45:19.868Z,2026-08-23 09:45:19,2026-08-23,America/Los_Angeles,disneyland,Disneyland,Bayou Country,304,Davy Crockett's Explorer Canoes,FALSE,0,2026-08-23T16:40:38.000Z,2026-08-23 09:40:38,https://queue-times.com/parks/16/queue_times.json
2026-08-23T16:45:19.868Z,2026-08-23 09:45:19,2026-08-23,America/Los_Angeles,disneyland,Disneyland,Bayou Country,306,The Many Adventures of Winnie the Pooh,TRUE,5,2026-08-23T16:40:38.000Z,2026-08-23 09:40:38,https://queue-times.com/parks/16/queue_times.json
2026-08-23T16:45:19.868Z,2026-08-23 09:45:19,2026-08-23,America/Los_Angeles,disneyland,Disneyland,Bayou Country,14168,Tiana's Bayou Adventure,TRUE,5,2026-08-23T16:40:38.000Z,2026-08-23 09:40:38,https://queue-times.com/parks/16/queue_times.json
2026-08-23T16:45:19.868Z,2026-08-23 09:45:19,2026-08-23,America/Los_Angeles,disneyland,Disneyland,Bayou Country,14326,Tiana's Bayou Adventure Single Rider,TRUE,0,2026-08-23T16:40:38.000Z,2026-08-23 09:40:38,https://queue-times.com/parks/16/queue_times.json
2026-08-23T16:45:19.868Z,2026-08-23 09:45:19,2026-08-23,America/Los_Angeles,disneyland,Disneyland,Fantasyland,307,"""it's a small world""",TRUE,5,2026-08-23T16:40:38.000Z,2026-08-23 09:40:38,https://queue-times.com/parks/16/queue_times.json
2026-08-23T16:45:19.868Z,2026-08-23 09:45:19,2026-08-23,America/Los_Angeles,disneyland,Disneyland,Fantasyland,285,Alice in Wonderland,TRUE,20,2026-08-23T16:40:38.000Z,2026-08-23 09:40:38,https://queue-times.com/parks/16/queue_times.json
2026-08-23T16:45:19.868Z,2026-08-23 09:45:19,2026-08-23,America/Los_Angeles,disneyland,Disneyland,Fantasyland,16254,Bluey’s Best Day Ever! at Fantasyland Theatre,TRUE,0,2026-08-23T16:40:38.000Z,2026-08-23 09:40:38,https://queue-times.com/parks/16/queue_times.json
2026-08-23T16:45:19.868Z,2026-08-23 09:45:19,2026-08-23,America/Los_Angeles,disneyland,Disneyland,Fantasyland,303,Casey Jr. Circus Train,TRUE,5,2026-08-23T16:40:38.000Z,2026-08-23 09:40:38,https://queue-times.com/parks/16/queue_times.json
2026-08-23T16:45:19.868Z,2026-08-23 09:45:19,2026-08-23,America/Los_Angeles,disneyland,Disneyland,Fantasyland,275,Dumbo the Flying Elephant,TRUE,10,2026-08-23T16:40:38.000Z,2026-08-23 09:40:38,https://queue-times.com/parks/16/queue_times.json
2026-08-23T16:45:19.868Z,2026-08-23 09:45:19,2026-08-23,America/Los_Angeles,disneyland,Disneyland,Fantasyland,277,King Arthur Carrousel,TRUE,5,2026-08-23T16:40:38.000Z,2026-08-23 09:40:38,https://queue-times.com/parks/16/queue_times.json
2026-08-23T16:45:19.868Z,2026-08-23 09:45:19,2026-08-23,America/Los_Angeles,disneyland,Disneyland,Fantasyland,278,Mad Tea Party,TRUE,5,2026-08-23T16:40:38.000Z,2026-08-23 09:40:38,https://queue-times.com/parks/16/queue_times.json
2026-08-23T16:45:19.868Z,2026-08-23 09:45:19,2026-08-23,America/Los_Angeles,disneyland,Disneyland,Fantasyland,279,Matterhorn Bobsleds,TRUE,5,2026-08-23T16:40:38.000Z,2026-08-23 09:40:38,https://queue-times.com/parks/16/queue_times.json
2026-08-23T16:45:19.868Z,2026-08-23 09:45:19,2026-08-23,America/Los_Angeles,disneyland,Disneyland,Fantasyland,6711,Meet Disney Princesses at Royal Hall,FALSE,0,2026-08-23T16:40:38.000Z,2026-08-23 09:40:38,https://queue-times.com/parks/16/queue_times.json
2026-08-23T16:45:19.868Z,2026-08-23 09:45:19,2026-08-23,America/Los_Angeles,disneyland,Disneyland,Fantasyland,280,Mr. Toad's Wild Ride,TRUE,5,2026-08-23T16:40:38.000Z,2026-08-23 09:40:38,https://queue-times.com/parks/16/queue_times.json
2026-08-23T16:45:19.868Z,2026-08-23 09:45:19,2026-08-23,America/Los_Angeles,disneyland,Disneyland,Fantasyland,281,Peter Pan's Flight,TRUE,30,2026-08-23T16:40:38.000Z,2026-08-23 09:40:38,https://queue-times.com/parks/16/queue_times.json
2026-08-23T16:45:19.868Z,2026-08-23 09:45:19,2026-08-23,America/Los_Angeles,disneyland,Disneyland,Fantasyland,282,Pinocchio's Daring Journey,TRUE,5,2026-08-23T16:40:38.000Z,2026-08-23 09:40:38,https://queue-times.com/parks/16/queue_times.json
2026-08-23T16:45:19.868Z,2026-08-23 09:45:19,2026-08-23,America/Los_Angeles,disneyland,Disneyland,Fantasyland,687,Sleeping Beauty Castle Walkthrough,FALSE,0,2026-08-23T16:40:38.000Z,2026-08-23 09:40:38,https://queue-times.com/parks/16/queue_times.json
2026-08-23T16:45:19.868Z,2026-08-23 09:45:19,2026-08-23,America/Los_Angeles,disneyland,Disneyland,Fantasyland,283,Snow White's Enchanted Wish,TRUE,5,2026-08-23T16:40:38.000Z,2026-08-23 09:40:38,https://queue-times.com/parks/16/queue_times.json
2026-08-23T16:45:19.868Z,2026-08-23 09:45:19,2026-08-23,America/Los_Angeles,disneyland,Disneyland,Fantasyland,305,Storybook Land Canal Boats,TRUE,5,2026-08-23T16:40:38.000Z,2026-08-23 09:40:38,https://queue-times.com/parks/16/queue_times.json
2026-08-23T16:45:19.868Z,2026-08-23 09:45:19,2026-08-23,America/Los_Angeles,disneyland,Disneyland,Frontierland,323,Big Thunder Mountain Railroad,TRUE,10,2026-08-23T16:40:38.000Z,2026-08-23 09:40:38,https://queue-times.com/parks/16/queue_times.json
2026-08-23T16:45:19.868Z,2026-08-23 09:45:19,2026-08-23,America/Los_Angeles,disneyland,Disneyland,Frontierland,679,Frontierland Shootin' Exposition,FALSE,0,2026-08-23T16:40:38.000Z,2026-08-23 09:40:38,https://queue-times.com/parks/16/queue_times.json
2026-08-23T16:45:19.868Z,2026-08-23 09:45:19,2026-08-23,America/Los_Angeles,disneyland,Disneyland,Frontierland,456,Mark Twain Riverboat,TRUE,10,2026-08-23T16:40:38.000Z,2026-08-23 09:40:38,https://queue-times.com/parks/16/queue_times.json
2026-08-23T16:45:19.868Z,2026-08-23 09:45:19,2026-08-23,America/Los_Angeles,disneyland,Disneyland,Frontierland,331,Pirate's Lair on Tom Sawyer Island,TRUE,5,2026-08-23T16:40:38.000Z,2026-08-23 09:40:38,https://queue-times.com/parks/16/queue_times.json
2026-08-23T16:45:19.868Z,2026-08-23 09:45:19,2026-08-23,America/Los_Angeles,disneyland,Disneyland,Frontierland,328,Sailing Ship Columbia,FALSE,0,2026-08-23T16:40:38.000Z,2026-08-23 09:40:38,https://queue-times.com/parks/16/queue_times.json
2026-08-23T16:45:19.868Z,2026-08-23 09:45:19,2026-08-23,America/Los_Angeles,disneyland,Disneyland,Main Street U.S.A,674,Disneyland Railroad,TRUE,5,2026-08-23T16:40:38.000Z,2026-08-23 09:40:38,https://queue-times.com/parks/16/queue_times.json
2026-08-23T16:45:19.868Z,2026-08-23 09:45:19,2026-08-23,America/Los_Angeles,disneyland,Disneyland,Main Street U.S.A,690,Great Moments with Mr. Lincoln,TRUE,0,2026-08-23T16:40:38.000Z,2026-08-23 09:40:38,https://queue-times.com/parks/16/queue_times.json
2026-08-23T16:45:19.868Z,2026-08-23 09:45:19,2026-08-23,America/Los_Angeles,disneyland,Disneyland,Main Street U.S.A,686,Main Street Cinema,FALSE,0,2026-08-23T16:40:38.000Z,2026-08-23 09:40:38,https://queue-times.com/parks/16/queue_times.json
2026-08-23T16:45:19.868Z,2026-08-23 09:45:19,2026-08-23,America/Los_Angeles,disneyland,Disneyland,Main Street U.S.A,691,Main Street Vehicles,TRUE,0,2026-08-23T16:40:38.000Z,2026-08-23 09:40:38,https://queue-times.com/parks/16/queue_times.json
2026-08-23T16:45:19.868Z,2026-08-23 09:45:19,2026-08-23,America/Los_Angeles,disneyland,Disneyland,Main Street U.S.A,14915,Opera House - Walt Disney - A Magical Life,TRUE,0,2026-08-23T16:40:38.000Z,2026-08-23 09:40:38,https://queue-times.com/parks/16/queue_times.json
2026-08-23T16:45:19.868Z,2026-08-23 09:45:19,2026-08-23,America/Los_Angeles,disneyland,Disneyland,Main Street U.S.A,695,The Disney Gallery,TRUE,0,2026-08-23T16:40:38.000Z,2026-08-23 09:40:38,https://queue-times.com/parks/16/queue_times.json
2026-08-23T16:45:19.868Z,2026-08-23 09:45:19,2026-08-23,America/Los_Angeles,disneyland,Disneyland,Main Street U.S.A,14923,Walt Disney - A Magical Life,FALSE,0,2026-08-23T16:40:38.000Z,2026-08-23 09:40:38,https://queue-times.com/parks/16/queue_times.json
2026-08-23T16:45:19.868Z,2026-08-23 09:45:19,2026-08-23,America/Los_Angeles,disneyland,Disneyland,Mickey's Toontown,324,Chip 'n' Dale's GADGETcoaster,TRUE,5,2026-08-23T16:40:38.000Z,2026-08-23 09:40:38,https://queue-times.com/parks/16/queue_times.json
2026-08-23T16:45:19.868Z,2026-08-23 09:45:19,2026-08-23,America/Los_Angeles,disneyland,Disneyland,Mickey's Toontown,13814,Donald's Duck Pond,TRUE,0,2026-08-23T16:40:38.000Z,2026-08-23 09:40:38,https://queue-times.com/parks/16/queue_times.json
2026-08-23T16:45:19.868Z,2026-08-23 09:45:19,2026-08-23,America/Los_Angeles,disneyland,Disneyland,Mickey's Toontown,11980,Goofy's How-to-Play Yard,TRUE,0,2026-08-23T16:40:38.000Z,2026-08-23 09:40:38,https://queue-times.com/parks/16/queue_times.json
2026-08-23T16:45:19.868Z,2026-08-23 09:45:19,2026-08-23,America/Los_Angeles,disneyland,Disneyland,Mickey's Toontown,11526,Mickey & Minnie's Runaway Railway,TRUE,10,2026-08-23T16:40:38.000Z,2026-08-23 09:40:38,https://queue-times.com/parks/16/queue_times.json
2026-08-23T16:45:19.868Z,2026-08-23 09:45:19,2026-08-23,America/Los_Angeles,disneyland,Disneyland,Mickey's Toontown,709,Mickey's House and Meet Mickey Mouse,TRUE,5,2026-08-23T16:40:38.000Z,2026-08-23 09:40:38,https://queue-times.com/parks/16/queue_times.json
2026-08-23T16:45:19.868Z,2026-08-23 09:45:19,2026-08-23,America/Los_Angeles,disneyland,Disneyland,Mickey's Toontown,327,Mickey's House and Meet Mickey Mouse,FALSE,0,2026-08-23T16:40:38.000Z,2026-08-23 09:40:38,https://queue-times.com/parks/16/queue_times.json
2026-08-23T16:45:19.868Z,2026-08-23 09:45:19,2026-08-23,America/Los_Angeles,disneyland,Disneyland,Mickey's Toontown,684,Minnie's House,TRUE,0,2026-08-23T16:40:38.000Z,2026-08-23 09:40:38,https://queue-times.com/parks/16/queue_times.json
2026-08-23T16:45:19.868Z,2026-08-23 09:45:19,2026-08-23,America/Los_Angeles,disneyland,Disneyland,Mickey's Toontown,332,Roger Rabbit's Car Toon Spin,TRUE,15,2026-08-23T16:40:38.000Z,2026-08-23 09:40:38,https://queue-times.com/parks/16/queue_times.json
2026-08-23T16:45:19.868Z,2026-08-23 09:45:19,2026-08-23,America/Los_Angeles,disneyland,Disneyland,New Orleans Square,13958,Haunted Mansion,FALSE,0,2026-08-21T05:25:59.000Z,2026-08-20 22:25:59,https://queue-times.com/parks/16/queue_times.json
2026-08-23T16:45:19.868Z,2026-08-23 09:45:19,2026-08-23,America/Los_Angeles,disneyland,Disneyland,New Orleans Square,325,Haunted Mansion Holiday,TRUE,45,2026-08-23T16:40:38.000Z,2026-08-23 09:40:38,https://queue-times.com/parks/16/queue_times.json
2026-08-23T16:45:19.868Z,2026-08-23 09:45:19,2026-08-23,America/Los_Angeles,disneyland,Disneyland,New Orleans Square,289,Pirates of the Caribbean,TRUE,10,2026-08-23T16:40:38.000Z,2026-08-23 09:40:38,https://queue-times.com/parks/16/queue_times.json
2026-08-23T16:45:19.868Z,2026-08-23 09:45:19,2026-08-23,America/Los_Angeles,disneyland,Disneyland,Star Wars: Galaxy's Edge,6339,Millennium Falcon: Smugglers Run,TRUE,5,2026-08-23T16:40:38.000Z,2026-08-23 09:40:38,https://queue-times.com/parks/16/queue_times.json
2026-08-23T16:45:19.868Z,2026-08-23 09:45:19,2026-08-23,America/Los_Angeles,disneyland,Disneyland,Star Wars: Galaxy's Edge,10903,Millennium Falcon: Smugglers Run Single Rider,TRUE,0,2026-08-23T16:40:38.000Z,2026-08-23 09:40:38,https://queue-times.com/parks/16/queue_times.json
2026-08-23T16:45:19.868Z,2026-08-23 09:45:19,2026-08-23,America/Los_Angeles,disneyland,Disneyland,Star Wars: Galaxy's Edge,6340,Star Wars: Rise of the Resistance,TRUE,35,2026-08-23T16:40:38.000Z,2026-08-23 09:40:38,https://queue-times.com/parks/16/queue_times.json
2026-08-23T16:45:19.868Z,2026-08-23 09:45:19,2026-08-23,America/Los_Angeles,disneyland,Disneyland,Tomorrowland,287,Astro Orbitor,TRUE,10,2026-08-23T16:40:38.000Z,2026-08-23 09:40:38,https://queue-times.com/parks/16/queue_times.json
2026-08-23T16:45:19.868Z,2026-08-23 09:45:19,2026-08-23,America/Los_Angeles,disneyland,Disneyland,Tomorrowland,317,Autopia,TRUE,5,2026-08-23T16:40:38.000Z,2026-08-23 09:40:38,https://queue-times.com/parks/16/queue_times.json
2026-08-23T16:45:19.868Z,2026-08-23 09:45:19,2026-08-23,America/Los_Angeles,disneyland,Disneyland,Tomorrowland,273,Buzz Lightyear Astro Blasters,TRUE,5,2026-08-23T16:40:38.000Z,2026-08-23 09:40:38,https://queue-times.com/parks/16/queue_times.json
2026-08-23T16:45:19.868Z,2026-08-23 09:45:19,2026-08-23,America/Los_Angeles,disneyland,Disneyland,Tomorrowland,274,Disneyland Monorail,TRUE,5,2026-08-23T16:40:38.000Z,2026-08-23 09:40:38,https://queue-times.com/parks/16/queue_times.json
2026-08-23T16:45:19.868Z,2026-08-23 09:45:19,2026-08-23,America/Los_Angeles,disneyland,Disneyland,Tomorrowland,276,Finding Nemo Submarine Voyage,TRUE,5,2026-08-23T16:40:38.000Z,2026-08-23 09:40:38,https://queue-times.com/parks/16/queue_times.json
2026-08-23T16:45:19.868Z,2026-08-23 09:45:19,2026-08-23,America/Los_Angeles,disneyland,Disneyland,Tomorrowland,16627,Pixar Short Film Spotlight,FALSE,0,2026-08-23T16:40:38.000Z,2026-08-23 09:40:38,https://queue-times.com/parks/16/queue_times.json
2026-08-23T16:45:19.868Z,2026-08-23 09:45:19,2026-08-23,America/Los_Angeles,disneyland,Disneyland,Tomorrowland,284,Space Mountain,TRUE,30,2026-08-23T16:40:38.000Z,2026-08-23 09:40:38,https://queue-times.com/parks/16/queue_times.json
2026-08-23T16:45:19.868Z,2026-08-23 09:45:19,2026-08-23,America/Los_Angeles,disneyland,Disneyland,Tomorrowland,286,Star Tours - The Adventures Continue,TRUE,5,2026-08-23T16:40:38.000Z,2026-08-23 09:40:38,https://queue-times.com/parks/16/queue_times.json
2026-08-23T16:45:19.868Z,2026-08-23 09:45:19,2026-08-23,America/Los_Angeles,dca,Disney California Adventure,Avengers Campus,329,Guardians of the Galaxy - Mission: BREAKOUT!,TRUE,25,2026-08-23T16:40:44.000Z,2026-08-23 09:40:44,https://queue-times.com/parks/17/queue_times.json
2026-08-23T16:45:19.868Z,2026-08-23 09:45:19,2026-08-23,America/Los_Angeles,dca,Disney California Adventure,Avengers Campus,8843,WEB SLINGERS: A Spider-Man Adventure,TRUE,25,2026-08-23T16:40:44.000Z,2026-08-23 09:40:44,https://queue-times.com/parks/17/queue_times.json
2026-08-23T16:45:19.868Z,2026-08-23 09:45:19,2026-08-23,America/Los_Angeles,dca,Disney California Adventure,Avengers Campus,10907,WEB SLINGERS: A Spider-Man Adventure Single Rider,TRUE,0,2026-08-23T16:40:44.000Z,2026-08-23 09:40:44,https://queue-times.com/parks/17/queue_times.json
2026-08-23T16:45:19.868Z,2026-08-23 09:45:19,2026-08-23,America/Los_Angeles,dca,Disney California Adventure,Cars Land,2608,Luigi's Honkin' Haul-O-Ween,TRUE,5,2026-08-23T16:40:44.000Z,2026-08-23 09:40:44,https://queue-times.com/parks/17/queue_times.json
2026-08-23T16:45:19.868Z,2026-08-23 09:45:19,2026-08-23,America/Los_Angeles,dca,Disney California Adventure,Cars Land,13961,Luigi's Rollickin' Roadsters,FALSE,0,2026-08-18T08:55:45.000Z,2026-08-18 01:55:45,https://queue-times.com/parks/17/queue_times.json
2026-08-23T16:45:19.868Z,2026-08-23 09:45:19,2026-08-23,America/Los_Angeles,dca,Disney California Adventure,Cars Land,315,Mater's Junkyard Jamboree,FALSE,0,2026-08-18T08:55:45.000Z,2026-08-18 01:55:45,https://queue-times.com/parks/17/queue_times.json
2026-08-23T16:45:19.868Z,2026-08-23 09:45:19,2026-08-23,America/Los_Angeles,dca,Disney California Adventure,Cars Land,295,Radiator Springs Racers,TRUE,45,2026-08-23T16:40:44.000Z,2026-08-23 09:40:44,https://queue-times.com/parks/17/queue_times.json
2026-08-23T16:45:19.868Z,2026-08-23 09:45:19,2026-08-23,America/Los_Angeles,dca,Disney California Adventure,Cars Land,10904,Radiator Springs Racers Single Rider,TRUE,0,2026-08-23T16:40:44.000Z,2026-08-23 09:40:44,https://queue-times.com/parks/17/queue_times.json
2026-08-23T16:45:19.868Z,2026-08-23 09:45:19,2026-08-23,America/Los_Angeles,dca,Disney California Adventure,Grizzly Peak,302,Grizzly River Run,TRUE,5,2026-08-23T16:40:44.000Z,2026-08-23 09:40:44,https://queue-times.com/parks/17/queue_times.json
2026-08-23T16:45:19.868Z,2026-08-23 09:45:19,2026-08-23,America/Los_Angeles,dca,Disney California Adventure,Grizzly Peak,293,Redwood Creek Challenge Trail,FALSE,0,2026-08-23T16:40:44.000Z,2026-08-23 09:40:44,https://queue-times.com/parks/17/queue_times.json
2026-08-23T16:45:19.868Z,2026-08-23 09:45:19,2026-08-23,America/Los_Angeles,dca,Disney California Adventure,Grizzly Peak,17129,Soarin’ Across America,TRUE,25,2026-08-23T16:40:44.000Z,2026-08-23 09:40:44,https://queue-times.com/parks/17/queue_times.json
2026-08-23T16:45:19.868Z,2026-08-23 09:45:19,2026-08-23,America/Los_Angeles,dca,Disney California Adventure,Hollywood Land,321,Animation Academy,TRUE,0,2026-08-23T16:40:44.000Z,2026-08-23 09:40:44,https://queue-times.com/parks/17/queue_times.json
2026-08-23T16:45:19.868Z,2026-08-23 09:45:19,2026-08-23,America/Los_Angeles,dca,Disney California Adventure,Hollywood Land,6440,Mickey's PhilharMagic,TRUE,10,2026-08-23T16:40:44.000Z,2026-08-23 09:40:44,https://queue-times.com/parks/17/queue_times.json
2026-08-23T16:45:19.868Z,2026-08-23 09:45:19,2026-08-23,America/Los_Angeles,dca,Disney California Adventure,Hollywood Land,291,"Monsters, Inc. Mike & Sulley to the Rescue!",TRUE,5,2026-08-23T16:40:44.000Z,2026-08-23 09:40:44,https://queue-times.com/parks/17/queue_times.json
2026-08-23T16:45:19.868Z,2026-08-23 09:45:19,2026-08-23,America/Los_Angeles,dca,Disney California Adventure,Hollywood Land,868,Sorcerer's Workshop,TRUE,0,2026-08-23T16:40:44.000Z,2026-08-23 09:40:44,https://queue-times.com/parks/17/queue_times.json
2026-08-23T16:45:19.868Z,2026-08-23 09:45:19,2026-08-23,America/Los_Angeles,dca,Disney California Adventure,Hollywood Land,294,Turtle Talk with Crush,TRUE,0,2026-08-23T16:40:44.000Z,2026-08-23 09:40:44,https://queue-times.com/parks/17/queue_times.json
2026-08-23T16:45:19.868Z,2026-08-23 09:45:19,2026-08-23,America/Los_Angeles,dca,Disney California Adventure,Pacific Wharf,869,The Bakery Tour,TRUE,0,2026-08-23T16:40:44.000Z,2026-08-23 09:40:44,https://queue-times.com/parks/17/queue_times.json
2026-08-23T16:45:19.868Z,2026-08-23 09:45:19,2026-08-23,America/Los_Angeles,dca,Disney California Adventure,Paradise Gardens Park,298,Golden Zephyr,FALSE,0,2026-08-23T16:40:44.000Z,2026-08-23 09:40:44,https://queue-times.com/parks/17/queue_times.json
2026-08-23T16:45:19.868Z,2026-08-23 09:45:19,2026-08-23,America/Los_Angeles,dca,Disney California Adventure,Paradise Gardens Park,319,Goofy's Sky School,FALSE,0,2026-08-23T16:40:44.000Z,2026-08-23 09:40:44,https://queue-times.com/parks/17/queue_times.json
2026-08-23T16:45:19.868Z,2026-08-23 09:45:19,2026-08-23,America/Los_Angeles,dca,Disney California Adventure,Paradise Gardens Park,301,Silly Symphony Swings,FALSE,0,2026-08-23T16:40:44.000Z,2026-08-23 09:40:44,https://queue-times.com/parks/17/queue_times.json
2026-08-23T16:45:19.868Z,2026-08-23 09:45:19,2026-08-23,America/Los_Angeles,dca,Disney California Adventure,Paradise Gardens Park,316,The Little Mermaid - Ariel's Undersea Adventure,TRUE,5,2026-08-23T16:40:44.000Z,2026-08-23 09:40:44,https://queue-times.com/parks/17/queue_times.json
2026-08-23T16:45:19.868Z,2026-08-23 09:45:19,2026-08-23,America/Los_Angeles,dca,Disney California Adventure,Paradise Gardens Park,11528,World of Color – ONE,FALSE,0,2026-08-23T16:40:44.000Z,2026-08-23 09:40:44,https://queue-times.com/parks/17/queue_times.json
2026-08-23T16:45:19.868Z,2026-08-23 09:45:19,2026-08-23,America/Los_Angeles,dca,Disney California Adventure,Pixar Pier,866,Games of Pixar Pier,TRUE,0,2026-08-23T16:40:44.000Z,2026-08-23 09:40:44,https://queue-times.com/parks/17/queue_times.json
2026-08-23T16:45:19.868Z,2026-08-23 09:45:19,2026-08-23,America/Los_Angeles,dca,Disney California Adventure,Pixar Pier,322,Incredicoaster,TRUE,20,2026-08-23T16:40:44.000Z,2026-08-23 09:40:44,https://queue-times.com/parks/17/queue_times.json
2026-08-23T16:45:19.868Z,2026-08-23 09:45:19,2026-08-23,America/Los_Angeles,dca,Disney California Adventure,Pixar Pier,10906,Incredicoaster Single Rider,TRUE,0,2026-08-23T16:40:44.000Z,2026-08-23 09:40:44,https://queue-times.com/parks/17/queue_times.json
2026-08-23T16:45:19.868Z,2026-08-23 09:45:19,2026-08-23,America/Los_Angeles,dca,Disney California Adventure,Pixar Pier,6643,Inside Out Emotional Whirlwind,TRUE,5,2026-08-23T16:40:44.000Z,2026-08-23 09:40:44,https://queue-times.com/parks/17/queue_times.json
2026-08-23T16:45:19.868Z,2026-08-23 09:45:19,2026-08-23,America/Los_Angeles,dca,Disney California Adventure,Pixar Pier,310,Jessie's Critter Carousel,TRUE,5,2026-08-23T16:40:44.000Z,2026-08-23 09:40:44,https://queue-times.com/parks/17/queue_times.json
2026-08-23T16:45:19.868Z,2026-08-23 09:45:19,2026-08-23,America/Los_Angeles,dca,Disney California Adventure,Pixar Pier,300,Jumpin' Jellyfish,TRUE,5,2026-08-23T16:40:44.000Z,2026-08-23 09:40:44,https://queue-times.com/parks/17/queue_times.json
2026-08-23T16:45:19.868Z,2026-08-23 09:45:19,2026-08-23,America/Los_Angeles,dca,Disney California Adventure,Pixar Pier,311,Pixar Pal-A-Round - Swinging,TRUE,5,2026-08-23T16:40:44.000Z,2026-08-23 09:40:44,https://queue-times.com/parks/17/queue_times.json
2026-08-23T16:45:19.868Z,2026-08-23 09:45:19,2026-08-23,America/Los_Angeles,dca,Disney California Adventure,Pixar Pier,5557,Pixar Pal-A-Round – Non-Swinging,TRUE,5,2026-08-23T16:40:44.000Z,2026-08-23 09:40:44,https://queue-times.com/parks/17/queue_times.json
2026-08-23T16:45:19.868Z,2026-08-23 09:45:19,2026-08-23,America/Los_Angeles,dca,Disney California Adventure,Pixar Pier,313,Toy Story Midway Mania!,TRUE,30,2026-08-23T16:40:44.000Z,2026-08-23 09:40:44,https://queue-times.com/parks/17/queue_times.json
2026-08-23T16:45:19.868Z,2026-08-23 09:45:19,2026-08-23,America/Los_Angeles,dca,Disney California Adventure,Halloween,5146,Guardians of the Galaxy - Monsters After Dark,FALSE,0,2026-08-23T16:40:44.000Z,2026-08-23 09:40:44,https://queue-times.com/parks/17/queue_times.json
2026-08-23T16:45:19.868Z,2026-08-23 09:45:19,2026-08-23,America/Los_Angeles,dca,Disney California Adventure,Halloween,4723,Mater's Graveyard JamBOOree,TRUE,5,2026-08-23T16:40:44.000Z,2026-08-23 09:40:44,https://queue-times.com/parks/17/queue_times.json
2026-08-23T16:45:19.868Z,2026-08-23 09:45:19,2026-08-23,America/Los_Angeles,dca,Disney California Adventure,Halloween,7292,Villains Grove at Oogie Boogie Bash,FALSE,0,2026-08-23T16:40:44.000Z,2026-08-23 09:40:44,https://queue-times.com/parks/17/queue_times.json
2026-08-23T17:00:22.289Z,2026-08-23 10:00:22,2026-08-23,America/Los_Angeles,disneyland,Disneyland,Adventureland,12428,Adventureland Treehouse inspired by Walt Disney’s Swiss Family Robinson,TRUE,0,2026-08-23T16:56:09.000Z,2026-08-23 09:56:09,https://queue-times.com/parks/16/queue_times.json
2026-08-23T17:00:22.289Z,2026-08-23 10:00:22,2026-08-23,America/Los_Angeles,disneyland,Disneyland,Adventureland,326,Indiana Jones™ Adventure,FALSE,0,2026-08-23T16:56:09.000Z,2026-08-23 09:56:09,https://queue-times.com/parks/16/queue_times.json
2026-08-23T17:00:22.289Z,2026-08-23 10:00:22,2026-08-23,America/Los_Angeles,disneyland,Disneyland,Adventureland,296,Jungle Cruise,TRUE,5,2026-08-23T16:56:09.000Z,2026-08-23 09:56:09,https://queue-times.com/parks/16/queue_times.json
2026-08-23T17:00:22.289Z,2026-08-23 10:00:22,2026-08-23,America/Los_Angeles,disneyland,Disneyland,Adventureland,288,Walt Disney's Enchanted Tiki Room,TRUE,0,2026-08-23T16:56:09.000Z,2026-08-23 09:56:09,https://queue-times.com/parks/16/queue_times.json
2026-08-23T17:00:22.289Z,2026-08-23 10:00:22,2026-08-23,America/Los_Angeles,disneyland,Disneyland,Bayou Country,304,Davy Crockett's Explorer Canoes,FALSE,0,2026-08-23T16:56:09.000Z,2026-08-23 09:56:09,https://queue-times.com/parks/16/queue_times.json
2026-08-23T17:00:22.289Z,2026-08-23 10:00:22,2026-08-23,America/Los_Angeles,disneyland,Disneyland,Bayou Country,306,The Many Adventures of Winnie the Pooh,TRUE,5,2026-08-23T16:56:09.000Z,2026-08-23 09:56:09,https://queue-times.com/parks/16/queue_times.json
2026-08-23T17:00:22.289Z,2026-08-23 10:00:22,2026-08-23,America/Los_Angeles,disneyland,Disneyland,Bayou Country,14168,Tiana's Bayou Adventure,TRUE,5,2026-08-23T16:56:09.000Z,2026-08-23 09:56:09,https://queue-times.com/parks/16/queue_times.json
2026-08-23T17:00:22.289Z,2026-08-23 10:00:22,2026-08-23,America/Los_Angeles,disneyland,Disneyland,Bayou Country,14326,Tiana's Bayou Adventure Single Rider,TRUE,0,2026-08-23T16:56:09.000Z,2026-08-23 09:56:09,https://queue-times.com/parks/16/queue_times.json
2026-08-23T17:00:22.289Z,2026-08-23 10:00:22,2026-08-23,America/Los_Angeles,disneyland,Disneyland,Fantasyland,307,"""it's a small world""",TRUE,5,2026-08-23T16:56:09.000Z,2026-08-23 09:56:09,https://queue-times.com/parks/16/queue_times.json
2026-08-23T17:00:22.289Z,2026-08-23 10:00:22,2026-08-23,America/Los_Angeles,disneyland,Disneyland,Fantasyland,285,Alice in Wonderland,TRUE,10,2026-08-23T16:56:09.000Z,2026-08-23 09:56:09,https://queue-times.com/parks/16/queue_times.json
2026-08-23T17:00:22.289Z,2026-08-23 10:00:22,2026-08-23,America/Los_Angeles,disneyland,Disneyland,Fantasyland,16254,Bluey’s Best Day Ever! at Fantasyland Theatre,TRUE,0,2026-08-23T16:56:09.000Z,2026-08-23 09:56:09,https://queue-times.com/parks/16/queue_times.json
2026-08-23T17:00:22.289Z,2026-08-23 10:00:22,2026-08-23,America/Los_Angeles,disneyland,Disneyland,Fantasyland,303,Casey Jr. Circus Train,TRUE,5,2026-08-23T16:56:09.000Z,2026-08-23 09:56:09,https://queue-times.com/parks/16/queue_times.json
2026-08-23T17:00:22.289Z,2026-08-23 10:00:22,2026-08-23,America/Los_Angeles,disneyland,Disneyland,Fantasyland,275,Dumbo the Flying Elephant,TRUE,15,2026-08-23T16:56:09.000Z,2026-08-23 09:56:09,https://queue-times.com/parks/16/queue_times.json
2026-08-23T17:00:22.289Z,2026-08-23 10:00:22,2026-08-23,America/Los_Angeles,disneyland,Disneyland,Fantasyland,277,King Arthur Carrousel,TRUE,5,2026-08-23T16:56:09.000Z,2026-08-23 09:56:09,https://queue-times.com/parks/16/queue_times.json
2026-08-23T17:00:22.289Z,2026-08-23 10:00:22,2026-08-23,America/Los_Angeles,disneyland,Disneyland,Fantasyland,278,Mad Tea Party,TRUE,5,2026-08-23T16:56:09.000Z,2026-08-23 09:56:09,https://queue-times.com/parks/16/queue_times.json
2026-08-23T17:00:22.289Z,2026-08-23 10:00:22,2026-08-23,America/Los_Angeles,disneyland,Disneyland,Fantasyland,279,Matterhorn Bobsleds,TRUE,10,2026-08-23T16:56:09.000Z,2026-08-23 09:56:09,https://queue-times.com/parks/16/queue_times.json
2026-08-23T17:00:22.289Z,2026-08-23 10:00:22,2026-08-23,America/Los_Angeles,disneyland,Disneyland,Fantasyland,6711,Meet Disney Princesses at Royal Hall,FALSE,0,2026-08-23T16:56:09.000Z,2026-08-23 09:56:09,https://queue-times.com/parks/16/queue_times.json
2026-08-23T17:00:22.289Z,2026-08-23 10:00:22,2026-08-23,America/Los_Angeles,disneyland,Disneyland,Fantasyland,280,Mr. Toad's Wild Ride,TRUE,5,2026-08-23T16:56:09.000Z,2026-08-23 09:56:09,https://queue-times.com/parks/16/queue_times.json
2026-08-23T17:00:22.289Z,2026-08-23 10:00:22,2026-08-23,America/Los_Angeles,disneyland,Disneyland,Fantasyland,281,Peter Pan's Flight,TRUE,20,2026-08-23T16:56:09.000Z,2026-08-23 09:56:09,https://queue-times.com/parks/16/queue_times.json
2026-08-23T17:00:22.289Z,2026-08-23 10:00:22,2026-08-23,America/Los_Angeles,disneyland,Disneyland,Fantasyland,282,Pinocchio's Daring Journey,TRUE,5,2026-08-23T16:56:09.000Z,2026-08-23 09:56:09,https://queue-times.com/parks/16/queue_times.json
2026-08-23T17:00:22.289Z,2026-08-23 10:00:22,2026-08-23,America/Los_Angeles,disneyland,Disneyland,Fantasyland,687,Sleeping Beauty Castle Walkthrough,FALSE,0,2026-08-23T16:56:09.000Z,2026-08-23 09:56:09,https://queue-times.com/parks/16/queue_times.json
2026-08-23T17:00:22.289Z,2026-08-23 10:00:22,2026-08-23,America/Los_Angeles,disneyland,Disneyland,Fantasyland,283,Snow White's Enchanted Wish,TRUE,5,2026-08-23T16:56:09.000Z,2026-08-23 09:56:09,https://queue-times.com/parks/16/queue_times.json
2026-08-23T17:00:22.289Z,2026-08-23 10:00:22,2026-08-23,America/Los_Angeles,disneyland,Disneyland,Fantasyland,305,Storybook Land Canal Boats,TRUE,5,2026-08-23T16:56:09.000Z,2026-08-23 09:56:09,https://queue-times.com/parks/16/queue_times.json
2026-08-23T17:00:22.289Z,2026-08-23 10:00:22,2026-08-23,America/Los_Angeles,disneyland,Disneyland,Frontierland,323,Big Thunder Mountain Railroad,TRUE,20,2026-08-23T16:56:09.000Z,2026-08-23 09:56:09,https://queue-times.com/parks/16/queue_times.json
2026-08-23T17:00:22.289Z,2026-08-23 10:00:22,2026-08-23,America/Los_Angeles,disneyland,Disneyland,Frontierland,679,Frontierland Shootin' Exposition,FALSE,0,2026-08-23T16:56:09.000Z,2026-08-23 09:56:09,https://queue-times.com/parks/16/queue_times.json
2026-08-23T17:00:22.289Z,2026-08-23 10:00:22,2026-08-23,America/Los_Angeles,disneyland,Disneyland,Frontierland,456,Mark Twain Riverboat,TRUE,10,2026-08-23T16:56:09.000Z,2026-08-23 09:56:09,https://queue-times.com/parks/16/queue_times.json
2026-08-23T17:00:22.289Z,2026-08-23 10:00:22,2026-08-23,America/Los_Angeles,disneyland,Disneyland,Frontierland,331,Pirate's Lair on Tom Sawyer Island,TRUE,5,2026-08-23T16:56:09.000Z,2026-08-23 09:56:09,https://queue-times.com/parks/16/queue_times.json
2026-08-23T17:00:22.289Z,2026-08-23 10:00:22,2026-08-23,America/Los_Angeles,disneyland,Disneyland,Frontierland,328,Sailing Ship Columbia,FALSE,0,2026-08-23T16:56:09.000Z,2026-08-23 09:56:09,https://queue-times.com/parks/16/queue_times.json
2026-08-23T17:00:22.289Z,2026-08-23 10:00:22,2026-08-23,America/Los_Angeles,disneyland,Disneyland,Main Street U.S.A,674,Disneyland Railroad,TRUE,5,2026-08-23T16:56:09.000Z,2026-08-23 09:56:09,https://queue-times.com/parks/16/queue_times.json
2026-08-23T17:00:22.289Z,2026-08-23 10:00:22,2026-08-23,America/Los_Angeles,disneyland,Disneyland,Main Street U.S.A,690,Great Moments with Mr. Lincoln,TRUE,0,2026-08-23T16:56:09.000Z,2026-08-23 09:56:09,https://queue-times.com/parks/16/queue_times.json
2026-08-23T17:00:22.289Z,2026-08-23 10:00:22,2026-08-23,America/Los_Angeles,disneyland,Disneyland,Main Street U.S.A,686,Main Street Cinema,FALSE,0,2026-08-23T16:56:09.000Z,2026-08-23 09:56:09,https://queue-times.com/parks/16/queue_times.json
2026-08-23T17:00:22.289Z,2026-08-23 10:00:22,2026-08-23,America/Los_Angeles,disneyland,Disneyland,Main Street U.S.A,691,Main Street Vehicles,TRUE,0,2026-08-23T16:56:09.000Z,2026-08-23 09:56:09,https://queue-times.com/parks/16/queue_times.json
2026-08-23T17:00:22.289Z,2026-08-23 10:00:22,2026-08-23,America/Los_Angeles,disneyland,Disneyland,Main Street U.S.A,14915,Opera House - Walt Disney - A Magical Life,TRUE,0,2026-08-23T16:56:09.000Z,2026-08-23 09:56:09,https://queue-times.com/parks/16/queue_times.json
2026-08-23T17:00:22.289Z,2026-08-23 10:00:22,2026-08-23,America/Los_Angeles,disneyland,Disneyland,Main Street U.S.A,695,The Disney Gallery,TRUE,0,2026-08-23T16:56:09.000Z,2026-08-23 09:56:09,https://queue-times.com/parks/16/queue_times.json
2026-08-23T17:00:22.289Z,2026-08-23 10:00:22,2026-08-23,America/Los_Angeles,disneyland,Disneyland,Main Street U.S.A,14923,Walt Disney - A Magical Life,FALSE,0,2026-08-23T16:56:09.000Z,2026-08-23 09:56:09,https://queue-times.com/parks/16/queue_times.json
2026-08-23T17:00:22.289Z,2026-08-23 10:00:22,2026-08-23,America/Los_Angeles,disneyland,Disneyland,Mickey's Toontown,324,Chip 'n' Dale's GADGETcoaster,TRUE,5,2026-08-23T16:56:09.000Z,2026-08-23 09:56:09,https://queue-times.com/parks/16/queue_times.json
2026-08-23T17:00:22.289Z,2026-08-23 10:00:22,2026-08-23,America/Los_Angeles,disneyland,Disneyland,Mickey's Toontown,13814,Donald's Duck Pond,TRUE,0,2026-08-23T16:56:09.000Z,2026-08-23 09:56:09,https://queue-times.com/parks/16/queue_times.json
2026-08-23T17:00:22.289Z,2026-08-23 10:00:22,2026-08-23,America/Los_Angeles,disneyland,Disneyland,Mickey's Toontown,11980,Goofy's How-to-Play Yard,TRUE,0,2026-08-23T16:56:09.000Z,2026-08-23 09:56:09,https://queue-times.com/parks/16/queue_times.json
2026-08-23T17:00:22.289Z,2026-08-23 10:00:22,2026-08-23,America/Los_Angeles,disneyland,Disneyland,Mickey's Toontown,11526,Mickey & Minnie's Runaway Railway,TRUE,10,2026-08-23T16:56:09.000Z,2026-08-23 09:56:09,https://queue-times.com/parks/16/queue_times.json
2026-08-23T17:00:22.289Z,2026-08-23 10:00:22,2026-08-23,America/Los_Angeles,disneyland,Disneyland,Mickey's Toontown,709,Mickey's House and Meet Mickey Mouse,TRUE,15,2026-08-23T16:56:09.000Z,2026-08-23 09:56:09,https://queue-times.com/parks/16/queue_times.json
2026-08-23T17:00:22.289Z,2026-08-23 10:00:22,2026-08-23,America/Los_Angeles,disneyland,Disneyland,Mickey's Toontown,327,Mickey's House and Meet Mickey Mouse,FALSE,0,2026-08-23T16:56:09.000Z,2026-08-23 09:56:09,https://queue-times.com/parks/16/queue_times.json
2026-08-23T17:00:22.289Z,2026-08-23 10:00:22,2026-08-23,America/Los_Angeles,disneyland,Disneyland,Mickey's Toontown,684,Minnie's House,TRUE,0,2026-08-23T16:56:09.000Z,2026-08-23 09:56:09,https://queue-times.com/parks/16/queue_times.json
2026-08-23T17:00:22.289Z,2026-08-23 10:00:22,2026-08-23,America/Los_Angeles,disneyland,Disneyland,Mickey's Toontown,332,Roger Rabbit's Car Toon Spin,TRUE,20,2026-08-23T16:56:09.000Z,2026-08-23 09:56:09,https://queue-times.com/parks/16/queue_times.json
2026-08-23T17:00:22.289Z,2026-08-23 10:00:22,2026-08-23,America/Los_Angeles,disneyland,Disneyland,New Orleans Square,13958,Haunted Mansion,FALSE,0,2026-08-21T05:25:59.000Z,2026-08-20 22:25:59,https://queue-times.com/parks/16/queue_times.json
2026-08-23T17:00:22.289Z,2026-08-23 10:00:22,2026-08-23,America/Los_Angeles,disneyland,Disneyland,New Orleans Square,325,Haunted Mansion Holiday,FALSE,0,2026-08-23T16:56:09.000Z,2026-08-23 09:56:09,https://queue-times.com/parks/16/queue_times.json
2026-08-23T17:00:22.289Z,2026-08-23 10:00:22,2026-08-23,America/Los_Angeles,disneyland,Disneyland,New Orleans Square,289,Pirates of the Caribbean,TRUE,10,2026-08-23T16:56:09.000Z,2026-08-23 09:56:09,https://queue-times.com/parks/16/queue_times.json
2026-08-23T17:00:22.289Z,2026-08-23 10:00:22,2026-08-23,America/Los_Angeles,disneyland,Disneyland,Star Wars: Galaxy's Edge,6339,Millennium Falcon: Smugglers Run,TRUE,5,2026-08-23T16:56:09.000Z,2026-08-23 09:56:09,https://queue-times.com/parks/16/queue_times.json
2026-08-23T17:00:22.289Z,2026-08-23 10:00:22,2026-08-23,America/Los_Angeles,disneyland,Disneyland,Star Wars: Galaxy's Edge,10903,Millennium Falcon: Smugglers Run Single Rider,TRUE,0,2026-08-23T16:56:09.000Z,2026-08-23 09:56:09,https://queue-times.com/parks/16/queue_times.json
2026-08-23T17:00:22.289Z,2026-08-23 10:00:22,2026-08-23,America/Los_Angeles,disneyland,Disneyland,Star Wars: Galaxy's Edge,6340,Star Wars: Rise of the Resistance,TRUE,55,2026-08-23T16:56:09.000Z,2026-08-23 09:56:09,https://queue-times.com/parks/16/queue_times.json
2026-08-23T17:00:22.289Z,2026-08-23 10:00:22,2026-08-23,America/Los_Angeles,disneyland,Disneyland,Tomorrowland,287,Astro Orbitor,TRUE,15,2026-08-23T16:56:09.000Z,2026-08-23 09:56:09,https://queue-times.com/parks/16/queue_times.json
2026-08-23T17:00:22.289Z,2026-08-23 10:00:22,2026-08-23,America/Los_Angeles,disneyland,Disneyland,Tomorrowland,317,Autopia,TRUE,10,2026-08-23T16:56:09.000Z,2026-08-23 09:56:09,https://queue-times.com/parks/16/queue_times.json
2026-08-23T17:00:22.289Z,2026-08-23 10:00:22,2026-08-23,America/Los_Angeles,disneyland,Disneyland,Tomorrowland,273,Buzz Lightyear Astro Blasters,TRUE,5,2026-08-23T16:56:09.000Z,2026-08-23 09:56:09,https://queue-times.com/parks/16/queue_times.json
2026-08-23T17:00:22.289Z,2026-08-23 10:00:22,2026-08-23,America/Los_Angeles,disneyland,Disneyland,Tomorrowland,274,Disneyland Monorail,TRUE,5,2026-08-23T16:56:09.000Z,2026-08-23 09:56:09,https://queue-times.com/parks/16/queue_times.json
2026-08-23T17:00:22.289Z,2026-08-23 10:00:22,2026-08-23,America/Los_Angeles,disneyland,Disneyland,Tomorrowland,276,Finding Nemo Submarine Voyage,TRUE,5,2026-08-23T16:56:09.000Z,2026-08-23 09:56:09,https://queue-times.com/parks/16/queue_times.json
2026-08-23T17:00:22.289Z,2026-08-23 10:00:22,2026-08-23,America/Los_Angeles,disneyland,Disneyland,Tomorrowland,16627,Pixar Short Film Spotlight,FALSE,0,2026-08-23T16:56:09.000Z,2026-08-23 09:56:09,https://queue-times.com/parks/16/queue_times.json
2026-08-23T17:00:22.289Z,2026-08-23 10:00:22,2026-08-23,America/Los_Angeles,disneyland,Disneyland,Tomorrowland,284,Space Mountain,TRUE,30,2026-08-23T16:56:09.000Z,2026-08-23 09:56:09,https://queue-times.com/parks/16/queue_times.json
2026-08-23T17:00:22.289Z,2026-08-23 10:00:22,2026-08-23,America/Los_Angeles,disneyland,Disneyland,Tomorrowland,286,Star Tours - The Adventures Continue,TRUE,5,2026-08-23T16:56:09.000Z,2026-08-23 09:56:09,https://queue-times.com/parks/16/queue_times.json
2026-08-23T17:00:22.289Z,2026-08-23 10:00:22,2026-08-23,America/Los_Angeles,dca,Disney California Adventure,Avengers Campus,329,Guardians of the Galaxy - Mission: BREAKOUT!,TRUE,35,2026-08-23T16:56:13.000Z,2026-08-23 09:56:13,https://queue-times.com/parks/17/queue_times.json
2026-08-23T17:00:22.289Z,2026-08-23 10:00:22,2026-08-23,America/Los_Angeles,dca,Disney California Adventure,Avengers Campus,8843,WEB SLINGERS: A Spider-Man Adventure,TRUE,25,2026-08-23T16:56:13.000Z,2026-08-23 09:56:13,https://queue-times.com/parks/17/queue_times.json
2026-08-23T17:00:22.289Z,2026-08-23 10:00:22,2026-08-23,America/Los_Angeles,dca,Disney California Adventure,Avengers Campus,10907,WEB SLINGERS: A Spider-Man Adventure Single Rider,TRUE,0,2026-08-23T16:56:13.000Z,2026-08-23 09:56:13,https://queue-times.com/parks/17/queue_times.json
2026-08-23T17:00:22.289Z,2026-08-23 10:00:22,2026-08-23,America/Los_Angeles,dca,Disney California Adventure,Cars Land,2608,Luigi's Honkin' Haul-O-Ween,TRUE,5,2026-08-23T16:56:13.000Z,2026-08-23 09:56:13,https://queue-times.com/parks/17/queue_times.json
2026-08-23T17:00:22.289Z,2026-08-23 10:00:22,2026-08-23,America/Los_Angeles,dca,Disney California Adventure,Cars Land,13961,Luigi's Rollickin' Roadsters,FALSE,0,2026-08-18T08:55:45.000Z,2026-08-18 01:55:45,https://queue-times.com/parks/17/queue_times.json
2026-08-23T17:00:22.289Z,2026-08-23 10:00:22,2026-08-23,America/Los_Angeles,dca,Disney California Adventure,Cars Land,315,Mater's Junkyard Jamboree,FALSE,0,2026-08-18T08:55:45.000Z,2026-08-18 01:55:45,https://queue-times.com/parks/17/queue_times.json
2026-08-23T17:00:22.289Z,2026-08-23 10:00:22,2026-08-23,America/Los_Angeles,dca,Disney California Adventure,Cars Land,295,Radiator Springs Racers,FALSE,0,2026-08-23T16:56:13.000Z,2026-08-23 09:56:13,https://queue-times.com/parks/17/queue_times.json
2026-08-23T17:00:22.289Z,2026-08-23 10:00:22,2026-08-23,America/Los_Angeles,dca,Disney California Adventure,Cars Land,10904,Radiator Springs Racers Single Rider,FALSE,0,2026-08-23T16:56:13.000Z,2026-08-23 09:56:13,https://queue-times.com/parks/17/queue_times.json
2026-08-23T17:00:22.289Z,2026-08-23 10:00:22,2026-08-23,America/Los_Angeles,dca,Disney California Adventure,Grizzly Peak,302,Grizzly River Run,TRUE,5,2026-08-23T16:56:13.000Z,2026-08-23 09:56:13,https://queue-times.com/parks/17/queue_times.json
2026-08-23T17:00:22.289Z,2026-08-23 10:00:22,2026-08-23,America/Los_Angeles,dca,Disney California Adventure,Grizzly Peak,293,Redwood Creek Challenge Trail,FALSE,0,2026-08-23T16:56:13.000Z,2026-08-23 09:56:13,https://queue-times.com/parks/17/queue_times.json
2026-08-23T17:00:22.289Z,2026-08-23 10:00:22,2026-08-23,America/Los_Angeles,dca,Disney California Adventure,Grizzly Peak,17129,Soarin’ Across America,TRUE,20,2026-08-23T16:56:13.000Z,2026-08-23 09:56:13,https://queue-times.com/parks/17/queue_times.json
2026-08-23T17:00:22.289Z,2026-08-23 10:00:22,2026-08-23,America/Los_Angeles,dca,Disney California Adventure,Hollywood Land,321,Animation Academy,TRUE,0,2026-08-23T16:56:13.000Z,2026-08-23 09:56:13,https://queue-times.com/parks/17/queue_times.json
2026-08-23T17:00:22.289Z,2026-08-23 10:00:22,2026-08-23,America/Los_Angeles,dca,Disney California Adventure,Hollywood Land,6440,Mickey's PhilharMagic,TRUE,10,2026-08-23T16:56:13.000Z,2026-08-23 09:56:13,https://queue-times.com/parks/17/queue_times.json
2026-08-23T17:00:22.289Z,2026-08-23 10:00:22,2026-08-23,America/Los_Angeles,dca,Disney California Adventure,Hollywood Land,291,"Monsters, Inc. Mike & Sulley to the Rescue!",TRUE,10,2026-08-23T16:56:13.000Z,2026-08-23 09:56:13,https://queue-times.com/parks/17/queue_times.json
2026-08-23T17:00:22.289Z,2026-08-23 10:00:22,2026-08-23,America/Los_Angeles,dca,Disney California Adventure,Hollywood Land,868,Sorcerer's Workshop,TRUE,0,2026-08-23T16:56:13.000Z,2026-08-23 09:56:13,https://queue-times.com/parks/17/queue_times.json
2026-08-23T17:00:22.289Z,2026-08-23 10:00:22,2026-08-23,America/Los_Angeles,dca,Disney California Adventure,Hollywood Land,294,Turtle Talk with Crush,TRUE,0,2026-08-23T16:56:13.000Z,2026-08-23 09:56:13,https://queue-times.com/parks/17/queue_times.json
2026-08-23T17:00:22.289Z,2026-08-23 10:00:22,2026-08-23,America/Los_Angeles,dca,Disney California Adventure,Pacific Wharf,869,The Bakery Tour,TRUE,0,2026-08-23T16:56:13.000Z,2026-08-23 09:56:13,https://queue-times.com/parks/17/queue_times.json
2026-08-23T17:00:22.289Z,2026-08-23 10:00:22,2026-08-23,America/Los_Angeles,dca,Disney California Adventure,Paradise Gardens Park,298,Golden Zephyr,FALSE,0,2026-08-23T16:56:13.000Z,2026-08-23 09:56:13,https://queue-times.com/parks/17/queue_times.json
2026-08-23T17:00:22.289Z,2026-08-23 10:00:22,2026-08-23,America/Los_Angeles,dca,Disney California Adventure,Paradise Gardens Park,319,Goofy's Sky School,FALSE,0,2026-08-23T16:56:13.000Z,2026-08-23 09:56:13,https://queue-times.com/parks/17/queue_times.json
2026-08-23T17:00:22.289Z,2026-08-23 10:00:22,2026-08-23,America/Los_Angeles,dca,Disney California Adventure,Paradise Gardens Park,301,Silly Symphony Swings,FALSE,0,2026-08-23T16:56:13.000Z,2026-08-23 09:56:13,https://queue-times.com/parks/17/queue_times.json
2026-08-23T17:00:22.289Z,2026-08-23 10:00:22,2026-08-23,America/Los_Angeles,dca,Disney California Adventure,Paradise Gardens Park,316,The Little Mermaid - Ariel's Undersea Adventure,TRUE,5,2026-08-23T16:56:13.000Z,2026-08-23 09:56:13,https://queue-times.com/parks/17/queue_times.json
2026-08-23T17:00:22.289Z,2026-08-23 10:00:22,2026-08-23,America/Los_Angeles,dca,Disney California Adventure,Paradise Gardens Park,11528,World of Color – ONE,FALSE,0,2026-08-23T16:56:13.000Z,2026-08-23 09:56:13,https://queue-times.com/parks/17/queue_times.json
2026-08-23T17:00:22.289Z,2026-08-23 10:00:22,2026-08-23,America/Los_Angeles,dca,Disney California Adventure,Pixar Pier,866,Games of Pixar Pier,TRUE,0,2026-08-23T16:56:13.000Z,2026-08-23 09:56:13,https://queue-times.com/parks/17/queue_times.json
2026-08-23T17:00:22.289Z,2026-08-23 10:00:22,2026-08-23,America/Los_Angeles,dca,Disney California Adventure,Pixar Pier,322,Incredicoaster,TRUE,10,2026-08-23T16:56:13.000Z,2026-08-23 09:56:13,https://queue-times.com/parks/17/queue_times.json
2026-08-23T17:00:22.289Z,2026-08-23 10:00:22,2026-08-23,America/Los_Angeles,dca,Disney California Adventure,Pixar Pier,10906,Incredicoaster Single Rider,TRUE,0,2026-08-23T16:56:13.000Z,2026-08-23 09:56:13,https://queue-times.com/parks/17/queue_times.json
2026-08-23T17:00:22.289Z,2026-08-23 10:00:22,2026-08-23,America/Los_Angeles,dca,Disney California Adventure,Pixar Pier,6643,Inside Out Emotional Whirlwind,FALSE,0,2026-08-23T16:56:13.000Z,2026-08-23 09:56:13,https://queue-times.com/parks/17/queue_times.json
2026-08-23T17:00:22.289Z,2026-08-23 10:00:22,2026-08-23,America/Los_Angeles,dca,Disney California Adventure,Pixar Pier,310,Jessie's Critter Carousel,TRUE,5,2026-08-23T16:56:13.000Z,2026-08-23 09:56:13,https://queue-times.com/parks/17/queue_times.json
2026-08-23T17:00:22.289Z,2026-08-23 10:00:22,2026-08-23,America/Los_Angeles,dca,Disney California Adventure,Pixar Pier,300,Jumpin' Jellyfish,TRUE,5,2026-08-23T16:56:13.000Z,2026-08-23 09:56:13,https://queue-times.com/parks/17/queue_times.json
2026-08-23T17:00:22.289Z,2026-08-23 10:00:22,2026-08-23,America/Los_Angeles,dca,Disney California Adventure,Pixar Pier,311,Pixar Pal-A-Round - Swinging,TRUE,10,2026-08-23T16:56:13.000Z,2026-08-23 09:56:13,https://queue-times.com/parks/17/queue_times.json
2026-08-23T17:00:22.289Z,2026-08-23 10:00:22,2026-08-23,America/Los_Angeles,dca,Disney California Adventure,Pixar Pier,5557,Pixar Pal-A-Round – Non-Swinging,TRUE,5,2026-08-23T16:56:13.000Z,2026-08-23 09:56:13,https://queue-times.com/parks/17/queue_times.json
2026-08-23T17:00:22.289Z,2026-08-23 10:00:22,2026-08-23,America/Los_Angeles,dca,Disney California Adventure,Pixar Pier,313,Toy Story Midway Mania!,TRUE,35,2026-08-23T16:56:13.000Z,2026-08-23 09:56:13,https://queue-times.com/parks/17/queue_times.json
2026-08-23T17:00:22.289Z,2026-08-23 10:00:22,2026-08-23,America/Los_Angeles,dca,Disney California Adventure,Halloween,5146,Guardians of the Galaxy - Monsters After Dark,FALSE,0,2026-08-23T16:56:13.000Z,2026-08-23 09:56:13,https://queue-times.com/parks/17/queue_times.json
2026-08-23T17:00:22.289Z,2026-08-23 10:00:22,2026-08-23,America/Los_Angeles,dca,Disney California Adventure,Halloween,4723,Mater's Graveyard JamBOOree,TRUE,5,2026-08-23T16:56:13.000Z,2026-08-23 09:56:13,https://queue-times.com/parks/17/queue_times.json
2026-08-23T17:00:22.289Z,2026-08-23 10:00:22,2026-08-23,America/Los_Angeles,dca,Disney California Adventure,Halloween,7292,Villains Grove at Oogie Boogie Bash,FALSE,0,2026-08-23T16:56:13.000Z,2026-08-23 09:56:13,https://queue-times.com/parks/17/queue_times.json
2026-08-23T17:09:10.061Z,2026-08-23 10:09:10,2026-08-23,America/Los_Angeles,disneyland,Disneyland,Adventureland,12428,Adventureland Treehouse inspired by Walt Disney’s Swiss Family Robinson,TRUE,0,2026-08-23T17:05:36.000Z,2026-08-23 10:05:36,https://queue-times.com/parks/16/queue_times.json
2026-08-23T17:09:10.061Z,2026-08-23 10:09:10,2026-08-23,America/Los_Angeles,disneyland,Disneyland,Adventureland,326,Indiana Jones™ Adventure,FALSE,0,2026-08-23T17:05:36.000Z,2026-08-23 10:05:36,https://queue-times.com/parks/16/queue_times.json
2026-08-23T17:09:10.061Z,2026-08-23 10:09:10,2026-08-23,America/Los_Angeles,disneyland,Disneyland,Adventureland,296,Jungle Cruise,TRUE,5,2026-08-23T17:05:36.000Z,2026-08-23 10:05:36,https://queue-times.com/parks/16/queue_times.json
2026-08-23T17:09:10.061Z,2026-08-23 10:09:10,2026-08-23,America/Los_Angeles,disneyland,Disneyland,Adventureland,288,Walt Disney's Enchanted Tiki Room,TRUE,0,2026-08-23T17:05:36.000Z,2026-08-23 10:05:36,https://queue-times.com/parks/16/queue_times.json
2026-08-23T17:09:10.061Z,2026-08-23 10:09:10,2026-08-23,America/Los_Angeles,disneyland,Disneyland,Bayou Country,304,Davy Crockett's Explorer Canoes,FALSE,0,2026-08-23T17:05:36.000Z,2026-08-23 10:05:36,https://queue-times.com/parks/16/queue_times.json
2026-08-23T17:09:10.061Z,2026-08-23 10:09:10,2026-08-23,America/Los_Angeles,disneyland,Disneyland,Bayou Country,306,The Many Adventures of Winnie the Pooh,TRUE,5,2026-08-23T17:05:36.000Z,2026-08-23 10:05:36,https://queue-times.com/parks/16/queue_times.json
2026-08-23T17:09:10.061Z,2026-08-23 10:09:10,2026-08-23,America/Los_Angeles,disneyland,Disneyland,Bayou Country,14168,Tiana's Bayou Adventure,TRUE,20,2026-08-23T17:05:36.000Z,2026-08-23 10:05:36,https://queue-times.com/parks/16/queue_times.json
2026-08-23T17:09:10.061Z,2026-08-23 10:09:10,2026-08-23,America/Los_Angeles,disneyland,Disneyland,Bayou Country,14326,Tiana's Bayou Adventure Single Rider,TRUE,0,2026-08-23T17:05:36.000Z,2026-08-23 10:05:36,https://queue-times.com/parks/16/queue_times.json
2026-08-23T17:09:10.061Z,2026-08-23 10:09:10,2026-08-23,America/Los_Angeles,disneyland,Disneyland,Fantasyland,307,"""it's a small world""",TRUE,5,2026-08-23T17:05:36.000Z,2026-08-23 10:05:36,https://queue-times.com/parks/16/queue_times.json
2026-08-23T17:09:10.061Z,2026-08-23 10:09:10,2026-08-23,America/Los_Angeles,disneyland,Disneyland,Fantasyland,285,Alice in Wonderland,TRUE,10,2026-08-23T17:05:36.000Z,2026-08-23 10:05:36,https://queue-times.com/parks/16/queue_times.json
2026-08-23T17:09:10.061Z,2026-08-23 10:09:10,2026-08-23,America/Los_Angeles,disneyland,Disneyland,Fantasyland,16254,Bluey’s Best Day Ever! at Fantasyland Theatre,TRUE,0,2026-08-23T17:05:36.000Z,2026-08-23 10:05:36,https://queue-times.com/parks/16/queue_times.json
2026-08-23T17:09:10.061Z,2026-08-23 10:09:10,2026-08-23,America/Los_Angeles,disneyland,Disneyland,Fantasyland,303,Casey Jr. Circus Train,TRUE,10,2026-08-23T17:05:36.000Z,2026-08-23 10:05:36,https://queue-times.com/parks/16/queue_times.json
2026-08-23T17:09:10.061Z,2026-08-23 10:09:10,2026-08-23,America/Los_Angeles,disneyland,Disneyland,Fantasyland,275,Dumbo the Flying Elephant,TRUE,15,2026-08-23T17:05:36.000Z,2026-08-23 10:05:36,https://queue-times.com/parks/16/queue_times.json
2026-08-23T17:09:10.061Z,2026-08-23 10:09:10,2026-08-23,America/Los_Angeles,disneyland,Disneyland,Fantasyland,277,King Arthur Carrousel,TRUE,5,2026-08-23T17:05:36.000Z,2026-08-23 10:05:36,https://queue-times.com/parks/16/queue_times.json
2026-08-23T17:09:10.061Z,2026-08-23 10:09:10,2026-08-23,America/Los_Angeles,disneyland,Disneyland,Fantasyland,278,Mad Tea Party,TRUE,5,2026-08-23T17:05:36.000Z,2026-08-23 10:05:36,https://queue-times.com/parks/16/queue_times.json
2026-08-23T17:09:10.061Z,2026-08-23 10:09:10,2026-08-23,America/Los_Angeles,disneyland,Disneyland,Fantasyland,279,Matterhorn Bobsleds,TRUE,10,2026-08-23T17:05:36.000Z,2026-08-23 10:05:36,https://queue-times.com/parks/16/queue_times.json
2026-08-23T17:09:10.061Z,2026-08-23 10:09:10,2026-08-23,America/Los_Angeles,disneyland,Disneyland,Fantasyland,6711,Meet Disney Princesses at Royal Hall,TRUE,45,2026-08-23T17:05:36.000Z,2026-08-23 10:05:36,https://queue-times.com/parks/16/queue_times.json
2026-08-23T17:09:10.061Z,2026-08-23 10:09:10,2026-08-23,America/Los_Angeles,disneyland,Disneyland,Fantasyland,280,Mr. Toad's Wild Ride,TRUE,5,2026-08-23T17:05:36.000Z,2026-08-23 10:05:36,https://queue-times.com/parks/16/queue_times.json
2026-08-23T17:09:10.061Z,2026-08-23 10:09:10,2026-08-23,America/Los_Angeles,disneyland,Disneyland,Fantasyland,281,Peter Pan's Flight,TRUE,30,2026-08-23T17:05:36.000Z,2026-08-23 10:05:36,https://queue-times.com/parks/16/queue_times.json
2026-08-23T17:09:10.061Z,2026-08-23 10:09:10,2026-08-23,America/Los_Angeles,disneyland,Disneyland,Fantasyland,282,Pinocchio's Daring Journey,TRUE,5,2026-08-23T17:05:36.000Z,2026-08-23 10:05:36,https://queue-times.com/parks/16/queue_times.json
2026-08-23T17:09:10.061Z,2026-08-23 10:09:10,2026-08-23,America/Los_Angeles,disneyland,Disneyland,Fantasyland,687,Sleeping Beauty Castle Walkthrough,FALSE,0,2026-08-23T17:05:36.000Z,2026-08-23 10:05:36,https://queue-times.com/parks/16/queue_times.json
2026-08-23T17:09:10.061Z,2026-08-23 10:09:10,2026-08-23,America/Los_Angeles,disneyland,Disneyland,Fantasyland,283,Snow White's Enchanted Wish,TRUE,5,2026-08-23T17:05:36.000Z,2026-08-23 10:05:36,https://queue-times.com/parks/16/queue_times.json
2026-08-23T17:09:10.061Z,2026-08-23 10:09:10,2026-08-23,America/Los_Angeles,disneyland,Disneyland,Fantasyland,305,Storybook Land Canal Boats,TRUE,5,2026-08-23T17:05:36.000Z,2026-08-23 10:05:36,https://queue-times.com/parks/16/queue_times.json
2026-08-23T17:09:10.061Z,2026-08-23 10:09:10,2026-08-23,America/Los_Angeles,disneyland,Disneyland,Frontierland,323,Big Thunder Mountain Railroad,TRUE,20,2026-08-23T17:05:36.000Z,2026-08-23 10:05:36,https://queue-times.com/parks/16/queue_times.json
2026-08-23T17:09:10.061Z,2026-08-23 10:09:10,2026-08-23,America/Los_Angeles,disneyland,Disneyland,Frontierland,679,Frontierland Shootin' Exposition,FALSE,0,2026-08-23T17:05:36.000Z,2026-08-23 10:05:36,https://queue-times.com/parks/16/queue_times.json
2026-08-23T17:09:10.061Z,2026-08-23 10:09:10,2026-08-23,America/Los_Angeles,disneyland,Disneyland,Frontierland,456,Mark Twain Riverboat,TRUE,10,2026-08-23T17:05:36.000Z,2026-08-23 10:05:36,https://queue-times.com/parks/16/queue_times.json
2026-08-23T17:09:10.061Z,2026-08-23 10:09:10,2026-08-23,America/Los_Angeles,disneyland,Disneyland,Frontierland,331,Pirate's Lair on Tom Sawyer Island,TRUE,5,2026-08-23T17:05:36.000Z,2026-08-23 10:05:36,https://queue-times.com/parks/16/queue_times.json
2026-08-23T17:09:10.061Z,2026-08-23 10:09:10,2026-08-23,America/Los_Angeles,disneyland,Disneyland,Frontierland,328,Sailing Ship Columbia,FALSE,0,2026-08-23T17:05:36.000Z,2026-08-23 10:05:36,https://queue-times.com/parks/16/queue_times.json
2026-08-23T17:09:10.061Z,2026-08-23 10:09:10,2026-08-23,America/Los_Angeles,disneyland,Disneyland,Main Street U.S.A,674,Disneyland Railroad,TRUE,5,2026-08-23T17:05:36.000Z,2026-08-23 10:05:36,https://queue-times.com/parks/16/queue_times.json
2026-08-23T17:09:10.061Z,2026-08-23 10:09:10,2026-08-23,America/Los_Angeles,disneyland,Disneyland,Main Street U.S.A,690,Great Moments with Mr. Lincoln,TRUE,0,2026-08-23T17:05:36.000Z,2026-08-23 10:05:36,https://queue-times.com/parks/16/queue_times.json
2026-08-23T17:09:10.061Z,2026-08-23 10:09:10,2026-08-23,America/Los_Angeles,disneyland,Disneyland,Main Street U.S.A,686,Main Street Cinema,FALSE,0,2026-08-23T17:05:36.000Z,2026-08-23 10:05:36,https://queue-times.com/parks/16/queue_times.json
2026-08-23T17:09:10.061Z,2026-08-23 10:09:10,2026-08-23,America/Los_Angeles,disneyland,Disneyland,Main Street U.S.A,691,Main Street Vehicles,TRUE,0,2026-08-23T17:05:36.000Z,2026-08-23 10:05:36,https://queue-times.com/parks/16/queue_times.json
2026-08-23T17:09:10.061Z,2026-08-23 10:09:10,2026-08-23,America/Los_Angeles,disneyland,Disneyland,Main Street U.S.A,14915,Opera House - Walt Disney - A Magical Life,TRUE,0,2026-08-23T17:05:36.000Z,2026-08-23 10:05:36,https://queue-times.com/parks/16/queue_times.json
2026-08-23T17:09:10.061Z,2026-08-23 10:09:10,2026-08-23,America/Los_Angeles,disneyland,Disneyland,Main Street U.S.A,695,The Disney Gallery,TRUE,0,2026-08-23T17:05:36.000Z,2026-08-23 10:05:36,https://queue-times.com/parks/16/queue_times.json
2026-08-23T17:09:10.061Z,2026-08-23 10:09:10,2026-08-23,America/Los_Angeles,disneyland,Disneyland,Main Street U.S.A,14923,Walt Disney - A Magical Life,FALSE,0,2026-08-23T17:05:36.000Z,2026-08-23 10:05:36,https://queue-times.com/parks/16/queue_times.json
2026-08-23T17:09:10.061Z,2026-08-23 10:09:10,2026-08-23,America/Los_Angeles,disneyland,Disneyland,Mickey's Toontown,324,Chip 'n' Dale's GADGETcoaster,TRUE,5,2026-08-23T17:05:36.000Z,2026-08-23 10:05:36,https://queue-times.com/parks/16/queue_times.json
2026-08-23T17:09:10.061Z,2026-08-23 10:09:10,2026-08-23,America/Los_Angeles,disneyland,Disneyland,Mickey's Toontown,13814,Donald's Duck Pond,TRUE,0,2026-08-23T17:05:36.000Z,2026-08-23 10:05:36,https://queue-times.com/parks/16/queue_times.json
2026-08-23T17:09:10.061Z,2026-08-23 10:09:10,2026-08-23,America/Los_Angeles,disneyland,Disneyland,Mickey's Toontown,11980,Goofy's How-to-Play Yard,TRUE,0,2026-08-23T17:05:36.000Z,2026-08-23 10:05:36,https://queue-times.com/parks/16/queue_times.json
2026-08-23T17:09:10.061Z,2026-08-23 10:09:10,2026-08-23,America/Los_Angeles,disneyland,Disneyland,Mickey's Toontown,11526,Mickey & Minnie's Runaway Railway,TRUE,20,2026-08-23T17:05:36.000Z,2026-08-23 10:05:36,https://queue-times.com/parks/16/queue_times.json
2026-08-23T17:09:10.061Z,2026-08-23 10:09:10,2026-08-23,America/Los_Angeles,disneyland,Disneyland,Mickey's Toontown,709,Mickey's House and Meet Mickey Mouse,TRUE,15,2026-08-23T17:05:36.000Z,2026-08-23 10:05:36,https://queue-times.com/parks/16/queue_times.json
2026-08-23T17:09:10.061Z,2026-08-23 10:09:10,2026-08-23,America/Los_Angeles,disneyland,Disneyland,Mickey's Toontown,327,Mickey's House and Meet Mickey Mouse,FALSE,0,2026-08-23T17:05:36.000Z,2026-08-23 10:05:36,https://queue-times.com/parks/16/queue_times.json
2026-08-23T17:09:10.061Z,2026-08-23 10:09:10,2026-08-23,America/Los_Angeles,disneyland,Disneyland,Mickey's Toontown,684,Minnie's House,TRUE,0,2026-08-23T17:05:36.000Z,2026-08-23 10:05:36,https://queue-times.com/parks/16/queue_times.json
2026-08-23T17:09:10.061Z,2026-08-23 10:09:10,2026-08-23,America/Los_Angeles,disneyland,Disneyland,Mickey's Toontown,332,Roger Rabbit's Car Toon Spin,TRUE,20,2026-08-23T17:05:36.000Z,2026-08-23 10:05:36,https://queue-times.com/parks/16/queue_times.json
2026-08-23T17:09:10.061Z,2026-08-23 10:09:10,2026-08-23,America/Los_Angeles,disneyland,Disneyland,New Orleans Square,13958,Haunted Mansion,FALSE,0,2026-08-21T05:25:59.000Z,2026-08-20 22:25:59,https://queue-times.com/parks/16/queue_times.json
2026-08-23T17:09:10.061Z,2026-08-23 10:09:10,2026-08-23,America/Los_Angeles,disneyland,Disneyland,New Orleans Square,325,Haunted Mansion Holiday,TRUE,50,2026-08-23T17:05:36.000Z,2026-08-23 10:05:36,https://queue-times.com/parks/16/queue_times.json
2026-08-23T17:09:10.061Z,2026-08-23 10:09:10,2026-08-23,America/Los_Angeles,disneyland,Disneyland,New Orleans Square,289,Pirates of the Caribbean,TRUE,10,2026-08-23T17:05:36.000Z,2026-08-23 10:05:36,https://queue-times.com/parks/16/queue_times.json
2026-08-23T17:09:10.061Z,2026-08-23 10:09:10,2026-08-23,America/Los_Angeles,disneyland,Disneyland,Star Wars: Galaxy's Edge,6339,Millennium Falcon: Smugglers Run,TRUE,5,2026-08-23T17:05:36.000Z,2026-08-23 10:05:36,https://queue-times.com/parks/16/queue_times.json
2026-08-23T17:09:10.061Z,2026-08-23 10:09:10,2026-08-23,America/Los_Angeles,disneyland,Disneyland,Star Wars: Galaxy's Edge,10903,Millennium Falcon: Smugglers Run Single Rider,TRUE,0,2026-08-23T17:05:36.000Z,2026-08-23 10:05:36,https://queue-times.com/parks/16/queue_times.json
2026-08-23T17:09:10.061Z,2026-08-23 10:09:10,2026-08-23,America/Los_Angeles,disneyland,Disneyland,Star Wars: Galaxy's Edge,6340,Star Wars: Rise of the Resistance,TRUE,55,2026-08-23T17:05:36.000Z,2026-08-23 10:05:36,https://queue-times.com/parks/16/queue_times.json
2026-08-23T17:09:10.061Z,2026-08-23 10:09:10,2026-08-23,America/Los_Angeles,disneyland,Disneyland,Tomorrowland,287,Astro Orbitor,TRUE,15,2026-08-23T17:05:36.000Z,2026-08-23 10:05:36,https://queue-times.com/parks/16/queue_times.json
2026-08-23T17:09:10.061Z,2026-08-23 10:09:10,2026-08-23,America/Los_Angeles,disneyland,Disneyland,Tomorrowland,317,Autopia,TRUE,15,2026-08-23T17:05:36.000Z,2026-08-23 10:05:36,https://queue-times.com/parks/16/queue_times.json
2026-08-23T17:09:10.061Z,2026-08-23 10:09:10,2026-08-23,America/Los_Angeles,disneyland,Disneyland,Tomorrowland,273,Buzz Lightyear Astro Blasters,TRUE,5,2026-08-23T17:05:36.000Z,2026-08-23 10:05:36,https://queue-times.com/parks/16/queue_times.json
2026-08-23T17:09:10.061Z,2026-08-23 10:09:10,2026-08-23,America/Los_Angeles,disneyland,Disneyland,Tomorrowland,274,Disneyland Monorail,TRUE,5,2026-08-23T17:05:36.000Z,2026-08-23 10:05:36,https://queue-times.com/parks/16/queue_times.json
2026-08-23T17:09:10.061Z,2026-08-23 10:09:10,2026-08-23,America/Los_Angeles,disneyland,Disneyland,Tomorrowland,276,Finding Nemo Submarine Voyage,TRUE,5,2026-08-23T17:05:36.000Z,2026-08-23 10:05:36,https://queue-times.com/parks/16/queue_times.json
2026-08-23T17:09:10.061Z,2026-08-23 10:09:10,2026-08-23,America/Los_Angeles,disneyland,Disneyland,Tomorrowland,16627,Pixar Short Film Spotlight,FALSE,0,2026-08-23T17:05:36.000Z,2026-08-23 10:05:36,https://queue-times.com/parks/16/queue_times.json
2026-08-23T17:09:10.061Z,2026-08-23 10:09:10,2026-08-23,America/Los_Angeles,disneyland,Disneyland,Tomorrowland,284,Space Mountain,TRUE,30,2026-08-23T17:05:36.000Z,2026-08-23 10:05:36,https://queue-times.com/parks/16/queue_times.json
2026-08-23T17:09:10.061Z,2026-08-23 10:09:10,2026-08-23,America/Los_Angeles,disneyland,Disneyland,Tomorrowland,286,Star Tours - The Adventures Continue,TRUE,5,2026-08-23T17:05:36.000Z,2026-08-23 10:05:36,https://queue-times.com/parks/16/queue_times.json
2026-08-23T17:09:10.061Z,2026-08-23 10:09:10,2026-08-23,America/Los_Angeles,dca,Disney California Adventure,Avengers Campus,329,Guardians of the Galaxy - Mission: BREAKOUT!,TRUE,35,2026-08-23T17:05:41.000Z,2026-08-23 10:05:41,https://queue-times.com/parks/17/queue_times.json
2026-08-23T17:09:10.061Z,2026-08-23 10:09:10,2026-08-23,America/Los_Angeles,dca,Disney California Adventure,Avengers Campus,8843,WEB SLINGERS: A Spider-Man Adventure,TRUE,25,2026-08-23T17:05:41.000Z,2026-08-23 10:05:41,https://queue-times.com/parks/17/queue_times.json
2026-08-23T17:09:10.061Z,2026-08-23 10:09:10,2026-08-23,America/Los_Angeles,dca,Disney California Adventure,Avengers Campus,10907,WEB SLINGERS: A Spider-Man Adventure Single Rider,TRUE,0,2026-08-23T17:05:41.000Z,2026-08-23 10:05:41,https://queue-times.com/parks/17/queue_times.json
2026-08-23T17:09:10.061Z,2026-08-23 10:09:10,2026-08-23,America/Los_Angeles,dca,Disney California Adventure,Cars Land,2608,Luigi's Honkin' Haul-O-Ween,TRUE,5,2026-08-23T17:05:41.000Z,2026-08-23 10:05:41,https://queue-times.com/parks/17/queue_times.json
2026-08-23T17:09:10.061Z,2026-08-23 10:09:10,2026-08-23,America/Los_Angeles,dca,Disney California Adventure,Cars Land,13961,Luigi's Rollickin' Roadsters,FALSE,0,2026-08-18T08:55:45.000Z,2026-08-18 01:55:45,https://queue-times.com/parks/17/queue_times.json
2026-08-23T17:09:10.061Z,2026-08-23 10:09:10,2026-08-23,America/Los_Angeles,dca,Disney California Adventure,Cars Land,315,Mater's Junkyard Jamboree,FALSE,0,2026-08-18T08:55:45.000Z,2026-08-18 01:55:45,https://queue-times.com/parks/17/queue_times.json
2026-08-23T17:09:10.061Z,2026-08-23 10:09:10,2026-08-23,America/Los_Angeles,dca,Disney California Adventure,Cars Land,295,Radiator Springs Racers,FALSE,0,2026-08-23T17:05:41.000Z,2026-08-23 10:05:41,https://queue-times.com/parks/17/queue_times.json
2026-08-23T17:09:10.061Z,2026-08-23 10:09:10,2026-08-23,America/Los_Angeles,dca,Disney California Adventure,Cars Land,10904,Radiator Springs Racers Single Rider,FALSE,0,2026-08-23T17:05:41.000Z,2026-08-23 10:05:41,https://queue-times.com/parks/17/queue_times.json
2026-08-23T17:09:10.061Z,2026-08-23 10:09:10,2026-08-23,America/Los_Angeles,dca,Disney California Adventure,Grizzly Peak,302,Grizzly River Run,TRUE,5,2026-08-23T17:05:41.000Z,2026-08-23 10:05:41,https://queue-times.com/parks/17/queue_times.json
2026-08-23T17:09:10.061Z,2026-08-23 10:09:10,2026-08-23,America/Los_Angeles,dca,Disney California Adventure,Grizzly Peak,293,Redwood Creek Challenge Trail,TRUE,5,2026-08-23T17:05:41.000Z,2026-08-23 10:05:41,https://queue-times.com/parks/17/queue_times.json
2026-08-23T17:09:10.061Z,2026-08-23 10:09:10,2026-08-23,America/Los_Angeles,dca,Disney California Adventure,Grizzly Peak,17129,Soarin’ Across America,TRUE,20,2026-08-23T17:05:41.000Z,2026-08-23 10:05:41,https://queue-times.com/parks/17/queue_times.json
2026-08-23T17:09:10.061Z,2026-08-23 10:09:10,2026-08-23,America/Los_Angeles,dca,Disney California Adventure,Hollywood Land,321,Animation Academy,TRUE,0,2026-08-23T17:05:41.000Z,2026-08-23 10:05:41,https://queue-times.com/parks/17/queue_times.json
2026-08-23T17:09:10.061Z,2026-08-23 10:09:10,2026-08-23,America/Los_Angeles,dca,Disney California Adventure,Hollywood Land,6440,Mickey's PhilharMagic,TRUE,10,2026-08-23T17:05:41.000Z,2026-08-23 10:05:41,https://queue-times.com/parks/17/queue_times.json
2026-08-23T17:09:10.061Z,2026-08-23 10:09:10,2026-08-23,America/Los_Angeles,dca,Disney California Adventure,Hollywood Land,291,"Monsters, Inc. Mike & Sulley to the Rescue!",TRUE,15,2026-08-23T17:05:41.000Z,2026-08-23 10:05:41,https://queue-times.com/parks/17/queue_times.json
2026-08-23T17:09:10.061Z,2026-08-23 10:09:10,2026-08-23,America/Los_Angeles,dca,Disney California Adventure,Hollywood Land,868,Sorcerer's Workshop,TRUE,0,2026-08-23T17:05:41.000Z,2026-08-23 10:05:41,https://queue-times.com/parks/17/queue_times.json
2026-08-23T17:09:10.061Z,2026-08-23 10:09:10,2026-08-23,America/Los_Angeles,dca,Disney California Adventure,Hollywood Land,294,Turtle Talk with Crush,TRUE,0,2026-08-23T17:05:41.000Z,2026-08-23 10:05:41,https://queue-times.com/parks/17/queue_times.json
2026-08-23T17:09:10.061Z,2026-08-23 10:09:10,2026-08-23,America/Los_Angeles,dca,Disney California Adventure,Pacific Wharf,869,The Bakery Tour,TRUE,0,2026-08-23T17:05:41.000Z,2026-08-23 10:05:41,https://queue-times.com/parks/17/queue_times.json
2026-08-23T17:09:10.061Z,2026-08-23 10:09:10,2026-08-23,America/Los_Angeles,dca,Disney California Adventure,Paradise Gardens Park,298,Golden Zephyr,FALSE,0,2026-08-23T17:05:41.000Z,2026-08-23 10:05:41,https://queue-times.com/parks/17/queue_times.json
2026-08-23T17:09:10.061Z,2026-08-23 10:09:10,2026-08-23,America/Los_Angeles,dca,Disney California Adventure,Paradise Gardens Park,319,Goofy's Sky School,FALSE,0,2026-08-23T17:05:41.000Z,2026-08-23 10:05:41,https://queue-times.com/parks/17/queue_times.json
2026-08-23T17:09:10.061Z,2026-08-23 10:09:10,2026-08-23,America/Los_Angeles,dca,Disney California Adventure,Paradise Gardens Park,301,Silly Symphony Swings,FALSE,0,2026-08-23T17:05:41.000Z,2026-08-23 10:05:41,https://queue-times.com/parks/17/queue_times.json
2026-08-23T17:09:10.061Z,2026-08-23 10:09:10,2026-08-23,America/Los_Angeles,dca,Disney California Adventure,Paradise Gardens Park,316,The Little Mermaid - Ariel's Undersea Adventure,TRUE,5,2026-08-23T17:05:41.000Z,2026-08-23 10:05:41,https://queue-times.com/parks/17/queue_times.json
2026-08-23T17:09:10.061Z,2026-08-23 10:09:10,2026-08-23,America/Los_Angeles,dca,Disney California Adventure,Paradise Gardens Park,11528,World of Color – ONE,FALSE,0,2026-08-23T17:05:41.000Z,2026-08-23 10:05:41,https://queue-times.com/parks/17/queue_times.json
2026-08-23T17:09:10.061Z,2026-08-23 10:09:10,2026-08-23,America/Los_Angeles,dca,Disney California Adventure,Pixar Pier,866,Games of Pixar Pier,TRUE,0,2026-08-23T17:05:41.000Z,2026-08-23 10:05:41,https://queue-times.com/parks/17/queue_times.json
2026-08-23T17:09:10.061Z,2026-08-23 10:09:10,2026-08-23,America/Los_Angeles,dca,Disney California Adventure,Pixar Pier,322,Incredicoaster,TRUE,10,2026-08-23T17:05:41.000Z,2026-08-23 10:05:41,https://queue-times.com/parks/17/queue_times.json
2026-08-23T17:09:10.061Z,2026-08-23 10:09:10,2026-08-23,America/Los_Angeles,dca,Disney California Adventure,Pixar Pier,10906,Incredicoaster Single Rider,TRUE,0,2026-08-23T17:05:41.000Z,2026-08-23 10:05:41,https://queue-times.com/parks/17/queue_times.json
2026-08-23T17:09:10.061Z,2026-08-23 10:09:10,2026-08-23,America/Los_Angeles,dca,Disney California Adventure,Pixar Pier,6643,Inside Out Emotional Whirlwind,FALSE,0,2026-08-23T17:05:41.000Z,2026-08-23 10:05:41,https://queue-times.com/parks/17/queue_times.json
2026-08-23T17:09:10.061Z,2026-08-23 10:09:10,2026-08-23,America/Los_Angeles,dca,Disney California Adventure,Pixar Pier,310,Jessie's Critter Carousel,TRUE,5,2026-08-23T17:05:41.000Z,2026-08-23 10:05:41,https://queue-times.com/parks/17/queue_times.json
2026-08-23T17:09:10.061Z,2026-08-23 10:09:10,2026-08-23,America/Los_Angeles,dca,Disney California Adventure,Pixar Pier,300,Jumpin' Jellyfish,TRUE,5,2026-08-23T17:05:41.000Z,2026-08-23 10:05:41,https://queue-times.com/parks/17/queue_times.json
2026-08-23T17:09:10.061Z,2026-08-23 10:09:10,2026-08-23,America/Los_Angeles,dca,Disney California Adventure,Pixar Pier,311,Pixar Pal-A-Round - Swinging,TRUE,10,2026-08-23T17:05:41.000Z,2026-08-23 10:05:41,https://queue-times.com/parks/17/queue_times.json
2026-08-23T17:09:10.061Z,2026-08-23 10:09:10,2026-08-23,America/Los_Angeles,dca,Disney California Adventure,Pixar Pier,5557,Pixar Pal-A-Round – Non-Swinging,TRUE,5,2026-08-23T17:05:41.000Z,2026-08-23 10:05:41,https://queue-times.com/parks/17/queue_times.json
2026-08-23T17:09:10.061Z,2026-08-23 10:09:10,2026-08-23,America/Los_Angeles,dca,Disney California Adventure,Pixar Pier,313,Toy Story Midway Mania!,TRUE,35,2026-08-23T17:05:41.000Z,2026-08-23 10:05:41,https://queue-times.com/parks/17/queue_times.json
2026-08-23T17:09:10.061Z,2026-08-23 10:09:10,2026-08-23,America/Los_Angeles,dca,Disney California Adventure,Halloween,5146,Guardians of the Galaxy - Monsters After Dark,FALSE,0,2026-08-23T17:05:41.000Z,2026-08-23 10:05:41,https://queue-times.com/parks/17/queue_times.json
2026-08-23T17:09:10.061Z,2026-08-23 10:09:10,2026-08-23,America/Los_Angeles,dca,Disney California Adventure,Halloween,4723,Mater's Graveyard JamBOOree,TRUE,5,2026-08-23T17:05:41.000Z,2026-08-23 10:05:41,https://queue-times.com/parks/17/queue_times.json
2026-08-23T17:09:10.061Z,2026-08-23 10:09:10,2026-08-23,America/Los_Angeles,dca,Disney California Adventure,Halloween,7292,Villains Grove at Oogie Boogie Bash,FALSE,0,2026-08-23T17:05:41.000Z,2026-08-23 10:05:41,https://queue-times.com/parks/17/queue_times.json
2026-08-23T17:15:19.012Z,2026-08-23 10:15:19,2026-08-23,America/Los_Angeles,disneyland,Disneyland,Adventureland,12428,Adventureland Treehouse inspired by Walt Disney’s Swiss Family Robinson,TRUE,0,2026-08-23T17:10:36.000Z,2026-08-23 10:10:36,https://queue-times.com/parks/16/queue_times.json
2026-08-23T17:15:19.012Z,2026-08-23 10:15:19,2026-08-23,America/Los_Angeles,disneyland,Disneyland,Adventureland,326,Indiana Jones™ Adventure,FALSE,0,2026-08-23T17:10:36.000Z,2026-08-23 10:10:36,https://queue-times.com/parks/16/queue_times.json
2026-08-23T17:15:19.012Z,2026-08-23 10:15:19,2026-08-23,America/Los_Angeles,disneyland,Disneyland,Adventureland,296,Jungle Cruise,TRUE,10,2026-08-23T17:10:36.000Z,2026-08-23 10:10:36,https://queue-times.com/parks/16/queue_times.json
2026-08-23T17:15:19.012Z,2026-08-23 10:15:19,2026-08-23,America/Los_Angeles,disneyland,Disneyland,Adventureland,288,Walt Disney's Enchanted Tiki Room,TRUE,0,2026-08-23T17:10:36.000Z,2026-08-23 10:10:36,https://queue-times.com/parks/16/queue_times.json
2026-08-23T17:15:19.012Z,2026-08-23 10:15:19,2026-08-23,America/Los_Angeles,disneyland,Disneyland,Bayou Country,304,Davy Crockett's Explorer Canoes,FALSE,0,2026-08-23T17:10:36.000Z,2026-08-23 10:10:36,https://queue-times.com/parks/16/queue_times.json
2026-08-23T17:15:19.012Z,2026-08-23 10:15:19,2026-08-23,America/Los_Angeles,disneyland,Disneyland,Bayou Country,306,The Many Adventures of Winnie the Pooh,TRUE,5,2026-08-23T17:10:36.000Z,2026-08-23 10:10:36,https://queue-times.com/parks/16/queue_times.json
2026-08-23T17:15:19.012Z,2026-08-23 10:15:19,2026-08-23,America/Los_Angeles,disneyland,Disneyland,Bayou Country,14168,Tiana's Bayou Adventure,TRUE,15,2026-08-23T17:10:36.000Z,2026-08-23 10:10:36,https://queue-times.com/parks/16/queue_times.json
2026-08-23T17:15:19.012Z,2026-08-23 10:15:19,2026-08-23,America/Los_Angeles,disneyland,Disneyland,Bayou Country,14326,Tiana's Bayou Adventure Single Rider,TRUE,0,2026-08-23T17:10:36.000Z,2026-08-23 10:10:36,https://queue-times.com/parks/16/queue_times.json
2026-08-23T17:15:19.012Z,2026-08-23 10:15:19,2026-08-23,America/Los_Angeles,disneyland,Disneyland,Fantasyland,307,"""it's a small world""",TRUE,5,2026-08-23T17:10:36.000Z,2026-08-23 10:10:36,https://queue-times.com/parks/16/queue_times.json
2026-08-23T17:15:19.012Z,2026-08-23 10:15:19,2026-08-23,America/Los_Angeles,disneyland,Disneyland,Fantasyland,285,Alice in Wonderland,TRUE,10,2026-08-23T17:10:36.000Z,2026-08-23 10:10:36,https://queue-times.com/parks/16/queue_times.json
2026-08-23T17:15:19.012Z,2026-08-23 10:15:19,2026-08-23,America/Los_Angeles,disneyland,Disneyland,Fantasyland,16254,Bluey’s Best Day Ever! at Fantasyland Theatre,TRUE,0,2026-08-23T17:10:36.000Z,2026-08-23 10:10:36,https://queue-times.com/parks/16/queue_times.json
2026-08-23T17:15:19.012Z,2026-08-23 10:15:19,2026-08-23,America/Los_Angeles,disneyland,Disneyland,Fantasyland,303,Casey Jr. Circus Train,TRUE,10,2026-08-23T17:10:36.000Z,2026-08-23 10:10:36,https://queue-times.com/parks/16/queue_times.json
2026-08-23T17:15:19.012Z,2026-08-23 10:15:19,2026-08-23,America/Los_Angeles,disneyland,Disneyland,Fantasyland,275,Dumbo the Flying Elephant,TRUE,15,2026-08-23T17:10:36.000Z,2026-08-23 10:10:36,https://queue-times.com/parks/16/queue_times.json
2026-08-23T17:15:19.012Z,2026-08-23 10:15:19,2026-08-23,America/Los_Angeles,disneyland,Disneyland,Fantasyland,277,King Arthur Carrousel,TRUE,5,2026-08-23T17:10:36.000Z,2026-08-23 10:10:36,https://queue-times.com/parks/16/queue_times.json
2026-08-23T17:15:19.012Z,2026-08-23 10:15:19,2026-08-23,America/Los_Angeles,disneyland,Disneyland,Fantasyland,278,Mad Tea Party,TRUE,5,2026-08-23T17:10:36.000Z,2026-08-23 10:10:36,https://queue-times.com/parks/16/queue_times.json
2026-08-23T17:15:19.012Z,2026-08-23 10:15:19,2026-08-23,America/Los_Angeles,disneyland,Disneyland,Fantasyland,279,Matterhorn Bobsleds,TRUE,15,2026-08-23T17:10:36.000Z,2026-08-23 10:10:36,https://queue-times.com/parks/16/queue_times.json
2026-08-23T17:15:19.012Z,2026-08-23 10:15:19,2026-08-23,America/Los_Angeles,disneyland,Disneyland,Fantasyland,6711,Meet Disney Princesses at Royal Hall,TRUE,45,2026-08-23T17:10:36.000Z,2026-08-23 10:10:36,https://queue-times.com/parks/16/queue_times.json
2026-08-23T17:15:19.012Z,2026-08-23 10:15:19,2026-08-23,America/Los_Angeles,disneyland,Disneyland,Fantasyland,280,Mr. Toad's Wild Ride,TRUE,5,2026-08-23T17:10:36.000Z,2026-08-23 10:10:36,https://queue-times.com/parks/16/queue_times.json
2026-08-23T17:15:19.012Z,2026-08-23 10:15:19,2026-08-23,America/Los_Angeles,disneyland,Disneyland,Fantasyland,281,Peter Pan's Flight,TRUE,30,2026-08-23T17:10:36.000Z,2026-08-23 10:10:36,https://queue-times.com/parks/16/queue_times.json
2026-08-23T17:15:19.012Z,2026-08-23 10:15:19,2026-08-23,America/Los_Angeles,disneyland,Disneyland,Fantasyland,282,Pinocchio's Daring Journey,TRUE,5,2026-08-23T17:10:36.000Z,2026-08-23 10:10:36,https://queue-times.com/parks/16/queue_times.json
2026-08-23T17:15:19.012Z,2026-08-23 10:15:19,2026-08-23,America/Los_Angeles,disneyland,Disneyland,Fantasyland,687,Sleeping Beauty Castle Walkthrough,FALSE,0,2026-08-23T17:10:36.000Z,2026-08-23 10:10:36,https://queue-times.com/parks/16/queue_times.json
2026-08-23T17:15:19.012Z,2026-08-23 10:15:19,2026-08-23,America/Los_Angeles,disneyland,Disneyland,Fantasyland,283,Snow White's Enchanted Wish,TRUE,5,2026-08-23T17:10:36.000Z,2026-08-23 10:10:36,https://queue-times.com/parks/16/queue_times.json
2026-08-23T17:15:19.012Z,2026-08-23 10:15:19,2026-08-23,America/Los_Angeles,disneyland,Disneyland,Fantasyland,305,Storybook Land Canal Boats,TRUE,5,2026-08-23T17:10:36.000Z,2026-08-23 10:10:36,https://queue-times.com/parks/16/queue_times.json
2026-08-23T17:15:19.012Z,2026-08-23 10:15:19,2026-08-23,America/Los_Angeles,disneyland,Disneyland,Frontierland,323,Big Thunder Mountain Railroad,TRUE,20,2026-08-23T17:10:36.000Z,2026-08-23 10:10:36,https://queue-times.com/parks/16/queue_times.json
2026-08-23T17:15:19.012Z,2026-08-23 10:15:19,2026-08-23,America/Los_Angeles,disneyland,Disneyland,Frontierland,679,Frontierland Shootin' Exposition,FALSE,0,2026-08-23T17:10:36.000Z,2026-08-23 10:10:36,https://queue-times.com/parks/16/queue_times.json
2026-08-23T17:15:19.012Z,2026-08-23 10:15:19,2026-08-23,America/Los_Angeles,disneyland,Disneyland,Frontierland,456,Mark Twain Riverboat,TRUE,10,2026-08-23T17:10:36.000Z,2026-08-23 10:10:36,https://queue-times.com/parks/16/queue_times.json
2026-08-23T17:15:19.012Z,2026-08-23 10:15:19,2026-08-23,America/Los_Angeles,disneyland,Disneyland,Frontierland,331,Pirate's Lair on Tom Sawyer Island,TRUE,5,2026-08-23T17:10:36.000Z,2026-08-23 10:10:36,https://queue-times.com/parks/16/queue_times.json
2026-08-23T17:15:19.012Z,2026-08-23 10:15:19,2026-08-23,America/Los_Angeles,disneyland,Disneyland,Frontierland,328,Sailing Ship Columbia,FALSE,0,2026-08-23T17:10:36.000Z,2026-08-23 10:10:36,https://queue-times.com/parks/16/queue_times.json
2026-08-23T17:15:19.012Z,2026-08-23 10:15:19,2026-08-23,America/Los_Angeles,disneyland,Disneyland,Main Street U.S.A,674,Disneyland Railroad,TRUE,5,2026-08-23T17:10:36.000Z,2026-08-23 10:10:36,https://queue-times.com/parks/16/queue_times.json
2026-08-23T17:15:19.012Z,2026-08-23 10:15:19,2026-08-23,America/Los_Angeles,disneyland,Disneyland,Main Street U.S.A,690,Great Moments with Mr. Lincoln,TRUE,0,2026-08-23T17:10:36.000Z,2026-08-23 10:10:36,https://queue-times.com/parks/16/queue_times.json
2026-08-23T17:15:19.012Z,2026-08-23 10:15:19,2026-08-23,America/Los_Angeles,disneyland,Disneyland,Main Street U.S.A,686,Main Street Cinema,FALSE,0,2026-08-23T17:10:36.000Z,2026-08-23 10:10:36,https://queue-times.com/parks/16/queue_times.json
2026-08-23T17:15:19.012Z,2026-08-23 10:15:19,2026-08-23,America/Los_Angeles,disneyland,Disneyland,Main Street U.S.A,691,Main Street Vehicles,TRUE,0,2026-08-23T17:10:36.000Z,2026-08-23 10:10:36,https://queue-times.com/parks/16/queue_times.json
2026-08-23T17:15:19.012Z,2026-08-23 10:15:19,2026-08-23,America/Los_Angeles,disneyland,Disneyland,Main Street U.S.A,14915,Opera House - Walt Disney - A Magical Life,TRUE,0,2026-08-23T17:10:36.000Z,2026-08-23 10:10:36,https://queue-times.com/parks/16/queue_times.json
2026-08-23T17:15:19.012Z,2026-08-23 10:15:19,2026-08-23,America/Los_Angeles,disneyland,Disneyland,Main Street U.S.A,695,The Disney Gallery,TRUE,0,2026-08-23T17:10:36.000Z,2026-08-23 10:10:36,https://queue-times.com/parks/16/queue_times.json
2026-08-23T17:15:19.012Z,2026-08-23 10:15:19,2026-08-23,America/Los_Angeles,disneyland,Disneyland,Main Street U.S.A,14923,Walt Disney - A Magical Life,FALSE,0,2026-08-23T17:10:36.000Z,2026-08-23 10:10:36,https://queue-times.com/parks/16/queue_times.json
2026-08-23T17:15:19.012Z,2026-08-23 10:15:19,2026-08-23,America/Los_Angeles,disneyland,Disneyland,Mickey's Toontown,324,Chip 'n' Dale's GADGETcoaster,TRUE,5,2026-08-23T17:10:36.000Z,2026-08-23 10:10:36,https://queue-times.com/parks/16/queue_times.json
2026-08-23T17:15:19.012Z,2026-08-23 10:15:19,2026-08-23,America/Los_Angeles,disneyland,Disneyland,Mickey's Toontown,13814,Donald's Duck Pond,TRUE,0,2026-08-23T17:10:36.000Z,2026-08-23 10:10:36,https://queue-times.com/parks/16/queue_times.json
2026-08-23T17:15:19.012Z,2026-08-23 10:15:19,2026-08-23,America/Los_Angeles,disneyland,Disneyland,Mickey's Toontown,11980,Goofy's How-to-Play Yard,TRUE,0,2026-08-23T17:10:36.000Z,2026-08-23 10:10:36,https://queue-times.com/parks/16/queue_times.json
2026-08-23T17:15:19.012Z,2026-08-23 10:15:19,2026-08-23,America/Los_Angeles,disneyland,Disneyland,Mickey's Toontown,11526,Mickey & Minnie's Runaway Railway,TRUE,20,2026-08-23T17:10:36.000Z,2026-08-23 10:10:36,https://queue-times.com/parks/16/queue_times.json
2026-08-23T17:15:19.012Z,2026-08-23 10:15:19,2026-08-23,America/Los_Angeles,disneyland,Disneyland,Mickey's Toontown,709,Mickey's House and Meet Mickey Mouse,TRUE,15,2026-08-23T17:10:36.000Z,2026-08-23 10:10:36,https://queue-times.com/parks/16/queue_times.json
2026-08-23T17:15:19.012Z,2026-08-23 10:15:19,2026-08-23,America/Los_Angeles,disneyland,Disneyland,Mickey's Toontown,327,Mickey's House and Meet Mickey Mouse,FALSE,0,2026-08-23T17:10:36.000Z,2026-08-23 10:10:36,https://queue-times.com/parks/16/queue_times.json
2026-08-23T17:15:19.012Z,2026-08-23 10:15:19,2026-08-23,America/Los_Angeles,disneyland,Disneyland,Mickey's Toontown,684,Minnie's House,TRUE,0,2026-08-23T17:10:36.000Z,2026-08-23 10:10:36,https://queue-times.com/parks/16/queue_times.json
2026-08-23T17:15:19.012Z,2026-08-23 10:15:19,2026-08-23,America/Los_Angeles,disneyland,Disneyland,Mickey's Toontown,332,Roger Rabbit's Car Toon Spin,TRUE,20,2026-08-23T17:10:36.000Z,2026-08-23 10:10:36,https://queue-times.com/parks/16/queue_times.json
2026-08-23T17:15:19.012Z,2026-08-23 10:15:19,2026-08-23,America/Los_Angeles,disneyland,Disneyland,New Orleans Square,13958,Haunted Mansion,FALSE,0,2026-08-21T05:25:59.000Z,2026-08-20 22:25:59,https://queue-times.com/parks/16/queue_times.json
2026-08-23T17:15:19.012Z,2026-08-23 10:15:19,2026-08-23,America/Los_Angeles,disneyland,Disneyland,New Orleans Square,325,Haunted Mansion Holiday,TRUE,50,2026-08-23T17:10:36.000Z,2026-08-23 10:10:36,https://queue-times.com/parks/16/queue_times.json
2026-08-23T17:15:19.012Z,2026-08-23 10:15:19,2026-08-23,America/Los_Angeles,disneyland,Disneyland,New Orleans Square,289,Pirates of the Caribbean,TRUE,15,2026-08-23T17:10:36.000Z,2026-08-23 10:10:36,https://queue-times.com/parks/16/queue_times.json
2026-08-23T17:15:19.012Z,2026-08-23 10:15:19,2026-08-23,America/Los_Angeles,disneyland,Disneyland,Star Wars: Galaxy's Edge,6339,Millennium Falcon: Smugglers Run,TRUE,5,2026-08-23T17:10:36.000Z,2026-08-23 10:10:36,https://queue-times.com/parks/16/queue_times.json
2026-08-23T17:15:19.012Z,2026-08-23 10:15:19,2026-08-23,America/Los_Angeles,disneyland,Disneyland,Star Wars: Galaxy's Edge,10903,Millennium Falcon: Smugglers Run Single Rider,TRUE,0,2026-08-23T17:10:36.000Z,2026-08-23 10:10:36,https://queue-times.com/parks/16/queue_times.json
2026-08-23T17:15:19.012Z,2026-08-23 10:15:19,2026-08-23,America/Los_Angeles,disneyland,Disneyland,Star Wars: Galaxy's Edge,6340,Star Wars: Rise of the Resistance,TRUE,35,2026-08-23T17:10:36.000Z,2026-08-23 10:10:36,https://queue-times.com/parks/16/queue_times.json
2026-08-23T17:15:19.012Z,2026-08-23 10:15:19,2026-08-23,America/Los_Angeles,disneyland,Disneyland,Tomorrowland,287,Astro Orbitor,TRUE,15,2026-08-23T17:10:36.000Z,2026-08-23 10:10:36,https://queue-times.com/parks/16/queue_times.json
2026-08-23T17:15:19.012Z,2026-08-23 10:15:19,2026-08-23,America/Los_Angeles,disneyland,Disneyland,Tomorrowland,317,Autopia,TRUE,15,2026-08-23T17:10:36.000Z,2026-08-23 10:10:36,https://queue-times.com/parks/16/queue_times.json
2026-08-23T17:15:19.012Z,2026-08-23 10:15:19,2026-08-23,America/Los_Angeles,disneyland,Disneyland,Tomorrowland,273,Buzz Lightyear Astro Blasters,TRUE,5,2026-08-23T17:10:36.000Z,2026-08-23 10:10:36,https://queue-times.com/parks/16/queue_times.json
2026-08-23T17:15:19.012Z,2026-08-23 10:15:19,2026-08-23,America/Los_Angeles,disneyland,Disneyland,Tomorrowland,274,Disneyland Monorail,TRUE,5,2026-08-23T17:10:36.000Z,2026-08-23 10:10:36,https://queue-times.com/parks/16/queue_times.json
2026-08-23T17:15:19.012Z,2026-08-23 10:15:19,2026-08-23,America/Los_Angeles,disneyland,Disneyland,Tomorrowland,276,Finding Nemo Submarine Voyage,TRUE,5,2026-08-23T17:10:36.000Z,2026-08-23 10:10:36,https://queue-times.com/parks/16/queue_times.json
2026-08-23T17:15:19.012Z,2026-08-23 10:15:19,2026-08-23,America/Los_Angeles,disneyland,Disneyland,Tomorrowland,16627,Pixar Short Film Spotlight,FALSE,0,2026-08-23T17:10:36.000Z,2026-08-23 10:10:36,https://queue-times.com/parks/16/queue_times.json
2026-08-23T17:15:19.012Z,2026-08-23 10:15:19,2026-08-23,America/Los_Angeles,disneyland,Disneyland,Tomorrowland,284,Space Mountain,TRUE,40,2026-08-23T17:10:36.000Z,2026-08-23 10:10:36,https://queue-times.com/parks/16/queue_times.json
2026-08-23T17:15:19.012Z,2026-08-23 10:15:19,2026-08-23,America/Los_Angeles,disneyland,Disneyland,Tomorrowland,286,Star Tours - The Adventures Continue,TRUE,5,2026-08-23T17:10:36.000Z,2026-08-23 10:10:36,https://queue-times.com/parks/16/queue_times.json
2026-08-23T17:15:19.012Z,2026-08-23 10:15:19,2026-08-23,America/Los_Angeles,dca,Disney California Adventure,Avengers Campus,329,Guardians of the Galaxy - Mission: BREAKOUT!,TRUE,40,2026-08-23T17:10:49.000Z,2026-08-23 10:10:49,https://queue-times.com/parks/17/queue_times.json
2026-08-23T17:15:19.012Z,2026-08-23 10:15:19,2026-08-23,America/Los_Angeles,dca,Disney California Adventure,Avengers Campus,8843,WEB SLINGERS: A Spider-Man Adventure,TRUE,35,2026-08-23T17:10:49.000Z,2026-08-23 10:10:49,https://queue-times.com/parks/17/queue_times.json
2026-08-23T17:15:19.012Z,2026-08-23 10:15:19,2026-08-23,America/Los_Angeles,dca,Disney California Adventure,Avengers Campus,10907,WEB SLINGERS: A Spider-Man Adventure Single Rider,TRUE,0,2026-08-23T17:10:49.000Z,2026-08-23 10:10:49,https://queue-times.com/parks/17/queue_times.json
2026-08-23T17:15:19.012Z,2026-08-23 10:15:19,2026-08-23,America/Los_Angeles,dca,Disney California Adventure,Cars Land,2608,Luigi's Honkin' Haul-O-Ween,TRUE,20,2026-08-23T17:10:49.000Z,2026-08-23 10:10:49,https://queue-times.com/parks/17/queue_times.json
2026-08-23T17:15:19.012Z,2026-08-23 10:15:19,2026-08-23,America/Los_Angeles,dca,Disney California Adventure,Cars Land,13961,Luigi's Rollickin' Roadsters,FALSE,0,2026-08-18T08:55:45.000Z,2026-08-18 01:55:45,https://queue-times.com/parks/17/queue_times.json
2026-08-23T17:15:19.012Z,2026-08-23 10:15:19,2026-08-23,America/Los_Angeles,dca,Disney California Adventure,Cars Land,315,Mater's Junkyard Jamboree,FALSE,0,2026-08-18T08:55:45.000Z,2026-08-18 01:55:45,https://queue-times.com/parks/17/queue_times.json
2026-08-23T17:15:19.012Z,2026-08-23 10:15:19,2026-08-23,America/Los_Angeles,dca,Disney California Adventure,Cars Land,295,Radiator Springs Racers,FALSE,0,2026-08-23T17:10:49.000Z,2026-08-23 10:10:49,https://queue-times.com/parks/17/queue_times.json
2026-08-23T17:15:19.012Z,2026-08-23 10:15:19,2026-08-23,America/Los_Angeles,dca,Disney California Adventure,Cars Land,10904,Radiator Springs Racers Single Rider,FALSE,0,2026-08-23T17:10:49.000Z,2026-08-23 10:10:49,https://queue-times.com/parks/17/queue_times.json
2026-08-23T17:15:19.012Z,2026-08-23 10:15:19,2026-08-23,America/Los_Angeles,dca,Disney California Adventure,Grizzly Peak,302,Grizzly River Run,TRUE,5,2026-08-23T17:10:49.000Z,2026-08-23 10:10:49,https://queue-times.com/parks/17/queue_times.json
2026-08-23T17:15:19.012Z,2026-08-23 10:15:19,2026-08-23,America/Los_Angeles,dca,Disney California Adventure,Grizzly Peak,293,Redwood Creek Challenge Trail,TRUE,5,2026-08-23T17:10:49.000Z,2026-08-23 10:10:49,https://queue-times.com/parks/17/queue_times.json
2026-08-23T17:15:19.012Z,2026-08-23 10:15:19,2026-08-23,America/Los_Angeles,dca,Disney California Adventure,Grizzly Peak,17129,Soarin’ Across America,TRUE,20,2026-08-23T17:10:49.000Z,2026-08-23 10:10:49,https://queue-times.com/parks/17/queue_times.json
2026-08-23T17:15:19.012Z,2026-08-23 10:15:19,2026-08-23,America/Los_Angeles,dca,Disney California Adventure,Hollywood Land,321,Animation Academy,TRUE,0,2026-08-23T17:10:49.000Z,2026-08-23 10:10:49,https://queue-times.com/parks/17/queue_times.json
2026-08-23T17:15:19.012Z,2026-08-23 10:15:19,2026-08-23,America/Los_Angeles,dca,Disney California Adventure,Hollywood Land,6440,Mickey's PhilharMagic,TRUE,10,2026-08-23T17:10:49.000Z,2026-08-23 10:10:49,https://queue-times.com/parks/17/queue_times.json
2026-08-23T17:15:19.012Z,2026-08-23 10:15:19,2026-08-23,America/Los_Angeles,dca,Disney California Adventure,Hollywood Land,291,"Monsters, Inc. Mike & Sulley to the Rescue!",TRUE,10,2026-08-23T17:10:49.000Z,2026-08-23 10:10:49,https://queue-times.com/parks/17/queue_times.json
2026-08-23T17:15:19.012Z,2026-08-23 10:15:19,2026-08-23,America/Los_Angeles,dca,Disney California Adventure,Hollywood Land,868,Sorcerer's Workshop,TRUE,0,2026-08-23T17:10:49.000Z,2026-08-23 10:10:49,https://queue-times.com/parks/17/queue_times.json
2026-08-23T17:15:19.012Z,2026-08-23 10:15:19,2026-08-23,America/Los_Angeles,dca,Disney California Adventure,Hollywood Land,294,Turtle Talk with Crush,TRUE,0,2026-08-23T17:10:49.000Z,2026-08-23 10:10:49,https://queue-times.com/parks/17/queue_times.json
2026-08-23T17:15:19.012Z,2026-08-23 10:15:19,2026-08-23,America/Los_Angeles,dca,Disney California Adventure,Pacific Wharf,869,The Bakery Tour,TRUE,0,2026-08-23T17:10:49.000Z,2026-08-23 10:10:49,https://queue-times.com/parks/17/queue_times.json
2026-08-23T17:15:19.012Z,2026-08-23 10:15:19,2026-08-23,America/Los_Angeles,dca,Disney California Adventure,Paradise Gardens Park,298,Golden Zephyr,FALSE,0,2026-08-23T17:10:49.000Z,2026-08-23 10:10:49,https://queue-times.com/parks/17/queue_times.json
2026-08-23T17:15:19.012Z,2026-08-23 10:15:19,2026-08-23,America/Los_Angeles,dca,Disney California Adventure,Paradise Gardens Park,319,Goofy's Sky School,FALSE,0,2026-08-23T17:10:49.000Z,2026-08-23 10:10:49,https://queue-times.com/parks/17/queue_times.json
2026-08-23T17:15:19.012Z,2026-08-23 10:15:19,2026-08-23,America/Los_Angeles,dca,Disney California Adventure,Paradise Gardens Park,301,Silly Symphony Swings,FALSE,0,2026-08-23T17:10:49.000Z,2026-08-23 10:10:49,https://queue-times.com/parks/17/queue_times.json
2026-08-23T17:15:19.012Z,2026-08-23 10:15:19,2026-08-23,America/Los_Angeles,dca,Disney California Adventure,Paradise Gardens Park,316,The Little Mermaid - Ariel's Undersea Adventure,TRUE,5,2026-08-23T17:10:49.000Z,2026-08-23 10:10:49,https://queue-times.com/parks/17/queue_times.json
2026-08-23T17:15:19.012Z,2026-08-23 10:15:19,2026-08-23,America/Los_Angeles,dca,Disney California Adventure,Paradise Gardens Park,11528,World of Color – ONE,FALSE,0,2026-08-23T17:10:49.000Z,2026-08-23 10:10:49,https://queue-times.com/parks/17/queue_times.json
2026-08-23T17:15:19.012Z,2026-08-23 10:15:19,2026-08-23,America/Los_Angeles,dca,Disney California Adventure,Pixar Pier,866,Games of Pixar Pier,TRUE,0,2026-08-23T17:10:49.000Z,2026-08-23 10:10:49,https://queue-times.com/parks/17/queue_times.json
2026-08-23T17:15:19.012Z,2026-08-23 10:15:19,2026-08-23,America/Los_Angeles,dca,Disney California Adventure,Pixar Pier,322,Incredicoaster,TRUE,10,2026-08-23T17:10:49.000Z,2026-08-23 10:10:49,https://queue-times.com/parks/17/queue_times.json
2026-08-23T17:15:19.012Z,2026-08-23 10:15:19,2026-08-23,America/Los_Angeles,dca,Disney California Adventure,Pixar Pier,10906,Incredicoaster Single Rider,TRUE,0,2026-08-23T17:10:49.000Z,2026-08-23 10:10:49,https://queue-times.com/parks/17/queue_times.json
2026-08-23T17:15:19.012Z,2026-08-23 10:15:19,2026-08-23,America/Los_Angeles,dca,Disney California Adventure,Pixar Pier,6643,Inside Out Emotional Whirlwind,FALSE,0,2026-08-23T17:10:49.000Z,2026-08-23 10:10:49,https://queue-times.com/parks/17/queue_times.json
2026-08-23T17:15:19.012Z,2026-08-23 10:15:19,2026-08-23,America/Los_Angeles,dca,Disney California Adventure,Pixar Pier,310,Jessie's Critter Carousel,TRUE,5,2026-08-23T17:10:49.000Z,2026-08-23 10:10:49,https://queue-times.com/parks/17/queue_times.json
2026-08-23T17:15:19.012Z,2026-08-23 10:15:19,2026-08-23,America/Los_Angeles,dca,Disney California Adventure,Pixar Pier,300,Jumpin' Jellyfish,TRUE,5,2026-08-23T17:10:49.000Z,2026-08-23 10:10:49,https://queue-times.com/parks/17/queue_times.json
2026-08-23T17:15:19.012Z,2026-08-23 10:15:19,2026-08-23,America/Los_Angeles,dca,Disney California Adventure,Pixar Pier,311,Pixar Pal-A-Round - Swinging,TRUE,10,2026-08-23T17:10:49.000Z,2026-08-23 10:10:49,https://queue-times.com/parks/17/queue_times.json
2026-08-23T17:15:19.012Z,2026-08-23 10:15:19,2026-08-23,America/Los_Angeles,dca,Disney California Adventure,Pixar Pier,5557,Pixar Pal-A-Round – Non-Swinging,TRUE,5,2026-08-23T17:10:49.000Z,2026-08-23 10:10:49,https://queue-times.com/parks/17/queue_times.json
2026-08-23T17:15:19.012Z,2026-08-23 10:15:19,2026-08-23,America/Los_Angeles,dca,Disney California Adventure,Pixar Pier,313,Toy Story Midway Mania!,TRUE,35,2026-08-23T17:10:49.000Z,2026-08-23 10:10:49,https://queue-times.com/parks/17/queue_times.json
2026-08-23T17:15:19.012Z,2026-08-23 10:15:19,2026-08-23,America/Los_Angeles,dca,Disney California Adventure,Halloween,5146,Guardians of the Galaxy - Monsters After Dark,FALSE,0,2026-08-23T17:10:49.000Z,2026-08-23 10:10:49,https://queue-times.com/parks/17/queue_times.json
2026-08-23T17:15:19.012Z,2026-08-23 10:15:19,2026-08-23,America/Los_Angeles,dca,Disney California Adventure,Halloween,4723,Mater's Graveyard JamBOOree,TRUE,5,2026-08-23T17:10:49.000Z,2026-08-23 10:10:49,https://queue-times.com/parks/17/queue_times.json
2026-08-23T17:15:19.012Z,2026-08-23 10:15:19,2026-08-23,America/Los_Angeles,dca,Disney California Adventure,Halloween,7292,Villains Grove at Oogie Boogie Bash,FALSE,0,2026-08-23T17:10:49.000Z,2026-08-23 10:10:49,https://queue-times.com/parks/17/queue_times.json
2026-08-23T17:30:20.587Z,2026-08-23 10:30:20,2026-08-23,America/Los_Angeles,disneyland,Disneyland,Adventureland,12428,Adventureland Treehouse inspired by Walt Disney’s Swiss Family Robinson,TRUE,0,2026-08-23T17:25:38.000Z,2026-08-23 10:25:38,https://queue-times.com/parks/16/queue_times.json
2026-08-23T17:30:20.587Z,2026-08-23 10:30:20,2026-08-23,America/Los_Angeles,disneyland,Disneyland,Adventureland,326,Indiana Jones™ Adventure,FALSE,0,2026-08-23T17:25:38.000Z,2026-08-23 10:25:38,https://queue-times.com/parks/16/queue_times.json
2026-08-23T17:30:20.587Z,2026-08-23 10:30:20,2026-08-23,America/Los_Angeles,disneyland,Disneyland,Adventureland,296,Jungle Cruise,TRUE,5,2026-08-23T17:25:38.000Z,2026-08-23 10:25:38,https://queue-times.com/parks/16/queue_times.json
2026-08-23T17:30:20.587Z,2026-08-23 10:30:20,2026-08-23,America/Los_Angeles,disneyland,Disneyland,Adventureland,288,Walt Disney's Enchanted Tiki Room,TRUE,0,2026-08-23T17:25:38.000Z,2026-08-23 10:25:38,https://queue-times.com/parks/16/queue_times.json
2026-08-23T17:30:20.587Z,2026-08-23 10:30:20,2026-08-23,America/Los_Angeles,disneyland,Disneyland,Bayou Country,304,Davy Crockett's Explorer Canoes,FALSE,0,2026-08-23T17:25:38.000Z,2026-08-23 10:25:38,https://queue-times.com/parks/16/queue_times.json
2026-08-23T17:30:20.587Z,2026-08-23 10:30:20,2026-08-23,America/Los_Angeles,disneyland,Disneyland,Bayou Country,306,The Many Adventures of Winnie the Pooh,TRUE,5,2026-08-23T17:25:38.000Z,2026-08-23 10:25:38,https://queue-times.com/parks/16/queue_times.json
2026-08-23T17:30:20.587Z,2026-08-23 10:30:20,2026-08-23,America/Los_Angeles,disneyland,Disneyland,Bayou Country,14168,Tiana's Bayou Adventure,TRUE,15,2026-08-23T17:25:38.000Z,2026-08-23 10:25:38,https://queue-times.com/parks/16/queue_times.json
2026-08-23T17:30:20.587Z,2026-08-23 10:30:20,2026-08-23,America/Los_Angeles,disneyland,Disneyland,Bayou Country,14326,Tiana's Bayou Adventure Single Rider,TRUE,0,2026-08-23T17:25:38.000Z,2026-08-23 10:25:38,https://queue-times.com/parks/16/queue_times.json
2026-08-23T17:30:20.587Z,2026-08-23 10:30:20,2026-08-23,America/Los_Angeles,disneyland,Disneyland,Fantasyland,307,"""it's a small world""",TRUE,5,2026-08-23T17:25:38.000Z,2026-08-23 10:25:38,https://queue-times.com/parks/16/queue_times.json
2026-08-23T17:30:20.587Z,2026-08-23 10:30:20,2026-08-23,America/Los_Angeles,disneyland,Disneyland,Fantasyland,285,Alice in Wonderland,TRUE,15,2026-08-23T17:25:38.000Z,2026-08-23 10:25:38,https://queue-times.com/parks/16/queue_times.json
2026-08-23T17:30:20.587Z,2026-08-23 10:30:20,2026-08-23,America/Los_Angeles,disneyland,Disneyland,Fantasyland,16254,Bluey’s Best Day Ever! at Fantasyland Theatre,TRUE,0,2026-08-23T17:25:38.000Z,2026-08-23 10:25:38,https://queue-times.com/parks/16/queue_times.json
2026-08-23T17:30:20.587Z,2026-08-23 10:30:20,2026-08-23,America/Los_Angeles,disneyland,Disneyland,Fantasyland,303,Casey Jr. Circus Train,TRUE,10,2026-08-23T17:25:38.000Z,2026-08-23 10:25:38,https://queue-times.com/parks/16/queue_times.json
2026-08-23T17:30:20.587Z,2026-08-23 10:30:20,2026-08-23,America/Los_Angeles,disneyland,Disneyland,Fantasyland,275,Dumbo the Flying Elephant,TRUE,15,2026-08-23T17:25:38.000Z,2026-08-23 10:25:38,https://queue-times.com/parks/16/queue_times.json
2026-08-23T17:30:20.587Z,2026-08-23 10:30:20,2026-08-23,America/Los_Angeles,disneyland,Disneyland,Fantasyland,277,King Arthur Carrousel,TRUE,5,2026-08-23T17:25:38.000Z,2026-08-23 10:25:38,https://queue-times.com/parks/16/queue_times.json
2026-08-23T17:30:20.587Z,2026-08-23 10:30:20,2026-08-23,America/Los_Angeles,disneyland,Disneyland,Fantasyland,278,Mad Tea Party,TRUE,5,2026-08-23T17:25:38.000Z,2026-08-23 10:25:38,https://queue-times.com/parks/16/queue_times.json
2026-08-23T17:30:20.587Z,2026-08-23 10:30:20,2026-08-23,America/Los_Angeles,disneyland,Disneyland,Fantasyland,279,Matterhorn Bobsleds,TRUE,15,2026-08-23T17:25:38.000Z,2026-08-23 10:25:38,https://queue-times.com/parks/16/queue_times.json
2026-08-23T17:30:20.587Z,2026-08-23 10:30:20,2026-08-23,America/Los_Angeles,disneyland,Disneyland,Fantasyland,6711,Meet Disney Princesses at Royal Hall,TRUE,45,2026-08-23T17:25:38.000Z,2026-08-23 10:25:38,https://queue-times.com/parks/16/queue_times.json
2026-08-23T17:30:20.587Z,2026-08-23 10:30:20,2026-08-23,America/Los_Angeles,disneyland,Disneyland,Fantasyland,280,Mr. Toad's Wild Ride,TRUE,5,2026-08-23T17:25:38.000Z,2026-08-23 10:25:38,https://queue-times.com/parks/16/queue_times.json
2026-08-23T17:30:20.587Z,2026-08-23 10:30:20,2026-08-23,America/Los_Angeles,disneyland,Disneyland,Fantasyland,281,Peter Pan's Flight,TRUE,30,2026-08-23T17:25:38.000Z,2026-08-23 10:25:38,https://queue-times.com/parks/16/queue_times.json
2026-08-23T17:30:20.587Z,2026-08-23 10:30:20,2026-08-23,America/Los_Angeles,disneyland,Disneyland,Fantasyland,282,Pinocchio's Daring Journey,TRUE,5,2026-08-23T17:25:38.000Z,2026-08-23 10:25:38,https://queue-times.com/parks/16/queue_times.json
2026-08-23T17:30:20.587Z,2026-08-23 10:30:20,2026-08-23,America/Los_Angeles,disneyland,Disneyland,Fantasyland,687,Sleeping Beauty Castle Walkthrough,FALSE,0,2026-08-23T17:25:38.000Z,2026-08-23 10:25:38,https://queue-times.com/parks/16/queue_times.json
2026-08-23T17:30:20.587Z,2026-08-23 10:30:20,2026-08-23,America/Los_Angeles,disneyland,Disneyland,Fantasyland,283,Snow White's Enchanted Wish,TRUE,5,2026-08-23T17:25:38.000Z,2026-08-23 10:25:38,https://queue-times.com/parks/16/queue_times.json
2026-08-23T17:30:20.587Z,2026-08-23 10:30:20,2026-08-23,America/Los_Angeles,disneyland,Disneyland,Fantasyland,305,Storybook Land Canal Boats,TRUE,5,2026-08-23T17:25:38.000Z,2026-08-23 10:25:38,https://queue-times.com/parks/16/queue_times.json
2026-08-23T17:30:20.587Z,2026-08-23 10:30:20,2026-08-23,America/Los_Angeles,disneyland,Disneyland,Frontierland,323,Big Thunder Mountain Railroad,TRUE,20,2026-08-23T17:25:38.000Z,2026-08-23 10:25:38,https://queue-times.com/parks/16/queue_times.json
2026-08-23T17:30:20.587Z,2026-08-23 10:30:20,2026-08-23,America/Los_Angeles,disneyland,Disneyland,Frontierland,679,Frontierland Shootin' Exposition,FALSE,0,2026-08-23T17:25:38.000Z,2026-08-23 10:25:38,https://queue-times.com/parks/16/queue_times.json
2026-08-23T17:30:20.587Z,2026-08-23 10:30:20,2026-08-23,America/Los_Angeles,disneyland,Disneyland,Frontierland,456,Mark Twain Riverboat,TRUE,10,2026-08-23T17:25:38.000Z,2026-08-23 10:25:38,https://queue-times.com/parks/16/queue_times.json
2026-08-23T17:30:20.587Z,2026-08-23 10:30:20,2026-08-23,America/Los_Angeles,disneyland,Disneyland,Frontierland,331,Pirate's Lair on Tom Sawyer Island,TRUE,5,2026-08-23T17:25:38.000Z,2026-08-23 10:25:38,https://queue-times.com/parks/16/queue_times.json
2026-08-23T17:30:20.587Z,2026-08-23 10:30:20,2026-08-23,America/Los_Angeles,disneyland,Disneyland,Frontierland,328,Sailing Ship Columbia,FALSE,0,2026-08-23T17:25:38.000Z,2026-08-23 10:25:38,https://queue-times.com/parks/16/queue_times.json
2026-08-23T17:30:20.587Z,2026-08-23 10:30:20,2026-08-23,America/Los_Angeles,disneyland,Disneyland,Main Street U.S.A,674,Disneyland Railroad,TRUE,5,2026-08-23T17:25:38.000Z,2026-08-23 10:25:38,https://queue-times.com/parks/16/queue_times.json
2026-08-23T17:30:20.587Z,2026-08-23 10:30:20,2026-08-23,America/Los_Angeles,disneyland,Disneyland,Main Street U.S.A,690,Great Moments with Mr. Lincoln,TRUE,0,2026-08-23T17:25:38.000Z,2026-08-23 10:25:38,https://queue-times.com/parks/16/queue_times.json
2026-08-23T17:30:20.587Z,2026-08-23 10:30:20,2026-08-23,America/Los_Angeles,disneyland,Disneyland,Main Street U.S.A,686,Main Street Cinema,FALSE,0,2026-08-23T17:25:38.000Z,2026-08-23 10:25:38,https://queue-times.com/parks/16/queue_times.json
2026-08-23T17:30:20.587Z,2026-08-23 10:30:20,2026-08-23,America/Los_Angeles,disneyland,Disneyland,Main Street U.S.A,691,Main Street Vehicles,TRUE,0,2026-08-23T17:25:38.000Z,2026-08-23 10:25:38,https://queue-times.com/parks/16/queue_times.json
2026-08-23T17:30:20.587Z,2026-08-23 10:30:20,2026-08-23,America/Los_Angeles,disneyland,Disneyland,Main Street U.S.A,14915,Opera House - Walt Disney - A Magical Life,TRUE,0,2026-08-23T17:25:38.000Z,2026-08-23 10:25:38,https://queue-times.com/parks/16/queue_times.json
2026-08-23T17:30:20.587Z,2026-08-23 10:30:20,2026-08-23,America/Los_Angeles,disneyland,Disneyland,Main Street U.S.A,695,The Disney Gallery,TRUE,0,2026-08-23T17:25:38.000Z,2026-08-23 10:25:38,https://queue-times.com/parks/16/queue_times.json
2026-08-23T17:30:20.587Z,2026-08-23 10:30:20,2026-08-23,America/Los_Angeles,disneyland,Disneyland,Main Street U.S.A,14923,Walt Disney - A Magical Life,FALSE,0,2026-08-23T17:25:38.000Z,2026-08-23 10:25:38,https://queue-times.com/parks/16/queue_times.json
2026-08-23T17:30:20.587Z,2026-08-23 10:30:20,2026-08-23,America/Los_Angeles,disneyland,Disneyland,Mickey's Toontown,324,Chip 'n' Dale's GADGETcoaster,TRUE,15,2026-08-23T17:25:38.000Z,2026-08-23 10:25:38,https://queue-times.com/parks/16/queue_times.json
2026-08-23T17:30:20.587Z,2026-08-23 10:30:20,2026-08-23,America/Los_Angeles,disneyland,Disneyland,Mickey's Toontown,13814,Donald's Duck Pond,TRUE,0,2026-08-23T17:25:38.000Z,2026-08-23 10:25:38,https://queue-times.com/parks/16/queue_times.json
2026-08-23T17:30:20.587Z,2026-08-23 10:30:20,2026-08-23,America/Los_Angeles,disneyland,Disneyland,Mickey's Toontown,11980,Goofy's How-to-Play Yard,TRUE,0,2026-08-23T17:25:38.000Z,2026-08-23 10:25:38,https://queue-times.com/parks/16/queue_times.json
2026-08-23T17:30:20.587Z,2026-08-23 10:30:20,2026-08-23,America/Los_Angeles,disneyland,Disneyland,Mickey's Toontown,11526,Mickey & Minnie's Runaway Railway,TRUE,30,2026-08-23T17:25:38.000Z,2026-08-23 10:25:38,https://queue-times.com/parks/16/queue_times.json
2026-08-23T17:30:20.587Z,2026-08-23 10:30:20,2026-08-23,America/Los_Angeles,disneyland,Disneyland,Mickey's Toontown,709,Mickey's House and Meet Mickey Mouse,TRUE,15,2026-08-23T17:25:38.000Z,2026-08-23 10:25:38,https://queue-times.com/parks/16/queue_times.json
2026-08-23T17:30:20.587Z,2026-08-23 10:30:20,2026-08-23,America/Los_Angeles,disneyland,Disneyland,Mickey's Toontown,327,Mickey's House and Meet Mickey Mouse,FALSE,0,2026-08-23T17:25:38.000Z,2026-08-23 10:25:38,https://queue-times.com/parks/16/queue_times.json
2026-08-23T17:30:20.587Z,2026-08-23 10:30:20,2026-08-23,America/Los_Angeles,disneyland,Disneyland,Mickey's Toontown,684,Minnie's House,TRUE,0,2026-08-23T17:25:38.000Z,2026-08-23 10:25:38,https://queue-times.com/parks/16/queue_times.json
2026-08-23T17:30:20.587Z,2026-08-23 10:30:20,2026-08-23,America/Los_Angeles,disneyland,Disneyland,Mickey's Toontown,332,Roger Rabbit's Car Toon Spin,TRUE,30,2026-08-23T17:25:38.000Z,2026-08-23 10:25:38,https://queue-times.com/parks/16/queue_times.json
2026-08-23T17:30:20.587Z,2026-08-23 10:30:20,2026-08-23,America/Los_Angeles,disneyland,Disneyland,New Orleans Square,13958,Haunted Mansion,FALSE,0,2026-08-21T05:25:59.000Z,2026-08-20 22:25:59,https://queue-times.com/parks/16/queue_times.json
2026-08-23T17:30:20.587Z,2026-08-23 10:30:20,2026-08-23,America/Los_Angeles,disneyland,Disneyland,New Orleans Square,325,Haunted Mansion Holiday,TRUE,35,2026-08-23T17:25:38.000Z,2026-08-23 10:25:38,https://queue-times.com/parks/16/queue_times.json
2026-08-23T17:30:20.587Z,2026-08-23 10:30:20,2026-08-23,America/Los_Angeles,disneyland,Disneyland,New Orleans Square,289,Pirates of the Caribbean,TRUE,15,2026-08-23T17:25:38.000Z,2026-08-23 10:25:38,https://queue-times.com/parks/16/queue_times.json
2026-08-23T17:30:20.587Z,2026-08-23 10:30:20,2026-08-23,America/Los_Angeles,disneyland,Disneyland,Star Wars: Galaxy's Edge,6339,Millennium Falcon: Smugglers Run,TRUE,5,2026-08-23T17:25:38.000Z,2026-08-23 10:25:38,https://queue-times.com/parks/16/queue_times.json
2026-08-23T17:30:20.587Z,2026-08-23 10:30:20,2026-08-23,America/Los_Angeles,disneyland,Disneyland,Star Wars: Galaxy's Edge,10903,Millennium Falcon: Smugglers Run Single Rider,TRUE,0,2026-08-23T17:25:38.000Z,2026-08-23 10:25:38,https://queue-times.com/parks/16/queue_times.json
2026-08-23T17:30:20.587Z,2026-08-23 10:30:20,2026-08-23,America/Los_Angeles,disneyland,Disneyland,Star Wars: Galaxy's Edge,6340,Star Wars: Rise of the Resistance,TRUE,35,2026-08-23T17:25:38.000Z,2026-08-23 10:25:38,https://queue-times.com/parks/16/queue_times.json
2026-08-23T17:30:20.587Z,2026-08-23 10:30:20,2026-08-23,America/Los_Angeles,disneyland,Disneyland,Tomorrowland,287,Astro Orbitor,TRUE,15,2026-08-23T17:25:38.000Z,2026-08-23 10:25:38,https://queue-times.com/parks/16/queue_times.json
2026-08-23T17:30:20.587Z,2026-08-23 10:30:20,2026-08-23,America/Los_Angeles,disneyland,Disneyland,Tomorrowland,317,Autopia,TRUE,10,2026-08-23T17:25:38.000Z,2026-08-23 10:25:38,https://queue-times.com/parks/16/queue_times.json
2026-08-23T17:30:20.587Z,2026-08-23 10:30:20,2026-08-23,America/Los_Angeles,disneyland,Disneyland,Tomorrowland,273,Buzz Lightyear Astro Blasters,TRUE,5,2026-08-23T17:25:38.000Z,2026-08-23 10:25:38,https://queue-times.com/parks/16/queue_times.json
2026-08-23T17:30:20.587Z,2026-08-23 10:30:20,2026-08-23,America/Los_Angeles,disneyland,Disneyland,Tomorrowland,274,Disneyland Monorail,TRUE,5,2026-08-23T17:25:38.000Z,2026-08-23 10:25:38,https://queue-times.com/parks/16/queue_times.json
2026-08-23T17:30:20.587Z,2026-08-23 10:30:20,2026-08-23,America/Los_Angeles,disneyland,Disneyland,Tomorrowland,276,Finding Nemo Submarine Voyage,TRUE,10,2026-08-23T17:25:38.000Z,2026-08-23 10:25:38,https://queue-times.com/parks/16/queue_times.json
2026-08-23T17:30:20.587Z,2026-08-23 10:30:20,2026-08-23,America/Los_Angeles,disneyland,Disneyland,Tomorrowland,16627,Pixar Short Film Spotlight,FALSE,0,2026-08-23T17:25:38.000Z,2026-08-23 10:25:38,https://queue-times.com/parks/16/queue_times.json
2026-08-23T17:30:20.587Z,2026-08-23 10:30:20,2026-08-23,America/Los_Angeles,disneyland,Disneyland,Tomorrowland,284,Space Mountain,TRUE,40,2026-08-23T17:25:38.000Z,2026-08-23 10:25:38,https://queue-times.com/parks/16/queue_times.json
2026-08-23T17:30:20.587Z,2026-08-23 10:30:20,2026-08-23,America/Los_Angeles,disneyland,Disneyland,Tomorrowland,286,Star Tours - The Adventures Continue,TRUE,5,2026-08-23T17:25:38.000Z,2026-08-23 10:25:38,https://queue-times.com/parks/16/queue_times.json
2026-08-23T17:30:20.587Z,2026-08-23 10:30:20,2026-08-23,America/Los_Angeles,dca,Disney California Adventure,Avengers Campus,329,Guardians of the Galaxy - Mission: BREAKOUT!,TRUE,40,2026-08-23T17:25:38.000Z,2026-08-23 10:25:38,https://queue-times.com/parks/17/queue_times.json
2026-08-23T17:30:20.587Z,2026-08-23 10:30:20,2026-08-23,America/Los_Angeles,dca,Disney California Adventure,Avengers Campus,8843,WEB SLINGERS: A Spider-Man Adventure,TRUE,35,2026-08-23T17:25:38.000Z,2026-08-23 10:25:38,https://queue-times.com/parks/17/queue_times.json
2026-08-23T17:30:20.587Z,2026-08-23 10:30:20,2026-08-23,America/Los_Angeles,dca,Disney California Adventure,Avengers Campus,10907,WEB SLINGERS: A Spider-Man Adventure Single Rider,TRUE,0,2026-08-23T17:25:38.000Z,2026-08-23 10:25:38,https://queue-times.com/parks/17/queue_times.json
2026-08-23T17:30:20.587Z,2026-08-23 10:30:20,2026-08-23,America/Los_Angeles,dca,Disney California Adventure,Cars Land,2608,Luigi's Honkin' Haul-O-Ween,TRUE,20,2026-08-23T17:25:38.000Z,2026-08-23 10:25:38,https://queue-times.com/parks/17/queue_times.json
2026-08-23T17:30:20.587Z,2026-08-23 10:30:20,2026-08-23,America/Los_Angeles,dca,Disney California Adventure,Cars Land,13961,Luigi's Rollickin' Roadsters,FALSE,0,2026-08-18T08:55:45.000Z,2026-08-18 01:55:45,https://queue-times.com/parks/17/queue_times.json
2026-08-23T17:30:20.587Z,2026-08-23 10:30:20,2026-08-23,America/Los_Angeles,dca,Disney California Adventure,Cars Land,315,Mater's Junkyard Jamboree,FALSE,0,2026-08-18T08:55:45.000Z,2026-08-18 01:55:45,https://queue-times.com/parks/17/queue_times.json
2026-08-23T17:30:20.587Z,2026-08-23 10:30:20,2026-08-23,America/Los_Angeles,dca,Disney California Adventure,Cars Land,295,Radiator Springs Racers,FALSE,0,2026-08-23T17:25:38.000Z,2026-08-23 10:25:38,https://queue-times.com/parks/17/queue_times.json
2026-08-23T17:30:20.587Z,2026-08-23 10:30:20,2026-08-23,America/Los_Angeles,dca,Disney California Adventure,Cars Land,10904,Radiator Springs Racers Single Rider,FALSE,0,2026-08-23T17:25:38.000Z,2026-08-23 10:25:38,https://queue-times.com/parks/17/queue_times.json
2026-08-23T17:30:20.587Z,2026-08-23 10:30:20,2026-08-23,America/Los_Angeles,dca,Disney California Adventure,Grizzly Peak,302,Grizzly River Run,TRUE,25,2026-08-23T17:25:38.000Z,2026-08-23 10:25:38,https://queue-times.com/parks/17/queue_times.json
2026-08-23T17:30:20.587Z,2026-08-23 10:30:20,2026-08-23,America/Los_Angeles,dca,Disney California Adventure,Grizzly Peak,293,Redwood Creek Challenge Trail,TRUE,5,2026-08-23T17:25:38.000Z,2026-08-23 10:25:38,https://queue-times.com/parks/17/queue_times.json
2026-08-23T17:30:20.587Z,2026-08-23 10:30:20,2026-08-23,America/Los_Angeles,dca,Disney California Adventure,Grizzly Peak,17129,Soarin’ Across America,TRUE,35,2026-08-23T17:25:38.000Z,2026-08-23 10:25:38,https://queue-times.com/parks/17/queue_times.json
2026-08-23T17:30:20.587Z,2026-08-23 10:30:20,2026-08-23,America/Los_Angeles,dca,Disney California Adventure,Hollywood Land,321,Animation Academy,TRUE,0,2026-08-23T17:25:38.000Z,2026-08-23 10:25:38,https://queue-times.com/parks/17/queue_times.json
2026-08-23T17:30:20.587Z,2026-08-23 10:30:20,2026-08-23,America/Los_Angeles,dca,Disney California Adventure,Hollywood Land,6440,Mickey's PhilharMagic,TRUE,10,2026-08-23T17:25:38.000Z,2026-08-23 10:25:38,https://queue-times.com/parks/17/queue_times.json
2026-08-23T17:30:20.587Z,2026-08-23 10:30:20,2026-08-23,America/Los_Angeles,dca,Disney California Adventure,Hollywood Land,291,"Monsters, Inc. Mike & Sulley to the Rescue!",TRUE,20,2026-08-23T17:25:38.000Z,2026-08-23 10:25:38,https://queue-times.com/parks/17/queue_times.json
2026-08-23T17:30:20.587Z,2026-08-23 10:30:20,2026-08-23,America/Los_Angeles,dca,Disney California Adventure,Hollywood Land,868,Sorcerer's Workshop,TRUE,0,2026-08-23T17:25:38.000Z,2026-08-23 10:25:38,https://queue-times.com/parks/17/queue_times.json
2026-08-23T17:30:20.587Z,2026-08-23 10:30:20,2026-08-23,America/Los_Angeles,dca,Disney California Adventure,Hollywood Land,294,Turtle Talk with Crush,TRUE,0,2026-08-23T17:25:38.000Z,2026-08-23 10:25:38,https://queue-times.com/parks/17/queue_times.json
2026-08-23T17:30:20.587Z,2026-08-23 10:30:20,2026-08-23,America/Los_Angeles,dca,Disney California Adventure,Pacific Wharf,869,The Bakery Tour,TRUE,0,2026-08-23T17:25:38.000Z,2026-08-23 10:25:38,https://queue-times.com/parks/17/queue_times.json
2026-08-23T17:30:20.587Z,2026-08-23 10:30:20,2026-08-23,America/Los_Angeles,dca,Disney California Adventure,Paradise Gardens Park,298,Golden Zephyr,FALSE,0,2026-08-23T17:25:38.000Z,2026-08-23 10:25:38,https://queue-times.com/parks/17/queue_times.json
2026-08-23T17:30:20.587Z,2026-08-23 10:30:20,2026-08-23,America/Los_Angeles,dca,Disney California Adventure,Paradise Gardens Park,319,Goofy's Sky School,TRUE,10,2026-08-23T17:25:38.000Z,2026-08-23 10:25:38,https://queue-times.com/parks/17/queue_times.json
2026-08-23T17:30:20.587Z,2026-08-23 10:30:20,2026-08-23,America/Los_Angeles,dca,Disney California Adventure,Paradise Gardens Park,301,Silly Symphony Swings,FALSE,0,2026-08-23T17:25:38.000Z,2026-08-23 10:25:38,https://queue-times.com/parks/17/queue_times.json
2026-08-23T17:30:20.587Z,2026-08-23 10:30:20,2026-08-23,America/Los_Angeles,dca,Disney California Adventure,Paradise Gardens Park,316,The Little Mermaid - Ariel's Undersea Adventure,TRUE,5,2026-08-23T17:25:38.000Z,2026-08-23 10:25:38,https://queue-times.com/parks/17/queue_times.json
2026-08-23T17:30:20.587Z,2026-08-23 10:30:20,2026-08-23,America/Los_Angeles,dca,Disney California Adventure,Paradise Gardens Park,11528,World of Color – ONE,FALSE,0,2026-08-23T17:25:38.000Z,2026-08-23 10:25:38,https://queue-times.com/parks/17/queue_times.json
2026-08-23T17:30:20.587Z,2026-08-23 10:30:20,2026-08-23,America/Los_Angeles,dca,Disney California Adventure,Pixar Pier,866,Games of Pixar Pier,TRUE,0,2026-08-23T17:25:38.000Z,2026-08-23 10:25:38,https://queue-times.com/parks/17/queue_times.json
2026-08-23T17:30:20.587Z,2026-08-23 10:30:20,2026-08-23,America/Los_Angeles,dca,Disney California Adventure,Pixar Pier,322,Incredicoaster,TRUE,10,2026-08-23T17:25:38.000Z,2026-08-23 10:25:38,https://queue-times.com/parks/17/queue_times.json
2026-08-23T17:30:20.587Z,2026-08-23 10:30:20,2026-08-23,America/Los_Angeles,dca,Disney California Adventure,Pixar Pier,10906,Incredicoaster Single Rider,TRUE,0,2026-08-23T17:25:38.000Z,2026-08-23 10:25:38,https://queue-times.com/parks/17/queue_times.json
2026-08-23T17:30:20.587Z,2026-08-23 10:30:20,2026-08-23,America/Los_Angeles,dca,Disney California Adventure,Pixar Pier,6643,Inside Out Emotional Whirlwind,FALSE,0,2026-08-23T17:25:38.000Z,2026-08-23 10:25:38,https://queue-times.com/parks/17/queue_times.json
2026-08-23T17:30:20.587Z,2026-08-23 10:30:20,2026-08-23,America/Los_Angeles,dca,Disney California Adventure,Pixar Pier,310,Jessie's Critter Carousel,TRUE,5,2026-08-23T17:25:38.000Z,2026-08-23 10:25:38,https://queue-times.com/parks/17/queue_times.json
2026-08-23T17:30:20.587Z,2026-08-23 10:30:20,2026-08-23,America/Los_Angeles,dca,Disney California Adventure,Pixar Pier,300,Jumpin' Jellyfish,TRUE,5,2026-08-23T17:25:38.000Z,2026-08-23 10:25:38,https://queue-times.com/parks/17/queue_times.json
2026-08-23T17:30:20.587Z,2026-08-23 10:30:20,2026-08-23,America/Los_Angeles,dca,Disney California Adventure,Pixar Pier,311,Pixar Pal-A-Round - Swinging,TRUE,5,2026-08-23T17:25:38.000Z,2026-08-23 10:25:38,https://queue-times.com/parks/17/queue_times.json
2026-08-23T17:30:20.587Z,2026-08-23 10:30:20,2026-08-23,America/Los_Angeles,dca,Disney California Adventure,Pixar Pier,5557,Pixar Pal-A-Round – Non-Swinging,TRUE,5,2026-08-23T17:25:38.000Z,2026-08-23 10:25:38,https://queue-times.com/parks/17/queue_times.json
2026-08-23T17:30:20.587Z,2026-08-23 10:30:20,2026-08-23,America/Los_Angeles,dca,Disney California Adventure,Pixar Pier,313,Toy Story Midway Mania!,TRUE,35,2026-08-23T17:25:38.000Z,2026-08-23 10:25:38,https://queue-times.com/parks/17/queue_times.json
2026-08-23T17:30:20.587Z,2026-08-23 10:30:20,2026-08-23,America/Los_Angeles,dca,Disney California Adventure,Halloween,5146,Guardians of the Galaxy - Monsters After Dark,FALSE,0,2026-08-23T17:25:38.000Z,2026-08-23 10:25:38,https://queue-times.com/parks/17/queue_times.json
2026-08-23T17:30:20.587Z,2026-08-23 10:30:20,2026-08-23,America/Los_Angeles,dca,Disney California Adventure,Halloween,4723,Mater's Graveyard JamBOOree,TRUE,5,2026-08-23T17:25:38.000Z,2026-08-23 10:25:38,https://queue-times.com/parks/17/queue_times.json
2026-08-23T17:30:20.587Z,2026-08-23 10:30:20,2026-08-23,America/Los_Angeles,dca,Disney California Adventure,Halloween,7292,Villains Grove at Oogie Boogie Bash,FALSE,0,2026-08-23T17:25:38.000Z,2026-08-23 10:25:38,https://queue-times.com/parks/17/queue_times.json
2026-08-23T17:40:25.437Z,2026-08-23 10:40:25,2026-08-23,America/Los_Angeles,disneyland,Disneyland,Adventureland,12428,Adventureland Treehouse inspired by Walt Disney’s Swiss Family Robinson,TRUE,0,2026-08-23T17:35:35.000Z,2026-08-23 10:35:35,https://queue-times.com/parks/16/queue_times.json
2026-08-23T17:40:25.437Z,2026-08-23 10:40:25,2026-08-23,America/Los_Angeles,disneyland,Disneyland,Adventureland,326,Indiana Jones™ Adventure,FALSE,0,2026-08-23T17:35:35.000Z,2026-08-23 10:35:35,https://queue-times.com/parks/16/queue_times.json
2026-08-23T17:40:25.437Z,2026-08-23 10:40:25,2026-08-23,America/Los_Angeles,disneyland,Disneyland,Adventureland,296,Jungle Cruise,TRUE,5,2026-08-23T17:35:35.000Z,2026-08-23 10:35:35,https://queue-times.com/parks/16/queue_times.json
2026-08-23T17:40:25.437Z,2026-08-23 10:40:25,2026-08-23,America/Los_Angeles,disneyland,Disneyland,Adventureland,288,Walt Disney's Enchanted Tiki Room,TRUE,0,2026-08-23T17:35:35.000Z,2026-08-23 10:35:35,https://queue-times.com/parks/16/queue_times.json
2026-08-23T17:40:25.437Z,2026-08-23 10:40:25,2026-08-23,America/Los_Angeles,disneyland,Disneyland,Bayou Country,304,Davy Crockett's Explorer Canoes,FALSE,0,2026-08-23T17:35:35.000Z,2026-08-23 10:35:35,https://queue-times.com/parks/16/queue_times.json
2026-08-23T17:40:25.437Z,2026-08-23 10:40:25,2026-08-23,America/Los_Angeles,disneyland,Disneyland,Bayou Country,306,The Many Adventures of Winnie the Pooh,TRUE,5,2026-08-23T17:35:35.000Z,2026-08-23 10:35:35,https://queue-times.com/parks/16/queue_times.json
2026-08-23T17:40:25.437Z,2026-08-23 10:40:25,2026-08-23,America/Los_Angeles,disneyland,Disneyland,Bayou Country,14168,Tiana's Bayou Adventure,TRUE,15,2026-08-23T17:35:35.000Z,2026-08-23 10:35:35,https://queue-times.com/parks/16/queue_times.json
2026-08-23T17:40:25.437Z,2026-08-23 10:40:25,2026-08-23,America/Los_Angeles,disneyland,Disneyland,Bayou Country,14326,Tiana's Bayou Adventure Single Rider,TRUE,0,2026-08-23T17:35:35.000Z,2026-08-23 10:35:35,https://queue-times.com/parks/16/queue_times.json
2026-08-23T17:40:25.437Z,2026-08-23 10:40:25,2026-08-23,America/Los_Angeles,disneyland,Disneyland,Fantasyland,307,"""it's a small world""",TRUE,5,2026-08-23T17:35:35.000Z,2026-08-23 10:35:35,https://queue-times.com/parks/16/queue_times.json
2026-08-23T17:40:25.437Z,2026-08-23 10:40:25,2026-08-23,America/Los_Angeles,disneyland,Disneyland,Fantasyland,285,Alice in Wonderland,TRUE,20,2026-08-23T17:35:35.000Z,2026-08-23 10:35:35,https://queue-times.com/parks/16/queue_times.json
2026-08-23T17:40:25.437Z,2026-08-23 10:40:25,2026-08-23,America/Los_Angeles,disneyland,Disneyland,Fantasyland,16254,Bluey’s Best Day Ever! at Fantasyland Theatre,TRUE,0,2026-08-23T17:35:35.000Z,2026-08-23 10:35:35,https://queue-times.com/parks/16/queue_times.json
2026-08-23T17:40:25.437Z,2026-08-23 10:40:25,2026-08-23,America/Los_Angeles,disneyland,Disneyland,Fantasyland,303,Casey Jr. Circus Train,TRUE,10,2026-08-23T17:35:35.000Z,2026-08-23 10:35:35,https://queue-times.com/parks/16/queue_times.json
2026-08-23T17:40:25.437Z,2026-08-23 10:40:25,2026-08-23,America/Los_Angeles,disneyland,Disneyland,Fantasyland,275,Dumbo the Flying Elephant,TRUE,15,2026-08-23T17:35:35.000Z,2026-08-23 10:35:35,https://queue-times.com/parks/16/queue_times.json
2026-08-23T17:40:25.437Z,2026-08-23 10:40:25,2026-08-23,America/Los_Angeles,disneyland,Disneyland,Fantasyland,277,King Arthur Carrousel,TRUE,5,2026-08-23T17:35:35.000Z,2026-08-23 10:35:35,https://queue-times.com/parks/16/queue_times.json
2026-08-23T17:40:25.437Z,2026-08-23 10:40:25,2026-08-23,America/Los_Angeles,disneyland,Disneyland,Fantasyland,278,Mad Tea Party,TRUE,5,2026-08-23T17:35:35.000Z,2026-08-23 10:35:35,https://queue-times.com/parks/16/queue_times.json
2026-08-23T17:40:25.437Z,2026-08-23 10:40:25,2026-08-23,America/Los_Angeles,disneyland,Disneyland,Fantasyland,279,Matterhorn Bobsleds,TRUE,20,2026-08-23T17:35:35.000Z,2026-08-23 10:35:35,https://queue-times.com/parks/16/queue_times.json
2026-08-23T17:40:25.437Z,2026-08-23 10:40:25,2026-08-23,America/Los_Angeles,disneyland,Disneyland,Fantasyland,6711,Meet Disney Princesses at Royal Hall,TRUE,45,2026-08-23T17:35:35.000Z,2026-08-23 10:35:35,https://queue-times.com/parks/16/queue_times.json
2026-08-23T17:40:25.437Z,2026-08-23 10:40:25,2026-08-23,America/Los_Angeles,disneyland,Disneyland,Fantasyland,280,Mr. Toad's Wild Ride,TRUE,5,2026-08-23T17:35:35.000Z,2026-08-23 10:35:35,https://queue-times.com/parks/16/queue_times.json
2026-08-23T17:40:25.437Z,2026-08-23 10:40:25,2026-08-23,America/Los_Angeles,disneyland,Disneyland,Fantasyland,281,Peter Pan's Flight,TRUE,20,2026-08-23T17:35:35.000Z,2026-08-23 10:35:35,https://queue-times.com/parks/16/queue_times.json
2026-08-23T17:40:25.437Z,2026-08-23 10:40:25,2026-08-23,America/Los_Angeles,disneyland,Disneyland,Fantasyland,282,Pinocchio's Daring Journey,TRUE,5,2026-08-23T17:35:35.000Z,2026-08-23 10:35:35,https://queue-times.com/parks/16/queue_times.json
2026-08-23T17:40:25.437Z,2026-08-23 10:40:25,2026-08-23,America/Los_Angeles,disneyland,Disneyland,Fantasyland,687,Sleeping Beauty Castle Walkthrough,FALSE,0,2026-08-23T17:35:35.000Z,2026-08-23 10:35:35,https://queue-times.com/parks/16/queue_times.json
2026-08-23T17:40:25.437Z,2026-08-23 10:40:25,2026-08-23,America/Los_Angeles,disneyland,Disneyland,Fantasyland,283,Snow White's Enchanted Wish,TRUE,5,2026-08-23T17:35:35.000Z,2026-08-23 10:35:35,https://queue-times.com/parks/16/queue_times.json
2026-08-23T17:40:25.437Z,2026-08-23 10:40:25,2026-08-23,America/Los_Angeles,disneyland,Disneyland,Fantasyland,305,Storybook Land Canal Boats,TRUE,5,2026-08-23T17:35:35.000Z,2026-08-23 10:35:35,https://queue-times.com/parks/16/queue_times.json
2026-08-23T17:40:25.437Z,2026-08-23 10:40:25,2026-08-23,America/Los_Angeles,disneyland,Disneyland,Frontierland,323,Big Thunder Mountain Railroad,TRUE,20,2026-08-23T17:35:35.000Z,2026-08-23 10:35:35,https://queue-times.com/parks/16/queue_times.json
2026-08-23T17:40:25.437Z,2026-08-23 10:40:25,2026-08-23,America/Los_Angeles,disneyland,Disneyland,Frontierland,679,Frontierland Shootin' Exposition,FALSE,0,2026-08-23T17:35:35.000Z,2026-08-23 10:35:35,https://queue-times.com/parks/16/queue_times.json
2026-08-23T17:40:25.437Z,2026-08-23 10:40:25,2026-08-23,America/Los_Angeles,disneyland,Disneyland,Frontierland,456,Mark Twain Riverboat,TRUE,10,2026-08-23T17:35:35.000Z,2026-08-23 10:35:35,https://queue-times.com/parks/16/queue_times.json
2026-08-23T17:40:25.437Z,2026-08-23 10:40:25,2026-08-23,America/Los_Angeles,disneyland,Disneyland,Frontierland,331,Pirate's Lair on Tom Sawyer Island,TRUE,5,2026-08-23T17:35:35.000Z,2026-08-23 10:35:35,https://queue-times.com/parks/16/queue_times.json
2026-08-23T17:40:25.437Z,2026-08-23 10:40:25,2026-08-23,America/Los_Angeles,disneyland,Disneyland,Frontierland,328,Sailing Ship Columbia,FALSE,0,2026-08-23T17:35:35.000Z,2026-08-23 10:35:35,https://queue-times.com/parks/16/queue_times.json
2026-08-23T17:40:25.437Z,2026-08-23 10:40:25,2026-08-23,America/Los_Angeles,disneyland,Disneyland,Main Street U.S.A,674,Disneyland Railroad,TRUE,5,2026-08-23T17:35:35.000Z,2026-08-23 10:35:35,https://queue-times.com/parks/16/queue_times.json
2026-08-23T17:40:25.437Z,2026-08-23 10:40:25,2026-08-23,America/Los_Angeles,disneyland,Disneyland,Main Street U.S.A,690,Great Moments with Mr. Lincoln,TRUE,0,2026-08-23T17:35:35.000Z,2026-08-23 10:35:35,https://queue-times.com/parks/16/queue_times.json
2026-08-23T17:40:25.437Z,2026-08-23 10:40:25,2026-08-23,America/Los_Angeles,disneyland,Disneyland,Main Street U.S.A,686,Main Street Cinema,FALSE,0,2026-08-23T17:35:35.000Z,2026-08-23 10:35:35,https://queue-times.com/parks/16/queue_times.json
2026-08-23T17:40:25.437Z,2026-08-23 10:40:25,2026-08-23,America/Los_Angeles,disneyland,Disneyland,Main Street U.S.A,691,Main Street Vehicles,TRUE,0,2026-08-23T17:35:35.000Z,2026-08-23 10:35:35,https://queue-times.com/parks/16/queue_times.json
2026-08-23T17:40:25.437Z,2026-08-23 10:40:25,2026-08-23,America/Los_Angeles,disneyland,Disneyland,Main Street U.S.A,14915,Opera House - Walt Disney - A Magical Life,TRUE,0,2026-08-23T17:35:35.000Z,2026-08-23 10:35:35,https://queue-times.com/parks/16/queue_times.json
2026-08-23T17:40:25.437Z,2026-08-23 10:40:25,2026-08-23,America/Los_Angeles,disneyland,Disneyland,Main Street U.S.A,695,The Disney Gallery,TRUE,0,2026-08-23T17:35:35.000Z,2026-08-23 10:35:35,https://queue-times.com/parks/16/queue_times.json
2026-08-23T17:40:25.437Z,2026-08-23 10:40:25,2026-08-23,America/Los_Angeles,disneyland,Disneyland,Main Street U.S.A,14923,Walt Disney - A Magical Life,FALSE,0,2026-08-23T17:35:35.000Z,2026-08-23 10:35:35,https://queue-times.com/parks/16/queue_times.json
2026-08-23T17:40:25.437Z,2026-08-23 10:40:25,2026-08-23,America/Los_Angeles,disneyland,Disneyland,Mickey's Toontown,324,Chip 'n' Dale's GADGETcoaster,TRUE,15,2026-08-23T17:35:35.000Z,2026-08-23 10:35:35,https://queue-times.com/parks/16/queue_times.json
2026-08-23T17:40:25.437Z,2026-08-23 10:40:25,2026-08-23,America/Los_Angeles,disneyland,Disneyland,Mickey's Toontown,13814,Donald's Duck Pond,TRUE,0,2026-08-23T17:35:35.000Z,2026-08-23 10:35:35,https://queue-times.com/parks/16/queue_times.json
2026-08-23T17:40:25.437Z,2026-08-23 10:40:25,2026-08-23,America/Los_Angeles,disneyland,Disneyland,Mickey's Toontown,11980,Goofy's How-to-Play Yard,TRUE,0,2026-08-23T17:35:35.000Z,2026-08-23 10:35:35,https://queue-times.com/parks/16/queue_times.json
2026-08-23T17:40:25.437Z,2026-08-23 10:40:25,2026-08-23,America/Los_Angeles,disneyland,Disneyland,Mickey's Toontown,11526,Mickey & Minnie's Runaway Railway,TRUE,35,2026-08-23T17:35:35.000Z,2026-08-23 10:35:35,https://queue-times.com/parks/16/queue_times.json
2026-08-23T17:40:25.437Z,2026-08-23 10:40:25,2026-08-23,America/Los_Angeles,disneyland,Disneyland,Mickey's Toontown,709,Mickey's House and Meet Mickey Mouse,TRUE,15,2026-08-23T17:35:35.000Z,2026-08-23 10:35:35,https://queue-times.com/parks/16/queue_times.json
2026-08-23T17:40:25.437Z,2026-08-23 10:40:25,2026-08-23,America/Los_Angeles,disneyland,Disneyland,Mickey's Toontown,327,Mickey's House and Meet Mickey Mouse,FALSE,0,2026-08-23T17:35:35.000Z,2026-08-23 10:35:35,https://queue-times.com/parks/16/queue_times.json
2026-08-23T17:40:25.437Z,2026-08-23 10:40:25,2026-08-23,America/Los_Angeles,disneyland,Disneyland,Mickey's Toontown,684,Minnie's House,TRUE,0,2026-08-23T17:35:35.000Z,2026-08-23 10:35:35,https://queue-times.com/parks/16/queue_times.json
2026-08-23T17:40:25.437Z,2026-08-23 10:40:25,2026-08-23,America/Los_Angeles,disneyland,Disneyland,Mickey's Toontown,332,Roger Rabbit's Car Toon Spin,TRUE,30,2026-08-23T17:35:35.000Z,2026-08-23 10:35:35,https://queue-times.com/parks/16/queue_times.json
2026-08-23T17:40:25.437Z,2026-08-23 10:40:25,2026-08-23,America/Los_Angeles,disneyland,Disneyland,New Orleans Square,13958,Haunted Mansion,FALSE,0,2026-08-21T05:25:59.000Z,2026-08-20 22:25:59,https://queue-times.com/parks/16/queue_times.json
2026-08-23T17:40:25.437Z,2026-08-23 10:40:25,2026-08-23,America/Los_Angeles,disneyland,Disneyland,New Orleans Square,325,Haunted Mansion Holiday,TRUE,35,2026-08-23T17:35:35.000Z,2026-08-23 10:35:35,https://queue-times.com/parks/16/queue_times.json
2026-08-23T17:40:25.437Z,2026-08-23 10:40:25,2026-08-23,America/Los_Angeles,disneyland,Disneyland,New Orleans Square,289,Pirates of the Caribbean,TRUE,15,2026-08-23T17:35:35.000Z,2026-08-23 10:35:35,https://queue-times.com/parks/16/queue_times.json
2026-08-23T17:40:25.437Z,2026-08-23 10:40:25,2026-08-23,America/Los_Angeles,disneyland,Disneyland,Star Wars: Galaxy's Edge,6339,Millennium Falcon: Smugglers Run,TRUE,10,2026-08-23T17:35:35.000Z,2026-08-23 10:35:35,https://queue-times.com/parks/16/queue_times.json
2026-08-23T17:40:25.437Z,2026-08-23 10:40:25,2026-08-23,America/Los_Angeles,disneyland,Disneyland,Star Wars: Galaxy's Edge,10903,Millennium Falcon: Smugglers Run Single Rider,TRUE,0,2026-08-23T17:35:35.000Z,2026-08-23 10:35:35,https://queue-times.com/parks/16/queue_times.json
2026-08-23T17:40:25.437Z,2026-08-23 10:40:25,2026-08-23,America/Los_Angeles,disneyland,Disneyland,Star Wars: Galaxy's Edge,6340,Star Wars: Rise of the Resistance,TRUE,40,2026-08-23T17:35:35.000Z,2026-08-23 10:35:35,https://queue-times.com/parks/16/queue_times.json
2026-08-23T17:40:25.437Z,2026-08-23 10:40:25,2026-08-23,America/Los_Angeles,disneyland,Disneyland,Tomorrowland,287,Astro Orbitor,TRUE,15,2026-08-23T17:35:35.000Z,2026-08-23 10:35:35,https://queue-times.com/parks/16/queue_times.json
2026-08-23T17:40:25.437Z,2026-08-23 10:40:25,2026-08-23,America/Los_Angeles,disneyland,Disneyland,Tomorrowland,317,Autopia,TRUE,10,2026-08-23T17:35:35.000Z,2026-08-23 10:35:35,https://queue-times.com/parks/16/queue_times.json
2026-08-23T17:40:25.437Z,2026-08-23 10:40:25,2026-08-23,America/Los_Angeles,disneyland,Disneyland,Tomorrowland,273,Buzz Lightyear Astro Blasters,TRUE,10,2026-08-23T17:35:35.000Z,2026-08-23 10:35:35,https://queue-times.com/parks/16/queue_times.json
2026-08-23T17:40:25.437Z,2026-08-23 10:40:25,2026-08-23,America/Los_Angeles,disneyland,Disneyland,Tomorrowland,274,Disneyland Monorail,TRUE,5,2026-08-23T17:35:35.000Z,2026-08-23 10:35:35,https://queue-times.com/parks/16/queue_times.json
2026-08-23T17:40:25.437Z,2026-08-23 10:40:25,2026-08-23,America/Los_Angeles,disneyland,Disneyland,Tomorrowland,276,Finding Nemo Submarine Voyage,TRUE,10,2026-08-23T17:35:35.000Z,2026-08-23 10:35:35,https://queue-times.com/parks/16/queue_times.json
2026-08-23T17:40:25.437Z,2026-08-23 10:40:25,2026-08-23,America/Los_Angeles,disneyland,Disneyland,Tomorrowland,16627,Pixar Short Film Spotlight,FALSE,0,2026-08-23T17:35:35.000Z,2026-08-23 10:35:35,https://queue-times.com/parks/16/queue_times.json
2026-08-23T17:40:25.437Z,2026-08-23 10:40:25,2026-08-23,America/Los_Angeles,disneyland,Disneyland,Tomorrowland,284,Space Mountain,TRUE,40,2026-08-23T17:35:35.000Z,2026-08-23 10:35:35,https://queue-times.com/parks/16/queue_times.json
2026-08-23T17:40:25.437Z,2026-08-23 10:40:25,2026-08-23,America/Los_Angeles,disneyland,Disneyland,Tomorrowland,286,Star Tours - The Adventures Continue,TRUE,5,2026-08-23T17:35:35.000Z,2026-08-23 10:35:35,https://queue-times.com/parks/16/queue_times.json
2026-08-23T17:40:25.437Z,2026-08-23 10:40:25,2026-08-23,America/Los_Angeles,dca,Disney California Adventure,Avengers Campus,329,Guardians of the Galaxy - Mission: BREAKOUT!,TRUE,40,2026-08-23T17:35:43.000Z,2026-08-23 10:35:43,https://queue-times.com/parks/17/queue_times.json
2026-08-23T17:40:25.437Z,2026-08-23 10:40:25,2026-08-23,America/Los_Angeles,dca,Disney California Adventure,Avengers Campus,8843,WEB SLINGERS: A Spider-Man Adventure,TRUE,40,2026-08-23T17:35:43.000Z,2026-08-23 10:35:43,https://queue-times.com/parks/17/queue_times.json
2026-08-23T17:40:25.437Z,2026-08-23 10:40:25,2026-08-23,America/Los_Angeles,dca,Disney California Adventure,Avengers Campus,10907,WEB SLINGERS: A Spider-Man Adventure Single Rider,TRUE,0,2026-08-23T17:35:43.000Z,2026-08-23 10:35:43,https://queue-times.com/parks/17/queue_times.json
2026-08-23T17:40:25.437Z,2026-08-23 10:40:25,2026-08-23,America/Los_Angeles,dca,Disney California Adventure,Cars Land,2608,Luigi's Honkin' Haul-O-Ween,TRUE,20,2026-08-23T17:35:43.000Z,2026-08-23 10:35:43,https://queue-times.com/parks/17/queue_times.json
2026-08-23T17:40:25.437Z,2026-08-23 10:40:25,2026-08-23,America/Los_Angeles,dca,Disney California Adventure,Cars Land,13961,Luigi's Rollickin' Roadsters,FALSE,0,2026-08-18T08:55:45.000Z,2026-08-18 01:55:45,https://queue-times.com/parks/17/queue_times.json
2026-08-23T17:40:25.437Z,2026-08-23 10:40:25,2026-08-23,America/Los_Angeles,dca,Disney California Adventure,Cars Land,315,Mater's Junkyard Jamboree,FALSE,0,2026-08-18T08:55:45.000Z,2026-08-18 01:55:45,https://queue-times.com/parks/17/queue_times.json
2026-08-23T17:40:25.437Z,2026-08-23 10:40:25,2026-08-23,America/Los_Angeles,dca,Disney California Adventure,Cars Land,295,Radiator Springs Racers,FALSE,0,2026-08-23T17:35:43.000Z,2026-08-23 10:35:43,https://queue-times.com/parks/17/queue_times.json
2026-08-23T17:40:25.437Z,2026-08-23 10:40:25,2026-08-23,America/Los_Angeles,dca,Disney California Adventure,Cars Land,10904,Radiator Springs Racers Single Rider,FALSE,0,2026-08-23T17:35:43.000Z,2026-08-23 10:35:43,https://queue-times.com/parks/17/queue_times.json
2026-08-23T17:40:25.437Z,2026-08-23 10:40:25,2026-08-23,America/Los_Angeles,dca,Disney California Adventure,Grizzly Peak,302,Grizzly River Run,TRUE,35,2026-08-23T17:35:43.000Z,2026-08-23 10:35:43,https://queue-times.com/parks/17/queue_times.json
2026-08-23T17:40:25.437Z,2026-08-23 10:40:25,2026-08-23,America/Los_Angeles,dca,Disney California Adventure,Grizzly Peak,293,Redwood Creek Challenge Trail,TRUE,5,2026-08-23T17:35:43.000Z,2026-08-23 10:35:43,https://queue-times.com/parks/17/queue_times.json
2026-08-23T17:40:25.437Z,2026-08-23 10:40:25,2026-08-23,America/Los_Angeles,dca,Disney California Adventure,Grizzly Peak,17129,Soarin’ Across America,TRUE,40,2026-08-23T17:35:43.000Z,2026-08-23 10:35:43,https://queue-times.com/parks/17/queue_times.json
2026-08-23T17:40:25.437Z,2026-08-23 10:40:25,2026-08-23,America/Los_Angeles,dca,Disney California Adventure,Hollywood Land,321,Animation Academy,TRUE,0,2026-08-23T17:35:43.000Z,2026-08-23 10:35:43,https://queue-times.com/parks/17/queue_times.json
2026-08-23T17:40:25.437Z,2026-08-23 10:40:25,2026-08-23,America/Los_Angeles,dca,Disney California Adventure,Hollywood Land,6440,Mickey's PhilharMagic,TRUE,10,2026-08-23T17:35:43.000Z,2026-08-23 10:35:43,https://queue-times.com/parks/17/queue_times.json
2026-08-23T17:40:25.437Z,2026-08-23 10:40:25,2026-08-23,America/Los_Angeles,dca,Disney California Adventure,Hollywood Land,291,"Monsters, Inc. Mike & Sulley to the Rescue!",TRUE,20,2026-08-23T17:35:43.000Z,2026-08-23 10:35:43,https://queue-times.com/parks/17/queue_times.json
2026-08-23T17:40:25.437Z,2026-08-23 10:40:25,2026-08-23,America/Los_Angeles,dca,Disney California Adventure,Hollywood Land,868,Sorcerer's Workshop,TRUE,0,2026-08-23T17:35:43.000Z,2026-08-23 10:35:43,https://queue-times.com/parks/17/queue_times.json
2026-08-23T17:40:25.437Z,2026-08-23 10:40:25,2026-08-23,America/Los_Angeles,dca,Disney California Adventure,Hollywood Land,294,Turtle Talk with Crush,TRUE,0,2026-08-23T17:35:43.000Z,2026-08-23 10:35:43,https://queue-times.com/parks/17/queue_times.json
2026-08-23T17:40:25.437Z,2026-08-23 10:40:25,2026-08-23,America/Los_Angeles,dca,Disney California Adventure,Pacific Wharf,869,The Bakery Tour,TRUE,0,2026-08-23T17:35:43.000Z,2026-08-23 10:35:43,https://queue-times.com/parks/17/queue_times.json
2026-08-23T17:40:25.437Z,2026-08-23 10:40:25,2026-08-23,America/Los_Angeles,dca,Disney California Adventure,Paradise Gardens Park,298,Golden Zephyr,FALSE,0,2026-08-23T17:35:43.000Z,2026-08-23 10:35:43,https://queue-times.com/parks/17/queue_times.json
2026-08-23T17:40:25.437Z,2026-08-23 10:40:25,2026-08-23,America/Los_Angeles,dca,Disney California Adventure,Paradise Gardens Park,319,Goofy's Sky School,TRUE,10,2026-08-23T17:35:43.000Z,2026-08-23 10:35:43,https://queue-times.com/parks/17/queue_times.json
2026-08-23T17:40:25.437Z,2026-08-23 10:40:25,2026-08-23,America/Los_Angeles,dca,Disney California Adventure,Paradise Gardens Park,301,Silly Symphony Swings,FALSE,0,2026-08-23T17:35:43.000Z,2026-08-23 10:35:43,https://queue-times.com/parks/17/queue_times.json
2026-08-23T17:40:25.437Z,2026-08-23 10:40:25,2026-08-23,America/Los_Angeles,dca,Disney California Adventure,Paradise Gardens Park,316,The Little Mermaid - Ariel's Undersea Adventure,TRUE,5,2026-08-23T17:35:43.000Z,2026-08-23 10:35:43,https://queue-times.com/parks/17/queue_times.json
2026-08-23T17:40:25.437Z,2026-08-23 10:40:25,2026-08-23,America/Los_Angeles,dca,Disney California Adventure,Paradise Gardens Park,11528,World of Color – ONE,FALSE,0,2026-08-23T17:35:43.000Z,2026-08-23 10:35:43,https://queue-times.com/parks/17/queue_times.json
2026-08-23T17:40:25.437Z,2026-08-23 10:40:25,2026-08-23,America/Los_Angeles,dca,Disney California Adventure,Pixar Pier,866,Games of Pixar Pier,TRUE,0,2026-08-23T17:35:43.000Z,2026-08-23 10:35:43,https://queue-times.com/parks/17/queue_times.json
2026-08-23T17:40:25.437Z,2026-08-23 10:40:25,2026-08-23,America/Los_Angeles,dca,Disney California Adventure,Pixar Pier,322,Incredicoaster,TRUE,20,2026-08-23T17:35:43.000Z,2026-08-23 10:35:43,https://queue-times.com/parks/17/queue_times.json
2026-08-23T17:40:25.437Z,2026-08-23 10:40:25,2026-08-23,America/Los_Angeles,dca,Disney California Adventure,Pixar Pier,10906,Incredicoaster Single Rider,TRUE,0,2026-08-23T17:35:43.000Z,2026-08-23 10:35:43,https://queue-times.com/parks/17/queue_times.json
2026-08-23T17:40:25.437Z,2026-08-23 10:40:25,2026-08-23,America/Los_Angeles,dca,Disney California Adventure,Pixar Pier,6643,Inside Out Emotional Whirlwind,TRUE,5,2026-08-23T17:35:43.000Z,2026-08-23 10:35:43,https://queue-times.com/parks/17/queue_times.json
2026-08-23T17:40:25.437Z,2026-08-23 10:40:25,2026-08-23,America/Los_Angeles,dca,Disney California Adventure,Pixar Pier,310,Jessie's Critter Carousel,TRUE,5,2026-08-23T17:35:43.000Z,2026-08-23 10:35:43,https://queue-times.com/parks/17/queue_times.json
2026-08-23T17:40:25.437Z,2026-08-23 10:40:25,2026-08-23,America/Los_Angeles,dca,Disney California Adventure,Pixar Pier,300,Jumpin' Jellyfish,TRUE,5,2026-08-23T17:35:43.000Z,2026-08-23 10:35:43,https://queue-times.com/parks/17/queue_times.json
2026-08-23T17:40:25.437Z,2026-08-23 10:40:25,2026-08-23,America/Los_Angeles,dca,Disney California Adventure,Pixar Pier,311,Pixar Pal-A-Round - Swinging,TRUE,5,2026-08-23T17:35:43.000Z,2026-08-23 10:35:43,https://queue-times.com/parks/17/queue_times.json
2026-08-23T17:40:25.437Z,2026-08-23 10:40:25,2026-08-23,America/Los_Angeles,dca,Disney California Adventure,Pixar Pier,5557,Pixar Pal-A-Round – Non-Swinging,TRUE,5,2026-08-23T17:35:43.000Z,2026-08-23 10:35:43,https://queue-times.com/parks/17/queue_times.json
2026-08-23T17:40:25.437Z,2026-08-23 10:40:25,2026-08-23,America/Los_Angeles,dca,Disney California Adventure,Pixar Pier,313,Toy Story Midway Mania!,TRUE,35,2026-08-23T17:35:43.000Z,2026-08-23 10:35:43,https://queue-times.com/parks/17/queue_times.json
2026-08-23T17:40:25.437Z,2026-08-23 10:40:25,2026-08-23,America/Los_Angeles,dca,Disney California Adventure,Halloween,5146,Guardians of the Galaxy - Monsters After Dark,FALSE,0,2026-08-23T17:35:43.000Z,2026-08-23 10:35:43,https://queue-times.com/parks/17/queue_times.json
2026-08-23T17:40:25.437Z,2026-08-23 10:40:25,2026-08-23,America/Los_Angeles,dca,Disney California Adventure,Halloween,4723,Mater's Graveyard JamBOOree,TRUE,5,2026-08-23T17:35:43.000Z,2026-08-23 10:35:43,https://queue-times.com/parks/17/queue_times.json
2026-08-23T17:40:25.437Z,2026-08-23 10:40:25,2026-08-23,America/Los_Angeles,dca,Disney California Adventure,Halloween,7292,Villains Grove at Oogie Boogie Bash,FALSE,0,2026-08-23T17:35:43.000Z,2026-08-23 10:35:43,https://queue-times.com/parks/17/queue_times.json
2026-08-23T18:00:22.333Z,2026-08-23 11:00:22,2026-08-23,America/Los_Angeles,disneyland,Disneyland,Adventureland,12428,Adventureland Treehouse inspired by Walt Disney’s Swiss Family Robinson,TRUE,0,2026-08-23T17:55:32.000Z,2026-08-23 10:55:32,https://queue-times.com/parks/16/queue_times.json
2026-08-23T18:00:22.333Z,2026-08-23 11:00:22,2026-08-23,America/Los_Angeles,disneyland,Disneyland,Adventureland,326,Indiana Jones™ Adventure,FALSE,0,2026-08-23T17:55:32.000Z,2026-08-23 10:55:32,https://queue-times.com/parks/16/queue_times.json
2026-08-23T18:00:22.333Z,2026-08-23 11:00:22,2026-08-23,America/Los_Angeles,disneyland,Disneyland,Adventureland,296,Jungle Cruise,TRUE,5,2026-08-23T17:55:32.000Z,2026-08-23 10:55:32,https://queue-times.com/parks/16/queue_times.json
2026-08-23T18:00:22.333Z,2026-08-23 11:00:22,2026-08-23,America/Los_Angeles,disneyland,Disneyland,Adventureland,288,Walt Disney's Enchanted Tiki Room,TRUE,0,2026-08-23T17:55:32.000Z,2026-08-23 10:55:32,https://queue-times.com/parks/16/queue_times.json
2026-08-23T18:00:22.333Z,2026-08-23 11:00:22,2026-08-23,America/Los_Angeles,disneyland,Disneyland,Bayou Country,304,Davy Crockett's Explorer Canoes,FALSE,0,2026-08-23T17:55:32.000Z,2026-08-23 10:55:32,https://queue-times.com/parks/16/queue_times.json
2026-08-23T18:00:22.333Z,2026-08-23 11:00:22,2026-08-23,America/Los_Angeles,disneyland,Disneyland,Bayou Country,306,The Many Adventures of Winnie the Pooh,TRUE,10,2026-08-23T17:55:32.000Z,2026-08-23 10:55:32,https://queue-times.com/parks/16/queue_times.json
2026-08-23T18:00:22.333Z,2026-08-23 11:00:22,2026-08-23,America/Los_Angeles,disneyland,Disneyland,Bayou Country,14168,Tiana's Bayou Adventure,TRUE,30,2026-08-23T17:55:32.000Z,2026-08-23 10:55:32,https://queue-times.com/parks/16/queue_times.json
2026-08-23T18:00:22.333Z,2026-08-23 11:00:22,2026-08-23,America/Los_Angeles,disneyland,Disneyland,Bayou Country,14326,Tiana's Bayou Adventure Single Rider,TRUE,0,2026-08-23T17:55:32.000Z,2026-08-23 10:55:32,https://queue-times.com/parks/16/queue_times.json
2026-08-23T18:00:22.333Z,2026-08-23 11:00:22,2026-08-23,America/Los_Angeles,disneyland,Disneyland,Fantasyland,307,"""it's a small world""",TRUE,5,2026-08-23T17:55:32.000Z,2026-08-23 10:55:32,https://queue-times.com/parks/16/queue_times.json
2026-08-23T18:00:22.333Z,2026-08-23 11:00:22,2026-08-23,America/Los_Angeles,disneyland,Disneyland,Fantasyland,285,Alice in Wonderland,TRUE,20,2026-08-23T17:55:32.000Z,2026-08-23 10:55:32,https://queue-times.com/parks/16/queue_times.json
2026-08-23T18:00:22.333Z,2026-08-23 11:00:22,2026-08-23,America/Los_Angeles,disneyland,Disneyland,Fantasyland,16254,Bluey’s Best Day Ever! at Fantasyland Theatre,TRUE,0,2026-08-23T17:55:32.000Z,2026-08-23 10:55:32,https://queue-times.com/parks/16/queue_times.json
2026-08-23T18:00:22.333Z,2026-08-23 11:00:22,2026-08-23,America/Los_Angeles,disneyland,Disneyland,Fantasyland,303,Casey Jr. Circus Train,TRUE,5,2026-08-23T17:55:32.000Z,2026-08-23 10:55:32,https://queue-times.com/parks/16/queue_times.json
2026-08-23T18:00:22.333Z,2026-08-23 11:00:22,2026-08-23,America/Los_Angeles,disneyland,Disneyland,Fantasyland,275,Dumbo the Flying Elephant,TRUE,15,2026-08-23T17:55:32.000Z,2026-08-23 10:55:32,https://queue-times.com/parks/16/queue_times.json
2026-08-23T18:00:22.333Z,2026-08-23 11:00:22,2026-08-23,America/Los_Angeles,disneyland,Disneyland,Fantasyland,277,King Arthur Carrousel,TRUE,5,2026-08-23T17:55:32.000Z,2026-08-23 10:55:32,https://queue-times.com/parks/16/queue_times.json
2026-08-23T18:00:22.333Z,2026-08-23 11:00:22,2026-08-23,America/Los_Angeles,disneyland,Disneyland,Fantasyland,278,Mad Tea Party,TRUE,5,2026-08-23T17:55:32.000Z,2026-08-23 10:55:32,https://queue-times.com/parks/16/queue_times.json
2026-08-23T18:00:22.333Z,2026-08-23 11:00:22,2026-08-23,America/Los_Angeles,disneyland,Disneyland,Fantasyland,279,Matterhorn Bobsleds,TRUE,15,2026-08-23T17:55:32.000Z,2026-08-23 10:55:32,https://queue-times.com/parks/16/queue_times.json
2026-08-23T18:00:22.333Z,2026-08-23 11:00:22,2026-08-23,America/Los_Angeles,disneyland,Disneyland,Fantasyland,6711,Meet Disney Princesses at Royal Hall,TRUE,45,2026-08-23T17:55:32.000Z,2026-08-23 10:55:32,https://queue-times.com/parks/16/queue_times.json
2026-08-23T18:00:22.333Z,2026-08-23 11:00:22,2026-08-23,America/Los_Angeles,disneyland,Disneyland,Fantasyland,280,Mr. Toad's Wild Ride,TRUE,5,2026-08-23T17:55:32.000Z,2026-08-23 10:55:32,https://queue-times.com/parks/16/queue_times.json
2026-08-23T18:00:22.333Z,2026-08-23 11:00:22,2026-08-23,America/Los_Angeles,disneyland,Disneyland,Fantasyland,281,Peter Pan's Flight,TRUE,25,2026-08-23T17:55:32.000Z,2026-08-23 10:55:32,https://queue-times.com/parks/16/queue_times.json
2026-08-23T18:00:22.333Z,2026-08-23 11:00:22,2026-08-23,America/Los_Angeles,disneyland,Disneyland,Fantasyland,282,Pinocchio's Daring Journey,TRUE,5,2026-08-23T17:55:32.000Z,2026-08-23 10:55:32,https://queue-times.com/parks/16/queue_times.json
2026-08-23T18:00:22.333Z,2026-08-23 11:00:22,2026-08-23,America/Los_Angeles,disneyland,Disneyland,Fantasyland,687,Sleeping Beauty Castle Walkthrough,FALSE,0,2026-08-23T17:55:32.000Z,2026-08-23 10:55:32,https://queue-times.com/parks/16/queue_times.json
2026-08-23T18:00:22.333Z,2026-08-23 11:00:22,2026-08-23,America/Los_Angeles,disneyland,Disneyland,Fantasyland,283,Snow White's Enchanted Wish,TRUE,10,2026-08-23T17:55:32.000Z,2026-08-23 10:55:32,https://queue-times.com/parks/16/queue_times.json
2026-08-23T18:00:22.333Z,2026-08-23 11:00:22,2026-08-23,America/Los_Angeles,disneyland,Disneyland,Fantasyland,305,Storybook Land Canal Boats,TRUE,5,2026-08-23T17:55:32.000Z,2026-08-23 10:55:32,https://queue-times.com/parks/16/queue_times.json
2026-08-23T18:00:22.333Z,2026-08-23 11:00:22,2026-08-23,America/Los_Angeles,disneyland,Disneyland,Frontierland,323,Big Thunder Mountain Railroad,TRUE,15,2026-08-23T17:55:32.000Z,2026-08-23 10:55:32,https://queue-times.com/parks/16/queue_times.json
2026-08-23T18:00:22.333Z,2026-08-23 11:00:22,2026-08-23,America/Los_Angeles,disneyland,Disneyland,Frontierland,679,Frontierland Shootin' Exposition,FALSE,0,2026-08-23T17:55:32.000Z,2026-08-23 10:55:32,https://queue-times.com/parks/16/queue_times.json
2026-08-23T18:00:22.333Z,2026-08-23 11:00:22,2026-08-23,America/Los_Angeles,disneyland,Disneyland,Frontierland,456,Mark Twain Riverboat,TRUE,10,2026-08-23T17:55:32.000Z,2026-08-23 10:55:32,https://queue-times.com/parks/16/queue_times.json
2026-08-23T18:00:22.333Z,2026-08-23 11:00:22,2026-08-23,America/Los_Angeles,disneyland,Disneyland,Frontierland,331,Pirate's Lair on Tom Sawyer Island,TRUE,5,2026-08-23T17:55:32.000Z,2026-08-23 10:55:32,https://queue-times.com/parks/16/queue_times.json
2026-08-23T18:00:22.333Z,2026-08-23 11:00:22,2026-08-23,America/Los_Angeles,disneyland,Disneyland,Frontierland,328,Sailing Ship Columbia,FALSE,0,2026-08-23T17:55:32.000Z,2026-08-23 10:55:32,https://queue-times.com/parks/16/queue_times.json
2026-08-23T18:00:22.333Z,2026-08-23 11:00:22,2026-08-23,America/Los_Angeles,disneyland,Disneyland,Main Street U.S.A,674,Disneyland Railroad,TRUE,5,2026-08-23T17:55:32.000Z,2026-08-23 10:55:32,https://queue-times.com/parks/16/queue_times.json
2026-08-23T18:00:22.333Z,2026-08-23 11:00:22,2026-08-23,America/Los_Angeles,disneyland,Disneyland,Main Street U.S.A,690,Great Moments with Mr. Lincoln,TRUE,0,2026-08-23T17:55:32.000Z,2026-08-23 10:55:32,https://queue-times.com/parks/16/queue_times.json
2026-08-23T18:00:22.333Z,2026-08-23 11:00:22,2026-08-23,America/Los_Angeles,disneyland,Disneyland,Main Street U.S.A,686,Main Street Cinema,FALSE,0,2026-08-23T17:55:32.000Z,2026-08-23 10:55:32,https://queue-times.com/parks/16/queue_times.json
2026-08-23T18:00:22.333Z,2026-08-23 11:00:22,2026-08-23,America/Los_Angeles,disneyland,Disneyland,Main Street U.S.A,691,Main Street Vehicles,TRUE,0,2026-08-23T17:55:32.000Z,2026-08-23 10:55:32,https://queue-times.com/parks/16/queue_times.json
2026-08-23T18:00:22.333Z,2026-08-23 11:00:22,2026-08-23,America/Los_Angeles,disneyland,Disneyland,Main Street U.S.A,14915,Opera House - Walt Disney - A Magical Life,TRUE,0,2026-08-23T17:55:32.000Z,2026-08-23 10:55:32,https://queue-times.com/parks/16/queue_times.json
2026-08-23T18:00:22.333Z,2026-08-23 11:00:22,2026-08-23,America/Los_Angeles,disneyland,Disneyland,Main Street U.S.A,695,The Disney Gallery,TRUE,0,2026-08-23T17:55:32.000Z,2026-08-23 10:55:32,https://queue-times.com/parks/16/queue_times.json
2026-08-23T18:00:22.333Z,2026-08-23 11:00:22,2026-08-23,America/Los_Angeles,disneyland,Disneyland,Main Street U.S.A,14923,Walt Disney - A Magical Life,FALSE,0,2026-08-23T17:55:32.000Z,2026-08-23 10:55:32,https://queue-times.com/parks/16/queue_times.json
2026-08-23T18:00:22.333Z,2026-08-23 11:00:22,2026-08-23,America/Los_Angeles,disneyland,Disneyland,Mickey's Toontown,324,Chip 'n' Dale's GADGETcoaster,TRUE,15,2026-08-23T17:55:32.000Z,2026-08-23 10:55:32,https://queue-times.com/parks/16/queue_times.json
2026-08-23T18:00:22.333Z,2026-08-23 11:00:22,2026-08-23,America/Los_Angeles,disneyland,Disneyland,Mickey's Toontown,13814,Donald's Duck Pond,TRUE,0,2026-08-23T17:55:32.000Z,2026-08-23 10:55:32,https://queue-times.com/parks/16/queue_times.json
2026-08-23T18:00:22.333Z,2026-08-23 11:00:22,2026-08-23,America/Los_Angeles,disneyland,Disneyland,Mickey's Toontown,11980,Goofy's How-to-Play Yard,TRUE,0,2026-08-23T17:55:32.000Z,2026-08-23 10:55:32,https://queue-times.com/parks/16/queue_times.json
2026-08-23T18:00:22.333Z,2026-08-23 11:00:22,2026-08-23,America/Los_Angeles,disneyland,Disneyland,Mickey's Toontown,11526,Mickey & Minnie's Runaway Railway,TRUE,25,2026-08-23T17:55:32.000Z,2026-08-23 10:55:32,https://queue-times.com/parks/16/queue_times.json
2026-08-23T18:00:22.333Z,2026-08-23 11:00:22,2026-08-23,America/Los_Angeles,disneyland,Disneyland,Mickey's Toontown,709,Mickey's House and Meet Mickey Mouse,TRUE,15,2026-08-23T17:55:32.000Z,2026-08-23 10:55:32,https://queue-times.com/parks/16/queue_times.json
2026-08-23T18:00:22.333Z,2026-08-23 11:00:22,2026-08-23,America/Los_Angeles,disneyland,Disneyland,Mickey's Toontown,327,Mickey's House and Meet Mickey Mouse,FALSE,0,2026-08-23T17:55:32.000Z,2026-08-23 10:55:32,https://queue-times.com/parks/16/queue_times.json
2026-08-23T18:00:22.333Z,2026-08-23 11:00:22,2026-08-23,America/Los_Angeles,disneyland,Disneyland,Mickey's Toontown,684,Minnie's House,TRUE,0,2026-08-23T17:55:32.000Z,2026-08-23 10:55:32,https://queue-times.com/parks/16/queue_times.json
2026-08-23T18:00:22.333Z,2026-08-23 11:00:22,2026-08-23,America/Los_Angeles,disneyland,Disneyland,Mickey's Toontown,332,Roger Rabbit's Car Toon Spin,TRUE,20,2026-08-23T17:55:32.000Z,2026-08-23 10:55:32,https://queue-times.com/parks/16/queue_times.json
2026-08-23T18:00:22.333Z,2026-08-23 11:00:22,2026-08-23,America/Los_Angeles,disneyland,Disneyland,New Orleans Square,13958,Haunted Mansion,FALSE,0,2026-08-21T05:25:59.000Z,2026-08-20 22:25:59,https://queue-times.com/parks/16/queue_times.json
2026-08-23T18:00:22.333Z,2026-08-23 11:00:22,2026-08-23,America/Los_Angeles,disneyland,Disneyland,New Orleans Square,325,Haunted Mansion Holiday,TRUE,45,2026-08-23T17:55:32.000Z,2026-08-23 10:55:32,https://queue-times.com/parks/16/queue_times.json
2026-08-23T18:00:22.333Z,2026-08-23 11:00:22,2026-08-23,America/Los_Angeles,disneyland,Disneyland,New Orleans Square,289,Pirates of the Caribbean,TRUE,15,2026-08-23T17:55:32.000Z,2026-08-23 10:55:32,https://queue-times.com/parks/16/queue_times.json
2026-08-23T18:00:22.333Z,2026-08-23 11:00:22,2026-08-23,America/Los_Angeles,disneyland,Disneyland,Star Wars: Galaxy's Edge,6339,Millennium Falcon: Smugglers Run,TRUE,10,2026-08-23T17:55:32.000Z,2026-08-23 10:55:32,https://queue-times.com/parks/16/queue_times.json
2026-08-23T18:00:22.333Z,2026-08-23 11:00:22,2026-08-23,America/Los_Angeles,disneyland,Disneyland,Star Wars: Galaxy's Edge,10903,Millennium Falcon: Smugglers Run Single Rider,TRUE,0,2026-08-23T17:55:32.000Z,2026-08-23 10:55:32,https://queue-times.com/parks/16/queue_times.json
2026-08-23T18:00:22.333Z,2026-08-23 11:00:22,2026-08-23,America/Los_Angeles,disneyland,Disneyland,Star Wars: Galaxy's Edge,6340,Star Wars: Rise of the Resistance,TRUE,60,2026-08-23T17:55:32.000Z,2026-08-23 10:55:32,https://queue-times.com/parks/16/queue_times.json
2026-08-23T18:00:22.333Z,2026-08-23 11:00:22,2026-08-23,America/Los_Angeles,disneyland,Disneyland,Tomorrowland,287,Astro Orbitor,TRUE,15,2026-08-23T17:55:32.000Z,2026-08-23 10:55:32,https://queue-times.com/parks/16/queue_times.json
2026-08-23T18:00:22.333Z,2026-08-23 11:00:22,2026-08-23,America/Los_Angeles,disneyland,Disneyland,Tomorrowland,317,Autopia,TRUE,10,2026-08-23T17:55:32.000Z,2026-08-23 10:55:32,https://queue-times.com/parks/16/queue_times.json
2026-08-23T18:00:22.333Z,2026-08-23 11:00:22,2026-08-23,America/Los_Angeles,disneyland,Disneyland,Tomorrowland,273,Buzz Lightyear Astro Blasters,TRUE,5,2026-08-23T17:55:32.000Z,2026-08-23 10:55:32,https://queue-times.com/parks/16/queue_times.json
2026-08-23T18:00:22.333Z,2026-08-23 11:00:22,2026-08-23,America/Los_Angeles,disneyland,Disneyland,Tomorrowland,274,Disneyland Monorail,FALSE,0,2026-08-23T17:55:32.000Z,2026-08-23 10:55:32,https://queue-times.com/parks/16/queue_times.json
2026-08-23T18:00:22.333Z,2026-08-23 11:00:22,2026-08-23,America/Los_Angeles,disneyland,Disneyland,Tomorrowland,276,Finding Nemo Submarine Voyage,TRUE,10,2026-08-23T17:55:32.000Z,2026-08-23 10:55:32,https://queue-times.com/parks/16/queue_times.json
2026-08-23T18:00:22.333Z,2026-08-23 11:00:22,2026-08-23,America/Los_Angeles,disneyland,Disneyland,Tomorrowland,16627,Pixar Short Film Spotlight,FALSE,0,2026-08-23T17:55:32.000Z,2026-08-23 10:55:32,https://queue-times.com/parks/16/queue_times.json
2026-08-23T18:00:22.333Z,2026-08-23 11:00:22,2026-08-23,America/Los_Angeles,disneyland,Disneyland,Tomorrowland,284,Space Mountain,TRUE,20,2026-08-23T17:55:32.000Z,2026-08-23 10:55:32,https://queue-times.com/parks/16/queue_times.json
2026-08-23T18:00:22.333Z,2026-08-23 11:00:22,2026-08-23,America/Los_Angeles,disneyland,Disneyland,Tomorrowland,286,Star Tours - The Adventures Continue,TRUE,5,2026-08-23T17:55:32.000Z,2026-08-23 10:55:32,https://queue-times.com/parks/16/queue_times.json
2026-08-23T18:00:22.333Z,2026-08-23 11:00:22,2026-08-23,America/Los_Angeles,dca,Disney California Adventure,Avengers Campus,329,Guardians of the Galaxy - Mission: BREAKOUT!,TRUE,20,2026-08-23T17:55:44.000Z,2026-08-23 10:55:44,https://queue-times.com/parks/17/queue_times.json
2026-08-23T18:00:22.333Z,2026-08-23 11:00:22,2026-08-23,America/Los_Angeles,dca,Disney California Adventure,Avengers Campus,8843,WEB SLINGERS: A Spider-Man Adventure,TRUE,40,2026-08-23T17:55:44.000Z,2026-08-23 10:55:44,https://queue-times.com/parks/17/queue_times.json
2026-08-23T18:00:22.333Z,2026-08-23 11:00:22,2026-08-23,America/Los_Angeles,dca,Disney California Adventure,Avengers Campus,10907,WEB SLINGERS: A Spider-Man Adventure Single Rider,TRUE,0,2026-08-23T17:55:44.000Z,2026-08-23 10:55:44,https://queue-times.com/parks/17/queue_times.json
2026-08-23T18:00:22.333Z,2026-08-23 11:00:22,2026-08-23,America/Los_Angeles,dca,Disney California Adventure,Cars Land,2608,Luigi's Honkin' Haul-O-Ween,TRUE,5,2026-08-23T17:55:44.000Z,2026-08-23 10:55:44,https://queue-times.com/parks/17/queue_times.json
2026-08-23T18:00:22.333Z,2026-08-23 11:00:22,2026-08-23,America/Los_Angeles,dca,Disney California Adventure,Cars Land,13961,Luigi's Rollickin' Roadsters,FALSE,0,2026-08-18T08:55:45.000Z,2026-08-18 01:55:45,https://queue-times.com/parks/17/queue_times.json
2026-08-23T18:00:22.333Z,2026-08-23 11:00:22,2026-08-23,America/Los_Angeles,dca,Disney California Adventure,Cars Land,315,Mater's Junkyard Jamboree,FALSE,0,2026-08-18T08:55:45.000Z,2026-08-18 01:55:45,https://queue-times.com/parks/17/queue_times.json
2026-08-23T18:00:22.333Z,2026-08-23 11:00:22,2026-08-23,America/Los_Angeles,dca,Disney California Adventure,Cars Land,295,Radiator Springs Racers,TRUE,50,2026-08-23T17:55:44.000Z,2026-08-23 10:55:44,https://queue-times.com/parks/17/queue_times.json
2026-08-23T18:00:22.333Z,2026-08-23 11:00:22,2026-08-23,America/Los_Angeles,dca,Disney California Adventure,Cars Land,10904,Radiator Springs Racers Single Rider,TRUE,0,2026-08-23T17:55:44.000Z,2026-08-23 10:55:44,https://queue-times.com/parks/17/queue_times.json
2026-08-23T18:00:22.333Z,2026-08-23 11:00:22,2026-08-23,America/Los_Angeles,dca,Disney California Adventure,Grizzly Peak,302,Grizzly River Run,TRUE,15,2026-08-23T17:55:44.000Z,2026-08-23 10:55:44,https://queue-times.com/parks/17/queue_times.json
2026-08-23T18:00:22.333Z,2026-08-23 11:00:22,2026-08-23,America/Los_Angeles,dca,Disney California Adventure,Grizzly Peak,293,Redwood Creek Challenge Trail,TRUE,5,2026-08-23T17:55:44.000Z,2026-08-23 10:55:44,https://queue-times.com/parks/17/queue_times.json
2026-08-23T18:00:22.333Z,2026-08-23 11:00:22,2026-08-23,America/Los_Angeles,dca,Disney California Adventure,Grizzly Peak,17129,Soarin’ Across America,TRUE,40,2026-08-23T17:55:44.000Z,2026-08-23 10:55:44,https://queue-times.com/parks/17/queue_times.json
2026-08-23T18:00:22.333Z,2026-08-23 11:00:22,2026-08-23,America/Los_Angeles,dca,Disney California Adventure,Hollywood Land,321,Animation Academy,TRUE,0,2026-08-23T17:55:44.000Z,2026-08-23 10:55:44,https://queue-times.com/parks/17/queue_times.json
2026-08-23T18:00:22.333Z,2026-08-23 11:00:22,2026-08-23,America/Los_Angeles,dca,Disney California Adventure,Hollywood Land,6440,Mickey's PhilharMagic,TRUE,10,2026-08-23T17:55:44.000Z,2026-08-23 10:55:44,https://queue-times.com/parks/17/queue_times.json
2026-08-23T18:00:22.333Z,2026-08-23 11:00:22,2026-08-23,America/Los_Angeles,dca,Disney California Adventure,Hollywood Land,291,"Monsters, Inc. Mike & Sulley to the Rescue!",TRUE,10,2026-08-23T17:55:44.000Z,2026-08-23 10:55:44,https://queue-times.com/parks/17/queue_times.json
2026-08-23T18:00:22.333Z,2026-08-23 11:00:22,2026-08-23,America/Los_Angeles,dca,Disney California Adventure,Hollywood Land,868,Sorcerer's Workshop,TRUE,0,2026-08-23T17:55:44.000Z,2026-08-23 10:55:44,https://queue-times.com/parks/17/queue_times.json
2026-08-23T18:00:22.333Z,2026-08-23 11:00:22,2026-08-23,America/Los_Angeles,dca,Disney California Adventure,Hollywood Land,294,Turtle Talk with Crush,TRUE,0,2026-08-23T17:55:44.000Z,2026-08-23 10:55:44,https://queue-times.com/parks/17/queue_times.json
2026-08-23T18:00:22.333Z,2026-08-23 11:00:22,2026-08-23,America/Los_Angeles,dca,Disney California Adventure,Pacific Wharf,869,The Bakery Tour,TRUE,0,2026-08-23T17:55:44.000Z,2026-08-23 10:55:44,https://queue-times.com/parks/17/queue_times.json
2026-08-23T18:00:22.333Z,2026-08-23 11:00:22,2026-08-23,America/Los_Angeles,dca,Disney California Adventure,Paradise Gardens Park,298,Golden Zephyr,FALSE,0,2026-08-23T17:55:44.000Z,2026-08-23 10:55:44,https://queue-times.com/parks/17/queue_times.json
2026-08-23T18:00:22.333Z,2026-08-23 11:00:22,2026-08-23,America/Los_Angeles,dca,Disney California Adventure,Paradise Gardens Park,319,Goofy's Sky School,TRUE,20,2026-08-23T17:55:44.000Z,2026-08-23 10:55:44,https://queue-times.com/parks/17/queue_times.json
2026-08-23T18:00:22.333Z,2026-08-23 11:00:22,2026-08-23,America/Los_Angeles,dca,Disney California Adventure,Paradise Gardens Park,301,Silly Symphony Swings,FALSE,0,2026-08-23T17:55:44.000Z,2026-08-23 10:55:44,https://queue-times.com/parks/17/queue_times.json
2026-08-23T18:00:22.333Z,2026-08-23 11:00:22,2026-08-23,America/Los_Angeles,dca,Disney California Adventure,Paradise Gardens Park,316,The Little Mermaid - Ariel's Undersea Adventure,TRUE,10,2026-08-23T17:55:44.000Z,2026-08-23 10:55:44,https://queue-times.com/parks/17/queue_times.json
2026-08-23T18:00:22.333Z,2026-08-23 11:00:22,2026-08-23,America/Los_Angeles,dca,Disney California Adventure,Paradise Gardens Park,11528,World of Color – ONE,FALSE,0,2026-08-23T17:55:44.000Z,2026-08-23 10:55:44,https://queue-times.com/parks/17/queue_times.json
2026-08-23T18:00:22.333Z,2026-08-23 11:00:22,2026-08-23,America/Los_Angeles,dca,Disney California Adventure,Pixar Pier,866,Games of Pixar Pier,TRUE,0,2026-08-23T17:55:44.000Z,2026-08-23 10:55:44,https://queue-times.com/parks/17/queue_times.json
2026-08-23T18:00:22.333Z,2026-08-23 11:00:22,2026-08-23,America/Los_Angeles,dca,Disney California Adventure,Pixar Pier,322,Incredicoaster,TRUE,25,2026-08-23T17:55:44.000Z,2026-08-23 10:55:44,https://queue-times.com/parks/17/queue_times.json
2026-08-23T18:00:22.333Z,2026-08-23 11:00:22,2026-08-23,America/Los_Angeles,dca,Disney California Adventure,Pixar Pier,10906,Incredicoaster Single Rider,TRUE,0,2026-08-23T17:55:44.000Z,2026-08-23 10:55:44,https://queue-times.com/parks/17/queue_times.json
2026-08-23T18:00:22.333Z,2026-08-23 11:00:22,2026-08-23,America/Los_Angeles,dca,Disney California Adventure,Pixar Pier,6643,Inside Out Emotional Whirlwind,FALSE,0,2026-08-23T17:55:44.000Z,2026-08-23 10:55:44,https://queue-times.com/parks/17/queue_times.json
2026-08-23T18:00:22.333Z,2026-08-23 11:00:22,2026-08-23,America/Los_Angeles,dca,Disney California Adventure,Pixar Pier,310,Jessie's Critter Carousel,TRUE,5,2026-08-23T17:55:44.000Z,2026-08-23 10:55:44,https://queue-times.com/parks/17/queue_times.json
2026-08-23T18:00:22.333Z,2026-08-23 11:00:22,2026-08-23,America/Los_Angeles,dca,Disney California Adventure,Pixar Pier,300,Jumpin' Jellyfish,TRUE,5,2026-08-23T17:55:44.000Z,2026-08-23 10:55:44,https://queue-times.com/parks/17/queue_times.json
2026-08-23T18:00:22.333Z,2026-08-23 11:00:22,2026-08-23,America/Los_Angeles,dca,Disney California Adventure,Pixar Pier,311,Pixar Pal-A-Round - Swinging,FALSE,0,2026-08-23T17:55:44.000Z,2026-08-23 10:55:44,https://queue-times.com/parks/17/queue_times.json
2026-08-23T18:00:22.333Z,2026-08-23 11:00:22,2026-08-23,America/Los_Angeles,dca,Disney California Adventure,Pixar Pier,5557,Pixar Pal-A-Round – Non-Swinging,TRUE,5,2026-08-23T17:55:44.000Z,2026-08-23 10:55:44,https://queue-times.com/parks/17/queue_times.json
2026-08-23T18:00:22.333Z,2026-08-23 11:00:22,2026-08-23,America/Los_Angeles,dca,Disney California Adventure,Pixar Pier,313,Toy Story Midway Mania!,TRUE,45,2026-08-23T17:55:44.000Z,2026-08-23 10:55:44,https://queue-times.com/parks/17/queue_times.json
2026-08-23T18:00:22.333Z,2026-08-23 11:00:22,2026-08-23,America/Los_Angeles,dca,Disney California Adventure,Halloween,5146,Guardians of the Galaxy - Monsters After Dark,FALSE,0,2026-08-23T17:55:44.000Z,2026-08-23 10:55:44,https://queue-times.com/parks/17/queue_times.json
2026-08-23T18:00:22.333Z,2026-08-23 11:00:22,2026-08-23,America/Los_Angeles,dca,Disney California Adventure,Halloween,4723,Mater's Graveyard JamBOOree,TRUE,5,2026-08-23T17:55:44.000Z,2026-08-23 10:55:44,https://queue-times.com/parks/17/queue_times.json
2026-08-23T18:00:22.333Z,2026-08-23 11:00:22,2026-08-23,America/Los_Angeles,dca,Disney California Adventure,Halloween,7292,Villains Grove at Oogie Boogie Bash,FALSE,0,2026-08-23T17:55:44.000Z,2026-08-23 10:55:44,https://queue-times.com/parks/17/queue_times.json
2026-08-23T18:15:19.315Z,2026-08-23 11:15:19,2026-08-23,America/Los_Angeles,disneyland,Disneyland,Adventureland,12428,Adventureland Treehouse inspired by Walt Disney’s Swiss Family Robinson,TRUE,0,2026-08-23T18:10:35.000Z,2026-08-23 11:10:35,https://queue-times.com/parks/16/queue_times.json
2026-08-23T18:15:19.315Z,2026-08-23 11:15:19,2026-08-23,America/Los_Angeles,disneyland,Disneyland,Adventureland,326,Indiana Jones™ Adventure,FALSE,0,2026-08-23T18:10:35.000Z,2026-08-23 11:10:35,https://queue-times.com/parks/16/queue_times.json
2026-08-23T18:15:19.315Z,2026-08-23 11:15:19,2026-08-23,America/Los_Angeles,disneyland,Disneyland,Adventureland,296,Jungle Cruise,TRUE,5,2026-08-23T18:10:35.000Z,2026-08-23 11:10:35,https://queue-times.com/parks/16/queue_times.json
2026-08-23T18:15:19.315Z,2026-08-23 11:15:19,2026-08-23,America/Los_Angeles,disneyland,Disneyland,Adventureland,288,Walt Disney's Enchanted Tiki Room,TRUE,0,2026-08-23T18:10:35.000Z,2026-08-23 11:10:35,https://queue-times.com/parks/16/queue_times.json
2026-08-23T18:15:19.315Z,2026-08-23 11:15:19,2026-08-23,America/Los_Angeles,disneyland,Disneyland,Bayou Country,304,Davy Crockett's Explorer Canoes,FALSE,0,2026-08-23T18:10:35.000Z,2026-08-23 11:10:35,https://queue-times.com/parks/16/queue_times.json
2026-08-23T18:15:19.315Z,2026-08-23 11:15:19,2026-08-23,America/Los_Angeles,disneyland,Disneyland,Bayou Country,306,The Many Adventures of Winnie the Pooh,TRUE,10,2026-08-23T18:10:35.000Z,2026-08-23 11:10:35,https://queue-times.com/parks/16/queue_times.json
2026-08-23T18:15:19.315Z,2026-08-23 11:15:19,2026-08-23,America/Los_Angeles,disneyland,Disneyland,Bayou Country,14168,Tiana's Bayou Adventure,TRUE,30,2026-08-23T18:10:35.000Z,2026-08-23 11:10:35,https://queue-times.com/parks/16/queue_times.json
2026-08-23T18:15:19.315Z,2026-08-23 11:15:19,2026-08-23,America/Los_Angeles,disneyland,Disneyland,Bayou Country,14326,Tiana's Bayou Adventure Single Rider,TRUE,0,2026-08-23T18:10:35.000Z,2026-08-23 11:10:35,https://queue-times.com/parks/16/queue_times.json
2026-08-23T18:15:19.315Z,2026-08-23 11:15:19,2026-08-23,America/Los_Angeles,disneyland,Disneyland,Fantasyland,307,"""it's a small world""",TRUE,5,2026-08-23T18:10:35.000Z,2026-08-23 11:10:35,https://queue-times.com/parks/16/queue_times.json
2026-08-23T18:15:19.315Z,2026-08-23 11:15:19,2026-08-23,America/Los_Angeles,disneyland,Disneyland,Fantasyland,285,Alice in Wonderland,TRUE,15,2026-08-23T18:10:35.000Z,2026-08-23 11:10:35,https://queue-times.com/parks/16/queue_times.json
2026-08-23T18:15:19.315Z,2026-08-23 11:15:19,2026-08-23,America/Los_Angeles,disneyland,Disneyland,Fantasyland,16254,Bluey’s Best Day Ever! at Fantasyland Theatre,TRUE,0,2026-08-23T18:10:35.000Z,2026-08-23 11:10:35,https://queue-times.com/parks/16/queue_times.json
2026-08-23T18:15:19.315Z,2026-08-23 11:15:19,2026-08-23,America/Los_Angeles,disneyland,Disneyland,Fantasyland,303,Casey Jr. Circus Train,TRUE,5,2026-08-23T18:10:35.000Z,2026-08-23 11:10:35,https://queue-times.com/parks/16/queue_times.json
2026-08-23T18:15:19.315Z,2026-08-23 11:15:19,2026-08-23,America/Los_Angeles,disneyland,Disneyland,Fantasyland,275,Dumbo the Flying Elephant,TRUE,20,2026-08-23T18:10:35.000Z,2026-08-23 11:10:35,https://queue-times.com/parks/16/queue_times.json
2026-08-23T18:15:19.315Z,2026-08-23 11:15:19,2026-08-23,America/Los_Angeles,disneyland,Disneyland,Fantasyland,277,King Arthur Carrousel,TRUE,5,2026-08-23T18:10:35.000Z,2026-08-23 11:10:35,https://queue-times.com/parks/16/queue_times.json
2026-08-23T18:15:19.315Z,2026-08-23 11:15:19,2026-08-23,America/Los_Angeles,disneyland,Disneyland,Fantasyland,278,Mad Tea Party,TRUE,5,2026-08-23T18:10:35.000Z,2026-08-23 11:10:35,https://queue-times.com/parks/16/queue_times.json
2026-08-23T18:15:19.315Z,2026-08-23 11:15:19,2026-08-23,America/Los_Angeles,disneyland,Disneyland,Fantasyland,279,Matterhorn Bobsleds,TRUE,20,2026-08-23T18:10:35.000Z,2026-08-23 11:10:35,https://queue-times.com/parks/16/queue_times.json
2026-08-23T18:15:19.315Z,2026-08-23 11:15:19,2026-08-23,America/Los_Angeles,disneyland,Disneyland,Fantasyland,6711,Meet Disney Princesses at Royal Hall,TRUE,45,2026-08-23T18:10:35.000Z,2026-08-23 11:10:35,https://queue-times.com/parks/16/queue_times.json
2026-08-23T18:15:19.315Z,2026-08-23 11:15:19,2026-08-23,America/Los_Angeles,disneyland,Disneyland,Fantasyland,280,Mr. Toad's Wild Ride,TRUE,5,2026-08-23T18:10:35.000Z,2026-08-23 11:10:35,https://queue-times.com/parks/16/queue_times.json
2026-08-23T18:15:19.315Z,2026-08-23 11:15:19,2026-08-23,America/Los_Angeles,disneyland,Disneyland,Fantasyland,281,Peter Pan's Flight,TRUE,25,2026-08-23T18:10:35.000Z,2026-08-23 11:10:35,https://queue-times.com/parks/16/queue_times.json
2026-08-23T18:15:19.315Z,2026-08-23 11:15:19,2026-08-23,America/Los_Angeles,disneyland,Disneyland,Fantasyland,282,Pinocchio's Daring Journey,TRUE,5,2026-08-23T18:10:35.000Z,2026-08-23 11:10:35,https://queue-times.com/parks/16/queue_times.json
2026-08-23T18:15:19.315Z,2026-08-23 11:15:19,2026-08-23,America/Los_Angeles,disneyland,Disneyland,Fantasyland,687,Sleeping Beauty Castle Walkthrough,FALSE,0,2026-08-23T18:10:35.000Z,2026-08-23 11:10:35,https://queue-times.com/parks/16/queue_times.json
2026-08-23T18:15:19.315Z,2026-08-23 11:15:19,2026-08-23,America/Los_Angeles,disneyland,Disneyland,Fantasyland,283,Snow White's Enchanted Wish,TRUE,10,2026-08-23T18:10:35.000Z,2026-08-23 11:10:35,https://queue-times.com/parks/16/queue_times.json
2026-08-23T18:15:19.315Z,2026-08-23 11:15:19,2026-08-23,America/Los_Angeles,disneyland,Disneyland,Fantasyland,305,Storybook Land Canal Boats,TRUE,5,2026-08-23T18:10:35.000Z,2026-08-23 11:10:35,https://queue-times.com/parks/16/queue_times.json
2026-08-23T18:15:19.315Z,2026-08-23 11:15:19,2026-08-23,America/Los_Angeles,disneyland,Disneyland,Frontierland,323,Big Thunder Mountain Railroad,TRUE,20,2026-08-23T18:10:35.000Z,2026-08-23 11:10:35,https://queue-times.com/parks/16/queue_times.json
2026-08-23T18:15:19.315Z,2026-08-23 11:15:19,2026-08-23,America/Los_Angeles,disneyland,Disneyland,Frontierland,679,Frontierland Shootin' Exposition,FALSE,0,2026-08-23T18:10:35.000Z,2026-08-23 11:10:35,https://queue-times.com/parks/16/queue_times.json
2026-08-23T18:15:19.315Z,2026-08-23 11:15:19,2026-08-23,America/Los_Angeles,disneyland,Disneyland,Frontierland,456,Mark Twain Riverboat,TRUE,10,2026-08-23T18:10:35.000Z,2026-08-23 11:10:35,https://queue-times.com/parks/16/queue_times.json
2026-08-23T18:15:19.315Z,2026-08-23 11:15:19,2026-08-23,America/Los_Angeles,disneyland,Disneyland,Frontierland,331,Pirate's Lair on Tom Sawyer Island,TRUE,5,2026-08-23T18:10:35.000Z,2026-08-23 11:10:35,https://queue-times.com/parks/16/queue_times.json
2026-08-23T18:15:19.315Z,2026-08-23 11:15:19,2026-08-23,America/Los_Angeles,disneyland,Disneyland,Frontierland,328,Sailing Ship Columbia,FALSE,0,2026-08-23T18:10:35.000Z,2026-08-23 11:10:35,https://queue-times.com/parks/16/queue_times.json
2026-08-23T18:15:19.315Z,2026-08-23 11:15:19,2026-08-23,America/Los_Angeles,disneyland,Disneyland,Main Street U.S.A,674,Disneyland Railroad,TRUE,5,2026-08-23T18:10:35.000Z,2026-08-23 11:10:35,https://queue-times.com/parks/16/queue_times.json
2026-08-23T18:15:19.315Z,2026-08-23 11:15:19,2026-08-23,America/Los_Angeles,disneyland,Disneyland,Main Street U.S.A,690,Great Moments with Mr. Lincoln,TRUE,0,2026-08-23T18:10:35.000Z,2026-08-23 11:10:35,https://queue-times.com/parks/16/queue_times.json
2026-08-23T18:15:19.315Z,2026-08-23 11:15:19,2026-08-23,America/Los_Angeles,disneyland,Disneyland,Main Street U.S.A,686,Main Street Cinema,FALSE,0,2026-08-23T18:10:35.000Z,2026-08-23 11:10:35,https://queue-times.com/parks/16/queue_times.json
2026-08-23T18:15:19.315Z,2026-08-23 11:15:19,2026-08-23,America/Los_Angeles,disneyland,Disneyland,Main Street U.S.A,691,Main Street Vehicles,TRUE,0,2026-08-23T18:10:35.000Z,2026-08-23 11:10:35,https://queue-times.com/parks/16/queue_times.json
2026-08-23T18:15:19.315Z,2026-08-23 11:15:19,2026-08-23,America/Los_Angeles,disneyland,Disneyland,Main Street U.S.A,14915,Opera House - Walt Disney - A Magical Life,TRUE,0,2026-08-23T18:10:35.000Z,2026-08-23 11:10:35,https://queue-times.com/parks/16/queue_times.json
2026-08-23T18:15:19.315Z,2026-08-23 11:15:19,2026-08-23,America/Los_Angeles,disneyland,Disneyland,Main Street U.S.A,695,The Disney Gallery,TRUE,0,2026-08-23T18:10:35.000Z,2026-08-23 11:10:35,https://queue-times.com/parks/16/queue_times.json
2026-08-23T18:15:19.315Z,2026-08-23 11:15:19,2026-08-23,America/Los_Angeles,disneyland,Disneyland,Main Street U.S.A,14923,Walt Disney - A Magical Life,FALSE,0,2026-08-23T18:10:35.000Z,2026-08-23 11:10:35,https://queue-times.com/parks/16/queue_times.json
2026-08-23T18:15:19.315Z,2026-08-23 11:15:19,2026-08-23,America/Los_Angeles,disneyland,Disneyland,Mickey's Toontown,324,Chip 'n' Dale's GADGETcoaster,TRUE,20,2026-08-23T18:10:35.000Z,2026-08-23 11:10:35,https://queue-times.com/parks/16/queue_times.json
2026-08-23T18:15:19.315Z,2026-08-23 11:15:19,2026-08-23,America/Los_Angeles,disneyland,Disneyland,Mickey's Toontown,13814,Donald's Duck Pond,TRUE,0,2026-08-23T18:10:35.000Z,2026-08-23 11:10:35,https://queue-times.com/parks/16/queue_times.json
2026-08-23T18:15:19.315Z,2026-08-23 11:15:19,2026-08-23,America/Los_Angeles,disneyland,Disneyland,Mickey's Toontown,11980,Goofy's How-to-Play Yard,TRUE,0,2026-08-23T18:10:35.000Z,2026-08-23 11:10:35,https://queue-times.com/parks/16/queue_times.json
2026-08-23T18:15:19.315Z,2026-08-23 11:15:19,2026-08-23,America/Los_Angeles,disneyland,Disneyland,Mickey's Toontown,11526,Mickey & Minnie's Runaway Railway,TRUE,20,2026-08-23T18:10:35.000Z,2026-08-23 11:10:35,https://queue-times.com/parks/16/queue_times.json
2026-08-23T18:15:19.315Z,2026-08-23 11:15:19,2026-08-23,America/Los_Angeles,disneyland,Disneyland,Mickey's Toontown,709,Mickey's House and Meet Mickey Mouse,TRUE,15,2026-08-23T18:10:35.000Z,2026-08-23 11:10:35,https://queue-times.com/parks/16/queue_times.json
2026-08-23T18:15:19.315Z,2026-08-23 11:15:19,2026-08-23,America/Los_Angeles,disneyland,Disneyland,Mickey's Toontown,327,Mickey's House and Meet Mickey Mouse,FALSE,0,2026-08-23T18:10:35.000Z,2026-08-23 11:10:35,https://queue-times.com/parks/16/queue_times.json
2026-08-23T18:15:19.315Z,2026-08-23 11:15:19,2026-08-23,America/Los_Angeles,disneyland,Disneyland,Mickey's Toontown,684,Minnie's House,TRUE,0,2026-08-23T18:10:35.000Z,2026-08-23 11:10:35,https://queue-times.com/parks/16/queue_times.json
2026-08-23T18:15:19.315Z,2026-08-23 11:15:19,2026-08-23,America/Los_Angeles,disneyland,Disneyland,Mickey's Toontown,332,Roger Rabbit's Car Toon Spin,TRUE,10,2026-08-23T18:10:35.000Z,2026-08-23 11:10:35,https://queue-times.com/parks/16/queue_times.json
2026-08-23T18:15:19.315Z,2026-08-23 11:15:19,2026-08-23,America/Los_Angeles,disneyland,Disneyland,New Orleans Square,13958,Haunted Mansion,FALSE,0,2026-08-21T05:25:59.000Z,2026-08-20 22:25:59,https://queue-times.com/parks/16/queue_times.json
2026-08-23T18:15:19.315Z,2026-08-23 11:15:19,2026-08-23,America/Los_Angeles,disneyland,Disneyland,New Orleans Square,325,Haunted Mansion Holiday,TRUE,45,2026-08-23T18:10:35.000Z,2026-08-23 11:10:35,https://queue-times.com/parks/16/queue_times.json
2026-08-23T18:15:19.315Z,2026-08-23 11:15:19,2026-08-23,America/Los_Angeles,disneyland,Disneyland,New Orleans Square,289,Pirates of the Caribbean,TRUE,15,2026-08-23T18:10:35.000Z,2026-08-23 11:10:35,https://queue-times.com/parks/16/queue_times.json
2026-08-23T18:15:19.315Z,2026-08-23 11:15:19,2026-08-23,America/Los_Angeles,disneyland,Disneyland,Star Wars: Galaxy's Edge,6339,Millennium Falcon: Smugglers Run,TRUE,10,2026-08-23T18:10:35.000Z,2026-08-23 11:10:35,https://queue-times.com/parks/16/queue_times.json
2026-08-23T18:15:19.315Z,2026-08-23 11:15:19,2026-08-23,America/Los_Angeles,disneyland,Disneyland,Star Wars: Galaxy's Edge,10903,Millennium Falcon: Smugglers Run Single Rider,TRUE,0,2026-08-23T18:10:35.000Z,2026-08-23 11:10:35,https://queue-times.com/parks/16/queue_times.json
2026-08-23T18:15:19.315Z,2026-08-23 11:15:19,2026-08-23,America/Los_Angeles,disneyland,Disneyland,Star Wars: Galaxy's Edge,6340,Star Wars: Rise of the Resistance,TRUE,50,2026-08-23T18:10:35.000Z,2026-08-23 11:10:35,https://queue-times.com/parks/16/queue_times.json
2026-08-23T18:15:19.315Z,2026-08-23 11:15:19,2026-08-23,America/Los_Angeles,disneyland,Disneyland,Tomorrowland,287,Astro Orbitor,TRUE,10,2026-08-23T18:10:35.000Z,2026-08-23 11:10:35,https://queue-times.com/parks/16/queue_times.json
2026-08-23T18:15:19.315Z,2026-08-23 11:15:19,2026-08-23,America/Los_Angeles,disneyland,Disneyland,Tomorrowland,317,Autopia,TRUE,5,2026-08-23T18:10:35.000Z,2026-08-23 11:10:35,https://queue-times.com/parks/16/queue_times.json
2026-08-23T18:15:19.315Z,2026-08-23 11:15:19,2026-08-23,America/Los_Angeles,disneyland,Disneyland,Tomorrowland,273,Buzz Lightyear Astro Blasters,TRUE,5,2026-08-23T18:10:35.000Z,2026-08-23 11:10:35,https://queue-times.com/parks/16/queue_times.json
2026-08-23T18:15:19.315Z,2026-08-23 11:15:19,2026-08-23,America/Los_Angeles,disneyland,Disneyland,Tomorrowland,274,Disneyland Monorail,FALSE,0,2026-08-23T18:10:35.000Z,2026-08-23 11:10:35,https://queue-times.com/parks/16/queue_times.json
2026-08-23T18:15:19.315Z,2026-08-23 11:15:19,2026-08-23,America/Los_Angeles,disneyland,Disneyland,Tomorrowland,276,Finding Nemo Submarine Voyage,TRUE,10,2026-08-23T18:10:35.000Z,2026-08-23 11:10:35,https://queue-times.com/parks/16/queue_times.json
2026-08-23T18:15:19.315Z,2026-08-23 11:15:19,2026-08-23,America/Los_Angeles,disneyland,Disneyland,Tomorrowland,16627,Pixar Short Film Spotlight,FALSE,0,2026-08-23T18:10:35.000Z,2026-08-23 11:10:35,https://queue-times.com/parks/16/queue_times.json
2026-08-23T18:15:19.315Z,2026-08-23 11:15:19,2026-08-23,America/Los_Angeles,disneyland,Disneyland,Tomorrowland,284,Space Mountain,TRUE,45,2026-08-23T18:10:35.000Z,2026-08-23 11:10:35,https://queue-times.com/parks/16/queue_times.json
2026-08-23T18:15:19.315Z,2026-08-23 11:15:19,2026-08-23,America/Los_Angeles,disneyland,Disneyland,Tomorrowland,286,Star Tours - The Adventures Continue,TRUE,5,2026-08-23T18:10:35.000Z,2026-08-23 11:10:35,https://queue-times.com/parks/16/queue_times.json
2026-08-23T18:15:19.315Z,2026-08-23 11:15:19,2026-08-23,America/Los_Angeles,dca,Disney California Adventure,Avengers Campus,329,Guardians of the Galaxy - Mission: BREAKOUT!,TRUE,30,2026-08-23T18:10:48.000Z,2026-08-23 11:10:48,https://queue-times.com/parks/17/queue_times.json
2026-08-23T18:15:19.315Z,2026-08-23 11:15:19,2026-08-23,America/Los_Angeles,dca,Disney California Adventure,Avengers Campus,8843,WEB SLINGERS: A Spider-Man Adventure,TRUE,40,2026-08-23T18:10:48.000Z,2026-08-23 11:10:48,https://queue-times.com/parks/17/queue_times.json
2026-08-23T18:15:19.315Z,2026-08-23 11:15:19,2026-08-23,America/Los_Angeles,dca,Disney California Adventure,Avengers Campus,10907,WEB SLINGERS: A Spider-Man Adventure Single Rider,TRUE,0,2026-08-23T18:10:48.000Z,2026-08-23 11:10:48,https://queue-times.com/parks/17/queue_times.json
2026-08-23T18:15:19.315Z,2026-08-23 11:15:19,2026-08-23,America/Los_Angeles,dca,Disney California Adventure,Cars Land,2608,Luigi's Honkin' Haul-O-Ween,TRUE,5,2026-08-23T18:10:48.000Z,2026-08-23 11:10:48,https://queue-times.com/parks/17/queue_times.json
2026-08-23T18:15:19.315Z,2026-08-23 11:15:19,2026-08-23,America/Los_Angeles,dca,Disney California Adventure,Cars Land,13961,Luigi's Rollickin' Roadsters,FALSE,0,2026-08-18T08:55:45.000Z,2026-08-18 01:55:45,https://queue-times.com/parks/17/queue_times.json
2026-08-23T18:15:19.315Z,2026-08-23 11:15:19,2026-08-23,America/Los_Angeles,dca,Disney California Adventure,Cars Land,315,Mater's Junkyard Jamboree,FALSE,0,2026-08-18T08:55:45.000Z,2026-08-18 01:55:45,https://queue-times.com/parks/17/queue_times.json
2026-08-23T18:15:19.315Z,2026-08-23 11:15:19,2026-08-23,America/Los_Angeles,dca,Disney California Adventure,Cars Land,295,Radiator Springs Racers,FALSE,0,2026-08-23T18:10:48.000Z,2026-08-23 11:10:48,https://queue-times.com/parks/17/queue_times.json
2026-08-23T18:15:19.315Z,2026-08-23 11:15:19,2026-08-23,America/Los_Angeles,dca,Disney California Adventure,Cars Land,10904,Radiator Springs Racers Single Rider,FALSE,0,2026-08-23T18:10:48.000Z,2026-08-23 11:10:48,https://queue-times.com/parks/17/queue_times.json
2026-08-23T18:15:19.315Z,2026-08-23 11:15:19,2026-08-23,America/Los_Angeles,dca,Disney California Adventure,Grizzly Peak,302,Grizzly River Run,TRUE,15,2026-08-23T18:10:48.000Z,2026-08-23 11:10:48,https://queue-times.com/parks/17/queue_times.json
2026-08-23T18:15:19.315Z,2026-08-23 11:15:19,2026-08-23,America/Los_Angeles,dca,Disney California Adventure,Grizzly Peak,293,Redwood Creek Challenge Trail,TRUE,5,2026-08-23T18:10:48.000Z,2026-08-23 11:10:48,https://queue-times.com/parks/17/queue_times.json
2026-08-23T18:15:19.315Z,2026-08-23 11:15:19,2026-08-23,America/Los_Angeles,dca,Disney California Adventure,Grizzly Peak,17129,Soarin’ Across America,TRUE,20,2026-08-23T18:10:48.000Z,2026-08-23 11:10:48,https://queue-times.com/parks/17/queue_times.json
2026-08-23T18:15:19.315Z,2026-08-23 11:15:19,2026-08-23,America/Los_Angeles,dca,Disney California Adventure,Hollywood Land,321,Animation Academy,TRUE,0,2026-08-23T18:10:48.000Z,2026-08-23 11:10:48,https://queue-times.com/parks/17/queue_times.json
2026-08-23T18:15:19.315Z,2026-08-23 11:15:19,2026-08-23,America/Los_Angeles,dca,Disney California Adventure,Hollywood Land,6440,Mickey's PhilharMagic,TRUE,10,2026-08-23T18:10:48.000Z,2026-08-23 11:10:48,https://queue-times.com/parks/17/queue_times.json
2026-08-23T18:15:19.315Z,2026-08-23 11:15:19,2026-08-23,America/Los_Angeles,dca,Disney California Adventure,Hollywood Land,291,"Monsters, Inc. Mike & Sulley to the Rescue!",TRUE,25,2026-08-23T18:10:48.000Z,2026-08-23 11:10:48,https://queue-times.com/parks/17/queue_times.json
2026-08-23T18:15:19.315Z,2026-08-23 11:15:19,2026-08-23,America/Los_Angeles,dca,Disney California Adventure,Hollywood Land,868,Sorcerer's Workshop,TRUE,0,2026-08-23T18:10:48.000Z,2026-08-23 11:10:48,https://queue-times.com/parks/17/queue_times.json
2026-08-23T18:15:19.315Z,2026-08-23 11:15:19,2026-08-23,America/Los_Angeles,dca,Disney California Adventure,Hollywood Land,294,Turtle Talk with Crush,TRUE,0,2026-08-23T18:10:48.000Z,2026-08-23 11:10:48,https://queue-times.com/parks/17/queue_times.json
2026-08-23T18:15:19.315Z,2026-08-23 11:15:19,2026-08-23,America/Los_Angeles,dca,Disney California Adventure,Pacific Wharf,869,The Bakery Tour,TRUE,0,2026-08-23T18:10:48.000Z,2026-08-23 11:10:48,https://queue-times.com/parks/17/queue_times.json
2026-08-23T18:15:19.315Z,2026-08-23 11:15:19,2026-08-23,America/Los_Angeles,dca,Disney California Adventure,Paradise Gardens Park,298,Golden Zephyr,FALSE,0,2026-08-23T18:10:48.000Z,2026-08-23 11:10:48,https://queue-times.com/parks/17/queue_times.json
2026-08-23T18:15:19.315Z,2026-08-23 11:15:19,2026-08-23,America/Los_Angeles,dca,Disney California Adventure,Paradise Gardens Park,319,Goofy's Sky School,TRUE,20,2026-08-23T18:10:48.000Z,2026-08-23 11:10:48,https://queue-times.com/parks/17/queue_times.json
2026-08-23T18:15:19.315Z,2026-08-23 11:15:19,2026-08-23,America/Los_Angeles,dca,Disney California Adventure,Paradise Gardens Park,301,Silly Symphony Swings,FALSE,0,2026-08-23T18:10:48.000Z,2026-08-23 11:10:48,https://queue-times.com/parks/17/queue_times.json
2026-08-23T18:15:19.315Z,2026-08-23 11:15:19,2026-08-23,America/Los_Angeles,dca,Disney California Adventure,Paradise Gardens Park,316,The Little Mermaid - Ariel's Undersea Adventure,TRUE,15,2026-08-23T18:10:48.000Z,2026-08-23 11:10:48,https://queue-times.com/parks/17/queue_times.json
2026-08-23T18:15:19.315Z,2026-08-23 11:15:19,2026-08-23,America/Los_Angeles,dca,Disney California Adventure,Paradise Gardens Park,11528,World of Color – ONE,FALSE,0,2026-08-23T18:10:48.000Z,2026-08-23 11:10:48,https://queue-times.com/parks/17/queue_times.json
2026-08-23T18:15:19.315Z,2026-08-23 11:15:19,2026-08-23,America/Los_Angeles,dca,Disney California Adventure,Pixar Pier,866,Games of Pixar Pier,TRUE,0,2026-08-23T18:10:48.000Z,2026-08-23 11:10:48,https://queue-times.com/parks/17/queue_times.json
2026-08-23T18:15:19.315Z,2026-08-23 11:15:19,2026-08-23,America/Los_Angeles,dca,Disney California Adventure,Pixar Pier,322,Incredicoaster,TRUE,25,2026-08-23T18:10:48.000Z,2026-08-23 11:10:48,https://queue-times.com/parks/17/queue_times.json
2026-08-23T18:15:19.315Z,2026-08-23 11:15:19,2026-08-23,America/Los_Angeles,dca,Disney California Adventure,Pixar Pier,10906,Incredicoaster Single Rider,TRUE,0,2026-08-23T18:10:48.000Z,2026-08-23 11:10:48,https://queue-times.com/parks/17/queue_times.json
2026-08-23T18:15:19.315Z,2026-08-23 11:15:19,2026-08-23,America/Los_Angeles,dca,Disney California Adventure,Pixar Pier,6643,Inside Out Emotional Whirlwind,TRUE,5,2026-08-23T18:10:48.000Z,2026-08-23 11:10:48,https://queue-times.com/parks/17/queue_times.json
2026-08-23T18:15:19.315Z,2026-08-23 11:15:19,2026-08-23,America/Los_Angeles,dca,Disney California Adventure,Pixar Pier,310,Jessie's Critter Carousel,TRUE,5,2026-08-23T18:10:48.000Z,2026-08-23 11:10:48,https://queue-times.com/parks/17/queue_times.json
2026-08-23T18:15:19.315Z,2026-08-23 11:15:19,2026-08-23,America/Los_Angeles,dca,Disney California Adventure,Pixar Pier,300,Jumpin' Jellyfish,TRUE,5,2026-08-23T18:10:48.000Z,2026-08-23 11:10:48,https://queue-times.com/parks/17/queue_times.json
2026-08-23T18:15:19.315Z,2026-08-23 11:15:19,2026-08-23,America/Los_Angeles,dca,Disney California Adventure,Pixar Pier,311,Pixar Pal-A-Round - Swinging,TRUE,10,2026-08-23T18:10:48.000Z,2026-08-23 11:10:48,https://queue-times.com/parks/17/queue_times.json
2026-08-23T18:15:19.315Z,2026-08-23 11:15:19,2026-08-23,America/Los_Angeles,dca,Disney California Adventure,Pixar Pier,5557,Pixar Pal-A-Round – Non-Swinging,TRUE,5,2026-08-23T18:10:48.000Z,2026-08-23 11:10:48,https://queue-times.com/parks/17/queue_times.json
2026-08-23T18:15:19.315Z,2026-08-23 11:15:19,2026-08-23,America/Los_Angeles,dca,Disney California Adventure,Pixar Pier,313,Toy Story Midway Mania!,TRUE,45,2026-08-23T18:10:48.000Z,2026-08-23 11:10:48,https://queue-times.com/parks/17/queue_times.json
2026-08-23T18:15:19.315Z,2026-08-23 11:15:19,2026-08-23,America/Los_Angeles,dca,Disney California Adventure,Halloween,5146,Guardians of the Galaxy - Monsters After Dark,FALSE,0,2026-08-23T18:10:48.000Z,2026-08-23 11:10:48,https://queue-times.com/parks/17/queue_times.json
2026-08-23T18:15:19.315Z,2026-08-23 11:15:19,2026-08-23,America/Los_Angeles,dca,Disney California Adventure,Halloween,4723,Mater's Graveyard JamBOOree,TRUE,5,2026-08-23T18:10:48.000Z,2026-08-23 11:10:48,https://queue-times.com/parks/17/queue_times.json
2026-08-23T18:15:19.315Z,2026-08-23 11:15:19,2026-08-23,America/Los_Angeles,dca,Disney California Adventure,Halloween,7292,Villains Grove at Oogie Boogie Bash,FALSE,0,2026-08-23T18:10:48.000Z,2026-08-23 11:10:48,https://queue-times.com/parks/17/queue_times.json
2026-08-23T18:30:24.127Z,2026-08-23 11:30:24,2026-08-23,America/Los_Angeles,disneyland,Disneyland,Adventureland,12428,Adventureland Treehouse inspired by Walt Disney’s Swiss Family Robinson,TRUE,0,2026-08-23T18:25:37.000Z,2026-08-23 11:25:37,https://queue-times.com/parks/16/queue_times.json
2026-08-23T18:30:24.127Z,2026-08-23 11:30:24,2026-08-23,America/Los_Angeles,disneyland,Disneyland,Adventureland,326,Indiana Jones™ Adventure,FALSE,0,2026-08-23T18:25:37.000Z,2026-08-23 11:25:37,https://queue-times.com/parks/16/queue_times.json
2026-08-23T18:30:24.127Z,2026-08-23 11:30:24,2026-08-23,America/Los_Angeles,disneyland,Disneyland,Adventureland,296,Jungle Cruise,TRUE,5,2026-08-23T18:25:37.000Z,2026-08-23 11:25:37,https://queue-times.com/parks/16/queue_times.json
2026-08-23T18:30:24.127Z,2026-08-23 11:30:24,2026-08-23,America/Los_Angeles,disneyland,Disneyland,Adventureland,288,Walt Disney's Enchanted Tiki Room,TRUE,0,2026-08-23T18:25:37.000Z,2026-08-23 11:25:37,https://queue-times.com/parks/16/queue_times.json
2026-08-23T18:30:24.127Z,2026-08-23 11:30:24,2026-08-23,America/Los_Angeles,disneyland,Disneyland,Bayou Country,304,Davy Crockett's Explorer Canoes,FALSE,0,2026-08-23T18:25:37.000Z,2026-08-23 11:25:37,https://queue-times.com/parks/16/queue_times.json
2026-08-23T18:30:24.127Z,2026-08-23 11:30:24,2026-08-23,America/Los_Angeles,disneyland,Disneyland,Bayou Country,306,The Many Adventures of Winnie the Pooh,TRUE,10,2026-08-23T18:25:37.000Z,2026-08-23 11:25:37,https://queue-times.com/parks/16/queue_times.json
2026-08-23T18:30:24.127Z,2026-08-23 11:30:24,2026-08-23,America/Los_Angeles,disneyland,Disneyland,Bayou Country,14168,Tiana's Bayou Adventure,TRUE,30,2026-08-23T18:25:37.000Z,2026-08-23 11:25:37,https://queue-times.com/parks/16/queue_times.json
2026-08-23T18:30:24.127Z,2026-08-23 11:30:24,2026-08-23,America/Los_Angeles,disneyland,Disneyland,Bayou Country,14326,Tiana's Bayou Adventure Single Rider,TRUE,0,2026-08-23T18:25:37.000Z,2026-08-23 11:25:37,https://queue-times.com/parks/16/queue_times.json
2026-08-23T18:30:24.127Z,2026-08-23 11:30:24,2026-08-23,America/Los_Angeles,disneyland,Disneyland,Fantasyland,307,"""it's a small world""",TRUE,5,2026-08-23T18:25:37.000Z,2026-08-23 11:25:37,https://queue-times.com/parks/16/queue_times.json
2026-08-23T18:30:24.127Z,2026-08-23 11:30:24,2026-08-23,America/Los_Angeles,disneyland,Disneyland,Fantasyland,285,Alice in Wonderland,TRUE,25,2026-08-23T18:25:37.000Z,2026-08-23 11:25:37,https://queue-times.com/parks/16/queue_times.json
2026-08-23T18:30:24.127Z,2026-08-23 11:30:24,2026-08-23,America/Los_Angeles,disneyland,Disneyland,Fantasyland,16254,Bluey’s Best Day Ever! at Fantasyland Theatre,TRUE,0,2026-08-23T18:25:37.000Z,2026-08-23 11:25:37,https://queue-times.com/parks/16/queue_times.json
2026-08-23T18:30:24.127Z,2026-08-23 11:30:24,2026-08-23,America/Los_Angeles,disneyland,Disneyland,Fantasyland,303,Casey Jr. Circus Train,TRUE,5,2026-08-23T18:25:37.000Z,2026-08-23 11:25:37,https://queue-times.com/parks/16/queue_times.json
2026-08-23T18:30:24.127Z,2026-08-23 11:30:24,2026-08-23,America/Los_Angeles,disneyland,Disneyland,Fantasyland,275,Dumbo the Flying Elephant,TRUE,20,2026-08-23T18:25:37.000Z,2026-08-23 11:25:37,https://queue-times.com/parks/16/queue_times.json
2026-08-23T18:30:24.127Z,2026-08-23 11:30:24,2026-08-23,America/Los_Angeles,disneyland,Disneyland,Fantasyland,277,King Arthur Carrousel,TRUE,5,2026-08-23T18:25:37.000Z,2026-08-23 11:25:37,https://queue-times.com/parks/16/queue_times.json
2026-08-23T18:30:24.127Z,2026-08-23 11:30:24,2026-08-23,America/Los_Angeles,disneyland,Disneyland,Fantasyland,278,Mad Tea Party,TRUE,5,2026-08-23T18:25:37.000Z,2026-08-23 11:25:37,https://queue-times.com/parks/16/queue_times.json
2026-08-23T18:30:24.127Z,2026-08-23 11:30:24,2026-08-23,America/Los_Angeles,disneyland,Disneyland,Fantasyland,279,Matterhorn Bobsleds,TRUE,20,2026-08-23T18:25:37.000Z,2026-08-23 11:25:37,https://queue-times.com/parks/16/queue_times.json
2026-08-23T18:30:24.127Z,2026-08-23 11:30:24,2026-08-23,America/Los_Angeles,disneyland,Disneyland,Fantasyland,6711,Meet Disney Princesses at Royal Hall,TRUE,45,2026-08-23T18:25:37.000Z,2026-08-23 11:25:37,https://queue-times.com/parks/16/queue_times.json
2026-08-23T18:30:24.127Z,2026-08-23 11:30:24,2026-08-23,America/Los_Angeles,disneyland,Disneyland,Fantasyland,280,Mr. Toad's Wild Ride,TRUE,5,2026-08-23T18:25:37.000Z,2026-08-23 11:25:37,https://queue-times.com/parks/16/queue_times.json
2026-08-23T18:30:24.127Z,2026-08-23 11:30:24,2026-08-23,America/Los_Angeles,disneyland,Disneyland,Fantasyland,281,Peter Pan's Flight,TRUE,15,2026-08-23T18:25:37.000Z,2026-08-23 11:25:37,https://queue-times.com/parks/16/queue_times.json
2026-08-23T18:30:24.127Z,2026-08-23 11:30:24,2026-08-23,America/Los_Angeles,disneyland,Disneyland,Fantasyland,282,Pinocchio's Daring Journey,TRUE,5,2026-08-23T18:25:37.000Z,2026-08-23 11:25:37,https://queue-times.com/parks/16/queue_times.json
2026-08-23T18:30:24.127Z,2026-08-23 11:30:24,2026-08-23,America/Los_Angeles,disneyland,Disneyland,Fantasyland,687,Sleeping Beauty Castle Walkthrough,FALSE,0,2026-08-23T18:25:37.000Z,2026-08-23 11:25:37,https://queue-times.com/parks/16/queue_times.json
2026-08-23T18:30:24.127Z,2026-08-23 11:30:24,2026-08-23,America/Los_Angeles,disneyland,Disneyland,Fantasyland,283,Snow White's Enchanted Wish,TRUE,10,2026-08-23T18:25:37.000Z,2026-08-23 11:25:37,https://queue-times.com/parks/16/queue_times.json
2026-08-23T18:30:24.127Z,2026-08-23 11:30:24,2026-08-23,America/Los_Angeles,disneyland,Disneyland,Fantasyland,305,Storybook Land Canal Boats,TRUE,5,2026-08-23T18:25:37.000Z,2026-08-23 11:25:37,https://queue-times.com/parks/16/queue_times.json
2026-08-23T18:30:24.127Z,2026-08-23 11:30:24,2026-08-23,America/Los_Angeles,disneyland,Disneyland,Frontierland,323,Big Thunder Mountain Railroad,TRUE,20,2026-08-23T18:25:37.000Z,2026-08-23 11:25:37,https://queue-times.com/parks/16/queue_times.json
2026-08-23T18:30:24.127Z,2026-08-23 11:30:24,2026-08-23,America/Los_Angeles,disneyland,Disneyland,Frontierland,679,Frontierland Shootin' Exposition,FALSE,0,2026-08-23T18:25:37.000Z,2026-08-23 11:25:37,https://queue-times.com/parks/16/queue_times.json
2026-08-23T18:30:24.127Z,2026-08-23 11:30:24,2026-08-23,America/Los_Angeles,disneyland,Disneyland,Frontierland,456,Mark Twain Riverboat,TRUE,10,2026-08-23T18:25:37.000Z,2026-08-23 11:25:37,https://queue-times.com/parks/16/queue_times.json
2026-08-23T18:30:24.127Z,2026-08-23 11:30:24,2026-08-23,America/Los_Angeles,disneyland,Disneyland,Frontierland,331,Pirate's Lair on Tom Sawyer Island,TRUE,5,2026-08-23T18:25:37.000Z,2026-08-23 11:25:37,https://queue-times.com/parks/16/queue_times.json
2026-08-23T18:30:24.127Z,2026-08-23 11:30:24,2026-08-23,America/Los_Angeles,disneyland,Disneyland,Frontierland,328,Sailing Ship Columbia,FALSE,0,2026-08-23T18:25:37.000Z,2026-08-23 11:25:37,https://queue-times.com/parks/16/queue_times.json
2026-08-23T18:30:24.127Z,2026-08-23 11:30:24,2026-08-23,America/Los_Angeles,disneyland,Disneyland,Main Street U.S.A,674,Disneyland Railroad,TRUE,5,2026-08-23T18:25:37.000Z,2026-08-23 11:25:37,https://queue-times.com/parks/16/queue_times.json
2026-08-23T18:30:24.127Z,2026-08-23 11:30:24,2026-08-23,America/Los_Angeles,disneyland,Disneyland,Main Street U.S.A,690,Great Moments with Mr. Lincoln,TRUE,0,2026-08-23T18:25:37.000Z,2026-08-23 11:25:37,https://queue-times.com/parks/16/queue_times.json
2026-08-23T18:30:24.127Z,2026-08-23 11:30:24,2026-08-23,America/Los_Angeles,disneyland,Disneyland,Main Street U.S.A,686,Main Street Cinema,FALSE,0,2026-08-23T18:25:37.000Z,2026-08-23 11:25:37,https://queue-times.com/parks/16/queue_times.json
2026-08-23T18:30:24.127Z,2026-08-23 11:30:24,2026-08-23,America/Los_Angeles,disneyland,Disneyland,Main Street U.S.A,691,Main Street Vehicles,TRUE,0,2026-08-23T18:25:37.000Z,2026-08-23 11:25:37,https://queue-times.com/parks/16/queue_times.json
2026-08-23T18:30:24.127Z,2026-08-23 11:30:24,2026-08-23,America/Los_Angeles,disneyland,Disneyland,Main Street U.S.A,14915,Opera House - Walt Disney - A Magical Life,TRUE,0,2026-08-23T18:25:37.000Z,2026-08-23 11:25:37,https://queue-times.com/parks/16/queue_times.json
2026-08-23T18:30:24.127Z,2026-08-23 11:30:24,2026-08-23,America/Los_Angeles,disneyland,Disneyland,Main Street U.S.A,695,The Disney Gallery,TRUE,0,2026-08-23T18:25:37.000Z,2026-08-23 11:25:37,https://queue-times.com/parks/16/queue_times.json
2026-08-23T18:30:24.127Z,2026-08-23 11:30:24,2026-08-23,America/Los_Angeles,disneyland,Disneyland,Main Street U.S.A,14923,Walt Disney - A Magical Life,FALSE,0,2026-08-23T18:25:37.000Z,2026-08-23 11:25:37,https://queue-times.com/parks/16/queue_times.json
2026-08-23T18:30:24.127Z,2026-08-23 11:30:24,2026-08-23,America/Los_Angeles,disneyland,Disneyland,Mickey's Toontown,324,Chip 'n' Dale's GADGETcoaster,TRUE,20,2026-08-23T18:25:37.000Z,2026-08-23 11:25:37,https://queue-times.com/parks/16/queue_times.json
2026-08-23T18:30:24.127Z,2026-08-23 11:30:24,2026-08-23,America/Los_Angeles,disneyland,Disneyland,Mickey's Toontown,13814,Donald's Duck Pond,TRUE,0,2026-08-23T18:25:37.000Z,2026-08-23 11:25:37,https://queue-times.com/parks/16/queue_times.json
2026-08-23T18:30:24.127Z,2026-08-23 11:30:24,2026-08-23,America/Los_Angeles,disneyland,Disneyland,Mickey's Toontown,11980,Goofy's How-to-Play Yard,TRUE,0,2026-08-23T18:25:37.000Z,2026-08-23 11:25:37,https://queue-times.com/parks/16/queue_times.json
2026-08-23T18:30:24.127Z,2026-08-23 11:30:24,2026-08-23,America/Los_Angeles,disneyland,Disneyland,Mickey's Toontown,11526,Mickey & Minnie's Runaway Railway,TRUE,20,2026-08-23T18:25:37.000Z,2026-08-23 11:25:37,https://queue-times.com/parks/16/queue_times.json
2026-08-23T18:30:24.127Z,2026-08-23 11:30:24,2026-08-23,America/Los_Angeles,disneyland,Disneyland,Mickey's Toontown,709,Mickey's House and Meet Mickey Mouse,TRUE,15,2026-08-23T18:25:37.000Z,2026-08-23 11:25:37,https://queue-times.com/parks/16/queue_times.json
2026-08-23T18:30:24.127Z,2026-08-23 11:30:24,2026-08-23,America/Los_Angeles,disneyland,Disneyland,Mickey's Toontown,327,Mickey's House and Meet Mickey Mouse,FALSE,0,2026-08-23T18:25:37.000Z,2026-08-23 11:25:37,https://queue-times.com/parks/16/queue_times.json
2026-08-23T18:30:24.127Z,2026-08-23 11:30:24,2026-08-23,America/Los_Angeles,disneyland,Disneyland,Mickey's Toontown,684,Minnie's House,TRUE,0,2026-08-23T18:25:37.000Z,2026-08-23 11:25:37,https://queue-times.com/parks/16/queue_times.json
2026-08-23T18:30:24.127Z,2026-08-23 11:30:24,2026-08-23,America/Los_Angeles,disneyland,Disneyland,Mickey's Toontown,332,Roger Rabbit's Car Toon Spin,TRUE,20,2026-08-23T18:25:37.000Z,2026-08-23 11:25:37,https://queue-times.com/parks/16/queue_times.json
2026-08-23T18:30:24.127Z,2026-08-23 11:30:24,2026-08-23,America/Los_Angeles,disneyland,Disneyland,New Orleans Square,13958,Haunted Mansion,FALSE,0,2026-08-21T05:25:59.000Z,2026-08-20 22:25:59,https://queue-times.com/parks/16/queue_times.json
2026-08-23T18:30:24.127Z,2026-08-23 11:30:24,2026-08-23,America/Los_Angeles,disneyland,Disneyland,New Orleans Square,325,Haunted Mansion Holiday,TRUE,35,2026-08-23T18:25:37.000Z,2026-08-23 11:25:37,https://queue-times.com/parks/16/queue_times.json
2026-08-23T18:30:24.127Z,2026-08-23 11:30:24,2026-08-23,America/Los_Angeles,disneyland,Disneyland,New Orleans Square,289,Pirates of the Caribbean,TRUE,15,2026-08-23T18:25:37.000Z,2026-08-23 11:25:37,https://queue-times.com/parks/16/queue_times.json
2026-08-23T18:30:24.127Z,2026-08-23 11:30:24,2026-08-23,America/Los_Angeles,disneyland,Disneyland,Star Wars: Galaxy's Edge,6339,Millennium Falcon: Smugglers Run,TRUE,10,2026-08-23T18:25:37.000Z,2026-08-23 11:25:37,https://queue-times.com/parks/16/queue_times.json
2026-08-23T18:30:24.127Z,2026-08-23 11:30:24,2026-08-23,America/Los_Angeles,disneyland,Disneyland,Star Wars: Galaxy's Edge,10903,Millennium Falcon: Smugglers Run Single Rider,TRUE,0,2026-08-23T18:25:37.000Z,2026-08-23 11:25:37,https://queue-times.com/parks/16/queue_times.json
2026-08-23T18:30:24.127Z,2026-08-23 11:30:24,2026-08-23,America/Los_Angeles,disneyland,Disneyland,Star Wars: Galaxy's Edge,6340,Star Wars: Rise of the Resistance,TRUE,30,2026-08-23T18:25:37.000Z,2026-08-23 11:25:37,https://queue-times.com/parks/16/queue_times.json
2026-08-23T18:30:24.127Z,2026-08-23 11:30:24,2026-08-23,America/Los_Angeles,disneyland,Disneyland,Tomorrowland,287,Astro Orbitor,TRUE,10,2026-08-23T18:25:37.000Z,2026-08-23 11:25:37,https://queue-times.com/parks/16/queue_times.json
2026-08-23T18:30:24.127Z,2026-08-23 11:30:24,2026-08-23,America/Los_Angeles,disneyland,Disneyland,Tomorrowland,317,Autopia,TRUE,5,2026-08-23T18:25:37.000Z,2026-08-23 11:25:37,https://queue-times.com/parks/16/queue_times.json
2026-08-23T18:30:24.127Z,2026-08-23 11:30:24,2026-08-23,America/Los_Angeles,disneyland,Disneyland,Tomorrowland,273,Buzz Lightyear Astro Blasters,TRUE,10,2026-08-23T18:25:37.000Z,2026-08-23 11:25:37,https://queue-times.com/parks/16/queue_times.json
2026-08-23T18:30:24.127Z,2026-08-23 11:30:24,2026-08-23,America/Los_Angeles,disneyland,Disneyland,Tomorrowland,274,Disneyland Monorail,FALSE,0,2026-08-23T18:25:37.000Z,2026-08-23 11:25:37,https://queue-times.com/parks/16/queue_times.json
2026-08-23T18:30:24.127Z,2026-08-23 11:30:24,2026-08-23,America/Los_Angeles,disneyland,Disneyland,Tomorrowland,276,Finding Nemo Submarine Voyage,TRUE,10,2026-08-23T18:25:37.000Z,2026-08-23 11:25:37,https://queue-times.com/parks/16/queue_times.json
2026-08-23T18:30:24.127Z,2026-08-23 11:30:24,2026-08-23,America/Los_Angeles,disneyland,Disneyland,Tomorrowland,16627,Pixar Short Film Spotlight,FALSE,0,2026-08-23T18:25:37.000Z,2026-08-23 11:25:37,https://queue-times.com/parks/16/queue_times.json
2026-08-23T18:30:24.127Z,2026-08-23 11:30:24,2026-08-23,America/Los_Angeles,disneyland,Disneyland,Tomorrowland,284,Space Mountain,TRUE,45,2026-08-23T18:25:37.000Z,2026-08-23 11:25:37,https://queue-times.com/parks/16/queue_times.json
2026-08-23T18:30:24.127Z,2026-08-23 11:30:24,2026-08-23,America/Los_Angeles,disneyland,Disneyland,Tomorrowland,286,Star Tours - The Adventures Continue,TRUE,5,2026-08-23T18:25:37.000Z,2026-08-23 11:25:37,https://queue-times.com/parks/16/queue_times.json
2026-08-23T18:30:24.127Z,2026-08-23 11:30:24,2026-08-23,America/Los_Angeles,dca,Disney California Adventure,Avengers Campus,329,Guardians of the Galaxy - Mission: BREAKOUT!,TRUE,45,2026-08-23T18:25:37.000Z,2026-08-23 11:25:37,https://queue-times.com/parks/17/queue_times.json
2026-08-23T18:30:24.127Z,2026-08-23 11:30:24,2026-08-23,America/Los_Angeles,dca,Disney California Adventure,Avengers Campus,8843,WEB SLINGERS: A Spider-Man Adventure,TRUE,40,2026-08-23T18:25:37.000Z,2026-08-23 11:25:37,https://queue-times.com/parks/17/queue_times.json
2026-08-23T18:30:24.127Z,2026-08-23 11:30:24,2026-08-23,America/Los_Angeles,dca,Disney California Adventure,Avengers Campus,10907,WEB SLINGERS: A Spider-Man Adventure Single Rider,TRUE,0,2026-08-23T18:25:37.000Z,2026-08-23 11:25:37,https://queue-times.com/parks/17/queue_times.json
2026-08-23T18:30:24.127Z,2026-08-23 11:30:24,2026-08-23,America/Los_Angeles,dca,Disney California Adventure,Cars Land,2608,Luigi's Honkin' Haul-O-Ween,TRUE,5,2026-08-23T18:25:37.000Z,2026-08-23 11:25:37,https://queue-times.com/parks/17/queue_times.json
2026-08-23T18:30:24.127Z,2026-08-23 11:30:24,2026-08-23,America/Los_Angeles,dca,Disney California Adventure,Cars Land,13961,Luigi's Rollickin' Roadsters,FALSE,0,2026-08-18T08:55:45.000Z,2026-08-18 01:55:45,https://queue-times.com/parks/17/queue_times.json
2026-08-23T18:30:24.127Z,2026-08-23 11:30:24,2026-08-23,America/Los_Angeles,dca,Disney California Adventure,Cars Land,315,Mater's Junkyard Jamboree,FALSE,0,2026-08-18T08:55:45.000Z,2026-08-18 01:55:45,https://queue-times.com/parks/17/queue_times.json
2026-08-23T18:30:24.127Z,2026-08-23 11:30:24,2026-08-23,America/Los_Angeles,dca,Disney California Adventure,Cars Land,295,Radiator Springs Racers,TRUE,60,2026-08-23T18:25:37.000Z,2026-08-23 11:25:37,https://queue-times.com/parks/17/queue_times.json
2026-08-23T18:30:24.127Z,2026-08-23 11:30:24,2026-08-23,America/Los_Angeles,dca,Disney California Adventure,Cars Land,10904,Radiator Springs Racers Single Rider,TRUE,0,2026-08-23T18:25:37.000Z,2026-08-23 11:25:37,https://queue-times.com/parks/17/queue_times.json
2026-08-23T18:30:24.127Z,2026-08-23 11:30:24,2026-08-23,America/Los_Angeles,dca,Disney California Adventure,Grizzly Peak,302,Grizzly River Run,TRUE,45,2026-08-23T18:25:37.000Z,2026-08-23 11:25:37,https://queue-times.com/parks/17/queue_times.json
2026-08-23T18:30:24.127Z,2026-08-23 11:30:24,2026-08-23,America/Los_Angeles,dca,Disney California Adventure,Grizzly Peak,293,Redwood Creek Challenge Trail,TRUE,5,2026-08-23T18:25:37.000Z,2026-08-23 11:25:37,https://queue-times.com/parks/17/queue_times.json
2026-08-23T18:30:24.127Z,2026-08-23 11:30:24,2026-08-23,America/Los_Angeles,dca,Disney California Adventure,Grizzly Peak,17129,Soarin’ Across America,TRUE,30,2026-08-23T18:25:37.000Z,2026-08-23 11:25:37,https://queue-times.com/parks/17/queue_times.json
2026-08-23T18:30:24.127Z,2026-08-23 11:30:24,2026-08-23,America/Los_Angeles,dca,Disney California Adventure,Hollywood Land,321,Animation Academy,TRUE,0,2026-08-23T18:25:37.000Z,2026-08-23 11:25:37,https://queue-times.com/parks/17/queue_times.json
2026-08-23T18:30:24.127Z,2026-08-23 11:30:24,2026-08-23,America/Los_Angeles,dca,Disney California Adventure,Hollywood Land,6440,Mickey's PhilharMagic,TRUE,10,2026-08-23T18:25:37.000Z,2026-08-23 11:25:37,https://queue-times.com/parks/17/queue_times.json
2026-08-23T18:30:24.127Z,2026-08-23 11:30:24,2026-08-23,America/Los_Angeles,dca,Disney California Adventure,Hollywood Land,291,"Monsters, Inc. Mike & Sulley to the Rescue!",TRUE,25,2026-08-23T18:25:37.000Z,2026-08-23 11:25:37,https://queue-times.com/parks/17/queue_times.json
2026-08-23T18:30:24.127Z,2026-08-23 11:30:24,2026-08-23,America/Los_Angeles,dca,Disney California Adventure,Hollywood Land,868,Sorcerer's Workshop,TRUE,0,2026-08-23T18:25:37.000Z,2026-08-23 11:25:37,https://queue-times.com/parks/17/queue_times.json
2026-08-23T18:30:24.127Z,2026-08-23 11:30:24,2026-08-23,America/Los_Angeles,dca,Disney California Adventure,Hollywood Land,294,Turtle Talk with Crush,TRUE,0,2026-08-23T18:25:37.000Z,2026-08-23 11:25:37,https://queue-times.com/parks/17/queue_times.json
2026-08-23T18:30:24.127Z,2026-08-23 11:30:24,2026-08-23,America/Los_Angeles,dca,Disney California Adventure,Pacific Wharf,869,The Bakery Tour,TRUE,0,2026-08-23T18:25:37.000Z,2026-08-23 11:25:37,https://queue-times.com/parks/17/queue_times.json
2026-08-23T18:30:24.127Z,2026-08-23 11:30:24,2026-08-23,America/Los_Angeles,dca,Disney California Adventure,Paradise Gardens Park,298,Golden Zephyr,FALSE,0,2026-08-23T18:25:37.000Z,2026-08-23 11:25:37,https://queue-times.com/parks/17/queue_times.json
2026-08-23T18:30:24.127Z,2026-08-23 11:30:24,2026-08-23,America/Los_Angeles,dca,Disney California Adventure,Paradise Gardens Park,319,Goofy's Sky School,TRUE,20,2026-08-23T18:25:37.000Z,2026-08-23 11:25:37,https://queue-times.com/parks/17/queue_times.json
2026-08-23T18:30:24.127Z,2026-08-23 11:30:24,2026-08-23,America/Los_Angeles,dca,Disney California Adventure,Paradise Gardens Park,301,Silly Symphony Swings,FALSE,0,2026-08-23T18:25:37.000Z,2026-08-23 11:25:37,https://queue-times.com/parks/17/queue_times.json
2026-08-23T18:30:24.127Z,2026-08-23 11:30:24,2026-08-23,America/Los_Angeles,dca,Disney California Adventure,Paradise Gardens Park,316,The Little Mermaid - Ariel's Undersea Adventure,TRUE,15,2026-08-23T18:25:37.000Z,2026-08-23 11:25:37,https://queue-times.com/parks/17/queue_times.json
2026-08-23T18:30:24.127Z,2026-08-23 11:30:24,2026-08-23,America/Los_Angeles,dca,Disney California Adventure,Paradise Gardens Park,11528,World of Color – ONE,FALSE,0,2026-08-23T18:25:37.000Z,2026-08-23 11:25:37,https://queue-times.com/parks/17/queue_times.json
2026-08-23T18:30:24.127Z,2026-08-23 11:30:24,2026-08-23,America/Los_Angeles,dca,Disney California Adventure,Pixar Pier,866,Games of Pixar Pier,TRUE,0,2026-08-23T18:25:37.000Z,2026-08-23 11:25:37,https://queue-times.com/parks/17/queue_times.json
2026-08-23T18:30:24.127Z,2026-08-23 11:30:24,2026-08-23,America/Los_Angeles,dca,Disney California Adventure,Pixar Pier,322,Incredicoaster,TRUE,25,2026-08-23T18:25:37.000Z,2026-08-23 11:25:37,https://queue-times.com/parks/17/queue_times.json
2026-08-23T18:30:24.127Z,2026-08-23 11:30:24,2026-08-23,America/Los_Angeles,dca,Disney California Adventure,Pixar Pier,10906,Incredicoaster Single Rider,TRUE,0,2026-08-23T18:25:37.000Z,2026-08-23 11:25:37,https://queue-times.com/parks/17/queue_times.json
2026-08-23T18:30:24.127Z,2026-08-23 11:30:24,2026-08-23,America/Los_Angeles,dca,Disney California Adventure,Pixar Pier,6643,Inside Out Emotional Whirlwind,TRUE,5,2026-08-23T18:25:37.000Z,2026-08-23 11:25:37,https://queue-times.com/parks/17/queue_times.json
2026-08-23T18:30:24.127Z,2026-08-23 11:30:24,2026-08-23,America/Los_Angeles,dca,Disney California Adventure,Pixar Pier,310,Jessie's Critter Carousel,TRUE,5,2026-08-23T18:25:37.000Z,2026-08-23 11:25:37,https://queue-times.com/parks/17/queue_times.json
2026-08-23T18:30:24.127Z,2026-08-23 11:30:24,2026-08-23,America/Los_Angeles,dca,Disney California Adventure,Pixar Pier,300,Jumpin' Jellyfish,TRUE,5,2026-08-23T18:25:37.000Z,2026-08-23 11:25:37,https://queue-times.com/parks/17/queue_times.json
2026-08-23T18:30:24.127Z,2026-08-23 11:30:24,2026-08-23,America/Los_Angeles,dca,Disney California Adventure,Pixar Pier,311,Pixar Pal-A-Round - Swinging,TRUE,10,2026-08-23T18:25:37.000Z,2026-08-23 11:25:37,https://queue-times.com/parks/17/queue_times.json
2026-08-23T18:30:24.127Z,2026-08-23 11:30:24,2026-08-23,America/Los_Angeles,dca,Disney California Adventure,Pixar Pier,5557,Pixar Pal-A-Round – Non-Swinging,TRUE,10,2026-08-23T18:25:37.000Z,2026-08-23 11:25:37,https://queue-times.com/parks/17/queue_times.json
2026-08-23T18:30:24.127Z,2026-08-23 11:30:24,2026-08-23,America/Los_Angeles,dca,Disney California Adventure,Pixar Pier,313,Toy Story Midway Mania!,TRUE,35,2026-08-23T18:25:37.000Z,2026-08-23 11:25:37,https://queue-times.com/parks/17/queue_times.json
2026-08-23T18:30:24.127Z,2026-08-23 11:30:24,2026-08-23,America/Los_Angeles,dca,Disney California Adventure,Halloween,5146,Guardians of the Galaxy - Monsters After Dark,FALSE,0,2026-08-23T18:25:37.000Z,2026-08-23 11:25:37,https://queue-times.com/parks/17/queue_times.json
2026-08-23T18:30:24.127Z,2026-08-23 11:30:24,2026-08-23,America/Los_Angeles,dca,Disney California Adventure,Halloween,4723,Mater's Graveyard JamBOOree,TRUE,5,2026-08-23T18:25:37.000Z,2026-08-23 11:25:37,https://queue-times.com/parks/17/queue_times.json
2026-08-23T18:30:24.127Z,2026-08-23 11:30:24,2026-08-23,America/Los_Angeles,dca,Disney California Adventure,Halloween,7292,Villains Grove at Oogie Boogie Bash,FALSE,0,2026-08-23T18:25:37.000Z,2026-08-23 11:25:37,https://queue-times.com/parks/17/queue_times.json
2026-08-23T18:44:41.521Z,2026-08-23 11:44:41,2026-08-23,America/Los_Angeles,disneyland,Disneyland,Adventureland,12428,Adventureland Treehouse inspired by Walt Disney’s Swiss Family Robinson,TRUE,0,2026-08-23T18:40:41.000Z,2026-08-23 11:40:41,https://queue-times.com/parks/16/queue_times.json
2026-08-23T18:44:41.521Z,2026-08-23 11:44:41,2026-08-23,America/Los_Angeles,disneyland,Disneyland,Adventureland,326,Indiana Jones™ Adventure,FALSE,0,2026-08-23T18:40:41.000Z,2026-08-23 11:40:41,https://queue-times.com/parks/16/queue_times.json
2026-08-23T18:44:41.521Z,2026-08-23 11:44:41,2026-08-23,America/Los_Angeles,disneyland,Disneyland,Adventureland,296,Jungle Cruise,TRUE,5,2026-08-23T18:40:41.000Z,2026-08-23 11:40:41,https://queue-times.com/parks/16/queue_times.json
2026-08-23T18:44:41.521Z,2026-08-23 11:44:41,2026-08-23,America/Los_Angeles,disneyland,Disneyland,Adventureland,288,Walt Disney's Enchanted Tiki Room,TRUE,0,2026-08-23T18:40:41.000Z,2026-08-23 11:40:41,https://queue-times.com/parks/16/queue_times.json
2026-08-23T18:44:41.521Z,2026-08-23 11:44:41,2026-08-23,America/Los_Angeles,disneyland,Disneyland,Bayou Country,304,Davy Crockett's Explorer Canoes,FALSE,0,2026-08-23T18:40:41.000Z,2026-08-23 11:40:41,https://queue-times.com/parks/16/queue_times.json
2026-08-23T18:44:41.521Z,2026-08-23 11:44:41,2026-08-23,America/Los_Angeles,disneyland,Disneyland,Bayou Country,306,The Many Adventures of Winnie the Pooh,TRUE,10,2026-08-23T18:40:41.000Z,2026-08-23 11:40:41,https://queue-times.com/parks/16/queue_times.json
2026-08-23T18:44:41.521Z,2026-08-23 11:44:41,2026-08-23,America/Los_Angeles,disneyland,Disneyland,Bayou Country,14168,Tiana's Bayou Adventure,TRUE,30,2026-08-23T18:40:41.000Z,2026-08-23 11:40:41,https://queue-times.com/parks/16/queue_times.json
2026-08-23T18:44:41.521Z,2026-08-23 11:44:41,2026-08-23,America/Los_Angeles,disneyland,Disneyland,Bayou Country,14326,Tiana's Bayou Adventure Single Rider,TRUE,0,2026-08-23T18:40:41.000Z,2026-08-23 11:40:41,https://queue-times.com/parks/16/queue_times.json
2026-08-23T18:44:41.521Z,2026-08-23 11:44:41,2026-08-23,America/Los_Angeles,disneyland,Disneyland,Fantasyland,307,"""it's a small world""",TRUE,5,2026-08-23T18:40:41.000Z,2026-08-23 11:40:41,https://queue-times.com/parks/16/queue_times.json
2026-08-23T18:44:41.521Z,2026-08-23 11:44:41,2026-08-23,America/Los_Angeles,disneyland,Disneyland,Fantasyland,285,Alice in Wonderland,FALSE,0,2026-08-23T18:40:41.000Z,2026-08-23 11:40:41,https://queue-times.com/parks/16/queue_times.json
2026-08-23T18:44:41.521Z,2026-08-23 11:44:41,2026-08-23,America/Los_Angeles,disneyland,Disneyland,Fantasyland,16254,Bluey’s Best Day Ever! at Fantasyland Theatre,TRUE,0,2026-08-23T18:40:41.000Z,2026-08-23 11:40:41,https://queue-times.com/parks/16/queue_times.json
2026-08-23T18:44:41.521Z,2026-08-23 11:44:41,2026-08-23,America/Los_Angeles,disneyland,Disneyland,Fantasyland,303,Casey Jr. Circus Train,TRUE,5,2026-08-23T18:40:41.000Z,2026-08-23 11:40:41,https://queue-times.com/parks/16/queue_times.json
2026-08-23T18:44:41.521Z,2026-08-23 11:44:41,2026-08-23,America/Los_Angeles,disneyland,Disneyland,Fantasyland,275,Dumbo the Flying Elephant,TRUE,10,2026-08-23T18:40:41.000Z,2026-08-23 11:40:41,https://queue-times.com/parks/16/queue_times.json
2026-08-23T18:44:41.521Z,2026-08-23 11:44:41,2026-08-23,America/Los_Angeles,disneyland,Disneyland,Fantasyland,277,King Arthur Carrousel,TRUE,5,2026-08-23T18:40:41.000Z,2026-08-23 11:40:41,https://queue-times.com/parks/16/queue_times.json
2026-08-23T18:44:41.521Z,2026-08-23 11:44:41,2026-08-23,America/Los_Angeles,disneyland,Disneyland,Fantasyland,278,Mad Tea Party,TRUE,5,2026-08-23T18:40:41.000Z,2026-08-23 11:40:41,https://queue-times.com/parks/16/queue_times.json
2026-08-23T18:44:41.521Z,2026-08-23 11:44:41,2026-08-23,America/Los_Angeles,disneyland,Disneyland,Fantasyland,279,Matterhorn Bobsleds,TRUE,20,2026-08-23T18:40:41.000Z,2026-08-23 11:40:41,https://queue-times.com/parks/16/queue_times.json
2026-08-23T18:44:41.521Z,2026-08-23 11:44:41,2026-08-23,America/Los_Angeles,disneyland,Disneyland,Fantasyland,6711,Meet Disney Princesses at Royal Hall,TRUE,15,2026-08-23T18:40:41.000Z,2026-08-23 11:40:41,https://queue-times.com/parks/16/queue_times.json
2026-08-23T18:44:41.521Z,2026-08-23 11:44:41,2026-08-23,America/Los_Angeles,disneyland,Disneyland,Fantasyland,280,Mr. Toad's Wild Ride,TRUE,5,2026-08-23T18:40:41.000Z,2026-08-23 11:40:41,https://queue-times.com/parks/16/queue_times.json
2026-08-23T18:44:41.521Z,2026-08-23 11:44:41,2026-08-23,America/Los_Angeles,disneyland,Disneyland,Fantasyland,281,Peter Pan's Flight,TRUE,15,2026-08-23T18:40:41.000Z,2026-08-23 11:40:41,https://queue-times.com/parks/16/queue_times.json
2026-08-23T18:44:41.521Z,2026-08-23 11:44:41,2026-08-23,America/Los_Angeles,disneyland,Disneyland,Fantasyland,282,Pinocchio's Daring Journey,TRUE,5,2026-08-23T18:40:41.000Z,2026-08-23 11:40:41,https://queue-times.com/parks/16/queue_times.json
2026-08-23T18:44:41.521Z,2026-08-23 11:44:41,2026-08-23,America/Los_Angeles,disneyland,Disneyland,Fantasyland,687,Sleeping Beauty Castle Walkthrough,FALSE,0,2026-08-23T18:40:41.000Z,2026-08-23 11:40:41,https://queue-times.com/parks/16/queue_times.json
2026-08-23T18:44:41.521Z,2026-08-23 11:44:41,2026-08-23,America/Los_Angeles,disneyland,Disneyland,Fantasyland,283,Snow White's Enchanted Wish,TRUE,10,2026-08-23T18:40:41.000Z,2026-08-23 11:40:41,https://queue-times.com/parks/16/queue_times.json
2026-08-23T18:44:41.521Z,2026-08-23 11:44:41,2026-08-23,America/Los_Angeles,disneyland,Disneyland,Fantasyland,305,Storybook Land Canal Boats,TRUE,5,2026-08-23T18:40:41.000Z,2026-08-23 11:40:41,https://queue-times.com/parks/16/queue_times.json
2026-08-23T18:44:41.521Z,2026-08-23 11:44:41,2026-08-23,America/Los_Angeles,disneyland,Disneyland,Frontierland,323,Big Thunder Mountain Railroad,TRUE,20,2026-08-23T18:40:41.000Z,2026-08-23 11:40:41,https://queue-times.com/parks/16/queue_times.json
2026-08-23T18:44:41.521Z,2026-08-23 11:44:41,2026-08-23,America/Los_Angeles,disneyland,Disneyland,Frontierland,679,Frontierland Shootin' Exposition,FALSE,0,2026-08-23T18:40:41.000Z,2026-08-23 11:40:41,https://queue-times.com/parks/16/queue_times.json
2026-08-23T18:44:41.521Z,2026-08-23 11:44:41,2026-08-23,America/Los_Angeles,disneyland,Disneyland,Frontierland,456,Mark Twain Riverboat,TRUE,10,2026-08-23T18:40:41.000Z,2026-08-23 11:40:41,https://queue-times.com/parks/16/queue_times.json
2026-08-23T18:44:41.521Z,2026-08-23 11:44:41,2026-08-23,America/Los_Angeles,disneyland,Disneyland,Frontierland,331,Pirate's Lair on Tom Sawyer Island,TRUE,5,2026-08-23T18:40:41.000Z,2026-08-23 11:40:41,https://queue-times.com/parks/16/queue_times.json
2026-08-23T18:44:41.521Z,2026-08-23 11:44:41,2026-08-23,America/Los_Angeles,disneyland,Disneyland,Frontierland,328,Sailing Ship Columbia,FALSE,0,2026-08-23T18:40:41.000Z,2026-08-23 11:40:41,https://queue-times.com/parks/16/queue_times.json
2026-08-23T18:44:41.521Z,2026-08-23 11:44:41,2026-08-23,America/Los_Angeles,disneyland,Disneyland,Main Street U.S.A,674,Disneyland Railroad,TRUE,5,2026-08-23T18:40:41.000Z,2026-08-23 11:40:41,https://queue-times.com/parks/16/queue_times.json
2026-08-23T18:44:41.521Z,2026-08-23 11:44:41,2026-08-23,America/Los_Angeles,disneyland,Disneyland,Main Street U.S.A,690,Great Moments with Mr. Lincoln,TRUE,0,2026-08-23T18:40:41.000Z,2026-08-23 11:40:41,https://queue-times.com/parks/16/queue_times.json
2026-08-23T18:44:41.521Z,2026-08-23 11:44:41,2026-08-23,America/Los_Angeles,disneyland,Disneyland,Main Street U.S.A,686,Main Street Cinema,FALSE,0,2026-08-23T18:40:41.000Z,2026-08-23 11:40:41,https://queue-times.com/parks/16/queue_times.json
2026-08-23T18:44:41.521Z,2026-08-23 11:44:41,2026-08-23,America/Los_Angeles,disneyland,Disneyland,Main Street U.S.A,691,Main Street Vehicles,TRUE,0,2026-08-23T18:40:41.000Z,2026-08-23 11:40:41,https://queue-times.com/parks/16/queue_times.json
2026-08-23T18:44:41.521Z,2026-08-23 11:44:41,2026-08-23,America/Los_Angeles,disneyland,Disneyland,Main Street U.S.A,14915,Opera House - Walt Disney - A Magical Life,TRUE,0,2026-08-23T18:40:41.000Z,2026-08-23 11:40:41,https://queue-times.com/parks/16/queue_times.json
2026-08-23T18:44:41.521Z,2026-08-23 11:44:41,2026-08-23,America/Los_Angeles,disneyland,Disneyland,Main Street U.S.A,695,The Disney Gallery,TRUE,0,2026-08-23T18:40:41.000Z,2026-08-23 11:40:41,https://queue-times.com/parks/16/queue_times.json
2026-08-23T18:44:41.521Z,2026-08-23 11:44:41,2026-08-23,America/Los_Angeles,disneyland,Disneyland,Main Street U.S.A,14923,Walt Disney - A Magical Life,FALSE,0,2026-08-23T18:40:41.000Z,2026-08-23 11:40:41,https://queue-times.com/parks/16/queue_times.json
2026-08-23T18:44:41.521Z,2026-08-23 11:44:41,2026-08-23,America/Los_Angeles,disneyland,Disneyland,Mickey's Toontown,324,Chip 'n' Dale's GADGETcoaster,TRUE,20,2026-08-23T18:40:41.000Z,2026-08-23 11:40:41,https://queue-times.com/parks/16/queue_times.json
2026-08-23T18:44:41.521Z,2026-08-23 11:44:41,2026-08-23,America/Los_Angeles,disneyland,Disneyland,Mickey's Toontown,13814,Donald's Duck Pond,TRUE,0,2026-08-23T18:40:41.000Z,2026-08-23 11:40:41,https://queue-times.com/parks/16/queue_times.json
2026-08-23T18:44:41.521Z,2026-08-23 11:44:41,2026-08-23,America/Los_Angeles,disneyland,Disneyland,Mickey's Toontown,11980,Goofy's How-to-Play Yard,TRUE,0,2026-08-23T18:40:41.000Z,2026-08-23 11:40:41,https://queue-times.com/parks/16/queue_times.json
2026-08-23T18:44:41.521Z,2026-08-23 11:44:41,2026-08-23,America/Los_Angeles,disneyland,Disneyland,Mickey's Toontown,11526,Mickey & Minnie's Runaway Railway,TRUE,35,2026-08-23T18:40:41.000Z,2026-08-23 11:40:41,https://queue-times.com/parks/16/queue_times.json
2026-08-23T18:44:41.521Z,2026-08-23 11:44:41,2026-08-23,America/Los_Angeles,disneyland,Disneyland,Mickey's Toontown,709,Mickey's House and Meet Mickey Mouse,TRUE,15,2026-08-23T18:40:41.000Z,2026-08-23 11:40:41,https://queue-times.com/parks/16/queue_times.json
2026-08-23T18:44:41.521Z,2026-08-23 11:44:41,2026-08-23,America/Los_Angeles,disneyland,Disneyland,Mickey's Toontown,327,Mickey's House and Meet Mickey Mouse,FALSE,0,2026-08-23T18:40:41.000Z,2026-08-23 11:40:41,https://queue-times.com/parks/16/queue_times.json
2026-08-23T18:44:41.521Z,2026-08-23 11:44:41,2026-08-23,America/Los_Angeles,disneyland,Disneyland,Mickey's Toontown,684,Minnie's House,TRUE,0,2026-08-23T18:40:41.000Z,2026-08-23 11:40:41,https://queue-times.com/parks/16/queue_times.json
2026-08-23T18:44:41.521Z,2026-08-23 11:44:41,2026-08-23,America/Los_Angeles,disneyland,Disneyland,Mickey's Toontown,332,Roger Rabbit's Car Toon Spin,TRUE,20,2026-08-23T18:40:41.000Z,2026-08-23 11:40:41,https://queue-times.com/parks/16/queue_times.json
2026-08-23T18:44:41.521Z,2026-08-23 11:44:41,2026-08-23,America/Los_Angeles,disneyland,Disneyland,New Orleans Square,13958,Haunted Mansion,FALSE,0,2026-08-21T05:25:59.000Z,2026-08-20 22:25:59,https://queue-times.com/parks/16/queue_times.json
2026-08-23T18:44:41.521Z,2026-08-23 11:44:41,2026-08-23,America/Los_Angeles,disneyland,Disneyland,New Orleans Square,325,Haunted Mansion Holiday,TRUE,30,2026-08-23T18:40:41.000Z,2026-08-23 11:40:41,https://queue-times.com/parks/16/queue_times.json
2026-08-23T18:44:41.521Z,2026-08-23 11:44:41,2026-08-23,America/Los_Angeles,disneyland,Disneyland,New Orleans Square,289,Pirates of the Caribbean,TRUE,15,2026-08-23T18:40:41.000Z,2026-08-23 11:40:41,https://queue-times.com/parks/16/queue_times.json
2026-08-23T18:44:41.521Z,2026-08-23 11:44:41,2026-08-23,America/Los_Angeles,disneyland,Disneyland,Star Wars: Galaxy's Edge,6339,Millennium Falcon: Smugglers Run,TRUE,5,2026-08-23T18:40:41.000Z,2026-08-23 11:40:41,https://queue-times.com/parks/16/queue_times.json
2026-08-23T18:44:41.521Z,2026-08-23 11:44:41,2026-08-23,America/Los_Angeles,disneyland,Disneyland,Star Wars: Galaxy's Edge,10903,Millennium Falcon: Smugglers Run Single Rider,TRUE,0,2026-08-23T18:40:41.000Z,2026-08-23 11:40:41,https://queue-times.com/parks/16/queue_times.json
2026-08-23T18:44:41.521Z,2026-08-23 11:44:41,2026-08-23,America/Los_Angeles,disneyland,Disneyland,Star Wars: Galaxy's Edge,6340,Star Wars: Rise of the Resistance,TRUE,35,2026-08-23T18:40:41.000Z,2026-08-23 11:40:41,https://queue-times.com/parks/16/queue_times.json
2026-08-23T18:44:41.521Z,2026-08-23 11:44:41,2026-08-23,America/Los_Angeles,disneyland,Disneyland,Tomorrowland,287,Astro Orbitor,TRUE,15,2026-08-23T18:40:41.000Z,2026-08-23 11:40:41,https://queue-times.com/parks/16/queue_times.json
2026-08-23T18:44:41.521Z,2026-08-23 11:44:41,2026-08-23,America/Los_Angeles,disneyland,Disneyland,Tomorrowland,317,Autopia,TRUE,5,2026-08-23T18:40:41.000Z,2026-08-23 11:40:41,https://queue-times.com/parks/16/queue_times.json
2026-08-23T18:44:41.521Z,2026-08-23 11:44:41,2026-08-23,America/Los_Angeles,disneyland,Disneyland,Tomorrowland,273,Buzz Lightyear Astro Blasters,TRUE,10,2026-08-23T18:40:41.000Z,2026-08-23 11:40:41,https://queue-times.com/parks/16/queue_times.json
2026-08-23T18:44:41.521Z,2026-08-23 11:44:41,2026-08-23,America/Los_Angeles,disneyland,Disneyland,Tomorrowland,274,Disneyland Monorail,FALSE,0,2026-08-23T18:40:41.000Z,2026-08-23 11:40:41,https://queue-times.com/parks/16/queue_times.json
2026-08-23T18:44:41.521Z,2026-08-23 11:44:41,2026-08-23,America/Los_Angeles,disneyland,Disneyland,Tomorrowland,276,Finding Nemo Submarine Voyage,TRUE,10,2026-08-23T18:40:41.000Z,2026-08-23 11:40:41,https://queue-times.com/parks/16/queue_times.json
2026-08-23T18:44:41.521Z,2026-08-23 11:44:41,2026-08-23,America/Los_Angeles,disneyland,Disneyland,Tomorrowland,16627,Pixar Short Film Spotlight,FALSE,0,2026-08-23T18:40:41.000Z,2026-08-23 11:40:41,https://queue-times.com/parks/16/queue_times.json
2026-08-23T18:44:41.521Z,2026-08-23 11:44:41,2026-08-23,America/Los_Angeles,disneyland,Disneyland,Tomorrowland,284,Space Mountain,TRUE,25,2026-08-23T18:40:41.000Z,2026-08-23 11:40:41,https://queue-times.com/parks/16/queue_times.json
2026-08-23T18:44:41.521Z,2026-08-23 11:44:41,2026-08-23,America/Los_Angeles,disneyland,Disneyland,Tomorrowland,286,Star Tours - The Adventures Continue,TRUE,10,2026-08-23T18:40:41.000Z,2026-08-23 11:40:41,https://queue-times.com/parks/16/queue_times.json
2026-08-23T18:44:41.521Z,2026-08-23 11:44:41,2026-08-23,America/Los_Angeles,dca,Disney California Adventure,Avengers Campus,329,Guardians of the Galaxy - Mission: BREAKOUT!,TRUE,50,2026-08-23T18:40:41.000Z,2026-08-23 11:40:41,https://queue-times.com/parks/17/queue_times.json
2026-08-23T18:44:41.521Z,2026-08-23 11:44:41,2026-08-23,America/Los_Angeles,dca,Disney California Adventure,Avengers Campus,8843,WEB SLINGERS: A Spider-Man Adventure,TRUE,50,2026-08-23T18:40:41.000Z,2026-08-23 11:40:41,https://queue-times.com/parks/17/queue_times.json
2026-08-23T18:44:41.521Z,2026-08-23 11:44:41,2026-08-23,America/Los_Angeles,dca,Disney California Adventure,Avengers Campus,10907,WEB SLINGERS: A Spider-Man Adventure Single Rider,TRUE,0,2026-08-23T18:40:41.000Z,2026-08-23 11:40:41,https://queue-times.com/parks/17/queue_times.json
2026-08-23T18:44:41.521Z,2026-08-23 11:44:41,2026-08-23,America/Los_Angeles,dca,Disney California Adventure,Cars Land,2608,Luigi's Honkin' Haul-O-Ween,TRUE,10,2026-08-23T18:40:41.000Z,2026-08-23 11:40:41,https://queue-times.com/parks/17/queue_times.json
2026-08-23T18:44:41.521Z,2026-08-23 11:44:41,2026-08-23,America/Los_Angeles,dca,Disney California Adventure,Cars Land,13961,Luigi's Rollickin' Roadsters,FALSE,0,2026-08-18T08:55:45.000Z,2026-08-18 01:55:45,https://queue-times.com/parks/17/queue_times.json
2026-08-23T18:44:41.521Z,2026-08-23 11:44:41,2026-08-23,America/Los_Angeles,dca,Disney California Adventure,Cars Land,315,Mater's Junkyard Jamboree,FALSE,0,2026-08-18T08:55:45.000Z,2026-08-18 01:55:45,https://queue-times.com/parks/17/queue_times.json
2026-08-23T18:44:41.521Z,2026-08-23 11:44:41,2026-08-23,America/Los_Angeles,dca,Disney California Adventure,Cars Land,295,Radiator Springs Racers,FALSE,0,2026-08-23T18:40:41.000Z,2026-08-23 11:40:41,https://queue-times.com/parks/17/queue_times.json
2026-08-23T18:44:41.521Z,2026-08-23 11:44:41,2026-08-23,America/Los_Angeles,dca,Disney California Adventure,Cars Land,10904,Radiator Springs Racers Single Rider,FALSE,0,2026-08-23T18:40:41.000Z,2026-08-23 11:40:41,https://queue-times.com/parks/17/queue_times.json
2026-08-23T18:44:41.521Z,2026-08-23 11:44:41,2026-08-23,America/Los_Angeles,dca,Disney California Adventure,Grizzly Peak,302,Grizzly River Run,TRUE,25,2026-08-23T18:40:41.000Z,2026-08-23 11:40:41,https://queue-times.com/parks/17/queue_times.json
2026-08-23T18:44:41.521Z,2026-08-23 11:44:41,2026-08-23,America/Los_Angeles,dca,Disney California Adventure,Grizzly Peak,293,Redwood Creek Challenge Trail,TRUE,5,2026-08-23T18:40:41.000Z,2026-08-23 11:40:41,https://queue-times.com/parks/17/queue_times.json
2026-08-23T18:44:41.521Z,2026-08-23 11:44:41,2026-08-23,America/Los_Angeles,dca,Disney California Adventure,Grizzly Peak,17129,Soarin’ Across America,TRUE,35,2026-08-23T18:40:41.000Z,2026-08-23 11:40:41,https://queue-times.com/parks/17/queue_times.json
2026-08-23T18:44:41.521Z,2026-08-23 11:44:41,2026-08-23,America/Los_Angeles,dca,Disney California Adventure,Hollywood Land,321,Animation Academy,TRUE,0,2026-08-23T18:40:41.000Z,2026-08-23 11:40:41,https://queue-times.com/parks/17/queue_times.json
2026-08-23T18:44:41.521Z,2026-08-23 11:44:41,2026-08-23,America/Los_Angeles,dca,Disney California Adventure,Hollywood Land,6440,Mickey's PhilharMagic,TRUE,10,2026-08-23T18:40:41.000Z,2026-08-23 11:40:41,https://queue-times.com/parks/17/queue_times.json
2026-08-23T18:44:41.521Z,2026-08-23 11:44:41,2026-08-23,America/Los_Angeles,dca,Disney California Adventure,Hollywood Land,291,"Monsters, Inc. Mike & Sulley to the Rescue!",TRUE,25,2026-08-23T18:40:41.000Z,2026-08-23 11:40:41,https://queue-times.com/parks/17/queue_times.json
2026-08-23T18:44:41.521Z,2026-08-23 11:44:41,2026-08-23,America/Los_Angeles,dca,Disney California Adventure,Hollywood Land,868,Sorcerer's Workshop,TRUE,0,2026-08-23T18:40:41.000Z,2026-08-23 11:40:41,https://queue-times.com/parks/17/queue_times.json
2026-08-23T18:44:41.521Z,2026-08-23 11:44:41,2026-08-23,America/Los_Angeles,dca,Disney California Adventure,Hollywood Land,294,Turtle Talk with Crush,TRUE,0,2026-08-23T18:40:41.000Z,2026-08-23 11:40:41,https://queue-times.com/parks/17/queue_times.json
2026-08-23T18:44:41.521Z,2026-08-23 11:44:41,2026-08-23,America/Los_Angeles,dca,Disney California Adventure,Pacific Wharf,869,The Bakery Tour,TRUE,0,2026-08-23T18:40:41.000Z,2026-08-23 11:40:41,https://queue-times.com/parks/17/queue_times.json
2026-08-23T18:44:41.521Z,2026-08-23 11:44:41,2026-08-23,America/Los_Angeles,dca,Disney California Adventure,Paradise Gardens Park,298,Golden Zephyr,FALSE,0,2026-08-23T18:40:41.000Z,2026-08-23 11:40:41,https://queue-times.com/parks/17/queue_times.json
2026-08-23T18:44:41.521Z,2026-08-23 11:44:41,2026-08-23,America/Los_Angeles,dca,Disney California Adventure,Paradise Gardens Park,319,Goofy's Sky School,TRUE,30,2026-08-23T18:40:41.000Z,2026-08-23 11:40:41,https://queue-times.com/parks/17/queue_times.json
2026-08-23T18:44:41.521Z,2026-08-23 11:44:41,2026-08-23,America/Los_Angeles,dca,Disney California Adventure,Paradise Gardens Park,301,Silly Symphony Swings,FALSE,0,2026-08-23T18:40:41.000Z,2026-08-23 11:40:41,https://queue-times.com/parks/17/queue_times.json
2026-08-23T18:44:41.521Z,2026-08-23 11:44:41,2026-08-23,America/Los_Angeles,dca,Disney California Adventure,Paradise Gardens Park,316,The Little Mermaid - Ariel's Undersea Adventure,TRUE,15,2026-08-23T18:40:41.000Z,2026-08-23 11:40:41,https://queue-times.com/parks/17/queue_times.json
2026-08-23T18:44:41.521Z,2026-08-23 11:44:41,2026-08-23,America/Los_Angeles,dca,Disney California Adventure,Paradise Gardens Park,11528,World of Color – ONE,FALSE,0,2026-08-23T18:40:41.000Z,2026-08-23 11:40:41,https://queue-times.com/parks/17/queue_times.json
2026-08-23T18:44:41.521Z,2026-08-23 11:44:41,2026-08-23,America/Los_Angeles,dca,Disney California Adventure,Pixar Pier,866,Games of Pixar Pier,TRUE,0,2026-08-23T18:40:41.000Z,2026-08-23 11:40:41,https://queue-times.com/parks/17/queue_times.json
2026-08-23T18:44:41.521Z,2026-08-23 11:44:41,2026-08-23,America/Los_Angeles,dca,Disney California Adventure,Pixar Pier,322,Incredicoaster,TRUE,10,2026-08-23T18:40:41.000Z,2026-08-23 11:40:41,https://queue-times.com/parks/17/queue_times.json
2026-08-23T18:44:41.521Z,2026-08-23 11:44:41,2026-08-23,America/Los_Angeles,dca,Disney California Adventure,Pixar Pier,10906,Incredicoaster Single Rider,TRUE,0,2026-08-23T18:40:41.000Z,2026-08-23 11:40:41,https://queue-times.com/parks/17/queue_times.json
2026-08-23T18:44:41.521Z,2026-08-23 11:44:41,2026-08-23,America/Los_Angeles,dca,Disney California Adventure,Pixar Pier,6643,Inside Out Emotional Whirlwind,TRUE,5,2026-08-23T18:40:41.000Z,2026-08-23 11:40:41,https://queue-times.com/parks/17/queue_times.json
2026-08-23T18:44:41.521Z,2026-08-23 11:44:41,2026-08-23,America/Los_Angeles,dca,Disney California Adventure,Pixar Pier,310,Jessie's Critter Carousel,TRUE,5,2026-08-23T18:40:41.000Z,2026-08-23 11:40:41,https://queue-times.com/parks/17/queue_times.json
2026-08-23T18:44:41.521Z,2026-08-23 11:44:41,2026-08-23,America/Los_Angeles,dca,Disney California Adventure,Pixar Pier,300,Jumpin' Jellyfish,TRUE,5,2026-08-23T18:40:41.000Z,2026-08-23 11:40:41,https://queue-times.com/parks/17/queue_times.json
2026-08-23T18:44:41.521Z,2026-08-23 11:44:41,2026-08-23,America/Los_Angeles,dca,Disney California Adventure,Pixar Pier,311,Pixar Pal-A-Round - Swinging,TRUE,10,2026-08-23T18:40:41.000Z,2026-08-23 11:40:41,https://queue-times.com/parks/17/queue_times.json
2026-08-23T18:44:41.521Z,2026-08-23 11:44:41,2026-08-23,America/Los_Angeles,dca,Disney California Adventure,Pixar Pier,5557,Pixar Pal-A-Round – Non-Swinging,TRUE,10,2026-08-23T18:40:41.000Z,2026-08-23 11:40:41,https://queue-times.com/parks/17/queue_times.json
2026-08-23T18:44:41.521Z,2026-08-23 11:44:41,2026-08-23,America/Los_Angeles,dca,Disney California Adventure,Pixar Pier,313,Toy Story Midway Mania!,TRUE,35,2026-08-23T18:40:41.000Z,2026-08-23 11:40:41,https://queue-times.com/parks/17/queue_times.json
2026-08-23T18:44:41.521Z,2026-08-23 11:44:41,2026-08-23,America/Los_Angeles,dca,Disney California Adventure,Halloween,5146,Guardians of the Galaxy - Monsters After Dark,FALSE,0,2026-08-23T18:40:41.000Z,2026-08-23 11:40:41,https://queue-times.com/parks/17/queue_times.json
2026-08-23T18:44:41.521Z,2026-08-23 11:44:41,2026-08-23,America/Los_Angeles,dca,Disney California Adventure,Halloween,4723,Mater's Graveyard JamBOOree,TRUE,5,2026-08-23T18:40:41.000Z,2026-08-23 11:40:41,https://queue-times.com/parks/17/queue_times.json
2026-08-23T18:44:41.521Z,2026-08-23 11:44:41,2026-08-23,America/Los_Angeles,dca,Disney California Adventure,Halloween,7292,Villains Grove at Oogie Boogie Bash,FALSE,0,2026-08-23T18:40:41.000Z,2026-08-23 11:40:41,https://queue-times.com/parks/17/queue_times.json
2026-08-23T19:00:25.295Z,2026-08-23 12:00:25,2026-08-23,America/Los_Angeles,disneyland,Disneyland,Adventureland,12428,Adventureland Treehouse inspired by Walt Disney’s Swiss Family Robinson,TRUE,0,2026-08-23T18:55:32.000Z,2026-08-23 11:55:32,https://queue-times.com/parks/16/queue_times.json
2026-08-23T19:00:25.295Z,2026-08-23 12:00:25,2026-08-23,America/Los_Angeles,disneyland,Disneyland,Adventureland,326,Indiana Jones™ Adventure,FALSE,0,2026-08-23T18:55:32.000Z,2026-08-23 11:55:32,https://queue-times.com/parks/16/queue_times.json
2026-08-23T19:00:25.295Z,2026-08-23 12:00:25,2026-08-23,America/Los_Angeles,disneyland,Disneyland,Adventureland,296,Jungle Cruise,TRUE,5,2026-08-23T18:55:32.000Z,2026-08-23 11:55:32,https://queue-times.com/parks/16/queue_times.json
2026-08-23T19:00:25.295Z,2026-08-23 12:00:25,2026-08-23,America/Los_Angeles,disneyland,Disneyland,Adventureland,288,Walt Disney's Enchanted Tiki Room,TRUE,0,2026-08-23T18:55:32.000Z,2026-08-23 11:55:32,https://queue-times.com/parks/16/queue_times.json
2026-08-23T19:00:25.295Z,2026-08-23 12:00:25,2026-08-23,America/Los_Angeles,disneyland,Disneyland,Bayou Country,304,Davy Crockett's Explorer Canoes,FALSE,0,2026-08-23T18:55:32.000Z,2026-08-23 11:55:32,https://queue-times.com/parks/16/queue_times.json
2026-08-23T19:00:25.295Z,2026-08-23 12:00:25,2026-08-23,America/Los_Angeles,disneyland,Disneyland,Bayou Country,306,The Many Adventures of Winnie the Pooh,TRUE,10,2026-08-23T18:55:32.000Z,2026-08-23 11:55:32,https://queue-times.com/parks/16/queue_times.json
2026-08-23T19:00:25.295Z,2026-08-23 12:00:25,2026-08-23,America/Los_Angeles,disneyland,Disneyland,Bayou Country,14168,Tiana's Bayou Adventure,TRUE,45,2026-08-23T18:55:32.000Z,2026-08-23 11:55:32,https://queue-times.com/parks/16/queue_times.json
2026-08-23T19:00:25.295Z,2026-08-23 12:00:25,2026-08-23,America/Los_Angeles,disneyland,Disneyland,Bayou Country,14326,Tiana's Bayou Adventure Single Rider,TRUE,0,2026-08-23T18:55:32.000Z,2026-08-23 11:55:32,https://queue-times.com/parks/16/queue_times.json
2026-08-23T19:00:25.295Z,2026-08-23 12:00:25,2026-08-23,America/Los_Angeles,disneyland,Disneyland,Fantasyland,307,"""it's a small world""",TRUE,5,2026-08-23T18:55:32.000Z,2026-08-23 11:55:32,https://queue-times.com/parks/16/queue_times.json
2026-08-23T19:00:25.295Z,2026-08-23 12:00:25,2026-08-23,America/Los_Angeles,disneyland,Disneyland,Fantasyland,285,Alice in Wonderland,FALSE,0,2026-08-23T18:55:32.000Z,2026-08-23 11:55:32,https://queue-times.com/parks/16/queue_times.json
2026-08-23T19:00:25.295Z,2026-08-23 12:00:25,2026-08-23,America/Los_Angeles,disneyland,Disneyland,Fantasyland,16254,Bluey’s Best Day Ever! at Fantasyland Theatre,TRUE,0,2026-08-23T18:55:32.000Z,2026-08-23 11:55:32,https://queue-times.com/parks/16/queue_times.json
2026-08-23T19:00:25.295Z,2026-08-23 12:00:25,2026-08-23,America/Los_Angeles,disneyland,Disneyland,Fantasyland,303,Casey Jr. Circus Train,TRUE,5,2026-08-23T18:55:32.000Z,2026-08-23 11:55:32,https://queue-times.com/parks/16/queue_times.json
2026-08-23T19:00:25.295Z,2026-08-23 12:00:25,2026-08-23,America/Los_Angeles,disneyland,Disneyland,Fantasyland,275,Dumbo the Flying Elephant,TRUE,10,2026-08-23T18:55:32.000Z,2026-08-23 11:55:32,https://queue-times.com/parks/16/queue_times.json
2026-08-23T19:00:25.295Z,2026-08-23 12:00:25,2026-08-23,America/Los_Angeles,disneyland,Disneyland,Fantasyland,277,King Arthur Carrousel,TRUE,5,2026-08-23T18:55:32.000Z,2026-08-23 11:55:32,https://queue-times.com/parks/16/queue_times.json
2026-08-23T19:00:25.295Z,2026-08-23 12:00:25,2026-08-23,America/Los_Angeles,disneyland,Disneyland,Fantasyland,278,Mad Tea Party,TRUE,5,2026-08-23T18:55:32.000Z,2026-08-23 11:55:32,https://queue-times.com/parks/16/queue_times.json
2026-08-23T19:00:25.295Z,2026-08-23 12:00:25,2026-08-23,America/Los_Angeles,disneyland,Disneyland,Fantasyland,279,Matterhorn Bobsleds,TRUE,20,2026-08-23T18:55:32.000Z,2026-08-23 11:55:32,https://queue-times.com/parks/16/queue_times.json
2026-08-23T19:00:25.295Z,2026-08-23 12:00:25,2026-08-23,America/Los_Angeles,disneyland,Disneyland,Fantasyland,6711,Meet Disney Princesses at Royal Hall,TRUE,15,2026-08-23T18:55:32.000Z,2026-08-23 11:55:32,https://queue-times.com/parks/16/queue_times.json
2026-08-23T19:00:25.295Z,2026-08-23 12:00:25,2026-08-23,America/Los_Angeles,disneyland,Disneyland,Fantasyland,280,Mr. Toad's Wild Ride,TRUE,5,2026-08-23T18:55:32.000Z,2026-08-23 11:55:32,https://queue-times.com/parks/16/queue_times.json
2026-08-23T19:00:25.295Z,2026-08-23 12:00:25,2026-08-23,America/Los_Angeles,disneyland,Disneyland,Fantasyland,281,Peter Pan's Flight,TRUE,15,2026-08-23T18:55:32.000Z,2026-08-23 11:55:32,https://queue-times.com/parks/16/queue_times.json
2026-08-23T19:00:25.295Z,2026-08-23 12:00:25,2026-08-23,America/Los_Angeles,disneyland,Disneyland,Fantasyland,282,Pinocchio's Daring Journey,TRUE,5,2026-08-23T18:55:32.000Z,2026-08-23 11:55:32,https://queue-times.com/parks/16/queue_times.json
2026-08-23T19:00:25.295Z,2026-08-23 12:00:25,2026-08-23,America/Los_Angeles,disneyland,Disneyland,Fantasyland,687,Sleeping Beauty Castle Walkthrough,FALSE,0,2026-08-23T18:55:32.000Z,2026-08-23 11:55:32,https://queue-times.com/parks/16/queue_times.json
2026-08-23T19:00:25.295Z,2026-08-23 12:00:25,2026-08-23,America/Los_Angeles,disneyland,Disneyland,Fantasyland,283,Snow White's Enchanted Wish,TRUE,10,2026-08-23T18:55:32.000Z,2026-08-23 11:55:32,https://queue-times.com/parks/16/queue_times.json
2026-08-23T19:00:25.295Z,2026-08-23 12:00:25,2026-08-23,America/Los_Angeles,disneyland,Disneyland,Fantasyland,305,Storybook Land Canal Boats,TRUE,5,2026-08-23T18:55:32.000Z,2026-08-23 11:55:32,https://queue-times.com/parks/16/queue_times.json
2026-08-23T19:00:25.295Z,2026-08-23 12:00:25,2026-08-23,America/Los_Angeles,disneyland,Disneyland,Frontierland,323,Big Thunder Mountain Railroad,TRUE,20,2026-08-23T18:55:32.000Z,2026-08-23 11:55:32,https://queue-times.com/parks/16/queue_times.json
2026-08-23T19:00:25.295Z,2026-08-23 12:00:25,2026-08-23,America/Los_Angeles,disneyland,Disneyland,Frontierland,679,Frontierland Shootin' Exposition,FALSE,0,2026-08-23T18:55:32.000Z,2026-08-23 11:55:32,https://queue-times.com/parks/16/queue_times.json
2026-08-23T19:00:25.295Z,2026-08-23 12:00:25,2026-08-23,America/Los_Angeles,disneyland,Disneyland,Frontierland,456,Mark Twain Riverboat,TRUE,10,2026-08-23T18:55:32.000Z,2026-08-23 11:55:32,https://queue-times.com/parks/16/queue_times.json
2026-08-23T19:00:25.295Z,2026-08-23 12:00:25,2026-08-23,America/Los_Angeles,disneyland,Disneyland,Frontierland,331,Pirate's Lair on Tom Sawyer Island,TRUE,5,2026-08-23T18:55:32.000Z,2026-08-23 11:55:32,https://queue-times.com/parks/16/queue_times.json
2026-08-23T19:00:25.295Z,2026-08-23 12:00:25,2026-08-23,America/Los_Angeles,disneyland,Disneyland,Frontierland,328,Sailing Ship Columbia,FALSE,0,2026-08-23T18:55:32.000Z,2026-08-23 11:55:32,https://queue-times.com/parks/16/queue_times.json
2026-08-23T19:00:25.295Z,2026-08-23 12:00:25,2026-08-23,America/Los_Angeles,disneyland,Disneyland,Main Street U.S.A,674,Disneyland Railroad,TRUE,5,2026-08-23T18:55:32.000Z,2026-08-23 11:55:32,https://queue-times.com/parks/16/queue_times.json
2026-08-23T19:00:25.295Z,2026-08-23 12:00:25,2026-08-23,America/Los_Angeles,disneyland,Disneyland,Main Street U.S.A,690,Great Moments with Mr. Lincoln,TRUE,0,2026-08-23T18:55:32.000Z,2026-08-23 11:55:32,https://queue-times.com/parks/16/queue_times.json
2026-08-23T19:00:25.295Z,2026-08-23 12:00:25,2026-08-23,America/Los_Angeles,disneyland,Disneyland,Main Street U.S.A,686,Main Street Cinema,FALSE,0,2026-08-23T18:55:32.000Z,2026-08-23 11:55:32,https://queue-times.com/parks/16/queue_times.json
2026-08-23T19:00:25.295Z,2026-08-23 12:00:25,2026-08-23,America/Los_Angeles,disneyland,Disneyland,Main Street U.S.A,691,Main Street Vehicles,TRUE,0,2026-08-23T18:55:32.000Z,2026-08-23 11:55:32,https://queue-times.com/parks/16/queue_times.json
2026-08-23T19:00:25.295Z,2026-08-23 12:00:25,2026-08-23,America/Los_Angeles,disneyland,Disneyland,Main Street U.S.A,14915,Opera House - Walt Disney - A Magical Life,TRUE,0,2026-08-23T18:55:32.000Z,2026-08-23 11:55:32,https://queue-times.com/parks/16/queue_times.json
2026-08-23T19:00:25.295Z,2026-08-23 12:00:25,2026-08-23,America/Los_Angeles,disneyland,Disneyland,Main Street U.S.A,695,The Disney Gallery,TRUE,0,2026-08-23T18:55:32.000Z,2026-08-23 11:55:32,https://queue-times.com/parks/16/queue_times.json
2026-08-23T19:00:25.295Z,2026-08-23 12:00:25,2026-08-23,America/Los_Angeles,disneyland,Disneyland,Main Street U.S.A,14923,Walt Disney - A Magical Life,FALSE,0,2026-08-23T18:55:32.000Z,2026-08-23 11:55:32,https://queue-times.com/parks/16/queue_times.json
2026-08-23T19:00:25.295Z,2026-08-23 12:00:25,2026-08-23,America/Los_Angeles,disneyland,Disneyland,Mickey's Toontown,324,Chip 'n' Dale's GADGETcoaster,TRUE,20,2026-08-23T18:55:32.000Z,2026-08-23 11:55:32,https://queue-times.com/parks/16/queue_times.json
2026-08-23T19:00:25.295Z,2026-08-23 12:00:25,2026-08-23,America/Los_Angeles,disneyland,Disneyland,Mickey's Toontown,13814,Donald's Duck Pond,TRUE,0,2026-08-23T18:55:32.000Z,2026-08-23 11:55:32,https://queue-times.com/parks/16/queue_times.json
2026-08-23T19:00:25.295Z,2026-08-23 12:00:25,2026-08-23,America/Los_Angeles,disneyland,Disneyland,Mickey's Toontown,11980,Goofy's How-to-Play Yard,TRUE,0,2026-08-23T18:55:32.000Z,2026-08-23 11:55:32,https://queue-times.com/parks/16/queue_times.json
2026-08-23T19:00:25.295Z,2026-08-23 12:00:25,2026-08-23,America/Los_Angeles,disneyland,Disneyland,Mickey's Toontown,11526,Mickey & Minnie's Runaway Railway,TRUE,35,2026-08-23T18:55:32.000Z,2026-08-23 11:55:32,https://queue-times.com/parks/16/queue_times.json
2026-08-23T19:00:25.295Z,2026-08-23 12:00:25,2026-08-23,America/Los_Angeles,disneyland,Disneyland,Mickey's Toontown,709,Mickey's House and Meet Mickey Mouse,TRUE,15,2026-08-23T18:55:32.000Z,2026-08-23 11:55:32,https://queue-times.com/parks/16/queue_times.json
2026-08-23T19:00:25.295Z,2026-08-23 12:00:25,2026-08-23,America/Los_Angeles,disneyland,Disneyland,Mickey's Toontown,327,Mickey's House and Meet Mickey Mouse,FALSE,0,2026-08-23T18:55:32.000Z,2026-08-23 11:55:32,https://queue-times.com/parks/16/queue_times.json
2026-08-23T19:00:25.295Z,2026-08-23 12:00:25,2026-08-23,America/Los_Angeles,disneyland,Disneyland,Mickey's Toontown,684,Minnie's House,TRUE,0,2026-08-23T18:55:32.000Z,2026-08-23 11:55:32,https://queue-times.com/parks/16/queue_times.json
2026-08-23T19:00:25.295Z,2026-08-23 12:00:25,2026-08-23,America/Los_Angeles,disneyland,Disneyland,Mickey's Toontown,332,Roger Rabbit's Car Toon Spin,TRUE,20,2026-08-23T18:55:32.000Z,2026-08-23 11:55:32,https://queue-times.com/parks/16/queue_times.json
2026-08-23T19:00:25.295Z,2026-08-23 12:00:25,2026-08-23,America/Los_Angeles,disneyland,Disneyland,New Orleans Square,13958,Haunted Mansion,FALSE,0,2026-08-21T05:25:59.000Z,2026-08-20 22:25:59,https://queue-times.com/parks/16/queue_times.json
2026-08-23T19:00:25.295Z,2026-08-23 12:00:25,2026-08-23,America/Los_Angeles,disneyland,Disneyland,New Orleans Square,325,Haunted Mansion Holiday,TRUE,45,2026-08-23T18:55:32.000Z,2026-08-23 11:55:32,https://queue-times.com/parks/16/queue_times.json
2026-08-23T19:00:25.295Z,2026-08-23 12:00:25,2026-08-23,America/Los_Angeles,disneyland,Disneyland,New Orleans Square,289,Pirates of the Caribbean,TRUE,20,2026-08-23T18:55:32.000Z,2026-08-23 11:55:32,https://queue-times.com/parks/16/queue_times.json
2026-08-23T19:00:25.295Z,2026-08-23 12:00:25,2026-08-23,America/Los_Angeles,disneyland,Disneyland,Star Wars: Galaxy's Edge,6339,Millennium Falcon: Smugglers Run,TRUE,10,2026-08-23T18:55:32.000Z,2026-08-23 11:55:32,https://queue-times.com/parks/16/queue_times.json
2026-08-23T19:00:25.295Z,2026-08-23 12:00:25,2026-08-23,America/Los_Angeles,disneyland,Disneyland,Star Wars: Galaxy's Edge,10903,Millennium Falcon: Smugglers Run Single Rider,TRUE,0,2026-08-23T18:55:32.000Z,2026-08-23 11:55:32,https://queue-times.com/parks/16/queue_times.json
2026-08-23T19:00:25.295Z,2026-08-23 12:00:25,2026-08-23,America/Los_Angeles,disneyland,Disneyland,Star Wars: Galaxy's Edge,6340,Star Wars: Rise of the Resistance,TRUE,35,2026-08-23T18:55:32.000Z,2026-08-23 11:55:32,https://queue-times.com/parks/16/queue_times.json
2026-08-23T19:00:25.295Z,2026-08-23 12:00:25,2026-08-23,America/Los_Angeles,disneyland,Disneyland,Tomorrowland,287,Astro Orbitor,TRUE,15,2026-08-23T18:55:32.000Z,2026-08-23 11:55:32,https://queue-times.com/parks/16/queue_times.json
2026-08-23T19:00:25.295Z,2026-08-23 12:00:25,2026-08-23,America/Los_Angeles,disneyland,Disneyland,Tomorrowland,317,Autopia,TRUE,5,2026-08-23T18:55:32.000Z,2026-08-23 11:55:32,https://queue-times.com/parks/16/queue_times.json
2026-08-23T19:00:25.295Z,2026-08-23 12:00:25,2026-08-23,America/Los_Angeles,disneyland,Disneyland,Tomorrowland,273,Buzz Lightyear Astro Blasters,TRUE,10,2026-08-23T18:55:32.000Z,2026-08-23 11:55:32,https://queue-times.com/parks/16/queue_times.json
2026-08-23T19:00:25.295Z,2026-08-23 12:00:25,2026-08-23,America/Los_Angeles,disneyland,Disneyland,Tomorrowland,274,Disneyland Monorail,FALSE,0,2026-08-23T18:55:32.000Z,2026-08-23 11:55:32,https://queue-times.com/parks/16/queue_times.json
2026-08-23T19:00:25.295Z,2026-08-23 12:00:25,2026-08-23,America/Los_Angeles,disneyland,Disneyland,Tomorrowland,276,Finding Nemo Submarine Voyage,TRUE,10,2026-08-23T18:55:32.000Z,2026-08-23 11:55:32,https://queue-times.com/parks/16/queue_times.json
2026-08-23T19:00:25.295Z,2026-08-23 12:00:25,2026-08-23,America/Los_Angeles,disneyland,Disneyland,Tomorrowland,16627,Pixar Short Film Spotlight,FALSE,0,2026-08-23T18:55:32.000Z,2026-08-23 11:55:32,https://queue-times.com/parks/16/queue_times.json
2026-08-23T19:00:25.295Z,2026-08-23 12:00:25,2026-08-23,America/Los_Angeles,disneyland,Disneyland,Tomorrowland,284,Space Mountain,TRUE,40,2026-08-23T18:55:32.000Z,2026-08-23 11:55:32,https://queue-times.com/parks/16/queue_times.json
2026-08-23T19:00:25.295Z,2026-08-23 12:00:25,2026-08-23,America/Los_Angeles,disneyland,Disneyland,Tomorrowland,286,Star Tours - The Adventures Continue,TRUE,5,2026-08-23T18:55:32.000Z,2026-08-23 11:55:32,https://queue-times.com/parks/16/queue_times.json
2026-08-23T19:00:25.295Z,2026-08-23 12:00:25,2026-08-23,America/Los_Angeles,dca,Disney California Adventure,Avengers Campus,329,Guardians of the Galaxy - Mission: BREAKOUT!,TRUE,50,2026-08-23T18:55:37.000Z,2026-08-23 11:55:37,https://queue-times.com/parks/17/queue_times.json
2026-08-23T19:00:25.295Z,2026-08-23 12:00:25,2026-08-23,America/Los_Angeles,dca,Disney California Adventure,Avengers Campus,8843,WEB SLINGERS: A Spider-Man Adventure,TRUE,25,2026-08-23T18:55:37.000Z,2026-08-23 11:55:37,https://queue-times.com/parks/17/queue_times.json
2026-08-23T19:00:25.295Z,2026-08-23 12:00:25,2026-08-23,America/Los_Angeles,dca,Disney California Adventure,Avengers Campus,10907,WEB SLINGERS: A Spider-Man Adventure Single Rider,TRUE,0,2026-08-23T18:55:37.000Z,2026-08-23 11:55:37,https://queue-times.com/parks/17/queue_times.json
2026-08-23T19:00:25.295Z,2026-08-23 12:00:25,2026-08-23,America/Los_Angeles,dca,Disney California Adventure,Cars Land,2608,Luigi's Honkin' Haul-O-Ween,TRUE,10,2026-08-23T18:55:37.000Z,2026-08-23 11:55:37,https://queue-times.com/parks/17/queue_times.json
2026-08-23T19:00:25.295Z,2026-08-23 12:00:25,2026-08-23,America/Los_Angeles,dca,Disney California Adventure,Cars Land,13961,Luigi's Rollickin' Roadsters,FALSE,0,2026-08-18T08:55:45.000Z,2026-08-18 01:55:45,https://queue-times.com/parks/17/queue_times.json
2026-08-23T19:00:25.295Z,2026-08-23 12:00:25,2026-08-23,America/Los_Angeles,dca,Disney California Adventure,Cars Land,315,Mater's Junkyard Jamboree,FALSE,0,2026-08-18T08:55:45.000Z,2026-08-18 01:55:45,https://queue-times.com/parks/17/queue_times.json
2026-08-23T19:00:25.295Z,2026-08-23 12:00:25,2026-08-23,America/Los_Angeles,dca,Disney California Adventure,Cars Land,295,Radiator Springs Racers,TRUE,70,2026-08-23T18:55:37.000Z,2026-08-23 11:55:37,https://queue-times.com/parks/17/queue_times.json
2026-08-23T19:00:25.295Z,2026-08-23 12:00:25,2026-08-23,America/Los_Angeles,dca,Disney California Adventure,Cars Land,10904,Radiator Springs Racers Single Rider,TRUE,0,2026-08-23T18:55:37.000Z,2026-08-23 11:55:37,https://queue-times.com/parks/17/queue_times.json
2026-08-23T19:00:25.295Z,2026-08-23 12:00:25,2026-08-23,America/Los_Angeles,dca,Disney California Adventure,Grizzly Peak,302,Grizzly River Run,TRUE,25,2026-08-23T18:55:37.000Z,2026-08-23 11:55:37,https://queue-times.com/parks/17/queue_times.json
2026-08-23T19:00:25.295Z,2026-08-23 12:00:25,2026-08-23,America/Los_Angeles,dca,Disney California Adventure,Grizzly Peak,293,Redwood Creek Challenge Trail,TRUE,5,2026-08-23T18:55:37.000Z,2026-08-23 11:55:37,https://queue-times.com/parks/17/queue_times.json
2026-08-23T19:00:25.295Z,2026-08-23 12:00:25,2026-08-23,America/Los_Angeles,dca,Disney California Adventure,Grizzly Peak,17129,Soarin’ Across America,TRUE,45,2026-08-23T18:55:37.000Z,2026-08-23 11:55:37,https://queue-times.com/parks/17/queue_times.json
2026-08-23T19:00:25.295Z,2026-08-23 12:00:25,2026-08-23,America/Los_Angeles,dca,Disney California Adventure,Hollywood Land,321,Animation Academy,TRUE,0,2026-08-23T18:55:37.000Z,2026-08-23 11:55:37,https://queue-times.com/parks/17/queue_times.json
2026-08-23T19:00:25.295Z,2026-08-23 12:00:25,2026-08-23,America/Los_Angeles,dca,Disney California Adventure,Hollywood Land,6440,Mickey's PhilharMagic,TRUE,10,2026-08-23T18:55:37.000Z,2026-08-23 11:55:37,https://queue-times.com/parks/17/queue_times.json
2026-08-23T19:00:25.295Z,2026-08-23 12:00:25,2026-08-23,America/Los_Angeles,dca,Disney California Adventure,Hollywood Land,291,"Monsters, Inc. Mike & Sulley to the Rescue!",TRUE,25,2026-08-23T18:55:37.000Z,2026-08-23 11:55:37,https://queue-times.com/parks/17/queue_times.json
2026-08-23T19:00:25.295Z,2026-08-23 12:00:25,2026-08-23,America/Los_Angeles,dca,Disney California Adventure,Hollywood Land,868,Sorcerer's Workshop,TRUE,0,2026-08-23T18:55:37.000Z,2026-08-23 11:55:37,https://queue-times.com/parks/17/queue_times.json
2026-08-23T19:00:25.295Z,2026-08-23 12:00:25,2026-08-23,America/Los_Angeles,dca,Disney California Adventure,Hollywood Land,294,Turtle Talk with Crush,TRUE,0,2026-08-23T18:55:37.000Z,2026-08-23 11:55:37,https://queue-times.com/parks/17/queue_times.json
2026-08-23T19:00:25.295Z,2026-08-23 12:00:25,2026-08-23,America/Los_Angeles,dca,Disney California Adventure,Pacific Wharf,869,The Bakery Tour,TRUE,0,2026-08-23T18:55:37.000Z,2026-08-23 11:55:37,https://queue-times.com/parks/17/queue_times.json
2026-08-23T19:00:25.295Z,2026-08-23 12:00:25,2026-08-23,America/Los_Angeles,dca,Disney California Adventure,Paradise Gardens Park,298,Golden Zephyr,FALSE,0,2026-08-23T18:55:37.000Z,2026-08-23 11:55:37,https://queue-times.com/parks/17/queue_times.json
2026-08-23T19:00:25.295Z,2026-08-23 12:00:25,2026-08-23,America/Los_Angeles,dca,Disney California Adventure,Paradise Gardens Park,319,Goofy's Sky School,TRUE,30,2026-08-23T18:55:37.000Z,2026-08-23 11:55:37,https://queue-times.com/parks/17/queue_times.json
2026-08-23T19:00:25.295Z,2026-08-23 12:00:25,2026-08-23,America/Los_Angeles,dca,Disney California Adventure,Paradise Gardens Park,301,Silly Symphony Swings,FALSE,0,2026-08-23T18:55:37.000Z,2026-08-23 11:55:37,https://queue-times.com/parks/17/queue_times.json
2026-08-23T19:00:25.295Z,2026-08-23 12:00:25,2026-08-23,America/Los_Angeles,dca,Disney California Adventure,Paradise Gardens Park,316,The Little Mermaid - Ariel's Undersea Adventure,TRUE,15,2026-08-23T18:55:37.000Z,2026-08-23 11:55:37,https://queue-times.com/parks/17/queue_times.json
2026-08-23T19:00:25.295Z,2026-08-23 12:00:25,2026-08-23,America/Los_Angeles,dca,Disney California Adventure,Paradise Gardens Park,11528,World of Color – ONE,FALSE,0,2026-08-23T18:55:37.000Z,2026-08-23 11:55:37,https://queue-times.com/parks/17/queue_times.json
2026-08-23T19:00:25.295Z,2026-08-23 12:00:25,2026-08-23,America/Los_Angeles,dca,Disney California Adventure,Pixar Pier,866,Games of Pixar Pier,TRUE,0,2026-08-23T18:55:37.000Z,2026-08-23 11:55:37,https://queue-times.com/parks/17/queue_times.json
2026-08-23T19:00:25.295Z,2026-08-23 12:00:25,2026-08-23,America/Los_Angeles,dca,Disney California Adventure,Pixar Pier,322,Incredicoaster,TRUE,10,2026-08-23T18:55:37.000Z,2026-08-23 11:55:37,https://queue-times.com/parks/17/queue_times.json
2026-08-23T19:00:25.295Z,2026-08-23 12:00:25,2026-08-23,America/Los_Angeles,dca,Disney California Adventure,Pixar Pier,10906,Incredicoaster Single Rider,TRUE,0,2026-08-23T18:55:37.000Z,2026-08-23 11:55:37,https://queue-times.com/parks/17/queue_times.json
2026-08-23T19:00:25.295Z,2026-08-23 12:00:25,2026-08-23,America/Los_Angeles,dca,Disney California Adventure,Pixar Pier,6643,Inside Out Emotional Whirlwind,TRUE,5,2026-08-23T18:55:37.000Z,2026-08-23 11:55:37,https://queue-times.com/parks/17/queue_times.json
2026-08-23T19:00:25.295Z,2026-08-23 12:00:25,2026-08-23,America/Los_Angeles,dca,Disney California Adventure,Pixar Pier,310,Jessie's Critter Carousel,TRUE,5,2026-08-23T18:55:37.000Z,2026-08-23 11:55:37,https://queue-times.com/parks/17/queue_times.json
2026-08-23T19:00:25.295Z,2026-08-23 12:00:25,2026-08-23,America/Los_Angeles,dca,Disney California Adventure,Pixar Pier,300,Jumpin' Jellyfish,TRUE,5,2026-08-23T18:55:37.000Z,2026-08-23 11:55:37,https://queue-times.com/parks/17/queue_times.json
2026-08-23T19:00:25.295Z,2026-08-23 12:00:25,2026-08-23,America/Los_Angeles,dca,Disney California Adventure,Pixar Pier,311,Pixar Pal-A-Round - Swinging,TRUE,10,2026-08-23T18:55:37.000Z,2026-08-23 11:55:37,https://queue-times.com/parks/17/queue_times.json
2026-08-23T19:00:25.295Z,2026-08-23 12:00:25,2026-08-23,America/Los_Angeles,dca,Disney California Adventure,Pixar Pier,5557,Pixar Pal-A-Round – Non-Swinging,TRUE,10,2026-08-23T18:55:37.000Z,2026-08-23 11:55:37,https://queue-times.com/parks/17/queue_times.json
2026-08-23T19:00:25.295Z,2026-08-23 12:00:25,2026-08-23,America/Los_Angeles,dca,Disney California Adventure,Pixar Pier,313,Toy Story Midway Mania!,TRUE,40,2026-08-23T18:55:37.000Z,2026-08-23 11:55:37,https://queue-times.com/parks/17/queue_times.json
2026-08-23T19:00:25.295Z,2026-08-23 12:00:25,2026-08-23,America/Los_Angeles,dca,Disney California Adventure,Halloween,5146,Guardians of the Galaxy - Monsters After Dark,FALSE,0,2026-08-23T18:55:37.000Z,2026-08-23 11:55:37,https://queue-times.com/parks/17/queue_times.json
2026-08-23T19:00:25.295Z,2026-08-23 12:00:25,2026-08-23,America/Los_Angeles,dca,Disney California Adventure,Halloween,4723,Mater's Graveyard JamBOOree,TRUE,10,2026-08-23T18:55:37.000Z,2026-08-23 11:55:37,https://queue-times.com/parks/17/queue_times.json
2026-08-23T19:00:25.295Z,2026-08-23 12:00:25,2026-08-23,America/Los_Angeles,dca,Disney California Adventure,Halloween,7292,Villains Grove at Oogie Boogie Bash,FALSE,0,2026-08-23T18:55:37.000Z,2026-08-23 11:55:37,https://queue-times.com/parks/17/queue_times.json
2026-08-23T19:11:15.556Z,2026-08-23 12:11:15,2026-08-23,America/Los_Angeles,disneyland,Disneyland,Adventureland,12428,Adventureland Treehouse inspired by Walt Disney’s Swiss Family Robinson,TRUE,0,2026-08-23T19:05:36.000Z,2026-08-23 12:05:36,https://queue-times.com/parks/16/queue_times.json
2026-08-23T19:11:15.556Z,2026-08-23 12:11:15,2026-08-23,America/Los_Angeles,disneyland,Disneyland,Adventureland,326,Indiana Jones™ Adventure,FALSE,0,2026-08-23T19:05:36.000Z,2026-08-23 12:05:36,https://queue-times.com/parks/16/queue_times.json
2026-08-23T19:11:15.556Z,2026-08-23 12:11:15,2026-08-23,America/Los_Angeles,disneyland,Disneyland,Adventureland,296,Jungle Cruise,TRUE,5,2026-08-23T19:05:36.000Z,2026-08-23 12:05:36,https://queue-times.com/parks/16/queue_times.json
2026-08-23T19:11:15.556Z,2026-08-23 12:11:15,2026-08-23,America/Los_Angeles,disneyland,Disneyland,Adventureland,288,Walt Disney's Enchanted Tiki Room,TRUE,0,2026-08-23T19:05:36.000Z,2026-08-23 12:05:36,https://queue-times.com/parks/16/queue_times.json
2026-08-23T19:11:15.556Z,2026-08-23 12:11:15,2026-08-23,America/Los_Angeles,disneyland,Disneyland,Bayou Country,304,Davy Crockett's Explorer Canoes,FALSE,0,2026-08-23T19:05:36.000Z,2026-08-23 12:05:36,https://queue-times.com/parks/16/queue_times.json
2026-08-23T19:11:15.556Z,2026-08-23 12:11:15,2026-08-23,America/Los_Angeles,disneyland,Disneyland,Bayou Country,306,The Many Adventures of Winnie the Pooh,TRUE,10,2026-08-23T19:05:36.000Z,2026-08-23 12:05:36,https://queue-times.com/parks/16/queue_times.json
2026-08-23T19:11:15.556Z,2026-08-23 12:11:15,2026-08-23,America/Los_Angeles,disneyland,Disneyland,Bayou Country,14168,Tiana's Bayou Adventure,TRUE,45,2026-08-23T19:05:36.000Z,2026-08-23 12:05:36,https://queue-times.com/parks/16/queue_times.json
2026-08-23T19:11:15.556Z,2026-08-23 12:11:15,2026-08-23,America/Los_Angeles,disneyland,Disneyland,Bayou Country,14326,Tiana's Bayou Adventure Single Rider,TRUE,0,2026-08-23T19:05:36.000Z,2026-08-23 12:05:36,https://queue-times.com/parks/16/queue_times.json
2026-08-23T19:11:15.556Z,2026-08-23 12:11:15,2026-08-23,America/Los_Angeles,disneyland,Disneyland,Fantasyland,307,"""it's a small world""",TRUE,5,2026-08-23T19:05:36.000Z,2026-08-23 12:05:36,https://queue-times.com/parks/16/queue_times.json
2026-08-23T19:11:15.556Z,2026-08-23 12:11:15,2026-08-23,America/Los_Angeles,disneyland,Disneyland,Fantasyland,285,Alice in Wonderland,FALSE,0,2026-08-23T19:05:36.000Z,2026-08-23 12:05:36,https://queue-times.com/parks/16/queue_times.json
2026-08-23T19:11:15.556Z,2026-08-23 12:11:15,2026-08-23,America/Los_Angeles,disneyland,Disneyland,Fantasyland,16254,Bluey’s Best Day Ever! at Fantasyland Theatre,TRUE,0,2026-08-23T19:05:36.000Z,2026-08-23 12:05:36,https://queue-times.com/parks/16/queue_times.json
2026-08-23T19:11:15.556Z,2026-08-23 12:11:15,2026-08-23,America/Los_Angeles,disneyland,Disneyland,Fantasyland,303,Casey Jr. Circus Train,TRUE,5,2026-08-23T19:05:36.000Z,2026-08-23 12:05:36,https://queue-times.com/parks/16/queue_times.json
2026-08-23T19:11:15.556Z,2026-08-23 12:11:15,2026-08-23,America/Los_Angeles,disneyland,Disneyland,Fantasyland,275,Dumbo the Flying Elephant,TRUE,10,2026-08-23T19:05:36.000Z,2026-08-23 12:05:36,https://queue-times.com/parks/16/queue_times.json
2026-08-23T19:11:15.556Z,2026-08-23 12:11:15,2026-08-23,America/Los_Angeles,disneyland,Disneyland,Fantasyland,277,King Arthur Carrousel,TRUE,5,2026-08-23T19:05:36.000Z,2026-08-23 12:05:36,https://queue-times.com/parks/16/queue_times.json
2026-08-23T19:11:15.556Z,2026-08-23 12:11:15,2026-08-23,America/Los_Angeles,disneyland,Disneyland,Fantasyland,278,Mad Tea Party,TRUE,5,2026-08-23T19:05:36.000Z,2026-08-23 12:05:36,https://queue-times.com/parks/16/queue_times.json
2026-08-23T19:11:15.556Z,2026-08-23 12:11:15,2026-08-23,America/Los_Angeles,disneyland,Disneyland,Fantasyland,279,Matterhorn Bobsleds,TRUE,20,2026-08-23T19:05:36.000Z,2026-08-23 12:05:36,https://queue-times.com/parks/16/queue_times.json
2026-08-23T19:11:15.556Z,2026-08-23 12:11:15,2026-08-23,America/Los_Angeles,disneyland,Disneyland,Fantasyland,6711,Meet Disney Princesses at Royal Hall,TRUE,30,2026-08-23T19:05:36.000Z,2026-08-23 12:05:36,https://queue-times.com/parks/16/queue_times.json
2026-08-23T19:11:15.556Z,2026-08-23 12:11:15,2026-08-23,America/Los_Angeles,disneyland,Disneyland,Fantasyland,280,Mr. Toad's Wild Ride,TRUE,15,2026-08-23T19:05:36.000Z,2026-08-23 12:05:36,https://queue-times.com/parks/16/queue_times.json
2026-08-23T19:11:15.556Z,2026-08-23 12:11:15,2026-08-23,America/Los_Angeles,disneyland,Disneyland,Fantasyland,281,Peter Pan's Flight,TRUE,25,2026-08-23T19:05:36.000Z,2026-08-23 12:05:36,https://queue-times.com/parks/16/queue_times.json
2026-08-23T19:11:15.556Z,2026-08-23 12:11:15,2026-08-23,America/Los_Angeles,disneyland,Disneyland,Fantasyland,282,Pinocchio's Daring Journey,TRUE,5,2026-08-23T19:05:36.000Z,2026-08-23 12:05:36,https://queue-times.com/parks/16/queue_times.json
2026-08-23T19:11:15.556Z,2026-08-23 12:11:15,2026-08-23,America/Los_Angeles,disneyland,Disneyland,Fantasyland,687,Sleeping Beauty Castle Walkthrough,FALSE,0,2026-08-23T19:05:36.000Z,2026-08-23 12:05:36,https://queue-times.com/parks/16/queue_times.json
2026-08-23T19:11:15.556Z,2026-08-23 12:11:15,2026-08-23,America/Los_Angeles,disneyland,Disneyland,Fantasyland,283,Snow White's Enchanted Wish,TRUE,10,2026-08-23T19:05:36.000Z,2026-08-23 12:05:36,https://queue-times.com/parks/16/queue_times.json
2026-08-23T19:11:15.556Z,2026-08-23 12:11:15,2026-08-23,America/Los_Angeles,disneyland,Disneyland,Fantasyland,305,Storybook Land Canal Boats,TRUE,5,2026-08-23T19:05:36.000Z,2026-08-23 12:05:36,https://queue-times.com/parks/16/queue_times.json
2026-08-23T19:11:15.556Z,2026-08-23 12:11:15,2026-08-23,America/Los_Angeles,disneyland,Disneyland,Frontierland,323,Big Thunder Mountain Railroad,TRUE,10,2026-08-23T19:05:36.000Z,2026-08-23 12:05:36,https://queue-times.com/parks/16/queue_times.json
2026-08-23T19:11:15.556Z,2026-08-23 12:11:15,2026-08-23,America/Los_Angeles,disneyland,Disneyland,Frontierland,679,Frontierland Shootin' Exposition,FALSE,0,2026-08-23T19:05:36.000Z,2026-08-23 12:05:36,https://queue-times.com/parks/16/queue_times.json
2026-08-23T19:11:15.556Z,2026-08-23 12:11:15,2026-08-23,America/Los_Angeles,disneyland,Disneyland,Frontierland,456,Mark Twain Riverboat,TRUE,10,2026-08-23T19:05:36.000Z,2026-08-23 12:05:36,https://queue-times.com/parks/16/queue_times.json
2026-08-23T19:11:15.556Z,2026-08-23 12:11:15,2026-08-23,America/Los_Angeles,disneyland,Disneyland,Frontierland,331,Pirate's Lair on Tom Sawyer Island,TRUE,5,2026-08-23T19:05:36.000Z,2026-08-23 12:05:36,https://queue-times.com/parks/16/queue_times.json
2026-08-23T19:11:15.556Z,2026-08-23 12:11:15,2026-08-23,America/Los_Angeles,disneyland,Disneyland,Frontierland,328,Sailing Ship Columbia,FALSE,0,2026-08-23T19:05:36.000Z,2026-08-23 12:05:36,https://queue-times.com/parks/16/queue_times.json
2026-08-23T19:11:15.556Z,2026-08-23 12:11:15,2026-08-23,America/Los_Angeles,disneyland,Disneyland,Main Street U.S.A,674,Disneyland Railroad,TRUE,5,2026-08-23T19:05:36.000Z,2026-08-23 12:05:36,https://queue-times.com/parks/16/queue_times.json
2026-08-23T19:11:15.556Z,2026-08-23 12:11:15,2026-08-23,America/Los_Angeles,disneyland,Disneyland,Main Street U.S.A,690,Great Moments with Mr. Lincoln,TRUE,0,2026-08-23T19:05:36.000Z,2026-08-23 12:05:36,https://queue-times.com/parks/16/queue_times.json
2026-08-23T19:11:15.556Z,2026-08-23 12:11:15,2026-08-23,America/Los_Angeles,disneyland,Disneyland,Main Street U.S.A,686,Main Street Cinema,FALSE,0,2026-08-23T19:05:36.000Z,2026-08-23 12:05:36,https://queue-times.com/parks/16/queue_times.json
2026-08-23T19:11:15.556Z,2026-08-23 12:11:15,2026-08-23,America/Los_Angeles,disneyland,Disneyland,Main Street U.S.A,691,Main Street Vehicles,TRUE,0,2026-08-23T19:05:36.000Z,2026-08-23 12:05:36,https://queue-times.com/parks/16/queue_times.json
2026-08-23T19:11:15.556Z,2026-08-23 12:11:15,2026-08-23,America/Los_Angeles,disneyland,Disneyland,Main Street U.S.A,14915,Opera House - Walt Disney - A Magical Life,TRUE,0,2026-08-23T19:05:36.000Z,2026-08-23 12:05:36,https://queue-times.com/parks/16/queue_times.json
2026-08-23T19:11:15.556Z,2026-08-23 12:11:15,2026-08-23,America/Los_Angeles,disneyland,Disneyland,Main Street U.S.A,695,The Disney Gallery,TRUE,0,2026-08-23T19:05:36.000Z,2026-08-23 12:05:36,https://queue-times.com/parks/16/queue_times.json
2026-08-23T19:11:15.556Z,2026-08-23 12:11:15,2026-08-23,America/Los_Angeles,disneyland,Disneyland,Main Street U.S.A,14923,Walt Disney - A Magical Life,FALSE,0,2026-08-23T19:05:36.000Z,2026-08-23 12:05:36,https://queue-times.com/parks/16/queue_times.json
2026-08-23T19:11:15.556Z,2026-08-23 12:11:15,2026-08-23,America/Los_Angeles,disneyland,Disneyland,Mickey's Toontown,324,Chip 'n' Dale's GADGETcoaster,TRUE,5,2026-08-23T19:05:36.000Z,2026-08-23 12:05:36,https://queue-times.com/parks/16/queue_times.json
2026-08-23T19:11:15.556Z,2026-08-23 12:11:15,2026-08-23,America/Los_Angeles,disneyland,Disneyland,Mickey's Toontown,13814,Donald's Duck Pond,TRUE,0,2026-08-23T19:05:36.000Z,2026-08-23 12:05:36,https://queue-times.com/parks/16/queue_times.json
2026-08-23T19:11:15.556Z,2026-08-23 12:11:15,2026-08-23,America/Los_Angeles,disneyland,Disneyland,Mickey's Toontown,11980,Goofy's How-to-Play Yard,TRUE,0,2026-08-23T19:05:36.000Z,2026-08-23 12:05:36,https://queue-times.com/parks/16/queue_times.json
2026-08-23T19:11:15.556Z,2026-08-23 12:11:15,2026-08-23,America/Los_Angeles,disneyland,Disneyland,Mickey's Toontown,11526,Mickey & Minnie's Runaway Railway,TRUE,25,2026-08-23T19:05:36.000Z,2026-08-23 12:05:36,https://queue-times.com/parks/16/queue_times.json
2026-08-23T19:11:15.556Z,2026-08-23 12:11:15,2026-08-23,America/Los_Angeles,disneyland,Disneyland,Mickey's Toontown,709,Mickey's House and Meet Mickey Mouse,TRUE,15,2026-08-23T19:05:36.000Z,2026-08-23 12:05:36,https://queue-times.com/parks/16/queue_times.json
2026-08-23T19:11:15.556Z,2026-08-23 12:11:15,2026-08-23,America/Los_Angeles,disneyland,Disneyland,Mickey's Toontown,327,Mickey's House and Meet Mickey Mouse,FALSE,0,2026-08-23T19:05:36.000Z,2026-08-23 12:05:36,https://queue-times.com/parks/16/queue_times.json
2026-08-23T19:11:15.556Z,2026-08-23 12:11:15,2026-08-23,America/Los_Angeles,disneyland,Disneyland,Mickey's Toontown,684,Minnie's House,TRUE,0,2026-08-23T19:05:36.000Z,2026-08-23 12:05:36,https://queue-times.com/parks/16/queue_times.json
2026-08-23T19:11:15.556Z,2026-08-23 12:11:15,2026-08-23,America/Los_Angeles,disneyland,Disneyland,Mickey's Toontown,332,Roger Rabbit's Car Toon Spin,TRUE,30,2026-08-23T19:05:36.000Z,2026-08-23 12:05:36,https://queue-times.com/parks/16/queue_times.json
2026-08-23T19:11:15.556Z,2026-08-23 12:11:15,2026-08-23,America/Los_Angeles,disneyland,Disneyland,New Orleans Square,13958,Haunted Mansion,FALSE,0,2026-08-21T05:25:59.000Z,2026-08-20 22:25:59,https://queue-times.com/parks/16/queue_times.json
2026-08-23T19:11:15.556Z,2026-08-23 12:11:15,2026-08-23,America/Los_Angeles,disneyland,Disneyland,New Orleans Square,325,Haunted Mansion Holiday,TRUE,45,2026-08-23T19:05:36.000Z,2026-08-23 12:05:36,https://queue-times.com/parks/16/queue_times.json
2026-08-23T19:11:15.556Z,2026-08-23 12:11:15,2026-08-23,America/Los_Angeles,disneyland,Disneyland,New Orleans Square,289,Pirates of the Caribbean,TRUE,20,2026-08-23T19:05:36.000Z,2026-08-23 12:05:36,https://queue-times.com/parks/16/queue_times.json
2026-08-23T19:11:15.556Z,2026-08-23 12:11:15,2026-08-23,America/Los_Angeles,disneyland,Disneyland,Star Wars: Galaxy's Edge,6339,Millennium Falcon: Smugglers Run,TRUE,10,2026-08-23T19:05:36.000Z,2026-08-23 12:05:36,https://queue-times.com/parks/16/queue_times.json
2026-08-23T19:11:15.556Z,2026-08-23 12:11:15,2026-08-23,America/Los_Angeles,disneyland,Disneyland,Star Wars: Galaxy's Edge,10903,Millennium Falcon: Smugglers Run Single Rider,TRUE,0,2026-08-23T19:05:36.000Z,2026-08-23 12:05:36,https://queue-times.com/parks/16/queue_times.json
2026-08-23T19:11:15.556Z,2026-08-23 12:11:15,2026-08-23,America/Los_Angeles,disneyland,Disneyland,Star Wars: Galaxy's Edge,6340,Star Wars: Rise of the Resistance,TRUE,40,2026-08-23T19:05:36.000Z,2026-08-23 12:05:36,https://queue-times.com/parks/16/queue_times.json
2026-08-23T19:11:15.556Z,2026-08-23 12:11:15,2026-08-23,America/Los_Angeles,disneyland,Disneyland,Tomorrowland,287,Astro Orbitor,TRUE,15,2026-08-23T19:05:36.000Z,2026-08-23 12:05:36,https://queue-times.com/parks/16/queue_times.json
2026-08-23T19:11:15.556Z,2026-08-23 12:11:15,2026-08-23,America/Los_Angeles,disneyland,Disneyland,Tomorrowland,317,Autopia,TRUE,5,2026-08-23T19:05:36.000Z,2026-08-23 12:05:36,https://queue-times.com/parks/16/queue_times.json
2026-08-23T19:11:15.556Z,2026-08-23 12:11:15,2026-08-23,America/Los_Angeles,disneyland,Disneyland,Tomorrowland,273,Buzz Lightyear Astro Blasters,TRUE,10,2026-08-23T19:05:36.000Z,2026-08-23 12:05:36,https://queue-times.com/parks/16/queue_times.json
2026-08-23T19:11:15.556Z,2026-08-23 12:11:15,2026-08-23,America/Los_Angeles,disneyland,Disneyland,Tomorrowland,274,Disneyland Monorail,FALSE,0,2026-08-23T19:05:36.000Z,2026-08-23 12:05:36,https://queue-times.com/parks/16/queue_times.json
2026-08-23T19:11:15.556Z,2026-08-23 12:11:15,2026-08-23,America/Los_Angeles,disneyland,Disneyland,Tomorrowland,276,Finding Nemo Submarine Voyage,TRUE,10,2026-08-23T19:05:36.000Z,2026-08-23 12:05:36,https://queue-times.com/parks/16/queue_times.json
2026-08-23T19:11:15.556Z,2026-08-23 12:11:15,2026-08-23,America/Los_Angeles,disneyland,Disneyland,Tomorrowland,16627,Pixar Short Film Spotlight,FALSE,0,2026-08-23T19:05:36.000Z,2026-08-23 12:05:36,https://queue-times.com/parks/16/queue_times.json
2026-08-23T19:11:15.556Z,2026-08-23 12:11:15,2026-08-23,America/Los_Angeles,disneyland,Disneyland,Tomorrowland,284,Space Mountain,TRUE,45,2026-08-23T19:05:36.000Z,2026-08-23 12:05:36,https://queue-times.com/parks/16/queue_times.json
2026-08-23T19:11:15.556Z,2026-08-23 12:11:15,2026-08-23,America/Los_Angeles,disneyland,Disneyland,Tomorrowland,286,Star Tours - The Adventures Continue,TRUE,15,2026-08-23T19:05:36.000Z,2026-08-23 12:05:36,https://queue-times.com/parks/16/queue_times.json
2026-08-23T19:11:15.556Z,2026-08-23 12:11:15,2026-08-23,America/Los_Angeles,dca,Disney California Adventure,Avengers Campus,329,Guardians of the Galaxy - Mission: BREAKOUT!,TRUE,20,2026-08-23T19:10:46.000Z,2026-08-23 12:10:46,https://queue-times.com/parks/17/queue_times.json
2026-08-23T19:11:15.556Z,2026-08-23 12:11:15,2026-08-23,America/Los_Angeles,dca,Disney California Adventure,Avengers Campus,8843,WEB SLINGERS: A Spider-Man Adventure,TRUE,40,2026-08-23T19:10:46.000Z,2026-08-23 12:10:46,https://queue-times.com/parks/17/queue_times.json
2026-08-23T19:11:15.556Z,2026-08-23 12:11:15,2026-08-23,America/Los_Angeles,dca,Disney California Adventure,Avengers Campus,10907,WEB SLINGERS: A Spider-Man Adventure Single Rider,TRUE,0,2026-08-23T19:10:46.000Z,2026-08-23 12:10:46,https://queue-times.com/parks/17/queue_times.json
2026-08-23T19:11:15.556Z,2026-08-23 12:11:15,2026-08-23,America/Los_Angeles,dca,Disney California Adventure,Cars Land,2608,Luigi's Honkin' Haul-O-Ween,TRUE,10,2026-08-23T19:10:46.000Z,2026-08-23 12:10:46,https://queue-times.com/parks/17/queue_times.json
2026-08-23T19:11:15.556Z,2026-08-23 12:11:15,2026-08-23,America/Los_Angeles,dca,Disney California Adventure,Cars Land,13961,Luigi's Rollickin' Roadsters,FALSE,0,2026-08-18T08:55:45.000Z,2026-08-18 01:55:45,https://queue-times.com/parks/17/queue_times.json
2026-08-23T19:11:15.556Z,2026-08-23 12:11:15,2026-08-23,America/Los_Angeles,dca,Disney California Adventure,Cars Land,315,Mater's Junkyard Jamboree,FALSE,0,2026-08-18T08:55:45.000Z,2026-08-18 01:55:45,https://queue-times.com/parks/17/queue_times.json
2026-08-23T19:11:15.556Z,2026-08-23 12:11:15,2026-08-23,America/Los_Angeles,dca,Disney California Adventure,Cars Land,295,Radiator Springs Racers,TRUE,70,2026-08-23T19:10:46.000Z,2026-08-23 12:10:46,https://queue-times.com/parks/17/queue_times.json
2026-08-23T19:11:15.556Z,2026-08-23 12:11:15,2026-08-23,America/Los_Angeles,dca,Disney California Adventure,Cars Land,10904,Radiator Springs Racers Single Rider,TRUE,0,2026-08-23T19:10:46.000Z,2026-08-23 12:10:46,https://queue-times.com/parks/17/queue_times.json
2026-08-23T19:11:15.556Z,2026-08-23 12:11:15,2026-08-23,America/Los_Angeles,dca,Disney California Adventure,Grizzly Peak,302,Grizzly River Run,TRUE,45,2026-08-23T19:10:46.000Z,2026-08-23 12:10:46,https://queue-times.com/parks/17/queue_times.json
2026-08-23T19:11:15.556Z,2026-08-23 12:11:15,2026-08-23,America/Los_Angeles,dca,Disney California Adventure,Grizzly Peak,293,Redwood Creek Challenge Trail,TRUE,5,2026-08-23T19:10:46.000Z,2026-08-23 12:10:46,https://queue-times.com/parks/17/queue_times.json
2026-08-23T19:11:15.556Z,2026-08-23 12:11:15,2026-08-23,America/Los_Angeles,dca,Disney California Adventure,Grizzly Peak,17129,Soarin’ Across America,TRUE,25,2026-08-23T19:10:46.000Z,2026-08-23 12:10:46,https://queue-times.com/parks/17/queue_times.json
2026-08-23T19:11:15.556Z,2026-08-23 12:11:15,2026-08-23,America/Los_Angeles,dca,Disney California Adventure,Hollywood Land,321,Animation Academy,TRUE,0,2026-08-23T19:10:46.000Z,2026-08-23 12:10:46,https://queue-times.com/parks/17/queue_times.json
2026-08-23T19:11:15.556Z,2026-08-23 12:11:15,2026-08-23,America/Los_Angeles,dca,Disney California Adventure,Hollywood Land,6440,Mickey's PhilharMagic,TRUE,10,2026-08-23T19:10:46.000Z,2026-08-23 12:10:46,https://queue-times.com/parks/17/queue_times.json
2026-08-23T19:11:15.556Z,2026-08-23 12:11:15,2026-08-23,America/Los_Angeles,dca,Disney California Adventure,Hollywood Land,291,"Monsters, Inc. Mike & Sulley to the Rescue!",TRUE,25,2026-08-23T19:10:46.000Z,2026-08-23 12:10:46,https://queue-times.com/parks/17/queue_times.json
2026-08-23T19:11:15.556Z,2026-08-23 12:11:15,2026-08-23,America/Los_Angeles,dca,Disney California Adventure,Hollywood Land,868,Sorcerer's Workshop,TRUE,0,2026-08-23T19:10:46.000Z,2026-08-23 12:10:46,https://queue-times.com/parks/17/queue_times.json
2026-08-23T19:11:15.556Z,2026-08-23 12:11:15,2026-08-23,America/Los_Angeles,dca,Disney California Adventure,Hollywood Land,294,Turtle Talk with Crush,TRUE,0,2026-08-23T19:10:46.000Z,2026-08-23 12:10:46,https://queue-times.com/parks/17/queue_times.json
2026-08-23T19:11:15.556Z,2026-08-23 12:11:15,2026-08-23,America/Los_Angeles,dca,Disney California Adventure,Pacific Wharf,869,The Bakery Tour,TRUE,0,2026-08-23T19:10:46.000Z,2026-08-23 12:10:46,https://queue-times.com/parks/17/queue_times.json
2026-08-23T19:11:15.556Z,2026-08-23 12:11:15,2026-08-23,America/Los_Angeles,dca,Disney California Adventure,Paradise Gardens Park,298,Golden Zephyr,FALSE,0,2026-08-23T19:10:46.000Z,2026-08-23 12:10:46,https://queue-times.com/parks/17/queue_times.json
2026-08-23T19:11:15.556Z,2026-08-23 12:11:15,2026-08-23,America/Los_Angeles,dca,Disney California Adventure,Paradise Gardens Park,319,Goofy's Sky School,FALSE,0,2026-08-23T19:10:46.000Z,2026-08-23 12:10:46,https://queue-times.com/parks/17/queue_times.json
2026-08-23T19:11:15.556Z,2026-08-23 12:11:15,2026-08-23,America/Los_Angeles,dca,Disney California Adventure,Paradise Gardens Park,301,Silly Symphony Swings,FALSE,0,2026-08-23T19:10:46.000Z,2026-08-23 12:10:46,https://queue-times.com/parks/17/queue_times.json
2026-08-23T19:11:15.556Z,2026-08-23 12:11:15,2026-08-23,America/Los_Angeles,dca,Disney California Adventure,Paradise Gardens Park,316,The Little Mermaid - Ariel's Undersea Adventure,TRUE,20,2026-08-23T19:10:46.000Z,2026-08-23 12:10:46,https://queue-times.com/parks/17/queue_times.json
2026-08-23T19:11:15.556Z,2026-08-23 12:11:15,2026-08-23,America/Los_Angeles,dca,Disney California Adventure,Paradise Gardens Park,11528,World of Color – ONE,FALSE,0,2026-08-23T19:10:46.000Z,2026-08-23 12:10:46,https://queue-times.com/parks/17/queue_times.json
2026-08-23T19:11:15.556Z,2026-08-23 12:11:15,2026-08-23,America/Los_Angeles,dca,Disney California Adventure,Pixar Pier,866,Games of Pixar Pier,TRUE,0,2026-08-23T19:10:46.000Z,2026-08-23 12:10:46,https://queue-times.com/parks/17/queue_times.json
2026-08-23T19:11:15.556Z,2026-08-23 12:11:15,2026-08-23,America/Los_Angeles,dca,Disney California Adventure,Pixar Pier,322,Incredicoaster,TRUE,10,2026-08-23T19:10:46.000Z,2026-08-23 12:10:46,https://queue-times.com/parks/17/queue_times.json
2026-08-23T19:11:15.556Z,2026-08-23 12:11:15,2026-08-23,America/Los_Angeles,dca,Disney California Adventure,Pixar Pier,10906,Incredicoaster Single Rider,TRUE,0,2026-08-23T19:10:46.000Z,2026-08-23 12:10:46,https://queue-times.com/parks/17/queue_times.json
2026-08-23T19:11:15.556Z,2026-08-23 12:11:15,2026-08-23,America/Los_Angeles,dca,Disney California Adventure,Pixar Pier,6643,Inside Out Emotional Whirlwind,TRUE,5,2026-08-23T19:10:46.000Z,2026-08-23 12:10:46,https://queue-times.com/parks/17/queue_times.json
2026-08-23T19:11:15.556Z,2026-08-23 12:11:15,2026-08-23,America/Los_Angeles,dca,Disney California Adventure,Pixar Pier,310,Jessie's Critter Carousel,TRUE,5,2026-08-23T19:10:46.000Z,2026-08-23 12:10:46,https://queue-times.com/parks/17/queue_times.json
2026-08-23T19:11:15.556Z,2026-08-23 12:11:15,2026-08-23,America/Los_Angeles,dca,Disney California Adventure,Pixar Pier,300,Jumpin' Jellyfish,TRUE,5,2026-08-23T19:10:46.000Z,2026-08-23 12:10:46,https://queue-times.com/parks/17/queue_times.json
2026-08-23T19:11:15.556Z,2026-08-23 12:11:15,2026-08-23,America/Los_Angeles,dca,Disney California Adventure,Pixar Pier,311,Pixar Pal-A-Round - Swinging,TRUE,10,2026-08-23T19:10:46.000Z,2026-08-23 12:10:46,https://queue-times.com/parks/17/queue_times.json
2026-08-23T19:11:15.556Z,2026-08-23 12:11:15,2026-08-23,America/Los_Angeles,dca,Disney California Adventure,Pixar Pier,5557,Pixar Pal-A-Round – Non-Swinging,TRUE,10,2026-08-23T19:10:46.000Z,2026-08-23 12:10:46,https://queue-times.com/parks/17/queue_times.json
2026-08-23T19:11:15.556Z,2026-08-23 12:11:15,2026-08-23,America/Los_Angeles,dca,Disney California Adventure,Pixar Pier,313,Toy Story Midway Mania!,TRUE,45,2026-08-23T19:10:46.000Z,2026-08-23 12:10:46,https://queue-times.com/parks/17/queue_times.json
2026-08-23T19:11:15.556Z,2026-08-23 12:11:15,2026-08-23,America/Los_Angeles,dca,Disney California Adventure,Halloween,5146,Guardians of the Galaxy - Monsters After Dark,FALSE,0,2026-08-23T19:10:46.000Z,2026-08-23 12:10:46,https://queue-times.com/parks/17/queue_times.json
2026-08-23T19:11:15.556Z,2026-08-23 12:11:15,2026-08-23,America/Los_Angeles,dca,Disney California Adventure,Halloween,4723,Mater's Graveyard JamBOOree,TRUE,5,2026-08-23T19:10:46.000Z,2026-08-23 12:10:46,https://queue-times.com/parks/17/queue_times.json
2026-08-23T19:11:15.556Z,2026-08-23 12:11:15,2026-08-23,America/Los_Angeles,dca,Disney California Adventure,Halloween,7292,Villains Grove at Oogie Boogie Bash,FALSE,0,2026-08-23T19:10:46.000Z,2026-08-23 12:10:46,https://queue-times.com/parks/17/queue_times.json
2026-08-23T19:30:21.819Z,2026-08-23 12:30:21,2026-08-23,America/Los_Angeles,disneyland,Disneyland,Adventureland,12428,Adventureland Treehouse inspired by Walt Disney’s Swiss Family Robinson,TRUE,0,2026-08-23T19:25:39.000Z,2026-08-23 12:25:39,https://queue-times.com/parks/16/queue_times.json
2026-08-23T19:30:21.819Z,2026-08-23 12:30:21,2026-08-23,America/Los_Angeles,disneyland,Disneyland,Adventureland,326,Indiana Jones™ Adventure,FALSE,0,2026-08-23T19:25:39.000Z,2026-08-23 12:25:39,https://queue-times.com/parks/16/queue_times.json
2026-08-23T19:30:21.819Z,2026-08-23 12:30:21,2026-08-23,America/Los_Angeles,disneyland,Disneyland,Adventureland,296,Jungle Cruise,TRUE,5,2026-08-23T19:25:39.000Z,2026-08-23 12:25:39,https://queue-times.com/parks/16/queue_times.json
2026-08-23T19:30:21.819Z,2026-08-23 12:30:21,2026-08-23,America/Los_Angeles,disneyland,Disneyland,Adventureland,288,Walt Disney's Enchanted Tiki Room,TRUE,0,2026-08-23T19:25:39.000Z,2026-08-23 12:25:39,https://queue-times.com/parks/16/queue_times.json
2026-08-23T19:30:21.819Z,2026-08-23 12:30:21,2026-08-23,America/Los_Angeles,disneyland,Disneyland,Bayou Country,304,Davy Crockett's Explorer Canoes,FALSE,0,2026-08-23T19:25:39.000Z,2026-08-23 12:25:39,https://queue-times.com/parks/16/queue_times.json
2026-08-23T19:30:21.819Z,2026-08-23 12:30:21,2026-08-23,America/Los_Angeles,disneyland,Disneyland,Bayou Country,306,The Many Adventures of Winnie the Pooh,TRUE,10,2026-08-23T19:25:39.000Z,2026-08-23 12:25:39,https://queue-times.com/parks/16/queue_times.json
2026-08-23T19:30:21.819Z,2026-08-23 12:30:21,2026-08-23,America/Los_Angeles,disneyland,Disneyland,Bayou Country,14168,Tiana's Bayou Adventure,TRUE,45,2026-08-23T19:25:39.000Z,2026-08-23 12:25:39,https://queue-times.com/parks/16/queue_times.json
2026-08-23T19:30:21.819Z,2026-08-23 12:30:21,2026-08-23,America/Los_Angeles,disneyland,Disneyland,Bayou Country,14326,Tiana's Bayou Adventure Single Rider,TRUE,0,2026-08-23T19:25:39.000Z,2026-08-23 12:25:39,https://queue-times.com/parks/16/queue_times.json
2026-08-23T19:30:21.819Z,2026-08-23 12:30:21,2026-08-23,America/Los_Angeles,disneyland,Disneyland,Fantasyland,307,"""it's a small world""",TRUE,5,2026-08-23T19:25:39.000Z,2026-08-23 12:25:39,https://queue-times.com/parks/16/queue_times.json
2026-08-23T19:30:21.819Z,2026-08-23 12:30:21,2026-08-23,America/Los_Angeles,disneyland,Disneyland,Fantasyland,285,Alice in Wonderland,TRUE,15,2026-08-23T19:25:39.000Z,2026-08-23 12:25:39,https://queue-times.com/parks/16/queue_times.json
2026-08-23T19:30:21.819Z,2026-08-23 12:30:21,2026-08-23,America/Los_Angeles,disneyland,Disneyland,Fantasyland,16254,Bluey’s Best Day Ever! at Fantasyland Theatre,TRUE,0,2026-08-23T19:25:39.000Z,2026-08-23 12:25:39,https://queue-times.com/parks/16/queue_times.json
2026-08-23T19:30:21.819Z,2026-08-23 12:30:21,2026-08-23,America/Los_Angeles,disneyland,Disneyland,Fantasyland,303,Casey Jr. Circus Train,TRUE,5,2026-08-23T19:25:39.000Z,2026-08-23 12:25:39,https://queue-times.com/parks/16/queue_times.json
2026-08-23T19:30:21.819Z,2026-08-23 12:30:21,2026-08-23,America/Los_Angeles,disneyland,Disneyland,Fantasyland,275,Dumbo the Flying Elephant,TRUE,10,2026-08-23T19:25:39.000Z,2026-08-23 12:25:39,https://queue-times.com/parks/16/queue_times.json
2026-08-23T19:30:21.819Z,2026-08-23 12:30:21,2026-08-23,America/Los_Angeles,disneyland,Disneyland,Fantasyland,277,King Arthur Carrousel,TRUE,5,2026-08-23T19:25:39.000Z,2026-08-23 12:25:39,https://queue-times.com/parks/16/queue_times.json
2026-08-23T19:30:21.819Z,2026-08-23 12:30:21,2026-08-23,America/Los_Angeles,disneyland,Disneyland,Fantasyland,278,Mad Tea Party,TRUE,5,2026-08-23T19:25:39.000Z,2026-08-23 12:25:39,https://queue-times.com/parks/16/queue_times.json
2026-08-23T19:30:21.819Z,2026-08-23 12:30:21,2026-08-23,America/Los_Angeles,disneyland,Disneyland,Fantasyland,279,Matterhorn Bobsleds,TRUE,20,2026-08-23T19:25:39.000Z,2026-08-23 12:25:39,https://queue-times.com/parks/16/queue_times.json
2026-08-23T19:30:21.819Z,2026-08-23 12:30:21,2026-08-23,America/Los_Angeles,disneyland,Disneyland,Fantasyland,6711,Meet Disney Princesses at Royal Hall,TRUE,30,2026-08-23T19:25:39.000Z,2026-08-23 12:25:39,https://queue-times.com/parks/16/queue_times.json
2026-08-23T19:30:21.819Z,2026-08-23 12:30:21,2026-08-23,America/Los_Angeles,disneyland,Disneyland,Fantasyland,280,Mr. Toad's Wild Ride,TRUE,10,2026-08-23T19:25:39.000Z,2026-08-23 12:25:39,https://queue-times.com/parks/16/queue_times.json
2026-08-23T19:30:21.819Z,2026-08-23 12:30:21,2026-08-23,America/Los_Angeles,disneyland,Disneyland,Fantasyland,281,Peter Pan's Flight,TRUE,20,2026-08-23T19:25:39.000Z,2026-08-23 12:25:39,https://queue-times.com/parks/16/queue_times.json
2026-08-23T19:30:21.819Z,2026-08-23 12:30:21,2026-08-23,America/Los_Angeles,disneyland,Disneyland,Fantasyland,282,Pinocchio's Daring Journey,TRUE,5,2026-08-23T19:25:39.000Z,2026-08-23 12:25:39,https://queue-times.com/parks/16/queue_times.json
2026-08-23T19:30:21.819Z,2026-08-23 12:30:21,2026-08-23,America/Los_Angeles,disneyland,Disneyland,Fantasyland,687,Sleeping Beauty Castle Walkthrough,FALSE,0,2026-08-23T19:25:39.000Z,2026-08-23 12:25:39,https://queue-times.com/parks/16/queue_times.json
2026-08-23T19:30:21.819Z,2026-08-23 12:30:21,2026-08-23,America/Los_Angeles,disneyland,Disneyland,Fantasyland,283,Snow White's Enchanted Wish,TRUE,10,2026-08-23T19:25:39.000Z,2026-08-23 12:25:39,https://queue-times.com/parks/16/queue_times.json
2026-08-23T19:30:21.819Z,2026-08-23 12:30:21,2026-08-23,America/Los_Angeles,disneyland,Disneyland,Fantasyland,305,Storybook Land Canal Boats,TRUE,5,2026-08-23T19:25:39.000Z,2026-08-23 12:25:39,https://queue-times.com/parks/16/queue_times.json
2026-08-23T19:30:21.819Z,2026-08-23 12:30:21,2026-08-23,America/Los_Angeles,disneyland,Disneyland,Frontierland,323,Big Thunder Mountain Railroad,TRUE,10,2026-08-23T19:25:39.000Z,2026-08-23 12:25:39,https://queue-times.com/parks/16/queue_times.json
2026-08-23T19:30:21.819Z,2026-08-23 12:30:21,2026-08-23,America/Los_Angeles,disneyland,Disneyland,Frontierland,679,Frontierland Shootin' Exposition,FALSE,0,2026-08-23T19:25:39.000Z,2026-08-23 12:25:39,https://queue-times.com/parks/16/queue_times.json
2026-08-23T19:30:21.819Z,2026-08-23 12:30:21,2026-08-23,America/Los_Angeles,disneyland,Disneyland,Frontierland,456,Mark Twain Riverboat,TRUE,10,2026-08-23T19:25:39.000Z,2026-08-23 12:25:39,https://queue-times.com/parks/16/queue_times.json
2026-08-23T19:30:21.819Z,2026-08-23 12:30:21,2026-08-23,America/Los_Angeles,disneyland,Disneyland,Frontierland,331,Pirate's Lair on Tom Sawyer Island,TRUE,5,2026-08-23T19:25:39.000Z,2026-08-23 12:25:39,https://queue-times.com/parks/16/queue_times.json
2026-08-23T19:30:21.819Z,2026-08-23 12:30:21,2026-08-23,America/Los_Angeles,disneyland,Disneyland,Frontierland,328,Sailing Ship Columbia,FALSE,0,2026-08-23T19:25:39.000Z,2026-08-23 12:25:39,https://queue-times.com/parks/16/queue_times.json
2026-08-23T19:30:21.819Z,2026-08-23 12:30:21,2026-08-23,America/Los_Angeles,disneyland,Disneyland,Main Street U.S.A,674,Disneyland Railroad,TRUE,5,2026-08-23T19:25:39.000Z,2026-08-23 12:25:39,https://queue-times.com/parks/16/queue_times.json
2026-08-23T19:30:21.819Z,2026-08-23 12:30:21,2026-08-23,America/Los_Angeles,disneyland,Disneyland,Main Street U.S.A,690,Great Moments with Mr. Lincoln,TRUE,0,2026-08-23T19:25:39.000Z,2026-08-23 12:25:39,https://queue-times.com/parks/16/queue_times.json
2026-08-23T19:30:21.819Z,2026-08-23 12:30:21,2026-08-23,America/Los_Angeles,disneyland,Disneyland,Main Street U.S.A,686,Main Street Cinema,FALSE,0,2026-08-23T19:25:39.000Z,2026-08-23 12:25:39,https://queue-times.com/parks/16/queue_times.json
2026-08-23T19:30:21.819Z,2026-08-23 12:30:21,2026-08-23,America/Los_Angeles,disneyland,Disneyland,Main Street U.S.A,691,Main Street Vehicles,TRUE,0,2026-08-23T19:25:39.000Z,2026-08-23 12:25:39,https://queue-times.com/parks/16/queue_times.json
2026-08-23T19:30:21.819Z,2026-08-23 12:30:21,2026-08-23,America/Los_Angeles,disneyland,Disneyland,Main Street U.S.A,14915,Opera House - Walt Disney - A Magical Life,TRUE,0,2026-08-23T19:25:39.000Z,2026-08-23 12:25:39,https://queue-times.com/parks/16/queue_times.json
2026-08-23T19:30:21.819Z,2026-08-23 12:30:21,2026-08-23,America/Los_Angeles,disneyland,Disneyland,Main Street U.S.A,695,The Disney Gallery,TRUE,0,2026-08-23T19:25:39.000Z,2026-08-23 12:25:39,https://queue-times.com/parks/16/queue_times.json
2026-08-23T19:30:21.819Z,2026-08-23 12:30:21,2026-08-23,America/Los_Angeles,disneyland,Disneyland,Main Street U.S.A,14923,Walt Disney - A Magical Life,FALSE,0,2026-08-23T19:25:39.000Z,2026-08-23 12:25:39,https://queue-times.com/parks/16/queue_times.json
2026-08-23T19:30:21.819Z,2026-08-23 12:30:21,2026-08-23,America/Los_Angeles,disneyland,Disneyland,Mickey's Toontown,324,Chip 'n' Dale's GADGETcoaster,TRUE,5,2026-08-23T19:25:39.000Z,2026-08-23 12:25:39,https://queue-times.com/parks/16/queue_times.json
2026-08-23T19:30:21.819Z,2026-08-23 12:30:21,2026-08-23,America/Los_Angeles,disneyland,Disneyland,Mickey's Toontown,13814,Donald's Duck Pond,TRUE,0,2026-08-23T19:25:39.000Z,2026-08-23 12:25:39,https://queue-times.com/parks/16/queue_times.json
2026-08-23T19:30:21.819Z,2026-08-23 12:30:21,2026-08-23,America/Los_Angeles,disneyland,Disneyland,Mickey's Toontown,11980,Goofy's How-to-Play Yard,TRUE,0,2026-08-23T19:25:39.000Z,2026-08-23 12:25:39,https://queue-times.com/parks/16/queue_times.json
2026-08-23T19:30:21.819Z,2026-08-23 12:30:21,2026-08-23,America/Los_Angeles,disneyland,Disneyland,Mickey's Toontown,11526,Mickey & Minnie's Runaway Railway,TRUE,20,2026-08-23T19:25:39.000Z,2026-08-23 12:25:39,https://queue-times.com/parks/16/queue_times.json
2026-08-23T19:30:21.819Z,2026-08-23 12:30:21,2026-08-23,America/Los_Angeles,disneyland,Disneyland,Mickey's Toontown,709,Mickey's House and Meet Mickey Mouse,TRUE,15,2026-08-23T19:25:39.000Z,2026-08-23 12:25:39,https://queue-times.com/parks/16/queue_times.json
2026-08-23T19:30:21.819Z,2026-08-23 12:30:21,2026-08-23,America/Los_Angeles,disneyland,Disneyland,Mickey's Toontown,327,Mickey's House and Meet Mickey Mouse,FALSE,0,2026-08-23T19:25:39.000Z,2026-08-23 12:25:39,https://queue-times.com/parks/16/queue_times.json
2026-08-23T19:30:21.819Z,2026-08-23 12:30:21,2026-08-23,America/Los_Angeles,disneyland,Disneyland,Mickey's Toontown,684,Minnie's House,TRUE,0,2026-08-23T19:25:39.000Z,2026-08-23 12:25:39,https://queue-times.com/parks/16/queue_times.json
2026-08-23T19:30:21.819Z,2026-08-23 12:30:21,2026-08-23,America/Los_Angeles,disneyland,Disneyland,Mickey's Toontown,332,Roger Rabbit's Car Toon Spin,TRUE,55,2026-08-23T19:25:39.000Z,2026-08-23 12:25:39,https://queue-times.com/parks/16/queue_times.json
2026-08-23T19:30:21.819Z,2026-08-23 12:30:21,2026-08-23,America/Los_Angeles,disneyland,Disneyland,New Orleans Square,13958,Haunted Mansion,FALSE,0,2026-08-21T05:25:59.000Z,2026-08-20 22:25:59,https://queue-times.com/parks/16/queue_times.json
2026-08-23T19:30:21.819Z,2026-08-23 12:30:21,2026-08-23,America/Los_Angeles,disneyland,Disneyland,New Orleans Square,325,Haunted Mansion Holiday,TRUE,45,2026-08-23T19:25:39.000Z,2026-08-23 12:25:39,https://queue-times.com/parks/16/queue_times.json
2026-08-23T19:30:21.819Z,2026-08-23 12:30:21,2026-08-23,America/Los_Angeles,disneyland,Disneyland,New Orleans Square,289,Pirates of the Caribbean,TRUE,10,2026-08-23T19:25:39.000Z,2026-08-23 12:25:39,https://queue-times.com/parks/16/queue_times.json
2026-08-23T19:30:21.819Z,2026-08-23 12:30:21,2026-08-23,America/Los_Angeles,disneyland,Disneyland,Star Wars: Galaxy's Edge,6339,Millennium Falcon: Smugglers Run,TRUE,10,2026-08-23T19:25:39.000Z,2026-08-23 12:25:39,https://queue-times.com/parks/16/queue_times.json
2026-08-23T19:30:21.819Z,2026-08-23 12:30:21,2026-08-23,America/Los_Angeles,disneyland,Disneyland,Star Wars: Galaxy's Edge,10903,Millennium Falcon: Smugglers Run Single Rider,TRUE,0,2026-08-23T19:25:39.000Z,2026-08-23 12:25:39,https://queue-times.com/parks/16/queue_times.json
2026-08-23T19:30:21.819Z,2026-08-23 12:30:21,2026-08-23,America/Los_Angeles,disneyland,Disneyland,Star Wars: Galaxy's Edge,6340,Star Wars: Rise of the Resistance,TRUE,35,2026-08-23T19:25:39.000Z,2026-08-23 12:25:39,https://queue-times.com/parks/16/queue_times.json
2026-08-23T19:30:21.819Z,2026-08-23 12:30:21,2026-08-23,America/Los_Angeles,disneyland,Disneyland,Tomorrowland,287,Astro Orbitor,TRUE,5,2026-08-23T19:25:39.000Z,2026-08-23 12:25:39,https://queue-times.com/parks/16/queue_times.json
2026-08-23T19:30:21.819Z,2026-08-23 12:30:21,2026-08-23,America/Los_Angeles,disneyland,Disneyland,Tomorrowland,317,Autopia,TRUE,5,2026-08-23T19:25:39.000Z,2026-08-23 12:25:39,https://queue-times.com/parks/16/queue_times.json
2026-08-23T19:30:21.819Z,2026-08-23 12:30:21,2026-08-23,America/Los_Angeles,disneyland,Disneyland,Tomorrowland,273,Buzz Lightyear Astro Blasters,TRUE,5,2026-08-23T19:25:39.000Z,2026-08-23 12:25:39,https://queue-times.com/parks/16/queue_times.json
2026-08-23T19:30:21.819Z,2026-08-23 12:30:21,2026-08-23,America/Los_Angeles,disneyland,Disneyland,Tomorrowland,274,Disneyland Monorail,FALSE,0,2026-08-23T19:25:39.000Z,2026-08-23 12:25:39,https://queue-times.com/parks/16/queue_times.json
2026-08-23T19:30:21.819Z,2026-08-23 12:30:21,2026-08-23,America/Los_Angeles,disneyland,Disneyland,Tomorrowland,276,Finding Nemo Submarine Voyage,TRUE,10,2026-08-23T19:25:39.000Z,2026-08-23 12:25:39,https://queue-times.com/parks/16/queue_times.json
2026-08-23T19:30:21.819Z,2026-08-23 12:30:21,2026-08-23,America/Los_Angeles,disneyland,Disneyland,Tomorrowland,16627,Pixar Short Film Spotlight,FALSE,0,2026-08-23T19:25:39.000Z,2026-08-23 12:25:39,https://queue-times.com/parks/16/queue_times.json
2026-08-23T19:30:21.819Z,2026-08-23 12:30:21,2026-08-23,America/Los_Angeles,disneyland,Disneyland,Tomorrowland,284,Space Mountain,TRUE,25,2026-08-23T19:25:39.000Z,2026-08-23 12:25:39,https://queue-times.com/parks/16/queue_times.json
2026-08-23T19:30:21.819Z,2026-08-23 12:30:21,2026-08-23,America/Los_Angeles,disneyland,Disneyland,Tomorrowland,286,Star Tours - The Adventures Continue,TRUE,15,2026-08-23T19:25:39.000Z,2026-08-23 12:25:39,https://queue-times.com/parks/16/queue_times.json
2026-08-23T19:30:21.819Z,2026-08-23 12:30:21,2026-08-23,America/Los_Angeles,dca,Disney California Adventure,Avengers Campus,329,Guardians of the Galaxy - Mission: BREAKOUT!,TRUE,40,2026-08-23T19:25:39.000Z,2026-08-23 12:25:39,https://queue-times.com/parks/17/queue_times.json
2026-08-23T19:30:21.819Z,2026-08-23 12:30:21,2026-08-23,America/Los_Angeles,dca,Disney California Adventure,Avengers Campus,8843,WEB SLINGERS: A Spider-Man Adventure,TRUE,30,2026-08-23T19:25:39.000Z,2026-08-23 12:25:39,https://queue-times.com/parks/17/queue_times.json
2026-08-23T19:30:21.819Z,2026-08-23 12:30:21,2026-08-23,America/Los_Angeles,dca,Disney California Adventure,Avengers Campus,10907,WEB SLINGERS: A Spider-Man Adventure Single Rider,TRUE,0,2026-08-23T19:25:39.000Z,2026-08-23 12:25:39,https://queue-times.com/parks/17/queue_times.json
2026-08-23T19:30:21.819Z,2026-08-23 12:30:21,2026-08-23,America/Los_Angeles,dca,Disney California Adventure,Cars Land,2608,Luigi's Honkin' Haul-O-Ween,TRUE,10,2026-08-23T19:25:39.000Z,2026-08-23 12:25:39,https://queue-times.com/parks/17/queue_times.json
2026-08-23T19:30:21.819Z,2026-08-23 12:30:21,2026-08-23,America/Los_Angeles,dca,Disney California Adventure,Cars Land,13961,Luigi's Rollickin' Roadsters,FALSE,0,2026-08-18T08:55:45.000Z,2026-08-18 01:55:45,https://queue-times.com/parks/17/queue_times.json
2026-08-23T19:30:21.819Z,2026-08-23 12:30:21,2026-08-23,America/Los_Angeles,dca,Disney California Adventure,Cars Land,315,Mater's Junkyard Jamboree,FALSE,0,2026-08-18T08:55:45.000Z,2026-08-18 01:55:45,https://queue-times.com/parks/17/queue_times.json
2026-08-23T19:30:21.819Z,2026-08-23 12:30:21,2026-08-23,America/Los_Angeles,dca,Disney California Adventure,Cars Land,295,Radiator Springs Racers,TRUE,75,2026-08-23T19:25:39.000Z,2026-08-23 12:25:39,https://queue-times.com/parks/17/queue_times.json
2026-08-23T19:30:21.819Z,2026-08-23 12:30:21,2026-08-23,America/Los_Angeles,dca,Disney California Adventure,Cars Land,10904,Radiator Springs Racers Single Rider,TRUE,0,2026-08-23T19:25:39.000Z,2026-08-23 12:25:39,https://queue-times.com/parks/17/queue_times.json
2026-08-23T19:30:21.819Z,2026-08-23 12:30:21,2026-08-23,America/Los_Angeles,dca,Disney California Adventure,Grizzly Peak,302,Grizzly River Run,TRUE,50,2026-08-23T19:25:39.000Z,2026-08-23 12:25:39,https://queue-times.com/parks/17/queue_times.json
2026-08-23T19:30:21.819Z,2026-08-23 12:30:21,2026-08-23,America/Los_Angeles,dca,Disney California Adventure,Grizzly Peak,293,Redwood Creek Challenge Trail,TRUE,5,2026-08-23T19:25:39.000Z,2026-08-23 12:25:39,https://queue-times.com/parks/17/queue_times.json
2026-08-23T19:30:21.819Z,2026-08-23 12:30:21,2026-08-23,America/Los_Angeles,dca,Disney California Adventure,Grizzly Peak,17129,Soarin’ Across America,TRUE,30,2026-08-23T19:25:39.000Z,2026-08-23 12:25:39,https://queue-times.com/parks/17/queue_times.json
2026-08-23T19:30:21.819Z,2026-08-23 12:30:21,2026-08-23,America/Los_Angeles,dca,Disney California Adventure,Hollywood Land,321,Animation Academy,TRUE,0,2026-08-23T19:25:39.000Z,2026-08-23 12:25:39,https://queue-times.com/parks/17/queue_times.json
2026-08-23T19:30:21.819Z,2026-08-23 12:30:21,2026-08-23,America/Los_Angeles,dca,Disney California Adventure,Hollywood Land,6440,Mickey's PhilharMagic,TRUE,10,2026-08-23T19:25:39.000Z,2026-08-23 12:25:39,https://queue-times.com/parks/17/queue_times.json
2026-08-23T19:30:21.819Z,2026-08-23 12:30:21,2026-08-23,America/Los_Angeles,dca,Disney California Adventure,Hollywood Land,291,"Monsters, Inc. Mike & Sulley to the Rescue!",TRUE,10,2026-08-23T19:25:39.000Z,2026-08-23 12:25:39,https://queue-times.com/parks/17/queue_times.json
2026-08-23T19:30:21.819Z,2026-08-23 12:30:21,2026-08-23,America/Los_Angeles,dca,Disney California Adventure,Hollywood Land,868,Sorcerer's Workshop,TRUE,0,2026-08-23T19:25:39.000Z,2026-08-23 12:25:39,https://queue-times.com/parks/17/queue_times.json
2026-08-23T19:30:21.819Z,2026-08-23 12:30:21,2026-08-23,America/Los_Angeles,dca,Disney California Adventure,Hollywood Land,294,Turtle Talk with Crush,TRUE,0,2026-08-23T19:25:39.000Z,2026-08-23 12:25:39,https://queue-times.com/parks/17/queue_times.json
2026-08-23T19:30:21.819Z,2026-08-23 12:30:21,2026-08-23,America/Los_Angeles,dca,Disney California Adventure,Pacific Wharf,869,The Bakery Tour,TRUE,0,2026-08-23T19:25:39.000Z,2026-08-23 12:25:39,https://queue-times.com/parks/17/queue_times.json
2026-08-23T19:30:21.819Z,2026-08-23 12:30:21,2026-08-23,America/Los_Angeles,dca,Disney California Adventure,Paradise Gardens Park,298,Golden Zephyr,FALSE,0,2026-08-23T19:25:39.000Z,2026-08-23 12:25:39,https://queue-times.com/parks/17/queue_times.json
2026-08-23T19:30:21.819Z,2026-08-23 12:30:21,2026-08-23,America/Los_Angeles,dca,Disney California Adventure,Paradise Gardens Park,319,Goofy's Sky School,FALSE,0,2026-08-23T19:25:39.000Z,2026-08-23 12:25:39,https://queue-times.com/parks/17/queue_times.json
2026-08-23T19:30:21.819Z,2026-08-23 12:30:21,2026-08-23,America/Los_Angeles,dca,Disney California Adventure,Paradise Gardens Park,301,Silly Symphony Swings,FALSE,0,2026-08-23T19:25:39.000Z,2026-08-23 12:25:39,https://queue-times.com/parks/17/queue_times.json
2026-08-23T19:30:21.819Z,2026-08-23 12:30:21,2026-08-23,America/Los_Angeles,dca,Disney California Adventure,Paradise Gardens Park,316,The Little Mermaid - Ariel's Undersea Adventure,TRUE,20,2026-08-23T19:25:39.000Z,2026-08-23 12:25:39,https://queue-times.com/parks/17/queue_times.json
2026-08-23T19:30:21.819Z,2026-08-23 12:30:21,2026-08-23,America/Los_Angeles,dca,Disney California Adventure,Paradise Gardens Park,11528,World of Color – ONE,FALSE,0,2026-08-23T19:25:39.000Z,2026-08-23 12:25:39,https://queue-times.com/parks/17/queue_times.json
2026-08-23T19:30:21.819Z,2026-08-23 12:30:21,2026-08-23,America/Los_Angeles,dca,Disney California Adventure,Pixar Pier,866,Games of Pixar Pier,TRUE,0,2026-08-23T19:25:39.000Z,2026-08-23 12:25:39,https://queue-times.com/parks/17/queue_times.json
2026-08-23T19:30:21.819Z,2026-08-23 12:30:21,2026-08-23,America/Los_Angeles,dca,Disney California Adventure,Pixar Pier,322,Incredicoaster,TRUE,20,2026-08-23T19:25:39.000Z,2026-08-23 12:25:39,https://queue-times.com/parks/17/queue_times.json
2026-08-23T19:30:21.819Z,2026-08-23 12:30:21,2026-08-23,America/Los_Angeles,dca,Disney California Adventure,Pixar Pier,10906,Incredicoaster Single Rider,TRUE,0,2026-08-23T19:25:39.000Z,2026-08-23 12:25:39,https://queue-times.com/parks/17/queue_times.json
2026-08-23T19:30:21.819Z,2026-08-23 12:30:21,2026-08-23,America/Los_Angeles,dca,Disney California Adventure,Pixar Pier,6643,Inside Out Emotional Whirlwind,TRUE,5,2026-08-23T19:25:39.000Z,2026-08-23 12:25:39,https://queue-times.com/parks/17/queue_times.json
2026-08-23T19:30:21.819Z,2026-08-23 12:30:21,2026-08-23,America/Los_Angeles,dca,Disney California Adventure,Pixar Pier,310,Jessie's Critter Carousel,TRUE,5,2026-08-23T19:25:39.000Z,2026-08-23 12:25:39,https://queue-times.com/parks/17/queue_times.json
2026-08-23T19:30:21.819Z,2026-08-23 12:30:21,2026-08-23,America/Los_Angeles,dca,Disney California Adventure,Pixar Pier,300,Jumpin' Jellyfish,TRUE,5,2026-08-23T19:25:39.000Z,2026-08-23 12:25:39,https://queue-times.com/parks/17/queue_times.json
2026-08-23T19:30:21.819Z,2026-08-23 12:30:21,2026-08-23,America/Los_Angeles,dca,Disney California Adventure,Pixar Pier,311,Pixar Pal-A-Round - Swinging,TRUE,5,2026-08-23T19:25:39.000Z,2026-08-23 12:25:39,https://queue-times.com/parks/17/queue_times.json
2026-08-23T19:30:21.819Z,2026-08-23 12:30:21,2026-08-23,America/Los_Angeles,dca,Disney California Adventure,Pixar Pier,5557,Pixar Pal-A-Round – Non-Swinging,TRUE,10,2026-08-23T19:25:39.000Z,2026-08-23 12:25:39,https://queue-times.com/parks/17/queue_times.json
2026-08-23T19:30:21.819Z,2026-08-23 12:30:21,2026-08-23,America/Los_Angeles,dca,Disney California Adventure,Pixar Pier,313,Toy Story Midway Mania!,TRUE,45,2026-08-23T19:25:39.000Z,2026-08-23 12:25:39,https://queue-times.com/parks/17/queue_times.json
2026-08-23T19:30:21.819Z,2026-08-23 12:30:21,2026-08-23,America/Los_Angeles,dca,Disney California Adventure,Halloween,5146,Guardians of the Galaxy - Monsters After Dark,FALSE,0,2026-08-23T19:25:39.000Z,2026-08-23 12:25:39,https://queue-times.com/parks/17/queue_times.json
2026-08-23T19:30:21.819Z,2026-08-23 12:30:21,2026-08-23,America/Los_Angeles,dca,Disney California Adventure,Halloween,4723,Mater's Graveyard JamBOOree,TRUE,5,2026-08-23T19:25:39.000Z,2026-08-23 12:25:39,https://queue-times.com/parks/17/queue_times.json
2026-08-23T19:30:21.819Z,2026-08-23 12:30:21,2026-08-23,America/Los_Angeles,dca,Disney California Adventure,Halloween,7292,Villains Grove at Oogie Boogie Bash,FALSE,0,2026-08-23T19:25:39.000Z,2026-08-23 12:25:39,https://queue-times.com/parks/17/queue_times.json
2026-08-23T19:41:08.000Z,2026-08-23 12:41:08,2026-08-23,America/Los_Angeles,disneyland,Disneyland,Adventureland,12428,Adventureland Treehouse inspired by Walt Disney’s Swiss Family Robinson,TRUE,0,2026-08-23T19:35:34.000Z,2026-08-23 12:35:34,https://queue-times.com/parks/16/queue_times.json
2026-08-23T19:41:08.000Z,2026-08-23 12:41:08,2026-08-23,America/Los_Angeles,disneyland,Disneyland,Adventureland,326,Indiana Jones™ Adventure,FALSE,0,2026-08-23T19:35:34.000Z,2026-08-23 12:35:34,https://queue-times.com/parks/16/queue_times.json
2026-08-23T19:41:08.000Z,2026-08-23 12:41:08,2026-08-23,America/Los_Angeles,disneyland,Disneyland,Adventureland,296,Jungle Cruise,TRUE,5,2026-08-23T19:35:34.000Z,2026-08-23 12:35:34,https://queue-times.com/parks/16/queue_times.json
2026-08-23T19:41:08.000Z,2026-08-23 12:41:08,2026-08-23,America/Los_Angeles,disneyland,Disneyland,Adventureland,288,Walt Disney's Enchanted Tiki Room,TRUE,0,2026-08-23T19:35:34.000Z,2026-08-23 12:35:34,https://queue-times.com/parks/16/queue_times.json
2026-08-23T19:41:08.000Z,2026-08-23 12:41:08,2026-08-23,America/Los_Angeles,disneyland,Disneyland,Bayou Country,304,Davy Crockett's Explorer Canoes,FALSE,0,2026-08-23T19:35:34.000Z,2026-08-23 12:35:34,https://queue-times.com/parks/16/queue_times.json
2026-08-23T19:41:08.000Z,2026-08-23 12:41:08,2026-08-23,America/Los_Angeles,disneyland,Disneyland,Bayou Country,306,The Many Adventures of Winnie the Pooh,TRUE,5,2026-08-23T19:35:34.000Z,2026-08-23 12:35:34,https://queue-times.com/parks/16/queue_times.json
2026-08-23T19:41:08.000Z,2026-08-23 12:41:08,2026-08-23,America/Los_Angeles,disneyland,Disneyland,Bayou Country,14168,Tiana's Bayou Adventure,TRUE,45,2026-08-23T19:35:34.000Z,2026-08-23 12:35:34,https://queue-times.com/parks/16/queue_times.json
2026-08-23T19:41:08.000Z,2026-08-23 12:41:08,2026-08-23,America/Los_Angeles,disneyland,Disneyland,Bayou Country,14326,Tiana's Bayou Adventure Single Rider,TRUE,0,2026-08-23T19:35:34.000Z,2026-08-23 12:35:34,https://queue-times.com/parks/16/queue_times.json
2026-08-23T19:41:08.000Z,2026-08-23 12:41:08,2026-08-23,America/Los_Angeles,disneyland,Disneyland,Fantasyland,307,"""it's a small world""",FALSE,0,2026-08-23T19:35:34.000Z,2026-08-23 12:35:34,https://queue-times.com/parks/16/queue_times.json
2026-08-23T19:41:08.000Z,2026-08-23 12:41:08,2026-08-23,America/Los_Angeles,disneyland,Disneyland,Fantasyland,285,Alice in Wonderland,TRUE,15,2026-08-23T19:35:34.000Z,2026-08-23 12:35:34,https://queue-times.com/parks/16/queue_times.json
2026-08-23T19:41:08.000Z,2026-08-23 12:41:08,2026-08-23,America/Los_Angeles,disneyland,Disneyland,Fantasyland,16254,Bluey’s Best Day Ever! at Fantasyland Theatre,TRUE,0,2026-08-23T19:35:34.000Z,2026-08-23 12:35:34,https://queue-times.com/parks/16/queue_times.json
2026-08-23T19:41:08.000Z,2026-08-23 12:41:08,2026-08-23,America/Los_Angeles,disneyland,Disneyland,Fantasyland,303,Casey Jr. Circus Train,TRUE,5,2026-08-23T19:35:34.000Z,2026-08-23 12:35:34,https://queue-times.com/parks/16/queue_times.json
2026-08-23T19:41:08.000Z,2026-08-23 12:41:08,2026-08-23,America/Los_Angeles,disneyland,Disneyland,Fantasyland,275,Dumbo the Flying Elephant,TRUE,10,2026-08-23T19:35:34.000Z,2026-08-23 12:35:34,https://queue-times.com/parks/16/queue_times.json
2026-08-23T19:41:08.000Z,2026-08-23 12:41:08,2026-08-23,America/Los_Angeles,disneyland,Disneyland,Fantasyland,277,King Arthur Carrousel,FALSE,0,2026-08-23T19:35:34.000Z,2026-08-23 12:35:34,https://queue-times.com/parks/16/queue_times.json
2026-08-23T19:41:08.000Z,2026-08-23 12:41:08,2026-08-23,America/Los_Angeles,disneyland,Disneyland,Fantasyland,278,Mad Tea Party,TRUE,5,2026-08-23T19:35:34.000Z,2026-08-23 12:35:34,https://queue-times.com/parks/16/queue_times.json
2026-08-23T19:41:08.000Z,2026-08-23 12:41:08,2026-08-23,America/Los_Angeles,disneyland,Disneyland,Fantasyland,279,Matterhorn Bobsleds,TRUE,15,2026-08-23T19:35:34.000Z,2026-08-23 12:35:34,https://queue-times.com/parks/16/queue_times.json
2026-08-23T19:41:08.000Z,2026-08-23 12:41:08,2026-08-23,America/Los_Angeles,disneyland,Disneyland,Fantasyland,6711,Meet Disney Princesses at Royal Hall,TRUE,25,2026-08-23T19:35:34.000Z,2026-08-23 12:35:34,https://queue-times.com/parks/16/queue_times.json
2026-08-23T19:41:08.000Z,2026-08-23 12:41:08,2026-08-23,America/Los_Angeles,disneyland,Disneyland,Fantasyland,280,Mr. Toad's Wild Ride,TRUE,10,2026-08-23T19:35:34.000Z,2026-08-23 12:35:34,https://queue-times.com/parks/16/queue_times.json
2026-08-23T19:41:08.000Z,2026-08-23 12:41:08,2026-08-23,America/Los_Angeles,disneyland,Disneyland,Fantasyland,281,Peter Pan's Flight,TRUE,20,2026-08-23T19:35:34.000Z,2026-08-23 12:35:34,https://queue-times.com/parks/16/queue_times.json
2026-08-23T19:41:08.000Z,2026-08-23 12:41:08,2026-08-23,America/Los_Angeles,disneyland,Disneyland,Fantasyland,282,Pinocchio's Daring Journey,TRUE,5,2026-08-23T19:35:34.000Z,2026-08-23 12:35:34,https://queue-times.com/parks/16/queue_times.json
2026-08-23T19:41:08.000Z,2026-08-23 12:41:08,2026-08-23,America/Los_Angeles,disneyland,Disneyland,Fantasyland,687,Sleeping Beauty Castle Walkthrough,FALSE,0,2026-08-23T19:35:34.000Z,2026-08-23 12:35:34,https://queue-times.com/parks/16/queue_times.json
2026-08-23T19:41:08.000Z,2026-08-23 12:41:08,2026-08-23,America/Los_Angeles,disneyland,Disneyland,Fantasyland,283,Snow White's Enchanted Wish,TRUE,10,2026-08-23T19:35:34.000Z,2026-08-23 12:35:34,https://queue-times.com/parks/16/queue_times.json
2026-08-23T19:41:08.000Z,2026-08-23 12:41:08,2026-08-23,America/Los_Angeles,disneyland,Disneyland,Fantasyland,305,Storybook Land Canal Boats,TRUE,5,2026-08-23T19:35:34.000Z,2026-08-23 12:35:34,https://queue-times.com/parks/16/queue_times.json
2026-08-23T19:41:08.000Z,2026-08-23 12:41:08,2026-08-23,America/Los_Angeles,disneyland,Disneyland,Frontierland,323,Big Thunder Mountain Railroad,TRUE,10,2026-08-23T19:35:34.000Z,2026-08-23 12:35:34,https://queue-times.com/parks/16/queue_times.json
2026-08-23T19:41:08.000Z,2026-08-23 12:41:08,2026-08-23,America/Los_Angeles,disneyland,Disneyland,Frontierland,679,Frontierland Shootin' Exposition,FALSE,0,2026-08-23T19:35:34.000Z,2026-08-23 12:35:34,https://queue-times.com/parks/16/queue_times.json
2026-08-23T19:41:08.000Z,2026-08-23 12:41:08,2026-08-23,America/Los_Angeles,disneyland,Disneyland,Frontierland,456,Mark Twain Riverboat,TRUE,10,2026-08-23T19:35:34.000Z,2026-08-23 12:35:34,https://queue-times.com/parks/16/queue_times.json
2026-08-23T19:41:08.000Z,2026-08-23 12:41:08,2026-08-23,America/Los_Angeles,disneyland,Disneyland,Frontierland,331,Pirate's Lair on Tom Sawyer Island,TRUE,5,2026-08-23T19:35:34.000Z,2026-08-23 12:35:34,https://queue-times.com/parks/16/queue_times.json
2026-08-23T19:41:08.000Z,2026-08-23 12:41:08,2026-08-23,America/Los_Angeles,disneyland,Disneyland,Frontierland,328,Sailing Ship Columbia,FALSE,0,2026-08-23T19:35:34.000Z,2026-08-23 12:35:34,https://queue-times.com/parks/16/queue_times.json
2026-08-23T19:41:08.000Z,2026-08-23 12:41:08,2026-08-23,America/Los_Angeles,disneyland,Disneyland,Main Street U.S.A,674,Disneyland Railroad,TRUE,5,2026-08-23T19:35:34.000Z,2026-08-23 12:35:34,https://queue-times.com/parks/16/queue_times.json
2026-08-23T19:41:08.000Z,2026-08-23 12:41:08,2026-08-23,America/Los_Angeles,disneyland,Disneyland,Main Street U.S.A,690,Great Moments with Mr. Lincoln,TRUE,0,2026-08-23T19:35:34.000Z,2026-08-23 12:35:34,https://queue-times.com/parks/16/queue_times.json
2026-08-23T19:41:08.000Z,2026-08-23 12:41:08,2026-08-23,America/Los_Angeles,disneyland,Disneyland,Main Street U.S.A,686,Main Street Cinema,FALSE,0,2026-08-23T19:35:34.000Z,2026-08-23 12:35:34,https://queue-times.com/parks/16/queue_times.json
2026-08-23T19:41:08.000Z,2026-08-23 12:41:08,2026-08-23,America/Los_Angeles,disneyland,Disneyland,Main Street U.S.A,691,Main Street Vehicles,TRUE,0,2026-08-23T19:35:34.000Z,2026-08-23 12:35:34,https://queue-times.com/parks/16/queue_times.json
2026-08-23T19:41:08.000Z,2026-08-23 12:41:08,2026-08-23,America/Los_Angeles,disneyland,Disneyland,Main Street U.S.A,14915,Opera House - Walt Disney - A Magical Life,TRUE,0,2026-08-23T19:35:34.000Z,2026-08-23 12:35:34,https://queue-times.com/parks/16/queue_times.json
2026-08-23T19:41:08.000Z,2026-08-23 12:41:08,2026-08-23,America/Los_Angeles,disneyland,Disneyland,Main Street U.S.A,695,The Disney Gallery,TRUE,0,2026-08-23T19:35:34.000Z,2026-08-23 12:35:34,https://queue-times.com/parks/16/queue_times.json
2026-08-23T19:41:08.000Z,2026-08-23 12:41:08,2026-08-23,America/Los_Angeles,disneyland,Disneyland,Main Street U.S.A,14923,Walt Disney - A Magical Life,FALSE,0,2026-08-23T19:35:34.000Z,2026-08-23 12:35:34,https://queue-times.com/parks/16/queue_times.json
2026-08-23T19:41:08.000Z,2026-08-23 12:41:08,2026-08-23,America/Los_Angeles,disneyland,Disneyland,Mickey's Toontown,324,Chip 'n' Dale's GADGETcoaster,TRUE,5,2026-08-23T19:35:34.000Z,2026-08-23 12:35:34,https://queue-times.com/parks/16/queue_times.json
2026-08-23T19:41:08.000Z,2026-08-23 12:41:08,2026-08-23,America/Los_Angeles,disneyland,Disneyland,Mickey's Toontown,13814,Donald's Duck Pond,TRUE,0,2026-08-23T19:35:34.000Z,2026-08-23 12:35:34,https://queue-times.com/parks/16/queue_times.json
2026-08-23T19:41:08.000Z,2026-08-23 12:41:08,2026-08-23,America/Los_Angeles,disneyland,Disneyland,Mickey's Toontown,11980,Goofy's How-to-Play Yard,TRUE,0,2026-08-23T19:35:34.000Z,2026-08-23 12:35:34,https://queue-times.com/parks/16/queue_times.json
2026-08-23T19:41:08.000Z,2026-08-23 12:41:08,2026-08-23,America/Los_Angeles,disneyland,Disneyland,Mickey's Toontown,11526,Mickey & Minnie's Runaway Railway,TRUE,30,2026-08-23T19:35:34.000Z,2026-08-23 12:35:34,https://queue-times.com/parks/16/queue_times.json
2026-08-23T19:41:08.000Z,2026-08-23 12:41:08,2026-08-23,America/Los_Angeles,disneyland,Disneyland,Mickey's Toontown,709,Mickey's House and Meet Mickey Mouse,TRUE,15,2026-08-23T19:35:34.000Z,2026-08-23 12:35:34,https://queue-times.com/parks/16/queue_times.json
2026-08-23T19:41:08.000Z,2026-08-23 12:41:08,2026-08-23,America/Los_Angeles,disneyland,Disneyland,Mickey's Toontown,327,Mickey's House and Meet Mickey Mouse,FALSE,0,2026-08-23T19:40:32.000Z,2026-08-23 12:40:32,https://queue-times.com/parks/16/queue_times.json
2026-08-23T19:41:08.000Z,2026-08-23 12:41:08,2026-08-23,America/Los_Angeles,disneyland,Disneyland,Mickey's Toontown,684,Minnie's House,TRUE,0,2026-08-23T19:35:34.000Z,2026-08-23 12:35:34,https://queue-times.com/parks/16/queue_times.json
2026-08-23T19:41:08.000Z,2026-08-23 12:41:08,2026-08-23,America/Los_Angeles,disneyland,Disneyland,Mickey's Toontown,332,Roger Rabbit's Car Toon Spin,TRUE,55,2026-08-23T19:35:34.000Z,2026-08-23 12:35:34,https://queue-times.com/parks/16/queue_times.json
2026-08-23T19:41:08.000Z,2026-08-23 12:41:08,2026-08-23,America/Los_Angeles,disneyland,Disneyland,New Orleans Square,13958,Haunted Mansion,FALSE,0,2026-08-21T05:25:59.000Z,2026-08-20 22:25:59,https://queue-times.com/parks/16/queue_times.json
2026-08-23T19:41:08.000Z,2026-08-23 12:41:08,2026-08-23,America/Los_Angeles,disneyland,Disneyland,New Orleans Square,325,Haunted Mansion Holiday,TRUE,30,2026-08-23T19:40:32.000Z,2026-08-23 12:40:32,https://queue-times.com/parks/16/queue_times.json
2026-08-23T19:41:08.000Z,2026-08-23 12:41:08,2026-08-23,America/Los_Angeles,disneyland,Disneyland,New Orleans Square,289,Pirates of the Caribbean,TRUE,10,2026-08-23T19:35:34.000Z,2026-08-23 12:35:34,https://queue-times.com/parks/16/queue_times.json
2026-08-23T19:41:08.000Z,2026-08-23 12:41:08,2026-08-23,America/Los_Angeles,disneyland,Disneyland,Star Wars: Galaxy's Edge,6339,Millennium Falcon: Smugglers Run,TRUE,15,2026-08-23T19:35:34.000Z,2026-08-23 12:35:34,https://queue-times.com/parks/16/queue_times.json
2026-08-23T19:41:08.000Z,2026-08-23 12:41:08,2026-08-23,America/Los_Angeles,disneyland,Disneyland,Star Wars: Galaxy's Edge,10903,Millennium Falcon: Smugglers Run Single Rider,TRUE,0,2026-08-23T19:35:34.000Z,2026-08-23 12:35:34,https://queue-times.com/parks/16/queue_times.json
2026-08-23T19:41:08.000Z,2026-08-23 12:41:08,2026-08-23,America/Los_Angeles,disneyland,Disneyland,Star Wars: Galaxy's Edge,6340,Star Wars: Rise of the Resistance,TRUE,35,2026-08-23T19:35:34.000Z,2026-08-23 12:35:34,https://queue-times.com/parks/16/queue_times.json
2026-08-23T19:41:08.000Z,2026-08-23 12:41:08,2026-08-23,America/Los_Angeles,disneyland,Disneyland,Tomorrowland,287,Astro Orbitor,TRUE,5,2026-08-23T19:40:32.000Z,2026-08-23 12:40:32,https://queue-times.com/parks/16/queue_times.json
2026-08-23T19:41:08.000Z,2026-08-23 12:41:08,2026-08-23,America/Los_Angeles,disneyland,Disneyland,Tomorrowland,317,Autopia,TRUE,5,2026-08-23T19:35:34.000Z,2026-08-23 12:35:34,https://queue-times.com/parks/16/queue_times.json
2026-08-23T19:41:08.000Z,2026-08-23 12:41:08,2026-08-23,America/Los_Angeles,disneyland,Disneyland,Tomorrowland,273,Buzz Lightyear Astro Blasters,TRUE,10,2026-08-23T19:35:34.000Z,2026-08-23 12:35:34,https://queue-times.com/parks/16/queue_times.json
2026-08-23T19:41:08.000Z,2026-08-23 12:41:08,2026-08-23,America/Los_Angeles,disneyland,Disneyland,Tomorrowland,274,Disneyland Monorail,FALSE,0,2026-08-23T19:35:34.000Z,2026-08-23 12:35:34,https://queue-times.com/parks/16/queue_times.json
2026-08-23T19:41:08.000Z,2026-08-23 12:41:08,2026-08-23,America/Los_Angeles,disneyland,Disneyland,Tomorrowland,276,Finding Nemo Submarine Voyage,TRUE,10,2026-08-23T19:35:34.000Z,2026-08-23 12:35:34,https://queue-times.com/parks/16/queue_times.json
2026-08-23T19:41:08.000Z,2026-08-23 12:41:08,2026-08-23,America/Los_Angeles,disneyland,Disneyland,Tomorrowland,16627,Pixar Short Film Spotlight,FALSE,0,2026-08-23T19:35:34.000Z,2026-08-23 12:35:34,https://queue-times.com/parks/16/queue_times.json
2026-08-23T19:41:08.000Z,2026-08-23 12:41:08,2026-08-23,America/Los_Angeles,disneyland,Disneyland,Tomorrowland,284,Space Mountain,TRUE,25,2026-08-23T19:35:34.000Z,2026-08-23 12:35:34,https://queue-times.com/parks/16/queue_times.json
2026-08-23T19:41:08.000Z,2026-08-23 12:41:08,2026-08-23,America/Los_Angeles,disneyland,Disneyland,Tomorrowland,286,Star Tours - The Adventures Continue,TRUE,15,2026-08-23T19:35:34.000Z,2026-08-23 12:35:34,https://queue-times.com/parks/16/queue_times.json
2026-08-23T19:41:08.000Z,2026-08-23 12:41:08,2026-08-23,America/Los_Angeles,dca,Disney California Adventure,Avengers Campus,329,Guardians of the Galaxy - Mission: BREAKOUT!,TRUE,40,2026-08-23T19:40:40.000Z,2026-08-23 12:40:40,https://queue-times.com/parks/17/queue_times.json
2026-08-23T19:41:08.000Z,2026-08-23 12:41:08,2026-08-23,America/Los_Angeles,dca,Disney California Adventure,Avengers Campus,8843,WEB SLINGERS: A Spider-Man Adventure,TRUE,45,2026-08-23T19:40:40.000Z,2026-08-23 12:40:40,https://queue-times.com/parks/17/queue_times.json
2026-08-23T19:41:08.000Z,2026-08-23 12:41:08,2026-08-23,America/Los_Angeles,dca,Disney California Adventure,Avengers Campus,10907,WEB SLINGERS: A Spider-Man Adventure Single Rider,TRUE,0,2026-08-23T19:40:40.000Z,2026-08-23 12:40:40,https://queue-times.com/parks/17/queue_times.json
2026-08-23T19:41:08.000Z,2026-08-23 12:41:08,2026-08-23,America/Los_Angeles,dca,Disney California Adventure,Cars Land,2608,Luigi's Honkin' Haul-O-Ween,TRUE,10,2026-08-23T19:40:40.000Z,2026-08-23 12:40:40,https://queue-times.com/parks/17/queue_times.json
2026-08-23T19:41:08.000Z,2026-08-23 12:41:08,2026-08-23,America/Los_Angeles,dca,Disney California Adventure,Cars Land,13961,Luigi's Rollickin' Roadsters,FALSE,0,2026-08-18T08:55:45.000Z,2026-08-18 01:55:45,https://queue-times.com/parks/17/queue_times.json
2026-08-23T19:41:08.000Z,2026-08-23 12:41:08,2026-08-23,America/Los_Angeles,dca,Disney California Adventure,Cars Land,315,Mater's Junkyard Jamboree,FALSE,0,2026-08-18T08:55:45.000Z,2026-08-18 01:55:45,https://queue-times.com/parks/17/queue_times.json
2026-08-23T19:41:08.000Z,2026-08-23 12:41:08,2026-08-23,America/Los_Angeles,dca,Disney California Adventure,Cars Land,295,Radiator Springs Racers,TRUE,55,2026-08-23T19:40:40.000Z,2026-08-23 12:40:40,https://queue-times.com/parks/17/queue_times.json
2026-08-23T19:41:08.000Z,2026-08-23 12:41:08,2026-08-23,America/Los_Angeles,dca,Disney California Adventure,Cars Land,10904,Radiator Springs Racers Single Rider,TRUE,0,2026-08-23T19:40:40.000Z,2026-08-23 12:40:40,https://queue-times.com/parks/17/queue_times.json
2026-08-23T19:41:08.000Z,2026-08-23 12:41:08,2026-08-23,America/Los_Angeles,dca,Disney California Adventure,Grizzly Peak,302,Grizzly River Run,TRUE,45,2026-08-23T19:40:40.000Z,2026-08-23 12:40:40,https://queue-times.com/parks/17/queue_times.json
2026-08-23T19:41:08.000Z,2026-08-23 12:41:08,2026-08-23,America/Los_Angeles,dca,Disney California Adventure,Grizzly Peak,293,Redwood Creek Challenge Trail,TRUE,5,2026-08-23T19:40:40.000Z,2026-08-23 12:40:40,https://queue-times.com/parks/17/queue_times.json
2026-08-23T19:41:08.000Z,2026-08-23 12:41:08,2026-08-23,America/Los_Angeles,dca,Disney California Adventure,Grizzly Peak,17129,Soarin’ Across America,TRUE,30,2026-08-23T19:40:40.000Z,2026-08-23 12:40:40,https://queue-times.com/parks/17/queue_times.json
2026-08-23T19:41:08.000Z,2026-08-23 12:41:08,2026-08-23,America/Los_Angeles,dca,Disney California Adventure,Hollywood Land,321,Animation Academy,TRUE,0,2026-08-23T19:40:40.000Z,2026-08-23 12:40:40,https://queue-times.com/parks/17/queue_times.json
2026-08-23T19:41:08.000Z,2026-08-23 12:41:08,2026-08-23,America/Los_Angeles,dca,Disney California Adventure,Hollywood Land,6440,Mickey's PhilharMagic,TRUE,10,2026-08-23T19:40:40.000Z,2026-08-23 12:40:40,https://queue-times.com/parks/17/queue_times.json
2026-08-23T19:41:08.000Z,2026-08-23 12:41:08,2026-08-23,America/Los_Angeles,dca,Disney California Adventure,Hollywood Land,291,"Monsters, Inc. Mike & Sulley to the Rescue!",TRUE,20,2026-08-23T19:40:40.000Z,2026-08-23 12:40:40,https://queue-times.com/parks/17/queue_times.json
2026-08-23T19:41:08.000Z,2026-08-23 12:41:08,2026-08-23,America/Los_Angeles,dca,Disney California Adventure,Hollywood Land,868,Sorcerer's Workshop,TRUE,0,2026-08-23T19:40:40.000Z,2026-08-23 12:40:40,https://queue-times.com/parks/17/queue_times.json
2026-08-23T19:41:08.000Z,2026-08-23 12:41:08,2026-08-23,America/Los_Angeles,dca,Disney California Adventure,Hollywood Land,294,Turtle Talk with Crush,TRUE,0,2026-08-23T19:40:40.000Z,2026-08-23 12:40:40,https://queue-times.com/parks/17/queue_times.json
2026-08-23T19:41:08.000Z,2026-08-23 12:41:08,2026-08-23,America/Los_Angeles,dca,Disney California Adventure,Pacific Wharf,869,The Bakery Tour,TRUE,0,2026-08-23T19:40:40.000Z,2026-08-23 12:40:40,https://queue-times.com/parks/17/queue_times.json
2026-08-23T19:41:08.000Z,2026-08-23 12:41:08,2026-08-23,America/Los_Angeles,dca,Disney California Adventure,Paradise Gardens Park,298,Golden Zephyr,FALSE,0,2026-08-23T19:40:40.000Z,2026-08-23 12:40:40,https://queue-times.com/parks/17/queue_times.json
2026-08-23T19:41:08.000Z,2026-08-23 12:41:08,2026-08-23,America/Los_Angeles,dca,Disney California Adventure,Paradise Gardens Park,319,Goofy's Sky School,FALSE,0,2026-08-23T19:40:40.000Z,2026-08-23 12:40:40,https://queue-times.com/parks/17/queue_times.json
2026-08-23T19:41:08.000Z,2026-08-23 12:41:08,2026-08-23,America/Los_Angeles,dca,Disney California Adventure,Paradise Gardens Park,301,Silly Symphony Swings,FALSE,0,2026-08-23T19:40:40.000Z,2026-08-23 12:40:40,https://queue-times.com/parks/17/queue_times.json
2026-08-23T19:41:08.000Z,2026-08-23 12:41:08,2026-08-23,America/Los_Angeles,dca,Disney California Adventure,Paradise Gardens Park,316,The Little Mermaid - Ariel's Undersea Adventure,TRUE,20,2026-08-23T19:40:40.000Z,2026-08-23 12:40:40,https://queue-times.com/parks/17/queue_times.json
2026-08-23T19:41:08.000Z,2026-08-23 12:41:08,2026-08-23,America/Los_Angeles,dca,Disney California Adventure,Paradise Gardens Park,11528,World of Color – ONE,FALSE,0,2026-08-23T19:40:40.000Z,2026-08-23 12:40:40,https://queue-times.com/parks/17/queue_times.json
2026-08-23T19:41:08.000Z,2026-08-23 12:41:08,2026-08-23,America/Los_Angeles,dca,Disney California Adventure,Pixar Pier,866,Games of Pixar Pier,TRUE,0,2026-08-23T19:40:40.000Z,2026-08-23 12:40:40,https://queue-times.com/parks/17/queue_times.json
2026-08-23T19:41:08.000Z,2026-08-23 12:41:08,2026-08-23,America/Los_Angeles,dca,Disney California Adventure,Pixar Pier,322,Incredicoaster,TRUE,5,2026-08-23T19:40:40.000Z,2026-08-23 12:40:40,https://queue-times.com/parks/17/queue_times.json
2026-08-23T19:41:08.000Z,2026-08-23 12:41:08,2026-08-23,America/Los_Angeles,dca,Disney California Adventure,Pixar Pier,10906,Incredicoaster Single Rider,TRUE,0,2026-08-23T19:40:40.000Z,2026-08-23 12:40:40,https://queue-times.com/parks/17/queue_times.json
2026-08-23T19:41:08.000Z,2026-08-23 12:41:08,2026-08-23,America/Los_Angeles,dca,Disney California Adventure,Pixar Pier,6643,Inside Out Emotional Whirlwind,TRUE,10,2026-08-23T19:40:40.000Z,2026-08-23 12:40:40,https://queue-times.com/parks/17/queue_times.json
2026-08-23T19:41:08.000Z,2026-08-23 12:41:08,2026-08-23,America/Los_Angeles,dca,Disney California Adventure,Pixar Pier,310,Jessie's Critter Carousel,TRUE,5,2026-08-23T19:40:40.000Z,2026-08-23 12:40:40,https://queue-times.com/parks/17/queue_times.json
2026-08-23T19:41:08.000Z,2026-08-23 12:41:08,2026-08-23,America/Los_Angeles,dca,Disney California Adventure,Pixar Pier,300,Jumpin' Jellyfish,TRUE,5,2026-08-23T19:40:40.000Z,2026-08-23 12:40:40,https://queue-times.com/parks/17/queue_times.json
2026-08-23T19:41:08.000Z,2026-08-23 12:41:08,2026-08-23,America/Los_Angeles,dca,Disney California Adventure,Pixar Pier,311,Pixar Pal-A-Round - Swinging,TRUE,5,2026-08-23T19:40:40.000Z,2026-08-23 12:40:40,https://queue-times.com/parks/17/queue_times.json
2026-08-23T19:41:08.000Z,2026-08-23 12:41:08,2026-08-23,America/Los_Angeles,dca,Disney California Adventure,Pixar Pier,5557,Pixar Pal-A-Round – Non-Swinging,TRUE,10,2026-08-23T19:40:40.000Z,2026-08-23 12:40:40,https://queue-times.com/parks/17/queue_times.json
2026-08-23T19:41:08.000Z,2026-08-23 12:41:08,2026-08-23,America/Los_Angeles,dca,Disney California Adventure,Pixar Pier,313,Toy Story Midway Mania!,TRUE,60,2026-08-23T19:40:40.000Z,2026-08-23 12:40:40,https://queue-times.com/parks/17/queue_times.json
2026-08-23T19:41:08.000Z,2026-08-23 12:41:08,2026-08-23,America/Los_Angeles,dca,Disney California Adventure,Halloween,5146,Guardians of the Galaxy - Monsters After Dark,FALSE,0,2026-08-23T19:40:40.000Z,2026-08-23 12:40:40,https://queue-times.com/parks/17/queue_times.json
2026-08-23T19:41:08.000Z,2026-08-23 12:41:08,2026-08-23,America/Los_Angeles,dca,Disney California Adventure,Halloween,4723,Mater's Graveyard JamBOOree,TRUE,5,2026-08-23T19:40:40.000Z,2026-08-23 12:40:40,https://queue-times.com/parks/17/queue_times.json
2026-08-23T19:41:08.000Z,2026-08-23 12:41:08,2026-08-23,America/Los_Angeles,dca,Disney California Adventure,Halloween,7292,Villains Grove at Oogie Boogie Bash,FALSE,0,2026-08-23T19:40:40.000Z,2026-08-23 12:40:40,https://queue-times.com/parks/17/queue_times.json
2026-08-23T20:00:25.501Z,2026-08-23 13:00:25,2026-08-23,America/Los_Angeles,disneyland,Disneyland,Adventureland,12428,Adventureland Treehouse inspired by Walt Disney’s Swiss Family Robinson,TRUE,0,2026-08-23T19:55:31.000Z,2026-08-23 12:55:31,https://queue-times.com/parks/16/queue_times.json
2026-08-23T20:00:25.501Z,2026-08-23 13:00:25,2026-08-23,America/Los_Angeles,disneyland,Disneyland,Adventureland,326,Indiana Jones™ Adventure,TRUE,20,2026-08-23T19:55:31.000Z,2026-08-23 12:55:31,https://queue-times.com/parks/16/queue_times.json
2026-08-23T20:00:25.501Z,2026-08-23 13:00:25,2026-08-23,America/Los_Angeles,disneyland,Disneyland,Adventureland,296,Jungle Cruise,TRUE,5,2026-08-23T19:55:31.000Z,2026-08-23 12:55:31,https://queue-times.com/parks/16/queue_times.json
2026-08-23T20:00:25.501Z,2026-08-23 13:00:25,2026-08-23,America/Los_Angeles,disneyland,Disneyland,Adventureland,288,Walt Disney's Enchanted Tiki Room,TRUE,0,2026-08-23T19:55:31.000Z,2026-08-23 12:55:31,https://queue-times.com/parks/16/queue_times.json
2026-08-23T20:00:25.501Z,2026-08-23 13:00:25,2026-08-23,America/Los_Angeles,disneyland,Disneyland,Bayou Country,304,Davy Crockett's Explorer Canoes,FALSE,0,2026-08-23T19:55:31.000Z,2026-08-23 12:55:31,https://queue-times.com/parks/16/queue_times.json
2026-08-23T20:00:25.501Z,2026-08-23 13:00:25,2026-08-23,America/Los_Angeles,disneyland,Disneyland,Bayou Country,306,The Many Adventures of Winnie the Pooh,TRUE,5,2026-08-23T19:55:31.000Z,2026-08-23 12:55:31,https://queue-times.com/parks/16/queue_times.json
2026-08-23T20:00:25.501Z,2026-08-23 13:00:25,2026-08-23,America/Los_Angeles,disneyland,Disneyland,Bayou Country,14168,Tiana's Bayou Adventure,TRUE,45,2026-08-23T19:55:31.000Z,2026-08-23 12:55:31,https://queue-times.com/parks/16/queue_times.json
2026-08-23T20:00:25.501Z,2026-08-23 13:00:25,2026-08-23,America/Los_Angeles,disneyland,Disneyland,Bayou Country,14326,Tiana's Bayou Adventure Single Rider,TRUE,0,2026-08-23T19:55:31.000Z,2026-08-23 12:55:31,https://queue-times.com/parks/16/queue_times.json
2026-08-23T20:00:25.501Z,2026-08-23 13:00:25,2026-08-23,America/Los_Angeles,disneyland,Disneyland,Fantasyland,307,"""it's a small world""",TRUE,5,2026-08-23T19:55:31.000Z,2026-08-23 12:55:31,https://queue-times.com/parks/16/queue_times.json
2026-08-23T20:00:25.501Z,2026-08-23 13:00:25,2026-08-23,America/Los_Angeles,disneyland,Disneyland,Fantasyland,285,Alice in Wonderland,FALSE,0,2026-08-23T19:55:31.000Z,2026-08-23 12:55:31,https://queue-times.com/parks/16/queue_times.json
2026-08-23T20:00:25.501Z,2026-08-23 13:00:25,2026-08-23,America/Los_Angeles,disneyland,Disneyland,Fantasyland,16254,Bluey’s Best Day Ever! at Fantasyland Theatre,TRUE,0,2026-08-23T19:55:31.000Z,2026-08-23 12:55:31,https://queue-times.com/parks/16/queue_times.json
2026-08-23T20:00:25.501Z,2026-08-23 13:00:25,2026-08-23,America/Los_Angeles,disneyland,Disneyland,Fantasyland,303,Casey Jr. Circus Train,TRUE,5,2026-08-23T19:55:31.000Z,2026-08-23 12:55:31,https://queue-times.com/parks/16/queue_times.json
2026-08-23T20:00:25.501Z,2026-08-23 13:00:25,2026-08-23,America/Los_Angeles,disneyland,Disneyland,Fantasyland,275,Dumbo the Flying Elephant,TRUE,10,2026-08-23T19:55:31.000Z,2026-08-23 12:55:31,https://queue-times.com/parks/16/queue_times.json
2026-08-23T20:00:25.501Z,2026-08-23 13:00:25,2026-08-23,America/Los_Angeles,disneyland,Disneyland,Fantasyland,277,King Arthur Carrousel,TRUE,5,2026-08-23T19:55:31.000Z,2026-08-23 12:55:31,https://queue-times.com/parks/16/queue_times.json
2026-08-23T20:00:25.501Z,2026-08-23 13:00:25,2026-08-23,America/Los_Angeles,disneyland,Disneyland,Fantasyland,278,Mad Tea Party,TRUE,5,2026-08-23T19:55:31.000Z,2026-08-23 12:55:31,https://queue-times.com/parks/16/queue_times.json
2026-08-23T20:00:25.501Z,2026-08-23 13:00:25,2026-08-23,America/Los_Angeles,disneyland,Disneyland,Fantasyland,279,Matterhorn Bobsleds,TRUE,15,2026-08-23T19:55:31.000Z,2026-08-23 12:55:31,https://queue-times.com/parks/16/queue_times.json
2026-08-23T20:00:25.501Z,2026-08-23 13:00:25,2026-08-23,America/Los_Angeles,disneyland,Disneyland,Fantasyland,6711,Meet Disney Princesses at Royal Hall,TRUE,25,2026-08-23T19:55:31.000Z,2026-08-23 12:55:31,https://queue-times.com/parks/16/queue_times.json
2026-08-23T20:00:25.501Z,2026-08-23 13:00:25,2026-08-23,America/Los_Angeles,disneyland,Disneyland,Fantasyland,280,Mr. Toad's Wild Ride,TRUE,15,2026-08-23T19:55:31.000Z,2026-08-23 12:55:31,https://queue-times.com/parks/16/queue_times.json
2026-08-23T20:00:25.501Z,2026-08-23 13:00:25,2026-08-23,America/Los_Angeles,disneyland,Disneyland,Fantasyland,281,Peter Pan's Flight,TRUE,20,2026-08-23T19:55:31.000Z,2026-08-23 12:55:31,https://queue-times.com/parks/16/queue_times.json
2026-08-23T20:00:25.501Z,2026-08-23 13:00:25,2026-08-23,America/Los_Angeles,disneyland,Disneyland,Fantasyland,282,Pinocchio's Daring Journey,TRUE,10,2026-08-23T19:55:31.000Z,2026-08-23 12:55:31,https://queue-times.com/parks/16/queue_times.json
2026-08-23T20:00:25.501Z,2026-08-23 13:00:25,2026-08-23,America/Los_Angeles,disneyland,Disneyland,Fantasyland,687,Sleeping Beauty Castle Walkthrough,FALSE,0,2026-08-23T19:55:31.000Z,2026-08-23 12:55:31,https://queue-times.com/parks/16/queue_times.json
2026-08-23T20:00:25.501Z,2026-08-23 13:00:25,2026-08-23,America/Los_Angeles,disneyland,Disneyland,Fantasyland,283,Snow White's Enchanted Wish,TRUE,10,2026-08-23T19:55:31.000Z,2026-08-23 12:55:31,https://queue-times.com/parks/16/queue_times.json
2026-08-23T20:00:25.501Z,2026-08-23 13:00:25,2026-08-23,America/Los_Angeles,disneyland,Disneyland,Fantasyland,305,Storybook Land Canal Boats,TRUE,5,2026-08-23T19:55:31.000Z,2026-08-23 12:55:31,https://queue-times.com/parks/16/queue_times.json
2026-08-23T20:00:25.501Z,2026-08-23 13:00:25,2026-08-23,America/Los_Angeles,disneyland,Disneyland,Frontierland,323,Big Thunder Mountain Railroad,TRUE,15,2026-08-23T19:55:31.000Z,2026-08-23 12:55:31,https://queue-times.com/parks/16/queue_times.json
2026-08-23T20:00:25.501Z,2026-08-23 13:00:25,2026-08-23,America/Los_Angeles,disneyland,Disneyland,Frontierland,679,Frontierland Shootin' Exposition,FALSE,0,2026-08-23T19:55:31.000Z,2026-08-23 12:55:31,https://queue-times.com/parks/16/queue_times.json
2026-08-23T20:00:25.501Z,2026-08-23 13:00:25,2026-08-23,America/Los_Angeles,disneyland,Disneyland,Frontierland,456,Mark Twain Riverboat,TRUE,10,2026-08-23T19:55:31.000Z,2026-08-23 12:55:31,https://queue-times.com/parks/16/queue_times.json
2026-08-23T20:00:25.501Z,2026-08-23 13:00:25,2026-08-23,America/Los_Angeles,disneyland,Disneyland,Frontierland,331,Pirate's Lair on Tom Sawyer Island,TRUE,5,2026-08-23T19:55:31.000Z,2026-08-23 12:55:31,https://queue-times.com/parks/16/queue_times.json
2026-08-23T20:00:25.501Z,2026-08-23 13:00:25,2026-08-23,America/Los_Angeles,disneyland,Disneyland,Frontierland,328,Sailing Ship Columbia,FALSE,0,2026-08-23T19:55:31.000Z,2026-08-23 12:55:31,https://queue-times.com/parks/16/queue_times.json
2026-08-23T20:00:25.501Z,2026-08-23 13:00:25,2026-08-23,America/Los_Angeles,disneyland,Disneyland,Main Street U.S.A,674,Disneyland Railroad,TRUE,5,2026-08-23T19:55:31.000Z,2026-08-23 12:55:31,https://queue-times.com/parks/16/queue_times.json
2026-08-23T20:00:25.501Z,2026-08-23 13:00:25,2026-08-23,America/Los_Angeles,disneyland,Disneyland,Main Street U.S.A,690,Great Moments with Mr. Lincoln,TRUE,0,2026-08-23T19:55:31.000Z,2026-08-23 12:55:31,https://queue-times.com/parks/16/queue_times.json
2026-08-23T20:00:25.501Z,2026-08-23 13:00:25,2026-08-23,America/Los_Angeles,disneyland,Disneyland,Main Street U.S.A,686,Main Street Cinema,FALSE,0,2026-08-23T19:55:31.000Z,2026-08-23 12:55:31,https://queue-times.com/parks/16/queue_times.json
2026-08-23T20:00:25.501Z,2026-08-23 13:00:25,2026-08-23,America/Los_Angeles,disneyland,Disneyland,Main Street U.S.A,691,Main Street Vehicles,TRUE,0,2026-08-23T19:55:31.000Z,2026-08-23 12:55:31,https://queue-times.com/parks/16/queue_times.json
2026-08-23T20:00:25.501Z,2026-08-23 13:00:25,2026-08-23,America/Los_Angeles,disneyland,Disneyland,Main Street U.S.A,14915,Opera House - Walt Disney - A Magical Life,TRUE,0,2026-08-23T19:55:31.000Z,2026-08-23 12:55:31,https://queue-times.com/parks/16/queue_times.json
2026-08-23T20:00:25.501Z,2026-08-23 13:00:25,2026-08-23,America/Los_Angeles,disneyland,Disneyland,Main Street U.S.A,695,The Disney Gallery,TRUE,0,2026-08-23T19:55:31.000Z,2026-08-23 12:55:31,https://queue-times.com/parks/16/queue_times.json
2026-08-23T20:00:25.501Z,2026-08-23 13:00:25,2026-08-23,America/Los_Angeles,disneyland,Disneyland,Main Street U.S.A,14923,Walt Disney - A Magical Life,FALSE,0,2026-08-23T19:55:31.000Z,2026-08-23 12:55:31,https://queue-times.com/parks/16/queue_times.json
2026-08-23T20:00:25.501Z,2026-08-23 13:00:25,2026-08-23,America/Los_Angeles,disneyland,Disneyland,Mickey's Toontown,324,Chip 'n' Dale's GADGETcoaster,TRUE,5,2026-08-23T19:55:31.000Z,2026-08-23 12:55:31,https://queue-times.com/parks/16/queue_times.json
2026-08-23T20:00:25.501Z,2026-08-23 13:00:25,2026-08-23,America/Los_Angeles,disneyland,Disneyland,Mickey's Toontown,13814,Donald's Duck Pond,TRUE,0,2026-08-23T19:55:31.000Z,2026-08-23 12:55:31,https://queue-times.com/parks/16/queue_times.json
2026-08-23T20:00:25.501Z,2026-08-23 13:00:25,2026-08-23,America/Los_Angeles,disneyland,Disneyland,Mickey's Toontown,11980,Goofy's How-to-Play Yard,TRUE,0,2026-08-23T19:55:31.000Z,2026-08-23 12:55:31,https://queue-times.com/parks/16/queue_times.json
2026-08-23T20:00:25.501Z,2026-08-23 13:00:25,2026-08-23,America/Los_Angeles,disneyland,Disneyland,Mickey's Toontown,11526,Mickey & Minnie's Runaway Railway,TRUE,25,2026-08-23T19:55:31.000Z,2026-08-23 12:55:31,https://queue-times.com/parks/16/queue_times.json
2026-08-23T20:00:25.501Z,2026-08-23 13:00:25,2026-08-23,America/Los_Angeles,disneyland,Disneyland,Mickey's Toontown,709,Mickey's House and Meet Mickey Mouse,TRUE,15,2026-08-23T19:55:31.000Z,2026-08-23 12:55:31,https://queue-times.com/parks/16/queue_times.json
2026-08-23T20:00:25.501Z,2026-08-23 13:00:25,2026-08-23,America/Los_Angeles,disneyland,Disneyland,Mickey's Toontown,327,Mickey's House and Meet Mickey Mouse,FALSE,0,2026-08-23T19:55:31.000Z,2026-08-23 12:55:31,https://queue-times.com/parks/16/queue_times.json
2026-08-23T20:00:25.501Z,2026-08-23 13:00:25,2026-08-23,America/Los_Angeles,disneyland,Disneyland,Mickey's Toontown,684,Minnie's House,TRUE,0,2026-08-23T19:55:31.000Z,2026-08-23 12:55:31,https://queue-times.com/parks/16/queue_times.json
2026-08-23T20:00:25.501Z,2026-08-23 13:00:25,2026-08-23,America/Los_Angeles,disneyland,Disneyland,Mickey's Toontown,332,Roger Rabbit's Car Toon Spin,TRUE,35,2026-08-23T19:55:31.000Z,2026-08-23 12:55:31,https://queue-times.com/parks/16/queue_times.json
2026-08-23T20:00:25.501Z,2026-08-23 13:00:25,2026-08-23,America/Los_Angeles,disneyland,Disneyland,New Orleans Square,13958,Haunted Mansion,FALSE,0,2026-08-21T05:25:59.000Z,2026-08-20 22:25:59,https://queue-times.com/parks/16/queue_times.json
2026-08-23T20:00:25.501Z,2026-08-23 13:00:25,2026-08-23,America/Los_Angeles,disneyland,Disneyland,New Orleans Square,325,Haunted Mansion Holiday,TRUE,30,2026-08-23T19:55:31.000Z,2026-08-23 12:55:31,https://queue-times.com/parks/16/queue_times.json
2026-08-23T20:00:25.501Z,2026-08-23 13:00:25,2026-08-23,America/Los_Angeles,disneyland,Disneyland,New Orleans Square,289,Pirates of the Caribbean,TRUE,20,2026-08-23T19:55:31.000Z,2026-08-23 12:55:31,https://queue-times.com/parks/16/queue_times.json
2026-08-23T20:00:25.501Z,2026-08-23 13:00:25,2026-08-23,America/Los_Angeles,disneyland,Disneyland,Star Wars: Galaxy's Edge,6339,Millennium Falcon: Smugglers Run,TRUE,10,2026-08-23T19:55:31.000Z,2026-08-23 12:55:31,https://queue-times.com/parks/16/queue_times.json
2026-08-23T20:00:25.501Z,2026-08-23 13:00:25,2026-08-23,America/Los_Angeles,disneyland,Disneyland,Star Wars: Galaxy's Edge,10903,Millennium Falcon: Smugglers Run Single Rider,TRUE,0,2026-08-23T19:55:31.000Z,2026-08-23 12:55:31,https://queue-times.com/parks/16/queue_times.json
2026-08-23T20:00:25.501Z,2026-08-23 13:00:25,2026-08-23,America/Los_Angeles,disneyland,Disneyland,Star Wars: Galaxy's Edge,6340,Star Wars: Rise of the Resistance,TRUE,30,2026-08-23T19:55:31.000Z,2026-08-23 12:55:31,https://queue-times.com/parks/16/queue_times.json
2026-08-23T20:00:25.501Z,2026-08-23 13:00:25,2026-08-23,America/Los_Angeles,disneyland,Disneyland,Tomorrowland,287,Astro Orbitor,TRUE,5,2026-08-23T19:55:31.000Z,2026-08-23 12:55:31,https://queue-times.com/parks/16/queue_times.json
2026-08-23T20:00:25.501Z,2026-08-23 13:00:25,2026-08-23,America/Los_Angeles,disneyland,Disneyland,Tomorrowland,317,Autopia,TRUE,10,2026-08-23T19:55:31.000Z,2026-08-23 12:55:31,https://queue-times.com/parks/16/queue_times.json
2026-08-23T20:00:25.501Z,2026-08-23 13:00:25,2026-08-23,America/Los_Angeles,disneyland,Disneyland,Tomorrowland,273,Buzz Lightyear Astro Blasters,TRUE,10,2026-08-23T19:55:31.000Z,2026-08-23 12:55:31,https://queue-times.com/parks/16/queue_times.json
2026-08-23T20:00:25.501Z,2026-08-23 13:00:25,2026-08-23,America/Los_Angeles,disneyland,Disneyland,Tomorrowland,274,Disneyland Monorail,FALSE,0,2026-08-23T19:55:31.000Z,2026-08-23 12:55:31,https://queue-times.com/parks/16/queue_times.json
2026-08-23T20:00:25.501Z,2026-08-23 13:00:25,2026-08-23,America/Los_Angeles,disneyland,Disneyland,Tomorrowland,276,Finding Nemo Submarine Voyage,TRUE,10,2026-08-23T19:55:31.000Z,2026-08-23 12:55:31,https://queue-times.com/parks/16/queue_times.json
2026-08-23T20:00:25.501Z,2026-08-23 13:00:25,2026-08-23,America/Los_Angeles,disneyland,Disneyland,Tomorrowland,16627,Pixar Short Film Spotlight,FALSE,0,2026-08-23T19:55:31.000Z,2026-08-23 12:55:31,https://queue-times.com/parks/16/queue_times.json
2026-08-23T20:00:25.501Z,2026-08-23 13:00:25,2026-08-23,America/Los_Angeles,disneyland,Disneyland,Tomorrowland,284,Space Mountain,TRUE,25,2026-08-23T19:55:31.000Z,2026-08-23 12:55:31,https://queue-times.com/parks/16/queue_times.json
2026-08-23T20:00:25.501Z,2026-08-23 13:00:25,2026-08-23,America/Los_Angeles,disneyland,Disneyland,Tomorrowland,286,Star Tours - The Adventures Continue,TRUE,15,2026-08-23T19:55:31.000Z,2026-08-23 12:55:31,https://queue-times.com/parks/16/queue_times.json
2026-08-23T20:00:25.501Z,2026-08-23 13:00:25,2026-08-23,America/Los_Angeles,dca,Disney California Adventure,Avengers Campus,329,Guardians of the Galaxy - Mission: BREAKOUT!,TRUE,25,2026-08-23T19:55:37.000Z,2026-08-23 12:55:37,https://queue-times.com/parks/17/queue_times.json
2026-08-23T20:00:25.501Z,2026-08-23 13:00:25,2026-08-23,America/Los_Angeles,dca,Disney California Adventure,Avengers Campus,8843,WEB SLINGERS: A Spider-Man Adventure,TRUE,35,2026-08-23T19:55:37.000Z,2026-08-23 12:55:37,https://queue-times.com/parks/17/queue_times.json
2026-08-23T20:00:25.501Z,2026-08-23 13:00:25,2026-08-23,America/Los_Angeles,dca,Disney California Adventure,Avengers Campus,10907,WEB SLINGERS: A Spider-Man Adventure Single Rider,TRUE,0,2026-08-23T19:55:37.000Z,2026-08-23 12:55:37,https://queue-times.com/parks/17/queue_times.json
2026-08-23T20:00:25.501Z,2026-08-23 13:00:25,2026-08-23,America/Los_Angeles,dca,Disney California Adventure,Cars Land,2608,Luigi's Honkin' Haul-O-Ween,TRUE,10,2026-08-23T19:55:37.000Z,2026-08-23 12:55:37,https://queue-times.com/parks/17/queue_times.json
2026-08-23T20:00:25.501Z,2026-08-23 13:00:25,2026-08-23,America/Los_Angeles,dca,Disney California Adventure,Cars Land,13961,Luigi's Rollickin' Roadsters,FALSE,0,2026-08-18T08:55:45.000Z,2026-08-18 01:55:45,https://queue-times.com/parks/17/queue_times.json
2026-08-23T20:00:25.501Z,2026-08-23 13:00:25,2026-08-23,America/Los_Angeles,dca,Disney California Adventure,Cars Land,315,Mater's Junkyard Jamboree,FALSE,0,2026-08-18T08:55:45.000Z,2026-08-18 01:55:45,https://queue-times.com/parks/17/queue_times.json
2026-08-23T20:00:25.501Z,2026-08-23 13:00:25,2026-08-23,America/Los_Angeles,dca,Disney California Adventure,Cars Land,295,Radiator Springs Racers,TRUE,50,2026-08-23T19:55:37.000Z,2026-08-23 12:55:37,https://queue-times.com/parks/17/queue_times.json
2026-08-23T20:00:25.501Z,2026-08-23 13:00:25,2026-08-23,America/Los_Angeles,dca,Disney California Adventure,Cars Land,10904,Radiator Springs Racers Single Rider,TRUE,0,2026-08-23T19:55:37.000Z,2026-08-23 12:55:37,https://queue-times.com/parks/17/queue_times.json
2026-08-23T20:00:25.501Z,2026-08-23 13:00:25,2026-08-23,America/Los_Angeles,dca,Disney California Adventure,Grizzly Peak,302,Grizzly River Run,TRUE,45,2026-08-23T19:55:37.000Z,2026-08-23 12:55:37,https://queue-times.com/parks/17/queue_times.json
2026-08-23T20:00:25.501Z,2026-08-23 13:00:25,2026-08-23,America/Los_Angeles,dca,Disney California Adventure,Grizzly Peak,293,Redwood Creek Challenge Trail,TRUE,5,2026-08-23T19:55:37.000Z,2026-08-23 12:55:37,https://queue-times.com/parks/17/queue_times.json
2026-08-23T20:00:25.501Z,2026-08-23 13:00:25,2026-08-23,America/Los_Angeles,dca,Disney California Adventure,Grizzly Peak,17129,Soarin’ Across America,TRUE,45,2026-08-23T19:55:37.000Z,2026-08-23 12:55:37,https://queue-times.com/parks/17/queue_times.json
2026-08-23T20:00:25.501Z,2026-08-23 13:00:25,2026-08-23,America/Los_Angeles,dca,Disney California Adventure,Hollywood Land,321,Animation Academy,TRUE,0,2026-08-23T19:55:37.000Z,2026-08-23 12:55:37,https://queue-times.com/parks/17/queue_times.json
2026-08-23T20:00:25.501Z,2026-08-23 13:00:25,2026-08-23,America/Los_Angeles,dca,Disney California Adventure,Hollywood Land,6440,Mickey's PhilharMagic,TRUE,10,2026-08-23T19:55:37.000Z,2026-08-23 12:55:37,https://queue-times.com/parks/17/queue_times.json
2026-08-23T20:00:25.501Z,2026-08-23 13:00:25,2026-08-23,America/Los_Angeles,dca,Disney California Adventure,Hollywood Land,291,"Monsters, Inc. Mike & Sulley to the Rescue!",TRUE,10,2026-08-23T19:55:37.000Z,2026-08-23 12:55:37,https://queue-times.com/parks/17/queue_times.json
2026-08-23T20:00:25.501Z,2026-08-23 13:00:25,2026-08-23,America/Los_Angeles,dca,Disney California Adventure,Hollywood Land,868,Sorcerer's Workshop,TRUE,0,2026-08-23T19:55:37.000Z,2026-08-23 12:55:37,https://queue-times.com/parks/17/queue_times.json
2026-08-23T20:00:25.501Z,2026-08-23 13:00:25,2026-08-23,America/Los_Angeles,dca,Disney California Adventure,Hollywood Land,294,Turtle Talk with Crush,TRUE,0,2026-08-23T19:55:37.000Z,2026-08-23 12:55:37,https://queue-times.com/parks/17/queue_times.json
2026-08-23T20:00:25.501Z,2026-08-23 13:00:25,2026-08-23,America/Los_Angeles,dca,Disney California Adventure,Pacific Wharf,869,The Bakery Tour,TRUE,0,2026-08-23T19:55:37.000Z,2026-08-23 12:55:37,https://queue-times.com/parks/17/queue_times.json
2026-08-23T20:00:25.501Z,2026-08-23 13:00:25,2026-08-23,America/Los_Angeles,dca,Disney California Adventure,Paradise Gardens Park,298,Golden Zephyr,FALSE,0,2026-08-23T19:55:37.000Z,2026-08-23 12:55:37,https://queue-times.com/parks/17/queue_times.json
2026-08-23T20:00:25.501Z,2026-08-23 13:00:25,2026-08-23,America/Los_Angeles,dca,Disney California Adventure,Paradise Gardens Park,319,Goofy's Sky School,TRUE,5,2026-08-23T19:55:37.000Z,2026-08-23 12:55:37,https://queue-times.com/parks/17/queue_times.json
2026-08-23T20:00:25.501Z,2026-08-23 13:00:25,2026-08-23,America/Los_Angeles,dca,Disney California Adventure,Paradise Gardens Park,301,Silly Symphony Swings,FALSE,0,2026-08-23T19:55:37.000Z,2026-08-23 12:55:37,https://queue-times.com/parks/17/queue_times.json
2026-08-23T20:00:25.501Z,2026-08-23 13:00:25,2026-08-23,America/Los_Angeles,dca,Disney California Adventure,Paradise Gardens Park,316,The Little Mermaid - Ariel's Undersea Adventure,TRUE,20,2026-08-23T19:55:37.000Z,2026-08-23 12:55:37,https://queue-times.com/parks/17/queue_times.json
2026-08-23T20:00:25.501Z,2026-08-23 13:00:25,2026-08-23,America/Los_Angeles,dca,Disney California Adventure,Paradise Gardens Park,11528,World of Color – ONE,FALSE,0,2026-08-23T19:55:37.000Z,2026-08-23 12:55:37,https://queue-times.com/parks/17/queue_times.json
2026-08-23T20:00:25.501Z,2026-08-23 13:00:25,2026-08-23,America/Los_Angeles,dca,Disney California Adventure,Pixar Pier,866,Games of Pixar Pier,TRUE,0,2026-08-23T19:55:37.000Z,2026-08-23 12:55:37,https://queue-times.com/parks/17/queue_times.json
2026-08-23T20:00:25.501Z,2026-08-23 13:00:25,2026-08-23,America/Los_Angeles,dca,Disney California Adventure,Pixar Pier,322,Incredicoaster,TRUE,10,2026-08-23T19:55:37.000Z,2026-08-23 12:55:37,https://queue-times.com/parks/17/queue_times.json
2026-08-23T20:00:25.501Z,2026-08-23 13:00:25,2026-08-23,America/Los_Angeles,dca,Disney California Adventure,Pixar Pier,10906,Incredicoaster Single Rider,TRUE,0,2026-08-23T19:55:37.000Z,2026-08-23 12:55:37,https://queue-times.com/parks/17/queue_times.json
2026-08-23T20:00:25.501Z,2026-08-23 13:00:25,2026-08-23,America/Los_Angeles,dca,Disney California Adventure,Pixar Pier,6643,Inside Out Emotional Whirlwind,TRUE,10,2026-08-23T19:55:37.000Z,2026-08-23 12:55:37,https://queue-times.com/parks/17/queue_times.json
2026-08-23T20:00:25.501Z,2026-08-23 13:00:25,2026-08-23,America/Los_Angeles,dca,Disney California Adventure,Pixar Pier,310,Jessie's Critter Carousel,TRUE,5,2026-08-23T19:55:37.000Z,2026-08-23 12:55:37,https://queue-times.com/parks/17/queue_times.json
2026-08-23T20:00:25.501Z,2026-08-23 13:00:25,2026-08-23,America/Los_Angeles,dca,Disney California Adventure,Pixar Pier,300,Jumpin' Jellyfish,TRUE,5,2026-08-23T19:55:37.000Z,2026-08-23 12:55:37,https://queue-times.com/parks/17/queue_times.json
2026-08-23T20:00:25.501Z,2026-08-23 13:00:25,2026-08-23,America/Los_Angeles,dca,Disney California Adventure,Pixar Pier,311,Pixar Pal-A-Round - Swinging,TRUE,5,2026-08-23T19:55:37.000Z,2026-08-23 12:55:37,https://queue-times.com/parks/17/queue_times.json
2026-08-23T20:00:25.501Z,2026-08-23 13:00:25,2026-08-23,America/Los_Angeles,dca,Disney California Adventure,Pixar Pier,5557,Pixar Pal-A-Round – Non-Swinging,TRUE,10,2026-08-23T19:55:37.000Z,2026-08-23 12:55:37,https://queue-times.com/parks/17/queue_times.json
2026-08-23T20:00:25.501Z,2026-08-23 13:00:25,2026-08-23,America/Los_Angeles,dca,Disney California Adventure,Pixar Pier,313,Toy Story Midway Mania!,TRUE,35,2026-08-23T19:55:37.000Z,2026-08-23 12:55:37,https://queue-times.com/parks/17/queue_times.json
2026-08-23T20:00:25.501Z,2026-08-23 13:00:25,2026-08-23,America/Los_Angeles,dca,Disney California Adventure,Halloween,5146,Guardians of the Galaxy - Monsters After Dark,FALSE,0,2026-08-23T19:55:37.000Z,2026-08-23 12:55:37,https://queue-times.com/parks/17/queue_times.json
2026-08-23T20:00:25.501Z,2026-08-23 13:00:25,2026-08-23,America/Los_Angeles,dca,Disney California Adventure,Halloween,4723,Mater's Graveyard JamBOOree,TRUE,5,2026-08-23T19:55:37.000Z,2026-08-23 12:55:37,https://queue-times.com/parks/17/queue_times.json
2026-08-23T20:00:25.501Z,2026-08-23 13:00:25,2026-08-23,America/Los_Angeles,dca,Disney California Adventure,Halloween,7292,Villains Grove at Oogie Boogie Bash,FALSE,0,2026-08-23T19:55:37.000Z,2026-08-23 12:55:37,https://queue-times.com/parks/17/queue_times.json
2026-08-23T20:15:19.553Z,2026-08-23 13:15:19,2026-08-23,America/Los_Angeles,disneyland,Disneyland,Adventureland,12428,Adventureland Treehouse inspired by Walt Disney’s Swiss Family Robinson,TRUE,0,2026-08-23T20:11:01.000Z,2026-08-23 13:11:01,https://queue-times.com/parks/16/queue_times.json
2026-08-23T20:15:19.553Z,2026-08-23 13:15:19,2026-08-23,America/Los_Angeles,disneyland,Disneyland,Adventureland,326,Indiana Jones™ Adventure,TRUE,40,2026-08-23T20:11:01.000Z,2026-08-23 13:11:01,https://queue-times.com/parks/16/queue_times.json
2026-08-23T20:15:19.553Z,2026-08-23 13:15:19,2026-08-23,America/Los_Angeles,disneyland,Disneyland,Adventureland,296,Jungle Cruise,TRUE,5,2026-08-23T20:11:01.000Z,2026-08-23 13:11:01,https://queue-times.com/parks/16/queue_times.json
2026-08-23T20:15:19.553Z,2026-08-23 13:15:19,2026-08-23,America/Los_Angeles,disneyland,Disneyland,Adventureland,288,Walt Disney's Enchanted Tiki Room,TRUE,0,2026-08-23T20:11:01.000Z,2026-08-23 13:11:01,https://queue-times.com/parks/16/queue_times.json
2026-08-23T20:15:19.553Z,2026-08-23 13:15:19,2026-08-23,America/Los_Angeles,disneyland,Disneyland,Bayou Country,304,Davy Crockett's Explorer Canoes,FALSE,0,2026-08-23T20:11:01.000Z,2026-08-23 13:11:01,https://queue-times.com/parks/16/queue_times.json
2026-08-23T20:15:19.553Z,2026-08-23 13:15:19,2026-08-23,America/Los_Angeles,disneyland,Disneyland,Bayou Country,306,The Many Adventures of Winnie the Pooh,TRUE,5,2026-08-23T20:11:01.000Z,2026-08-23 13:11:01,https://queue-times.com/parks/16/queue_times.json
2026-08-23T20:15:19.553Z,2026-08-23 13:15:19,2026-08-23,America/Los_Angeles,disneyland,Disneyland,Bayou Country,14168,Tiana's Bayou Adventure,TRUE,25,2026-08-23T20:11:01.000Z,2026-08-23 13:11:01,https://queue-times.com/parks/16/queue_times.json
2026-08-23T20:15:19.553Z,2026-08-23 13:15:19,2026-08-23,America/Los_Angeles,disneyland,Disneyland,Bayou Country,14326,Tiana's Bayou Adventure Single Rider,TRUE,0,2026-08-23T20:11:01.000Z,2026-08-23 13:11:01,https://queue-times.com/parks/16/queue_times.json
2026-08-23T20:15:19.553Z,2026-08-23 13:15:19,2026-08-23,America/Los_Angeles,disneyland,Disneyland,Fantasyland,307,"""it's a small world""",TRUE,5,2026-08-23T20:11:01.000Z,2026-08-23 13:11:01,https://queue-times.com/parks/16/queue_times.json
2026-08-23T20:15:19.553Z,2026-08-23 13:15:19,2026-08-23,America/Los_Angeles,disneyland,Disneyland,Fantasyland,285,Alice in Wonderland,TRUE,15,2026-08-23T20:11:01.000Z,2026-08-23 13:11:01,https://queue-times.com/parks/16/queue_times.json
2026-08-23T20:15:19.553Z,2026-08-23 13:15:19,2026-08-23,America/Los_Angeles,disneyland,Disneyland,Fantasyland,16254,Bluey’s Best Day Ever! at Fantasyland Theatre,TRUE,0,2026-08-23T20:11:01.000Z,2026-08-23 13:11:01,https://queue-times.com/parks/16/queue_times.json
2026-08-23T20:15:19.553Z,2026-08-23 13:15:19,2026-08-23,America/Los_Angeles,disneyland,Disneyland,Fantasyland,303,Casey Jr. Circus Train,TRUE,5,2026-08-23T20:11:01.000Z,2026-08-23 13:11:01,https://queue-times.com/parks/16/queue_times.json
2026-08-23T20:15:19.553Z,2026-08-23 13:15:19,2026-08-23,America/Los_Angeles,disneyland,Disneyland,Fantasyland,275,Dumbo the Flying Elephant,TRUE,5,2026-08-23T20:11:01.000Z,2026-08-23 13:11:01,https://queue-times.com/parks/16/queue_times.json
2026-08-23T20:15:19.553Z,2026-08-23 13:15:19,2026-08-23,America/Los_Angeles,disneyland,Disneyland,Fantasyland,277,King Arthur Carrousel,TRUE,5,2026-08-23T20:11:01.000Z,2026-08-23 13:11:01,https://queue-times.com/parks/16/queue_times.json
2026-08-23T20:15:19.553Z,2026-08-23 13:15:19,2026-08-23,America/Los_Angeles,disneyland,Disneyland,Fantasyland,278,Mad Tea Party,TRUE,5,2026-08-23T20:11:01.000Z,2026-08-23 13:11:01,https://queue-times.com/parks/16/queue_times.json
2026-08-23T20:15:19.553Z,2026-08-23 13:15:19,2026-08-23,America/Los_Angeles,disneyland,Disneyland,Fantasyland,279,Matterhorn Bobsleds,TRUE,10,2026-08-23T20:11:01.000Z,2026-08-23 13:11:01,https://queue-times.com/parks/16/queue_times.json
2026-08-23T20:15:19.553Z,2026-08-23 13:15:19,2026-08-23,America/Los_Angeles,disneyland,Disneyland,Fantasyland,6711,Meet Disney Princesses at Royal Hall,TRUE,30,2026-08-23T20:11:01.000Z,2026-08-23 13:11:01,https://queue-times.com/parks/16/queue_times.json
2026-08-23T20:15:19.553Z,2026-08-23 13:15:19,2026-08-23,America/Los_Angeles,disneyland,Disneyland,Fantasyland,280,Mr. Toad's Wild Ride,TRUE,15,2026-08-23T20:11:01.000Z,2026-08-23 13:11:01,https://queue-times.com/parks/16/queue_times.json
2026-08-23T20:15:19.553Z,2026-08-23 13:15:19,2026-08-23,America/Los_Angeles,disneyland,Disneyland,Fantasyland,281,Peter Pan's Flight,TRUE,20,2026-08-23T20:11:01.000Z,2026-08-23 13:11:01,https://queue-times.com/parks/16/queue_times.json
2026-08-23T20:15:19.553Z,2026-08-23 13:15:19,2026-08-23,America/Los_Angeles,disneyland,Disneyland,Fantasyland,282,Pinocchio's Daring Journey,TRUE,10,2026-08-23T20:11:01.000Z,2026-08-23 13:11:01,https://queue-times.com/parks/16/queue_times.json
2026-08-23T20:15:19.553Z,2026-08-23 13:15:19,2026-08-23,America/Los_Angeles,disneyland,Disneyland,Fantasyland,687,Sleeping Beauty Castle Walkthrough,FALSE,0,2026-08-23T20:11:01.000Z,2026-08-23 13:11:01,https://queue-times.com/parks/16/queue_times.json
2026-08-23T20:15:19.553Z,2026-08-23 13:15:19,2026-08-23,America/Los_Angeles,disneyland,Disneyland,Fantasyland,283,Snow White's Enchanted Wish,TRUE,10,2026-08-23T20:11:01.000Z,2026-08-23 13:11:01,https://queue-times.com/parks/16/queue_times.json
2026-08-23T20:15:19.553Z,2026-08-23 13:15:19,2026-08-23,America/Los_Angeles,disneyland,Disneyland,Fantasyland,305,Storybook Land Canal Boats,TRUE,5,2026-08-23T20:11:01.000Z,2026-08-23 13:11:01,https://queue-times.com/parks/16/queue_times.json
2026-08-23T20:15:19.553Z,2026-08-23 13:15:19,2026-08-23,America/Los_Angeles,disneyland,Disneyland,Frontierland,323,Big Thunder Mountain Railroad,TRUE,15,2026-08-23T20:11:01.000Z,2026-08-23 13:11:01,https://queue-times.com/parks/16/queue_times.json
2026-08-23T20:15:19.553Z,2026-08-23 13:15:19,2026-08-23,America/Los_Angeles,disneyland,Disneyland,Frontierland,679,Frontierland Shootin' Exposition,FALSE,0,2026-08-23T20:11:01.000Z,2026-08-23 13:11:01,https://queue-times.com/parks/16/queue_times.json
2026-08-23T20:15:19.553Z,2026-08-23 13:15:19,2026-08-23,America/Los_Angeles,disneyland,Disneyland,Frontierland,456,Mark Twain Riverboat,TRUE,10,2026-08-23T20:11:01.000Z,2026-08-23 13:11:01,https://queue-times.com/parks/16/queue_times.json
2026-08-23T20:15:19.553Z,2026-08-23 13:15:19,2026-08-23,America/Los_Angeles,disneyland,Disneyland,Frontierland,331,Pirate's Lair on Tom Sawyer Island,TRUE,5,2026-08-23T20:11:01.000Z,2026-08-23 13:11:01,https://queue-times.com/parks/16/queue_times.json
2026-08-23T20:15:19.553Z,2026-08-23 13:15:19,2026-08-23,America/Los_Angeles,disneyland,Disneyland,Frontierland,328,Sailing Ship Columbia,FALSE,0,2026-08-23T20:11:01.000Z,2026-08-23 13:11:01,https://queue-times.com/parks/16/queue_times.json
2026-08-23T20:15:19.553Z,2026-08-23 13:15:19,2026-08-23,America/Los_Angeles,disneyland,Disneyland,Main Street U.S.A,674,Disneyland Railroad,TRUE,5,2026-08-23T20:11:01.000Z,2026-08-23 13:11:01,https://queue-times.com/parks/16/queue_times.json
2026-08-23T20:15:19.553Z,2026-08-23 13:15:19,2026-08-23,America/Los_Angeles,disneyland,Disneyland,Main Street U.S.A,690,Great Moments with Mr. Lincoln,TRUE,0,2026-08-23T20:11:01.000Z,2026-08-23 13:11:01,https://queue-times.com/parks/16/queue_times.json
2026-08-23T20:15:19.553Z,2026-08-23 13:15:19,2026-08-23,America/Los_Angeles,disneyland,Disneyland,Main Street U.S.A,686,Main Street Cinema,FALSE,0,2026-08-23T20:11:01.000Z,2026-08-23 13:11:01,https://queue-times.com/parks/16/queue_times.json
2026-08-23T20:15:19.553Z,2026-08-23 13:15:19,2026-08-23,America/Los_Angeles,disneyland,Disneyland,Main Street U.S.A,691,Main Street Vehicles,TRUE,0,2026-08-23T20:11:01.000Z,2026-08-23 13:11:01,https://queue-times.com/parks/16/queue_times.json
2026-08-23T20:15:19.553Z,2026-08-23 13:15:19,2026-08-23,America/Los_Angeles,disneyland,Disneyland,Main Street U.S.A,14915,Opera House - Walt Disney - A Magical Life,TRUE,0,2026-08-23T20:11:01.000Z,2026-08-23 13:11:01,https://queue-times.com/parks/16/queue_times.json
2026-08-23T20:15:19.553Z,2026-08-23 13:15:19,2026-08-23,America/Los_Angeles,disneyland,Disneyland,Main Street U.S.A,695,The Disney Gallery,TRUE,0,2026-08-23T20:11:01.000Z,2026-08-23 13:11:01,https://queue-times.com/parks/16/queue_times.json
2026-08-23T20:15:19.553Z,2026-08-23 13:15:19,2026-08-23,America/Los_Angeles,disneyland,Disneyland,Main Street U.S.A,14923,Walt Disney - A Magical Life,FALSE,0,2026-08-23T20:11:01.000Z,2026-08-23 13:11:01,https://queue-times.com/parks/16/queue_times.json
2026-08-23T20:15:19.553Z,2026-08-23 13:15:19,2026-08-23,America/Los_Angeles,disneyland,Disneyland,Mickey's Toontown,324,Chip 'n' Dale's GADGETcoaster,TRUE,5,2026-08-23T20:11:01.000Z,2026-08-23 13:11:01,https://queue-times.com/parks/16/queue_times.json
2026-08-23T20:15:19.553Z,2026-08-23 13:15:19,2026-08-23,America/Los_Angeles,disneyland,Disneyland,Mickey's Toontown,13814,Donald's Duck Pond,TRUE,0,2026-08-23T20:11:01.000Z,2026-08-23 13:11:01,https://queue-times.com/parks/16/queue_times.json
2026-08-23T20:15:19.553Z,2026-08-23 13:15:19,2026-08-23,America/Los_Angeles,disneyland,Disneyland,Mickey's Toontown,11980,Goofy's How-to-Play Yard,TRUE,0,2026-08-23T20:11:01.000Z,2026-08-23 13:11:01,https://queue-times.com/parks/16/queue_times.json
2026-08-23T20:15:19.553Z,2026-08-23 13:15:19,2026-08-23,America/Los_Angeles,disneyland,Disneyland,Mickey's Toontown,11526,Mickey & Minnie's Runaway Railway,TRUE,25,2026-08-23T20:11:01.000Z,2026-08-23 13:11:01,https://queue-times.com/parks/16/queue_times.json
2026-08-23T20:15:19.553Z,2026-08-23 13:15:19,2026-08-23,America/Los_Angeles,disneyland,Disneyland,Mickey's Toontown,709,Mickey's House and Meet Mickey Mouse,TRUE,15,2026-08-23T20:11:01.000Z,2026-08-23 13:11:01,https://queue-times.com/parks/16/queue_times.json
2026-08-23T20:15:19.553Z,2026-08-23 13:15:19,2026-08-23,America/Los_Angeles,disneyland,Disneyland,Mickey's Toontown,327,Mickey's House and Meet Mickey Mouse,FALSE,0,2026-08-23T20:11:01.000Z,2026-08-23 13:11:01,https://queue-times.com/parks/16/queue_times.json
2026-08-23T20:15:19.553Z,2026-08-23 13:15:19,2026-08-23,America/Los_Angeles,disneyland,Disneyland,Mickey's Toontown,684,Minnie's House,TRUE,0,2026-08-23T20:11:01.000Z,2026-08-23 13:11:01,https://queue-times.com/parks/16/queue_times.json
2026-08-23T20:15:19.553Z,2026-08-23 13:15:19,2026-08-23,America/Los_Angeles,disneyland,Disneyland,Mickey's Toontown,332,Roger Rabbit's Car Toon Spin,TRUE,35,2026-08-23T20:11:01.000Z,2026-08-23 13:11:01,https://queue-times.com/parks/16/queue_times.json
2026-08-23T20:15:19.553Z,2026-08-23 13:15:19,2026-08-23,America/Los_Angeles,disneyland,Disneyland,New Orleans Square,13958,Haunted Mansion,FALSE,0,2026-08-21T05:25:59.000Z,2026-08-20 22:25:59,https://queue-times.com/parks/16/queue_times.json
2026-08-23T20:15:19.553Z,2026-08-23 13:15:19,2026-08-23,America/Los_Angeles,disneyland,Disneyland,New Orleans Square,325,Haunted Mansion Holiday,TRUE,45,2026-08-23T20:11:01.000Z,2026-08-23 13:11:01,https://queue-times.com/parks/16/queue_times.json
2026-08-23T20:15:19.553Z,2026-08-23 13:15:19,2026-08-23,America/Los_Angeles,disneyland,Disneyland,New Orleans Square,289,Pirates of the Caribbean,TRUE,10,2026-08-23T20:11:01.000Z,2026-08-23 13:11:01,https://queue-times.com/parks/16/queue_times.json
2026-08-23T20:15:19.553Z,2026-08-23 13:15:19,2026-08-23,America/Los_Angeles,disneyland,Disneyland,Star Wars: Galaxy's Edge,6339,Millennium Falcon: Smugglers Run,TRUE,10,2026-08-23T20:11:01.000Z,2026-08-23 13:11:01,https://queue-times.com/parks/16/queue_times.json
2026-08-23T20:15:19.553Z,2026-08-23 13:15:19,2026-08-23,America/Los_Angeles,disneyland,Disneyland,Star Wars: Galaxy's Edge,10903,Millennium Falcon: Smugglers Run Single Rider,TRUE,0,2026-08-23T20:11:01.000Z,2026-08-23 13:11:01,https://queue-times.com/parks/16/queue_times.json
2026-08-23T20:15:19.553Z,2026-08-23 13:15:19,2026-08-23,America/Los_Angeles,disneyland,Disneyland,Star Wars: Galaxy's Edge,6340,Star Wars: Rise of the Resistance,TRUE,35,2026-08-23T20:11:01.000Z,2026-08-23 13:11:01,https://queue-times.com/parks/16/queue_times.json
2026-08-23T20:15:19.553Z,2026-08-23 13:15:19,2026-08-23,America/Los_Angeles,disneyland,Disneyland,Tomorrowland,287,Astro Orbitor,TRUE,5,2026-08-23T20:11:01.000Z,2026-08-23 13:11:01,https://queue-times.com/parks/16/queue_times.json
2026-08-23T20:15:19.553Z,2026-08-23 13:15:19,2026-08-23,America/Los_Angeles,disneyland,Disneyland,Tomorrowland,317,Autopia,TRUE,10,2026-08-23T20:11:01.000Z,2026-08-23 13:11:01,https://queue-times.com/parks/16/queue_times.json
2026-08-23T20:15:19.553Z,2026-08-23 13:15:19,2026-08-23,America/Los_Angeles,disneyland,Disneyland,Tomorrowland,273,Buzz Lightyear Astro Blasters,TRUE,10,2026-08-23T20:11:01.000Z,2026-08-23 13:11:01,https://queue-times.com/parks/16/queue_times.json
2026-08-23T20:15:19.553Z,2026-08-23 13:15:19,2026-08-23,America/Los_Angeles,disneyland,Disneyland,Tomorrowland,274,Disneyland Monorail,FALSE,0,2026-08-23T20:11:01.000Z,2026-08-23 13:11:01,https://queue-times.com/parks/16/queue_times.json
2026-08-23T20:15:19.553Z,2026-08-23 13:15:19,2026-08-23,America/Los_Angeles,disneyland,Disneyland,Tomorrowland,276,Finding Nemo Submarine Voyage,TRUE,5,2026-08-23T20:11:01.000Z,2026-08-23 13:11:01,https://queue-times.com/parks/16/queue_times.json
2026-08-23T20:15:19.553Z,2026-08-23 13:15:19,2026-08-23,America/Los_Angeles,disneyland,Disneyland,Tomorrowland,16627,Pixar Short Film Spotlight,FALSE,0,2026-08-23T20:11:01.000Z,2026-08-23 13:11:01,https://queue-times.com/parks/16/queue_times.json
2026-08-23T20:15:19.553Z,2026-08-23 13:15:19,2026-08-23,America/Los_Angeles,disneyland,Disneyland,Tomorrowland,284,Space Mountain,TRUE,30,2026-08-23T20:11:01.000Z,2026-08-23 13:11:01,https://queue-times.com/parks/16/queue_times.json
2026-08-23T20:15:19.553Z,2026-08-23 13:15:19,2026-08-23,America/Los_Angeles,disneyland,Disneyland,Tomorrowland,286,Star Tours - The Adventures Continue,TRUE,15,2026-08-23T20:11:01.000Z,2026-08-23 13:11:01,https://queue-times.com/parks/16/queue_times.json
2026-08-23T20:15:19.553Z,2026-08-23 13:15:19,2026-08-23,America/Los_Angeles,dca,Disney California Adventure,Avengers Campus,329,Guardians of the Galaxy - Mission: BREAKOUT!,TRUE,50,2026-08-23T20:11:01.000Z,2026-08-23 13:11:01,https://queue-times.com/parks/17/queue_times.json
2026-08-23T20:15:19.553Z,2026-08-23 13:15:19,2026-08-23,America/Los_Angeles,dca,Disney California Adventure,Avengers Campus,8843,WEB SLINGERS: A Spider-Man Adventure,TRUE,25,2026-08-23T20:11:01.000Z,2026-08-23 13:11:01,https://queue-times.com/parks/17/queue_times.json
2026-08-23T20:15:19.553Z,2026-08-23 13:15:19,2026-08-23,America/Los_Angeles,dca,Disney California Adventure,Avengers Campus,10907,WEB SLINGERS: A Spider-Man Adventure Single Rider,TRUE,0,2026-08-23T20:11:01.000Z,2026-08-23 13:11:01,https://queue-times.com/parks/17/queue_times.json
2026-08-23T20:15:19.553Z,2026-08-23 13:15:19,2026-08-23,America/Los_Angeles,dca,Disney California Adventure,Cars Land,2608,Luigi's Honkin' Haul-O-Ween,TRUE,10,2026-08-23T20:11:01.000Z,2026-08-23 13:11:01,https://queue-times.com/parks/17/queue_times.json
2026-08-23T20:15:19.553Z,2026-08-23 13:15:19,2026-08-23,America/Los_Angeles,dca,Disney California Adventure,Cars Land,13961,Luigi's Rollickin' Roadsters,FALSE,0,2026-08-18T08:55:45.000Z,2026-08-18 01:55:45,https://queue-times.com/parks/17/queue_times.json
2026-08-23T20:15:19.553Z,2026-08-23 13:15:19,2026-08-23,America/Los_Angeles,dca,Disney California Adventure,Cars Land,315,Mater's Junkyard Jamboree,FALSE,0,2026-08-18T08:55:45.000Z,2026-08-18 01:55:45,https://queue-times.com/parks/17/queue_times.json
2026-08-23T20:15:19.553Z,2026-08-23 13:15:19,2026-08-23,America/Los_Angeles,dca,Disney California Adventure,Cars Land,295,Radiator Springs Racers,TRUE,50,2026-08-23T20:11:01.000Z,2026-08-23 13:11:01,https://queue-times.com/parks/17/queue_times.json
2026-08-23T20:15:19.553Z,2026-08-23 13:15:19,2026-08-23,America/Los_Angeles,dca,Disney California Adventure,Cars Land,10904,Radiator Springs Racers Single Rider,TRUE,0,2026-08-23T20:11:01.000Z,2026-08-23 13:11:01,https://queue-times.com/parks/17/queue_times.json
2026-08-23T20:15:19.553Z,2026-08-23 13:15:19,2026-08-23,America/Los_Angeles,dca,Disney California Adventure,Grizzly Peak,302,Grizzly River Run,TRUE,45,2026-08-23T20:11:01.000Z,2026-08-23 13:11:01,https://queue-times.com/parks/17/queue_times.json
2026-08-23T20:15:19.553Z,2026-08-23 13:15:19,2026-08-23,America/Los_Angeles,dca,Disney California Adventure,Grizzly Peak,293,Redwood Creek Challenge Trail,TRUE,5,2026-08-23T20:11:01.000Z,2026-08-23 13:11:01,https://queue-times.com/parks/17/queue_times.json
2026-08-23T20:15:19.553Z,2026-08-23 13:15:19,2026-08-23,America/Los_Angeles,dca,Disney California Adventure,Grizzly Peak,17129,Soarin’ Across America,TRUE,30,2026-08-23T20:11:01.000Z,2026-08-23 13:11:01,https://queue-times.com/parks/17/queue_times.json
2026-08-23T20:15:19.553Z,2026-08-23 13:15:19,2026-08-23,America/Los_Angeles,dca,Disney California Adventure,Hollywood Land,321,Animation Academy,TRUE,0,2026-08-23T20:11:01.000Z,2026-08-23 13:11:01,https://queue-times.com/parks/17/queue_times.json
2026-08-23T20:15:19.553Z,2026-08-23 13:15:19,2026-08-23,America/Los_Angeles,dca,Disney California Adventure,Hollywood Land,6440,Mickey's PhilharMagic,TRUE,10,2026-08-23T20:11:01.000Z,2026-08-23 13:11:01,https://queue-times.com/parks/17/queue_times.json
2026-08-23T20:15:19.553Z,2026-08-23 13:15:19,2026-08-23,America/Los_Angeles,dca,Disney California Adventure,Hollywood Land,291,"Monsters, Inc. Mike & Sulley to the Rescue!",TRUE,25,2026-08-23T20:11:01.000Z,2026-08-23 13:11:01,https://queue-times.com/parks/17/queue_times.json
2026-08-23T20:15:19.553Z,2026-08-23 13:15:19,2026-08-23,America/Los_Angeles,dca,Disney California Adventure,Hollywood Land,868,Sorcerer's Workshop,TRUE,0,2026-08-23T20:11:01.000Z,2026-08-23 13:11:01,https://queue-times.com/parks/17/queue_times.json
2026-08-23T20:15:19.553Z,2026-08-23 13:15:19,2026-08-23,America/Los_Angeles,dca,Disney California Adventure,Hollywood Land,294,Turtle Talk with Crush,TRUE,0,2026-08-23T20:11:01.000Z,2026-08-23 13:11:01,https://queue-times.com/parks/17/queue_times.json
2026-08-23T20:15:19.553Z,2026-08-23 13:15:19,2026-08-23,America/Los_Angeles,dca,Disney California Adventure,Pacific Wharf,869,The Bakery Tour,TRUE,0,2026-08-23T20:11:01.000Z,2026-08-23 13:11:01,https://queue-times.com/parks/17/queue_times.json
2026-08-23T20:15:19.553Z,2026-08-23 13:15:19,2026-08-23,America/Los_Angeles,dca,Disney California Adventure,Paradise Gardens Park,298,Golden Zephyr,FALSE,0,2026-08-23T20:11:01.000Z,2026-08-23 13:11:01,https://queue-times.com/parks/17/queue_times.json
2026-08-23T20:15:19.553Z,2026-08-23 13:15:19,2026-08-23,America/Los_Angeles,dca,Disney California Adventure,Paradise Gardens Park,319,Goofy's Sky School,TRUE,20,2026-08-23T20:11:01.000Z,2026-08-23 13:11:01,https://queue-times.com/parks/17/queue_times.json
2026-08-23T20:15:19.553Z,2026-08-23 13:15:19,2026-08-23,America/Los_Angeles,dca,Disney California Adventure,Paradise Gardens Park,301,Silly Symphony Swings,FALSE,0,2026-08-23T20:11:01.000Z,2026-08-23 13:11:01,https://queue-times.com/parks/17/queue_times.json
2026-08-23T20:15:19.553Z,2026-08-23 13:15:19,2026-08-23,America/Los_Angeles,dca,Disney California Adventure,Paradise Gardens Park,316,The Little Mermaid - Ariel's Undersea Adventure,FALSE,0,2026-08-23T20:11:01.000Z,2026-08-23 13:11:01,https://queue-times.com/parks/17/queue_times.json
2026-08-23T20:15:19.553Z,2026-08-23 13:15:19,2026-08-23,America/Los_Angeles,dca,Disney California Adventure,Paradise Gardens Park,11528,World of Color – ONE,FALSE,0,2026-08-23T20:11:01.000Z,2026-08-23 13:11:01,https://queue-times.com/parks/17/queue_times.json
2026-08-23T20:15:19.553Z,2026-08-23 13:15:19,2026-08-23,America/Los_Angeles,dca,Disney California Adventure,Pixar Pier,866,Games of Pixar Pier,TRUE,0,2026-08-23T20:11:01.000Z,2026-08-23 13:11:01,https://queue-times.com/parks/17/queue_times.json
2026-08-23T20:15:19.553Z,2026-08-23 13:15:19,2026-08-23,America/Los_Angeles,dca,Disney California Adventure,Pixar Pier,322,Incredicoaster,TRUE,10,2026-08-23T20:11:01.000Z,2026-08-23 13:11:01,https://queue-times.com/parks/17/queue_times.json
2026-08-23T20:15:19.553Z,2026-08-23 13:15:19,2026-08-23,America/Los_Angeles,dca,Disney California Adventure,Pixar Pier,10906,Incredicoaster Single Rider,TRUE,0,2026-08-23T20:11:01.000Z,2026-08-23 13:11:01,https://queue-times.com/parks/17/queue_times.json
2026-08-23T20:15:19.553Z,2026-08-23 13:15:19,2026-08-23,America/Los_Angeles,dca,Disney California Adventure,Pixar Pier,6643,Inside Out Emotional Whirlwind,TRUE,10,2026-08-23T20:11:01.000Z,2026-08-23 13:11:01,https://queue-times.com/parks/17/queue_times.json
2026-08-23T20:15:19.553Z,2026-08-23 13:15:19,2026-08-23,America/Los_Angeles,dca,Disney California Adventure,Pixar Pier,310,Jessie's Critter Carousel,TRUE,5,2026-08-23T20:11:01.000Z,2026-08-23 13:11:01,https://queue-times.com/parks/17/queue_times.json
2026-08-23T20:15:19.553Z,2026-08-23 13:15:19,2026-08-23,America/Los_Angeles,dca,Disney California Adventure,Pixar Pier,300,Jumpin' Jellyfish,TRUE,5,2026-08-23T20:11:01.000Z,2026-08-23 13:11:01,https://queue-times.com/parks/17/queue_times.json
2026-08-23T20:15:19.553Z,2026-08-23 13:15:19,2026-08-23,America/Los_Angeles,dca,Disney California Adventure,Pixar Pier,311,Pixar Pal-A-Round - Swinging,TRUE,5,2026-08-23T20:11:01.000Z,2026-08-23 13:11:01,https://queue-times.com/parks/17/queue_times.json
2026-08-23T20:15:19.553Z,2026-08-23 13:15:19,2026-08-23,America/Los_Angeles,dca,Disney California Adventure,Pixar Pier,5557,Pixar Pal-A-Round – Non-Swinging,TRUE,10,2026-08-23T20:11:01.000Z,2026-08-23 13:11:01,https://queue-times.com/parks/17/queue_times.json
2026-08-23T20:15:19.553Z,2026-08-23 13:15:19,2026-08-23,America/Los_Angeles,dca,Disney California Adventure,Pixar Pier,313,Toy Story Midway Mania!,FALSE,0,2026-08-23T20:11:01.000Z,2026-08-23 13:11:01,https://queue-times.com/parks/17/queue_times.json
2026-08-23T20:15:19.553Z,2026-08-23 13:15:19,2026-08-23,America/Los_Angeles,dca,Disney California Adventure,Halloween,5146,Guardians of the Galaxy - Monsters After Dark,FALSE,0,2026-08-23T20:11:01.000Z,2026-08-23 13:11:01,https://queue-times.com/parks/17/queue_times.json
2026-08-23T20:15:19.553Z,2026-08-23 13:15:19,2026-08-23,America/Los_Angeles,dca,Disney California Adventure,Halloween,4723,Mater's Graveyard JamBOOree,TRUE,5,2026-08-23T20:11:01.000Z,2026-08-23 13:11:01,https://queue-times.com/parks/17/queue_times.json
2026-08-23T20:15:19.553Z,2026-08-23 13:15:19,2026-08-23,America/Los_Angeles,dca,Disney California Adventure,Halloween,7292,Villains Grove at Oogie Boogie Bash,FALSE,0,2026-08-23T20:11:01.000Z,2026-08-23 13:11:01,https://queue-times.com/parks/17/queue_times.json
2026-08-23T20:30:23.228Z,2026-08-23 13:30:23,2026-08-23,America/Los_Angeles,disneyland,Disneyland,Adventureland,12428,Adventureland Treehouse inspired by Walt Disney’s Swiss Family Robinson,TRUE,0,2026-08-23T20:26:23.000Z,2026-08-23 13:26:23,https://queue-times.com/parks/16/queue_times.json
2026-08-23T20:30:23.228Z,2026-08-23 13:30:23,2026-08-23,America/Los_Angeles,disneyland,Disneyland,Adventureland,326,Indiana Jones™ Adventure,TRUE,40,2026-08-23T20:26:23.000Z,2026-08-23 13:26:23,https://queue-times.com/parks/16/queue_times.json
2026-08-23T20:30:23.228Z,2026-08-23 13:30:23,2026-08-23,America/Los_Angeles,disneyland,Disneyland,Adventureland,296,Jungle Cruise,TRUE,5,2026-08-23T20:26:23.000Z,2026-08-23 13:26:23,https://queue-times.com/parks/16/queue_times.json
2026-08-23T20:30:23.228Z,2026-08-23 13:30:23,2026-08-23,America/Los_Angeles,disneyland,Disneyland,Adventureland,288,Walt Disney's Enchanted Tiki Room,TRUE,0,2026-08-23T20:26:23.000Z,2026-08-23 13:26:23,https://queue-times.com/parks/16/queue_times.json
2026-08-23T20:30:23.228Z,2026-08-23 13:30:23,2026-08-23,America/Los_Angeles,disneyland,Disneyland,Bayou Country,304,Davy Crockett's Explorer Canoes,FALSE,0,2026-08-23T20:26:23.000Z,2026-08-23 13:26:23,https://queue-times.com/parks/16/queue_times.json
2026-08-23T20:30:23.228Z,2026-08-23 13:30:23,2026-08-23,America/Los_Angeles,disneyland,Disneyland,Bayou Country,306,The Many Adventures of Winnie the Pooh,TRUE,5,2026-08-23T20:26:23.000Z,2026-08-23 13:26:23,https://queue-times.com/parks/16/queue_times.json
2026-08-23T20:30:23.228Z,2026-08-23 13:30:23,2026-08-23,America/Los_Angeles,disneyland,Disneyland,Bayou Country,14168,Tiana's Bayou Adventure,TRUE,35,2026-08-23T20:26:23.000Z,2026-08-23 13:26:23,https://queue-times.com/parks/16/queue_times.json
2026-08-23T20:30:23.228Z,2026-08-23 13:30:23,2026-08-23,America/Los_Angeles,disneyland,Disneyland,Bayou Country,14326,Tiana's Bayou Adventure Single Rider,TRUE,0,2026-08-23T20:26:23.000Z,2026-08-23 13:26:23,https://queue-times.com/parks/16/queue_times.json
2026-08-23T20:30:23.228Z,2026-08-23 13:30:23,2026-08-23,America/Los_Angeles,disneyland,Disneyland,Fantasyland,307,"""it's a small world""",TRUE,5,2026-08-23T20:26:23.000Z,2026-08-23 13:26:23,https://queue-times.com/parks/16/queue_times.json
2026-08-23T20:30:23.228Z,2026-08-23 13:30:23,2026-08-23,America/Los_Angeles,disneyland,Disneyland,Fantasyland,285,Alice in Wonderland,TRUE,15,2026-08-23T20:26:23.000Z,2026-08-23 13:26:23,https://queue-times.com/parks/16/queue_times.json
2026-08-23T20:30:23.228Z,2026-08-23 13:30:23,2026-08-23,America/Los_Angeles,disneyland,Disneyland,Fantasyland,16254,Bluey’s Best Day Ever! at Fantasyland Theatre,TRUE,0,2026-08-23T20:26:23.000Z,2026-08-23 13:26:23,https://queue-times.com/parks/16/queue_times.json
2026-08-23T20:30:23.228Z,2026-08-23 13:30:23,2026-08-23,America/Los_Angeles,disneyland,Disneyland,Fantasyland,303,Casey Jr. Circus Train,TRUE,5,2026-08-23T20:26:23.000Z,2026-08-23 13:26:23,https://queue-times.com/parks/16/queue_times.json
2026-08-23T20:30:23.228Z,2026-08-23 13:30:23,2026-08-23,America/Los_Angeles,disneyland,Disneyland,Fantasyland,275,Dumbo the Flying Elephant,TRUE,5,2026-08-23T20:26:23.000Z,2026-08-23 13:26:23,https://queue-times.com/parks/16/queue_times.json
2026-08-23T20:30:23.228Z,2026-08-23 13:30:23,2026-08-23,America/Los_Angeles,disneyland,Disneyland,Fantasyland,277,King Arthur Carrousel,TRUE,5,2026-08-23T20:26:23.000Z,2026-08-23 13:26:23,https://queue-times.com/parks/16/queue_times.json
2026-08-23T20:30:23.228Z,2026-08-23 13:30:23,2026-08-23,America/Los_Angeles,disneyland,Disneyland,Fantasyland,278,Mad Tea Party,TRUE,5,2026-08-23T20:26:23.000Z,2026-08-23 13:26:23,https://queue-times.com/parks/16/queue_times.json
2026-08-23T20:30:23.228Z,2026-08-23 13:30:23,2026-08-23,America/Los_Angeles,disneyland,Disneyland,Fantasyland,279,Matterhorn Bobsleds,TRUE,10,2026-08-23T20:26:23.000Z,2026-08-23 13:26:23,https://queue-times.com/parks/16/queue_times.json
2026-08-23T20:30:23.228Z,2026-08-23 13:30:23,2026-08-23,America/Los_Angeles,disneyland,Disneyland,Fantasyland,6711,Meet Disney Princesses at Royal Hall,TRUE,30,2026-08-23T20:26:23.000Z,2026-08-23 13:26:23,https://queue-times.com/parks/16/queue_times.json
2026-08-23T20:30:23.228Z,2026-08-23 13:30:23,2026-08-23,America/Los_Angeles,disneyland,Disneyland,Fantasyland,280,Mr. Toad's Wild Ride,TRUE,5,2026-08-23T20:26:23.000Z,2026-08-23 13:26:23,https://queue-times.com/parks/16/queue_times.json
2026-08-23T20:30:23.228Z,2026-08-23 13:30:23,2026-08-23,America/Los_Angeles,disneyland,Disneyland,Fantasyland,281,Peter Pan's Flight,TRUE,20,2026-08-23T20:26:23.000Z,2026-08-23 13:26:23,https://queue-times.com/parks/16/queue_times.json
2026-08-23T20:30:23.228Z,2026-08-23 13:30:23,2026-08-23,America/Los_Angeles,disneyland,Disneyland,Fantasyland,282,Pinocchio's Daring Journey,TRUE,10,2026-08-23T20:26:23.000Z,2026-08-23 13:26:23,https://queue-times.com/parks/16/queue_times.json
2026-08-23T20:30:23.228Z,2026-08-23 13:30:23,2026-08-23,America/Los_Angeles,disneyland,Disneyland,Fantasyland,687,Sleeping Beauty Castle Walkthrough,FALSE,0,2026-08-23T20:26:23.000Z,2026-08-23 13:26:23,https://queue-times.com/parks/16/queue_times.json
2026-08-23T20:30:23.228Z,2026-08-23 13:30:23,2026-08-23,America/Los_Angeles,disneyland,Disneyland,Fantasyland,283,Snow White's Enchanted Wish,TRUE,10,2026-08-23T20:26:23.000Z,2026-08-23 13:26:23,https://queue-times.com/parks/16/queue_times.json
2026-08-23T20:30:23.228Z,2026-08-23 13:30:23,2026-08-23,America/Los_Angeles,disneyland,Disneyland,Fantasyland,305,Storybook Land Canal Boats,TRUE,5,2026-08-23T20:26:23.000Z,2026-08-23 13:26:23,https://queue-times.com/parks/16/queue_times.json
2026-08-23T20:30:23.228Z,2026-08-23 13:30:23,2026-08-23,America/Los_Angeles,disneyland,Disneyland,Frontierland,323,Big Thunder Mountain Railroad,TRUE,15,2026-08-23T20:26:23.000Z,2026-08-23 13:26:23,https://queue-times.com/parks/16/queue_times.json
2026-08-23T20:30:23.228Z,2026-08-23 13:30:23,2026-08-23,America/Los_Angeles,disneyland,Disneyland,Frontierland,679,Frontierland Shootin' Exposition,FALSE,0,2026-08-23T20:26:23.000Z,2026-08-23 13:26:23,https://queue-times.com/parks/16/queue_times.json
2026-08-23T20:30:23.228Z,2026-08-23 13:30:23,2026-08-23,America/Los_Angeles,disneyland,Disneyland,Frontierland,456,Mark Twain Riverboat,TRUE,10,2026-08-23T20:26:23.000Z,2026-08-23 13:26:23,https://queue-times.com/parks/16/queue_times.json
2026-08-23T20:30:23.228Z,2026-08-23 13:30:23,2026-08-23,America/Los_Angeles,disneyland,Disneyland,Frontierland,331,Pirate's Lair on Tom Sawyer Island,TRUE,5,2026-08-23T20:26:23.000Z,2026-08-23 13:26:23,https://queue-times.com/parks/16/queue_times.json
2026-08-23T20:30:23.228Z,2026-08-23 13:30:23,2026-08-23,America/Los_Angeles,disneyland,Disneyland,Frontierland,328,Sailing Ship Columbia,FALSE,0,2026-08-23T20:26:23.000Z,2026-08-23 13:26:23,https://queue-times.com/parks/16/queue_times.json
2026-08-23T20:30:23.228Z,2026-08-23 13:30:23,2026-08-23,America/Los_Angeles,disneyland,Disneyland,Main Street U.S.A,674,Disneyland Railroad,FALSE,0,2026-08-23T20:26:23.000Z,2026-08-23 13:26:23,https://queue-times.com/parks/16/queue_times.json
2026-08-23T20:30:23.228Z,2026-08-23 13:30:23,2026-08-23,America/Los_Angeles,disneyland,Disneyland,Main Street U.S.A,690,Great Moments with Mr. Lincoln,TRUE,0,2026-08-23T20:26:23.000Z,2026-08-23 13:26:23,https://queue-times.com/parks/16/queue_times.json
2026-08-23T20:30:23.228Z,2026-08-23 13:30:23,2026-08-23,America/Los_Angeles,disneyland,Disneyland,Main Street U.S.A,686,Main Street Cinema,FALSE,0,2026-08-23T20:26:23.000Z,2026-08-23 13:26:23,https://queue-times.com/parks/16/queue_times.json
2026-08-23T20:30:23.228Z,2026-08-23 13:30:23,2026-08-23,America/Los_Angeles,disneyland,Disneyland,Main Street U.S.A,691,Main Street Vehicles,TRUE,0,2026-08-23T20:26:23.000Z,2026-08-23 13:26:23,https://queue-times.com/parks/16/queue_times.json
2026-08-23T20:30:23.228Z,2026-08-23 13:30:23,2026-08-23,America/Los_Angeles,disneyland,Disneyland,Main Street U.S.A,14915,Opera House - Walt Disney - A Magical Life,TRUE,0,2026-08-23T20:26:23.000Z,2026-08-23 13:26:23,https://queue-times.com/parks/16/queue_times.json
2026-08-23T20:30:23.228Z,2026-08-23 13:30:23,2026-08-23,America/Los_Angeles,disneyland,Disneyland,Main Street U.S.A,695,The Disney Gallery,TRUE,0,2026-08-23T20:26:23.000Z,2026-08-23 13:26:23,https://queue-times.com/parks/16/queue_times.json
2026-08-23T20:30:23.228Z,2026-08-23 13:30:23,2026-08-23,America/Los_Angeles,disneyland,Disneyland,Main Street U.S.A,14923,Walt Disney - A Magical Life,FALSE,0,2026-08-23T20:26:23.000Z,2026-08-23 13:26:23,https://queue-times.com/parks/16/queue_times.json
2026-08-23T20:30:23.228Z,2026-08-23 13:30:23,2026-08-23,America/Los_Angeles,disneyland,Disneyland,Mickey's Toontown,324,Chip 'n' Dale's GADGETcoaster,TRUE,5,2026-08-23T20:26:23.000Z,2026-08-23 13:26:23,https://queue-times.com/parks/16/queue_times.json
2026-08-23T20:30:23.228Z,2026-08-23 13:30:23,2026-08-23,America/Los_Angeles,disneyland,Disneyland,Mickey's Toontown,13814,Donald's Duck Pond,TRUE,0,2026-08-23T20:26:23.000Z,2026-08-23 13:26:23,https://queue-times.com/parks/16/queue_times.json
2026-08-23T20:30:23.228Z,2026-08-23 13:30:23,2026-08-23,America/Los_Angeles,disneyland,Disneyland,Mickey's Toontown,11980,Goofy's How-to-Play Yard,TRUE,0,2026-08-23T20:26:23.000Z,2026-08-23 13:26:23,https://queue-times.com/parks/16/queue_times.json
2026-08-23T20:30:23.228Z,2026-08-23 13:30:23,2026-08-23,America/Los_Angeles,disneyland,Disneyland,Mickey's Toontown,11526,Mickey & Minnie's Runaway Railway,TRUE,30,2026-08-23T20:26:23.000Z,2026-08-23 13:26:23,https://queue-times.com/parks/16/queue_times.json
2026-08-23T20:30:23.228Z,2026-08-23 13:30:23,2026-08-23,America/Los_Angeles,disneyland,Disneyland,Mickey's Toontown,709,Mickey's House and Meet Mickey Mouse,TRUE,15,2026-08-23T20:26:23.000Z,2026-08-23 13:26:23,https://queue-times.com/parks/16/queue_times.json
2026-08-23T20:30:23.228Z,2026-08-23 13:30:23,2026-08-23,America/Los_Angeles,disneyland,Disneyland,Mickey's Toontown,327,Mickey's House and Meet Mickey Mouse,FALSE,0,2026-08-23T20:26:23.000Z,2026-08-23 13:26:23,https://queue-times.com/parks/16/queue_times.json
2026-08-23T20:30:23.228Z,2026-08-23 13:30:23,2026-08-23,America/Los_Angeles,disneyland,Disneyland,Mickey's Toontown,684,Minnie's House,TRUE,0,2026-08-23T20:26:23.000Z,2026-08-23 13:26:23,https://queue-times.com/parks/16/queue_times.json
2026-08-23T20:30:23.228Z,2026-08-23 13:30:23,2026-08-23,America/Los_Angeles,disneyland,Disneyland,Mickey's Toontown,332,Roger Rabbit's Car Toon Spin,TRUE,35,2026-08-23T20:26:23.000Z,2026-08-23 13:26:23,https://queue-times.com/parks/16/queue_times.json
2026-08-23T20:30:23.228Z,2026-08-23 13:30:23,2026-08-23,America/Los_Angeles,disneyland,Disneyland,New Orleans Square,13958,Haunted Mansion,FALSE,0,2026-08-21T05:25:59.000Z,2026-08-20 22:25:59,https://queue-times.com/parks/16/queue_times.json
2026-08-23T20:30:23.228Z,2026-08-23 13:30:23,2026-08-23,America/Los_Angeles,disneyland,Disneyland,New Orleans Square,325,Haunted Mansion Holiday,TRUE,45,2026-08-23T20:26:23.000Z,2026-08-23 13:26:23,https://queue-times.com/parks/16/queue_times.json
2026-08-23T20:30:23.228Z,2026-08-23 13:30:23,2026-08-23,America/Los_Angeles,disneyland,Disneyland,New Orleans Square,289,Pirates of the Caribbean,TRUE,10,2026-08-23T20:26:23.000Z,2026-08-23 13:26:23,https://queue-times.com/parks/16/queue_times.json
2026-08-23T20:30:23.228Z,2026-08-23 13:30:23,2026-08-23,America/Los_Angeles,disneyland,Disneyland,Star Wars: Galaxy's Edge,6339,Millennium Falcon: Smugglers Run,TRUE,10,2026-08-23T20:26:23.000Z,2026-08-23 13:26:23,https://queue-times.com/parks/16/queue_times.json
2026-08-23T20:30:23.228Z,2026-08-23 13:30:23,2026-08-23,America/Los_Angeles,disneyland,Disneyland,Star Wars: Galaxy's Edge,10903,Millennium Falcon: Smugglers Run Single Rider,TRUE,0,2026-08-23T20:26:23.000Z,2026-08-23 13:26:23,https://queue-times.com/parks/16/queue_times.json
2026-08-23T20:30:23.228Z,2026-08-23 13:30:23,2026-08-23,America/Los_Angeles,disneyland,Disneyland,Star Wars: Galaxy's Edge,6340,Star Wars: Rise of the Resistance,TRUE,35,2026-08-23T20:26:23.000Z,2026-08-23 13:26:23,https://queue-times.com/parks/16/queue_times.json
2026-08-23T20:30:23.228Z,2026-08-23 13:30:23,2026-08-23,America/Los_Angeles,disneyland,Disneyland,Tomorrowland,287,Astro Orbitor,TRUE,5,2026-08-23T20:26:23.000Z,2026-08-23 13:26:23,https://queue-times.com/parks/16/queue_times.json
2026-08-23T20:30:23.228Z,2026-08-23 13:30:23,2026-08-23,America/Los_Angeles,disneyland,Disneyland,Tomorrowland,317,Autopia,TRUE,10,2026-08-23T20:26:23.000Z,2026-08-23 13:26:23,https://queue-times.com/parks/16/queue_times.json
2026-08-23T20:30:23.228Z,2026-08-23 13:30:23,2026-08-23,America/Los_Angeles,disneyland,Disneyland,Tomorrowland,273,Buzz Lightyear Astro Blasters,TRUE,10,2026-08-23T20:26:23.000Z,2026-08-23 13:26:23,https://queue-times.com/parks/16/queue_times.json
2026-08-23T20:30:23.228Z,2026-08-23 13:30:23,2026-08-23,America/Los_Angeles,disneyland,Disneyland,Tomorrowland,274,Disneyland Monorail,FALSE,0,2026-08-23T20:26:23.000Z,2026-08-23 13:26:23,https://queue-times.com/parks/16/queue_times.json
2026-08-23T20:30:23.228Z,2026-08-23 13:30:23,2026-08-23,America/Los_Angeles,disneyland,Disneyland,Tomorrowland,276,Finding Nemo Submarine Voyage,TRUE,5,2026-08-23T20:26:23.000Z,2026-08-23 13:26:23,https://queue-times.com/parks/16/queue_times.json
2026-08-23T20:30:23.228Z,2026-08-23 13:30:23,2026-08-23,America/Los_Angeles,disneyland,Disneyland,Tomorrowland,16627,Pixar Short Film Spotlight,FALSE,0,2026-08-23T20:26:23.000Z,2026-08-23 13:26:23,https://queue-times.com/parks/16/queue_times.json
2026-08-23T20:30:23.228Z,2026-08-23 13:30:23,2026-08-23,America/Los_Angeles,disneyland,Disneyland,Tomorrowland,284,Space Mountain,TRUE,45,2026-08-23T20:26:23.000Z,2026-08-23 13:26:23,https://queue-times.com/parks/16/queue_times.json
2026-08-23T20:30:23.228Z,2026-08-23 13:30:23,2026-08-23,America/Los_Angeles,disneyland,Disneyland,Tomorrowland,286,Star Tours - The Adventures Continue,TRUE,15,2026-08-23T20:26:23.000Z,2026-08-23 13:26:23,https://queue-times.com/parks/16/queue_times.json
2026-08-23T20:30:23.228Z,2026-08-23 13:30:23,2026-08-23,America/Los_Angeles,dca,Disney California Adventure,Avengers Campus,329,Guardians of the Galaxy - Mission: BREAKOUT!,TRUE,40,2026-08-23T20:26:25.000Z,2026-08-23 13:26:25,https://queue-times.com/parks/17/queue_times.json
2026-08-23T20:30:23.228Z,2026-08-23 13:30:23,2026-08-23,America/Los_Angeles,dca,Disney California Adventure,Avengers Campus,8843,WEB SLINGERS: A Spider-Man Adventure,TRUE,35,2026-08-23T20:26:25.000Z,2026-08-23 13:26:25,https://queue-times.com/parks/17/queue_times.json
2026-08-23T20:30:23.228Z,2026-08-23 13:30:23,2026-08-23,America/Los_Angeles,dca,Disney California Adventure,Avengers Campus,10907,WEB SLINGERS: A Spider-Man Adventure Single Rider,TRUE,0,2026-08-23T20:26:25.000Z,2026-08-23 13:26:25,https://queue-times.com/parks/17/queue_times.json
2026-08-23T20:30:23.228Z,2026-08-23 13:30:23,2026-08-23,America/Los_Angeles,dca,Disney California Adventure,Cars Land,2608,Luigi's Honkin' Haul-O-Ween,TRUE,5,2026-08-23T20:26:25.000Z,2026-08-23 13:26:25,https://queue-times.com/parks/17/queue_times.json
2026-08-23T20:30:23.228Z,2026-08-23 13:30:23,2026-08-23,America/Los_Angeles,dca,Disney California Adventure,Cars Land,13961,Luigi's Rollickin' Roadsters,FALSE,0,2026-08-18T08:55:45.000Z,2026-08-18 01:55:45,https://queue-times.com/parks/17/queue_times.json
2026-08-23T20:30:23.228Z,2026-08-23 13:30:23,2026-08-23,America/Los_Angeles,dca,Disney California Adventure,Cars Land,315,Mater's Junkyard Jamboree,FALSE,0,2026-08-18T08:55:45.000Z,2026-08-18 01:55:45,https://queue-times.com/parks/17/queue_times.json
2026-08-23T20:30:23.228Z,2026-08-23 13:30:23,2026-08-23,America/Los_Angeles,dca,Disney California Adventure,Cars Land,295,Radiator Springs Racers,TRUE,50,2026-08-23T20:26:25.000Z,2026-08-23 13:26:25,https://queue-times.com/parks/17/queue_times.json
2026-08-23T20:30:23.228Z,2026-08-23 13:30:23,2026-08-23,America/Los_Angeles,dca,Disney California Adventure,Cars Land,10904,Radiator Springs Racers Single Rider,TRUE,0,2026-08-23T20:26:25.000Z,2026-08-23 13:26:25,https://queue-times.com/parks/17/queue_times.json
2026-08-23T20:30:23.228Z,2026-08-23 13:30:23,2026-08-23,America/Los_Angeles,dca,Disney California Adventure,Grizzly Peak,302,Grizzly River Run,TRUE,45,2026-08-23T20:26:25.000Z,2026-08-23 13:26:25,https://queue-times.com/parks/17/queue_times.json
2026-08-23T20:30:23.228Z,2026-08-23 13:30:23,2026-08-23,America/Los_Angeles,dca,Disney California Adventure,Grizzly Peak,293,Redwood Creek Challenge Trail,TRUE,5,2026-08-23T20:26:25.000Z,2026-08-23 13:26:25,https://queue-times.com/parks/17/queue_times.json
2026-08-23T20:30:23.228Z,2026-08-23 13:30:23,2026-08-23,America/Los_Angeles,dca,Disney California Adventure,Grizzly Peak,17129,Soarin’ Across America,TRUE,30,2026-08-23T20:26:25.000Z,2026-08-23 13:26:25,https://queue-times.com/parks/17/queue_times.json
2026-08-23T20:30:23.228Z,2026-08-23 13:30:23,2026-08-23,America/Los_Angeles,dca,Disney California Adventure,Hollywood Land,321,Animation Academy,TRUE,0,2026-08-23T20:26:25.000Z,2026-08-23 13:26:25,https://queue-times.com/parks/17/queue_times.json
2026-08-23T20:30:23.228Z,2026-08-23 13:30:23,2026-08-23,America/Los_Angeles,dca,Disney California Adventure,Hollywood Land,6440,Mickey's PhilharMagic,TRUE,10,2026-08-23T20:26:25.000Z,2026-08-23 13:26:25,https://queue-times.com/parks/17/queue_times.json
2026-08-23T20:30:23.228Z,2026-08-23 13:30:23,2026-08-23,America/Los_Angeles,dca,Disney California Adventure,Hollywood Land,291,"Monsters, Inc. Mike & Sulley to the Rescue!",TRUE,35,2026-08-23T20:26:25.000Z,2026-08-23 13:26:25,https://queue-times.com/parks/17/queue_times.json
2026-08-23T20:30:23.228Z,2026-08-23 13:30:23,2026-08-23,America/Los_Angeles,dca,Disney California Adventure,Hollywood Land,868,Sorcerer's Workshop,TRUE,0,2026-08-23T20:26:25.000Z,2026-08-23 13:26:25,https://queue-times.com/parks/17/queue_times.json
2026-08-23T20:30:23.228Z,2026-08-23 13:30:23,2026-08-23,America/Los_Angeles,dca,Disney California Adventure,Hollywood Land,294,Turtle Talk with Crush,TRUE,0,2026-08-23T20:26:25.000Z,2026-08-23 13:26:25,https://queue-times.com/parks/17/queue_times.json
2026-08-23T20:30:23.228Z,2026-08-23 13:30:23,2026-08-23,America/Los_Angeles,dca,Disney California Adventure,Pacific Wharf,869,The Bakery Tour,TRUE,0,2026-08-23T20:26:25.000Z,2026-08-23 13:26:25,https://queue-times.com/parks/17/queue_times.json
2026-08-23T20:30:23.228Z,2026-08-23 13:30:23,2026-08-23,America/Los_Angeles,dca,Disney California Adventure,Paradise Gardens Park,298,Golden Zephyr,FALSE,0,2026-08-23T20:26:25.000Z,2026-08-23 13:26:25,https://queue-times.com/parks/17/queue_times.json
2026-08-23T20:30:23.228Z,2026-08-23 13:30:23,2026-08-23,America/Los_Angeles,dca,Disney California Adventure,Paradise Gardens Park,319,Goofy's Sky School,TRUE,30,2026-08-23T20:26:25.000Z,2026-08-23 13:26:25,https://queue-times.com/parks/17/queue_times.json
2026-08-23T20:30:23.228Z,2026-08-23 13:30:23,2026-08-23,America/Los_Angeles,dca,Disney California Adventure,Paradise Gardens Park,301,Silly Symphony Swings,FALSE,0,2026-08-23T20:26:25.000Z,2026-08-23 13:26:25,https://queue-times.com/parks/17/queue_times.json
2026-08-23T20:30:23.228Z,2026-08-23 13:30:23,2026-08-23,America/Los_Angeles,dca,Disney California Adventure,Paradise Gardens Park,316,The Little Mermaid - Ariel's Undersea Adventure,FALSE,0,2026-08-23T20:26:25.000Z,2026-08-23 13:26:25,https://queue-times.com/parks/17/queue_times.json
2026-08-23T20:30:23.228Z,2026-08-23 13:30:23,2026-08-23,America/Los_Angeles,dca,Disney California Adventure,Paradise Gardens Park,11528,World of Color – ONE,FALSE,0,2026-08-23T20:26:25.000Z,2026-08-23 13:26:25,https://queue-times.com/parks/17/queue_times.json
2026-08-23T20:30:23.228Z,2026-08-23 13:30:23,2026-08-23,America/Los_Angeles,dca,Disney California Adventure,Pixar Pier,866,Games of Pixar Pier,TRUE,0,2026-08-23T20:26:25.000Z,2026-08-23 13:26:25,https://queue-times.com/parks/17/queue_times.json
2026-08-23T20:30:23.228Z,2026-08-23 13:30:23,2026-08-23,America/Los_Angeles,dca,Disney California Adventure,Pixar Pier,322,Incredicoaster,TRUE,15,2026-08-23T20:26:25.000Z,2026-08-23 13:26:25,https://queue-times.com/parks/17/queue_times.json
2026-08-23T20:30:23.228Z,2026-08-23 13:30:23,2026-08-23,America/Los_Angeles,dca,Disney California Adventure,Pixar Pier,10906,Incredicoaster Single Rider,TRUE,0,2026-08-23T20:26:25.000Z,2026-08-23 13:26:25,https://queue-times.com/parks/17/queue_times.json
2026-08-23T20:30:23.228Z,2026-08-23 13:30:23,2026-08-23,America/Los_Angeles,dca,Disney California Adventure,Pixar Pier,6643,Inside Out Emotional Whirlwind,TRUE,5,2026-08-23T20:26:25.000Z,2026-08-23 13:26:25,https://queue-times.com/parks/17/queue_times.json
2026-08-23T20:30:23.228Z,2026-08-23 13:30:23,2026-08-23,America/Los_Angeles,dca,Disney California Adventure,Pixar Pier,310,Jessie's Critter Carousel,TRUE,5,2026-08-23T20:26:25.000Z,2026-08-23 13:26:25,https://queue-times.com/parks/17/queue_times.json
2026-08-23T20:30:23.228Z,2026-08-23 13:30:23,2026-08-23,America/Los_Angeles,dca,Disney California Adventure,Pixar Pier,300,Jumpin' Jellyfish,TRUE,5,2026-08-23T20:26:25.000Z,2026-08-23 13:26:25,https://queue-times.com/parks/17/queue_times.json
2026-08-23T20:30:23.228Z,2026-08-23 13:30:23,2026-08-23,America/Los_Angeles,dca,Disney California Adventure,Pixar Pier,311,Pixar Pal-A-Round - Swinging,TRUE,20,2026-08-23T20:26:25.000Z,2026-08-23 13:26:25,https://queue-times.com/parks/17/queue_times.json
2026-08-23T20:30:23.228Z,2026-08-23 13:30:23,2026-08-23,America/Los_Angeles,dca,Disney California Adventure,Pixar Pier,5557,Pixar Pal-A-Round – Non-Swinging,TRUE,10,2026-08-23T20:26:25.000Z,2026-08-23 13:26:25,https://queue-times.com/parks/17/queue_times.json
2026-08-23T20:30:23.228Z,2026-08-23 13:30:23,2026-08-23,America/Los_Angeles,dca,Disney California Adventure,Pixar Pier,313,Toy Story Midway Mania!,TRUE,40,2026-08-23T20:26:25.000Z,2026-08-23 13:26:25,https://queue-times.com/parks/17/queue_times.json
2026-08-23T20:30:23.228Z,2026-08-23 13:30:23,2026-08-23,America/Los_Angeles,dca,Disney California Adventure,Halloween,5146,Guardians of the Galaxy - Monsters After Dark,FALSE,0,2026-08-23T20:26:25.000Z,2026-08-23 13:26:25,https://queue-times.com/parks/17/queue_times.json
2026-08-23T20:30:23.228Z,2026-08-23 13:30:23,2026-08-23,America/Los_Angeles,dca,Disney California Adventure,Halloween,4723,Mater's Graveyard JamBOOree,TRUE,5,2026-08-23T20:26:25.000Z,2026-08-23 13:26:25,https://queue-times.com/parks/17/queue_times.json
2026-08-23T20:30:23.228Z,2026-08-23 13:30:23,2026-08-23,America/Los_Angeles,dca,Disney California Adventure,Halloween,7292,Villains Grove at Oogie Boogie Bash,FALSE,0,2026-08-23T20:26:25.000Z,2026-08-23 13:26:25,https://queue-times.com/parks/17/queue_times.json
2026-08-23T20:45:20.999Z,2026-08-23 13:45:20,2026-08-23,America/Los_Angeles,disneyland,Disneyland,Adventureland,12428,Adventureland Treehouse inspired by Walt Disney’s Swiss Family Robinson,TRUE,0,2026-08-23T20:40:58.000Z,2026-08-23 13:40:58,https://queue-times.com/parks/16/queue_times.json
2026-08-23T20:45:20.999Z,2026-08-23 13:45:20,2026-08-23,America/Los_Angeles,disneyland,Disneyland,Adventureland,326,Indiana Jones™ Adventure,TRUE,30,2026-08-23T20:40:58.000Z,2026-08-23 13:40:58,https://queue-times.com/parks/16/queue_times.json
2026-08-23T20:45:20.999Z,2026-08-23 13:45:20,2026-08-23,America/Los_Angeles,disneyland,Disneyland,Adventureland,296,Jungle Cruise,TRUE,5,2026-08-23T20:40:58.000Z,2026-08-23 13:40:58,https://queue-times.com/parks/16/queue_times.json
2026-08-23T20:45:20.999Z,2026-08-23 13:45:20,2026-08-23,America/Los_Angeles,disneyland,Disneyland,Adventureland,288,Walt Disney's Enchanted Tiki Room,TRUE,0,2026-08-23T20:40:58.000Z,2026-08-23 13:40:58,https://queue-times.com/parks/16/queue_times.json
2026-08-23T20:45:20.999Z,2026-08-23 13:45:20,2026-08-23,America/Los_Angeles,disneyland,Disneyland,Bayou Country,304,Davy Crockett's Explorer Canoes,FALSE,0,2026-08-23T20:40:58.000Z,2026-08-23 13:40:58,https://queue-times.com/parks/16/queue_times.json
2026-08-23T20:45:20.999Z,2026-08-23 13:45:20,2026-08-23,America/Los_Angeles,disneyland,Disneyland,Bayou Country,306,The Many Adventures of Winnie the Pooh,TRUE,5,2026-08-23T20:40:58.000Z,2026-08-23 13:40:58,https://queue-times.com/parks/16/queue_times.json
2026-08-23T20:45:20.999Z,2026-08-23 13:45:20,2026-08-23,America/Los_Angeles,disneyland,Disneyland,Bayou Country,14168,Tiana's Bayou Adventure,TRUE,35,2026-08-23T20:40:58.000Z,2026-08-23 13:40:58,https://queue-times.com/parks/16/queue_times.json
2026-08-23T20:45:20.999Z,2026-08-23 13:45:20,2026-08-23,America/Los_Angeles,disneyland,Disneyland,Bayou Country,14326,Tiana's Bayou Adventure Single Rider,TRUE,0,2026-08-23T20:40:58.000Z,2026-08-23 13:40:58,https://queue-times.com/parks/16/queue_times.json
2026-08-23T20:45:20.999Z,2026-08-23 13:45:20,2026-08-23,America/Los_Angeles,disneyland,Disneyland,Fantasyland,307,"""it's a small world""",TRUE,5,2026-08-23T20:40:58.000Z,2026-08-23 13:40:58,https://queue-times.com/parks/16/queue_times.json
2026-08-23T20:45:20.999Z,2026-08-23 13:45:20,2026-08-23,America/Los_Angeles,disneyland,Disneyland,Fantasyland,285,Alice in Wonderland,TRUE,15,2026-08-23T20:40:58.000Z,2026-08-23 13:40:58,https://queue-times.com/parks/16/queue_times.json
2026-08-23T20:45:20.999Z,2026-08-23 13:45:20,2026-08-23,America/Los_Angeles,disneyland,Disneyland,Fantasyland,16254,Bluey’s Best Day Ever! at Fantasyland Theatre,TRUE,0,2026-08-23T20:40:58.000Z,2026-08-23 13:40:58,https://queue-times.com/parks/16/queue_times.json
2026-08-23T20:45:20.999Z,2026-08-23 13:45:20,2026-08-23,America/Los_Angeles,disneyland,Disneyland,Fantasyland,303,Casey Jr. Circus Train,FALSE,0,2026-08-23T20:40:58.000Z,2026-08-23 13:40:58,https://queue-times.com/parks/16/queue_times.json
2026-08-23T20:45:20.999Z,2026-08-23 13:45:20,2026-08-23,America/Los_Angeles,disneyland,Disneyland,Fantasyland,275,Dumbo the Flying Elephant,TRUE,5,2026-08-23T20:40:58.000Z,2026-08-23 13:40:58,https://queue-times.com/parks/16/queue_times.json
2026-08-23T20:45:20.999Z,2026-08-23 13:45:20,2026-08-23,America/Los_Angeles,disneyland,Disneyland,Fantasyland,277,King Arthur Carrousel,TRUE,5,2026-08-23T20:40:58.000Z,2026-08-23 13:40:58,https://queue-times.com/parks/16/queue_times.json
2026-08-23T20:45:20.999Z,2026-08-23 13:45:20,2026-08-23,America/Los_Angeles,disneyland,Disneyland,Fantasyland,278,Mad Tea Party,TRUE,5,2026-08-23T20:40:58.000Z,2026-08-23 13:40:58,https://queue-times.com/parks/16/queue_times.json
2026-08-23T20:45:20.999Z,2026-08-23 13:45:20,2026-08-23,America/Los_Angeles,disneyland,Disneyland,Fantasyland,279,Matterhorn Bobsleds,TRUE,10,2026-08-23T20:40:58.000Z,2026-08-23 13:40:58,https://queue-times.com/parks/16/queue_times.json
2026-08-23T20:45:20.999Z,2026-08-23 13:45:20,2026-08-23,America/Los_Angeles,disneyland,Disneyland,Fantasyland,6711,Meet Disney Princesses at Royal Hall,TRUE,30,2026-08-23T20:40:58.000Z,2026-08-23 13:40:58,https://queue-times.com/parks/16/queue_times.json
2026-08-23T20:45:20.999Z,2026-08-23 13:45:20,2026-08-23,America/Los_Angeles,disneyland,Disneyland,Fantasyland,280,Mr. Toad's Wild Ride,TRUE,5,2026-08-23T20:40:58.000Z,2026-08-23 13:40:58,https://queue-times.com/parks/16/queue_times.json
2026-08-23T20:45:20.999Z,2026-08-23 13:45:20,2026-08-23,America/Los_Angeles,disneyland,Disneyland,Fantasyland,281,Peter Pan's Flight,TRUE,20,2026-08-23T20:40:58.000Z,2026-08-23 13:40:58,https://queue-times.com/parks/16/queue_times.json
2026-08-23T20:45:20.999Z,2026-08-23 13:45:20,2026-08-23,America/Los_Angeles,disneyland,Disneyland,Fantasyland,282,Pinocchio's Daring Journey,TRUE,10,2026-08-23T20:40:58.000Z,2026-08-23 13:40:58,https://queue-times.com/parks/16/queue_times.json
2026-08-23T20:45:20.999Z,2026-08-23 13:45:20,2026-08-23,America/Los_Angeles,disneyland,Disneyland,Fantasyland,687,Sleeping Beauty Castle Walkthrough,FALSE,0,2026-08-23T20:40:58.000Z,2026-08-23 13:40:58,https://queue-times.com/parks/16/queue_times.json
2026-08-23T20:45:20.999Z,2026-08-23 13:45:20,2026-08-23,America/Los_Angeles,disneyland,Disneyland,Fantasyland,283,Snow White's Enchanted Wish,TRUE,10,2026-08-23T20:40:58.000Z,2026-08-23 13:40:58,https://queue-times.com/parks/16/queue_times.json
2026-08-23T20:45:20.999Z,2026-08-23 13:45:20,2026-08-23,America/Los_Angeles,disneyland,Disneyland,Fantasyland,305,Storybook Land Canal Boats,TRUE,5,2026-08-23T20:40:58.000Z,2026-08-23 13:40:58,https://queue-times.com/parks/16/queue_times.json
2026-08-23T20:45:20.999Z,2026-08-23 13:45:20,2026-08-23,America/Los_Angeles,disneyland,Disneyland,Frontierland,323,Big Thunder Mountain Railroad,TRUE,15,2026-08-23T20:40:58.000Z,2026-08-23 13:40:58,https://queue-times.com/parks/16/queue_times.json
2026-08-23T20:45:20.999Z,2026-08-23 13:45:20,2026-08-23,America/Los_Angeles,disneyland,Disneyland,Frontierland,679,Frontierland Shootin' Exposition,FALSE,0,2026-08-23T20:40:58.000Z,2026-08-23 13:40:58,https://queue-times.com/parks/16/queue_times.json
2026-08-23T20:45:20.999Z,2026-08-23 13:45:20,2026-08-23,America/Los_Angeles,disneyland,Disneyland,Frontierland,456,Mark Twain Riverboat,TRUE,10,2026-08-23T20:40:58.000Z,2026-08-23 13:40:58,https://queue-times.com/parks/16/queue_times.json
2026-08-23T20:45:20.999Z,2026-08-23 13:45:20,2026-08-23,America/Los_Angeles,disneyland,Disneyland,Frontierland,331,Pirate's Lair on Tom Sawyer Island,TRUE,5,2026-08-23T20:40:58.000Z,2026-08-23 13:40:58,https://queue-times.com/parks/16/queue_times.json
2026-08-23T20:45:20.999Z,2026-08-23 13:45:20,2026-08-23,America/Los_Angeles,disneyland,Disneyland,Frontierland,328,Sailing Ship Columbia,FALSE,0,2026-08-23T20:40:58.000Z,2026-08-23 13:40:58,https://queue-times.com/parks/16/queue_times.json
2026-08-23T20:45:20.999Z,2026-08-23 13:45:20,2026-08-23,America/Los_Angeles,disneyland,Disneyland,Main Street U.S.A,674,Disneyland Railroad,FALSE,0,2026-08-23T20:40:58.000Z,2026-08-23 13:40:58,https://queue-times.com/parks/16/queue_times.json
2026-08-23T20:45:20.999Z,2026-08-23 13:45:20,2026-08-23,America/Los_Angeles,disneyland,Disneyland,Main Street U.S.A,690,Great Moments with Mr. Lincoln,FALSE,0,2026-08-23T20:40:58.000Z,2026-08-23 13:40:58,https://queue-times.com/parks/16/queue_times.json
2026-08-23T20:45:20.999Z,2026-08-23 13:45:20,2026-08-23,America/Los_Angeles,disneyland,Disneyland,Main Street U.S.A,686,Main Street Cinema,FALSE,0,2026-08-23T20:40:58.000Z,2026-08-23 13:40:58,https://queue-times.com/parks/16/queue_times.json
2026-08-23T20:45:20.999Z,2026-08-23 13:45:20,2026-08-23,America/Los_Angeles,disneyland,Disneyland,Main Street U.S.A,691,Main Street Vehicles,TRUE,0,2026-08-23T20:40:58.000Z,2026-08-23 13:40:58,https://queue-times.com/parks/16/queue_times.json
2026-08-23T20:45:20.999Z,2026-08-23 13:45:20,2026-08-23,America/Los_Angeles,disneyland,Disneyland,Main Street U.S.A,14915,Opera House - Walt Disney - A Magical Life,TRUE,0,2026-08-23T20:40:58.000Z,2026-08-23 13:40:58,https://queue-times.com/parks/16/queue_times.json
2026-08-23T20:45:20.999Z,2026-08-23 13:45:20,2026-08-23,America/Los_Angeles,disneyland,Disneyland,Main Street U.S.A,695,The Disney Gallery,TRUE,0,2026-08-23T20:40:58.000Z,2026-08-23 13:40:58,https://queue-times.com/parks/16/queue_times.json
2026-08-23T20:45:20.999Z,2026-08-23 13:45:20,2026-08-23,America/Los_Angeles,disneyland,Disneyland,Main Street U.S.A,14923,Walt Disney - A Magical Life,FALSE,0,2026-08-23T20:40:58.000Z,2026-08-23 13:40:58,https://queue-times.com/parks/16/queue_times.json
2026-08-23T20:45:20.999Z,2026-08-23 13:45:20,2026-08-23,America/Los_Angeles,disneyland,Disneyland,Mickey's Toontown,324,Chip 'n' Dale's GADGETcoaster,TRUE,5,2026-08-23T20:40:58.000Z,2026-08-23 13:40:58,https://queue-times.com/parks/16/queue_times.json
2026-08-23T20:45:20.999Z,2026-08-23 13:45:20,2026-08-23,America/Los_Angeles,disneyland,Disneyland,Mickey's Toontown,13814,Donald's Duck Pond,TRUE,0,2026-08-23T20:40:58.000Z,2026-08-23 13:40:58,https://queue-times.com/parks/16/queue_times.json
2026-08-23T20:45:20.999Z,2026-08-23 13:45:20,2026-08-23,America/Los_Angeles,disneyland,Disneyland,Mickey's Toontown,11980,Goofy's How-to-Play Yard,TRUE,0,2026-08-23T20:40:58.000Z,2026-08-23 13:40:58,https://queue-times.com/parks/16/queue_times.json
2026-08-23T20:45:20.999Z,2026-08-23 13:45:20,2026-08-23,America/Los_Angeles,disneyland,Disneyland,Mickey's Toontown,11526,Mickey & Minnie's Runaway Railway,TRUE,30,2026-08-23T20:40:58.000Z,2026-08-23 13:40:58,https://queue-times.com/parks/16/queue_times.json
2026-08-23T20:45:20.999Z,2026-08-23 13:45:20,2026-08-23,America/Los_Angeles,disneyland,Disneyland,Mickey's Toontown,709,Mickey's House and Meet Mickey Mouse,TRUE,15,2026-08-23T20:40:58.000Z,2026-08-23 13:40:58,https://queue-times.com/parks/16/queue_times.json
2026-08-23T20:45:20.999Z,2026-08-23 13:45:20,2026-08-23,America/Los_Angeles,disneyland,Disneyland,Mickey's Toontown,327,Mickey's House and Meet Mickey Mouse,FALSE,0,2026-08-23T20:40:58.000Z,2026-08-23 13:40:58,https://queue-times.com/parks/16/queue_times.json
2026-08-23T20:45:20.999Z,2026-08-23 13:45:20,2026-08-23,America/Los_Angeles,disneyland,Disneyland,Mickey's Toontown,684,Minnie's House,TRUE,0,2026-08-23T20:40:58.000Z,2026-08-23 13:40:58,https://queue-times.com/parks/16/queue_times.json
2026-08-23T20:45:20.999Z,2026-08-23 13:45:20,2026-08-23,America/Los_Angeles,disneyland,Disneyland,Mickey's Toontown,332,Roger Rabbit's Car Toon Spin,TRUE,15,2026-08-23T20:40:58.000Z,2026-08-23 13:40:58,https://queue-times.com/parks/16/queue_times.json
2026-08-23T20:45:20.999Z,2026-08-23 13:45:20,2026-08-23,America/Los_Angeles,disneyland,Disneyland,New Orleans Square,13958,Haunted Mansion,FALSE,0,2026-08-21T05:25:59.000Z,2026-08-20 22:25:59,https://queue-times.com/parks/16/queue_times.json
2026-08-23T20:45:20.999Z,2026-08-23 13:45:20,2026-08-23,America/Los_Angeles,disneyland,Disneyland,New Orleans Square,325,Haunted Mansion Holiday,TRUE,35,2026-08-23T20:40:58.000Z,2026-08-23 13:40:58,https://queue-times.com/parks/16/queue_times.json
2026-08-23T20:45:20.999Z,2026-08-23 13:45:20,2026-08-23,America/Los_Angeles,disneyland,Disneyland,New Orleans Square,289,Pirates of the Caribbean,TRUE,10,2026-08-23T20:40:58.000Z,2026-08-23 13:40:58,https://queue-times.com/parks/16/queue_times.json
2026-08-23T20:45:20.999Z,2026-08-23 13:45:20,2026-08-23,America/Los_Angeles,disneyland,Disneyland,Star Wars: Galaxy's Edge,6339,Millennium Falcon: Smugglers Run,TRUE,10,2026-08-23T20:40:58.000Z,2026-08-23 13:40:58,https://queue-times.com/parks/16/queue_times.json
2026-08-23T20:45:20.999Z,2026-08-23 13:45:20,2026-08-23,America/Los_Angeles,disneyland,Disneyland,Star Wars: Galaxy's Edge,10903,Millennium Falcon: Smugglers Run Single Rider,TRUE,0,2026-08-23T20:40:58.000Z,2026-08-23 13:40:58,https://queue-times.com/parks/16/queue_times.json
2026-08-23T20:45:20.999Z,2026-08-23 13:45:20,2026-08-23,America/Los_Angeles,disneyland,Disneyland,Star Wars: Galaxy's Edge,6340,Star Wars: Rise of the Resistance,TRUE,45,2026-08-23T20:40:58.000Z,2026-08-23 13:40:58,https://queue-times.com/parks/16/queue_times.json
2026-08-23T20:45:20.999Z,2026-08-23 13:45:20,2026-08-23,America/Los_Angeles,disneyland,Disneyland,Tomorrowland,287,Astro Orbitor,TRUE,5,2026-08-23T20:40:58.000Z,2026-08-23 13:40:58,https://queue-times.com/parks/16/queue_times.json
2026-08-23T20:45:20.999Z,2026-08-23 13:45:20,2026-08-23,America/Los_Angeles,disneyland,Disneyland,Tomorrowland,317,Autopia,TRUE,10,2026-08-23T20:40:58.000Z,2026-08-23 13:40:58,https://queue-times.com/parks/16/queue_times.json
2026-08-23T20:45:20.999Z,2026-08-23 13:45:20,2026-08-23,America/Los_Angeles,disneyland,Disneyland,Tomorrowland,273,Buzz Lightyear Astro Blasters,TRUE,15,2026-08-23T20:40:58.000Z,2026-08-23 13:40:58,https://queue-times.com/parks/16/queue_times.json
2026-08-23T20:45:20.999Z,2026-08-23 13:45:20,2026-08-23,America/Los_Angeles,disneyland,Disneyland,Tomorrowland,274,Disneyland Monorail,FALSE,0,2026-08-23T20:40:58.000Z,2026-08-23 13:40:58,https://queue-times.com/parks/16/queue_times.json
2026-08-23T20:45:20.999Z,2026-08-23 13:45:20,2026-08-23,America/Los_Angeles,disneyland,Disneyland,Tomorrowland,276,Finding Nemo Submarine Voyage,TRUE,5,2026-08-23T20:40:58.000Z,2026-08-23 13:40:58,https://queue-times.com/parks/16/queue_times.json
2026-08-23T20:45:20.999Z,2026-08-23 13:45:20,2026-08-23,America/Los_Angeles,disneyland,Disneyland,Tomorrowland,16627,Pixar Short Film Spotlight,FALSE,0,2026-08-23T20:40:58.000Z,2026-08-23 13:40:58,https://queue-times.com/parks/16/queue_times.json
2026-08-23T20:45:20.999Z,2026-08-23 13:45:20,2026-08-23,America/Los_Angeles,disneyland,Disneyland,Tomorrowland,284,Space Mountain,TRUE,45,2026-08-23T20:40:58.000Z,2026-08-23 13:40:58,https://queue-times.com/parks/16/queue_times.json
2026-08-23T20:45:20.999Z,2026-08-23 13:45:20,2026-08-23,America/Los_Angeles,disneyland,Disneyland,Tomorrowland,286,Star Tours - The Adventures Continue,TRUE,15,2026-08-23T20:40:58.000Z,2026-08-23 13:40:58,https://queue-times.com/parks/16/queue_times.json
2026-08-23T20:45:20.999Z,2026-08-23 13:45:20,2026-08-23,America/Los_Angeles,dca,Disney California Adventure,Avengers Campus,329,Guardians of the Galaxy - Mission: BREAKOUT!,TRUE,20,2026-08-23T20:40:59.000Z,2026-08-23 13:40:59,https://queue-times.com/parks/17/queue_times.json
2026-08-23T20:45:20.999Z,2026-08-23 13:45:20,2026-08-23,America/Los_Angeles,dca,Disney California Adventure,Avengers Campus,8843,WEB SLINGERS: A Spider-Man Adventure,TRUE,35,2026-08-23T20:40:59.000Z,2026-08-23 13:40:59,https://queue-times.com/parks/17/queue_times.json
2026-08-23T20:45:20.999Z,2026-08-23 13:45:20,2026-08-23,America/Los_Angeles,dca,Disney California Adventure,Avengers Campus,10907,WEB SLINGERS: A Spider-Man Adventure Single Rider,TRUE,0,2026-08-23T20:40:59.000Z,2026-08-23 13:40:59,https://queue-times.com/parks/17/queue_times.json
2026-08-23T20:45:20.999Z,2026-08-23 13:45:20,2026-08-23,America/Los_Angeles,dca,Disney California Adventure,Cars Land,2608,Luigi's Honkin' Haul-O-Ween,TRUE,5,2026-08-23T20:40:59.000Z,2026-08-23 13:40:59,https://queue-times.com/parks/17/queue_times.json
2026-08-23T20:45:20.999Z,2026-08-23 13:45:20,2026-08-23,America/Los_Angeles,dca,Disney California Adventure,Cars Land,13961,Luigi's Rollickin' Roadsters,FALSE,0,2026-08-18T08:55:45.000Z,2026-08-18 01:55:45,https://queue-times.com/parks/17/queue_times.json
2026-08-23T20:45:20.999Z,2026-08-23 13:45:20,2026-08-23,America/Los_Angeles,dca,Disney California Adventure,Cars Land,315,Mater's Junkyard Jamboree,FALSE,0,2026-08-18T08:55:45.000Z,2026-08-18 01:55:45,https://queue-times.com/parks/17/queue_times.json
2026-08-23T20:45:20.999Z,2026-08-23 13:45:20,2026-08-23,America/Los_Angeles,dca,Disney California Adventure,Cars Land,295,Radiator Springs Racers,TRUE,50,2026-08-23T20:40:59.000Z,2026-08-23 13:40:59,https://queue-times.com/parks/17/queue_times.json
2026-08-23T20:45:20.999Z,2026-08-23 13:45:20,2026-08-23,America/Los_Angeles,dca,Disney California Adventure,Cars Land,10904,Radiator Springs Racers Single Rider,TRUE,0,2026-08-23T20:40:59.000Z,2026-08-23 13:40:59,https://queue-times.com/parks/17/queue_times.json
2026-08-23T20:45:20.999Z,2026-08-23 13:45:20,2026-08-23,America/Los_Angeles,dca,Disney California Adventure,Grizzly Peak,302,Grizzly River Run,TRUE,50,2026-08-23T20:40:59.000Z,2026-08-23 13:40:59,https://queue-times.com/parks/17/queue_times.json
2026-08-23T20:45:20.999Z,2026-08-23 13:45:20,2026-08-23,America/Los_Angeles,dca,Disney California Adventure,Grizzly Peak,293,Redwood Creek Challenge Trail,TRUE,5,2026-08-23T20:40:59.000Z,2026-08-23 13:40:59,https://queue-times.com/parks/17/queue_times.json
2026-08-23T20:45:20.999Z,2026-08-23 13:45:20,2026-08-23,America/Los_Angeles,dca,Disney California Adventure,Grizzly Peak,17129,Soarin’ Across America,TRUE,30,2026-08-23T20:40:59.000Z,2026-08-23 13:40:59,https://queue-times.com/parks/17/queue_times.json
2026-08-23T20:45:20.999Z,2026-08-23 13:45:20,2026-08-23,America/Los_Angeles,dca,Disney California Adventure,Hollywood Land,321,Animation Academy,TRUE,0,2026-08-23T20:40:59.000Z,2026-08-23 13:40:59,https://queue-times.com/parks/17/queue_times.json
2026-08-23T20:45:20.999Z,2026-08-23 13:45:20,2026-08-23,America/Los_Angeles,dca,Disney California Adventure,Hollywood Land,6440,Mickey's PhilharMagic,TRUE,10,2026-08-23T20:40:59.000Z,2026-08-23 13:40:59,https://queue-times.com/parks/17/queue_times.json
2026-08-23T20:45:20.999Z,2026-08-23 13:45:20,2026-08-23,America/Los_Angeles,dca,Disney California Adventure,Hollywood Land,291,"Monsters, Inc. Mike & Sulley to the Rescue!",TRUE,25,2026-08-23T20:40:59.000Z,2026-08-23 13:40:59,https://queue-times.com/parks/17/queue_times.json
2026-08-23T20:45:20.999Z,2026-08-23 13:45:20,2026-08-23,America/Los_Angeles,dca,Disney California Adventure,Hollywood Land,868,Sorcerer's Workshop,TRUE,0,2026-08-23T20:40:59.000Z,2026-08-23 13:40:59,https://queue-times.com/parks/17/queue_times.json
2026-08-23T20:45:20.999Z,2026-08-23 13:45:20,2026-08-23,America/Los_Angeles,dca,Disney California Adventure,Hollywood Land,294,Turtle Talk with Crush,TRUE,0,2026-08-23T20:40:59.000Z,2026-08-23 13:40:59,https://queue-times.com/parks/17/queue_times.json
2026-08-23T20:45:20.999Z,2026-08-23 13:45:20,2026-08-23,America/Los_Angeles,dca,Disney California Adventure,Pacific Wharf,869,The Bakery Tour,TRUE,0,2026-08-23T20:40:59.000Z,2026-08-23 13:40:59,https://queue-times.com/parks/17/queue_times.json
2026-08-23T20:45:20.999Z,2026-08-23 13:45:20,2026-08-23,America/Los_Angeles,dca,Disney California Adventure,Paradise Gardens Park,298,Golden Zephyr,FALSE,0,2026-08-23T20:40:59.000Z,2026-08-23 13:40:59,https://queue-times.com/parks/17/queue_times.json
2026-08-23T20:45:20.999Z,2026-08-23 13:45:20,2026-08-23,America/Los_Angeles,dca,Disney California Adventure,Paradise Gardens Park,319,Goofy's Sky School,TRUE,20,2026-08-23T20:40:59.000Z,2026-08-23 13:40:59,https://queue-times.com/parks/17/queue_times.json
2026-08-23T20:45:20.999Z,2026-08-23 13:45:20,2026-08-23,America/Los_Angeles,dca,Disney California Adventure,Paradise Gardens Park,301,Silly Symphony Swings,FALSE,0,2026-08-23T20:40:59.000Z,2026-08-23 13:40:59,https://queue-times.com/parks/17/queue_times.json
2026-08-23T20:45:20.999Z,2026-08-23 13:45:20,2026-08-23,America/Los_Angeles,dca,Disney California Adventure,Paradise Gardens Park,316,The Little Mermaid - Ariel's Undersea Adventure,FALSE,0,2026-08-23T20:40:59.000Z,2026-08-23 13:40:59,https://queue-times.com/parks/17/queue_times.json
2026-08-23T20:45:20.999Z,2026-08-23 13:45:20,2026-08-23,America/Los_Angeles,dca,Disney California Adventure,Paradise Gardens Park,11528,World of Color – ONE,FALSE,0,2026-08-23T20:40:59.000Z,2026-08-23 13:40:59,https://queue-times.com/parks/17/queue_times.json
2026-08-23T20:45:20.999Z,2026-08-23 13:45:20,2026-08-23,America/Los_Angeles,dca,Disney California Adventure,Pixar Pier,866,Games of Pixar Pier,TRUE,0,2026-08-23T20:40:59.000Z,2026-08-23 13:40:59,https://queue-times.com/parks/17/queue_times.json
2026-08-23T20:45:20.999Z,2026-08-23 13:45:20,2026-08-23,America/Los_Angeles,dca,Disney California Adventure,Pixar Pier,322,Incredicoaster,TRUE,10,2026-08-23T20:40:59.000Z,2026-08-23 13:40:59,https://queue-times.com/parks/17/queue_times.json
2026-08-23T20:45:20.999Z,2026-08-23 13:45:20,2026-08-23,America/Los_Angeles,dca,Disney California Adventure,Pixar Pier,10906,Incredicoaster Single Rider,TRUE,0,2026-08-23T20:40:59.000Z,2026-08-23 13:40:59,https://queue-times.com/parks/17/queue_times.json
2026-08-23T20:45:20.999Z,2026-08-23 13:45:20,2026-08-23,America/Los_Angeles,dca,Disney California Adventure,Pixar Pier,6643,Inside Out Emotional Whirlwind,TRUE,5,2026-08-23T20:40:59.000Z,2026-08-23 13:40:59,https://queue-times.com/parks/17/queue_times.json
2026-08-23T20:45:20.999Z,2026-08-23 13:45:20,2026-08-23,America/Los_Angeles,dca,Disney California Adventure,Pixar Pier,310,Jessie's Critter Carousel,TRUE,5,2026-08-23T20:40:59.000Z,2026-08-23 13:40:59,https://queue-times.com/parks/17/queue_times.json
2026-08-23T20:45:20.999Z,2026-08-23 13:45:20,2026-08-23,America/Los_Angeles,dca,Disney California Adventure,Pixar Pier,300,Jumpin' Jellyfish,TRUE,5,2026-08-23T20:40:59.000Z,2026-08-23 13:40:59,https://queue-times.com/parks/17/queue_times.json
2026-08-23T20:45:20.999Z,2026-08-23 13:45:20,2026-08-23,America/Los_Angeles,dca,Disney California Adventure,Pixar Pier,311,Pixar Pal-A-Round - Swinging,TRUE,20,2026-08-23T20:40:59.000Z,2026-08-23 13:40:59,https://queue-times.com/parks/17/queue_times.json
2026-08-23T20:45:20.999Z,2026-08-23 13:45:20,2026-08-23,America/Los_Angeles,dca,Disney California Adventure,Pixar Pier,5557,Pixar Pal-A-Round – Non-Swinging,TRUE,10,2026-08-23T20:40:59.000Z,2026-08-23 13:40:59,https://queue-times.com/parks/17/queue_times.json
2026-08-23T20:45:20.999Z,2026-08-23 13:45:20,2026-08-23,America/Los_Angeles,dca,Disney California Adventure,Pixar Pier,313,Toy Story Midway Mania!,FALSE,0,2026-08-23T20:40:59.000Z,2026-08-23 13:40:59,https://queue-times.com/parks/17/queue_times.json
2026-08-23T20:45:20.999Z,2026-08-23 13:45:20,2026-08-23,America/Los_Angeles,dca,Disney California Adventure,Halloween,5146,Guardians of the Galaxy - Monsters After Dark,FALSE,0,2026-08-23T20:40:59.000Z,2026-08-23 13:40:59,https://queue-times.com/parks/17/queue_times.json
2026-08-23T20:45:20.999Z,2026-08-23 13:45:20,2026-08-23,America/Los_Angeles,dca,Disney California Adventure,Halloween,4723,Mater's Graveyard JamBOOree,TRUE,5,2026-08-23T20:40:59.000Z,2026-08-23 13:40:59,https://queue-times.com/parks/17/queue_times.json
2026-08-23T20:45:20.999Z,2026-08-23 13:45:20,2026-08-23,America/Los_Angeles,dca,Disney California Adventure,Halloween,7292,Villains Grove at Oogie Boogie Bash,FALSE,0,2026-08-23T20:40:59.000Z,2026-08-23 13:40:59,https://queue-times.com/parks/17/queue_times.json
2026-08-23T20:57:30.927Z,2026-08-23 13:57:30,2026-08-23,America/Los_Angeles,disneyland,Disneyland,Adventureland,12428,Adventureland Treehouse inspired by Walt Disney’s Swiss Family Robinson,TRUE,0,2026-08-23T20:56:05.000Z,2026-08-23 13:56:05,https://queue-times.com/parks/16/queue_times.json
2026-08-23T20:57:30.927Z,2026-08-23 13:57:30,2026-08-23,America/Los_Angeles,disneyland,Disneyland,Adventureland,326,Indiana Jones™ Adventure,TRUE,50,2026-08-23T20:56:05.000Z,2026-08-23 13:56:05,https://queue-times.com/parks/16/queue_times.json
2026-08-23T20:57:30.927Z,2026-08-23 13:57:30,2026-08-23,America/Los_Angeles,disneyland,Disneyland,Adventureland,296,Jungle Cruise,TRUE,5,2026-08-23T20:56:05.000Z,2026-08-23 13:56:05,https://queue-times.com/parks/16/queue_times.json
2026-08-23T20:57:30.927Z,2026-08-23 13:57:30,2026-08-23,America/Los_Angeles,disneyland,Disneyland,Adventureland,288,Walt Disney's Enchanted Tiki Room,TRUE,0,2026-08-23T20:56:05.000Z,2026-08-23 13:56:05,https://queue-times.com/parks/16/queue_times.json
2026-08-23T20:57:30.927Z,2026-08-23 13:57:30,2026-08-23,America/Los_Angeles,disneyland,Disneyland,Bayou Country,304,Davy Crockett's Explorer Canoes,FALSE,0,2026-08-23T20:56:05.000Z,2026-08-23 13:56:05,https://queue-times.com/parks/16/queue_times.json
2026-08-23T20:57:30.927Z,2026-08-23 13:57:30,2026-08-23,America/Los_Angeles,disneyland,Disneyland,Bayou Country,306,The Many Adventures of Winnie the Pooh,TRUE,5,2026-08-23T20:56:05.000Z,2026-08-23 13:56:05,https://queue-times.com/parks/16/queue_times.json
2026-08-23T20:57:30.927Z,2026-08-23 13:57:30,2026-08-23,America/Los_Angeles,disneyland,Disneyland,Bayou Country,14168,Tiana's Bayou Adventure,TRUE,45,2026-08-23T20:56:05.000Z,2026-08-23 13:56:05,https://queue-times.com/parks/16/queue_times.json
2026-08-23T20:57:30.927Z,2026-08-23 13:57:30,2026-08-23,America/Los_Angeles,disneyland,Disneyland,Bayou Country,14326,Tiana's Bayou Adventure Single Rider,TRUE,0,2026-08-23T20:56:05.000Z,2026-08-23 13:56:05,https://queue-times.com/parks/16/queue_times.json
2026-08-23T20:57:30.927Z,2026-08-23 13:57:30,2026-08-23,America/Los_Angeles,disneyland,Disneyland,Fantasyland,307,"""it's a small world""",TRUE,5,2026-08-23T20:56:05.000Z,2026-08-23 13:56:05,https://queue-times.com/parks/16/queue_times.json
2026-08-23T20:57:30.927Z,2026-08-23 13:57:30,2026-08-23,America/Los_Angeles,disneyland,Disneyland,Fantasyland,285,Alice in Wonderland,TRUE,15,2026-08-23T20:56:05.000Z,2026-08-23 13:56:05,https://queue-times.com/parks/16/queue_times.json
2026-08-23T20:57:30.927Z,2026-08-23 13:57:30,2026-08-23,America/Los_Angeles,disneyland,Disneyland,Fantasyland,16254,Bluey’s Best Day Ever! at Fantasyland Theatre,TRUE,0,2026-08-23T20:56:05.000Z,2026-08-23 13:56:05,https://queue-times.com/parks/16/queue_times.json
2026-08-23T20:57:30.927Z,2026-08-23 13:57:30,2026-08-23,America/Los_Angeles,disneyland,Disneyland,Fantasyland,303,Casey Jr. Circus Train,FALSE,0,2026-08-23T20:56:05.000Z,2026-08-23 13:56:05,https://queue-times.com/parks/16/queue_times.json
2026-08-23T20:57:30.927Z,2026-08-23 13:57:30,2026-08-23,America/Los_Angeles,disneyland,Disneyland,Fantasyland,275,Dumbo the Flying Elephant,TRUE,5,2026-08-23T20:56:05.000Z,2026-08-23 13:56:05,https://queue-times.com/parks/16/queue_times.json
2026-08-23T20:57:30.927Z,2026-08-23 13:57:30,2026-08-23,America/Los_Angeles,disneyland,Disneyland,Fantasyland,277,King Arthur Carrousel,TRUE,5,2026-08-23T20:56:05.000Z,2026-08-23 13:56:05,https://queue-times.com/parks/16/queue_times.json
2026-08-23T20:57:30.927Z,2026-08-23 13:57:30,2026-08-23,America/Los_Angeles,disneyland,Disneyland,Fantasyland,278,Mad Tea Party,TRUE,5,2026-08-23T20:56:05.000Z,2026-08-23 13:56:05,https://queue-times.com/parks/16/queue_times.json
2026-08-23T20:57:30.927Z,2026-08-23 13:57:30,2026-08-23,America/Los_Angeles,disneyland,Disneyland,Fantasyland,279,Matterhorn Bobsleds,TRUE,10,2026-08-23T20:56:05.000Z,2026-08-23 13:56:05,https://queue-times.com/parks/16/queue_times.json
2026-08-23T20:57:30.927Z,2026-08-23 13:57:30,2026-08-23,America/Los_Angeles,disneyland,Disneyland,Fantasyland,6711,Meet Disney Princesses at Royal Hall,TRUE,30,2026-08-23T20:56:05.000Z,2026-08-23 13:56:05,https://queue-times.com/parks/16/queue_times.json
2026-08-23T20:57:30.927Z,2026-08-23 13:57:30,2026-08-23,America/Los_Angeles,disneyland,Disneyland,Fantasyland,280,Mr. Toad's Wild Ride,TRUE,5,2026-08-23T20:56:05.000Z,2026-08-23 13:56:05,https://queue-times.com/parks/16/queue_times.json
2026-08-23T20:57:30.927Z,2026-08-23 13:57:30,2026-08-23,America/Los_Angeles,disneyland,Disneyland,Fantasyland,281,Peter Pan's Flight,TRUE,20,2026-08-23T20:56:05.000Z,2026-08-23 13:56:05,https://queue-times.com/parks/16/queue_times.json
2026-08-23T20:57:30.927Z,2026-08-23 13:57:30,2026-08-23,America/Los_Angeles,disneyland,Disneyland,Fantasyland,282,Pinocchio's Daring Journey,TRUE,10,2026-08-23T20:56:05.000Z,2026-08-23 13:56:05,https://queue-times.com/parks/16/queue_times.json
2026-08-23T20:57:30.927Z,2026-08-23 13:57:30,2026-08-23,America/Los_Angeles,disneyland,Disneyland,Fantasyland,687,Sleeping Beauty Castle Walkthrough,FALSE,0,2026-08-23T20:56:05.000Z,2026-08-23 13:56:05,https://queue-times.com/parks/16/queue_times.json
2026-08-23T20:57:30.927Z,2026-08-23 13:57:30,2026-08-23,America/Los_Angeles,disneyland,Disneyland,Fantasyland,283,Snow White's Enchanted Wish,TRUE,10,2026-08-23T20:56:05.000Z,2026-08-23 13:56:05,https://queue-times.com/parks/16/queue_times.json
2026-08-23T20:57:30.927Z,2026-08-23 13:57:30,2026-08-23,America/Los_Angeles,disneyland,Disneyland,Fantasyland,305,Storybook Land Canal Boats,TRUE,5,2026-08-23T20:56:05.000Z,2026-08-23 13:56:05,https://queue-times.com/parks/16/queue_times.json
2026-08-23T20:57:30.927Z,2026-08-23 13:57:30,2026-08-23,America/Los_Angeles,disneyland,Disneyland,Frontierland,323,Big Thunder Mountain Railroad,TRUE,15,2026-08-23T20:56:05.000Z,2026-08-23 13:56:05,https://queue-times.com/parks/16/queue_times.json
2026-08-23T20:57:30.927Z,2026-08-23 13:57:30,2026-08-23,America/Los_Angeles,disneyland,Disneyland,Frontierland,679,Frontierland Shootin' Exposition,FALSE,0,2026-08-23T20:56:05.000Z,2026-08-23 13:56:05,https://queue-times.com/parks/16/queue_times.json
2026-08-23T20:57:30.927Z,2026-08-23 13:57:30,2026-08-23,America/Los_Angeles,disneyland,Disneyland,Frontierland,456,Mark Twain Riverboat,TRUE,10,2026-08-23T20:56:05.000Z,2026-08-23 13:56:05,https://queue-times.com/parks/16/queue_times.json
2026-08-23T20:57:30.927Z,2026-08-23 13:57:30,2026-08-23,America/Los_Angeles,disneyland,Disneyland,Frontierland,331,Pirate's Lair on Tom Sawyer Island,TRUE,5,2026-08-23T20:56:05.000Z,2026-08-23 13:56:05,https://queue-times.com/parks/16/queue_times.json
2026-08-23T20:57:30.927Z,2026-08-23 13:57:30,2026-08-23,America/Los_Angeles,disneyland,Disneyland,Frontierland,328,Sailing Ship Columbia,FALSE,0,2026-08-23T20:56:05.000Z,2026-08-23 13:56:05,https://queue-times.com/parks/16/queue_times.json
2026-08-23T20:57:30.927Z,2026-08-23 13:57:30,2026-08-23,America/Los_Angeles,disneyland,Disneyland,Main Street U.S.A,674,Disneyland Railroad,TRUE,5,2026-08-23T20:56:05.000Z,2026-08-23 13:56:05,https://queue-times.com/parks/16/queue_times.json
2026-08-23T20:57:30.927Z,2026-08-23 13:57:30,2026-08-23,America/Los_Angeles,disneyland,Disneyland,Main Street U.S.A,690,Great Moments with Mr. Lincoln,FALSE,0,2026-08-23T20:56:05.000Z,2026-08-23 13:56:05,https://queue-times.com/parks/16/queue_times.json
2026-08-23T20:57:30.927Z,2026-08-23 13:57:30,2026-08-23,America/Los_Angeles,disneyland,Disneyland,Main Street U.S.A,686,Main Street Cinema,FALSE,0,2026-08-23T20:56:05.000Z,2026-08-23 13:56:05,https://queue-times.com/parks/16/queue_times.json
2026-08-23T20:57:30.927Z,2026-08-23 13:57:30,2026-08-23,America/Los_Angeles,disneyland,Disneyland,Main Street U.S.A,691,Main Street Vehicles,TRUE,0,2026-08-23T20:56:05.000Z,2026-08-23 13:56:05,https://queue-times.com/parks/16/queue_times.json
2026-08-23T20:57:30.927Z,2026-08-23 13:57:30,2026-08-23,America/Los_Angeles,disneyland,Disneyland,Main Street U.S.A,14915,Opera House - Walt Disney - A Magical Life,TRUE,0,2026-08-23T20:56:05.000Z,2026-08-23 13:56:05,https://queue-times.com/parks/16/queue_times.json
2026-08-23T20:57:30.927Z,2026-08-23 13:57:30,2026-08-23,America/Los_Angeles,disneyland,Disneyland,Main Street U.S.A,695,The Disney Gallery,TRUE,0,2026-08-23T20:56:05.000Z,2026-08-23 13:56:05,https://queue-times.com/parks/16/queue_times.json
2026-08-23T20:57:30.927Z,2026-08-23 13:57:30,2026-08-23,America/Los_Angeles,disneyland,Disneyland,Main Street U.S.A,14923,Walt Disney - A Magical Life,FALSE,0,2026-08-23T20:56:05.000Z,2026-08-23 13:56:05,https://queue-times.com/parks/16/queue_times.json
2026-08-23T20:57:30.927Z,2026-08-23 13:57:30,2026-08-23,America/Los_Angeles,disneyland,Disneyland,Mickey's Toontown,324,Chip 'n' Dale's GADGETcoaster,TRUE,15,2026-08-23T20:56:05.000Z,2026-08-23 13:56:05,https://queue-times.com/parks/16/queue_times.json
2026-08-23T20:57:30.927Z,2026-08-23 13:57:30,2026-08-23,America/Los_Angeles,disneyland,Disneyland,Mickey's Toontown,13814,Donald's Duck Pond,TRUE,0,2026-08-23T20:56:05.000Z,2026-08-23 13:56:05,https://queue-times.com/parks/16/queue_times.json
2026-08-23T20:57:30.927Z,2026-08-23 13:57:30,2026-08-23,America/Los_Angeles,disneyland,Disneyland,Mickey's Toontown,11980,Goofy's How-to-Play Yard,TRUE,0,2026-08-23T20:56:05.000Z,2026-08-23 13:56:05,https://queue-times.com/parks/16/queue_times.json
2026-08-23T20:57:30.927Z,2026-08-23 13:57:30,2026-08-23,America/Los_Angeles,disneyland,Disneyland,Mickey's Toontown,11526,Mickey & Minnie's Runaway Railway,TRUE,25,2026-08-23T20:56:05.000Z,2026-08-23 13:56:05,https://queue-times.com/parks/16/queue_times.json
2026-08-23T20:57:30.927Z,2026-08-23 13:57:30,2026-08-23,America/Los_Angeles,disneyland,Disneyland,Mickey's Toontown,709,Mickey's House and Meet Mickey Mouse,TRUE,15,2026-08-23T20:56:05.000Z,2026-08-23 13:56:05,https://queue-times.com/parks/16/queue_times.json
2026-08-23T20:57:30.927Z,2026-08-23 13:57:30,2026-08-23,America/Los_Angeles,disneyland,Disneyland,Mickey's Toontown,327,Mickey's House and Meet Mickey Mouse,FALSE,0,2026-08-23T20:56:05.000Z,2026-08-23 13:56:05,https://queue-times.com/parks/16/queue_times.json
2026-08-23T20:57:30.927Z,2026-08-23 13:57:30,2026-08-23,America/Los_Angeles,disneyland,Disneyland,Mickey's Toontown,684,Minnie's House,TRUE,0,2026-08-23T20:56:05.000Z,2026-08-23 13:56:05,https://queue-times.com/parks/16/queue_times.json
2026-08-23T20:57:30.927Z,2026-08-23 13:57:30,2026-08-23,America/Los_Angeles,disneyland,Disneyland,Mickey's Toontown,332,Roger Rabbit's Car Toon Spin,TRUE,15,2026-08-23T20:56:05.000Z,2026-08-23 13:56:05,https://queue-times.com/parks/16/queue_times.json
2026-08-23T20:57:30.927Z,2026-08-23 13:57:30,2026-08-23,America/Los_Angeles,disneyland,Disneyland,New Orleans Square,13958,Haunted Mansion,FALSE,0,2026-08-21T05:25:59.000Z,2026-08-20 22:25:59,https://queue-times.com/parks/16/queue_times.json
2026-08-23T20:57:30.927Z,2026-08-23 13:57:30,2026-08-23,America/Los_Angeles,disneyland,Disneyland,New Orleans Square,325,Haunted Mansion Holiday,TRUE,30,2026-08-23T20:56:05.000Z,2026-08-23 13:56:05,https://queue-times.com/parks/16/queue_times.json
2026-08-23T20:57:30.927Z,2026-08-23 13:57:30,2026-08-23,America/Los_Angeles,disneyland,Disneyland,New Orleans Square,289,Pirates of the Caribbean,TRUE,10,2026-08-23T20:56:05.000Z,2026-08-23 13:56:05,https://queue-times.com/parks/16/queue_times.json
2026-08-23T20:57:30.927Z,2026-08-23 13:57:30,2026-08-23,America/Los_Angeles,disneyland,Disneyland,Star Wars: Galaxy's Edge,6339,Millennium Falcon: Smugglers Run,TRUE,10,2026-08-23T20:56:05.000Z,2026-08-23 13:56:05,https://queue-times.com/parks/16/queue_times.json
2026-08-23T20:57:30.927Z,2026-08-23 13:57:30,2026-08-23,America/Los_Angeles,disneyland,Disneyland,Star Wars: Galaxy's Edge,10903,Millennium Falcon: Smugglers Run Single Rider,TRUE,0,2026-08-23T20:56:05.000Z,2026-08-23 13:56:05,https://queue-times.com/parks/16/queue_times.json
2026-08-23T20:57:30.927Z,2026-08-23 13:57:30,2026-08-23,America/Los_Angeles,disneyland,Disneyland,Star Wars: Galaxy's Edge,6340,Star Wars: Rise of the Resistance,TRUE,35,2026-08-23T20:56:05.000Z,2026-08-23 13:56:05,https://queue-times.com/parks/16/queue_times.json
2026-08-23T20:57:30.927Z,2026-08-23 13:57:30,2026-08-23,America/Los_Angeles,disneyland,Disneyland,Tomorrowland,287,Astro Orbitor,TRUE,5,2026-08-23T20:56:05.000Z,2026-08-23 13:56:05,https://queue-times.com/parks/16/queue_times.json
2026-08-23T20:57:30.927Z,2026-08-23 13:57:30,2026-08-23,America/Los_Angeles,disneyland,Disneyland,Tomorrowland,317,Autopia,TRUE,10,2026-08-23T20:56:05.000Z,2026-08-23 13:56:05,https://queue-times.com/parks/16/queue_times.json
2026-08-23T20:57:30.927Z,2026-08-23 13:57:30,2026-08-23,America/Los_Angeles,disneyland,Disneyland,Tomorrowland,273,Buzz Lightyear Astro Blasters,TRUE,5,2026-08-23T20:56:05.000Z,2026-08-23 13:56:05,https://queue-times.com/parks/16/queue_times.json
2026-08-23T20:57:30.927Z,2026-08-23 13:57:30,2026-08-23,America/Los_Angeles,disneyland,Disneyland,Tomorrowland,274,Disneyland Monorail,FALSE,0,2026-08-23T20:56:05.000Z,2026-08-23 13:56:05,https://queue-times.com/parks/16/queue_times.json
2026-08-23T20:57:30.927Z,2026-08-23 13:57:30,2026-08-23,America/Los_Angeles,disneyland,Disneyland,Tomorrowland,276,Finding Nemo Submarine Voyage,TRUE,5,2026-08-23T20:56:05.000Z,2026-08-23 13:56:05,https://queue-times.com/parks/16/queue_times.json
2026-08-23T20:57:30.927Z,2026-08-23 13:57:30,2026-08-23,America/Los_Angeles,disneyland,Disneyland,Tomorrowland,16627,Pixar Short Film Spotlight,FALSE,0,2026-08-23T20:56:05.000Z,2026-08-23 13:56:05,https://queue-times.com/parks/16/queue_times.json
2026-08-23T20:57:30.927Z,2026-08-23 13:57:30,2026-08-23,America/Los_Angeles,disneyland,Disneyland,Tomorrowland,284,Space Mountain,TRUE,25,2026-08-23T20:56:05.000Z,2026-08-23 13:56:05,https://queue-times.com/parks/16/queue_times.json
2026-08-23T20:57:30.927Z,2026-08-23 13:57:30,2026-08-23,America/Los_Angeles,disneyland,Disneyland,Tomorrowland,286,Star Tours - The Adventures Continue,TRUE,10,2026-08-23T20:56:05.000Z,2026-08-23 13:56:05,https://queue-times.com/parks/16/queue_times.json
2026-08-23T20:57:30.927Z,2026-08-23 13:57:30,2026-08-23,America/Los_Angeles,dca,Disney California Adventure,Avengers Campus,329,Guardians of the Galaxy - Mission: BREAKOUT!,TRUE,20,2026-08-23T20:56:05.000Z,2026-08-23 13:56:05,https://queue-times.com/parks/17/queue_times.json
2026-08-23T20:57:30.927Z,2026-08-23 13:57:30,2026-08-23,America/Los_Angeles,dca,Disney California Adventure,Avengers Campus,8843,WEB SLINGERS: A Spider-Man Adventure,TRUE,35,2026-08-23T20:56:05.000Z,2026-08-23 13:56:05,https://queue-times.com/parks/17/queue_times.json
2026-08-23T20:57:30.927Z,2026-08-23 13:57:30,2026-08-23,America/Los_Angeles,dca,Disney California Adventure,Avengers Campus,10907,WEB SLINGERS: A Spider-Man Adventure Single Rider,TRUE,0,2026-08-23T20:56:05.000Z,2026-08-23 13:56:05,https://queue-times.com/parks/17/queue_times.json
2026-08-23T20:57:30.927Z,2026-08-23 13:57:30,2026-08-23,America/Los_Angeles,dca,Disney California Adventure,Cars Land,2608,Luigi's Honkin' Haul-O-Ween,TRUE,5,2026-08-23T20:56:05.000Z,2026-08-23 13:56:05,https://queue-times.com/parks/17/queue_times.json
2026-08-23T20:57:30.927Z,2026-08-23 13:57:30,2026-08-23,America/Los_Angeles,dca,Disney California Adventure,Cars Land,13961,Luigi's Rollickin' Roadsters,FALSE,0,2026-08-18T08:55:45.000Z,2026-08-18 01:55:45,https://queue-times.com/parks/17/queue_times.json
2026-08-23T20:57:30.927Z,2026-08-23 13:57:30,2026-08-23,America/Los_Angeles,dca,Disney California Adventure,Cars Land,315,Mater's Junkyard Jamboree,FALSE,0,2026-08-18T08:55:45.000Z,2026-08-18 01:55:45,https://queue-times.com/parks/17/queue_times.json
2026-08-23T20:57:30.927Z,2026-08-23 13:57:30,2026-08-23,America/Los_Angeles,dca,Disney California Adventure,Cars Land,295,Radiator Springs Racers,TRUE,45,2026-08-23T20:56:05.000Z,2026-08-23 13:56:05,https://queue-times.com/parks/17/queue_times.json
2026-08-23T20:57:30.927Z,2026-08-23 13:57:30,2026-08-23,America/Los_Angeles,dca,Disney California Adventure,Cars Land,10904,Radiator Springs Racers Single Rider,TRUE,0,2026-08-23T20:56:05.000Z,2026-08-23 13:56:05,https://queue-times.com/parks/17/queue_times.json
2026-08-23T20:57:30.927Z,2026-08-23 13:57:30,2026-08-23,America/Los_Angeles,dca,Disney California Adventure,Grizzly Peak,302,Grizzly River Run,TRUE,50,2026-08-23T20:56:05.000Z,2026-08-23 13:56:05,https://queue-times.com/parks/17/queue_times.json
2026-08-23T20:57:30.927Z,2026-08-23 13:57:30,2026-08-23,America/Los_Angeles,dca,Disney California Adventure,Grizzly Peak,293,Redwood Creek Challenge Trail,TRUE,5,2026-08-23T20:56:05.000Z,2026-08-23 13:56:05,https://queue-times.com/parks/17/queue_times.json
2026-08-23T20:57:30.927Z,2026-08-23 13:57:30,2026-08-23,America/Los_Angeles,dca,Disney California Adventure,Grizzly Peak,17129,Soarin’ Across America,TRUE,30,2026-08-23T20:56:05.000Z,2026-08-23 13:56:05,https://queue-times.com/parks/17/queue_times.json
2026-08-23T20:57:30.927Z,2026-08-23 13:57:30,2026-08-23,America/Los_Angeles,dca,Disney California Adventure,Hollywood Land,321,Animation Academy,TRUE,0,2026-08-23T20:56:05.000Z,2026-08-23 13:56:05,https://queue-times.com/parks/17/queue_times.json
2026-08-23T20:57:30.927Z,2026-08-23 13:57:30,2026-08-23,America/Los_Angeles,dca,Disney California Adventure,Hollywood Land,6440,Mickey's PhilharMagic,TRUE,10,2026-08-23T20:56:05.000Z,2026-08-23 13:56:05,https://queue-times.com/parks/17/queue_times.json
2026-08-23T20:57:30.927Z,2026-08-23 13:57:30,2026-08-23,America/Los_Angeles,dca,Disney California Adventure,Hollywood Land,291,"Monsters, Inc. Mike & Sulley to the Rescue!",TRUE,10,2026-08-23T20:56:05.000Z,2026-08-23 13:56:05,https://queue-times.com/parks/17/queue_times.json
2026-08-23T20:57:30.927Z,2026-08-23 13:57:30,2026-08-23,America/Los_Angeles,dca,Disney California Adventure,Hollywood Land,868,Sorcerer's Workshop,TRUE,0,2026-08-23T20:56:05.000Z,2026-08-23 13:56:05,https://queue-times.com/parks/17/queue_times.json
2026-08-23T20:57:30.927Z,2026-08-23 13:57:30,2026-08-23,America/Los_Angeles,dca,Disney California Adventure,Hollywood Land,294,Turtle Talk with Crush,TRUE,0,2026-08-23T20:56:05.000Z,2026-08-23 13:56:05,https://queue-times.com/parks/17/queue_times.json
2026-08-23T20:57:30.927Z,2026-08-23 13:57:30,2026-08-23,America/Los_Angeles,dca,Disney California Adventure,Pacific Wharf,869,The Bakery Tour,TRUE,0,2026-08-23T20:56:05.000Z,2026-08-23 13:56:05,https://queue-times.com/parks/17/queue_times.json
2026-08-23T20:57:30.927Z,2026-08-23 13:57:30,2026-08-23,America/Los_Angeles,dca,Disney California Adventure,Paradise Gardens Park,298,Golden Zephyr,FALSE,0,2026-08-23T20:56:05.000Z,2026-08-23 13:56:05,https://queue-times.com/parks/17/queue_times.json
2026-08-23T20:57:30.927Z,2026-08-23 13:57:30,2026-08-23,America/Los_Angeles,dca,Disney California Adventure,Paradise Gardens Park,319,Goofy's Sky School,TRUE,25,2026-08-23T20:56:05.000Z,2026-08-23 13:56:05,https://queue-times.com/parks/17/queue_times.json
2026-08-23T20:57:30.927Z,2026-08-23 13:57:30,2026-08-23,America/Los_Angeles,dca,Disney California Adventure,Paradise Gardens Park,301,Silly Symphony Swings,FALSE,0,2026-08-23T20:56:05.000Z,2026-08-23 13:56:05,https://queue-times.com/parks/17/queue_times.json
2026-08-23T20:57:30.927Z,2026-08-23 13:57:30,2026-08-23,America/Los_Angeles,dca,Disney California Adventure,Paradise Gardens Park,316,The Little Mermaid - Ariel's Undersea Adventure,FALSE,0,2026-08-23T20:56:05.000Z,2026-08-23 13:56:05,https://queue-times.com/parks/17/queue_times.json
2026-08-23T20:57:30.927Z,2026-08-23 13:57:30,2026-08-23,America/Los_Angeles,dca,Disney California Adventure,Paradise Gardens Park,11528,World of Color – ONE,FALSE,0,2026-08-23T20:56:05.000Z,2026-08-23 13:56:05,https://queue-times.com/parks/17/queue_times.json
2026-08-23T20:57:30.927Z,2026-08-23 13:57:30,2026-08-23,America/Los_Angeles,dca,Disney California Adventure,Pixar Pier,866,Games of Pixar Pier,TRUE,0,2026-08-23T20:56:05.000Z,2026-08-23 13:56:05,https://queue-times.com/parks/17/queue_times.json
2026-08-23T20:57:30.927Z,2026-08-23 13:57:30,2026-08-23,America/Los_Angeles,dca,Disney California Adventure,Pixar Pier,322,Incredicoaster,FALSE,0,2026-08-23T20:56:05.000Z,2026-08-23 13:56:05,https://queue-times.com/parks/17/queue_times.json
2026-08-23T20:57:30.927Z,2026-08-23 13:57:30,2026-08-23,America/Los_Angeles,dca,Disney California Adventure,Pixar Pier,10906,Incredicoaster Single Rider,FALSE,0,2026-08-23T20:56:05.000Z,2026-08-23 13:56:05,https://queue-times.com/parks/17/queue_times.json
2026-08-23T20:57:30.927Z,2026-08-23 13:57:30,2026-08-23,America/Los_Angeles,dca,Disney California Adventure,Pixar Pier,6643,Inside Out Emotional Whirlwind,TRUE,5,2026-08-23T20:56:05.000Z,2026-08-23 13:56:05,https://queue-times.com/parks/17/queue_times.json
2026-08-23T20:57:30.927Z,2026-08-23 13:57:30,2026-08-23,America/Los_Angeles,dca,Disney California Adventure,Pixar Pier,310,Jessie's Critter Carousel,TRUE,5,2026-08-23T20:56:05.000Z,2026-08-23 13:56:05,https://queue-times.com/parks/17/queue_times.json
2026-08-23T20:57:30.927Z,2026-08-23 13:57:30,2026-08-23,America/Los_Angeles,dca,Disney California Adventure,Pixar Pier,300,Jumpin' Jellyfish,TRUE,5,2026-08-23T20:56:05.000Z,2026-08-23 13:56:05,https://queue-times.com/parks/17/queue_times.json
2026-08-23T20:57:30.927Z,2026-08-23 13:57:30,2026-08-23,America/Los_Angeles,dca,Disney California Adventure,Pixar Pier,311,Pixar Pal-A-Round - Swinging,TRUE,20,2026-08-23T20:56:05.000Z,2026-08-23 13:56:05,https://queue-times.com/parks/17/queue_times.json
2026-08-23T20:57:30.927Z,2026-08-23 13:57:30,2026-08-23,America/Los_Angeles,dca,Disney California Adventure,Pixar Pier,5557,Pixar Pal-A-Round – Non-Swinging,TRUE,10,2026-08-23T20:56:05.000Z,2026-08-23 13:56:05,https://queue-times.com/parks/17/queue_times.json
2026-08-23T20:57:30.927Z,2026-08-23 13:57:30,2026-08-23,America/Los_Angeles,dca,Disney California Adventure,Pixar Pier,313,Toy Story Midway Mania!,TRUE,40,2026-08-23T20:56:05.000Z,2026-08-23 13:56:05,https://queue-times.com/parks/17/queue_times.json
2026-08-23T20:57:30.927Z,2026-08-23 13:57:30,2026-08-23,America/Los_Angeles,dca,Disney California Adventure,Halloween,5146,Guardians of the Galaxy - Monsters After Dark,FALSE,0,2026-08-23T20:56:05.000Z,2026-08-23 13:56:05,https://queue-times.com/parks/17/queue_times.json
2026-08-23T20:57:30.927Z,2026-08-23 13:57:30,2026-08-23,America/Los_Angeles,dca,Disney California Adventure,Halloween,4723,Mater's Graveyard JamBOOree,TRUE,5,2026-08-23T20:56:05.000Z,2026-08-23 13:56:05,https://queue-times.com/parks/17/queue_times.json
2026-08-23T20:57:30.927Z,2026-08-23 13:57:30,2026-08-23,America/Los_Angeles,dca,Disney California Adventure,Halloween,7292,Villains Grove at Oogie Boogie Bash,FALSE,0,2026-08-23T20:56:05.000Z,2026-08-23 13:56:05,https://queue-times.com/parks/17/queue_times.json
2026-08-23T21:15:19.138Z,2026-08-23 14:15:19,2026-08-23,America/Los_Angeles,disneyland,Disneyland,Adventureland,12428,Adventureland Treehouse inspired by Walt Disney’s Swiss Family Robinson,TRUE,0,2026-08-23T21:10:48.000Z,2026-08-23 14:10:48,https://queue-times.com/parks/16/queue_times.json
2026-08-23T21:15:19.138Z,2026-08-23 14:15:19,2026-08-23,America/Los_Angeles,disneyland,Disneyland,Adventureland,326,Indiana Jones™ Adventure,TRUE,30,2026-08-23T21:10:48.000Z,2026-08-23 14:10:48,https://queue-times.com/parks/16/queue_times.json
2026-08-23T21:15:19.138Z,2026-08-23 14:15:19,2026-08-23,America/Los_Angeles,disneyland,Disneyland,Adventureland,296,Jungle Cruise,TRUE,5,2026-08-23T21:10:48.000Z,2026-08-23 14:10:48,https://queue-times.com/parks/16/queue_times.json
2026-08-23T21:15:19.138Z,2026-08-23 14:15:19,2026-08-23,America/Los_Angeles,disneyland,Disneyland,Adventureland,288,Walt Disney's Enchanted Tiki Room,TRUE,0,2026-08-23T21:10:48.000Z,2026-08-23 14:10:48,https://queue-times.com/parks/16/queue_times.json
2026-08-23T21:15:19.138Z,2026-08-23 14:15:19,2026-08-23,America/Los_Angeles,disneyland,Disneyland,Bayou Country,304,Davy Crockett's Explorer Canoes,FALSE,0,2026-08-23T21:10:48.000Z,2026-08-23 14:10:48,https://queue-times.com/parks/16/queue_times.json
2026-08-23T21:15:19.138Z,2026-08-23 14:15:19,2026-08-23,America/Los_Angeles,disneyland,Disneyland,Bayou Country,306,The Many Adventures of Winnie the Pooh,TRUE,5,2026-08-23T21:10:48.000Z,2026-08-23 14:10:48,https://queue-times.com/parks/16/queue_times.json
2026-08-23T21:15:19.138Z,2026-08-23 14:15:19,2026-08-23,America/Los_Angeles,disneyland,Disneyland,Bayou Country,14168,Tiana's Bayou Adventure,TRUE,45,2026-08-23T21:10:48.000Z,2026-08-23 14:10:48,https://queue-times.com/parks/16/queue_times.json
2026-08-23T21:15:19.138Z,2026-08-23 14:15:19,2026-08-23,America/Los_Angeles,disneyland,Disneyland,Bayou Country,14326,Tiana's Bayou Adventure Single Rider,TRUE,0,2026-08-23T21:10:48.000Z,2026-08-23 14:10:48,https://queue-times.com/parks/16/queue_times.json
2026-08-23T21:15:19.138Z,2026-08-23 14:15:19,2026-08-23,America/Los_Angeles,disneyland,Disneyland,Fantasyland,307,"""it's a small world""",TRUE,5,2026-08-23T21:10:48.000Z,2026-08-23 14:10:48,https://queue-times.com/parks/16/queue_times.json
2026-08-23T21:15:19.138Z,2026-08-23 14:15:19,2026-08-23,America/Los_Angeles,disneyland,Disneyland,Fantasyland,285,Alice in Wonderland,TRUE,15,2026-08-23T21:10:48.000Z,2026-08-23 14:10:48,https://queue-times.com/parks/16/queue_times.json
2026-08-23T21:15:19.138Z,2026-08-23 14:15:19,2026-08-23,America/Los_Angeles,disneyland,Disneyland,Fantasyland,16254,Bluey’s Best Day Ever! at Fantasyland Theatre,TRUE,0,2026-08-23T21:10:48.000Z,2026-08-23 14:10:48,https://queue-times.com/parks/16/queue_times.json
2026-08-23T21:15:19.138Z,2026-08-23 14:15:19,2026-08-23,America/Los_Angeles,disneyland,Disneyland,Fantasyland,303,Casey Jr. Circus Train,FALSE,0,2026-08-23T21:10:48.000Z,2026-08-23 14:10:48,https://queue-times.com/parks/16/queue_times.json
2026-08-23T21:15:19.138Z,2026-08-23 14:15:19,2026-08-23,America/Los_Angeles,disneyland,Disneyland,Fantasyland,275,Dumbo the Flying Elephant,TRUE,5,2026-08-23T21:10:48.000Z,2026-08-23 14:10:48,https://queue-times.com/parks/16/queue_times.json
2026-08-23T21:15:19.138Z,2026-08-23 14:15:19,2026-08-23,America/Los_Angeles,disneyland,Disneyland,Fantasyland,277,King Arthur Carrousel,TRUE,5,2026-08-23T21:10:48.000Z,2026-08-23 14:10:48,https://queue-times.com/parks/16/queue_times.json
2026-08-23T21:15:19.138Z,2026-08-23 14:15:19,2026-08-23,America/Los_Angeles,disneyland,Disneyland,Fantasyland,278,Mad Tea Party,TRUE,5,2026-08-23T21:10:48.000Z,2026-08-23 14:10:48,https://queue-times.com/parks/16/queue_times.json
2026-08-23T21:15:19.138Z,2026-08-23 14:15:19,2026-08-23,America/Los_Angeles,disneyland,Disneyland,Fantasyland,279,Matterhorn Bobsleds,TRUE,20,2026-08-23T21:10:48.000Z,2026-08-23 14:10:48,https://queue-times.com/parks/16/queue_times.json
2026-08-23T21:15:19.138Z,2026-08-23 14:15:19,2026-08-23,America/Los_Angeles,disneyland,Disneyland,Fantasyland,6711,Meet Disney Princesses at Royal Hall,TRUE,15,2026-08-23T21:10:48.000Z,2026-08-23 14:10:48,https://queue-times.com/parks/16/queue_times.json
2026-08-23T21:15:19.138Z,2026-08-23 14:15:19,2026-08-23,America/Los_Angeles,disneyland,Disneyland,Fantasyland,280,Mr. Toad's Wild Ride,TRUE,5,2026-08-23T21:10:48.000Z,2026-08-23 14:10:48,https://queue-times.com/parks/16/queue_times.json
2026-08-23T21:15:19.138Z,2026-08-23 14:15:19,2026-08-23,America/Los_Angeles,disneyland,Disneyland,Fantasyland,281,Peter Pan's Flight,TRUE,20,2026-08-23T21:10:48.000Z,2026-08-23 14:10:48,https://queue-times.com/parks/16/queue_times.json
2026-08-23T21:15:19.138Z,2026-08-23 14:15:19,2026-08-23,America/Los_Angeles,disneyland,Disneyland,Fantasyland,282,Pinocchio's Daring Journey,TRUE,10,2026-08-23T21:10:48.000Z,2026-08-23 14:10:48,https://queue-times.com/parks/16/queue_times.json
2026-08-23T21:15:19.138Z,2026-08-23 14:15:19,2026-08-23,America/Los_Angeles,disneyland,Disneyland,Fantasyland,687,Sleeping Beauty Castle Walkthrough,FALSE,0,2026-08-23T21:10:48.000Z,2026-08-23 14:10:48,https://queue-times.com/parks/16/queue_times.json
2026-08-23T21:15:19.138Z,2026-08-23 14:15:19,2026-08-23,America/Los_Angeles,disneyland,Disneyland,Fantasyland,283,Snow White's Enchanted Wish,TRUE,10,2026-08-23T21:10:48.000Z,2026-08-23 14:10:48,https://queue-times.com/parks/16/queue_times.json
2026-08-23T21:15:19.138Z,2026-08-23 14:15:19,2026-08-23,America/Los_Angeles,disneyland,Disneyland,Fantasyland,305,Storybook Land Canal Boats,TRUE,5,2026-08-23T21:10:48.000Z,2026-08-23 14:10:48,https://queue-times.com/parks/16/queue_times.json
2026-08-23T21:15:19.138Z,2026-08-23 14:15:19,2026-08-23,America/Los_Angeles,disneyland,Disneyland,Frontierland,323,Big Thunder Mountain Railroad,TRUE,5,2026-08-23T21:10:48.000Z,2026-08-23 14:10:48,https://queue-times.com/parks/16/queue_times.json
2026-08-23T21:15:19.138Z,2026-08-23 14:15:19,2026-08-23,America/Los_Angeles,disneyland,Disneyland,Frontierland,679,Frontierland Shootin' Exposition,FALSE,0,2026-08-23T21:10:48.000Z,2026-08-23 14:10:48,https://queue-times.com/parks/16/queue_times.json
2026-08-23T21:15:19.138Z,2026-08-23 14:15:19,2026-08-23,America/Los_Angeles,disneyland,Disneyland,Frontierland,456,Mark Twain Riverboat,TRUE,10,2026-08-23T21:10:48.000Z,2026-08-23 14:10:48,https://queue-times.com/parks/16/queue_times.json
2026-08-23T21:15:19.138Z,2026-08-23 14:15:19,2026-08-23,America/Los_Angeles,disneyland,Disneyland,Frontierland,331,Pirate's Lair on Tom Sawyer Island,TRUE,5,2026-08-23T21:10:48.000Z,2026-08-23 14:10:48,https://queue-times.com/parks/16/queue_times.json
2026-08-23T21:15:19.138Z,2026-08-23 14:15:19,2026-08-23,America/Los_Angeles,disneyland,Disneyland,Frontierland,328,Sailing Ship Columbia,FALSE,0,2026-08-23T21:10:48.000Z,2026-08-23 14:10:48,https://queue-times.com/parks/16/queue_times.json
2026-08-23T21:15:19.138Z,2026-08-23 14:15:19,2026-08-23,America/Los_Angeles,disneyland,Disneyland,Main Street U.S.A,674,Disneyland Railroad,TRUE,5,2026-08-23T21:10:48.000Z,2026-08-23 14:10:48,https://queue-times.com/parks/16/queue_times.json
2026-08-23T21:15:19.138Z,2026-08-23 14:15:19,2026-08-23,America/Los_Angeles,disneyland,Disneyland,Main Street U.S.A,690,Great Moments with Mr. Lincoln,FALSE,0,2026-08-23T21:10:48.000Z,2026-08-23 14:10:48,https://queue-times.com/parks/16/queue_times.json
2026-08-23T21:15:19.138Z,2026-08-23 14:15:19,2026-08-23,America/Los_Angeles,disneyland,Disneyland,Main Street U.S.A,686,Main Street Cinema,FALSE,0,2026-08-23T21:10:48.000Z,2026-08-23 14:10:48,https://queue-times.com/parks/16/queue_times.json
2026-08-23T21:15:19.138Z,2026-08-23 14:15:19,2026-08-23,America/Los_Angeles,disneyland,Disneyland,Main Street U.S.A,691,Main Street Vehicles,TRUE,0,2026-08-23T21:10:48.000Z,2026-08-23 14:10:48,https://queue-times.com/parks/16/queue_times.json
2026-08-23T21:15:19.138Z,2026-08-23 14:15:19,2026-08-23,America/Los_Angeles,disneyland,Disneyland,Main Street U.S.A,14915,Opera House - Walt Disney - A Magical Life,TRUE,0,2026-08-23T21:10:48.000Z,2026-08-23 14:10:48,https://queue-times.com/parks/16/queue_times.json
2026-08-23T21:15:19.138Z,2026-08-23 14:15:19,2026-08-23,America/Los_Angeles,disneyland,Disneyland,Main Street U.S.A,695,The Disney Gallery,TRUE,0,2026-08-23T21:10:48.000Z,2026-08-23 14:10:48,https://queue-times.com/parks/16/queue_times.json
2026-08-23T21:15:19.138Z,2026-08-23 14:15:19,2026-08-23,America/Los_Angeles,disneyland,Disneyland,Main Street U.S.A,14923,Walt Disney - A Magical Life,TRUE,0,2026-08-23T21:10:48.000Z,2026-08-23 14:10:48,https://queue-times.com/parks/16/queue_times.json
2026-08-23T21:15:19.138Z,2026-08-23 14:15:19,2026-08-23,America/Los_Angeles,disneyland,Disneyland,Mickey's Toontown,324,Chip 'n' Dale's GADGETcoaster,TRUE,10,2026-08-23T21:10:48.000Z,2026-08-23 14:10:48,https://queue-times.com/parks/16/queue_times.json
2026-08-23T21:15:19.138Z,2026-08-23 14:15:19,2026-08-23,America/Los_Angeles,disneyland,Disneyland,Mickey's Toontown,13814,Donald's Duck Pond,TRUE,0,2026-08-23T21:10:48.000Z,2026-08-23 14:10:48,https://queue-times.com/parks/16/queue_times.json
2026-08-23T21:15:19.138Z,2026-08-23 14:15:19,2026-08-23,America/Los_Angeles,disneyland,Disneyland,Mickey's Toontown,11980,Goofy's How-to-Play Yard,TRUE,0,2026-08-23T21:10:48.000Z,2026-08-23 14:10:48,https://queue-times.com/parks/16/queue_times.json
2026-08-23T21:15:19.138Z,2026-08-23 14:15:19,2026-08-23,America/Los_Angeles,disneyland,Disneyland,Mickey's Toontown,11526,Mickey & Minnie's Runaway Railway,TRUE,25,2026-08-23T21:10:48.000Z,2026-08-23 14:10:48,https://queue-times.com/parks/16/queue_times.json
2026-08-23T21:15:19.138Z,2026-08-23 14:15:19,2026-08-23,America/Los_Angeles,disneyland,Disneyland,Mickey's Toontown,709,Mickey's House and Meet Mickey Mouse,TRUE,15,2026-08-23T21:10:48.000Z,2026-08-23 14:10:48,https://queue-times.com/parks/16/queue_times.json
2026-08-23T21:15:19.138Z,2026-08-23 14:15:19,2026-08-23,America/Los_Angeles,disneyland,Disneyland,Mickey's Toontown,327,Mickey's House and Meet Mickey Mouse,FALSE,0,2026-08-23T21:10:48.000Z,2026-08-23 14:10:48,https://queue-times.com/parks/16/queue_times.json
2026-08-23T21:15:19.138Z,2026-08-23 14:15:19,2026-08-23,America/Los_Angeles,disneyland,Disneyland,Mickey's Toontown,684,Minnie's House,TRUE,0,2026-08-23T21:10:48.000Z,2026-08-23 14:10:48,https://queue-times.com/parks/16/queue_times.json
2026-08-23T21:15:19.138Z,2026-08-23 14:15:19,2026-08-23,America/Los_Angeles,disneyland,Disneyland,Mickey's Toontown,332,Roger Rabbit's Car Toon Spin,TRUE,20,2026-08-23T21:10:48.000Z,2026-08-23 14:10:48,https://queue-times.com/parks/16/queue_times.json
2026-08-23T21:15:19.138Z,2026-08-23 14:15:19,2026-08-23,America/Los_Angeles,disneyland,Disneyland,New Orleans Square,13958,Haunted Mansion,FALSE,0,2026-08-21T05:25:59.000Z,2026-08-20 22:25:59,https://queue-times.com/parks/16/queue_times.json
2026-08-23T21:15:19.138Z,2026-08-23 14:15:19,2026-08-23,America/Los_Angeles,disneyland,Disneyland,New Orleans Square,325,Haunted Mansion Holiday,TRUE,35,2026-08-23T21:10:48.000Z,2026-08-23 14:10:48,https://queue-times.com/parks/16/queue_times.json
2026-08-23T21:15:19.138Z,2026-08-23 14:15:19,2026-08-23,America/Los_Angeles,disneyland,Disneyland,New Orleans Square,289,Pirates of the Caribbean,TRUE,10,2026-08-23T21:10:48.000Z,2026-08-23 14:10:48,https://queue-times.com/parks/16/queue_times.json
2026-08-23T21:15:19.138Z,2026-08-23 14:15:19,2026-08-23,America/Los_Angeles,disneyland,Disneyland,Star Wars: Galaxy's Edge,6339,Millennium Falcon: Smugglers Run,TRUE,10,2026-08-23T21:10:48.000Z,2026-08-23 14:10:48,https://queue-times.com/parks/16/queue_times.json
2026-08-23T21:15:19.138Z,2026-08-23 14:15:19,2026-08-23,America/Los_Angeles,disneyland,Disneyland,Star Wars: Galaxy's Edge,10903,Millennium Falcon: Smugglers Run Single Rider,TRUE,0,2026-08-23T21:10:48.000Z,2026-08-23 14:10:48,https://queue-times.com/parks/16/queue_times.json
2026-08-23T21:15:19.138Z,2026-08-23 14:15:19,2026-08-23,America/Los_Angeles,disneyland,Disneyland,Star Wars: Galaxy's Edge,6340,Star Wars: Rise of the Resistance,TRUE,35,2026-08-23T21:10:48.000Z,2026-08-23 14:10:48,https://queue-times.com/parks/16/queue_times.json
2026-08-23T21:15:19.138Z,2026-08-23 14:15:19,2026-08-23,America/Los_Angeles,disneyland,Disneyland,Tomorrowland,287,Astro Orbitor,TRUE,5,2026-08-23T21:10:48.000Z,2026-08-23 14:10:48,https://queue-times.com/parks/16/queue_times.json
2026-08-23T21:15:19.138Z,2026-08-23 14:15:19,2026-08-23,America/Los_Angeles,disneyland,Disneyland,Tomorrowland,317,Autopia,TRUE,10,2026-08-23T21:10:48.000Z,2026-08-23 14:10:48,https://queue-times.com/parks/16/queue_times.json
2026-08-23T21:15:19.138Z,2026-08-23 14:15:19,2026-08-23,America/Los_Angeles,disneyland,Disneyland,Tomorrowland,273,Buzz Lightyear Astro Blasters,TRUE,10,2026-08-23T21:10:48.000Z,2026-08-23 14:10:48,https://queue-times.com/parks/16/queue_times.json
2026-08-23T21:15:19.138Z,2026-08-23 14:15:19,2026-08-23,America/Los_Angeles,disneyland,Disneyland,Tomorrowland,274,Disneyland Monorail,FALSE,0,2026-08-23T21:10:48.000Z,2026-08-23 14:10:48,https://queue-times.com/parks/16/queue_times.json
2026-08-23T21:15:19.138Z,2026-08-23 14:15:19,2026-08-23,America/Los_Angeles,disneyland,Disneyland,Tomorrowland,276,Finding Nemo Submarine Voyage,TRUE,5,2026-08-23T21:10:48.000Z,2026-08-23 14:10:48,https://queue-times.com/parks/16/queue_times.json
2026-08-23T21:15:19.138Z,2026-08-23 14:15:19,2026-08-23,America/Los_Angeles,disneyland,Disneyland,Tomorrowland,16627,Pixar Short Film Spotlight,FALSE,0,2026-08-23T21:10:48.000Z,2026-08-23 14:10:48,https://queue-times.com/parks/16/queue_times.json
2026-08-23T21:15:19.138Z,2026-08-23 14:15:19,2026-08-23,America/Los_Angeles,disneyland,Disneyland,Tomorrowland,284,Space Mountain,FALSE,0,2026-08-23T21:10:48.000Z,2026-08-23 14:10:48,https://queue-times.com/parks/16/queue_times.json
2026-08-23T21:15:19.138Z,2026-08-23 14:15:19,2026-08-23,America/Los_Angeles,disneyland,Disneyland,Tomorrowland,286,Star Tours - The Adventures Continue,TRUE,5,2026-08-23T21:10:48.000Z,2026-08-23 14:10:48,https://queue-times.com/parks/16/queue_times.json
2026-08-23T21:15:19.138Z,2026-08-23 14:15:19,2026-08-23,America/Los_Angeles,dca,Disney California Adventure,Avengers Campus,329,Guardians of the Galaxy - Mission: BREAKOUT!,FALSE,0,2026-08-23T21:10:56.000Z,2026-08-23 14:10:56,https://queue-times.com/parks/17/queue_times.json
2026-08-23T21:15:19.138Z,2026-08-23 14:15:19,2026-08-23,America/Los_Angeles,dca,Disney California Adventure,Avengers Campus,8843,WEB SLINGERS: A Spider-Man Adventure,TRUE,40,2026-08-23T21:10:56.000Z,2026-08-23 14:10:56,https://queue-times.com/parks/17/queue_times.json
2026-08-23T21:15:19.138Z,2026-08-23 14:15:19,2026-08-23,America/Los_Angeles,dca,Disney California Adventure,Avengers Campus,10907,WEB SLINGERS: A Spider-Man Adventure Single Rider,TRUE,0,2026-08-23T21:10:56.000Z,2026-08-23 14:10:56,https://queue-times.com/parks/17/queue_times.json
2026-08-23T21:15:19.138Z,2026-08-23 14:15:19,2026-08-23,America/Los_Angeles,dca,Disney California Adventure,Cars Land,2608,Luigi's Honkin' Haul-O-Ween,TRUE,5,2026-08-23T21:10:56.000Z,2026-08-23 14:10:56,https://queue-times.com/parks/17/queue_times.json
2026-08-23T21:15:19.138Z,2026-08-23 14:15:19,2026-08-23,America/Los_Angeles,dca,Disney California Adventure,Cars Land,13961,Luigi's Rollickin' Roadsters,FALSE,0,2026-08-18T08:55:45.000Z,2026-08-18 01:55:45,https://queue-times.com/parks/17/queue_times.json
2026-08-23T21:15:19.138Z,2026-08-23 14:15:19,2026-08-23,America/Los_Angeles,dca,Disney California Adventure,Cars Land,315,Mater's Junkyard Jamboree,FALSE,0,2026-08-18T08:55:45.000Z,2026-08-18 01:55:45,https://queue-times.com/parks/17/queue_times.json
2026-08-23T21:15:19.138Z,2026-08-23 14:15:19,2026-08-23,America/Los_Angeles,dca,Disney California Adventure,Cars Land,295,Radiator Springs Racers,TRUE,45,2026-08-23T21:10:56.000Z,2026-08-23 14:10:56,https://queue-times.com/parks/17/queue_times.json
2026-08-23T21:15:19.138Z,2026-08-23 14:15:19,2026-08-23,America/Los_Angeles,dca,Disney California Adventure,Cars Land,10904,Radiator Springs Racers Single Rider,TRUE,0,2026-08-23T21:10:56.000Z,2026-08-23 14:10:56,https://queue-times.com/parks/17/queue_times.json
2026-08-23T21:15:19.138Z,2026-08-23 14:15:19,2026-08-23,America/Los_Angeles,dca,Disney California Adventure,Grizzly Peak,302,Grizzly River Run,TRUE,50,2026-08-23T21:10:56.000Z,2026-08-23 14:10:56,https://queue-times.com/parks/17/queue_times.json
2026-08-23T21:15:19.138Z,2026-08-23 14:15:19,2026-08-23,America/Los_Angeles,dca,Disney California Adventure,Grizzly Peak,293,Redwood Creek Challenge Trail,TRUE,5,2026-08-23T21:10:56.000Z,2026-08-23 14:10:56,https://queue-times.com/parks/17/queue_times.json
2026-08-23T21:15:19.138Z,2026-08-23 14:15:19,2026-08-23,America/Los_Angeles,dca,Disney California Adventure,Grizzly Peak,17129,Soarin’ Across America,TRUE,35,2026-08-23T21:10:56.000Z,2026-08-23 14:10:56,https://queue-times.com/parks/17/queue_times.json
2026-08-23T21:15:19.138Z,2026-08-23 14:15:19,2026-08-23,America/Los_Angeles,dca,Disney California Adventure,Hollywood Land,321,Animation Academy,TRUE,0,2026-08-23T21:10:56.000Z,2026-08-23 14:10:56,https://queue-times.com/parks/17/queue_times.json
2026-08-23T21:15:19.138Z,2026-08-23 14:15:19,2026-08-23,America/Los_Angeles,dca,Disney California Adventure,Hollywood Land,6440,Mickey's PhilharMagic,TRUE,10,2026-08-23T21:10:56.000Z,2026-08-23 14:10:56,https://queue-times.com/parks/17/queue_times.json
2026-08-23T21:15:19.138Z,2026-08-23 14:15:19,2026-08-23,America/Los_Angeles,dca,Disney California Adventure,Hollywood Land,291,"Monsters, Inc. Mike & Sulley to the Rescue!",TRUE,30,2026-08-23T21:10:56.000Z,2026-08-23 14:10:56,https://queue-times.com/parks/17/queue_times.json
2026-08-23T21:15:19.138Z,2026-08-23 14:15:19,2026-08-23,America/Los_Angeles,dca,Disney California Adventure,Hollywood Land,868,Sorcerer's Workshop,TRUE,0,2026-08-23T21:10:56.000Z,2026-08-23 14:10:56,https://queue-times.com/parks/17/queue_times.json
2026-08-23T21:15:19.138Z,2026-08-23 14:15:19,2026-08-23,America/Los_Angeles,dca,Disney California Adventure,Hollywood Land,294,Turtle Talk with Crush,TRUE,0,2026-08-23T21:10:56.000Z,2026-08-23 14:10:56,https://queue-times.com/parks/17/queue_times.json
2026-08-23T21:15:19.138Z,2026-08-23 14:15:19,2026-08-23,America/Los_Angeles,dca,Disney California Adventure,Pacific Wharf,869,The Bakery Tour,TRUE,0,2026-08-23T21:10:56.000Z,2026-08-23 14:10:56,https://queue-times.com/parks/17/queue_times.json
2026-08-23T21:15:19.138Z,2026-08-23 14:15:19,2026-08-23,America/Los_Angeles,dca,Disney California Adventure,Paradise Gardens Park,298,Golden Zephyr,FALSE,0,2026-08-23T21:10:56.000Z,2026-08-23 14:10:56,https://queue-times.com/parks/17/queue_times.json
2026-08-23T21:15:19.138Z,2026-08-23 14:15:19,2026-08-23,America/Los_Angeles,dca,Disney California Adventure,Paradise Gardens Park,319,Goofy's Sky School,TRUE,35,2026-08-23T21:10:56.000Z,2026-08-23 14:10:56,https://queue-times.com/parks/17/queue_times.json
2026-08-23T21:15:19.138Z,2026-08-23 14:15:19,2026-08-23,America/Los_Angeles,dca,Disney California Adventure,Paradise Gardens Park,301,Silly Symphony Swings,FALSE,0,2026-08-23T21:10:56.000Z,2026-08-23 14:10:56,https://queue-times.com/parks/17/queue_times.json
2026-08-23T21:15:19.138Z,2026-08-23 14:15:19,2026-08-23,America/Los_Angeles,dca,Disney California Adventure,Paradise Gardens Park,316,The Little Mermaid - Ariel's Undersea Adventure,FALSE,0,2026-08-23T21:10:56.000Z,2026-08-23 14:10:56,https://queue-times.com/parks/17/queue_times.json
2026-08-23T21:15:19.138Z,2026-08-23 14:15:19,2026-08-23,America/Los_Angeles,dca,Disney California Adventure,Paradise Gardens Park,11528,World of Color – ONE,FALSE,0,2026-08-23T21:10:56.000Z,2026-08-23 14:10:56,https://queue-times.com/parks/17/queue_times.json
2026-08-23T21:15:19.138Z,2026-08-23 14:15:19,2026-08-23,America/Los_Angeles,dca,Disney California Adventure,Pixar Pier,866,Games of Pixar Pier,TRUE,0,2026-08-23T21:10:56.000Z,2026-08-23 14:10:56,https://queue-times.com/parks/17/queue_times.json
2026-08-23T21:15:19.138Z,2026-08-23 14:15:19,2026-08-23,America/Los_Angeles,dca,Disney California Adventure,Pixar Pier,322,Incredicoaster,FALSE,0,2026-08-23T21:10:56.000Z,2026-08-23 14:10:56,https://queue-times.com/parks/17/queue_times.json
2026-08-23T21:15:19.138Z,2026-08-23 14:15:19,2026-08-23,America/Los_Angeles,dca,Disney California Adventure,Pixar Pier,10906,Incredicoaster Single Rider,FALSE,0,2026-08-23T21:10:56.000Z,2026-08-23 14:10:56,https://queue-times.com/parks/17/queue_times.json
2026-08-23T21:15:19.138Z,2026-08-23 14:15:19,2026-08-23,America/Los_Angeles,dca,Disney California Adventure,Pixar Pier,6643,Inside Out Emotional Whirlwind,TRUE,5,2026-08-23T21:10:56.000Z,2026-08-23 14:10:56,https://queue-times.com/parks/17/queue_times.json
2026-08-23T21:15:19.138Z,2026-08-23 14:15:19,2026-08-23,America/Los_Angeles,dca,Disney California Adventure,Pixar Pier,310,Jessie's Critter Carousel,TRUE,5,2026-08-23T21:10:56.000Z,2026-08-23 14:10:56,https://queue-times.com/parks/17/queue_times.json
2026-08-23T21:15:19.138Z,2026-08-23 14:15:19,2026-08-23,America/Los_Angeles,dca,Disney California Adventure,Pixar Pier,300,Jumpin' Jellyfish,TRUE,5,2026-08-23T21:10:56.000Z,2026-08-23 14:10:56,https://queue-times.com/parks/17/queue_times.json
2026-08-23T21:15:19.138Z,2026-08-23 14:15:19,2026-08-23,America/Los_Angeles,dca,Disney California Adventure,Pixar Pier,311,Pixar Pal-A-Round - Swinging,TRUE,10,2026-08-23T21:10:56.000Z,2026-08-23 14:10:56,https://queue-times.com/parks/17/queue_times.json
2026-08-23T21:15:19.138Z,2026-08-23 14:15:19,2026-08-23,America/Los_Angeles,dca,Disney California Adventure,Pixar Pier,5557,Pixar Pal-A-Round – Non-Swinging,TRUE,5,2026-08-23T21:10:56.000Z,2026-08-23 14:10:56,https://queue-times.com/parks/17/queue_times.json
2026-08-23T21:15:19.138Z,2026-08-23 14:15:19,2026-08-23,America/Los_Angeles,dca,Disney California Adventure,Pixar Pier,313,Toy Story Midway Mania!,TRUE,50,2026-08-23T21:10:56.000Z,2026-08-23 14:10:56,https://queue-times.com/parks/17/queue_times.json
2026-08-23T21:15:19.138Z,2026-08-23 14:15:19,2026-08-23,America/Los_Angeles,dca,Disney California Adventure,Halloween,5146,Guardians of the Galaxy - Monsters After Dark,TRUE,50,2026-08-23T21:10:56.000Z,2026-08-23 14:10:56,https://queue-times.com/parks/17/queue_times.json
2026-08-23T21:15:19.138Z,2026-08-23 14:15:19,2026-08-23,America/Los_Angeles,dca,Disney California Adventure,Halloween,4723,Mater's Graveyard JamBOOree,TRUE,5,2026-08-23T21:10:56.000Z,2026-08-23 14:10:56,https://queue-times.com/parks/17/queue_times.json
2026-08-23T21:15:19.138Z,2026-08-23 14:15:19,2026-08-23,America/Los_Angeles,dca,Disney California Adventure,Halloween,7292,Villains Grove at Oogie Boogie Bash,FALSE,0,2026-08-23T21:10:56.000Z,2026-08-23 14:10:56,https://queue-times.com/parks/17/queue_times.json
2026-08-23T21:30:22.495Z,2026-08-23 14:30:22,2026-08-23,America/Los_Angeles,disneyland,Disneyland,Adventureland,12428,Adventureland Treehouse inspired by Walt Disney’s Swiss Family Robinson,TRUE,0,2026-08-23T21:26:18.000Z,2026-08-23 14:26:18,https://queue-times.com/parks/16/queue_times.json
2026-08-23T21:30:22.495Z,2026-08-23 14:30:22,2026-08-23,America/Los_Angeles,disneyland,Disneyland,Adventureland,326,Indiana Jones™ Adventure,TRUE,30,2026-08-23T21:26:18.000Z,2026-08-23 14:26:18,https://queue-times.com/parks/16/queue_times.json
2026-08-23T21:30:22.495Z,2026-08-23 14:30:22,2026-08-23,America/Los_Angeles,disneyland,Disneyland,Adventureland,296,Jungle Cruise,TRUE,5,2026-08-23T21:26:18.000Z,2026-08-23 14:26:18,https://queue-times.com/parks/16/queue_times.json
2026-08-23T21:30:22.495Z,2026-08-23 14:30:22,2026-08-23,America/Los_Angeles,disneyland,Disneyland,Adventureland,288,Walt Disney's Enchanted Tiki Room,TRUE,0,2026-08-23T21:26:18.000Z,2026-08-23 14:26:18,https://queue-times.com/parks/16/queue_times.json
2026-08-23T21:30:22.495Z,2026-08-23 14:30:22,2026-08-23,America/Los_Angeles,disneyland,Disneyland,Bayou Country,304,Davy Crockett's Explorer Canoes,FALSE,0,2026-08-23T21:26:18.000Z,2026-08-23 14:26:18,https://queue-times.com/parks/16/queue_times.json
2026-08-23T21:30:22.495Z,2026-08-23 14:30:22,2026-08-23,America/Los_Angeles,disneyland,Disneyland,Bayou Country,306,The Many Adventures of Winnie the Pooh,TRUE,5,2026-08-23T21:26:18.000Z,2026-08-23 14:26:18,https://queue-times.com/parks/16/queue_times.json
2026-08-23T21:30:22.495Z,2026-08-23 14:30:22,2026-08-23,America/Los_Angeles,disneyland,Disneyland,Bayou Country,14168,Tiana's Bayou Adventure,TRUE,40,2026-08-23T21:26:18.000Z,2026-08-23 14:26:18,https://queue-times.com/parks/16/queue_times.json
2026-08-23T21:30:22.495Z,2026-08-23 14:30:22,2026-08-23,America/Los_Angeles,disneyland,Disneyland,Bayou Country,14326,Tiana's Bayou Adventure Single Rider,TRUE,0,2026-08-23T21:26:18.000Z,2026-08-23 14:26:18,https://queue-times.com/parks/16/queue_times.json
2026-08-23T21:30:22.495Z,2026-08-23 14:30:22,2026-08-23,America/Los_Angeles,disneyland,Disneyland,Fantasyland,307,"""it's a small world""",TRUE,5,2026-08-23T21:26:18.000Z,2026-08-23 14:26:18,https://queue-times.com/parks/16/queue_times.json
2026-08-23T21:30:22.495Z,2026-08-23 14:30:22,2026-08-23,America/Los_Angeles,disneyland,Disneyland,Fantasyland,285,Alice in Wonderland,TRUE,15,2026-08-23T21:26:18.000Z,2026-08-23 14:26:18,https://queue-times.com/parks/16/queue_times.json
2026-08-23T21:30:22.495Z,2026-08-23 14:30:22,2026-08-23,America/Los_Angeles,disneyland,Disneyland,Fantasyland,16254,Bluey’s Best Day Ever! at Fantasyland Theatre,TRUE,0,2026-08-23T21:26:18.000Z,2026-08-23 14:26:18,https://queue-times.com/parks/16/queue_times.json
2026-08-23T21:30:22.495Z,2026-08-23 14:30:22,2026-08-23,America/Los_Angeles,disneyland,Disneyland,Fantasyland,303,Casey Jr. Circus Train,TRUE,5,2026-08-23T21:26:18.000Z,2026-08-23 14:26:18,https://queue-times.com/parks/16/queue_times.json
2026-08-23T21:30:22.495Z,2026-08-23 14:30:22,2026-08-23,America/Los_Angeles,disneyland,Disneyland,Fantasyland,275,Dumbo the Flying Elephant,TRUE,5,2026-08-23T21:26:18.000Z,2026-08-23 14:26:18,https://queue-times.com/parks/16/queue_times.json
2026-08-23T21:30:22.495Z,2026-08-23 14:30:22,2026-08-23,America/Los_Angeles,disneyland,Disneyland,Fantasyland,277,King Arthur Carrousel,TRUE,5,2026-08-23T21:26:18.000Z,2026-08-23 14:26:18,https://queue-times.com/parks/16/queue_times.json
2026-08-23T21:30:22.495Z,2026-08-23 14:30:22,2026-08-23,America/Los_Angeles,disneyland,Disneyland,Fantasyland,278,Mad Tea Party,TRUE,5,2026-08-23T21:26:18.000Z,2026-08-23 14:26:18,https://queue-times.com/parks/16/queue_times.json
2026-08-23T21:30:22.495Z,2026-08-23 14:30:22,2026-08-23,America/Los_Angeles,disneyland,Disneyland,Fantasyland,279,Matterhorn Bobsleds,TRUE,20,2026-08-23T21:26:18.000Z,2026-08-23 14:26:18,https://queue-times.com/parks/16/queue_times.json
2026-08-23T21:30:22.495Z,2026-08-23 14:30:22,2026-08-23,America/Los_Angeles,disneyland,Disneyland,Fantasyland,6711,Meet Disney Princesses at Royal Hall,TRUE,15,2026-08-23T21:26:18.000Z,2026-08-23 14:26:18,https://queue-times.com/parks/16/queue_times.json
2026-08-23T21:30:22.495Z,2026-08-23 14:30:22,2026-08-23,America/Los_Angeles,disneyland,Disneyland,Fantasyland,280,Mr. Toad's Wild Ride,TRUE,5,2026-08-23T21:26:18.000Z,2026-08-23 14:26:18,https://queue-times.com/parks/16/queue_times.json
2026-08-23T21:30:22.495Z,2026-08-23 14:30:22,2026-08-23,America/Los_Angeles,disneyland,Disneyland,Fantasyland,281,Peter Pan's Flight,TRUE,20,2026-08-23T21:26:18.000Z,2026-08-23 14:26:18,https://queue-times.com/parks/16/queue_times.json
2026-08-23T21:30:22.495Z,2026-08-23 14:30:22,2026-08-23,America/Los_Angeles,disneyland,Disneyland,Fantasyland,282,Pinocchio's Daring Journey,TRUE,10,2026-08-23T21:26:18.000Z,2026-08-23 14:26:18,https://queue-times.com/parks/16/queue_times.json
2026-08-23T21:30:22.495Z,2026-08-23 14:30:22,2026-08-23,America/Los_Angeles,disneyland,Disneyland,Fantasyland,687,Sleeping Beauty Castle Walkthrough,FALSE,0,2026-08-23T21:26:18.000Z,2026-08-23 14:26:18,https://queue-times.com/parks/16/queue_times.json
2026-08-23T21:30:22.495Z,2026-08-23 14:30:22,2026-08-23,America/Los_Angeles,disneyland,Disneyland,Fantasyland,283,Snow White's Enchanted Wish,TRUE,10,2026-08-23T21:26:18.000Z,2026-08-23 14:26:18,https://queue-times.com/parks/16/queue_times.json
2026-08-23T21:30:22.495Z,2026-08-23 14:30:22,2026-08-23,America/Los_Angeles,disneyland,Disneyland,Fantasyland,305,Storybook Land Canal Boats,TRUE,10,2026-08-23T21:26:18.000Z,2026-08-23 14:26:18,https://queue-times.com/parks/16/queue_times.json
2026-08-23T21:30:22.495Z,2026-08-23 14:30:22,2026-08-23,America/Los_Angeles,disneyland,Disneyland,Frontierland,323,Big Thunder Mountain Railroad,TRUE,15,2026-08-23T21:26:18.000Z,2026-08-23 14:26:18,https://queue-times.com/parks/16/queue_times.json
2026-08-23T21:30:22.495Z,2026-08-23 14:30:22,2026-08-23,America/Los_Angeles,disneyland,Disneyland,Frontierland,679,Frontierland Shootin' Exposition,FALSE,0,2026-08-23T21:26:18.000Z,2026-08-23 14:26:18,https://queue-times.com/parks/16/queue_times.json
2026-08-23T21:30:22.495Z,2026-08-23 14:30:22,2026-08-23,America/Los_Angeles,disneyland,Disneyland,Frontierland,456,Mark Twain Riverboat,TRUE,10,2026-08-23T21:26:18.000Z,2026-08-23 14:26:18,https://queue-times.com/parks/16/queue_times.json
2026-08-23T21:30:22.495Z,2026-08-23 14:30:22,2026-08-23,America/Los_Angeles,disneyland,Disneyland,Frontierland,331,Pirate's Lair on Tom Sawyer Island,TRUE,5,2026-08-23T21:26:18.000Z,2026-08-23 14:26:18,https://queue-times.com/parks/16/queue_times.json
2026-08-23T21:30:22.495Z,2026-08-23 14:30:22,2026-08-23,America/Los_Angeles,disneyland,Disneyland,Frontierland,328,Sailing Ship Columbia,FALSE,0,2026-08-23T21:26:18.000Z,2026-08-23 14:26:18,https://queue-times.com/parks/16/queue_times.json
2026-08-23T21:30:22.495Z,2026-08-23 14:30:22,2026-08-23,America/Los_Angeles,disneyland,Disneyland,Main Street U.S.A,674,Disneyland Railroad,TRUE,5,2026-08-23T21:26:18.000Z,2026-08-23 14:26:18,https://queue-times.com/parks/16/queue_times.json
2026-08-23T21:30:22.495Z,2026-08-23 14:30:22,2026-08-23,America/Los_Angeles,disneyland,Disneyland,Main Street U.S.A,690,Great Moments with Mr. Lincoln,FALSE,0,2026-08-23T21:26:18.000Z,2026-08-23 14:26:18,https://queue-times.com/parks/16/queue_times.json
2026-08-23T21:30:22.495Z,2026-08-23 14:30:22,2026-08-23,America/Los_Angeles,disneyland,Disneyland,Main Street U.S.A,686,Main Street Cinema,FALSE,0,2026-08-23T21:26:18.000Z,2026-08-23 14:26:18,https://queue-times.com/parks/16/queue_times.json
2026-08-23T21:30:22.495Z,2026-08-23 14:30:22,2026-08-23,America/Los_Angeles,disneyland,Disneyland,Main Street U.S.A,691,Main Street Vehicles,TRUE,0,2026-08-23T21:26:18.000Z,2026-08-23 14:26:18,https://queue-times.com/parks/16/queue_times.json
2026-08-23T21:30:22.495Z,2026-08-23 14:30:22,2026-08-23,America/Los_Angeles,disneyland,Disneyland,Main Street U.S.A,14915,Opera House - Walt Disney - A Magical Life,TRUE,0,2026-08-23T21:26:18.000Z,2026-08-23 14:26:18,https://queue-times.com/parks/16/queue_times.json
2026-08-23T21:30:22.495Z,2026-08-23 14:30:22,2026-08-23,America/Los_Angeles,disneyland,Disneyland,Main Street U.S.A,695,The Disney Gallery,TRUE,0,2026-08-23T21:26:18.000Z,2026-08-23 14:26:18,https://queue-times.com/parks/16/queue_times.json
2026-08-23T21:30:22.495Z,2026-08-23 14:30:22,2026-08-23,America/Los_Angeles,disneyland,Disneyland,Main Street U.S.A,14923,Walt Disney - A Magical Life,TRUE,0,2026-08-23T21:26:18.000Z,2026-08-23 14:26:18,https://queue-times.com/parks/16/queue_times.json
2026-08-23T21:30:22.495Z,2026-08-23 14:30:22,2026-08-23,America/Los_Angeles,disneyland,Disneyland,Mickey's Toontown,324,Chip 'n' Dale's GADGETcoaster,TRUE,10,2026-08-23T21:26:18.000Z,2026-08-23 14:26:18,https://queue-times.com/parks/16/queue_times.json
2026-08-23T21:30:22.495Z,2026-08-23 14:30:22,2026-08-23,America/Los_Angeles,disneyland,Disneyland,Mickey's Toontown,13814,Donald's Duck Pond,TRUE,0,2026-08-23T21:26:18.000Z,2026-08-23 14:26:18,https://queue-times.com/parks/16/queue_times.json
2026-08-23T21:30:22.495Z,2026-08-23 14:30:22,2026-08-23,America/Los_Angeles,disneyland,Disneyland,Mickey's Toontown,11980,Goofy's How-to-Play Yard,TRUE,0,2026-08-23T21:26:18.000Z,2026-08-23 14:26:18,https://queue-times.com/parks/16/queue_times.json
2026-08-23T21:30:22.495Z,2026-08-23 14:30:22,2026-08-23,America/Los_Angeles,disneyland,Disneyland,Mickey's Toontown,11526,Mickey & Minnie's Runaway Railway,TRUE,20,2026-08-23T21:26:18.000Z,2026-08-23 14:26:18,https://queue-times.com/parks/16/queue_times.json
2026-08-23T21:30:22.495Z,2026-08-23 14:30:22,2026-08-23,America/Los_Angeles,disneyland,Disneyland,Mickey's Toontown,709,Mickey's House and Meet Mickey Mouse,TRUE,15,2026-08-23T21:26:18.000Z,2026-08-23 14:26:18,https://queue-times.com/parks/16/queue_times.json
2026-08-23T21:30:22.495Z,2026-08-23 14:30:22,2026-08-23,America/Los_Angeles,disneyland,Disneyland,Mickey's Toontown,327,Mickey's House and Meet Mickey Mouse,FALSE,0,2026-08-23T21:26:18.000Z,2026-08-23 14:26:18,https://queue-times.com/parks/16/queue_times.json
2026-08-23T21:30:22.495Z,2026-08-23 14:30:22,2026-08-23,America/Los_Angeles,disneyland,Disneyland,Mickey's Toontown,684,Minnie's House,TRUE,0,2026-08-23T21:26:18.000Z,2026-08-23 14:26:18,https://queue-times.com/parks/16/queue_times.json
2026-08-23T21:30:22.495Z,2026-08-23 14:30:22,2026-08-23,America/Los_Angeles,disneyland,Disneyland,Mickey's Toontown,332,Roger Rabbit's Car Toon Spin,TRUE,20,2026-08-23T21:26:18.000Z,2026-08-23 14:26:18,https://queue-times.com/parks/16/queue_times.json
2026-08-23T21:30:22.495Z,2026-08-23 14:30:22,2026-08-23,America/Los_Angeles,disneyland,Disneyland,New Orleans Square,13958,Haunted Mansion,FALSE,0,2026-08-21T05:25:59.000Z,2026-08-20 22:25:59,https://queue-times.com/parks/16/queue_times.json
2026-08-23T21:30:22.495Z,2026-08-23 14:30:22,2026-08-23,America/Los_Angeles,disneyland,Disneyland,New Orleans Square,325,Haunted Mansion Holiday,TRUE,45,2026-08-23T21:26:18.000Z,2026-08-23 14:26:18,https://queue-times.com/parks/16/queue_times.json
2026-08-23T21:30:22.495Z,2026-08-23 14:30:22,2026-08-23,America/Los_Angeles,disneyland,Disneyland,New Orleans Square,289,Pirates of the Caribbean,TRUE,10,2026-08-23T21:26:18.000Z,2026-08-23 14:26:18,https://queue-times.com/parks/16/queue_times.json
2026-08-23T21:30:22.495Z,2026-08-23 14:30:22,2026-08-23,America/Los_Angeles,disneyland,Disneyland,Star Wars: Galaxy's Edge,6339,Millennium Falcon: Smugglers Run,TRUE,10,2026-08-23T21:26:18.000Z,2026-08-23 14:26:18,https://queue-times.com/parks/16/queue_times.json
2026-08-23T21:30:22.495Z,2026-08-23 14:30:22,2026-08-23,America/Los_Angeles,disneyland,Disneyland,Star Wars: Galaxy's Edge,10903,Millennium Falcon: Smugglers Run Single Rider,TRUE,0,2026-08-23T21:26:18.000Z,2026-08-23 14:26:18,https://queue-times.com/parks/16/queue_times.json
2026-08-23T21:30:22.495Z,2026-08-23 14:30:22,2026-08-23,America/Los_Angeles,disneyland,Disneyland,Star Wars: Galaxy's Edge,6340,Star Wars: Rise of the Resistance,TRUE,35,2026-08-23T21:26:18.000Z,2026-08-23 14:26:18,https://queue-times.com/parks/16/queue_times.json
2026-08-23T21:30:22.495Z,2026-08-23 14:30:22,2026-08-23,America/Los_Angeles,disneyland,Disneyland,Tomorrowland,287,Astro Orbitor,TRUE,5,2026-08-23T21:26:18.000Z,2026-08-23 14:26:18,https://queue-times.com/parks/16/queue_times.json
2026-08-23T21:30:22.495Z,2026-08-23 14:30:22,2026-08-23,America/Los_Angeles,disneyland,Disneyland,Tomorrowland,317,Autopia,TRUE,10,2026-08-23T21:26:18.000Z,2026-08-23 14:26:18,https://queue-times.com/parks/16/queue_times.json
2026-08-23T21:30:22.495Z,2026-08-23 14:30:22,2026-08-23,America/Los_Angeles,disneyland,Disneyland,Tomorrowland,273,Buzz Lightyear Astro Blasters,TRUE,10,2026-08-23T21:26:18.000Z,2026-08-23 14:26:18,https://queue-times.com/parks/16/queue_times.json
2026-08-23T21:30:22.495Z,2026-08-23 14:30:22,2026-08-23,America/Los_Angeles,disneyland,Disneyland,Tomorrowland,274,Disneyland Monorail,FALSE,0,2026-08-23T21:26:18.000Z,2026-08-23 14:26:18,https://queue-times.com/parks/16/queue_times.json
2026-08-23T21:30:22.495Z,2026-08-23 14:30:22,2026-08-23,America/Los_Angeles,disneyland,Disneyland,Tomorrowland,276,Finding Nemo Submarine Voyage,TRUE,5,2026-08-23T21:26:18.000Z,2026-08-23 14:26:18,https://queue-times.com/parks/16/queue_times.json
2026-08-23T21:30:22.495Z,2026-08-23 14:30:22,2026-08-23,America/Los_Angeles,disneyland,Disneyland,Tomorrowland,16627,Pixar Short Film Spotlight,FALSE,0,2026-08-23T21:26:18.000Z,2026-08-23 14:26:18,https://queue-times.com/parks/16/queue_times.json
2026-08-23T21:30:22.495Z,2026-08-23 14:30:22,2026-08-23,America/Los_Angeles,disneyland,Disneyland,Tomorrowland,284,Space Mountain,FALSE,0,2026-08-23T21:26:18.000Z,2026-08-23 14:26:18,https://queue-times.com/parks/16/queue_times.json
2026-08-23T21:30:22.495Z,2026-08-23 14:30:22,2026-08-23,America/Los_Angeles,disneyland,Disneyland,Tomorrowland,286,Star Tours - The Adventures Continue,TRUE,5,2026-08-23T21:26:18.000Z,2026-08-23 14:26:18,https://queue-times.com/parks/16/queue_times.json
2026-08-23T21:30:22.495Z,2026-08-23 14:30:22,2026-08-23,America/Los_Angeles,dca,Disney California Adventure,Avengers Campus,329,Guardians of the Galaxy - Mission: BREAKOUT!,FALSE,0,2026-08-23T21:26:22.000Z,2026-08-23 14:26:22,https://queue-times.com/parks/17/queue_times.json
2026-08-23T21:30:22.495Z,2026-08-23 14:30:22,2026-08-23,America/Los_Angeles,dca,Disney California Adventure,Avengers Campus,8843,WEB SLINGERS: A Spider-Man Adventure,TRUE,40,2026-08-23T21:26:22.000Z,2026-08-23 14:26:22,https://queue-times.com/parks/17/queue_times.json
2026-08-23T21:30:22.495Z,2026-08-23 14:30:22,2026-08-23,America/Los_Angeles,dca,Disney California Adventure,Avengers Campus,10907,WEB SLINGERS: A Spider-Man Adventure Single Rider,TRUE,0,2026-08-23T21:26:22.000Z,2026-08-23 14:26:22,https://queue-times.com/parks/17/queue_times.json
2026-08-23T21:30:22.495Z,2026-08-23 14:30:22,2026-08-23,America/Los_Angeles,dca,Disney California Adventure,Cars Land,2608,Luigi's Honkin' Haul-O-Ween,TRUE,5,2026-08-23T21:26:22.000Z,2026-08-23 14:26:22,https://queue-times.com/parks/17/queue_times.json
2026-08-23T21:30:22.495Z,2026-08-23 14:30:22,2026-08-23,America/Los_Angeles,dca,Disney California Adventure,Cars Land,13961,Luigi's Rollickin' Roadsters,FALSE,0,2026-08-18T08:55:45.000Z,2026-08-18 01:55:45,https://queue-times.com/parks/17/queue_times.json
2026-08-23T21:30:22.495Z,2026-08-23 14:30:22,2026-08-23,America/Los_Angeles,dca,Disney California Adventure,Cars Land,315,Mater's Junkyard Jamboree,FALSE,0,2026-08-18T08:55:45.000Z,2026-08-18 01:55:45,https://queue-times.com/parks/17/queue_times.json
2026-08-23T21:30:22.495Z,2026-08-23 14:30:22,2026-08-23,America/Los_Angeles,dca,Disney California Adventure,Cars Land,295,Radiator Springs Racers,TRUE,45,2026-08-23T21:26:22.000Z,2026-08-23 14:26:22,https://queue-times.com/parks/17/queue_times.json
2026-08-23T21:30:22.495Z,2026-08-23 14:30:22,2026-08-23,America/Los_Angeles,dca,Disney California Adventure,Cars Land,10904,Radiator Springs Racers Single Rider,TRUE,0,2026-08-23T21:26:22.000Z,2026-08-23 14:26:22,https://queue-times.com/parks/17/queue_times.json
2026-08-23T21:30:22.495Z,2026-08-23 14:30:22,2026-08-23,America/Los_Angeles,dca,Disney California Adventure,Grizzly Peak,302,Grizzly River Run,TRUE,50,2026-08-23T21:26:22.000Z,2026-08-23 14:26:22,https://queue-times.com/parks/17/queue_times.json
2026-08-23T21:30:22.495Z,2026-08-23 14:30:22,2026-08-23,America/Los_Angeles,dca,Disney California Adventure,Grizzly Peak,293,Redwood Creek Challenge Trail,TRUE,5,2026-08-23T21:26:22.000Z,2026-08-23 14:26:22,https://queue-times.com/parks/17/queue_times.json
2026-08-23T21:30:22.495Z,2026-08-23 14:30:22,2026-08-23,America/Los_Angeles,dca,Disney California Adventure,Grizzly Peak,17129,Soarin’ Across America,TRUE,45,2026-08-23T21:26:22.000Z,2026-08-23 14:26:22,https://queue-times.com/parks/17/queue_times.json
2026-08-23T21:30:22.495Z,2026-08-23 14:30:22,2026-08-23,America/Los_Angeles,dca,Disney California Adventure,Hollywood Land,321,Animation Academy,TRUE,0,2026-08-23T21:26:22.000Z,2026-08-23 14:26:22,https://queue-times.com/parks/17/queue_times.json
2026-08-23T21:30:22.495Z,2026-08-23 14:30:22,2026-08-23,America/Los_Angeles,dca,Disney California Adventure,Hollywood Land,6440,Mickey's PhilharMagic,TRUE,10,2026-08-23T21:26:22.000Z,2026-08-23 14:26:22,https://queue-times.com/parks/17/queue_times.json
2026-08-23T21:30:22.495Z,2026-08-23 14:30:22,2026-08-23,America/Los_Angeles,dca,Disney California Adventure,Hollywood Land,291,"Monsters, Inc. Mike & Sulley to the Rescue!",TRUE,30,2026-08-23T21:26:22.000Z,2026-08-23 14:26:22,https://queue-times.com/parks/17/queue_times.json
2026-08-23T21:30:22.495Z,2026-08-23 14:30:22,2026-08-23,America/Los_Angeles,dca,Disney California Adventure,Hollywood Land,868,Sorcerer's Workshop,TRUE,0,2026-08-23T21:26:22.000Z,2026-08-23 14:26:22,https://queue-times.com/parks/17/queue_times.json
2026-08-23T21:30:22.495Z,2026-08-23 14:30:22,2026-08-23,America/Los_Angeles,dca,Disney California Adventure,Hollywood Land,294,Turtle Talk with Crush,TRUE,0,2026-08-23T21:26:22.000Z,2026-08-23 14:26:22,https://queue-times.com/parks/17/queue_times.json
2026-08-23T21:30:22.495Z,2026-08-23 14:30:22,2026-08-23,America/Los_Angeles,dca,Disney California Adventure,Pacific Wharf,869,The Bakery Tour,TRUE,0,2026-08-23T21:26:22.000Z,2026-08-23 14:26:22,https://queue-times.com/parks/17/queue_times.json
2026-08-23T21:30:22.495Z,2026-08-23 14:30:22,2026-08-23,America/Los_Angeles,dca,Disney California Adventure,Paradise Gardens Park,298,Golden Zephyr,FALSE,0,2026-08-23T21:26:22.000Z,2026-08-23 14:26:22,https://queue-times.com/parks/17/queue_times.json
2026-08-23T21:30:22.495Z,2026-08-23 14:30:22,2026-08-23,America/Los_Angeles,dca,Disney California Adventure,Paradise Gardens Park,319,Goofy's Sky School,TRUE,25,2026-08-23T21:26:22.000Z,2026-08-23 14:26:22,https://queue-times.com/parks/17/queue_times.json
2026-08-23T21:30:22.495Z,2026-08-23 14:30:22,2026-08-23,America/Los_Angeles,dca,Disney California Adventure,Paradise Gardens Park,301,Silly Symphony Swings,FALSE,0,2026-08-23T21:26:22.000Z,2026-08-23 14:26:22,https://queue-times.com/parks/17/queue_times.json
2026-08-23T21:30:22.495Z,2026-08-23 14:30:22,2026-08-23,America/Los_Angeles,dca,Disney California Adventure,Paradise Gardens Park,316,The Little Mermaid - Ariel's Undersea Adventure,FALSE,0,2026-08-23T21:26:22.000Z,2026-08-23 14:26:22,https://queue-times.com/parks/17/queue_times.json
2026-08-23T21:30:22.495Z,2026-08-23 14:30:22,2026-08-23,America/Los_Angeles,dca,Disney California Adventure,Paradise Gardens Park,11528,World of Color – ONE,FALSE,0,2026-08-23T21:26:22.000Z,2026-08-23 14:26:22,https://queue-times.com/parks/17/queue_times.json
2026-08-23T21:30:22.495Z,2026-08-23 14:30:22,2026-08-23,America/Los_Angeles,dca,Disney California Adventure,Pixar Pier,866,Games of Pixar Pier,TRUE,0,2026-08-23T21:26:22.000Z,2026-08-23 14:26:22,https://queue-times.com/parks/17/queue_times.json
2026-08-23T21:30:22.495Z,2026-08-23 14:30:22,2026-08-23,America/Los_Angeles,dca,Disney California Adventure,Pixar Pier,322,Incredicoaster,FALSE,0,2026-08-23T21:26:22.000Z,2026-08-23 14:26:22,https://queue-times.com/parks/17/queue_times.json
2026-08-23T21:30:22.495Z,2026-08-23 14:30:22,2026-08-23,America/Los_Angeles,dca,Disney California Adventure,Pixar Pier,10906,Incredicoaster Single Rider,FALSE,0,2026-08-23T21:26:22.000Z,2026-08-23 14:26:22,https://queue-times.com/parks/17/queue_times.json
2026-08-23T21:30:22.495Z,2026-08-23 14:30:22,2026-08-23,America/Los_Angeles,dca,Disney California Adventure,Pixar Pier,6643,Inside Out Emotional Whirlwind,TRUE,5,2026-08-23T21:26:22.000Z,2026-08-23 14:26:22,https://queue-times.com/parks/17/queue_times.json
2026-08-23T21:30:22.495Z,2026-08-23 14:30:22,2026-08-23,America/Los_Angeles,dca,Disney California Adventure,Pixar Pier,310,Jessie's Critter Carousel,TRUE,5,2026-08-23T21:26:22.000Z,2026-08-23 14:26:22,https://queue-times.com/parks/17/queue_times.json
2026-08-23T21:30:22.495Z,2026-08-23 14:30:22,2026-08-23,America/Los_Angeles,dca,Disney California Adventure,Pixar Pier,300,Jumpin' Jellyfish,TRUE,5,2026-08-23T21:26:22.000Z,2026-08-23 14:26:22,https://queue-times.com/parks/17/queue_times.json
2026-08-23T21:30:22.495Z,2026-08-23 14:30:22,2026-08-23,America/Los_Angeles,dca,Disney California Adventure,Pixar Pier,311,Pixar Pal-A-Round - Swinging,TRUE,5,2026-08-23T21:26:22.000Z,2026-08-23 14:26:22,https://queue-times.com/parks/17/queue_times.json
2026-08-23T21:30:22.495Z,2026-08-23 14:30:22,2026-08-23,America/Los_Angeles,dca,Disney California Adventure,Pixar Pier,5557,Pixar Pal-A-Round – Non-Swinging,TRUE,5,2026-08-23T21:26:22.000Z,2026-08-23 14:26:22,https://queue-times.com/parks/17/queue_times.json
2026-08-23T21:30:22.495Z,2026-08-23 14:30:22,2026-08-23,America/Los_Angeles,dca,Disney California Adventure,Pixar Pier,313,Toy Story Midway Mania!,TRUE,40,2026-08-23T21:26:22.000Z,2026-08-23 14:26:22,https://queue-times.com/parks/17/queue_times.json
2026-08-23T21:30:22.495Z,2026-08-23 14:30:22,2026-08-23,America/Los_Angeles,dca,Disney California Adventure,Halloween,5146,Guardians of the Galaxy - Monsters After Dark,TRUE,50,2026-08-23T21:26:22.000Z,2026-08-23 14:26:22,https://queue-times.com/parks/17/queue_times.json
2026-08-23T21:30:22.495Z,2026-08-23 14:30:22,2026-08-23,America/Los_Angeles,dca,Disney California Adventure,Halloween,4723,Mater's Graveyard JamBOOree,TRUE,5,2026-08-23T21:26:22.000Z,2026-08-23 14:26:22,https://queue-times.com/parks/17/queue_times.json
2026-08-23T21:30:22.495Z,2026-08-23 14:30:22,2026-08-23,America/Los_Angeles,dca,Disney California Adventure,Halloween,7292,Villains Grove at Oogie Boogie Bash,FALSE,0,2026-08-23T21:26:22.000Z,2026-08-23 14:26:22,https://queue-times.com/parks/17/queue_times.json
2026-08-23T21:45:19.767Z,2026-08-23 14:45:19,2026-08-23,America/Los_Angeles,disneyland,Disneyland,Adventureland,12428,Adventureland Treehouse inspired by Walt Disney’s Swiss Family Robinson,TRUE,0,2026-08-23T21:40:40.000Z,2026-08-23 14:40:40,https://queue-times.com/parks/16/queue_times.json
2026-08-23T21:45:19.767Z,2026-08-23 14:45:19,2026-08-23,America/Los_Angeles,disneyland,Disneyland,Adventureland,326,Indiana Jones™ Adventure,TRUE,40,2026-08-23T21:40:40.000Z,2026-08-23 14:40:40,https://queue-times.com/parks/16/queue_times.json
2026-08-23T21:45:19.767Z,2026-08-23 14:45:19,2026-08-23,America/Los_Angeles,disneyland,Disneyland,Adventureland,296,Jungle Cruise,TRUE,5,2026-08-23T21:40:40.000Z,2026-08-23 14:40:40,https://queue-times.com/parks/16/queue_times.json
2026-08-23T21:45:19.767Z,2026-08-23 14:45:19,2026-08-23,America/Los_Angeles,disneyland,Disneyland,Adventureland,288,Walt Disney's Enchanted Tiki Room,TRUE,0,2026-08-23T21:40:40.000Z,2026-08-23 14:40:40,https://queue-times.com/parks/16/queue_times.json
2026-08-23T21:45:19.767Z,2026-08-23 14:45:19,2026-08-23,America/Los_Angeles,disneyland,Disneyland,Bayou Country,304,Davy Crockett's Explorer Canoes,FALSE,0,2026-08-23T21:40:40.000Z,2026-08-23 14:40:40,https://queue-times.com/parks/16/queue_times.json
2026-08-23T21:45:19.767Z,2026-08-23 14:45:19,2026-08-23,America/Los_Angeles,disneyland,Disneyland,Bayou Country,306,The Many Adventures of Winnie the Pooh,TRUE,5,2026-08-23T21:40:40.000Z,2026-08-23 14:40:40,https://queue-times.com/parks/16/queue_times.json
2026-08-23T21:45:19.767Z,2026-08-23 14:45:19,2026-08-23,America/Los_Angeles,disneyland,Disneyland,Bayou Country,14168,Tiana's Bayou Adventure,FALSE,0,2026-08-23T21:40:40.000Z,2026-08-23 14:40:40,https://queue-times.com/parks/16/queue_times.json
2026-08-23T21:45:19.767Z,2026-08-23 14:45:19,2026-08-23,America/Los_Angeles,disneyland,Disneyland,Bayou Country,14326,Tiana's Bayou Adventure Single Rider,FALSE,0,2026-08-23T21:40:40.000Z,2026-08-23 14:40:40,https://queue-times.com/parks/16/queue_times.json
2026-08-23T21:45:19.767Z,2026-08-23 14:45:19,2026-08-23,America/Los_Angeles,disneyland,Disneyland,Fantasyland,307,"""it's a small world""",TRUE,5,2026-08-23T21:40:40.000Z,2026-08-23 14:40:40,https://queue-times.com/parks/16/queue_times.json
2026-08-23T21:45:19.767Z,2026-08-23 14:45:19,2026-08-23,America/Los_Angeles,disneyland,Disneyland,Fantasyland,285,Alice in Wonderland,TRUE,15,2026-08-23T21:40:40.000Z,2026-08-23 14:40:40,https://queue-times.com/parks/16/queue_times.json
2026-08-23T21:45:19.767Z,2026-08-23 14:45:19,2026-08-23,America/Los_Angeles,disneyland,Disneyland,Fantasyland,16254,Bluey’s Best Day Ever! at Fantasyland Theatre,TRUE,0,2026-08-23T21:40:40.000Z,2026-08-23 14:40:40,https://queue-times.com/parks/16/queue_times.json
2026-08-23T21:45:19.767Z,2026-08-23 14:45:19,2026-08-23,America/Los_Angeles,disneyland,Disneyland,Fantasyland,303,Casey Jr. Circus Train,TRUE,5,2026-08-23T21:40:40.000Z,2026-08-23 14:40:40,https://queue-times.com/parks/16/queue_times.json
2026-08-23T21:45:19.767Z,2026-08-23 14:45:19,2026-08-23,America/Los_Angeles,disneyland,Disneyland,Fantasyland,275,Dumbo the Flying Elephant,TRUE,5,2026-08-23T21:40:40.000Z,2026-08-23 14:40:40,https://queue-times.com/parks/16/queue_times.json
2026-08-23T21:45:19.767Z,2026-08-23 14:45:19,2026-08-23,America/Los_Angeles,disneyland,Disneyland,Fantasyland,277,King Arthur Carrousel,TRUE,5,2026-08-23T21:40:40.000Z,2026-08-23 14:40:40,https://queue-times.com/parks/16/queue_times.json
2026-08-23T21:45:19.767Z,2026-08-23 14:45:19,2026-08-23,America/Los_Angeles,disneyland,Disneyland,Fantasyland,278,Mad Tea Party,TRUE,5,2026-08-23T21:40:40.000Z,2026-08-23 14:40:40,https://queue-times.com/parks/16/queue_times.json
2026-08-23T21:45:19.767Z,2026-08-23 14:45:19,2026-08-23,America/Los_Angeles,disneyland,Disneyland,Fantasyland,279,Matterhorn Bobsleds,TRUE,15,2026-08-23T21:40:40.000Z,2026-08-23 14:40:40,https://queue-times.com/parks/16/queue_times.json
2026-08-23T21:45:19.767Z,2026-08-23 14:45:19,2026-08-23,America/Los_Angeles,disneyland,Disneyland,Fantasyland,6711,Meet Disney Princesses at Royal Hall,TRUE,15,2026-08-23T21:40:40.000Z,2026-08-23 14:40:40,https://queue-times.com/parks/16/queue_times.json
2026-08-23T21:45:19.767Z,2026-08-23 14:45:19,2026-08-23,America/Los_Angeles,disneyland,Disneyland,Fantasyland,280,Mr. Toad's Wild Ride,TRUE,5,2026-08-23T21:40:40.000Z,2026-08-23 14:40:40,https://queue-times.com/parks/16/queue_times.json
2026-08-23T21:45:19.767Z,2026-08-23 14:45:19,2026-08-23,America/Los_Angeles,disneyland,Disneyland,Fantasyland,281,Peter Pan's Flight,TRUE,15,2026-08-23T21:40:40.000Z,2026-08-23 14:40:40,https://queue-times.com/parks/16/queue_times.json
2026-08-23T21:45:19.767Z,2026-08-23 14:45:19,2026-08-23,America/Los_Angeles,disneyland,Disneyland,Fantasyland,282,Pinocchio's Daring Journey,TRUE,10,2026-08-23T21:40:40.000Z,2026-08-23 14:40:40,https://queue-times.com/parks/16/queue_times.json
2026-08-23T21:45:19.767Z,2026-08-23 14:45:19,2026-08-23,America/Los_Angeles,disneyland,Disneyland,Fantasyland,687,Sleeping Beauty Castle Walkthrough,FALSE,0,2026-08-23T21:40:40.000Z,2026-08-23 14:40:40,https://queue-times.com/parks/16/queue_times.json
2026-08-23T21:45:19.767Z,2026-08-23 14:45:19,2026-08-23,America/Los_Angeles,disneyland,Disneyland,Fantasyland,283,Snow White's Enchanted Wish,TRUE,10,2026-08-23T21:40:40.000Z,2026-08-23 14:40:40,https://queue-times.com/parks/16/queue_times.json
2026-08-23T21:45:19.767Z,2026-08-23 14:45:19,2026-08-23,America/Los_Angeles,disneyland,Disneyland,Fantasyland,305,Storybook Land Canal Boats,TRUE,10,2026-08-23T21:40:40.000Z,2026-08-23 14:40:40,https://queue-times.com/parks/16/queue_times.json
2026-08-23T21:45:19.767Z,2026-08-23 14:45:19,2026-08-23,America/Los_Angeles,disneyland,Disneyland,Frontierland,323,Big Thunder Mountain Railroad,TRUE,15,2026-08-23T21:40:40.000Z,2026-08-23 14:40:40,https://queue-times.com/parks/16/queue_times.json
2026-08-23T21:45:19.767Z,2026-08-23 14:45:19,2026-08-23,America/Los_Angeles,disneyland,Disneyland,Frontierland,679,Frontierland Shootin' Exposition,FALSE,0,2026-08-23T21:40:40.000Z,2026-08-23 14:40:40,https://queue-times.com/parks/16/queue_times.json
2026-08-23T21:45:19.767Z,2026-08-23 14:45:19,2026-08-23,America/Los_Angeles,disneyland,Disneyland,Frontierland,456,Mark Twain Riverboat,TRUE,10,2026-08-23T21:40:40.000Z,2026-08-23 14:40:40,https://queue-times.com/parks/16/queue_times.json
2026-08-23T21:45:19.767Z,2026-08-23 14:45:19,2026-08-23,America/Los_Angeles,disneyland,Disneyland,Frontierland,331,Pirate's Lair on Tom Sawyer Island,TRUE,5,2026-08-23T21:40:40.000Z,2026-08-23 14:40:40,https://queue-times.com/parks/16/queue_times.json
2026-08-23T21:45:19.767Z,2026-08-23 14:45:19,2026-08-23,America/Los_Angeles,disneyland,Disneyland,Frontierland,328,Sailing Ship Columbia,FALSE,0,2026-08-23T21:40:40.000Z,2026-08-23 14:40:40,https://queue-times.com/parks/16/queue_times.json
2026-08-23T21:45:19.767Z,2026-08-23 14:45:19,2026-08-23,America/Los_Angeles,disneyland,Disneyland,Main Street U.S.A,674,Disneyland Railroad,FALSE,0,2026-08-23T21:40:40.000Z,2026-08-23 14:40:40,https://queue-times.com/parks/16/queue_times.json
2026-08-23T21:45:19.767Z,2026-08-23 14:45:19,2026-08-23,America/Los_Angeles,disneyland,Disneyland,Main Street U.S.A,690,Great Moments with Mr. Lincoln,FALSE,0,2026-08-23T21:40:40.000Z,2026-08-23 14:40:40,https://queue-times.com/parks/16/queue_times.json
2026-08-23T21:45:19.767Z,2026-08-23 14:45:19,2026-08-23,America/Los_Angeles,disneyland,Disneyland,Main Street U.S.A,686,Main Street Cinema,FALSE,0,2026-08-23T21:40:40.000Z,2026-08-23 14:40:40,https://queue-times.com/parks/16/queue_times.json
2026-08-23T21:45:19.767Z,2026-08-23 14:45:19,2026-08-23,America/Los_Angeles,disneyland,Disneyland,Main Street U.S.A,691,Main Street Vehicles,TRUE,0,2026-08-23T21:40:40.000Z,2026-08-23 14:40:40,https://queue-times.com/parks/16/queue_times.json
2026-08-23T21:45:19.767Z,2026-08-23 14:45:19,2026-08-23,America/Los_Angeles,disneyland,Disneyland,Main Street U.S.A,14915,Opera House - Walt Disney - A Magical Life,TRUE,0,2026-08-23T21:40:40.000Z,2026-08-23 14:40:40,https://queue-times.com/parks/16/queue_times.json
2026-08-23T21:45:19.767Z,2026-08-23 14:45:19,2026-08-23,America/Los_Angeles,disneyland,Disneyland,Main Street U.S.A,695,The Disney Gallery,TRUE,0,2026-08-23T21:40:40.000Z,2026-08-23 14:40:40,https://queue-times.com/parks/16/queue_times.json
2026-08-23T21:45:19.767Z,2026-08-23 14:45:19,2026-08-23,America/Los_Angeles,disneyland,Disneyland,Main Street U.S.A,14923,Walt Disney - A Magical Life,TRUE,0,2026-08-23T21:40:40.000Z,2026-08-23 14:40:40,https://queue-times.com/parks/16/queue_times.json
2026-08-23T21:45:19.767Z,2026-08-23 14:45:19,2026-08-23,America/Los_Angeles,disneyland,Disneyland,Mickey's Toontown,324,Chip 'n' Dale's GADGETcoaster,TRUE,10,2026-08-23T21:40:40.000Z,2026-08-23 14:40:40,https://queue-times.com/parks/16/queue_times.json
2026-08-23T21:45:19.767Z,2026-08-23 14:45:19,2026-08-23,America/Los_Angeles,disneyland,Disneyland,Mickey's Toontown,13814,Donald's Duck Pond,TRUE,0,2026-08-23T21:40:40.000Z,2026-08-23 14:40:40,https://queue-times.com/parks/16/queue_times.json
2026-08-23T21:45:19.767Z,2026-08-23 14:45:19,2026-08-23,America/Los_Angeles,disneyland,Disneyland,Mickey's Toontown,11980,Goofy's How-to-Play Yard,TRUE,0,2026-08-23T21:40:40.000Z,2026-08-23 14:40:40,https://queue-times.com/parks/16/queue_times.json
2026-08-23T21:45:19.767Z,2026-08-23 14:45:19,2026-08-23,America/Los_Angeles,disneyland,Disneyland,Mickey's Toontown,11526,Mickey & Minnie's Runaway Railway,TRUE,20,2026-08-23T21:40:40.000Z,2026-08-23 14:40:40,https://queue-times.com/parks/16/queue_times.json
2026-08-23T21:45:19.767Z,2026-08-23 14:45:19,2026-08-23,America/Los_Angeles,disneyland,Disneyland,Mickey's Toontown,709,Mickey's House and Meet Mickey Mouse,TRUE,15,2026-08-23T21:40:40.000Z,2026-08-23 14:40:40,https://queue-times.com/parks/16/queue_times.json
2026-08-23T21:45:19.767Z,2026-08-23 14:45:19,2026-08-23,America/Los_Angeles,disneyland,Disneyland,Mickey's Toontown,327,Mickey's House and Meet Mickey Mouse,FALSE,0,2026-08-23T21:40:40.000Z,2026-08-23 14:40:40,https://queue-times.com/parks/16/queue_times.json
2026-08-23T21:45:19.767Z,2026-08-23 14:45:19,2026-08-23,America/Los_Angeles,disneyland,Disneyland,Mickey's Toontown,684,Minnie's House,TRUE,0,2026-08-23T21:40:40.000Z,2026-08-23 14:40:40,https://queue-times.com/parks/16/queue_times.json
2026-08-23T21:45:19.767Z,2026-08-23 14:45:19,2026-08-23,America/Los_Angeles,disneyland,Disneyland,Mickey's Toontown,332,Roger Rabbit's Car Toon Spin,TRUE,30,2026-08-23T21:40:40.000Z,2026-08-23 14:40:40,https://queue-times.com/parks/16/queue_times.json
2026-08-23T21:45:19.767Z,2026-08-23 14:45:19,2026-08-23,America/Los_Angeles,disneyland,Disneyland,New Orleans Square,13958,Haunted Mansion,FALSE,0,2026-08-21T05:25:59.000Z,2026-08-20 22:25:59,https://queue-times.com/parks/16/queue_times.json
2026-08-23T21:45:19.767Z,2026-08-23 14:45:19,2026-08-23,America/Los_Angeles,disneyland,Disneyland,New Orleans Square,325,Haunted Mansion Holiday,FALSE,0,2026-08-23T21:40:40.000Z,2026-08-23 14:40:40,https://queue-times.com/parks/16/queue_times.json
2026-08-23T21:45:19.767Z,2026-08-23 14:45:19,2026-08-23,America/Los_Angeles,disneyland,Disneyland,New Orleans Square,289,Pirates of the Caribbean,TRUE,10,2026-08-23T21:40:40.000Z,2026-08-23 14:40:40,https://queue-times.com/parks/16/queue_times.json
2026-08-23T21:45:19.767Z,2026-08-23 14:45:19,2026-08-23,America/Los_Angeles,disneyland,Disneyland,Star Wars: Galaxy's Edge,6339,Millennium Falcon: Smugglers Run,TRUE,10,2026-08-23T21:40:40.000Z,2026-08-23 14:40:40,https://queue-times.com/parks/16/queue_times.json
2026-08-23T21:45:19.767Z,2026-08-23 14:45:19,2026-08-23,America/Los_Angeles,disneyland,Disneyland,Star Wars: Galaxy's Edge,10903,Millennium Falcon: Smugglers Run Single Rider,TRUE,0,2026-08-23T21:40:40.000Z,2026-08-23 14:40:40,https://queue-times.com/parks/16/queue_times.json
2026-08-23T21:45:19.767Z,2026-08-23 14:45:19,2026-08-23,America/Los_Angeles,disneyland,Disneyland,Star Wars: Galaxy's Edge,6340,Star Wars: Rise of the Resistance,TRUE,25,2026-08-23T21:40:40.000Z,2026-08-23 14:40:40,https://queue-times.com/parks/16/queue_times.json
2026-08-23T21:45:19.767Z,2026-08-23 14:45:19,2026-08-23,America/Los_Angeles,disneyland,Disneyland,Tomorrowland,287,Astro Orbitor,TRUE,5,2026-08-23T21:40:40.000Z,2026-08-23 14:40:40,https://queue-times.com/parks/16/queue_times.json
2026-08-23T21:45:19.767Z,2026-08-23 14:45:19,2026-08-23,America/Los_Angeles,disneyland,Disneyland,Tomorrowland,317,Autopia,TRUE,10,2026-08-23T21:40:40.000Z,2026-08-23 14:40:40,https://queue-times.com/parks/16/queue_times.json
2026-08-23T21:45:19.767Z,2026-08-23 14:45:19,2026-08-23,America/Los_Angeles,disneyland,Disneyland,Tomorrowland,273,Buzz Lightyear Astro Blasters,TRUE,10,2026-08-23T21:40:40.000Z,2026-08-23 14:40:40,https://queue-times.com/parks/16/queue_times.json
2026-08-23T21:45:19.767Z,2026-08-23 14:45:19,2026-08-23,America/Los_Angeles,disneyland,Disneyland,Tomorrowland,274,Disneyland Monorail,FALSE,0,2026-08-23T21:40:40.000Z,2026-08-23 14:40:40,https://queue-times.com/parks/16/queue_times.json
2026-08-23T21:45:19.767Z,2026-08-23 14:45:19,2026-08-23,America/Los_Angeles,disneyland,Disneyland,Tomorrowland,276,Finding Nemo Submarine Voyage,FALSE,0,2026-08-23T21:40:40.000Z,2026-08-23 14:40:40,https://queue-times.com/parks/16/queue_times.json
2026-08-23T21:45:19.767Z,2026-08-23 14:45:19,2026-08-23,America/Los_Angeles,disneyland,Disneyland,Tomorrowland,16627,Pixar Short Film Spotlight,FALSE,0,2026-08-23T21:40:40.000Z,2026-08-23 14:40:40,https://queue-times.com/parks/16/queue_times.json
2026-08-23T21:45:19.767Z,2026-08-23 14:45:19,2026-08-23,America/Los_Angeles,disneyland,Disneyland,Tomorrowland,284,Space Mountain,TRUE,25,2026-08-23T21:40:40.000Z,2026-08-23 14:40:40,https://queue-times.com/parks/16/queue_times.json
2026-08-23T21:45:19.767Z,2026-08-23 14:45:19,2026-08-23,America/Los_Angeles,disneyland,Disneyland,Tomorrowland,286,Star Tours - The Adventures Continue,TRUE,5,2026-08-23T21:40:40.000Z,2026-08-23 14:40:40,https://queue-times.com/parks/16/queue_times.json
2026-08-23T21:45:19.767Z,2026-08-23 14:45:19,2026-08-23,America/Los_Angeles,dca,Disney California Adventure,Avengers Campus,329,Guardians of the Galaxy - Mission: BREAKOUT!,FALSE,0,2026-08-23T21:40:48.000Z,2026-08-23 14:40:48,https://queue-times.com/parks/17/queue_times.json
2026-08-23T21:45:19.767Z,2026-08-23 14:45:19,2026-08-23,America/Los_Angeles,dca,Disney California Adventure,Avengers Campus,8843,WEB SLINGERS: A Spider-Man Adventure,TRUE,35,2026-08-23T21:40:48.000Z,2026-08-23 14:40:48,https://queue-times.com/parks/17/queue_times.json
2026-08-23T21:45:19.767Z,2026-08-23 14:45:19,2026-08-23,America/Los_Angeles,dca,Disney California Adventure,Avengers Campus,10907,WEB SLINGERS: A Spider-Man Adventure Single Rider,TRUE,0,2026-08-23T21:40:48.000Z,2026-08-23 14:40:48,https://queue-times.com/parks/17/queue_times.json
2026-08-23T21:45:19.767Z,2026-08-23 14:45:19,2026-08-23,America/Los_Angeles,dca,Disney California Adventure,Cars Land,2608,Luigi's Honkin' Haul-O-Ween,TRUE,5,2026-08-23T21:40:48.000Z,2026-08-23 14:40:48,https://queue-times.com/parks/17/queue_times.json
2026-08-23T21:45:19.767Z,2026-08-23 14:45:19,2026-08-23,America/Los_Angeles,dca,Disney California Adventure,Cars Land,13961,Luigi's Rollickin' Roadsters,FALSE,0,2026-08-18T08:55:45.000Z,2026-08-18 01:55:45,https://queue-times.com/parks/17/queue_times.json
2026-08-23T21:45:19.767Z,2026-08-23 14:45:19,2026-08-23,America/Los_Angeles,dca,Disney California Adventure,Cars Land,315,Mater's Junkyard Jamboree,FALSE,0,2026-08-18T08:55:45.000Z,2026-08-18 01:55:45,https://queue-times.com/parks/17/queue_times.json
2026-08-23T21:45:19.767Z,2026-08-23 14:45:19,2026-08-23,America/Los_Angeles,dca,Disney California Adventure,Cars Land,295,Radiator Springs Racers,TRUE,45,2026-08-23T21:40:48.000Z,2026-08-23 14:40:48,https://queue-times.com/parks/17/queue_times.json
2026-08-23T21:45:19.767Z,2026-08-23 14:45:19,2026-08-23,America/Los_Angeles,dca,Disney California Adventure,Cars Land,10904,Radiator Springs Racers Single Rider,TRUE,0,2026-08-23T21:40:48.000Z,2026-08-23 14:40:48,https://queue-times.com/parks/17/queue_times.json
2026-08-23T21:45:19.767Z,2026-08-23 14:45:19,2026-08-23,America/Los_Angeles,dca,Disney California Adventure,Grizzly Peak,302,Grizzly River Run,TRUE,50,2026-08-23T21:40:48.000Z,2026-08-23 14:40:48,https://queue-times.com/parks/17/queue_times.json
2026-08-23T21:45:19.767Z,2026-08-23 14:45:19,2026-08-23,America/Los_Angeles,dca,Disney California Adventure,Grizzly Peak,293,Redwood Creek Challenge Trail,TRUE,5,2026-08-23T21:40:48.000Z,2026-08-23 14:40:48,https://queue-times.com/parks/17/queue_times.json
2026-08-23T21:45:19.767Z,2026-08-23 14:45:19,2026-08-23,America/Los_Angeles,dca,Disney California Adventure,Grizzly Peak,17129,Soarin’ Across America,TRUE,65,2026-08-23T21:40:48.000Z,2026-08-23 14:40:48,https://queue-times.com/parks/17/queue_times.json
2026-08-23T21:45:19.767Z,2026-08-23 14:45:19,2026-08-23,America/Los_Angeles,dca,Disney California Adventure,Hollywood Land,321,Animation Academy,TRUE,0,2026-08-23T21:40:48.000Z,2026-08-23 14:40:48,https://queue-times.com/parks/17/queue_times.json
2026-08-23T21:45:19.767Z,2026-08-23 14:45:19,2026-08-23,America/Los_Angeles,dca,Disney California Adventure,Hollywood Land,6440,Mickey's PhilharMagic,TRUE,10,2026-08-23T21:40:48.000Z,2026-08-23 14:40:48,https://queue-times.com/parks/17/queue_times.json
2026-08-23T21:45:19.767Z,2026-08-23 14:45:19,2026-08-23,America/Los_Angeles,dca,Disney California Adventure,Hollywood Land,291,"Monsters, Inc. Mike & Sulley to the Rescue!",TRUE,20,2026-08-23T21:40:48.000Z,2026-08-23 14:40:48,https://queue-times.com/parks/17/queue_times.json
2026-08-23T21:45:19.767Z,2026-08-23 14:45:19,2026-08-23,America/Los_Angeles,dca,Disney California Adventure,Hollywood Land,868,Sorcerer's Workshop,TRUE,0,2026-08-23T21:40:48.000Z,2026-08-23 14:40:48,https://queue-times.com/parks/17/queue_times.json
2026-08-23T21:45:19.767Z,2026-08-23 14:45:19,2026-08-23,America/Los_Angeles,dca,Disney California Adventure,Hollywood Land,294,Turtle Talk with Crush,TRUE,0,2026-08-23T21:40:48.000Z,2026-08-23 14:40:48,https://queue-times.com/parks/17/queue_times.json
2026-08-23T21:45:19.767Z,2026-08-23 14:45:19,2026-08-23,America/Los_Angeles,dca,Disney California Adventure,Pacific Wharf,869,The Bakery Tour,TRUE,0,2026-08-23T21:40:48.000Z,2026-08-23 14:40:48,https://queue-times.com/parks/17/queue_times.json
2026-08-23T21:45:19.767Z,2026-08-23 14:45:19,2026-08-23,America/Los_Angeles,dca,Disney California Adventure,Paradise Gardens Park,298,Golden Zephyr,FALSE,0,2026-08-23T21:40:48.000Z,2026-08-23 14:40:48,https://queue-times.com/parks/17/queue_times.json
2026-08-23T21:45:19.767Z,2026-08-23 14:45:19,2026-08-23,America/Los_Angeles,dca,Disney California Adventure,Paradise Gardens Park,319,Goofy's Sky School,FALSE,0,2026-08-23T21:40:48.000Z,2026-08-23 14:40:48,https://queue-times.com/parks/17/queue_times.json
2026-08-23T21:45:19.767Z,2026-08-23 14:45:19,2026-08-23,America/Los_Angeles,dca,Disney California Adventure,Paradise Gardens Park,301,Silly Symphony Swings,FALSE,0,2026-08-23T21:40:48.000Z,2026-08-23 14:40:48,https://queue-times.com/parks/17/queue_times.json
2026-08-23T21:45:19.767Z,2026-08-23 14:45:19,2026-08-23,America/Los_Angeles,dca,Disney California Adventure,Paradise Gardens Park,316,The Little Mermaid - Ariel's Undersea Adventure,FALSE,0,2026-08-23T21:40:48.000Z,2026-08-23 14:40:48,https://queue-times.com/parks/17/queue_times.json
2026-08-23T21:45:19.767Z,2026-08-23 14:45:19,2026-08-23,America/Los_Angeles,dca,Disney California Adventure,Paradise Gardens Park,11528,World of Color – ONE,FALSE,0,2026-08-23T21:40:48.000Z,2026-08-23 14:40:48,https://queue-times.com/parks/17/queue_times.json
2026-08-23T21:45:19.767Z,2026-08-23 14:45:19,2026-08-23,America/Los_Angeles,dca,Disney California Adventure,Pixar Pier,866,Games of Pixar Pier,TRUE,0,2026-08-23T21:40:48.000Z,2026-08-23 14:40:48,https://queue-times.com/parks/17/queue_times.json
2026-08-23T21:45:19.767Z,2026-08-23 14:45:19,2026-08-23,America/Los_Angeles,dca,Disney California Adventure,Pixar Pier,322,Incredicoaster,FALSE,0,2026-08-23T21:40:48.000Z,2026-08-23 14:40:48,https://queue-times.com/parks/17/queue_times.json
2026-08-23T21:45:19.767Z,2026-08-23 14:45:19,2026-08-23,America/Los_Angeles,dca,Disney California Adventure,Pixar Pier,10906,Incredicoaster Single Rider,FALSE,0,2026-08-23T21:40:48.000Z,2026-08-23 14:40:48,https://queue-times.com/parks/17/queue_times.json
2026-08-23T21:45:19.767Z,2026-08-23 14:45:19,2026-08-23,America/Los_Angeles,dca,Disney California Adventure,Pixar Pier,6643,Inside Out Emotional Whirlwind,TRUE,5,2026-08-23T21:40:48.000Z,2026-08-23 14:40:48,https://queue-times.com/parks/17/queue_times.json
2026-08-23T21:45:19.767Z,2026-08-23 14:45:19,2026-08-23,America/Los_Angeles,dca,Disney California Adventure,Pixar Pier,310,Jessie's Critter Carousel,TRUE,5,2026-08-23T21:40:48.000Z,2026-08-23 14:40:48,https://queue-times.com/parks/17/queue_times.json
2026-08-23T21:45:19.767Z,2026-08-23 14:45:19,2026-08-23,America/Los_Angeles,dca,Disney California Adventure,Pixar Pier,300,Jumpin' Jellyfish,TRUE,5,2026-08-23T21:40:48.000Z,2026-08-23 14:40:48,https://queue-times.com/parks/17/queue_times.json
2026-08-23T21:45:19.767Z,2026-08-23 14:45:19,2026-08-23,America/Los_Angeles,dca,Disney California Adventure,Pixar Pier,311,Pixar Pal-A-Round - Swinging,TRUE,5,2026-08-23T21:40:48.000Z,2026-08-23 14:40:48,https://queue-times.com/parks/17/queue_times.json
2026-08-23T21:45:19.767Z,2026-08-23 14:45:19,2026-08-23,America/Los_Angeles,dca,Disney California Adventure,Pixar Pier,5557,Pixar Pal-A-Round – Non-Swinging,TRUE,5,2026-08-23T21:40:48.000Z,2026-08-23 14:40:48,https://queue-times.com/parks/17/queue_times.json
2026-08-23T21:45:19.767Z,2026-08-23 14:45:19,2026-08-23,America/Los_Angeles,dca,Disney California Adventure,Pixar Pier,313,Toy Story Midway Mania!,TRUE,40,2026-08-23T21:40:48.000Z,2026-08-23 14:40:48,https://queue-times.com/parks/17/queue_times.json
2026-08-23T21:45:19.767Z,2026-08-23 14:45:19,2026-08-23,America/Los_Angeles,dca,Disney California Adventure,Halloween,5146,Guardians of the Galaxy - Monsters After Dark,TRUE,50,2026-08-23T21:40:48.000Z,2026-08-23 14:40:48,https://queue-times.com/parks/17/queue_times.json
2026-08-23T21:45:19.767Z,2026-08-23 14:45:19,2026-08-23,America/Los_Angeles,dca,Disney California Adventure,Halloween,4723,Mater's Graveyard JamBOOree,TRUE,5,2026-08-23T21:40:48.000Z,2026-08-23 14:40:48,https://queue-times.com/parks/17/queue_times.json
2026-08-23T21:45:19.767Z,2026-08-23 14:45:19,2026-08-23,America/Los_Angeles,dca,Disney California Adventure,Halloween,7292,Villains Grove at Oogie Boogie Bash,FALSE,0,2026-08-23T21:40:48.000Z,2026-08-23 14:40:48,https://queue-times.com/parks/17/queue_times.json
2026-08-23T21:53:48.098Z,2026-08-23 14:53:48,2026-08-23,America/Los_Angeles,disneyland,Disneyland,Adventureland,12428,Adventureland Treehouse inspired by Walt Disney’s Swiss Family Robinson,TRUE,0,2026-08-23T21:51:04.000Z,2026-08-23 14:51:04,https://queue-times.com/parks/16/queue_times.json
2026-08-23T21:53:48.098Z,2026-08-23 14:53:48,2026-08-23,America/Los_Angeles,disneyland,Disneyland,Adventureland,326,Indiana Jones™ Adventure,TRUE,40,2026-08-23T21:51:04.000Z,2026-08-23 14:51:04,https://queue-times.com/parks/16/queue_times.json
2026-08-23T21:53:48.098Z,2026-08-23 14:53:48,2026-08-23,America/Los_Angeles,disneyland,Disneyland,Adventureland,296,Jungle Cruise,TRUE,5,2026-08-23T21:51:04.000Z,2026-08-23 14:51:04,https://queue-times.com/parks/16/queue_times.json
2026-08-23T21:53:48.098Z,2026-08-23 14:53:48,2026-08-23,America/Los_Angeles,disneyland,Disneyland,Adventureland,288,Walt Disney's Enchanted Tiki Room,TRUE,0,2026-08-23T21:51:04.000Z,2026-08-23 14:51:04,https://queue-times.com/parks/16/queue_times.json
2026-08-23T21:53:48.098Z,2026-08-23 14:53:48,2026-08-23,America/Los_Angeles,disneyland,Disneyland,Bayou Country,304,Davy Crockett's Explorer Canoes,FALSE,0,2026-08-23T21:51:04.000Z,2026-08-23 14:51:04,https://queue-times.com/parks/16/queue_times.json
2026-08-23T21:53:48.098Z,2026-08-23 14:53:48,2026-08-23,America/Los_Angeles,disneyland,Disneyland,Bayou Country,306,The Many Adventures of Winnie the Pooh,TRUE,15,2026-08-23T21:51:04.000Z,2026-08-23 14:51:04,https://queue-times.com/parks/16/queue_times.json
2026-08-23T21:53:48.098Z,2026-08-23 14:53:48,2026-08-23,America/Los_Angeles,disneyland,Disneyland,Bayou Country,14168,Tiana's Bayou Adventure,FALSE,0,2026-08-23T21:51:04.000Z,2026-08-23 14:51:04,https://queue-times.com/parks/16/queue_times.json
2026-08-23T21:53:48.098Z,2026-08-23 14:53:48,2026-08-23,America/Los_Angeles,disneyland,Disneyland,Bayou Country,14326,Tiana's Bayou Adventure Single Rider,FALSE,0,2026-08-23T21:51:04.000Z,2026-08-23 14:51:04,https://queue-times.com/parks/16/queue_times.json
2026-08-23T21:53:48.098Z,2026-08-23 14:53:48,2026-08-23,America/Los_Angeles,disneyland,Disneyland,Fantasyland,307,"""it's a small world""",FALSE,0,2026-08-23T21:51:04.000Z,2026-08-23 14:51:04,https://queue-times.com/parks/16/queue_times.json
2026-08-23T21:53:48.098Z,2026-08-23 14:53:48,2026-08-23,America/Los_Angeles,disneyland,Disneyland,Fantasyland,285,Alice in Wonderland,TRUE,15,2026-08-23T21:51:04.000Z,2026-08-23 14:51:04,https://queue-times.com/parks/16/queue_times.json
2026-08-23T21:53:48.098Z,2026-08-23 14:53:48,2026-08-23,America/Los_Angeles,disneyland,Disneyland,Fantasyland,16254,Bluey’s Best Day Ever! at Fantasyland Theatre,TRUE,0,2026-08-23T21:51:04.000Z,2026-08-23 14:51:04,https://queue-times.com/parks/16/queue_times.json
2026-08-23T21:53:48.098Z,2026-08-23 14:53:48,2026-08-23,America/Los_Angeles,disneyland,Disneyland,Fantasyland,303,Casey Jr. Circus Train,TRUE,5,2026-08-23T21:51:04.000Z,2026-08-23 14:51:04,https://queue-times.com/parks/16/queue_times.json
2026-08-23T21:53:48.098Z,2026-08-23 14:53:48,2026-08-23,America/Los_Angeles,disneyland,Disneyland,Fantasyland,275,Dumbo the Flying Elephant,TRUE,5,2026-08-23T21:51:04.000Z,2026-08-23 14:51:04,https://queue-times.com/parks/16/queue_times.json
2026-08-23T21:53:48.098Z,2026-08-23 14:53:48,2026-08-23,America/Los_Angeles,disneyland,Disneyland,Fantasyland,277,King Arthur Carrousel,TRUE,5,2026-08-23T21:51:04.000Z,2026-08-23 14:51:04,https://queue-times.com/parks/16/queue_times.json
2026-08-23T21:53:48.098Z,2026-08-23 14:53:48,2026-08-23,America/Los_Angeles,disneyland,Disneyland,Fantasyland,278,Mad Tea Party,TRUE,5,2026-08-23T21:51:04.000Z,2026-08-23 14:51:04,https://queue-times.com/parks/16/queue_times.json
2026-08-23T21:53:48.098Z,2026-08-23 14:53:48,2026-08-23,America/Los_Angeles,disneyland,Disneyland,Fantasyland,279,Matterhorn Bobsleds,TRUE,5,2026-08-23T21:51:04.000Z,2026-08-23 14:51:04,https://queue-times.com/parks/16/queue_times.json
2026-08-23T21:53:48.098Z,2026-08-23 14:53:48,2026-08-23,America/Los_Angeles,disneyland,Disneyland,Fantasyland,6711,Meet Disney Princesses at Royal Hall,TRUE,15,2026-08-23T21:51:04.000Z,2026-08-23 14:51:04,https://queue-times.com/parks/16/queue_times.json
2026-08-23T21:53:48.098Z,2026-08-23 14:53:48,2026-08-23,America/Los_Angeles,disneyland,Disneyland,Fantasyland,280,Mr. Toad's Wild Ride,TRUE,5,2026-08-23T21:51:04.000Z,2026-08-23 14:51:04,https://queue-times.com/parks/16/queue_times.json
2026-08-23T21:53:48.098Z,2026-08-23 14:53:48,2026-08-23,America/Los_Angeles,disneyland,Disneyland,Fantasyland,281,Peter Pan's Flight,TRUE,15,2026-08-23T21:51:04.000Z,2026-08-23 14:51:04,https://queue-times.com/parks/16/queue_times.json
2026-08-23T21:53:48.098Z,2026-08-23 14:53:48,2026-08-23,America/Los_Angeles,disneyland,Disneyland,Fantasyland,282,Pinocchio's Daring Journey,TRUE,10,2026-08-23T21:51:04.000Z,2026-08-23 14:51:04,https://queue-times.com/parks/16/queue_times.json
2026-08-23T21:53:48.098Z,2026-08-23 14:53:48,2026-08-23,America/Los_Angeles,disneyland,Disneyland,Fantasyland,687,Sleeping Beauty Castle Walkthrough,FALSE,0,2026-08-23T21:51:04.000Z,2026-08-23 14:51:04,https://queue-times.com/parks/16/queue_times.json
2026-08-23T21:53:48.098Z,2026-08-23 14:53:48,2026-08-23,America/Los_Angeles,disneyland,Disneyland,Fantasyland,283,Snow White's Enchanted Wish,TRUE,10,2026-08-23T21:51:04.000Z,2026-08-23 14:51:04,https://queue-times.com/parks/16/queue_times.json
2026-08-23T21:53:48.098Z,2026-08-23 14:53:48,2026-08-23,America/Los_Angeles,disneyland,Disneyland,Fantasyland,305,Storybook Land Canal Boats,TRUE,10,2026-08-23T21:51:04.000Z,2026-08-23 14:51:04,https://queue-times.com/parks/16/queue_times.json
2026-08-23T21:53:48.098Z,2026-08-23 14:53:48,2026-08-23,America/Los_Angeles,disneyland,Disneyland,Frontierland,323,Big Thunder Mountain Railroad,TRUE,15,2026-08-23T21:51:04.000Z,2026-08-23 14:51:04,https://queue-times.com/parks/16/queue_times.json
2026-08-23T21:53:48.098Z,2026-08-23 14:53:48,2026-08-23,America/Los_Angeles,disneyland,Disneyland,Frontierland,679,Frontierland Shootin' Exposition,FALSE,0,2026-08-23T21:51:04.000Z,2026-08-23 14:51:04,https://queue-times.com/parks/16/queue_times.json
2026-08-23T21:53:48.098Z,2026-08-23 14:53:48,2026-08-23,America/Los_Angeles,disneyland,Disneyland,Frontierland,456,Mark Twain Riverboat,TRUE,10,2026-08-23T21:51:04.000Z,2026-08-23 14:51:04,https://queue-times.com/parks/16/queue_times.json
2026-08-23T21:53:48.098Z,2026-08-23 14:53:48,2026-08-23,America/Los_Angeles,disneyland,Disneyland,Frontierland,331,Pirate's Lair on Tom Sawyer Island,TRUE,5,2026-08-23T21:51:04.000Z,2026-08-23 14:51:04,https://queue-times.com/parks/16/queue_times.json
2026-08-23T21:53:48.098Z,2026-08-23 14:53:48,2026-08-23,America/Los_Angeles,disneyland,Disneyland,Frontierland,328,Sailing Ship Columbia,FALSE,0,2026-08-23T21:51:04.000Z,2026-08-23 14:51:04,https://queue-times.com/parks/16/queue_times.json
2026-08-23T21:53:48.098Z,2026-08-23 14:53:48,2026-08-23,America/Los_Angeles,disneyland,Disneyland,Main Street U.S.A,674,Disneyland Railroad,FALSE,0,2026-08-23T21:51:04.000Z,2026-08-23 14:51:04,https://queue-times.com/parks/16/queue_times.json
2026-08-23T21:53:48.098Z,2026-08-23 14:53:48,2026-08-23,America/Los_Angeles,disneyland,Disneyland,Main Street U.S.A,690,Great Moments with Mr. Lincoln,FALSE,0,2026-08-23T21:51:04.000Z,2026-08-23 14:51:04,https://queue-times.com/parks/16/queue_times.json
2026-08-23T21:53:48.098Z,2026-08-23 14:53:48,2026-08-23,America/Los_Angeles,disneyland,Disneyland,Main Street U.S.A,686,Main Street Cinema,FALSE,0,2026-08-23T21:51:04.000Z,2026-08-23 14:51:04,https://queue-times.com/parks/16/queue_times.json
2026-08-23T21:53:48.098Z,2026-08-23 14:53:48,2026-08-23,America/Los_Angeles,disneyland,Disneyland,Main Street U.S.A,691,Main Street Vehicles,TRUE,0,2026-08-23T21:51:04.000Z,2026-08-23 14:51:04,https://queue-times.com/parks/16/queue_times.json
2026-08-23T21:53:48.098Z,2026-08-23 14:53:48,2026-08-23,America/Los_Angeles,disneyland,Disneyland,Main Street U.S.A,14915,Opera House - Walt Disney - A Magical Life,TRUE,0,2026-08-23T21:51:04.000Z,2026-08-23 14:51:04,https://queue-times.com/parks/16/queue_times.json
2026-08-23T21:53:48.098Z,2026-08-23 14:53:48,2026-08-23,America/Los_Angeles,disneyland,Disneyland,Main Street U.S.A,695,The Disney Gallery,TRUE,0,2026-08-23T21:51:04.000Z,2026-08-23 14:51:04,https://queue-times.com/parks/16/queue_times.json
2026-08-23T21:53:48.098Z,2026-08-23 14:53:48,2026-08-23,America/Los_Angeles,disneyland,Disneyland,Main Street U.S.A,14923,Walt Disney - A Magical Life,TRUE,0,2026-08-23T21:51:04.000Z,2026-08-23 14:51:04,https://queue-times.com/parks/16/queue_times.json
2026-08-23T21:53:48.098Z,2026-08-23 14:53:48,2026-08-23,America/Los_Angeles,disneyland,Disneyland,Mickey's Toontown,324,Chip 'n' Dale's GADGETcoaster,TRUE,10,2026-08-23T21:51:04.000Z,2026-08-23 14:51:04,https://queue-times.com/parks/16/queue_times.json
2026-08-23T21:53:48.098Z,2026-08-23 14:53:48,2026-08-23,America/Los_Angeles,disneyland,Disneyland,Mickey's Toontown,13814,Donald's Duck Pond,TRUE,0,2026-08-23T21:51:04.000Z,2026-08-23 14:51:04,https://queue-times.com/parks/16/queue_times.json
2026-08-23T21:53:48.098Z,2026-08-23 14:53:48,2026-08-23,America/Los_Angeles,disneyland,Disneyland,Mickey's Toontown,11980,Goofy's How-to-Play Yard,TRUE,0,2026-08-23T21:51:04.000Z,2026-08-23 14:51:04,https://queue-times.com/parks/16/queue_times.json
2026-08-23T21:53:48.098Z,2026-08-23 14:53:48,2026-08-23,America/Los_Angeles,disneyland,Disneyland,Mickey's Toontown,11526,Mickey & Minnie's Runaway Railway,TRUE,20,2026-08-23T21:51:04.000Z,2026-08-23 14:51:04,https://queue-times.com/parks/16/queue_times.json
2026-08-23T21:53:48.098Z,2026-08-23 14:53:48,2026-08-23,America/Los_Angeles,disneyland,Disneyland,Mickey's Toontown,709,Mickey's House and Meet Mickey Mouse,TRUE,15,2026-08-23T21:51:04.000Z,2026-08-23 14:51:04,https://queue-times.com/parks/16/queue_times.json
2026-08-23T21:53:48.098Z,2026-08-23 14:53:48,2026-08-23,America/Los_Angeles,disneyland,Disneyland,Mickey's Toontown,327,Mickey's House and Meet Mickey Mouse,FALSE,0,2026-08-23T21:51:04.000Z,2026-08-23 14:51:04,https://queue-times.com/parks/16/queue_times.json
2026-08-23T21:53:48.098Z,2026-08-23 14:53:48,2026-08-23,America/Los_Angeles,disneyland,Disneyland,Mickey's Toontown,684,Minnie's House,TRUE,0,2026-08-23T21:51:04.000Z,2026-08-23 14:51:04,https://queue-times.com/parks/16/queue_times.json
2026-08-23T21:53:48.098Z,2026-08-23 14:53:48,2026-08-23,America/Los_Angeles,disneyland,Disneyland,Mickey's Toontown,332,Roger Rabbit's Car Toon Spin,TRUE,20,2026-08-23T21:51:04.000Z,2026-08-23 14:51:04,https://queue-times.com/parks/16/queue_times.json
2026-08-23T21:53:48.098Z,2026-08-23 14:53:48,2026-08-23,America/Los_Angeles,disneyland,Disneyland,New Orleans Square,13958,Haunted Mansion,FALSE,0,2026-08-21T05:25:59.000Z,2026-08-20 22:25:59,https://queue-times.com/parks/16/queue_times.json
2026-08-23T21:53:48.098Z,2026-08-23 14:53:48,2026-08-23,America/Los_Angeles,disneyland,Disneyland,New Orleans Square,325,Haunted Mansion Holiday,FALSE,0,2026-08-23T21:51:04.000Z,2026-08-23 14:51:04,https://queue-times.com/parks/16/queue_times.json
2026-08-23T21:53:48.098Z,2026-08-23 14:53:48,2026-08-23,America/Los_Angeles,disneyland,Disneyland,New Orleans Square,289,Pirates of the Caribbean,TRUE,20,2026-08-23T21:51:04.000Z,2026-08-23 14:51:04,https://queue-times.com/parks/16/queue_times.json
2026-08-23T21:53:48.098Z,2026-08-23 14:53:48,2026-08-23,America/Los_Angeles,disneyland,Disneyland,Star Wars: Galaxy's Edge,6339,Millennium Falcon: Smugglers Run,TRUE,10,2026-08-23T21:51:04.000Z,2026-08-23 14:51:04,https://queue-times.com/parks/16/queue_times.json
2026-08-23T21:53:48.098Z,2026-08-23 14:53:48,2026-08-23,America/Los_Angeles,disneyland,Disneyland,Star Wars: Galaxy's Edge,10903,Millennium Falcon: Smugglers Run Single Rider,TRUE,0,2026-08-23T21:51:04.000Z,2026-08-23 14:51:04,https://queue-times.com/parks/16/queue_times.json
2026-08-23T21:53:48.098Z,2026-08-23 14:53:48,2026-08-23,America/Los_Angeles,disneyland,Disneyland,Star Wars: Galaxy's Edge,6340,Star Wars: Rise of the Resistance,TRUE,50,2026-08-23T21:51:04.000Z,2026-08-23 14:51:04,https://queue-times.com/parks/16/queue_times.json
2026-08-23T21:53:48.098Z,2026-08-23 14:53:48,2026-08-23,America/Los_Angeles,disneyland,Disneyland,Tomorrowland,287,Astro Orbitor,TRUE,5,2026-08-23T21:51:04.000Z,2026-08-23 14:51:04,https://queue-times.com/parks/16/queue_times.json
2026-08-23T21:53:48.098Z,2026-08-23 14:53:48,2026-08-23,America/Los_Angeles,disneyland,Disneyland,Tomorrowland,317,Autopia,TRUE,10,2026-08-23T21:51:04.000Z,2026-08-23 14:51:04,https://queue-times.com/parks/16/queue_times.json
2026-08-23T21:53:48.098Z,2026-08-23 14:53:48,2026-08-23,America/Los_Angeles,disneyland,Disneyland,Tomorrowland,273,Buzz Lightyear Astro Blasters,TRUE,10,2026-08-23T21:51:04.000Z,2026-08-23 14:51:04,https://queue-times.com/parks/16/queue_times.json
2026-08-23T21:53:48.098Z,2026-08-23 14:53:48,2026-08-23,America/Los_Angeles,disneyland,Disneyland,Tomorrowland,274,Disneyland Monorail,FALSE,0,2026-08-23T21:51:04.000Z,2026-08-23 14:51:04,https://queue-times.com/parks/16/queue_times.json
2026-08-23T21:53:48.098Z,2026-08-23 14:53:48,2026-08-23,America/Los_Angeles,disneyland,Disneyland,Tomorrowland,276,Finding Nemo Submarine Voyage,FALSE,0,2026-08-23T21:51:04.000Z,2026-08-23 14:51:04,https://queue-times.com/parks/16/queue_times.json
2026-08-23T21:53:48.098Z,2026-08-23 14:53:48,2026-08-23,America/Los_Angeles,disneyland,Disneyland,Tomorrowland,16627,Pixar Short Film Spotlight,FALSE,0,2026-08-23T21:51:04.000Z,2026-08-23 14:51:04,https://queue-times.com/parks/16/queue_times.json
2026-08-23T21:53:48.098Z,2026-08-23 14:53:48,2026-08-23,America/Los_Angeles,disneyland,Disneyland,Tomorrowland,284,Space Mountain,TRUE,35,2026-08-23T21:51:04.000Z,2026-08-23 14:51:04,https://queue-times.com/parks/16/queue_times.json
2026-08-23T21:53:48.098Z,2026-08-23 14:53:48,2026-08-23,America/Los_Angeles,disneyland,Disneyland,Tomorrowland,286,Star Tours - The Adventures Continue,TRUE,5,2026-08-23T21:51:04.000Z,2026-08-23 14:51:04,https://queue-times.com/parks/16/queue_times.json
2026-08-23T21:53:48.098Z,2026-08-23 14:53:48,2026-08-23,America/Los_Angeles,dca,Disney California Adventure,Avengers Campus,329,Guardians of the Galaxy - Mission: BREAKOUT!,FALSE,0,2026-08-23T21:51:04.000Z,2026-08-23 14:51:04,https://queue-times.com/parks/17/queue_times.json
2026-08-23T21:53:48.098Z,2026-08-23 14:53:48,2026-08-23,America/Los_Angeles,dca,Disney California Adventure,Avengers Campus,8843,WEB SLINGERS: A Spider-Man Adventure,TRUE,45,2026-08-23T21:51:04.000Z,2026-08-23 14:51:04,https://queue-times.com/parks/17/queue_times.json
2026-08-23T21:53:48.098Z,2026-08-23 14:53:48,2026-08-23,America/Los_Angeles,dca,Disney California Adventure,Avengers Campus,10907,WEB SLINGERS: A Spider-Man Adventure Single Rider,TRUE,0,2026-08-23T21:51:04.000Z,2026-08-23 14:51:04,https://queue-times.com/parks/17/queue_times.json
2026-08-23T21:53:48.098Z,2026-08-23 14:53:48,2026-08-23,America/Los_Angeles,dca,Disney California Adventure,Cars Land,2608,Luigi's Honkin' Haul-O-Ween,TRUE,5,2026-08-23T21:51:04.000Z,2026-08-23 14:51:04,https://queue-times.com/parks/17/queue_times.json
2026-08-23T21:53:48.098Z,2026-08-23 14:53:48,2026-08-23,America/Los_Angeles,dca,Disney California Adventure,Cars Land,13961,Luigi's Rollickin' Roadsters,FALSE,0,2026-08-18T08:55:45.000Z,2026-08-18 01:55:45,https://queue-times.com/parks/17/queue_times.json
2026-08-23T21:53:48.098Z,2026-08-23 14:53:48,2026-08-23,America/Los_Angeles,dca,Disney California Adventure,Cars Land,315,Mater's Junkyard Jamboree,FALSE,0,2026-08-18T08:55:45.000Z,2026-08-18 01:55:45,https://queue-times.com/parks/17/queue_times.json
2026-08-23T21:53:48.098Z,2026-08-23 14:53:48,2026-08-23,America/Los_Angeles,dca,Disney California Adventure,Cars Land,295,Radiator Springs Racers,TRUE,65,2026-08-23T21:51:04.000Z,2026-08-23 14:51:04,https://queue-times.com/parks/17/queue_times.json
2026-08-23T21:53:48.098Z,2026-08-23 14:53:48,2026-08-23,America/Los_Angeles,dca,Disney California Adventure,Cars Land,10904,Radiator Springs Racers Single Rider,TRUE,0,2026-08-23T21:51:04.000Z,2026-08-23 14:51:04,https://queue-times.com/parks/17/queue_times.json
2026-08-23T21:53:48.098Z,2026-08-23 14:53:48,2026-08-23,America/Los_Angeles,dca,Disney California Adventure,Grizzly Peak,302,Grizzly River Run,TRUE,50,2026-08-23T21:51:04.000Z,2026-08-23 14:51:04,https://queue-times.com/parks/17/queue_times.json
2026-08-23T21:53:48.098Z,2026-08-23 14:53:48,2026-08-23,America/Los_Angeles,dca,Disney California Adventure,Grizzly Peak,293,Redwood Creek Challenge Trail,TRUE,5,2026-08-23T21:51:04.000Z,2026-08-23 14:51:04,https://queue-times.com/parks/17/queue_times.json
2026-08-23T21:53:48.098Z,2026-08-23 14:53:48,2026-08-23,America/Los_Angeles,dca,Disney California Adventure,Grizzly Peak,17129,Soarin’ Across America,TRUE,65,2026-08-23T21:51:04.000Z,2026-08-23 14:51:04,https://queue-times.com/parks/17/queue_times.json
2026-08-23T21:53:48.098Z,2026-08-23 14:53:48,2026-08-23,America/Los_Angeles,dca,Disney California Adventure,Hollywood Land,321,Animation Academy,TRUE,0,2026-08-23T21:51:04.000Z,2026-08-23 14:51:04,https://queue-times.com/parks/17/queue_times.json
2026-08-23T21:53:48.098Z,2026-08-23 14:53:48,2026-08-23,America/Los_Angeles,dca,Disney California Adventure,Hollywood Land,6440,Mickey's PhilharMagic,TRUE,10,2026-08-23T21:51:04.000Z,2026-08-23 14:51:04,https://queue-times.com/parks/17/queue_times.json
2026-08-23T21:53:48.098Z,2026-08-23 14:53:48,2026-08-23,America/Los_Angeles,dca,Disney California Adventure,Hollywood Land,291,"Monsters, Inc. Mike & Sulley to the Rescue!",TRUE,30,2026-08-23T21:51:04.000Z,2026-08-23 14:51:04,https://queue-times.com/parks/17/queue_times.json
2026-08-23T21:53:48.098Z,2026-08-23 14:53:48,2026-08-23,America/Los_Angeles,dca,Disney California Adventure,Hollywood Land,868,Sorcerer's Workshop,TRUE,0,2026-08-23T21:51:04.000Z,2026-08-23 14:51:04,https://queue-times.com/parks/17/queue_times.json
2026-08-23T21:53:48.098Z,2026-08-23 14:53:48,2026-08-23,America/Los_Angeles,dca,Disney California Adventure,Hollywood Land,294,Turtle Talk with Crush,TRUE,0,2026-08-23T21:51:04.000Z,2026-08-23 14:51:04,https://queue-times.com/parks/17/queue_times.json
2026-08-23T21:53:48.098Z,2026-08-23 14:53:48,2026-08-23,America/Los_Angeles,dca,Disney California Adventure,Pacific Wharf,869,The Bakery Tour,TRUE,0,2026-08-23T21:51:04.000Z,2026-08-23 14:51:04,https://queue-times.com/parks/17/queue_times.json
2026-08-23T21:53:48.098Z,2026-08-23 14:53:48,2026-08-23,America/Los_Angeles,dca,Disney California Adventure,Paradise Gardens Park,298,Golden Zephyr,FALSE,0,2026-08-23T21:51:04.000Z,2026-08-23 14:51:04,https://queue-times.com/parks/17/queue_times.json
2026-08-23T21:53:48.098Z,2026-08-23 14:53:48,2026-08-23,America/Los_Angeles,dca,Disney California Adventure,Paradise Gardens Park,319,Goofy's Sky School,FALSE,0,2026-08-23T21:51:04.000Z,2026-08-23 14:51:04,https://queue-times.com/parks/17/queue_times.json
2026-08-23T21:53:48.098Z,2026-08-23 14:53:48,2026-08-23,America/Los_Angeles,dca,Disney California Adventure,Paradise Gardens Park,301,Silly Symphony Swings,FALSE,0,2026-08-23T21:51:04.000Z,2026-08-23 14:51:04,https://queue-times.com/parks/17/queue_times.json
2026-08-23T21:53:48.098Z,2026-08-23 14:53:48,2026-08-23,America/Los_Angeles,dca,Disney California Adventure,Paradise Gardens Park,316,The Little Mermaid - Ariel's Undersea Adventure,FALSE,0,2026-08-23T21:51:04.000Z,2026-08-23 14:51:04,https://queue-times.com/parks/17/queue_times.json
2026-08-23T21:53:48.098Z,2026-08-23 14:53:48,2026-08-23,America/Los_Angeles,dca,Disney California Adventure,Paradise Gardens Park,11528,World of Color – ONE,FALSE,0,2026-08-23T21:51:04.000Z,2026-08-23 14:51:04,https://queue-times.com/parks/17/queue_times.json
2026-08-23T21:53:48.098Z,2026-08-23 14:53:48,2026-08-23,America/Los_Angeles,dca,Disney California Adventure,Pixar Pier,866,Games of Pixar Pier,TRUE,0,2026-08-23T21:51:04.000Z,2026-08-23 14:51:04,https://queue-times.com/parks/17/queue_times.json
2026-08-23T21:53:48.098Z,2026-08-23 14:53:48,2026-08-23,America/Los_Angeles,dca,Disney California Adventure,Pixar Pier,322,Incredicoaster,FALSE,0,2026-08-23T21:51:04.000Z,2026-08-23 14:51:04,https://queue-times.com/parks/17/queue_times.json
2026-08-23T21:53:48.098Z,2026-08-23 14:53:48,2026-08-23,America/Los_Angeles,dca,Disney California Adventure,Pixar Pier,10906,Incredicoaster Single Rider,FALSE,0,2026-08-23T21:51:04.000Z,2026-08-23 14:51:04,https://queue-times.com/parks/17/queue_times.json
2026-08-23T21:53:48.098Z,2026-08-23 14:53:48,2026-08-23,America/Los_Angeles,dca,Disney California Adventure,Pixar Pier,6643,Inside Out Emotional Whirlwind,TRUE,5,2026-08-23T21:51:04.000Z,2026-08-23 14:51:04,https://queue-times.com/parks/17/queue_times.json
2026-08-23T21:53:48.098Z,2026-08-23 14:53:48,2026-08-23,America/Los_Angeles,dca,Disney California Adventure,Pixar Pier,310,Jessie's Critter Carousel,TRUE,5,2026-08-23T21:51:04.000Z,2026-08-23 14:51:04,https://queue-times.com/parks/17/queue_times.json
2026-08-23T21:53:48.098Z,2026-08-23 14:53:48,2026-08-23,America/Los_Angeles,dca,Disney California Adventure,Pixar Pier,300,Jumpin' Jellyfish,TRUE,5,2026-08-23T21:51:04.000Z,2026-08-23 14:51:04,https://queue-times.com/parks/17/queue_times.json
2026-08-23T21:53:48.098Z,2026-08-23 14:53:48,2026-08-23,America/Los_Angeles,dca,Disney California Adventure,Pixar Pier,311,Pixar Pal-A-Round - Swinging,TRUE,5,2026-08-23T21:51:04.000Z,2026-08-23 14:51:04,https://queue-times.com/parks/17/queue_times.json
2026-08-23T21:53:48.098Z,2026-08-23 14:53:48,2026-08-23,America/Los_Angeles,dca,Disney California Adventure,Pixar Pier,5557,Pixar Pal-A-Round – Non-Swinging,TRUE,5,2026-08-23T21:51:04.000Z,2026-08-23 14:51:04,https://queue-times.com/parks/17/queue_times.json
2026-08-23T21:53:48.098Z,2026-08-23 14:53:48,2026-08-23,America/Los_Angeles,dca,Disney California Adventure,Pixar Pier,313,Toy Story Midway Mania!,TRUE,30,2026-08-23T21:51:04.000Z,2026-08-23 14:51:04,https://queue-times.com/parks/17/queue_times.json
2026-08-23T21:53:48.098Z,2026-08-23 14:53:48,2026-08-23,America/Los_Angeles,dca,Disney California Adventure,Halloween,5146,Guardians of the Galaxy - Monsters After Dark,TRUE,60,2026-08-23T21:51:04.000Z,2026-08-23 14:51:04,https://queue-times.com/parks/17/queue_times.json
2026-08-23T21:53:48.098Z,2026-08-23 14:53:48,2026-08-23,America/Los_Angeles,dca,Disney California Adventure,Halloween,4723,Mater's Graveyard JamBOOree,TRUE,5,2026-08-23T21:51:04.000Z,2026-08-23 14:51:04,https://queue-times.com/parks/17/queue_times.json
2026-08-23T21:53:48.098Z,2026-08-23 14:53:48,2026-08-23,America/Los_Angeles,dca,Disney California Adventure,Halloween,7292,Villains Grove at Oogie Boogie Bash,FALSE,0,2026-08-23T21:51:04.000Z,2026-08-23 14:51:04,https://queue-times.com/parks/17/queue_times.json
2026-08-23T22:00:24.169Z,2026-08-23 15:00:24,2026-08-23,America/Los_Angeles,disneyland,Disneyland,Adventureland,12428,Adventureland Treehouse inspired by Walt Disney’s Swiss Family Robinson,TRUE,0,2026-08-23T21:55:38.000Z,2026-08-23 14:55:38,https://queue-times.com/parks/16/queue_times.json
2026-08-23T22:00:24.169Z,2026-08-23 15:00:24,2026-08-23,America/Los_Angeles,disneyland,Disneyland,Adventureland,326,Indiana Jones™ Adventure,TRUE,40,2026-08-23T21:55:38.000Z,2026-08-23 14:55:38,https://queue-times.com/parks/16/queue_times.json
2026-08-23T22:00:24.169Z,2026-08-23 15:00:24,2026-08-23,America/Los_Angeles,disneyland,Disneyland,Adventureland,296,Jungle Cruise,TRUE,5,2026-08-23T21:55:38.000Z,2026-08-23 14:55:38,https://queue-times.com/parks/16/queue_times.json
2026-08-23T22:00:24.169Z,2026-08-23 15:00:24,2026-08-23,America/Los_Angeles,disneyland,Disneyland,Adventureland,288,Walt Disney's Enchanted Tiki Room,TRUE,0,2026-08-23T21:55:38.000Z,2026-08-23 14:55:38,https://queue-times.com/parks/16/queue_times.json
2026-08-23T22:00:24.169Z,2026-08-23 15:00:24,2026-08-23,America/Los_Angeles,disneyland,Disneyland,Bayou Country,304,Davy Crockett's Explorer Canoes,FALSE,0,2026-08-23T21:55:38.000Z,2026-08-23 14:55:38,https://queue-times.com/parks/16/queue_times.json
2026-08-23T22:00:24.169Z,2026-08-23 15:00:24,2026-08-23,America/Los_Angeles,disneyland,Disneyland,Bayou Country,306,The Many Adventures of Winnie the Pooh,TRUE,15,2026-08-23T21:55:38.000Z,2026-08-23 14:55:38,https://queue-times.com/parks/16/queue_times.json
2026-08-23T22:00:24.169Z,2026-08-23 15:00:24,2026-08-23,America/Los_Angeles,disneyland,Disneyland,Bayou Country,14168,Tiana's Bayou Adventure,FALSE,0,2026-08-23T21:55:38.000Z,2026-08-23 14:55:38,https://queue-times.com/parks/16/queue_times.json
2026-08-23T22:00:24.169Z,2026-08-23 15:00:24,2026-08-23,America/Los_Angeles,disneyland,Disneyland,Bayou Country,14326,Tiana's Bayou Adventure Single Rider,FALSE,0,2026-08-23T21:55:38.000Z,2026-08-23 14:55:38,https://queue-times.com/parks/16/queue_times.json
2026-08-23T22:00:24.169Z,2026-08-23 15:00:24,2026-08-23,America/Los_Angeles,disneyland,Disneyland,Fantasyland,307,"""it's a small world""",FALSE,0,2026-08-23T21:55:38.000Z,2026-08-23 14:55:38,https://queue-times.com/parks/16/queue_times.json
2026-08-23T22:00:24.169Z,2026-08-23 15:00:24,2026-08-23,America/Los_Angeles,disneyland,Disneyland,Fantasyland,285,Alice in Wonderland,TRUE,15,2026-08-23T21:55:38.000Z,2026-08-23 14:55:38,https://queue-times.com/parks/16/queue_times.json
2026-08-23T22:00:24.169Z,2026-08-23 15:00:24,2026-08-23,America/Los_Angeles,disneyland,Disneyland,Fantasyland,16254,Bluey’s Best Day Ever! at Fantasyland Theatre,TRUE,0,2026-08-23T21:55:38.000Z,2026-08-23 14:55:38,https://queue-times.com/parks/16/queue_times.json
2026-08-23T22:00:24.169Z,2026-08-23 15:00:24,2026-08-23,America/Los_Angeles,disneyland,Disneyland,Fantasyland,303,Casey Jr. Circus Train,FALSE,0,2026-08-23T21:55:38.000Z,2026-08-23 14:55:38,https://queue-times.com/parks/16/queue_times.json
2026-08-23T22:00:24.169Z,2026-08-23 15:00:24,2026-08-23,America/Los_Angeles,disneyland,Disneyland,Fantasyland,275,Dumbo the Flying Elephant,TRUE,5,2026-08-23T21:55:38.000Z,2026-08-23 14:55:38,https://queue-times.com/parks/16/queue_times.json
2026-08-23T22:00:24.169Z,2026-08-23 15:00:24,2026-08-23,America/Los_Angeles,disneyland,Disneyland,Fantasyland,277,King Arthur Carrousel,TRUE,5,2026-08-23T21:55:38.000Z,2026-08-23 14:55:38,https://queue-times.com/parks/16/queue_times.json
2026-08-23T22:00:24.169Z,2026-08-23 15:00:24,2026-08-23,America/Los_Angeles,disneyland,Disneyland,Fantasyland,278,Mad Tea Party,TRUE,5,2026-08-23T21:55:38.000Z,2026-08-23 14:55:38,https://queue-times.com/parks/16/queue_times.json
2026-08-23T22:00:24.169Z,2026-08-23 15:00:24,2026-08-23,America/Los_Angeles,disneyland,Disneyland,Fantasyland,279,Matterhorn Bobsleds,TRUE,5,2026-08-23T21:55:38.000Z,2026-08-23 14:55:38,https://queue-times.com/parks/16/queue_times.json
2026-08-23T22:00:24.169Z,2026-08-23 15:00:24,2026-08-23,America/Los_Angeles,disneyland,Disneyland,Fantasyland,6711,Meet Disney Princesses at Royal Hall,TRUE,15,2026-08-23T21:55:38.000Z,2026-08-23 14:55:38,https://queue-times.com/parks/16/queue_times.json
2026-08-23T22:00:24.169Z,2026-08-23 15:00:24,2026-08-23,America/Los_Angeles,disneyland,Disneyland,Fantasyland,280,Mr. Toad's Wild Ride,TRUE,5,2026-08-23T21:55:38.000Z,2026-08-23 14:55:38,https://queue-times.com/parks/16/queue_times.json
2026-08-23T22:00:24.169Z,2026-08-23 15:00:24,2026-08-23,America/Los_Angeles,disneyland,Disneyland,Fantasyland,281,Peter Pan's Flight,TRUE,15,2026-08-23T21:55:38.000Z,2026-08-23 14:55:38,https://queue-times.com/parks/16/queue_times.json
2026-08-23T22:00:24.169Z,2026-08-23 15:00:24,2026-08-23,America/Los_Angeles,disneyland,Disneyland,Fantasyland,282,Pinocchio's Daring Journey,TRUE,10,2026-08-23T21:55:38.000Z,2026-08-23 14:55:38,https://queue-times.com/parks/16/queue_times.json
2026-08-23T22:00:24.169Z,2026-08-23 15:00:24,2026-08-23,America/Los_Angeles,disneyland,Disneyland,Fantasyland,687,Sleeping Beauty Castle Walkthrough,FALSE,0,2026-08-23T21:55:38.000Z,2026-08-23 14:55:38,https://queue-times.com/parks/16/queue_times.json
2026-08-23T22:00:24.169Z,2026-08-23 15:00:24,2026-08-23,America/Los_Angeles,disneyland,Disneyland,Fantasyland,283,Snow White's Enchanted Wish,TRUE,10,2026-08-23T21:55:38.000Z,2026-08-23 14:55:38,https://queue-times.com/parks/16/queue_times.json
2026-08-23T22:00:24.169Z,2026-08-23 15:00:24,2026-08-23,America/Los_Angeles,disneyland,Disneyland,Fantasyland,305,Storybook Land Canal Boats,TRUE,10,2026-08-23T21:55:38.000Z,2026-08-23 14:55:38,https://queue-times.com/parks/16/queue_times.json
2026-08-23T22:00:24.169Z,2026-08-23 15:00:24,2026-08-23,America/Los_Angeles,disneyland,Disneyland,Frontierland,323,Big Thunder Mountain Railroad,TRUE,15,2026-08-23T21:55:38.000Z,2026-08-23 14:55:38,https://queue-times.com/parks/16/queue_times.json
2026-08-23T22:00:24.169Z,2026-08-23 15:00:24,2026-08-23,America/Los_Angeles,disneyland,Disneyland,Frontierland,679,Frontierland Shootin' Exposition,FALSE,0,2026-08-23T21:55:38.000Z,2026-08-23 14:55:38,https://queue-times.com/parks/16/queue_times.json
2026-08-23T22:00:24.169Z,2026-08-23 15:00:24,2026-08-23,America/Los_Angeles,disneyland,Disneyland,Frontierland,456,Mark Twain Riverboat,TRUE,10,2026-08-23T21:55:38.000Z,2026-08-23 14:55:38,https://queue-times.com/parks/16/queue_times.json
2026-08-23T22:00:24.169Z,2026-08-23 15:00:24,2026-08-23,America/Los_Angeles,disneyland,Disneyland,Frontierland,331,Pirate's Lair on Tom Sawyer Island,TRUE,5,2026-08-23T21:55:38.000Z,2026-08-23 14:55:38,https://queue-times.com/parks/16/queue_times.json
2026-08-23T22:00:24.169Z,2026-08-23 15:00:24,2026-08-23,America/Los_Angeles,disneyland,Disneyland,Frontierland,328,Sailing Ship Columbia,FALSE,0,2026-08-23T21:55:38.000Z,2026-08-23 14:55:38,https://queue-times.com/parks/16/queue_times.json
2026-08-23T22:00:24.169Z,2026-08-23 15:00:24,2026-08-23,America/Los_Angeles,disneyland,Disneyland,Main Street U.S.A,674,Disneyland Railroad,FALSE,0,2026-08-23T21:55:38.000Z,2026-08-23 14:55:38,https://queue-times.com/parks/16/queue_times.json
2026-08-23T22:00:24.169Z,2026-08-23 15:00:24,2026-08-23,America/Los_Angeles,disneyland,Disneyland,Main Street U.S.A,690,Great Moments with Mr. Lincoln,FALSE,0,2026-08-23T21:55:38.000Z,2026-08-23 14:55:38,https://queue-times.com/parks/16/queue_times.json
2026-08-23T22:00:24.169Z,2026-08-23 15:00:24,2026-08-23,America/Los_Angeles,disneyland,Disneyland,Main Street U.S.A,686,Main Street Cinema,FALSE,0,2026-08-23T21:55:38.000Z,2026-08-23 14:55:38,https://queue-times.com/parks/16/queue_times.json
2026-08-23T22:00:24.169Z,2026-08-23 15:00:24,2026-08-23,America/Los_Angeles,disneyland,Disneyland,Main Street U.S.A,691,Main Street Vehicles,TRUE,0,2026-08-23T21:55:38.000Z,2026-08-23 14:55:38,https://queue-times.com/parks/16/queue_times.json
2026-08-23T22:00:24.169Z,2026-08-23 15:00:24,2026-08-23,America/Los_Angeles,disneyland,Disneyland,Main Street U.S.A,14915,Opera House - Walt Disney - A Magical Life,TRUE,0,2026-08-23T21:55:38.000Z,2026-08-23 14:55:38,https://queue-times.com/parks/16/queue_times.json
2026-08-23T22:00:24.169Z,2026-08-23 15:00:24,2026-08-23,America/Los_Angeles,disneyland,Disneyland,Main Street U.S.A,695,The Disney Gallery,TRUE,0,2026-08-23T21:55:38.000Z,2026-08-23 14:55:38,https://queue-times.com/parks/16/queue_times.json
2026-08-23T22:00:24.169Z,2026-08-23 15:00:24,2026-08-23,America/Los_Angeles,disneyland,Disneyland,Main Street U.S.A,14923,Walt Disney - A Magical Life,TRUE,0,2026-08-23T21:55:38.000Z,2026-08-23 14:55:38,https://queue-times.com/parks/16/queue_times.json
2026-08-23T22:00:24.169Z,2026-08-23 15:00:24,2026-08-23,America/Los_Angeles,disneyland,Disneyland,Mickey's Toontown,324,Chip 'n' Dale's GADGETcoaster,TRUE,10,2026-08-23T21:55:38.000Z,2026-08-23 14:55:38,https://queue-times.com/parks/16/queue_times.json
2026-08-23T22:00:24.169Z,2026-08-23 15:00:24,2026-08-23,America/Los_Angeles,disneyland,Disneyland,Mickey's Toontown,13814,Donald's Duck Pond,TRUE,0,2026-08-23T21:55:38.000Z,2026-08-23 14:55:38,https://queue-times.com/parks/16/queue_times.json
2026-08-23T22:00:24.169Z,2026-08-23 15:00:24,2026-08-23,America/Los_Angeles,disneyland,Disneyland,Mickey's Toontown,11980,Goofy's How-to-Play Yard,TRUE,0,2026-08-23T21:55:38.000Z,2026-08-23 14:55:38,https://queue-times.com/parks/16/queue_times.json
2026-08-23T22:00:24.169Z,2026-08-23 15:00:24,2026-08-23,America/Los_Angeles,disneyland,Disneyland,Mickey's Toontown,11526,Mickey & Minnie's Runaway Railway,TRUE,20,2026-08-23T21:55:38.000Z,2026-08-23 14:55:38,https://queue-times.com/parks/16/queue_times.json
2026-08-23T22:00:24.169Z,2026-08-23 15:00:24,2026-08-23,America/Los_Angeles,disneyland,Disneyland,Mickey's Toontown,709,Mickey's House and Meet Mickey Mouse,TRUE,15,2026-08-23T21:55:38.000Z,2026-08-23 14:55:38,https://queue-times.com/parks/16/queue_times.json
2026-08-23T22:00:24.169Z,2026-08-23 15:00:24,2026-08-23,America/Los_Angeles,disneyland,Disneyland,Mickey's Toontown,327,Mickey's House and Meet Mickey Mouse,FALSE,0,2026-08-23T21:55:38.000Z,2026-08-23 14:55:38,https://queue-times.com/parks/16/queue_times.json
2026-08-23T22:00:24.169Z,2026-08-23 15:00:24,2026-08-23,America/Los_Angeles,disneyland,Disneyland,Mickey's Toontown,684,Minnie's House,TRUE,0,2026-08-23T21:55:38.000Z,2026-08-23 14:55:38,https://queue-times.com/parks/16/queue_times.json
2026-08-23T22:00:24.169Z,2026-08-23 15:00:24,2026-08-23,America/Los_Angeles,disneyland,Disneyland,Mickey's Toontown,332,Roger Rabbit's Car Toon Spin,TRUE,30,2026-08-23T21:55:38.000Z,2026-08-23 14:55:38,https://queue-times.com/parks/16/queue_times.json
2026-08-23T22:00:24.169Z,2026-08-23 15:00:24,2026-08-23,America/Los_Angeles,disneyland,Disneyland,New Orleans Square,13958,Haunted Mansion,FALSE,0,2026-08-21T05:25:59.000Z,2026-08-20 22:25:59,https://queue-times.com/parks/16/queue_times.json
2026-08-23T22:00:24.169Z,2026-08-23 15:00:24,2026-08-23,America/Los_Angeles,disneyland,Disneyland,New Orleans Square,325,Haunted Mansion Holiday,FALSE,0,2026-08-23T21:55:38.000Z,2026-08-23 14:55:38,https://queue-times.com/parks/16/queue_times.json
2026-08-23T22:00:24.169Z,2026-08-23 15:00:24,2026-08-23,America/Los_Angeles,disneyland,Disneyland,New Orleans Square,289,Pirates of the Caribbean,TRUE,20,2026-08-23T21:55:38.000Z,2026-08-23 14:55:38,https://queue-times.com/parks/16/queue_times.json
2026-08-23T22:00:24.169Z,2026-08-23 15:00:24,2026-08-23,America/Los_Angeles,disneyland,Disneyland,Star Wars: Galaxy's Edge,6339,Millennium Falcon: Smugglers Run,TRUE,10,2026-08-23T21:55:38.000Z,2026-08-23 14:55:38,https://queue-times.com/parks/16/queue_times.json
2026-08-23T22:00:24.169Z,2026-08-23 15:00:24,2026-08-23,America/Los_Angeles,disneyland,Disneyland,Star Wars: Galaxy's Edge,10903,Millennium Falcon: Smugglers Run Single Rider,TRUE,0,2026-08-23T21:55:38.000Z,2026-08-23 14:55:38,https://queue-times.com/parks/16/queue_times.json
2026-08-23T22:00:24.169Z,2026-08-23 15:00:24,2026-08-23,America/Los_Angeles,disneyland,Disneyland,Star Wars: Galaxy's Edge,6340,Star Wars: Rise of the Resistance,TRUE,50,2026-08-23T21:55:38.000Z,2026-08-23 14:55:38,https://queue-times.com/parks/16/queue_times.json
2026-08-23T22:00:24.169Z,2026-08-23 15:00:24,2026-08-23,America/Los_Angeles,disneyland,Disneyland,Tomorrowland,287,Astro Orbitor,TRUE,5,2026-08-23T21:55:38.000Z,2026-08-23 14:55:38,https://queue-times.com/parks/16/queue_times.json
2026-08-23T22:00:24.169Z,2026-08-23 15:00:24,2026-08-23,America/Los_Angeles,disneyland,Disneyland,Tomorrowland,317,Autopia,TRUE,10,2026-08-23T21:55:38.000Z,2026-08-23 14:55:38,https://queue-times.com/parks/16/queue_times.json
2026-08-23T22:00:24.169Z,2026-08-23 15:00:24,2026-08-23,America/Los_Angeles,disneyland,Disneyland,Tomorrowland,273,Buzz Lightyear Astro Blasters,TRUE,10,2026-08-23T21:55:38.000Z,2026-08-23 14:55:38,https://queue-times.com/parks/16/queue_times.json
2026-08-23T22:00:24.169Z,2026-08-23 15:00:24,2026-08-23,America/Los_Angeles,disneyland,Disneyland,Tomorrowland,274,Disneyland Monorail,FALSE,0,2026-08-23T21:55:38.000Z,2026-08-23 14:55:38,https://queue-times.com/parks/16/queue_times.json
2026-08-23T22:00:24.169Z,2026-08-23 15:00:24,2026-08-23,America/Los_Angeles,disneyland,Disneyland,Tomorrowland,276,Finding Nemo Submarine Voyage,FALSE,0,2026-08-23T21:55:38.000Z,2026-08-23 14:55:38,https://queue-times.com/parks/16/queue_times.json
2026-08-23T22:00:24.169Z,2026-08-23 15:00:24,2026-08-23,America/Los_Angeles,disneyland,Disneyland,Tomorrowland,16627,Pixar Short Film Spotlight,FALSE,0,2026-08-23T21:55:38.000Z,2026-08-23 14:55:38,https://queue-times.com/parks/16/queue_times.json
2026-08-23T22:00:24.169Z,2026-08-23 15:00:24,2026-08-23,America/Los_Angeles,disneyland,Disneyland,Tomorrowland,284,Space Mountain,TRUE,35,2026-08-23T21:55:38.000Z,2026-08-23 14:55:38,https://queue-times.com/parks/16/queue_times.json
2026-08-23T22:00:24.169Z,2026-08-23 15:00:24,2026-08-23,America/Los_Angeles,disneyland,Disneyland,Tomorrowland,286,Star Tours - The Adventures Continue,TRUE,5,2026-08-23T21:55:38.000Z,2026-08-23 14:55:38,https://queue-times.com/parks/16/queue_times.json
2026-08-23T22:00:24.169Z,2026-08-23 15:00:24,2026-08-23,America/Los_Angeles,dca,Disney California Adventure,Avengers Campus,329,Guardians of the Galaxy - Mission: BREAKOUT!,FALSE,0,2026-08-23T21:55:38.000Z,2026-08-23 14:55:38,https://queue-times.com/parks/17/queue_times.json
2026-08-23T22:00:24.169Z,2026-08-23 15:00:24,2026-08-23,America/Los_Angeles,dca,Disney California Adventure,Avengers Campus,8843,WEB SLINGERS: A Spider-Man Adventure,TRUE,45,2026-08-23T21:55:38.000Z,2026-08-23 14:55:38,https://queue-times.com/parks/17/queue_times.json
2026-08-23T22:00:24.169Z,2026-08-23 15:00:24,2026-08-23,America/Los_Angeles,dca,Disney California Adventure,Avengers Campus,10907,WEB SLINGERS: A Spider-Man Adventure Single Rider,TRUE,0,2026-08-23T21:55:38.000Z,2026-08-23 14:55:38,https://queue-times.com/parks/17/queue_times.json
2026-08-23T22:00:24.169Z,2026-08-23 15:00:24,2026-08-23,America/Los_Angeles,dca,Disney California Adventure,Cars Land,2608,Luigi's Honkin' Haul-O-Ween,TRUE,5,2026-08-23T21:55:38.000Z,2026-08-23 14:55:38,https://queue-times.com/parks/17/queue_times.json
2026-08-23T22:00:24.169Z,2026-08-23 15:00:24,2026-08-23,America/Los_Angeles,dca,Disney California Adventure,Cars Land,13961,Luigi's Rollickin' Roadsters,FALSE,0,2026-08-18T08:55:45.000Z,2026-08-18 01:55:45,https://queue-times.com/parks/17/queue_times.json
2026-08-23T22:00:24.169Z,2026-08-23 15:00:24,2026-08-23,America/Los_Angeles,dca,Disney California Adventure,Cars Land,315,Mater's Junkyard Jamboree,FALSE,0,2026-08-18T08:55:45.000Z,2026-08-18 01:55:45,https://queue-times.com/parks/17/queue_times.json
2026-08-23T22:00:24.169Z,2026-08-23 15:00:24,2026-08-23,America/Los_Angeles,dca,Disney California Adventure,Cars Land,295,Radiator Springs Racers,TRUE,65,2026-08-23T21:55:38.000Z,2026-08-23 14:55:38,https://queue-times.com/parks/17/queue_times.json
2026-08-23T22:00:24.169Z,2026-08-23 15:00:24,2026-08-23,America/Los_Angeles,dca,Disney California Adventure,Cars Land,10904,Radiator Springs Racers Single Rider,TRUE,0,2026-08-23T21:55:38.000Z,2026-08-23 14:55:38,https://queue-times.com/parks/17/queue_times.json
2026-08-23T22:00:24.169Z,2026-08-23 15:00:24,2026-08-23,America/Los_Angeles,dca,Disney California Adventure,Grizzly Peak,302,Grizzly River Run,TRUE,50,2026-08-23T21:55:38.000Z,2026-08-23 14:55:38,https://queue-times.com/parks/17/queue_times.json
2026-08-23T22:00:24.169Z,2026-08-23 15:00:24,2026-08-23,America/Los_Angeles,dca,Disney California Adventure,Grizzly Peak,293,Redwood Creek Challenge Trail,TRUE,5,2026-08-23T21:55:38.000Z,2026-08-23 14:55:38,https://queue-times.com/parks/17/queue_times.json
2026-08-23T22:00:24.169Z,2026-08-23 15:00:24,2026-08-23,America/Los_Angeles,dca,Disney California Adventure,Grizzly Peak,17129,Soarin’ Across America,TRUE,65,2026-08-23T21:55:38.000Z,2026-08-23 14:55:38,https://queue-times.com/parks/17/queue_times.json
2026-08-23T22:00:24.169Z,2026-08-23 15:00:24,2026-08-23,America/Los_Angeles,dca,Disney California Adventure,Hollywood Land,321,Animation Academy,TRUE,0,2026-08-23T21:55:38.000Z,2026-08-23 14:55:38,https://queue-times.com/parks/17/queue_times.json
2026-08-23T22:00:24.169Z,2026-08-23 15:00:24,2026-08-23,America/Los_Angeles,dca,Disney California Adventure,Hollywood Land,6440,Mickey's PhilharMagic,TRUE,10,2026-08-23T21:55:38.000Z,2026-08-23 14:55:38,https://queue-times.com/parks/17/queue_times.json
2026-08-23T22:00:24.169Z,2026-08-23 15:00:24,2026-08-23,America/Los_Angeles,dca,Disney California Adventure,Hollywood Land,291,"Monsters, Inc. Mike & Sulley to the Rescue!",TRUE,30,2026-08-23T21:55:38.000Z,2026-08-23 14:55:38,https://queue-times.com/parks/17/queue_times.json
2026-08-23T22:00:24.169Z,2026-08-23 15:00:24,2026-08-23,America/Los_Angeles,dca,Disney California Adventure,Hollywood Land,868,Sorcerer's Workshop,TRUE,0,2026-08-23T21:55:38.000Z,2026-08-23 14:55:38,https://queue-times.com/parks/17/queue_times.json
2026-08-23T22:00:24.169Z,2026-08-23 15:00:24,2026-08-23,America/Los_Angeles,dca,Disney California Adventure,Hollywood Land,294,Turtle Talk with Crush,TRUE,0,2026-08-23T21:55:38.000Z,2026-08-23 14:55:38,https://queue-times.com/parks/17/queue_times.json
2026-08-23T22:00:24.169Z,2026-08-23 15:00:24,2026-08-23,America/Los_Angeles,dca,Disney California Adventure,Pacific Wharf,869,The Bakery Tour,TRUE,0,2026-08-23T21:55:38.000Z,2026-08-23 14:55:38,https://queue-times.com/parks/17/queue_times.json
2026-08-23T22:00:24.169Z,2026-08-23 15:00:24,2026-08-23,America/Los_Angeles,dca,Disney California Adventure,Paradise Gardens Park,298,Golden Zephyr,FALSE,0,2026-08-23T21:55:38.000Z,2026-08-23 14:55:38,https://queue-times.com/parks/17/queue_times.json
2026-08-23T22:00:24.169Z,2026-08-23 15:00:24,2026-08-23,America/Los_Angeles,dca,Disney California Adventure,Paradise Gardens Park,319,Goofy's Sky School,FALSE,0,2026-08-23T21:55:38.000Z,2026-08-23 14:55:38,https://queue-times.com/parks/17/queue_times.json
2026-08-23T22:00:24.169Z,2026-08-23 15:00:24,2026-08-23,America/Los_Angeles,dca,Disney California Adventure,Paradise Gardens Park,301,Silly Symphony Swings,FALSE,0,2026-08-23T21:55:38.000Z,2026-08-23 14:55:38,https://queue-times.com/parks/17/queue_times.json
2026-08-23T22:00:24.169Z,2026-08-23 15:00:24,2026-08-23,America/Los_Angeles,dca,Disney California Adventure,Paradise Gardens Park,316,The Little Mermaid - Ariel's Undersea Adventure,FALSE,0,2026-08-23T21:55:38.000Z,2026-08-23 14:55:38,https://queue-times.com/parks/17/queue_times.json
2026-08-23T22:00:24.169Z,2026-08-23 15:00:24,2026-08-23,America/Los_Angeles,dca,Disney California Adventure,Paradise Gardens Park,11528,World of Color – ONE,FALSE,0,2026-08-23T21:55:38.000Z,2026-08-23 14:55:38,https://queue-times.com/parks/17/queue_times.json
2026-08-23T22:00:24.169Z,2026-08-23 15:00:24,2026-08-23,America/Los_Angeles,dca,Disney California Adventure,Pixar Pier,866,Games of Pixar Pier,TRUE,0,2026-08-23T21:55:38.000Z,2026-08-23 14:55:38,https://queue-times.com/parks/17/queue_times.json
2026-08-23T22:00:24.169Z,2026-08-23 15:00:24,2026-08-23,America/Los_Angeles,dca,Disney California Adventure,Pixar Pier,322,Incredicoaster,FALSE,0,2026-08-23T21:55:38.000Z,2026-08-23 14:55:38,https://queue-times.com/parks/17/queue_times.json
2026-08-23T22:00:24.169Z,2026-08-23 15:00:24,2026-08-23,America/Los_Angeles,dca,Disney California Adventure,Pixar Pier,10906,Incredicoaster Single Rider,FALSE,0,2026-08-23T21:55:38.000Z,2026-08-23 14:55:38,https://queue-times.com/parks/17/queue_times.json
2026-08-23T22:00:24.169Z,2026-08-23 15:00:24,2026-08-23,America/Los_Angeles,dca,Disney California Adventure,Pixar Pier,6643,Inside Out Emotional Whirlwind,TRUE,5,2026-08-23T21:55:38.000Z,2026-08-23 14:55:38,https://queue-times.com/parks/17/queue_times.json
2026-08-23T22:00:24.169Z,2026-08-23 15:00:24,2026-08-23,America/Los_Angeles,dca,Disney California Adventure,Pixar Pier,310,Jessie's Critter Carousel,TRUE,5,2026-08-23T21:55:38.000Z,2026-08-23 14:55:38,https://queue-times.com/parks/17/queue_times.json
2026-08-23T22:00:24.169Z,2026-08-23 15:00:24,2026-08-23,America/Los_Angeles,dca,Disney California Adventure,Pixar Pier,300,Jumpin' Jellyfish,TRUE,5,2026-08-23T21:55:38.000Z,2026-08-23 14:55:38,https://queue-times.com/parks/17/queue_times.json
2026-08-23T22:00:24.169Z,2026-08-23 15:00:24,2026-08-23,America/Los_Angeles,dca,Disney California Adventure,Pixar Pier,311,Pixar Pal-A-Round - Swinging,TRUE,10,2026-08-23T21:55:38.000Z,2026-08-23 14:55:38,https://queue-times.com/parks/17/queue_times.json
2026-08-23T22:00:24.169Z,2026-08-23 15:00:24,2026-08-23,America/Los_Angeles,dca,Disney California Adventure,Pixar Pier,5557,Pixar Pal-A-Round – Non-Swinging,TRUE,5,2026-08-23T21:55:38.000Z,2026-08-23 14:55:38,https://queue-times.com/parks/17/queue_times.json
2026-08-23T22:00:24.169Z,2026-08-23 15:00:24,2026-08-23,America/Los_Angeles,dca,Disney California Adventure,Pixar Pier,313,Toy Story Midway Mania!,TRUE,30,2026-08-23T21:55:38.000Z,2026-08-23 14:55:38,https://queue-times.com/parks/17/queue_times.json
2026-08-23T22:00:24.169Z,2026-08-23 15:00:24,2026-08-23,America/Los_Angeles,dca,Disney California Adventure,Halloween,5146,Guardians of the Galaxy - Monsters After Dark,TRUE,60,2026-08-23T21:55:38.000Z,2026-08-23 14:55:38,https://queue-times.com/parks/17/queue_times.json
2026-08-23T22:00:24.169Z,2026-08-23 15:00:24,2026-08-23,America/Los_Angeles,dca,Disney California Adventure,Halloween,4723,Mater's Graveyard JamBOOree,TRUE,5,2026-08-23T21:55:38.000Z,2026-08-23 14:55:38,https://queue-times.com/parks/17/queue_times.json
2026-08-23T22:00:24.169Z,2026-08-23 15:00:24,2026-08-23,America/Los_Angeles,dca,Disney California Adventure,Halloween,7292,Villains Grove at Oogie Boogie Bash,FALSE,0,2026-08-23T21:55:38.000Z,2026-08-23 14:55:38,https://queue-times.com/parks/17/queue_times.json
2026-08-23T22:15:19.364Z,2026-08-23 15:15:19,2026-08-23,America/Los_Angeles,disneyland,Disneyland,Adventureland,12428,Adventureland Treehouse inspired by Walt Disney’s Swiss Family Robinson,TRUE,0,2026-08-23T22:10:40.000Z,2026-08-23 15:10:40,https://queue-times.com/parks/16/queue_times.json
2026-08-23T22:15:19.364Z,2026-08-23 15:15:19,2026-08-23,America/Los_Angeles,disneyland,Disneyland,Adventureland,326,Indiana Jones™ Adventure,TRUE,35,2026-08-23T22:10:40.000Z,2026-08-23 15:10:40,https://queue-times.com/parks/16/queue_times.json
2026-08-23T22:15:19.364Z,2026-08-23 15:15:19,2026-08-23,America/Los_Angeles,disneyland,Disneyland,Adventureland,296,Jungle Cruise,TRUE,5,2026-08-23T22:10:40.000Z,2026-08-23 15:10:40,https://queue-times.com/parks/16/queue_times.json
2026-08-23T22:15:19.364Z,2026-08-23 15:15:19,2026-08-23,America/Los_Angeles,disneyland,Disneyland,Adventureland,288,Walt Disney's Enchanted Tiki Room,TRUE,0,2026-08-23T22:10:40.000Z,2026-08-23 15:10:40,https://queue-times.com/parks/16/queue_times.json
2026-08-23T22:15:19.364Z,2026-08-23 15:15:19,2026-08-23,America/Los_Angeles,disneyland,Disneyland,Bayou Country,304,Davy Crockett's Explorer Canoes,FALSE,0,2026-08-23T22:10:40.000Z,2026-08-23 15:10:40,https://queue-times.com/parks/16/queue_times.json
2026-08-23T22:15:19.364Z,2026-08-23 15:15:19,2026-08-23,America/Los_Angeles,disneyland,Disneyland,Bayou Country,306,The Many Adventures of Winnie the Pooh,TRUE,15,2026-08-23T22:10:40.000Z,2026-08-23 15:10:40,https://queue-times.com/parks/16/queue_times.json
2026-08-23T22:15:19.364Z,2026-08-23 15:15:19,2026-08-23,America/Los_Angeles,disneyland,Disneyland,Bayou Country,14168,Tiana's Bayou Adventure,FALSE,0,2026-08-23T22:10:40.000Z,2026-08-23 15:10:40,https://queue-times.com/parks/16/queue_times.json
2026-08-23T22:15:19.364Z,2026-08-23 15:15:19,2026-08-23,America/Los_Angeles,disneyland,Disneyland,Bayou Country,14326,Tiana's Bayou Adventure Single Rider,FALSE,0,2026-08-23T22:10:40.000Z,2026-08-23 15:10:40,https://queue-times.com/parks/16/queue_times.json
2026-08-23T22:15:19.364Z,2026-08-23 15:15:19,2026-08-23,America/Los_Angeles,disneyland,Disneyland,Fantasyland,307,"""it's a small world""",TRUE,5,2026-08-23T22:10:40.000Z,2026-08-23 15:10:40,https://queue-times.com/parks/16/queue_times.json
2026-08-23T22:15:19.364Z,2026-08-23 15:15:19,2026-08-23,America/Los_Angeles,disneyland,Disneyland,Fantasyland,285,Alice in Wonderland,TRUE,15,2026-08-23T22:10:40.000Z,2026-08-23 15:10:40,https://queue-times.com/parks/16/queue_times.json
2026-08-23T22:15:19.364Z,2026-08-23 15:15:19,2026-08-23,America/Los_Angeles,disneyland,Disneyland,Fantasyland,16254,Bluey’s Best Day Ever! at Fantasyland Theatre,TRUE,0,2026-08-23T22:10:40.000Z,2026-08-23 15:10:40,https://queue-times.com/parks/16/queue_times.json
2026-08-23T22:15:19.364Z,2026-08-23 15:15:19,2026-08-23,America/Los_Angeles,disneyland,Disneyland,Fantasyland,303,Casey Jr. Circus Train,TRUE,5,2026-08-23T22:10:40.000Z,2026-08-23 15:10:40,https://queue-times.com/parks/16/queue_times.json
2026-08-23T22:15:19.364Z,2026-08-23 15:15:19,2026-08-23,America/Los_Angeles,disneyland,Disneyland,Fantasyland,275,Dumbo the Flying Elephant,TRUE,5,2026-08-23T22:10:40.000Z,2026-08-23 15:10:40,https://queue-times.com/parks/16/queue_times.json
2026-08-23T22:15:19.364Z,2026-08-23 15:15:19,2026-08-23,America/Los_Angeles,disneyland,Disneyland,Fantasyland,277,King Arthur Carrousel,TRUE,5,2026-08-23T22:10:40.000Z,2026-08-23 15:10:40,https://queue-times.com/parks/16/queue_times.json
2026-08-23T22:15:19.364Z,2026-08-23 15:15:19,2026-08-23,America/Los_Angeles,disneyland,Disneyland,Fantasyland,278,Mad Tea Party,TRUE,5,2026-08-23T22:10:40.000Z,2026-08-23 15:10:40,https://queue-times.com/parks/16/queue_times.json
2026-08-23T22:15:19.364Z,2026-08-23 15:15:19,2026-08-23,America/Los_Angeles,disneyland,Disneyland,Fantasyland,279,Matterhorn Bobsleds,TRUE,5,2026-08-23T22:10:40.000Z,2026-08-23 15:10:40,https://queue-times.com/parks/16/queue_times.json
2026-08-23T22:15:19.364Z,2026-08-23 15:15:19,2026-08-23,America/Los_Angeles,disneyland,Disneyland,Fantasyland,6711,Meet Disney Princesses at Royal Hall,TRUE,15,2026-08-23T22:10:40.000Z,2026-08-23 15:10:40,https://queue-times.com/parks/16/queue_times.json
2026-08-23T22:15:19.364Z,2026-08-23 15:15:19,2026-08-23,America/Los_Angeles,disneyland,Disneyland,Fantasyland,280,Mr. Toad's Wild Ride,FALSE,0,2026-08-23T22:10:40.000Z,2026-08-23 15:10:40,https://queue-times.com/parks/16/queue_times.json
2026-08-23T22:15:19.364Z,2026-08-23 15:15:19,2026-08-23,America/Los_Angeles,disneyland,Disneyland,Fantasyland,281,Peter Pan's Flight,TRUE,20,2026-08-23T22:10:40.000Z,2026-08-23 15:10:40,https://queue-times.com/parks/16/queue_times.json
2026-08-23T22:15:19.364Z,2026-08-23 15:15:19,2026-08-23,America/Los_Angeles,disneyland,Disneyland,Fantasyland,282,Pinocchio's Daring Journey,TRUE,10,2026-08-23T22:10:40.000Z,2026-08-23 15:10:40,https://queue-times.com/parks/16/queue_times.json
2026-08-23T22:15:19.364Z,2026-08-23 15:15:19,2026-08-23,America/Los_Angeles,disneyland,Disneyland,Fantasyland,687,Sleeping Beauty Castle Walkthrough,FALSE,0,2026-08-23T22:10:40.000Z,2026-08-23 15:10:40,https://queue-times.com/parks/16/queue_times.json
2026-08-23T22:15:19.364Z,2026-08-23 15:15:19,2026-08-23,America/Los_Angeles,disneyland,Disneyland,Fantasyland,283,Snow White's Enchanted Wish,TRUE,10,2026-08-23T22:10:40.000Z,2026-08-23 15:10:40,https://queue-times.com/parks/16/queue_times.json
2026-08-23T22:15:19.364Z,2026-08-23 15:15:19,2026-08-23,America/Los_Angeles,disneyland,Disneyland,Fantasyland,305,Storybook Land Canal Boats,TRUE,5,2026-08-23T22:10:40.000Z,2026-08-23 15:10:40,https://queue-times.com/parks/16/queue_times.json
2026-08-23T22:15:19.364Z,2026-08-23 15:15:19,2026-08-23,America/Los_Angeles,disneyland,Disneyland,Frontierland,323,Big Thunder Mountain Railroad,TRUE,15,2026-08-23T22:10:40.000Z,2026-08-23 15:10:40,https://queue-times.com/parks/16/queue_times.json
2026-08-23T22:15:19.364Z,2026-08-23 15:15:19,2026-08-23,America/Los_Angeles,disneyland,Disneyland,Frontierland,679,Frontierland Shootin' Exposition,FALSE,0,2026-08-23T22:10:40.000Z,2026-08-23 15:10:40,https://queue-times.com/parks/16/queue_times.json
2026-08-23T22:15:19.364Z,2026-08-23 15:15:19,2026-08-23,America/Los_Angeles,disneyland,Disneyland,Frontierland,456,Mark Twain Riverboat,TRUE,10,2026-08-23T22:10:40.000Z,2026-08-23 15:10:40,https://queue-times.com/parks/16/queue_times.json
2026-08-23T22:15:19.364Z,2026-08-23 15:15:19,2026-08-23,America/Los_Angeles,disneyland,Disneyland,Frontierland,331,Pirate's Lair on Tom Sawyer Island,TRUE,5,2026-08-23T22:10:40.000Z,2026-08-23 15:10:40,https://queue-times.com/parks/16/queue_times.json
2026-08-23T22:15:19.364Z,2026-08-23 15:15:19,2026-08-23,America/Los_Angeles,disneyland,Disneyland,Frontierland,328,Sailing Ship Columbia,FALSE,0,2026-08-23T22:10:40.000Z,2026-08-23 15:10:40,https://queue-times.com/parks/16/queue_times.json
2026-08-23T22:15:19.364Z,2026-08-23 15:15:19,2026-08-23,America/Los_Angeles,disneyland,Disneyland,Main Street U.S.A,674,Disneyland Railroad,FALSE,0,2026-08-23T22:10:40.000Z,2026-08-23 15:10:40,https://queue-times.com/parks/16/queue_times.json
2026-08-23T22:15:19.364Z,2026-08-23 15:15:19,2026-08-23,America/Los_Angeles,disneyland,Disneyland,Main Street U.S.A,690,Great Moments with Mr. Lincoln,FALSE,0,2026-08-23T22:10:40.000Z,2026-08-23 15:10:40,https://queue-times.com/parks/16/queue_times.json
2026-08-23T22:15:19.364Z,2026-08-23 15:15:19,2026-08-23,America/Los_Angeles,disneyland,Disneyland,Main Street U.S.A,686,Main Street Cinema,FALSE,0,2026-08-23T22:10:40.000Z,2026-08-23 15:10:40,https://queue-times.com/parks/16/queue_times.json
2026-08-23T22:15:19.364Z,2026-08-23 15:15:19,2026-08-23,America/Los_Angeles,disneyland,Disneyland,Main Street U.S.A,691,Main Street Vehicles,FALSE,0,2026-08-23T22:10:40.000Z,2026-08-23 15:10:40,https://queue-times.com/parks/16/queue_times.json
2026-08-23T22:15:19.364Z,2026-08-23 15:15:19,2026-08-23,America/Los_Angeles,disneyland,Disneyland,Main Street U.S.A,14915,Opera House - Walt Disney - A Magical Life,TRUE,0,2026-08-23T22:10:40.000Z,2026-08-23 15:10:40,https://queue-times.com/parks/16/queue_times.json
2026-08-23T22:15:19.364Z,2026-08-23 15:15:19,2026-08-23,America/Los_Angeles,disneyland,Disneyland,Main Street U.S.A,695,The Disney Gallery,TRUE,0,2026-08-23T22:10:40.000Z,2026-08-23 15:10:40,https://queue-times.com/parks/16/queue_times.json
2026-08-23T22:15:19.364Z,2026-08-23 15:15:19,2026-08-23,America/Los_Angeles,disneyland,Disneyland,Main Street U.S.A,14923,Walt Disney - A Magical Life,TRUE,0,2026-08-23T22:10:40.000Z,2026-08-23 15:10:40,https://queue-times.com/parks/16/queue_times.json
2026-08-23T22:15:19.364Z,2026-08-23 15:15:19,2026-08-23,America/Los_Angeles,disneyland,Disneyland,Mickey's Toontown,324,Chip 'n' Dale's GADGETcoaster,TRUE,10,2026-08-23T22:10:40.000Z,2026-08-23 15:10:40,https://queue-times.com/parks/16/queue_times.json
2026-08-23T22:15:19.364Z,2026-08-23 15:15:19,2026-08-23,America/Los_Angeles,disneyland,Disneyland,Mickey's Toontown,13814,Donald's Duck Pond,TRUE,0,2026-08-23T22:10:40.000Z,2026-08-23 15:10:40,https://queue-times.com/parks/16/queue_times.json
2026-08-23T22:15:19.364Z,2026-08-23 15:15:19,2026-08-23,America/Los_Angeles,disneyland,Disneyland,Mickey's Toontown,11980,Goofy's How-to-Play Yard,TRUE,0,2026-08-23T22:10:40.000Z,2026-08-23 15:10:40,https://queue-times.com/parks/16/queue_times.json
2026-08-23T22:15:19.364Z,2026-08-23 15:15:19,2026-08-23,America/Los_Angeles,disneyland,Disneyland,Mickey's Toontown,11526,Mickey & Minnie's Runaway Railway,TRUE,20,2026-08-23T22:10:40.000Z,2026-08-23 15:10:40,https://queue-times.com/parks/16/queue_times.json
2026-08-23T22:15:19.364Z,2026-08-23 15:15:19,2026-08-23,America/Los_Angeles,disneyland,Disneyland,Mickey's Toontown,709,Mickey's House and Meet Mickey Mouse,TRUE,15,2026-08-23T22:10:40.000Z,2026-08-23 15:10:40,https://queue-times.com/parks/16/queue_times.json
2026-08-23T22:15:19.364Z,2026-08-23 15:15:19,2026-08-23,America/Los_Angeles,disneyland,Disneyland,Mickey's Toontown,327,Mickey's House and Meet Mickey Mouse,FALSE,0,2026-08-23T22:10:40.000Z,2026-08-23 15:10:40,https://queue-times.com/parks/16/queue_times.json
2026-08-23T22:15:19.364Z,2026-08-23 15:15:19,2026-08-23,America/Los_Angeles,disneyland,Disneyland,Mickey's Toontown,684,Minnie's House,TRUE,0,2026-08-23T22:10:40.000Z,2026-08-23 15:10:40,https://queue-times.com/parks/16/queue_times.json
2026-08-23T22:15:19.364Z,2026-08-23 15:15:19,2026-08-23,America/Los_Angeles,disneyland,Disneyland,Mickey's Toontown,332,Roger Rabbit's Car Toon Spin,TRUE,30,2026-08-23T22:10:40.000Z,2026-08-23 15:10:40,https://queue-times.com/parks/16/queue_times.json
2026-08-23T22:15:19.364Z,2026-08-23 15:15:19,2026-08-23,America/Los_Angeles,disneyland,Disneyland,New Orleans Square,13958,Haunted Mansion,FALSE,0,2026-08-21T05:25:59.000Z,2026-08-20 22:25:59,https://queue-times.com/parks/16/queue_times.json
2026-08-23T22:15:19.364Z,2026-08-23 15:15:19,2026-08-23,America/Los_Angeles,disneyland,Disneyland,New Orleans Square,325,Haunted Mansion Holiday,TRUE,45,2026-08-23T22:10:40.000Z,2026-08-23 15:10:40,https://queue-times.com/parks/16/queue_times.json
2026-08-23T22:15:19.364Z,2026-08-23 15:15:19,2026-08-23,America/Los_Angeles,disneyland,Disneyland,New Orleans Square,289,Pirates of the Caribbean,TRUE,20,2026-08-23T22:10:40.000Z,2026-08-23 15:10:40,https://queue-times.com/parks/16/queue_times.json
2026-08-23T22:15:19.364Z,2026-08-23 15:15:19,2026-08-23,America/Los_Angeles,disneyland,Disneyland,Star Wars: Galaxy's Edge,6339,Millennium Falcon: Smugglers Run,TRUE,10,2026-08-23T22:10:40.000Z,2026-08-23 15:10:40,https://queue-times.com/parks/16/queue_times.json
2026-08-23T22:15:19.364Z,2026-08-23 15:15:19,2026-08-23,America/Los_Angeles,disneyland,Disneyland,Star Wars: Galaxy's Edge,10903,Millennium Falcon: Smugglers Run Single Rider,TRUE,0,2026-08-23T22:10:40.000Z,2026-08-23 15:10:40,https://queue-times.com/parks/16/queue_times.json
2026-08-23T22:15:19.364Z,2026-08-23 15:15:19,2026-08-23,America/Los_Angeles,disneyland,Disneyland,Star Wars: Galaxy's Edge,6340,Star Wars: Rise of the Resistance,TRUE,35,2026-08-23T22:10:40.000Z,2026-08-23 15:10:40,https://queue-times.com/parks/16/queue_times.json
2026-08-23T22:15:19.364Z,2026-08-23 15:15:19,2026-08-23,America/Los_Angeles,disneyland,Disneyland,Tomorrowland,287,Astro Orbitor,TRUE,5,2026-08-23T22:10:40.000Z,2026-08-23 15:10:40,https://queue-times.com/parks/16/queue_times.json
2026-08-23T22:15:19.364Z,2026-08-23 15:15:19,2026-08-23,America/Los_Angeles,disneyland,Disneyland,Tomorrowland,317,Autopia,TRUE,10,2026-08-23T22:10:40.000Z,2026-08-23 15:10:40,https://queue-times.com/parks/16/queue_times.json
2026-08-23T22:15:19.364Z,2026-08-23 15:15:19,2026-08-23,America/Los_Angeles,disneyland,Disneyland,Tomorrowland,273,Buzz Lightyear Astro Blasters,TRUE,10,2026-08-23T22:10:40.000Z,2026-08-23 15:10:40,https://queue-times.com/parks/16/queue_times.json
2026-08-23T22:15:19.364Z,2026-08-23 15:15:19,2026-08-23,America/Los_Angeles,disneyland,Disneyland,Tomorrowland,274,Disneyland Monorail,FALSE,0,2026-08-23T22:10:40.000Z,2026-08-23 15:10:40,https://queue-times.com/parks/16/queue_times.json
2026-08-23T22:15:19.364Z,2026-08-23 15:15:19,2026-08-23,America/Los_Angeles,disneyland,Disneyland,Tomorrowland,276,Finding Nemo Submarine Voyage,FALSE,0,2026-08-23T22:10:40.000Z,2026-08-23 15:10:40,https://queue-times.com/parks/16/queue_times.json
2026-08-23T22:15:19.364Z,2026-08-23 15:15:19,2026-08-23,America/Los_Angeles,disneyland,Disneyland,Tomorrowland,16627,Pixar Short Film Spotlight,FALSE,0,2026-08-23T22:10:40.000Z,2026-08-23 15:10:40,https://queue-times.com/parks/16/queue_times.json
2026-08-23T22:15:19.364Z,2026-08-23 15:15:19,2026-08-23,America/Los_Angeles,disneyland,Disneyland,Tomorrowland,284,Space Mountain,TRUE,35,2026-08-23T22:10:40.000Z,2026-08-23 15:10:40,https://queue-times.com/parks/16/queue_times.json
2026-08-23T22:15:19.364Z,2026-08-23 15:15:19,2026-08-23,America/Los_Angeles,disneyland,Disneyland,Tomorrowland,286,Star Tours - The Adventures Continue,TRUE,15,2026-08-23T22:10:40.000Z,2026-08-23 15:10:40,https://queue-times.com/parks/16/queue_times.json
2026-08-23T22:15:19.364Z,2026-08-23 15:15:19,2026-08-23,America/Los_Angeles,dca,Disney California Adventure,Avengers Campus,329,Guardians of the Galaxy - Mission: BREAKOUT!,FALSE,0,2026-08-23T22:10:53.000Z,2026-08-23 15:10:53,https://queue-times.com/parks/17/queue_times.json
2026-08-23T22:15:19.364Z,2026-08-23 15:15:19,2026-08-23,America/Los_Angeles,dca,Disney California Adventure,Avengers Campus,8843,WEB SLINGERS: A Spider-Man Adventure,TRUE,45,2026-08-23T22:10:53.000Z,2026-08-23 15:10:53,https://queue-times.com/parks/17/queue_times.json
2026-08-23T22:15:19.364Z,2026-08-23 15:15:19,2026-08-23,America/Los_Angeles,dca,Disney California Adventure,Avengers Campus,10907,WEB SLINGERS: A Spider-Man Adventure Single Rider,TRUE,0,2026-08-23T22:10:53.000Z,2026-08-23 15:10:53,https://queue-times.com/parks/17/queue_times.json
2026-08-23T22:15:19.364Z,2026-08-23 15:15:19,2026-08-23,America/Los_Angeles,dca,Disney California Adventure,Cars Land,2608,Luigi's Honkin' Haul-O-Ween,TRUE,5,2026-08-23T22:10:53.000Z,2026-08-23 15:10:53,https://queue-times.com/parks/17/queue_times.json
2026-08-23T22:15:19.364Z,2026-08-23 15:15:19,2026-08-23,America/Los_Angeles,dca,Disney California Adventure,Cars Land,13961,Luigi's Rollickin' Roadsters,FALSE,0,2026-08-18T08:55:45.000Z,2026-08-18 01:55:45,https://queue-times.com/parks/17/queue_times.json
2026-08-23T22:15:19.364Z,2026-08-23 15:15:19,2026-08-23,America/Los_Angeles,dca,Disney California Adventure,Cars Land,315,Mater's Junkyard Jamboree,FALSE,0,2026-08-18T08:55:45.000Z,2026-08-18 01:55:45,https://queue-times.com/parks/17/queue_times.json
2026-08-23T22:15:19.364Z,2026-08-23 15:15:19,2026-08-23,America/Los_Angeles,dca,Disney California Adventure,Cars Land,295,Radiator Springs Racers,TRUE,65,2026-08-23T22:10:53.000Z,2026-08-23 15:10:53,https://queue-times.com/parks/17/queue_times.json
2026-08-23T22:15:19.364Z,2026-08-23 15:15:19,2026-08-23,America/Los_Angeles,dca,Disney California Adventure,Cars Land,10904,Radiator Springs Racers Single Rider,TRUE,0,2026-08-23T22:10:53.000Z,2026-08-23 15:10:53,https://queue-times.com/parks/17/queue_times.json
2026-08-23T22:15:19.364Z,2026-08-23 15:15:19,2026-08-23,America/Los_Angeles,dca,Disney California Adventure,Grizzly Peak,302,Grizzly River Run,TRUE,50,2026-08-23T22:10:53.000Z,2026-08-23 15:10:53,https://queue-times.com/parks/17/queue_times.json
2026-08-23T22:15:19.364Z,2026-08-23 15:15:19,2026-08-23,America/Los_Angeles,dca,Disney California Adventure,Grizzly Peak,293,Redwood Creek Challenge Trail,TRUE,5,2026-08-23T22:10:53.000Z,2026-08-23 15:10:53,https://queue-times.com/parks/17/queue_times.json
2026-08-23T22:15:19.364Z,2026-08-23 15:15:19,2026-08-23,America/Los_Angeles,dca,Disney California Adventure,Grizzly Peak,17129,Soarin’ Across America,TRUE,65,2026-08-23T22:10:53.000Z,2026-08-23 15:10:53,https://queue-times.com/parks/17/queue_times.json
2026-08-23T22:15:19.364Z,2026-08-23 15:15:19,2026-08-23,America/Los_Angeles,dca,Disney California Adventure,Hollywood Land,321,Animation Academy,TRUE,0,2026-08-23T22:10:53.000Z,2026-08-23 15:10:53,https://queue-times.com/parks/17/queue_times.json
2026-08-23T22:15:19.364Z,2026-08-23 15:15:19,2026-08-23,America/Los_Angeles,dca,Disney California Adventure,Hollywood Land,6440,Mickey's PhilharMagic,TRUE,10,2026-08-23T22:10:53.000Z,2026-08-23 15:10:53,https://queue-times.com/parks/17/queue_times.json
2026-08-23T22:15:19.364Z,2026-08-23 15:15:19,2026-08-23,America/Los_Angeles,dca,Disney California Adventure,Hollywood Land,291,"Monsters, Inc. Mike & Sulley to the Rescue!",TRUE,30,2026-08-23T22:10:53.000Z,2026-08-23 15:10:53,https://queue-times.com/parks/17/queue_times.json
2026-08-23T22:15:19.364Z,2026-08-23 15:15:19,2026-08-23,America/Los_Angeles,dca,Disney California Adventure,Hollywood Land,868,Sorcerer's Workshop,TRUE,0,2026-08-23T22:10:53.000Z,2026-08-23 15:10:53,https://queue-times.com/parks/17/queue_times.json
2026-08-23T22:15:19.364Z,2026-08-23 15:15:19,2026-08-23,America/Los_Angeles,dca,Disney California Adventure,Hollywood Land,294,Turtle Talk with Crush,TRUE,0,2026-08-23T22:10:53.000Z,2026-08-23 15:10:53,https://queue-times.com/parks/17/queue_times.json
2026-08-23T22:15:19.364Z,2026-08-23 15:15:19,2026-08-23,America/Los_Angeles,dca,Disney California Adventure,Pacific Wharf,869,The Bakery Tour,TRUE,0,2026-08-23T22:10:53.000Z,2026-08-23 15:10:53,https://queue-times.com/parks/17/queue_times.json
2026-08-23T22:15:19.364Z,2026-08-23 15:15:19,2026-08-23,America/Los_Angeles,dca,Disney California Adventure,Paradise Gardens Park,298,Golden Zephyr,FALSE,0,2026-08-23T22:10:53.000Z,2026-08-23 15:10:53,https://queue-times.com/parks/17/queue_times.json
2026-08-23T22:15:19.364Z,2026-08-23 15:15:19,2026-08-23,America/Los_Angeles,dca,Disney California Adventure,Paradise Gardens Park,319,Goofy's Sky School,TRUE,25,2026-08-23T22:10:53.000Z,2026-08-23 15:10:53,https://queue-times.com/parks/17/queue_times.json
2026-08-23T22:15:19.364Z,2026-08-23 15:15:19,2026-08-23,America/Los_Angeles,dca,Disney California Adventure,Paradise Gardens Park,301,Silly Symphony Swings,FALSE,0,2026-08-23T22:10:53.000Z,2026-08-23 15:10:53,https://queue-times.com/parks/17/queue_times.json
2026-08-23T22:15:19.364Z,2026-08-23 15:15:19,2026-08-23,America/Los_Angeles,dca,Disney California Adventure,Paradise Gardens Park,316,The Little Mermaid - Ariel's Undersea Adventure,FALSE,0,2026-08-23T22:10:53.000Z,2026-08-23 15:10:53,https://queue-times.com/parks/17/queue_times.json
2026-08-23T22:15:19.364Z,2026-08-23 15:15:19,2026-08-23,America/Los_Angeles,dca,Disney California Adventure,Paradise Gardens Park,11528,World of Color – ONE,FALSE,0,2026-08-23T22:10:53.000Z,2026-08-23 15:10:53,https://queue-times.com/parks/17/queue_times.json
2026-08-23T22:15:19.364Z,2026-08-23 15:15:19,2026-08-23,America/Los_Angeles,dca,Disney California Adventure,Pixar Pier,866,Games of Pixar Pier,TRUE,0,2026-08-23T22:10:53.000Z,2026-08-23 15:10:53,https://queue-times.com/parks/17/queue_times.json
2026-08-23T22:15:19.364Z,2026-08-23 15:15:19,2026-08-23,America/Los_Angeles,dca,Disney California Adventure,Pixar Pier,322,Incredicoaster,FALSE,0,2026-08-23T22:10:53.000Z,2026-08-23 15:10:53,https://queue-times.com/parks/17/queue_times.json
2026-08-23T22:15:19.364Z,2026-08-23 15:15:19,2026-08-23,America/Los_Angeles,dca,Disney California Adventure,Pixar Pier,10906,Incredicoaster Single Rider,FALSE,0,2026-08-23T22:10:53.000Z,2026-08-23 15:10:53,https://queue-times.com/parks/17/queue_times.json
2026-08-23T22:15:19.364Z,2026-08-23 15:15:19,2026-08-23,America/Los_Angeles,dca,Disney California Adventure,Pixar Pier,6643,Inside Out Emotional Whirlwind,TRUE,5,2026-08-23T22:10:53.000Z,2026-08-23 15:10:53,https://queue-times.com/parks/17/queue_times.json
2026-08-23T22:15:19.364Z,2026-08-23 15:15:19,2026-08-23,America/Los_Angeles,dca,Disney California Adventure,Pixar Pier,310,Jessie's Critter Carousel,TRUE,5,2026-08-23T22:10:53.000Z,2026-08-23 15:10:53,https://queue-times.com/parks/17/queue_times.json
2026-08-23T22:15:19.364Z,2026-08-23 15:15:19,2026-08-23,America/Los_Angeles,dca,Disney California Adventure,Pixar Pier,300,Jumpin' Jellyfish,TRUE,5,2026-08-23T22:10:53.000Z,2026-08-23 15:10:53,https://queue-times.com/parks/17/queue_times.json
2026-08-23T22:15:19.364Z,2026-08-23 15:15:19,2026-08-23,America/Los_Angeles,dca,Disney California Adventure,Pixar Pier,311,Pixar Pal-A-Round - Swinging,TRUE,10,2026-08-23T22:10:53.000Z,2026-08-23 15:10:53,https://queue-times.com/parks/17/queue_times.json
2026-08-23T22:15:19.364Z,2026-08-23 15:15:19,2026-08-23,America/Los_Angeles,dca,Disney California Adventure,Pixar Pier,5557,Pixar Pal-A-Round – Non-Swinging,TRUE,5,2026-08-23T22:10:53.000Z,2026-08-23 15:10:53,https://queue-times.com/parks/17/queue_times.json
2026-08-23T22:15:19.364Z,2026-08-23 15:15:19,2026-08-23,America/Los_Angeles,dca,Disney California Adventure,Pixar Pier,313,Toy Story Midway Mania!,TRUE,40,2026-08-23T22:10:53.000Z,2026-08-23 15:10:53,https://queue-times.com/parks/17/queue_times.json
2026-08-23T22:15:19.364Z,2026-08-23 15:15:19,2026-08-23,America/Los_Angeles,dca,Disney California Adventure,Halloween,5146,Guardians of the Galaxy - Monsters After Dark,TRUE,45,2026-08-23T22:10:53.000Z,2026-08-23 15:10:53,https://queue-times.com/parks/17/queue_times.json
2026-08-23T22:15:19.364Z,2026-08-23 15:15:19,2026-08-23,America/Los_Angeles,dca,Disney California Adventure,Halloween,4723,Mater's Graveyard JamBOOree,TRUE,5,2026-08-23T22:10:53.000Z,2026-08-23 15:10:53,https://queue-times.com/parks/17/queue_times.json
2026-08-23T22:15:19.364Z,2026-08-23 15:15:19,2026-08-23,America/Los_Angeles,dca,Disney California Adventure,Halloween,7292,Villains Grove at Oogie Boogie Bash,FALSE,0,2026-08-23T22:10:53.000Z,2026-08-23 15:10:53,https://queue-times.com/parks/17/queue_times.json
2026-08-23T22:30:20.276Z,2026-08-23 15:30:20,2026-08-23,America/Los_Angeles,disneyland,Disneyland,Adventureland,12428,Adventureland Treehouse inspired by Walt Disney’s Swiss Family Robinson,TRUE,0,2026-08-23T22:25:34.000Z,2026-08-23 15:25:34,https://queue-times.com/parks/16/queue_times.json
2026-08-23T22:30:20.276Z,2026-08-23 15:30:20,2026-08-23,America/Los_Angeles,disneyland,Disneyland,Adventureland,326,Indiana Jones™ Adventure,TRUE,30,2026-08-23T22:25:34.000Z,2026-08-23 15:25:34,https://queue-times.com/parks/16/queue_times.json
2026-08-23T22:30:20.276Z,2026-08-23 15:30:20,2026-08-23,America/Los_Angeles,disneyland,Disneyland,Adventureland,296,Jungle Cruise,TRUE,5,2026-08-23T22:25:34.000Z,2026-08-23 15:25:34,https://queue-times.com/parks/16/queue_times.json
2026-08-23T22:30:20.276Z,2026-08-23 15:30:20,2026-08-23,America/Los_Angeles,disneyland,Disneyland,Adventureland,288,Walt Disney's Enchanted Tiki Room,TRUE,0,2026-08-23T22:25:34.000Z,2026-08-23 15:25:34,https://queue-times.com/parks/16/queue_times.json
2026-08-23T22:30:20.276Z,2026-08-23 15:30:20,2026-08-23,America/Los_Angeles,disneyland,Disneyland,Bayou Country,304,Davy Crockett's Explorer Canoes,FALSE,0,2026-08-23T22:25:34.000Z,2026-08-23 15:25:34,https://queue-times.com/parks/16/queue_times.json
2026-08-23T22:30:20.276Z,2026-08-23 15:30:20,2026-08-23,America/Los_Angeles,disneyland,Disneyland,Bayou Country,306,The Many Adventures of Winnie the Pooh,TRUE,5,2026-08-23T22:25:34.000Z,2026-08-23 15:25:34,https://queue-times.com/parks/16/queue_times.json
2026-08-23T22:30:20.276Z,2026-08-23 15:30:20,2026-08-23,America/Los_Angeles,disneyland,Disneyland,Bayou Country,14168,Tiana's Bayou Adventure,FALSE,0,2026-08-23T22:25:34.000Z,2026-08-23 15:25:34,https://queue-times.com/parks/16/queue_times.json
2026-08-23T22:30:20.276Z,2026-08-23 15:30:20,2026-08-23,America/Los_Angeles,disneyland,Disneyland,Bayou Country,14326,Tiana's Bayou Adventure Single Rider,FALSE,0,2026-08-23T22:25:34.000Z,2026-08-23 15:25:34,https://queue-times.com/parks/16/queue_times.json
2026-08-23T22:30:20.276Z,2026-08-23 15:30:20,2026-08-23,America/Los_Angeles,disneyland,Disneyland,Fantasyland,307,"""it's a small world""",TRUE,5,2026-08-23T22:25:34.000Z,2026-08-23 15:25:34,https://queue-times.com/parks/16/queue_times.json
2026-08-23T22:30:20.276Z,2026-08-23 15:30:20,2026-08-23,America/Los_Angeles,disneyland,Disneyland,Fantasyland,285,Alice in Wonderland,TRUE,15,2026-08-23T22:25:34.000Z,2026-08-23 15:25:34,https://queue-times.com/parks/16/queue_times.json
2026-08-23T22:30:20.276Z,2026-08-23 15:30:20,2026-08-23,America/Los_Angeles,disneyland,Disneyland,Fantasyland,16254,Bluey’s Best Day Ever! at Fantasyland Theatre,TRUE,0,2026-08-23T22:25:34.000Z,2026-08-23 15:25:34,https://queue-times.com/parks/16/queue_times.json
2026-08-23T22:30:20.276Z,2026-08-23 15:30:20,2026-08-23,America/Los_Angeles,disneyland,Disneyland,Fantasyland,303,Casey Jr. Circus Train,TRUE,5,2026-08-23T22:25:34.000Z,2026-08-23 15:25:34,https://queue-times.com/parks/16/queue_times.json
2026-08-23T22:30:20.276Z,2026-08-23 15:30:20,2026-08-23,America/Los_Angeles,disneyland,Disneyland,Fantasyland,275,Dumbo the Flying Elephant,TRUE,5,2026-08-23T22:25:34.000Z,2026-08-23 15:25:34,https://queue-times.com/parks/16/queue_times.json
2026-08-23T22:30:20.276Z,2026-08-23 15:30:20,2026-08-23,America/Los_Angeles,disneyland,Disneyland,Fantasyland,277,King Arthur Carrousel,TRUE,5,2026-08-23T22:25:34.000Z,2026-08-23 15:25:34,https://queue-times.com/parks/16/queue_times.json
2026-08-23T22:30:20.276Z,2026-08-23 15:30:20,2026-08-23,America/Los_Angeles,disneyland,Disneyland,Fantasyland,278,Mad Tea Party,TRUE,5,2026-08-23T22:25:34.000Z,2026-08-23 15:25:34,https://queue-times.com/parks/16/queue_times.json
2026-08-23T22:30:20.276Z,2026-08-23 15:30:20,2026-08-23,America/Los_Angeles,disneyland,Disneyland,Fantasyland,279,Matterhorn Bobsleds,TRUE,15,2026-08-23T22:25:34.000Z,2026-08-23 15:25:34,https://queue-times.com/parks/16/queue_times.json
2026-08-23T22:30:20.276Z,2026-08-23 15:30:20,2026-08-23,America/Los_Angeles,disneyland,Disneyland,Fantasyland,6711,Meet Disney Princesses at Royal Hall,TRUE,15,2026-08-23T22:25:34.000Z,2026-08-23 15:25:34,https://queue-times.com/parks/16/queue_times.json
2026-08-23T22:30:20.276Z,2026-08-23 15:30:20,2026-08-23,America/Los_Angeles,disneyland,Disneyland,Fantasyland,280,Mr. Toad's Wild Ride,FALSE,0,2026-08-23T22:25:34.000Z,2026-08-23 15:25:34,https://queue-times.com/parks/16/queue_times.json
2026-08-23T22:30:20.276Z,2026-08-23 15:30:20,2026-08-23,America/Los_Angeles,disneyland,Disneyland,Fantasyland,281,Peter Pan's Flight,TRUE,20,2026-08-23T22:25:34.000Z,2026-08-23 15:25:34,https://queue-times.com/parks/16/queue_times.json
2026-08-23T22:30:20.276Z,2026-08-23 15:30:20,2026-08-23,America/Los_Angeles,disneyland,Disneyland,Fantasyland,282,Pinocchio's Daring Journey,TRUE,10,2026-08-23T22:25:34.000Z,2026-08-23 15:25:34,https://queue-times.com/parks/16/queue_times.json
2026-08-23T22:30:20.276Z,2026-08-23 15:30:20,2026-08-23,America/Los_Angeles,disneyland,Disneyland,Fantasyland,687,Sleeping Beauty Castle Walkthrough,FALSE,0,2026-08-23T22:25:34.000Z,2026-08-23 15:25:34,https://queue-times.com/parks/16/queue_times.json
2026-08-23T22:30:20.276Z,2026-08-23 15:30:20,2026-08-23,America/Los_Angeles,disneyland,Disneyland,Fantasyland,283,Snow White's Enchanted Wish,TRUE,10,2026-08-23T22:25:34.000Z,2026-08-23 15:25:34,https://queue-times.com/parks/16/queue_times.json
2026-08-23T22:30:20.276Z,2026-08-23 15:30:20,2026-08-23,America/Los_Angeles,disneyland,Disneyland,Fantasyland,305,Storybook Land Canal Boats,TRUE,5,2026-08-23T22:25:34.000Z,2026-08-23 15:25:34,https://queue-times.com/parks/16/queue_times.json
2026-08-23T22:30:20.276Z,2026-08-23 15:30:20,2026-08-23,America/Los_Angeles,disneyland,Disneyland,Frontierland,323,Big Thunder Mountain Railroad,TRUE,15,2026-08-23T22:25:34.000Z,2026-08-23 15:25:34,https://queue-times.com/parks/16/queue_times.json
2026-08-23T22:30:20.276Z,2026-08-23 15:30:20,2026-08-23,America/Los_Angeles,disneyland,Disneyland,Frontierland,679,Frontierland Shootin' Exposition,FALSE,0,2026-08-23T22:25:34.000Z,2026-08-23 15:25:34,https://queue-times.com/parks/16/queue_times.json
2026-08-23T22:30:20.276Z,2026-08-23 15:30:20,2026-08-23,America/Los_Angeles,disneyland,Disneyland,Frontierland,456,Mark Twain Riverboat,TRUE,10,2026-08-23T22:25:34.000Z,2026-08-23 15:25:34,https://queue-times.com/parks/16/queue_times.json
2026-08-23T22:30:20.276Z,2026-08-23 15:30:20,2026-08-23,America/Los_Angeles,disneyland,Disneyland,Frontierland,331,Pirate's Lair on Tom Sawyer Island,TRUE,5,2026-08-23T22:25:34.000Z,2026-08-23 15:25:34,https://queue-times.com/parks/16/queue_times.json
2026-08-23T22:30:20.276Z,2026-08-23 15:30:20,2026-08-23,America/Los_Angeles,disneyland,Disneyland,Frontierland,328,Sailing Ship Columbia,FALSE,0,2026-08-23T22:25:34.000Z,2026-08-23 15:25:34,https://queue-times.com/parks/16/queue_times.json
2026-08-23T22:30:20.276Z,2026-08-23 15:30:20,2026-08-23,America/Los_Angeles,disneyland,Disneyland,Main Street U.S.A,674,Disneyland Railroad,FALSE,0,2026-08-23T22:25:34.000Z,2026-08-23 15:25:34,https://queue-times.com/parks/16/queue_times.json
2026-08-23T22:30:20.276Z,2026-08-23 15:30:20,2026-08-23,America/Los_Angeles,disneyland,Disneyland,Main Street U.S.A,690,Great Moments with Mr. Lincoln,FALSE,0,2026-08-23T22:25:34.000Z,2026-08-23 15:25:34,https://queue-times.com/parks/16/queue_times.json
2026-08-23T22:30:20.276Z,2026-08-23 15:30:20,2026-08-23,America/Los_Angeles,disneyland,Disneyland,Main Street U.S.A,686,Main Street Cinema,FALSE,0,2026-08-23T22:25:34.000Z,2026-08-23 15:25:34,https://queue-times.com/parks/16/queue_times.json
2026-08-23T22:30:20.276Z,2026-08-23 15:30:20,2026-08-23,America/Los_Angeles,disneyland,Disneyland,Main Street U.S.A,691,Main Street Vehicles,FALSE,0,2026-08-23T22:25:34.000Z,2026-08-23 15:25:34,https://queue-times.com/parks/16/queue_times.json
2026-08-23T22:30:20.276Z,2026-08-23 15:30:20,2026-08-23,America/Los_Angeles,disneyland,Disneyland,Main Street U.S.A,14915,Opera House - Walt Disney - A Magical Life,TRUE,0,2026-08-23T22:25:34.000Z,2026-08-23 15:25:34,https://queue-times.com/parks/16/queue_times.json
2026-08-23T22:30:20.276Z,2026-08-23 15:30:20,2026-08-23,America/Los_Angeles,disneyland,Disneyland,Main Street U.S.A,695,The Disney Gallery,TRUE,0,2026-08-23T22:25:34.000Z,2026-08-23 15:25:34,https://queue-times.com/parks/16/queue_times.json
2026-08-23T22:30:20.276Z,2026-08-23 15:30:20,2026-08-23,America/Los_Angeles,disneyland,Disneyland,Main Street U.S.A,14923,Walt Disney - A Magical Life,TRUE,0,2026-08-23T22:25:34.000Z,2026-08-23 15:25:34,https://queue-times.com/parks/16/queue_times.json
2026-08-23T22:30:20.276Z,2026-08-23 15:30:20,2026-08-23,America/Los_Angeles,disneyland,Disneyland,Mickey's Toontown,324,Chip 'n' Dale's GADGETcoaster,TRUE,5,2026-08-23T22:25:34.000Z,2026-08-23 15:25:34,https://queue-times.com/parks/16/queue_times.json
2026-08-23T22:30:20.276Z,2026-08-23 15:30:20,2026-08-23,America/Los_Angeles,disneyland,Disneyland,Mickey's Toontown,13814,Donald's Duck Pond,TRUE,0,2026-08-23T22:25:34.000Z,2026-08-23 15:25:34,https://queue-times.com/parks/16/queue_times.json
2026-08-23T22:30:20.276Z,2026-08-23 15:30:20,2026-08-23,America/Los_Angeles,disneyland,Disneyland,Mickey's Toontown,11980,Goofy's How-to-Play Yard,TRUE,0,2026-08-23T22:25:34.000Z,2026-08-23 15:25:34,https://queue-times.com/parks/16/queue_times.json
2026-08-23T22:30:20.276Z,2026-08-23 15:30:20,2026-08-23,America/Los_Angeles,disneyland,Disneyland,Mickey's Toontown,11526,Mickey & Minnie's Runaway Railway,TRUE,20,2026-08-23T22:25:34.000Z,2026-08-23 15:25:34,https://queue-times.com/parks/16/queue_times.json
2026-08-23T22:30:20.276Z,2026-08-23 15:30:20,2026-08-23,America/Los_Angeles,disneyland,Disneyland,Mickey's Toontown,709,Mickey's House and Meet Mickey Mouse,TRUE,10,2026-08-23T22:25:34.000Z,2026-08-23 15:25:34,https://queue-times.com/parks/16/queue_times.json
2026-08-23T22:30:20.276Z,2026-08-23 15:30:20,2026-08-23,America/Los_Angeles,disneyland,Disneyland,Mickey's Toontown,327,Mickey's House and Meet Mickey Mouse,FALSE,0,2026-08-23T22:25:34.000Z,2026-08-23 15:25:34,https://queue-times.com/parks/16/queue_times.json
2026-08-23T22:30:20.276Z,2026-08-23 15:30:20,2026-08-23,America/Los_Angeles,disneyland,Disneyland,Mickey's Toontown,684,Minnie's House,TRUE,0,2026-08-23T22:25:34.000Z,2026-08-23 15:25:34,https://queue-times.com/parks/16/queue_times.json
2026-08-23T22:30:20.276Z,2026-08-23 15:30:20,2026-08-23,America/Los_Angeles,disneyland,Disneyland,Mickey's Toontown,332,Roger Rabbit's Car Toon Spin,TRUE,30,2026-08-23T22:25:34.000Z,2026-08-23 15:25:34,https://queue-times.com/parks/16/queue_times.json
2026-08-23T22:30:20.276Z,2026-08-23 15:30:20,2026-08-23,America/Los_Angeles,disneyland,Disneyland,New Orleans Square,13958,Haunted Mansion,FALSE,0,2026-08-21T05:25:59.000Z,2026-08-20 22:25:59,https://queue-times.com/parks/16/queue_times.json
2026-08-23T22:30:20.276Z,2026-08-23 15:30:20,2026-08-23,America/Los_Angeles,disneyland,Disneyland,New Orleans Square,325,Haunted Mansion Holiday,TRUE,25,2026-08-23T22:25:34.000Z,2026-08-23 15:25:34,https://queue-times.com/parks/16/queue_times.json
2026-08-23T22:30:20.276Z,2026-08-23 15:30:20,2026-08-23,America/Los_Angeles,disneyland,Disneyland,New Orleans Square,289,Pirates of the Caribbean,TRUE,15,2026-08-23T22:25:34.000Z,2026-08-23 15:25:34,https://queue-times.com/parks/16/queue_times.json
2026-08-23T22:30:20.276Z,2026-08-23 15:30:20,2026-08-23,America/Los_Angeles,disneyland,Disneyland,Star Wars: Galaxy's Edge,6339,Millennium Falcon: Smugglers Run,TRUE,10,2026-08-23T22:25:34.000Z,2026-08-23 15:25:34,https://queue-times.com/parks/16/queue_times.json
2026-08-23T22:30:20.276Z,2026-08-23 15:30:20,2026-08-23,America/Los_Angeles,disneyland,Disneyland,Star Wars: Galaxy's Edge,10903,Millennium Falcon: Smugglers Run Single Rider,TRUE,0,2026-08-23T22:25:34.000Z,2026-08-23 15:25:34,https://queue-times.com/parks/16/queue_times.json
2026-08-23T22:30:20.276Z,2026-08-23 15:30:20,2026-08-23,America/Los_Angeles,disneyland,Disneyland,Star Wars: Galaxy's Edge,6340,Star Wars: Rise of the Resistance,TRUE,25,2026-08-23T22:25:34.000Z,2026-08-23 15:25:34,https://queue-times.com/parks/16/queue_times.json
2026-08-23T22:30:20.276Z,2026-08-23 15:30:20,2026-08-23,America/Los_Angeles,disneyland,Disneyland,Tomorrowland,287,Astro Orbitor,TRUE,5,2026-08-23T22:25:34.000Z,2026-08-23 15:25:34,https://queue-times.com/parks/16/queue_times.json
2026-08-23T22:30:20.276Z,2026-08-23 15:30:20,2026-08-23,America/Los_Angeles,disneyland,Disneyland,Tomorrowland,317,Autopia,TRUE,10,2026-08-23T22:25:34.000Z,2026-08-23 15:25:34,https://queue-times.com/parks/16/queue_times.json
2026-08-23T22:30:20.276Z,2026-08-23 15:30:20,2026-08-23,America/Los_Angeles,disneyland,Disneyland,Tomorrowland,273,Buzz Lightyear Astro Blasters,TRUE,10,2026-08-23T22:25:34.000Z,2026-08-23 15:25:34,https://queue-times.com/parks/16/queue_times.json
2026-08-23T22:30:20.276Z,2026-08-23 15:30:20,2026-08-23,America/Los_Angeles,disneyland,Disneyland,Tomorrowland,274,Disneyland Monorail,FALSE,0,2026-08-23T22:25:34.000Z,2026-08-23 15:25:34,https://queue-times.com/parks/16/queue_times.json
2026-08-23T22:30:20.276Z,2026-08-23 15:30:20,2026-08-23,America/Los_Angeles,disneyland,Disneyland,Tomorrowland,276,Finding Nemo Submarine Voyage,TRUE,5,2026-08-23T22:25:34.000Z,2026-08-23 15:25:34,https://queue-times.com/parks/16/queue_times.json
2026-08-23T22:30:20.276Z,2026-08-23 15:30:20,2026-08-23,America/Los_Angeles,disneyland,Disneyland,Tomorrowland,16627,Pixar Short Film Spotlight,FALSE,0,2026-08-23T22:25:34.000Z,2026-08-23 15:25:34,https://queue-times.com/parks/16/queue_times.json
2026-08-23T22:30:20.276Z,2026-08-23 15:30:20,2026-08-23,America/Los_Angeles,disneyland,Disneyland,Tomorrowland,284,Space Mountain,TRUE,35,2026-08-23T22:25:34.000Z,2026-08-23 15:25:34,https://queue-times.com/parks/16/queue_times.json
2026-08-23T22:30:20.276Z,2026-08-23 15:30:20,2026-08-23,America/Los_Angeles,disneyland,Disneyland,Tomorrowland,286,Star Tours - The Adventures Continue,TRUE,15,2026-08-23T22:25:34.000Z,2026-08-23 15:25:34,https://queue-times.com/parks/16/queue_times.json
2026-08-23T22:30:20.276Z,2026-08-23 15:30:20,2026-08-23,America/Los_Angeles,dca,Disney California Adventure,Avengers Campus,329,Guardians of the Galaxy - Mission: BREAKOUT!,FALSE,0,2026-08-23T22:25:48.000Z,2026-08-23 15:25:48,https://queue-times.com/parks/17/queue_times.json
2026-08-23T22:30:20.276Z,2026-08-23 15:30:20,2026-08-23,America/Los_Angeles,dca,Disney California Adventure,Avengers Campus,8843,WEB SLINGERS: A Spider-Man Adventure,TRUE,45,2026-08-23T22:25:48.000Z,2026-08-23 15:25:48,https://queue-times.com/parks/17/queue_times.json
2026-08-23T22:30:20.276Z,2026-08-23 15:30:20,2026-08-23,America/Los_Angeles,dca,Disney California Adventure,Avengers Campus,10907,WEB SLINGERS: A Spider-Man Adventure Single Rider,TRUE,0,2026-08-23T22:25:48.000Z,2026-08-23 15:25:48,https://queue-times.com/parks/17/queue_times.json
2026-08-23T22:30:20.276Z,2026-08-23 15:30:20,2026-08-23,America/Los_Angeles,dca,Disney California Adventure,Cars Land,2608,Luigi's Honkin' Haul-O-Ween,TRUE,5,2026-08-23T22:25:48.000Z,2026-08-23 15:25:48,https://queue-times.com/parks/17/queue_times.json
2026-08-23T22:30:20.276Z,2026-08-23 15:30:20,2026-08-23,America/Los_Angeles,dca,Disney California Adventure,Cars Land,13961,Luigi's Rollickin' Roadsters,FALSE,0,2026-08-18T08:55:45.000Z,2026-08-18 01:55:45,https://queue-times.com/parks/17/queue_times.json
2026-08-23T22:30:20.276Z,2026-08-23 15:30:20,2026-08-23,America/Los_Angeles,dca,Disney California Adventure,Cars Land,315,Mater's Junkyard Jamboree,FALSE,0,2026-08-18T08:55:45.000Z,2026-08-18 01:55:45,https://queue-times.com/parks/17/queue_times.json
2026-08-23T22:30:20.276Z,2026-08-23 15:30:20,2026-08-23,America/Los_Angeles,dca,Disney California Adventure,Cars Land,295,Radiator Springs Racers,TRUE,65,2026-08-23T22:25:48.000Z,2026-08-23 15:25:48,https://queue-times.com/parks/17/queue_times.json
2026-08-23T22:30:20.276Z,2026-08-23 15:30:20,2026-08-23,America/Los_Angeles,dca,Disney California Adventure,Cars Land,10904,Radiator Springs Racers Single Rider,TRUE,0,2026-08-23T22:25:48.000Z,2026-08-23 15:25:48,https://queue-times.com/parks/17/queue_times.json
2026-08-23T22:30:20.276Z,2026-08-23 15:30:20,2026-08-23,America/Los_Angeles,dca,Disney California Adventure,Grizzly Peak,302,Grizzly River Run,TRUE,50,2026-08-23T22:25:48.000Z,2026-08-23 15:25:48,https://queue-times.com/parks/17/queue_times.json
2026-08-23T22:30:20.276Z,2026-08-23 15:30:20,2026-08-23,America/Los_Angeles,dca,Disney California Adventure,Grizzly Peak,293,Redwood Creek Challenge Trail,TRUE,5,2026-08-23T22:25:48.000Z,2026-08-23 15:25:48,https://queue-times.com/parks/17/queue_times.json
2026-08-23T22:30:20.276Z,2026-08-23 15:30:20,2026-08-23,America/Los_Angeles,dca,Disney California Adventure,Grizzly Peak,17129,Soarin’ Across America,TRUE,40,2026-08-23T22:25:48.000Z,2026-08-23 15:25:48,https://queue-times.com/parks/17/queue_times.json
2026-08-23T22:30:20.276Z,2026-08-23 15:30:20,2026-08-23,America/Los_Angeles,dca,Disney California Adventure,Hollywood Land,321,Animation Academy,TRUE,0,2026-08-23T22:25:48.000Z,2026-08-23 15:25:48,https://queue-times.com/parks/17/queue_times.json
2026-08-23T22:30:20.276Z,2026-08-23 15:30:20,2026-08-23,America/Los_Angeles,dca,Disney California Adventure,Hollywood Land,6440,Mickey's PhilharMagic,TRUE,10,2026-08-23T22:25:48.000Z,2026-08-23 15:25:48,https://queue-times.com/parks/17/queue_times.json
2026-08-23T22:30:20.276Z,2026-08-23 15:30:20,2026-08-23,America/Los_Angeles,dca,Disney California Adventure,Hollywood Land,291,"Monsters, Inc. Mike & Sulley to the Rescue!",TRUE,40,2026-08-23T22:25:48.000Z,2026-08-23 15:25:48,https://queue-times.com/parks/17/queue_times.json
2026-08-23T22:30:20.276Z,2026-08-23 15:30:20,2026-08-23,America/Los_Angeles,dca,Disney California Adventure,Hollywood Land,868,Sorcerer's Workshop,TRUE,0,2026-08-23T22:25:48.000Z,2026-08-23 15:25:48,https://queue-times.com/parks/17/queue_times.json
2026-08-23T22:30:20.276Z,2026-08-23 15:30:20,2026-08-23,America/Los_Angeles,dca,Disney California Adventure,Hollywood Land,294,Turtle Talk with Crush,TRUE,0,2026-08-23T22:25:48.000Z,2026-08-23 15:25:48,https://queue-times.com/parks/17/queue_times.json
2026-08-23T22:30:20.276Z,2026-08-23 15:30:20,2026-08-23,America/Los_Angeles,dca,Disney California Adventure,Pacific Wharf,869,The Bakery Tour,TRUE,0,2026-08-23T22:25:48.000Z,2026-08-23 15:25:48,https://queue-times.com/parks/17/queue_times.json
2026-08-23T22:30:20.276Z,2026-08-23 15:30:20,2026-08-23,America/Los_Angeles,dca,Disney California Adventure,Paradise Gardens Park,298,Golden Zephyr,FALSE,0,2026-08-23T22:25:48.000Z,2026-08-23 15:25:48,https://queue-times.com/parks/17/queue_times.json
2026-08-23T22:30:20.276Z,2026-08-23 15:30:20,2026-08-23,America/Los_Angeles,dca,Disney California Adventure,Paradise Gardens Park,319,Goofy's Sky School,TRUE,25,2026-08-23T22:25:48.000Z,2026-08-23 15:25:48,https://queue-times.com/parks/17/queue_times.json
2026-08-23T22:30:20.276Z,2026-08-23 15:30:20,2026-08-23,America/Los_Angeles,dca,Disney California Adventure,Paradise Gardens Park,301,Silly Symphony Swings,FALSE,0,2026-08-23T22:25:48.000Z,2026-08-23 15:25:48,https://queue-times.com/parks/17/queue_times.json
2026-08-23T22:30:20.276Z,2026-08-23 15:30:20,2026-08-23,America/Los_Angeles,dca,Disney California Adventure,Paradise Gardens Park,316,The Little Mermaid - Ariel's Undersea Adventure,FALSE,0,2026-08-23T22:25:48.000Z,2026-08-23 15:25:48,https://queue-times.com/parks/17/queue_times.json
2026-08-23T22:30:20.276Z,2026-08-23 15:30:20,2026-08-23,America/Los_Angeles,dca,Disney California Adventure,Paradise Gardens Park,11528,World of Color – ONE,FALSE,0,2026-08-23T22:25:48.000Z,2026-08-23 15:25:48,https://queue-times.com/parks/17/queue_times.json
2026-08-23T22:30:20.276Z,2026-08-23 15:30:20,2026-08-23,America/Los_Angeles,dca,Disney California Adventure,Pixar Pier,866,Games of Pixar Pier,TRUE,0,2026-08-23T22:25:48.000Z,2026-08-23 15:25:48,https://queue-times.com/parks/17/queue_times.json
2026-08-23T22:30:20.276Z,2026-08-23 15:30:20,2026-08-23,America/Los_Angeles,dca,Disney California Adventure,Pixar Pier,322,Incredicoaster,FALSE,0,2026-08-23T22:25:48.000Z,2026-08-23 15:25:48,https://queue-times.com/parks/17/queue_times.json
2026-08-23T22:30:20.276Z,2026-08-23 15:30:20,2026-08-23,America/Los_Angeles,dca,Disney California Adventure,Pixar Pier,10906,Incredicoaster Single Rider,FALSE,0,2026-08-23T22:25:48.000Z,2026-08-23 15:25:48,https://queue-times.com/parks/17/queue_times.json
2026-08-23T22:30:20.276Z,2026-08-23 15:30:20,2026-08-23,America/Los_Angeles,dca,Disney California Adventure,Pixar Pier,6643,Inside Out Emotional Whirlwind,TRUE,5,2026-08-23T22:25:48.000Z,2026-08-23 15:25:48,https://queue-times.com/parks/17/queue_times.json
2026-08-23T22:30:20.276Z,2026-08-23 15:30:20,2026-08-23,America/Los_Angeles,dca,Disney California Adventure,Pixar Pier,310,Jessie's Critter Carousel,TRUE,5,2026-08-23T22:25:48.000Z,2026-08-23 15:25:48,https://queue-times.com/parks/17/queue_times.json
2026-08-23T22:30:20.276Z,2026-08-23 15:30:20,2026-08-23,America/Los_Angeles,dca,Disney California Adventure,Pixar Pier,300,Jumpin' Jellyfish,TRUE,5,2026-08-23T22:25:48.000Z,2026-08-23 15:25:48,https://queue-times.com/parks/17/queue_times.json
2026-08-23T22:30:20.276Z,2026-08-23 15:30:20,2026-08-23,America/Los_Angeles,dca,Disney California Adventure,Pixar Pier,311,Pixar Pal-A-Round - Swinging,TRUE,10,2026-08-23T22:25:48.000Z,2026-08-23 15:25:48,https://queue-times.com/parks/17/queue_times.json
2026-08-23T22:30:20.276Z,2026-08-23 15:30:20,2026-08-23,America/Los_Angeles,dca,Disney California Adventure,Pixar Pier,5557,Pixar Pal-A-Round – Non-Swinging,TRUE,5,2026-08-23T22:25:48.000Z,2026-08-23 15:25:48,https://queue-times.com/parks/17/queue_times.json
2026-08-23T22:30:20.276Z,2026-08-23 15:30:20,2026-08-23,America/Los_Angeles,dca,Disney California Adventure,Pixar Pier,313,Toy Story Midway Mania!,TRUE,40,2026-08-23T22:25:48.000Z,2026-08-23 15:25:48,https://queue-times.com/parks/17/queue_times.json
2026-08-23T22:30:20.276Z,2026-08-23 15:30:20,2026-08-23,America/Los_Angeles,dca,Disney California Adventure,Halloween,5146,Guardians of the Galaxy - Monsters After Dark,TRUE,45,2026-08-23T22:25:48.000Z,2026-08-23 15:25:48,https://queue-times.com/parks/17/queue_times.json
2026-08-23T22:30:20.276Z,2026-08-23 15:30:20,2026-08-23,America/Los_Angeles,dca,Disney California Adventure,Halloween,4723,Mater's Graveyard JamBOOree,TRUE,5,2026-08-23T22:25:48.000Z,2026-08-23 15:25:48,https://queue-times.com/parks/17/queue_times.json
2026-08-23T22:30:20.276Z,2026-08-23 15:30:20,2026-08-23,America/Los_Angeles,dca,Disney California Adventure,Halloween,7292,Villains Grove at Oogie Boogie Bash,FALSE,0,2026-08-23T22:25:48.000Z,2026-08-23 15:25:48,https://queue-times.com/parks/17/queue_times.json
2026-08-23T22:45:21.298Z,2026-08-23 15:45:21,2026-08-23,America/Los_Angeles,disneyland,Disneyland,Adventureland,12428,Adventureland Treehouse inspired by Walt Disney’s Swiss Family Robinson,TRUE,0,2026-08-23T22:40:33.000Z,2026-08-23 15:40:33,https://queue-times.com/parks/16/queue_times.json
2026-08-23T22:45:21.298Z,2026-08-23 15:45:21,2026-08-23,America/Los_Angeles,disneyland,Disneyland,Adventureland,326,Indiana Jones™ Adventure,TRUE,45,2026-08-23T22:40:33.000Z,2026-08-23 15:40:33,https://queue-times.com/parks/16/queue_times.json
2026-08-23T22:45:21.298Z,2026-08-23 15:45:21,2026-08-23,America/Los_Angeles,disneyland,Disneyland,Adventureland,296,Jungle Cruise,TRUE,5,2026-08-23T22:40:33.000Z,2026-08-23 15:40:33,https://queue-times.com/parks/16/queue_times.json
2026-08-23T22:45:21.298Z,2026-08-23 15:45:21,2026-08-23,America/Los_Angeles,disneyland,Disneyland,Adventureland,288,Walt Disney's Enchanted Tiki Room,TRUE,0,2026-08-23T22:40:33.000Z,2026-08-23 15:40:33,https://queue-times.com/parks/16/queue_times.json
2026-08-23T22:45:21.298Z,2026-08-23 15:45:21,2026-08-23,America/Los_Angeles,disneyland,Disneyland,Bayou Country,304,Davy Crockett's Explorer Canoes,FALSE,0,2026-08-23T22:40:33.000Z,2026-08-23 15:40:33,https://queue-times.com/parks/16/queue_times.json
2026-08-23T22:45:21.298Z,2026-08-23 15:45:21,2026-08-23,America/Los_Angeles,disneyland,Disneyland,Bayou Country,306,The Many Adventures of Winnie the Pooh,TRUE,5,2026-08-23T22:40:33.000Z,2026-08-23 15:40:33,https://queue-times.com/parks/16/queue_times.json
2026-08-23T22:45:21.298Z,2026-08-23 15:45:21,2026-08-23,America/Los_Angeles,disneyland,Disneyland,Bayou Country,14168,Tiana's Bayou Adventure,FALSE,0,2026-08-23T22:40:33.000Z,2026-08-23 15:40:33,https://queue-times.com/parks/16/queue_times.json
2026-08-23T22:45:21.298Z,2026-08-23 15:45:21,2026-08-23,America/Los_Angeles,disneyland,Disneyland,Bayou Country,14326,Tiana's Bayou Adventure Single Rider,FALSE,0,2026-08-23T22:40:33.000Z,2026-08-23 15:40:33,https://queue-times.com/parks/16/queue_times.json
2026-08-23T22:45:21.298Z,2026-08-23 15:45:21,2026-08-23,America/Los_Angeles,disneyland,Disneyland,Fantasyland,307,"""it's a small world""",TRUE,5,2026-08-23T22:40:33.000Z,2026-08-23 15:40:33,https://queue-times.com/parks/16/queue_times.json
2026-08-23T22:45:21.298Z,2026-08-23 15:45:21,2026-08-23,America/Los_Angeles,disneyland,Disneyland,Fantasyland,285,Alice in Wonderland,TRUE,15,2026-08-23T22:40:33.000Z,2026-08-23 15:40:33,https://queue-times.com/parks/16/queue_times.json
2026-08-23T22:45:21.298Z,2026-08-23 15:45:21,2026-08-23,America/Los_Angeles,disneyland,Disneyland,Fantasyland,16254,Bluey’s Best Day Ever! at Fantasyland Theatre,TRUE,0,2026-08-23T22:40:33.000Z,2026-08-23 15:40:33,https://queue-times.com/parks/16/queue_times.json
2026-08-23T22:45:21.298Z,2026-08-23 15:45:21,2026-08-23,America/Los_Angeles,disneyland,Disneyland,Fantasyland,303,Casey Jr. Circus Train,TRUE,5,2026-08-23T22:40:33.000Z,2026-08-23 15:40:33,https://queue-times.com/parks/16/queue_times.json
2026-08-23T22:45:21.298Z,2026-08-23 15:45:21,2026-08-23,America/Los_Angeles,disneyland,Disneyland,Fantasyland,275,Dumbo the Flying Elephant,TRUE,5,2026-08-23T22:40:33.000Z,2026-08-23 15:40:33,https://queue-times.com/parks/16/queue_times.json
2026-08-23T22:45:21.298Z,2026-08-23 15:45:21,2026-08-23,America/Los_Angeles,disneyland,Disneyland,Fantasyland,277,King Arthur Carrousel,TRUE,5,2026-08-23T22:40:33.000Z,2026-08-23 15:40:33,https://queue-times.com/parks/16/queue_times.json
2026-08-23T22:45:21.298Z,2026-08-23 15:45:21,2026-08-23,America/Los_Angeles,disneyland,Disneyland,Fantasyland,278,Mad Tea Party,FALSE,0,2026-08-23T22:40:33.000Z,2026-08-23 15:40:33,https://queue-times.com/parks/16/queue_times.json
2026-08-23T22:45:21.298Z,2026-08-23 15:45:21,2026-08-23,America/Los_Angeles,disneyland,Disneyland,Fantasyland,279,Matterhorn Bobsleds,TRUE,10,2026-08-23T22:40:33.000Z,2026-08-23 15:40:33,https://queue-times.com/parks/16/queue_times.json
2026-08-23T22:45:21.298Z,2026-08-23 15:45:21,2026-08-23,America/Los_Angeles,disneyland,Disneyland,Fantasyland,6711,Meet Disney Princesses at Royal Hall,TRUE,15,2026-08-23T22:40:33.000Z,2026-08-23 15:40:33,https://queue-times.com/parks/16/queue_times.json
2026-08-23T22:45:21.298Z,2026-08-23 15:45:21,2026-08-23,America/Los_Angeles,disneyland,Disneyland,Fantasyland,280,Mr. Toad's Wild Ride,TRUE,5,2026-08-23T22:40:33.000Z,2026-08-23 15:40:33,https://queue-times.com/parks/16/queue_times.json
2026-08-23T22:45:21.298Z,2026-08-23 15:45:21,2026-08-23,America/Los_Angeles,disneyland,Disneyland,Fantasyland,281,Peter Pan's Flight,TRUE,20,2026-08-23T22:40:33.000Z,2026-08-23 15:40:33,https://queue-times.com/parks/16/queue_times.json
2026-08-23T22:45:21.298Z,2026-08-23 15:45:21,2026-08-23,America/Los_Angeles,disneyland,Disneyland,Fantasyland,282,Pinocchio's Daring Journey,TRUE,10,2026-08-23T22:40:33.000Z,2026-08-23 15:40:33,https://queue-times.com/parks/16/queue_times.json
2026-08-23T22:45:21.298Z,2026-08-23 15:45:21,2026-08-23,America/Los_Angeles,disneyland,Disneyland,Fantasyland,687,Sleeping Beauty Castle Walkthrough,FALSE,0,2026-08-23T22:40:33.000Z,2026-08-23 15:40:33,https://queue-times.com/parks/16/queue_times.json
2026-08-23T22:45:21.298Z,2026-08-23 15:45:21,2026-08-23,America/Los_Angeles,disneyland,Disneyland,Fantasyland,283,Snow White's Enchanted Wish,TRUE,10,2026-08-23T22:40:33.000Z,2026-08-23 15:40:33,https://queue-times.com/parks/16/queue_times.json
2026-08-23T22:45:21.298Z,2026-08-23 15:45:21,2026-08-23,America/Los_Angeles,disneyland,Disneyland,Fantasyland,305,Storybook Land Canal Boats,TRUE,5,2026-08-23T22:40:33.000Z,2026-08-23 15:40:33,https://queue-times.com/parks/16/queue_times.json
2026-08-23T22:45:21.298Z,2026-08-23 15:45:21,2026-08-23,America/Los_Angeles,disneyland,Disneyland,Frontierland,323,Big Thunder Mountain Railroad,TRUE,15,2026-08-23T22:40:33.000Z,2026-08-23 15:40:33,https://queue-times.com/parks/16/queue_times.json
2026-08-23T22:45:21.298Z,2026-08-23 15:45:21,2026-08-23,America/Los_Angeles,disneyland,Disneyland,Frontierland,679,Frontierland Shootin' Exposition,FALSE,0,2026-08-23T22:40:33.000Z,2026-08-23 15:40:33,https://queue-times.com/parks/16/queue_times.json
2026-08-23T22:45:21.298Z,2026-08-23 15:45:21,2026-08-23,America/Los_Angeles,disneyland,Disneyland,Frontierland,456,Mark Twain Riverboat,TRUE,10,2026-08-23T22:40:33.000Z,2026-08-23 15:40:33,https://queue-times.com/parks/16/queue_times.json
2026-08-23T22:45:21.298Z,2026-08-23 15:45:21,2026-08-23,America/Los_Angeles,disneyland,Disneyland,Frontierland,331,Pirate's Lair on Tom Sawyer Island,TRUE,5,2026-08-23T22:40:33.000Z,2026-08-23 15:40:33,https://queue-times.com/parks/16/queue_times.json
2026-08-23T22:45:21.298Z,2026-08-23 15:45:21,2026-08-23,America/Los_Angeles,disneyland,Disneyland,Frontierland,328,Sailing Ship Columbia,FALSE,0,2026-08-23T22:40:33.000Z,2026-08-23 15:40:33,https://queue-times.com/parks/16/queue_times.json
2026-08-23T22:45:21.298Z,2026-08-23 15:45:21,2026-08-23,America/Los_Angeles,disneyland,Disneyland,Main Street U.S.A,674,Disneyland Railroad,FALSE,0,2026-08-23T22:40:33.000Z,2026-08-23 15:40:33,https://queue-times.com/parks/16/queue_times.json
2026-08-23T22:45:21.298Z,2026-08-23 15:45:21,2026-08-23,America/Los_Angeles,disneyland,Disneyland,Main Street U.S.A,690,Great Moments with Mr. Lincoln,FALSE,0,2026-08-23T22:40:33.000Z,2026-08-23 15:40:33,https://queue-times.com/parks/16/queue_times.json
2026-08-23T22:45:21.298Z,2026-08-23 15:45:21,2026-08-23,America/Los_Angeles,disneyland,Disneyland,Main Street U.S.A,686,Main Street Cinema,FALSE,0,2026-08-23T22:40:33.000Z,2026-08-23 15:40:33,https://queue-times.com/parks/16/queue_times.json
2026-08-23T22:45:21.298Z,2026-08-23 15:45:21,2026-08-23,America/Los_Angeles,disneyland,Disneyland,Main Street U.S.A,691,Main Street Vehicles,FALSE,0,2026-08-23T22:40:33.000Z,2026-08-23 15:40:33,https://queue-times.com/parks/16/queue_times.json
2026-08-23T22:45:21.298Z,2026-08-23 15:45:21,2026-08-23,America/Los_Angeles,disneyland,Disneyland,Main Street U.S.A,14915,Opera House - Walt Disney - A Magical Life,TRUE,0,2026-08-23T22:40:33.000Z,2026-08-23 15:40:33,https://queue-times.com/parks/16/queue_times.json
2026-08-23T22:45:21.298Z,2026-08-23 15:45:21,2026-08-23,America/Los_Angeles,disneyland,Disneyland,Main Street U.S.A,695,The Disney Gallery,TRUE,0,2026-08-23T22:40:33.000Z,2026-08-23 15:40:33,https://queue-times.com/parks/16/queue_times.json
2026-08-23T22:45:21.298Z,2026-08-23 15:45:21,2026-08-23,America/Los_Angeles,disneyland,Disneyland,Main Street U.S.A,14923,Walt Disney - A Magical Life,TRUE,0,2026-08-23T22:40:33.000Z,2026-08-23 15:40:33,https://queue-times.com/parks/16/queue_times.json
2026-08-23T22:45:21.298Z,2026-08-23 15:45:21,2026-08-23,America/Los_Angeles,disneyland,Disneyland,Mickey's Toontown,324,Chip 'n' Dale's GADGETcoaster,TRUE,5,2026-08-23T22:40:33.000Z,2026-08-23 15:40:33,https://queue-times.com/parks/16/queue_times.json
2026-08-23T22:45:21.298Z,2026-08-23 15:45:21,2026-08-23,America/Los_Angeles,disneyland,Disneyland,Mickey's Toontown,13814,Donald's Duck Pond,TRUE,0,2026-08-23T22:40:33.000Z,2026-08-23 15:40:33,https://queue-times.com/parks/16/queue_times.json
2026-08-23T22:45:21.298Z,2026-08-23 15:45:21,2026-08-23,America/Los_Angeles,disneyland,Disneyland,Mickey's Toontown,11980,Goofy's How-to-Play Yard,TRUE,0,2026-08-23T22:40:33.000Z,2026-08-23 15:40:33,https://queue-times.com/parks/16/queue_times.json
2026-08-23T22:45:21.298Z,2026-08-23 15:45:21,2026-08-23,America/Los_Angeles,disneyland,Disneyland,Mickey's Toontown,11526,Mickey & Minnie's Runaway Railway,TRUE,20,2026-08-23T22:40:33.000Z,2026-08-23 15:40:33,https://queue-times.com/parks/16/queue_times.json
2026-08-23T22:45:21.298Z,2026-08-23 15:45:21,2026-08-23,America/Los_Angeles,disneyland,Disneyland,Mickey's Toontown,709,Mickey's House and Meet Mickey Mouse,TRUE,10,2026-08-23T22:40:33.000Z,2026-08-23 15:40:33,https://queue-times.com/parks/16/queue_times.json
2026-08-23T22:45:21.298Z,2026-08-23 15:45:21,2026-08-23,America/Los_Angeles,disneyland,Disneyland,Mickey's Toontown,327,Mickey's House and Meet Mickey Mouse,FALSE,0,2026-08-23T22:40:33.000Z,2026-08-23 15:40:33,https://queue-times.com/parks/16/queue_times.json
2026-08-23T22:45:21.298Z,2026-08-23 15:45:21,2026-08-23,America/Los_Angeles,disneyland,Disneyland,Mickey's Toontown,684,Minnie's House,TRUE,0,2026-08-23T22:40:33.000Z,2026-08-23 15:40:33,https://queue-times.com/parks/16/queue_times.json
2026-08-23T22:45:21.298Z,2026-08-23 15:45:21,2026-08-23,America/Los_Angeles,disneyland,Disneyland,Mickey's Toontown,332,Roger Rabbit's Car Toon Spin,TRUE,30,2026-08-23T22:40:33.000Z,2026-08-23 15:40:33,https://queue-times.com/parks/16/queue_times.json
2026-08-23T22:45:21.298Z,2026-08-23 15:45:21,2026-08-23,America/Los_Angeles,disneyland,Disneyland,New Orleans Square,13958,Haunted Mansion,FALSE,0,2026-08-21T05:25:59.000Z,2026-08-20 22:25:59,https://queue-times.com/parks/16/queue_times.json
2026-08-23T22:45:21.298Z,2026-08-23 15:45:21,2026-08-23,America/Los_Angeles,disneyland,Disneyland,New Orleans Square,325,Haunted Mansion Holiday,TRUE,35,2026-08-23T22:40:33.000Z,2026-08-23 15:40:33,https://queue-times.com/parks/16/queue_times.json
2026-08-23T22:45:21.298Z,2026-08-23 15:45:21,2026-08-23,America/Los_Angeles,disneyland,Disneyland,New Orleans Square,289,Pirates of the Caribbean,TRUE,15,2026-08-23T22:40:33.000Z,2026-08-23 15:40:33,https://queue-times.com/parks/16/queue_times.json
2026-08-23T22:45:21.298Z,2026-08-23 15:45:21,2026-08-23,America/Los_Angeles,disneyland,Disneyland,Star Wars: Galaxy's Edge,6339,Millennium Falcon: Smugglers Run,TRUE,10,2026-08-23T22:40:33.000Z,2026-08-23 15:40:33,https://queue-times.com/parks/16/queue_times.json
2026-08-23T22:45:21.298Z,2026-08-23 15:45:21,2026-08-23,America/Los_Angeles,disneyland,Disneyland,Star Wars: Galaxy's Edge,10903,Millennium Falcon: Smugglers Run Single Rider,TRUE,0,2026-08-23T22:40:33.000Z,2026-08-23 15:40:33,https://queue-times.com/parks/16/queue_times.json
2026-08-23T22:45:21.298Z,2026-08-23 15:45:21,2026-08-23,America/Los_Angeles,disneyland,Disneyland,Star Wars: Galaxy's Edge,6340,Star Wars: Rise of the Resistance,TRUE,25,2026-08-23T22:40:33.000Z,2026-08-23 15:40:33,https://queue-times.com/parks/16/queue_times.json
2026-08-23T22:45:21.298Z,2026-08-23 15:45:21,2026-08-23,America/Los_Angeles,disneyland,Disneyland,Tomorrowland,287,Astro Orbitor,TRUE,5,2026-08-23T22:40:33.000Z,2026-08-23 15:40:33,https://queue-times.com/parks/16/queue_times.json
2026-08-23T22:45:21.298Z,2026-08-23 15:45:21,2026-08-23,America/Los_Angeles,disneyland,Disneyland,Tomorrowland,317,Autopia,TRUE,5,2026-08-23T22:40:33.000Z,2026-08-23 15:40:33,https://queue-times.com/parks/16/queue_times.json
2026-08-23T22:45:21.298Z,2026-08-23 15:45:21,2026-08-23,America/Los_Angeles,disneyland,Disneyland,Tomorrowland,273,Buzz Lightyear Astro Blasters,TRUE,5,2026-08-23T22:40:33.000Z,2026-08-23 15:40:33,https://queue-times.com/parks/16/queue_times.json
2026-08-23T22:45:21.298Z,2026-08-23 15:45:21,2026-08-23,America/Los_Angeles,disneyland,Disneyland,Tomorrowland,274,Disneyland Monorail,FALSE,0,2026-08-23T22:40:33.000Z,2026-08-23 15:40:33,https://queue-times.com/parks/16/queue_times.json
2026-08-23T22:45:21.298Z,2026-08-23 15:45:21,2026-08-23,America/Los_Angeles,disneyland,Disneyland,Tomorrowland,276,Finding Nemo Submarine Voyage,TRUE,5,2026-08-23T22:40:33.000Z,2026-08-23 15:40:33,https://queue-times.com/parks/16/queue_times.json
2026-08-23T22:45:21.298Z,2026-08-23 15:45:21,2026-08-23,America/Los_Angeles,disneyland,Disneyland,Tomorrowland,16627,Pixar Short Film Spotlight,FALSE,0,2026-08-23T22:40:33.000Z,2026-08-23 15:40:33,https://queue-times.com/parks/16/queue_times.json
2026-08-23T22:45:21.298Z,2026-08-23 15:45:21,2026-08-23,America/Los_Angeles,disneyland,Disneyland,Tomorrowland,284,Space Mountain,TRUE,45,2026-08-23T22:40:33.000Z,2026-08-23 15:40:33,https://queue-times.com/parks/16/queue_times.json
2026-08-23T22:45:21.298Z,2026-08-23 15:45:21,2026-08-23,America/Los_Angeles,disneyland,Disneyland,Tomorrowland,286,Star Tours - The Adventures Continue,TRUE,5,2026-08-23T22:40:33.000Z,2026-08-23 15:40:33,https://queue-times.com/parks/16/queue_times.json
2026-08-23T22:45:21.298Z,2026-08-23 15:45:21,2026-08-23,America/Los_Angeles,dca,Disney California Adventure,Avengers Campus,329,Guardians of the Galaxy - Mission: BREAKOUT!,FALSE,0,2026-08-23T22:40:38.000Z,2026-08-23 15:40:38,https://queue-times.com/parks/17/queue_times.json
2026-08-23T22:45:21.298Z,2026-08-23 15:45:21,2026-08-23,America/Los_Angeles,dca,Disney California Adventure,Avengers Campus,8843,WEB SLINGERS: A Spider-Man Adventure,TRUE,45,2026-08-23T22:40:38.000Z,2026-08-23 15:40:38,https://queue-times.com/parks/17/queue_times.json
2026-08-23T22:45:21.298Z,2026-08-23 15:45:21,2026-08-23,America/Los_Angeles,dca,Disney California Adventure,Avengers Campus,10907,WEB SLINGERS: A Spider-Man Adventure Single Rider,TRUE,0,2026-08-23T22:40:38.000Z,2026-08-23 15:40:38,https://queue-times.com/parks/17/queue_times.json
2026-08-23T22:45:21.298Z,2026-08-23 15:45:21,2026-08-23,America/Los_Angeles,dca,Disney California Adventure,Cars Land,2608,Luigi's Honkin' Haul-O-Ween,TRUE,5,2026-08-23T22:40:38.000Z,2026-08-23 15:40:38,https://queue-times.com/parks/17/queue_times.json
2026-08-23T22:45:21.298Z,2026-08-23 15:45:21,2026-08-23,America/Los_Angeles,dca,Disney California Adventure,Cars Land,13961,Luigi's Rollickin' Roadsters,FALSE,0,2026-08-18T08:55:45.000Z,2026-08-18 01:55:45,https://queue-times.com/parks/17/queue_times.json
2026-08-23T22:45:21.298Z,2026-08-23 15:45:21,2026-08-23,America/Los_Angeles,dca,Disney California Adventure,Cars Land,315,Mater's Junkyard Jamboree,FALSE,0,2026-08-18T08:55:45.000Z,2026-08-18 01:55:45,https://queue-times.com/parks/17/queue_times.json
2026-08-23T22:45:21.298Z,2026-08-23 15:45:21,2026-08-23,America/Los_Angeles,dca,Disney California Adventure,Cars Land,295,Radiator Springs Racers,TRUE,65,2026-08-23T22:40:38.000Z,2026-08-23 15:40:38,https://queue-times.com/parks/17/queue_times.json
2026-08-23T22:45:21.298Z,2026-08-23 15:45:21,2026-08-23,America/Los_Angeles,dca,Disney California Adventure,Cars Land,10904,Radiator Springs Racers Single Rider,TRUE,0,2026-08-23T22:40:38.000Z,2026-08-23 15:40:38,https://queue-times.com/parks/17/queue_times.json
2026-08-23T22:45:21.298Z,2026-08-23 15:45:21,2026-08-23,America/Los_Angeles,dca,Disney California Adventure,Grizzly Peak,302,Grizzly River Run,TRUE,50,2026-08-23T22:40:38.000Z,2026-08-23 15:40:38,https://queue-times.com/parks/17/queue_times.json
2026-08-23T22:45:21.298Z,2026-08-23 15:45:21,2026-08-23,America/Los_Angeles,dca,Disney California Adventure,Grizzly Peak,293,Redwood Creek Challenge Trail,TRUE,5,2026-08-23T22:40:38.000Z,2026-08-23 15:40:38,https://queue-times.com/parks/17/queue_times.json
2026-08-23T22:45:21.298Z,2026-08-23 15:45:21,2026-08-23,America/Los_Angeles,dca,Disney California Adventure,Grizzly Peak,17129,Soarin’ Across America,TRUE,45,2026-08-23T22:40:38.000Z,2026-08-23 15:40:38,https://queue-times.com/parks/17/queue_times.json
2026-08-23T22:45:21.298Z,2026-08-23 15:45:21,2026-08-23,America/Los_Angeles,dca,Disney California Adventure,Hollywood Land,321,Animation Academy,TRUE,0,2026-08-23T22:40:38.000Z,2026-08-23 15:40:38,https://queue-times.com/parks/17/queue_times.json
2026-08-23T22:45:21.298Z,2026-08-23 15:45:21,2026-08-23,America/Los_Angeles,dca,Disney California Adventure,Hollywood Land,6440,Mickey's PhilharMagic,TRUE,10,2026-08-23T22:40:38.000Z,2026-08-23 15:40:38,https://queue-times.com/parks/17/queue_times.json
2026-08-23T22:45:21.298Z,2026-08-23 15:45:21,2026-08-23,America/Los_Angeles,dca,Disney California Adventure,Hollywood Land,291,"Monsters, Inc. Mike & Sulley to the Rescue!",TRUE,45,2026-08-23T22:40:38.000Z,2026-08-23 15:40:38,https://queue-times.com/parks/17/queue_times.json
2026-08-23T22:45:21.298Z,2026-08-23 15:45:21,2026-08-23,America/Los_Angeles,dca,Disney California Adventure,Hollywood Land,868,Sorcerer's Workshop,TRUE,0,2026-08-23T22:40:38.000Z,2026-08-23 15:40:38,https://queue-times.com/parks/17/queue_times.json
2026-08-23T22:45:21.298Z,2026-08-23 15:45:21,2026-08-23,America/Los_Angeles,dca,Disney California Adventure,Hollywood Land,294,Turtle Talk with Crush,TRUE,0,2026-08-23T22:40:38.000Z,2026-08-23 15:40:38,https://queue-times.com/parks/17/queue_times.json
2026-08-23T22:45:21.298Z,2026-08-23 15:45:21,2026-08-23,America/Los_Angeles,dca,Disney California Adventure,Pacific Wharf,869,The Bakery Tour,TRUE,0,2026-08-23T22:40:38.000Z,2026-08-23 15:40:38,https://queue-times.com/parks/17/queue_times.json
2026-08-23T22:45:21.298Z,2026-08-23 15:45:21,2026-08-23,America/Los_Angeles,dca,Disney California Adventure,Paradise Gardens Park,298,Golden Zephyr,FALSE,0,2026-08-23T22:40:38.000Z,2026-08-23 15:40:38,https://queue-times.com/parks/17/queue_times.json
2026-08-23T22:45:21.298Z,2026-08-23 15:45:21,2026-08-23,America/Los_Angeles,dca,Disney California Adventure,Paradise Gardens Park,319,Goofy's Sky School,FALSE,0,2026-08-23T22:40:38.000Z,2026-08-23 15:40:38,https://queue-times.com/parks/17/queue_times.json
2026-08-23T22:45:21.298Z,2026-08-23 15:45:21,2026-08-23,America/Los_Angeles,dca,Disney California Adventure,Paradise Gardens Park,301,Silly Symphony Swings,FALSE,0,2026-08-23T22:40:38.000Z,2026-08-23 15:40:38,https://queue-times.com/parks/17/queue_times.json
2026-08-23T22:45:21.298Z,2026-08-23 15:45:21,2026-08-23,America/Los_Angeles,dca,Disney California Adventure,Paradise Gardens Park,316,The Little Mermaid - Ariel's Undersea Adventure,FALSE,0,2026-08-23T22:40:38.000Z,2026-08-23 15:40:38,https://queue-times.com/parks/17/queue_times.json
2026-08-23T22:45:21.298Z,2026-08-23 15:45:21,2026-08-23,America/Los_Angeles,dca,Disney California Adventure,Paradise Gardens Park,11528,World of Color – ONE,FALSE,0,2026-08-23T22:40:38.000Z,2026-08-23 15:40:38,https://queue-times.com/parks/17/queue_times.json
2026-08-23T22:45:21.298Z,2026-08-23 15:45:21,2026-08-23,America/Los_Angeles,dca,Disney California Adventure,Pixar Pier,866,Games of Pixar Pier,TRUE,0,2026-08-23T22:40:38.000Z,2026-08-23 15:40:38,https://queue-times.com/parks/17/queue_times.json
2026-08-23T22:45:21.298Z,2026-08-23 15:45:21,2026-08-23,America/Los_Angeles,dca,Disney California Adventure,Pixar Pier,322,Incredicoaster,FALSE,0,2026-08-23T22:40:38.000Z,2026-08-23 15:40:38,https://queue-times.com/parks/17/queue_times.json
2026-08-23T22:45:21.298Z,2026-08-23 15:45:21,2026-08-23,America/Los_Angeles,dca,Disney California Adventure,Pixar Pier,10906,Incredicoaster Single Rider,FALSE,0,2026-08-23T22:40:38.000Z,2026-08-23 15:40:38,https://queue-times.com/parks/17/queue_times.json
2026-08-23T22:45:21.298Z,2026-08-23 15:45:21,2026-08-23,America/Los_Angeles,dca,Disney California Adventure,Pixar Pier,6643,Inside Out Emotional Whirlwind,TRUE,5,2026-08-23T22:40:38.000Z,2026-08-23 15:40:38,https://queue-times.com/parks/17/queue_times.json
2026-08-23T22:45:21.298Z,2026-08-23 15:45:21,2026-08-23,America/Los_Angeles,dca,Disney California Adventure,Pixar Pier,310,Jessie's Critter Carousel,TRUE,5,2026-08-23T22:40:38.000Z,2026-08-23 15:40:38,https://queue-times.com/parks/17/queue_times.json
2026-08-23T22:45:21.298Z,2026-08-23 15:45:21,2026-08-23,America/Los_Angeles,dca,Disney California Adventure,Pixar Pier,300,Jumpin' Jellyfish,TRUE,5,2026-08-23T22:40:38.000Z,2026-08-23 15:40:38,https://queue-times.com/parks/17/queue_times.json
2026-08-23T22:45:21.298Z,2026-08-23 15:45:21,2026-08-23,America/Los_Angeles,dca,Disney California Adventure,Pixar Pier,311,Pixar Pal-A-Round - Swinging,TRUE,5,2026-08-23T22:40:38.000Z,2026-08-23 15:40:38,https://queue-times.com/parks/17/queue_times.json
2026-08-23T22:45:21.298Z,2026-08-23 15:45:21,2026-08-23,America/Los_Angeles,dca,Disney California Adventure,Pixar Pier,5557,Pixar Pal-A-Round – Non-Swinging,TRUE,10,2026-08-23T22:40:38.000Z,2026-08-23 15:40:38,https://queue-times.com/parks/17/queue_times.json
2026-08-23T22:45:21.298Z,2026-08-23 15:45:21,2026-08-23,America/Los_Angeles,dca,Disney California Adventure,Pixar Pier,313,Toy Story Midway Mania!,TRUE,40,2026-08-23T22:40:38.000Z,2026-08-23 15:40:38,https://queue-times.com/parks/17/queue_times.json
2026-08-23T22:45:21.298Z,2026-08-23 15:45:21,2026-08-23,America/Los_Angeles,dca,Disney California Adventure,Halloween,5146,Guardians of the Galaxy - Monsters After Dark,TRUE,45,2026-08-23T22:40:38.000Z,2026-08-23 15:40:38,https://queue-times.com/parks/17/queue_times.json
2026-08-23T22:45:21.298Z,2026-08-23 15:45:21,2026-08-23,America/Los_Angeles,dca,Disney California Adventure,Halloween,4723,Mater's Graveyard JamBOOree,TRUE,5,2026-08-23T22:40:38.000Z,2026-08-23 15:40:38,https://queue-times.com/parks/17/queue_times.json
2026-08-23T22:45:21.298Z,2026-08-23 15:45:21,2026-08-23,America/Los_Angeles,dca,Disney California Adventure,Halloween,7292,Villains Grove at Oogie Boogie Bash,FALSE,0,2026-08-23T22:40:38.000Z,2026-08-23 15:40:38,https://queue-times.com/parks/17/queue_times.json
2026-08-23T22:55:18.318Z,2026-08-23 15:55:18,2026-08-23,America/Los_Angeles,disneyland,Disneyland,Adventureland,12428,Adventureland Treehouse inspired by Walt Disney’s Swiss Family Robinson,TRUE,0,2026-08-23T22:50:43.000Z,2026-08-23 15:50:43,https://queue-times.com/parks/16/queue_times.json
2026-08-23T22:55:18.318Z,2026-08-23 15:55:18,2026-08-23,America/Los_Angeles,disneyland,Disneyland,Adventureland,326,Indiana Jones™ Adventure,TRUE,40,2026-08-23T22:50:43.000Z,2026-08-23 15:50:43,https://queue-times.com/parks/16/queue_times.json
2026-08-23T22:55:18.318Z,2026-08-23 15:55:18,2026-08-23,America/Los_Angeles,disneyland,Disneyland,Adventureland,296,Jungle Cruise,TRUE,5,2026-08-23T22:50:43.000Z,2026-08-23 15:50:43,https://queue-times.com/parks/16/queue_times.json
2026-08-23T22:55:18.318Z,2026-08-23 15:55:18,2026-08-23,America/Los_Angeles,disneyland,Disneyland,Adventureland,288,Walt Disney's Enchanted Tiki Room,TRUE,0,2026-08-23T22:50:43.000Z,2026-08-23 15:50:43,https://queue-times.com/parks/16/queue_times.json
2026-08-23T22:55:18.318Z,2026-08-23 15:55:18,2026-08-23,America/Los_Angeles,disneyland,Disneyland,Bayou Country,304,Davy Crockett's Explorer Canoes,FALSE,0,2026-08-23T22:50:43.000Z,2026-08-23 15:50:43,https://queue-times.com/parks/16/queue_times.json
2026-08-23T22:55:18.318Z,2026-08-23 15:55:18,2026-08-23,America/Los_Angeles,disneyland,Disneyland,Bayou Country,306,The Many Adventures of Winnie the Pooh,TRUE,5,2026-08-23T22:50:43.000Z,2026-08-23 15:50:43,https://queue-times.com/parks/16/queue_times.json
2026-08-23T22:55:18.318Z,2026-08-23 15:55:18,2026-08-23,America/Los_Angeles,disneyland,Disneyland,Bayou Country,14168,Tiana's Bayou Adventure,FALSE,0,2026-08-23T22:50:43.000Z,2026-08-23 15:50:43,https://queue-times.com/parks/16/queue_times.json
2026-08-23T22:55:18.318Z,2026-08-23 15:55:18,2026-08-23,America/Los_Angeles,disneyland,Disneyland,Bayou Country,14326,Tiana's Bayou Adventure Single Rider,FALSE,0,2026-08-23T22:50:43.000Z,2026-08-23 15:50:43,https://queue-times.com/parks/16/queue_times.json
2026-08-23T22:55:18.318Z,2026-08-23 15:55:18,2026-08-23,America/Los_Angeles,disneyland,Disneyland,Fantasyland,307,"""it's a small world""",TRUE,5,2026-08-23T22:50:43.000Z,2026-08-23 15:50:43,https://queue-times.com/parks/16/queue_times.json
2026-08-23T22:55:18.318Z,2026-08-23 15:55:18,2026-08-23,America/Los_Angeles,disneyland,Disneyland,Fantasyland,285,Alice in Wonderland,TRUE,15,2026-08-23T22:50:43.000Z,2026-08-23 15:50:43,https://queue-times.com/parks/16/queue_times.json
2026-08-23T22:55:18.318Z,2026-08-23 15:55:18,2026-08-23,America/Los_Angeles,disneyland,Disneyland,Fantasyland,16254,Bluey’s Best Day Ever! at Fantasyland Theatre,TRUE,0,2026-08-23T22:50:43.000Z,2026-08-23 15:50:43,https://queue-times.com/parks/16/queue_times.json
2026-08-23T22:55:18.318Z,2026-08-23 15:55:18,2026-08-23,America/Los_Angeles,disneyland,Disneyland,Fantasyland,303,Casey Jr. Circus Train,TRUE,5,2026-08-23T22:50:43.000Z,2026-08-23 15:50:43,https://queue-times.com/parks/16/queue_times.json
2026-08-23T22:55:18.318Z,2026-08-23 15:55:18,2026-08-23,America/Los_Angeles,disneyland,Disneyland,Fantasyland,275,Dumbo the Flying Elephant,TRUE,5,2026-08-23T22:50:43.000Z,2026-08-23 15:50:43,https://queue-times.com/parks/16/queue_times.json
2026-08-23T22:55:18.318Z,2026-08-23 15:55:18,2026-08-23,America/Los_Angeles,disneyland,Disneyland,Fantasyland,277,King Arthur Carrousel,TRUE,5,2026-08-23T22:50:43.000Z,2026-08-23 15:50:43,https://queue-times.com/parks/16/queue_times.json
2026-08-23T22:55:18.318Z,2026-08-23 15:55:18,2026-08-23,America/Los_Angeles,disneyland,Disneyland,Fantasyland,278,Mad Tea Party,TRUE,5,2026-08-23T22:50:43.000Z,2026-08-23 15:50:43,https://queue-times.com/parks/16/queue_times.json
2026-08-23T22:55:18.318Z,2026-08-23 15:55:18,2026-08-23,America/Los_Angeles,disneyland,Disneyland,Fantasyland,279,Matterhorn Bobsleds,TRUE,10,2026-08-23T22:50:43.000Z,2026-08-23 15:50:43,https://queue-times.com/parks/16/queue_times.json
2026-08-23T22:55:18.318Z,2026-08-23 15:55:18,2026-08-23,America/Los_Angeles,disneyland,Disneyland,Fantasyland,6711,Meet Disney Princesses at Royal Hall,TRUE,30,2026-08-23T22:50:43.000Z,2026-08-23 15:50:43,https://queue-times.com/parks/16/queue_times.json
2026-08-23T22:55:18.318Z,2026-08-23 15:55:18,2026-08-23,America/Los_Angeles,disneyland,Disneyland,Fantasyland,280,Mr. Toad's Wild Ride,TRUE,5,2026-08-23T22:50:43.000Z,2026-08-23 15:50:43,https://queue-times.com/parks/16/queue_times.json
2026-08-23T22:55:18.318Z,2026-08-23 15:55:18,2026-08-23,America/Los_Angeles,disneyland,Disneyland,Fantasyland,281,Peter Pan's Flight,TRUE,15,2026-08-23T22:50:43.000Z,2026-08-23 15:50:43,https://queue-times.com/parks/16/queue_times.json
2026-08-23T22:55:18.318Z,2026-08-23 15:55:18,2026-08-23,America/Los_Angeles,disneyland,Disneyland,Fantasyland,282,Pinocchio's Daring Journey,TRUE,5,2026-08-23T22:50:43.000Z,2026-08-23 15:50:43,https://queue-times.com/parks/16/queue_times.json
2026-08-23T22:55:18.318Z,2026-08-23 15:55:18,2026-08-23,America/Los_Angeles,disneyland,Disneyland,Fantasyland,687,Sleeping Beauty Castle Walkthrough,FALSE,0,2026-08-23T22:50:43.000Z,2026-08-23 15:50:43,https://queue-times.com/parks/16/queue_times.json
2026-08-23T22:55:18.318Z,2026-08-23 15:55:18,2026-08-23,America/Los_Angeles,disneyland,Disneyland,Fantasyland,283,Snow White's Enchanted Wish,TRUE,10,2026-08-23T22:50:43.000Z,2026-08-23 15:50:43,https://queue-times.com/parks/16/queue_times.json
2026-08-23T22:55:18.318Z,2026-08-23 15:55:18,2026-08-23,America/Los_Angeles,disneyland,Disneyland,Fantasyland,305,Storybook Land Canal Boats,TRUE,5,2026-08-23T22:50:43.000Z,2026-08-23 15:50:43,https://queue-times.com/parks/16/queue_times.json
2026-08-23T22:55:18.318Z,2026-08-23 15:55:18,2026-08-23,America/Los_Angeles,disneyland,Disneyland,Frontierland,323,Big Thunder Mountain Railroad,TRUE,5,2026-08-23T22:50:43.000Z,2026-08-23 15:50:43,https://queue-times.com/parks/16/queue_times.json
2026-08-23T22:55:18.318Z,2026-08-23 15:55:18,2026-08-23,America/Los_Angeles,disneyland,Disneyland,Frontierland,679,Frontierland Shootin' Exposition,FALSE,0,2026-08-23T22:50:43.000Z,2026-08-23 15:50:43,https://queue-times.com/parks/16/queue_times.json
2026-08-23T22:55:18.318Z,2026-08-23 15:55:18,2026-08-23,America/Los_Angeles,disneyland,Disneyland,Frontierland,456,Mark Twain Riverboat,TRUE,10,2026-08-23T22:50:43.000Z,2026-08-23 15:50:43,https://queue-times.com/parks/16/queue_times.json
2026-08-23T22:55:18.318Z,2026-08-23 15:55:18,2026-08-23,America/Los_Angeles,disneyland,Disneyland,Frontierland,331,Pirate's Lair on Tom Sawyer Island,TRUE,5,2026-08-23T22:50:43.000Z,2026-08-23 15:50:43,https://queue-times.com/parks/16/queue_times.json
2026-08-23T22:55:18.318Z,2026-08-23 15:55:18,2026-08-23,America/Los_Angeles,disneyland,Disneyland,Frontierland,328,Sailing Ship Columbia,FALSE,0,2026-08-23T22:50:43.000Z,2026-08-23 15:50:43,https://queue-times.com/parks/16/queue_times.json
2026-08-23T22:55:18.318Z,2026-08-23 15:55:18,2026-08-23,America/Los_Angeles,disneyland,Disneyland,Main Street U.S.A,674,Disneyland Railroad,FALSE,0,2026-08-23T22:50:43.000Z,2026-08-23 15:50:43,https://queue-times.com/parks/16/queue_times.json
2026-08-23T22:55:18.318Z,2026-08-23 15:55:18,2026-08-23,America/Los_Angeles,disneyland,Disneyland,Main Street U.S.A,690,Great Moments with Mr. Lincoln,FALSE,0,2026-08-23T22:50:43.000Z,2026-08-23 15:50:43,https://queue-times.com/parks/16/queue_times.json
2026-08-23T22:55:18.318Z,2026-08-23 15:55:18,2026-08-23,America/Los_Angeles,disneyland,Disneyland,Main Street U.S.A,686,Main Street Cinema,FALSE,0,2026-08-23T22:50:43.000Z,2026-08-23 15:50:43,https://queue-times.com/parks/16/queue_times.json
2026-08-23T22:55:18.318Z,2026-08-23 15:55:18,2026-08-23,America/Los_Angeles,disneyland,Disneyland,Main Street U.S.A,691,Main Street Vehicles,FALSE,0,2026-08-23T22:50:43.000Z,2026-08-23 15:50:43,https://queue-times.com/parks/16/queue_times.json
2026-08-23T22:55:18.318Z,2026-08-23 15:55:18,2026-08-23,America/Los_Angeles,disneyland,Disneyland,Main Street U.S.A,14915,Opera House - Walt Disney - A Magical Life,TRUE,0,2026-08-23T22:50:43.000Z,2026-08-23 15:50:43,https://queue-times.com/parks/16/queue_times.json
2026-08-23T22:55:18.318Z,2026-08-23 15:55:18,2026-08-23,America/Los_Angeles,disneyland,Disneyland,Main Street U.S.A,695,The Disney Gallery,TRUE,0,2026-08-23T22:50:43.000Z,2026-08-23 15:50:43,https://queue-times.com/parks/16/queue_times.json
2026-08-23T22:55:18.318Z,2026-08-23 15:55:18,2026-08-23,America/Los_Angeles,disneyland,Disneyland,Main Street U.S.A,14923,Walt Disney - A Magical Life,TRUE,0,2026-08-23T22:50:43.000Z,2026-08-23 15:50:43,https://queue-times.com/parks/16/queue_times.json
2026-08-23T22:55:18.318Z,2026-08-23 15:55:18,2026-08-23,America/Los_Angeles,disneyland,Disneyland,Mickey's Toontown,324,Chip 'n' Dale's GADGETcoaster,TRUE,5,2026-08-23T22:50:43.000Z,2026-08-23 15:50:43,https://queue-times.com/parks/16/queue_times.json
2026-08-23T22:55:18.318Z,2026-08-23 15:55:18,2026-08-23,America/Los_Angeles,disneyland,Disneyland,Mickey's Toontown,13814,Donald's Duck Pond,TRUE,0,2026-08-23T22:50:43.000Z,2026-08-23 15:50:43,https://queue-times.com/parks/16/queue_times.json
2026-08-23T22:55:18.318Z,2026-08-23 15:55:18,2026-08-23,America/Los_Angeles,disneyland,Disneyland,Mickey's Toontown,11980,Goofy's How-to-Play Yard,TRUE,0,2026-08-23T22:50:43.000Z,2026-08-23 15:50:43,https://queue-times.com/parks/16/queue_times.json
2026-08-23T22:55:18.318Z,2026-08-23 15:55:18,2026-08-23,America/Los_Angeles,disneyland,Disneyland,Mickey's Toontown,11526,Mickey & Minnie's Runaway Railway,TRUE,20,2026-08-23T22:50:43.000Z,2026-08-23 15:50:43,https://queue-times.com/parks/16/queue_times.json
2026-08-23T22:55:18.318Z,2026-08-23 15:55:18,2026-08-23,America/Los_Angeles,disneyland,Disneyland,Mickey's Toontown,709,Mickey's House and Meet Mickey Mouse,TRUE,10,2026-08-23T22:50:43.000Z,2026-08-23 15:50:43,https://queue-times.com/parks/16/queue_times.json
2026-08-23T22:55:18.318Z,2026-08-23 15:55:18,2026-08-23,America/Los_Angeles,disneyland,Disneyland,Mickey's Toontown,327,Mickey's House and Meet Mickey Mouse,FALSE,0,2026-08-23T22:50:43.000Z,2026-08-23 15:50:43,https://queue-times.com/parks/16/queue_times.json
2026-08-23T22:55:18.318Z,2026-08-23 15:55:18,2026-08-23,America/Los_Angeles,disneyland,Disneyland,Mickey's Toontown,684,Minnie's House,TRUE,0,2026-08-23T22:50:43.000Z,2026-08-23 15:50:43,https://queue-times.com/parks/16/queue_times.json
2026-08-23T22:55:18.318Z,2026-08-23 15:55:18,2026-08-23,America/Los_Angeles,disneyland,Disneyland,Mickey's Toontown,332,Roger Rabbit's Car Toon Spin,TRUE,5,2026-08-23T22:50:43.000Z,2026-08-23 15:50:43,https://queue-times.com/parks/16/queue_times.json
2026-08-23T22:55:18.318Z,2026-08-23 15:55:18,2026-08-23,America/Los_Angeles,disneyland,Disneyland,New Orleans Square,13958,Haunted Mansion,FALSE,0,2026-08-21T05:25:59.000Z,2026-08-20 22:25:59,https://queue-times.com/parks/16/queue_times.json
2026-08-23T22:55:18.318Z,2026-08-23 15:55:18,2026-08-23,America/Los_Angeles,disneyland,Disneyland,New Orleans Square,325,Haunted Mansion Holiday,TRUE,35,2026-08-23T22:50:43.000Z,2026-08-23 15:50:43,https://queue-times.com/parks/16/queue_times.json
2026-08-23T22:55:18.318Z,2026-08-23 15:55:18,2026-08-23,America/Los_Angeles,disneyland,Disneyland,New Orleans Square,289,Pirates of the Caribbean,TRUE,15,2026-08-23T22:50:43.000Z,2026-08-23 15:50:43,https://queue-times.com/parks/16/queue_times.json
2026-08-23T22:55:18.318Z,2026-08-23 15:55:18,2026-08-23,America/Los_Angeles,disneyland,Disneyland,Star Wars: Galaxy's Edge,6339,Millennium Falcon: Smugglers Run,TRUE,10,2026-08-23T22:50:43.000Z,2026-08-23 15:50:43,https://queue-times.com/parks/16/queue_times.json
2026-08-23T22:55:18.318Z,2026-08-23 15:55:18,2026-08-23,America/Los_Angeles,disneyland,Disneyland,Star Wars: Galaxy's Edge,10903,Millennium Falcon: Smugglers Run Single Rider,TRUE,0,2026-08-23T22:50:43.000Z,2026-08-23 15:50:43,https://queue-times.com/parks/16/queue_times.json
2026-08-23T22:55:18.318Z,2026-08-23 15:55:18,2026-08-23,America/Los_Angeles,disneyland,Disneyland,Star Wars: Galaxy's Edge,6340,Star Wars: Rise of the Resistance,TRUE,35,2026-08-23T22:50:43.000Z,2026-08-23 15:50:43,https://queue-times.com/parks/16/queue_times.json
2026-08-23T22:55:18.318Z,2026-08-23 15:55:18,2026-08-23,America/Los_Angeles,disneyland,Disneyland,Tomorrowland,287,Astro Orbitor,TRUE,5,2026-08-23T22:50:43.000Z,2026-08-23 15:50:43,https://queue-times.com/parks/16/queue_times.json
2026-08-23T22:55:18.318Z,2026-08-23 15:55:18,2026-08-23,America/Los_Angeles,disneyland,Disneyland,Tomorrowland,317,Autopia,TRUE,5,2026-08-23T22:50:43.000Z,2026-08-23 15:50:43,https://queue-times.com/parks/16/queue_times.json
2026-08-23T22:55:18.318Z,2026-08-23 15:55:18,2026-08-23,America/Los_Angeles,disneyland,Disneyland,Tomorrowland,273,Buzz Lightyear Astro Blasters,TRUE,5,2026-08-23T22:50:43.000Z,2026-08-23 15:50:43,https://queue-times.com/parks/16/queue_times.json
2026-08-23T22:55:18.318Z,2026-08-23 15:55:18,2026-08-23,America/Los_Angeles,disneyland,Disneyland,Tomorrowland,274,Disneyland Monorail,FALSE,0,2026-08-23T22:50:43.000Z,2026-08-23 15:50:43,https://queue-times.com/parks/16/queue_times.json
2026-08-23T22:55:18.318Z,2026-08-23 15:55:18,2026-08-23,America/Los_Angeles,disneyland,Disneyland,Tomorrowland,276,Finding Nemo Submarine Voyage,TRUE,10,2026-08-23T22:50:43.000Z,2026-08-23 15:50:43,https://queue-times.com/parks/16/queue_times.json
2026-08-23T22:55:18.318Z,2026-08-23 15:55:18,2026-08-23,America/Los_Angeles,disneyland,Disneyland,Tomorrowland,16627,Pixar Short Film Spotlight,FALSE,0,2026-08-23T22:50:43.000Z,2026-08-23 15:50:43,https://queue-times.com/parks/16/queue_times.json
2026-08-23T22:55:18.318Z,2026-08-23 15:55:18,2026-08-23,America/Los_Angeles,disneyland,Disneyland,Tomorrowland,284,Space Mountain,TRUE,45,2026-08-23T22:50:43.000Z,2026-08-23 15:50:43,https://queue-times.com/parks/16/queue_times.json
2026-08-23T22:55:18.318Z,2026-08-23 15:55:18,2026-08-23,America/Los_Angeles,disneyland,Disneyland,Tomorrowland,286,Star Tours - The Adventures Continue,TRUE,5,2026-08-23T22:50:43.000Z,2026-08-23 15:50:43,https://queue-times.com/parks/16/queue_times.json
2026-08-23T22:55:18.318Z,2026-08-23 15:55:18,2026-08-23,America/Los_Angeles,dca,Disney California Adventure,Avengers Campus,329,Guardians of the Galaxy - Mission: BREAKOUT!,FALSE,0,2026-08-23T22:50:43.000Z,2026-08-23 15:50:43,https://queue-times.com/parks/17/queue_times.json
2026-08-23T22:55:18.318Z,2026-08-23 15:55:18,2026-08-23,America/Los_Angeles,dca,Disney California Adventure,Avengers Campus,8843,WEB SLINGERS: A Spider-Man Adventure,TRUE,45,2026-08-23T22:50:43.000Z,2026-08-23 15:50:43,https://queue-times.com/parks/17/queue_times.json
2026-08-23T22:55:18.318Z,2026-08-23 15:55:18,2026-08-23,America/Los_Angeles,dca,Disney California Adventure,Avengers Campus,10907,WEB SLINGERS: A Spider-Man Adventure Single Rider,TRUE,0,2026-08-23T22:50:43.000Z,2026-08-23 15:50:43,https://queue-times.com/parks/17/queue_times.json
2026-08-23T22:55:18.318Z,2026-08-23 15:55:18,2026-08-23,America/Los_Angeles,dca,Disney California Adventure,Cars Land,2608,Luigi's Honkin' Haul-O-Ween,TRUE,5,2026-08-23T22:50:43.000Z,2026-08-23 15:50:43,https://queue-times.com/parks/17/queue_times.json
2026-08-23T22:55:18.318Z,2026-08-23 15:55:18,2026-08-23,America/Los_Angeles,dca,Disney California Adventure,Cars Land,13961,Luigi's Rollickin' Roadsters,FALSE,0,2026-08-18T08:55:45.000Z,2026-08-18 01:55:45,https://queue-times.com/parks/17/queue_times.json
2026-08-23T22:55:18.318Z,2026-08-23 15:55:18,2026-08-23,America/Los_Angeles,dca,Disney California Adventure,Cars Land,315,Mater's Junkyard Jamboree,FALSE,0,2026-08-18T08:55:45.000Z,2026-08-18 01:55:45,https://queue-times.com/parks/17/queue_times.json
2026-08-23T22:55:18.318Z,2026-08-23 15:55:18,2026-08-23,America/Los_Angeles,dca,Disney California Adventure,Cars Land,295,Radiator Springs Racers,TRUE,65,2026-08-23T22:50:43.000Z,2026-08-23 15:50:43,https://queue-times.com/parks/17/queue_times.json
2026-08-23T22:55:18.318Z,2026-08-23 15:55:18,2026-08-23,America/Los_Angeles,dca,Disney California Adventure,Cars Land,10904,Radiator Springs Racers Single Rider,TRUE,0,2026-08-23T22:50:43.000Z,2026-08-23 15:50:43,https://queue-times.com/parks/17/queue_times.json
2026-08-23T22:55:18.318Z,2026-08-23 15:55:18,2026-08-23,America/Los_Angeles,dca,Disney California Adventure,Grizzly Peak,302,Grizzly River Run,TRUE,50,2026-08-23T22:50:43.000Z,2026-08-23 15:50:43,https://queue-times.com/parks/17/queue_times.json
2026-08-23T22:55:18.318Z,2026-08-23 15:55:18,2026-08-23,America/Los_Angeles,dca,Disney California Adventure,Grizzly Peak,293,Redwood Creek Challenge Trail,TRUE,5,2026-08-23T22:50:43.000Z,2026-08-23 15:50:43,https://queue-times.com/parks/17/queue_times.json
2026-08-23T22:55:18.318Z,2026-08-23 15:55:18,2026-08-23,America/Los_Angeles,dca,Disney California Adventure,Grizzly Peak,17129,Soarin’ Across America,TRUE,40,2026-08-23T22:50:43.000Z,2026-08-23 15:50:43,https://queue-times.com/parks/17/queue_times.json
2026-08-23T22:55:18.318Z,2026-08-23 15:55:18,2026-08-23,America/Los_Angeles,dca,Disney California Adventure,Hollywood Land,321,Animation Academy,TRUE,0,2026-08-23T22:50:43.000Z,2026-08-23 15:50:43,https://queue-times.com/parks/17/queue_times.json
2026-08-23T22:55:18.318Z,2026-08-23 15:55:18,2026-08-23,America/Los_Angeles,dca,Disney California Adventure,Hollywood Land,6440,Mickey's PhilharMagic,TRUE,10,2026-08-23T22:50:43.000Z,2026-08-23 15:50:43,https://queue-times.com/parks/17/queue_times.json
2026-08-23T22:55:18.318Z,2026-08-23 15:55:18,2026-08-23,America/Los_Angeles,dca,Disney California Adventure,Hollywood Land,291,"Monsters, Inc. Mike & Sulley to the Rescue!",TRUE,45,2026-08-23T22:50:43.000Z,2026-08-23 15:50:43,https://queue-times.com/parks/17/queue_times.json
2026-08-23T22:55:18.318Z,2026-08-23 15:55:18,2026-08-23,America/Los_Angeles,dca,Disney California Adventure,Hollywood Land,868,Sorcerer's Workshop,TRUE,0,2026-08-23T22:50:43.000Z,2026-08-23 15:50:43,https://queue-times.com/parks/17/queue_times.json
2026-08-23T22:55:18.318Z,2026-08-23 15:55:18,2026-08-23,America/Los_Angeles,dca,Disney California Adventure,Hollywood Land,294,Turtle Talk with Crush,TRUE,0,2026-08-23T22:50:43.000Z,2026-08-23 15:50:43,https://queue-times.com/parks/17/queue_times.json
2026-08-23T22:55:18.318Z,2026-08-23 15:55:18,2026-08-23,America/Los_Angeles,dca,Disney California Adventure,Pacific Wharf,869,The Bakery Tour,TRUE,0,2026-08-23T22:50:43.000Z,2026-08-23 15:50:43,https://queue-times.com/parks/17/queue_times.json
2026-08-23T22:55:18.318Z,2026-08-23 15:55:18,2026-08-23,America/Los_Angeles,dca,Disney California Adventure,Paradise Gardens Park,298,Golden Zephyr,FALSE,0,2026-08-23T22:50:43.000Z,2026-08-23 15:50:43,https://queue-times.com/parks/17/queue_times.json
2026-08-23T22:55:18.318Z,2026-08-23 15:55:18,2026-08-23,America/Los_Angeles,dca,Disney California Adventure,Paradise Gardens Park,319,Goofy's Sky School,FALSE,0,2026-08-23T22:50:43.000Z,2026-08-23 15:50:43,https://queue-times.com/parks/17/queue_times.json
2026-08-23T22:55:18.318Z,2026-08-23 15:55:18,2026-08-23,America/Los_Angeles,dca,Disney California Adventure,Paradise Gardens Park,301,Silly Symphony Swings,FALSE,0,2026-08-23T22:50:43.000Z,2026-08-23 15:50:43,https://queue-times.com/parks/17/queue_times.json
2026-08-23T22:55:18.318Z,2026-08-23 15:55:18,2026-08-23,America/Los_Angeles,dca,Disney California Adventure,Paradise Gardens Park,316,The Little Mermaid - Ariel's Undersea Adventure,FALSE,0,2026-08-23T22:50:43.000Z,2026-08-23 15:50:43,https://queue-times.com/parks/17/queue_times.json
2026-08-23T22:55:18.318Z,2026-08-23 15:55:18,2026-08-23,America/Los_Angeles,dca,Disney California Adventure,Paradise Gardens Park,11528,World of Color – ONE,FALSE,0,2026-08-23T22:50:43.000Z,2026-08-23 15:50:43,https://queue-times.com/parks/17/queue_times.json
2026-08-23T22:55:18.318Z,2026-08-23 15:55:18,2026-08-23,America/Los_Angeles,dca,Disney California Adventure,Pixar Pier,866,Games of Pixar Pier,TRUE,0,2026-08-23T22:50:43.000Z,2026-08-23 15:50:43,https://queue-times.com/parks/17/queue_times.json
2026-08-23T22:55:18.318Z,2026-08-23 15:55:18,2026-08-23,America/Los_Angeles,dca,Disney California Adventure,Pixar Pier,322,Incredicoaster,FALSE,0,2026-08-23T22:50:43.000Z,2026-08-23 15:50:43,https://queue-times.com/parks/17/queue_times.json
2026-08-23T22:55:18.318Z,2026-08-23 15:55:18,2026-08-23,America/Los_Angeles,dca,Disney California Adventure,Pixar Pier,10906,Incredicoaster Single Rider,FALSE,0,2026-08-23T22:50:43.000Z,2026-08-23 15:50:43,https://queue-times.com/parks/17/queue_times.json
2026-08-23T22:55:18.318Z,2026-08-23 15:55:18,2026-08-23,America/Los_Angeles,dca,Disney California Adventure,Pixar Pier,6643,Inside Out Emotional Whirlwind,TRUE,5,2026-08-23T22:50:43.000Z,2026-08-23 15:50:43,https://queue-times.com/parks/17/queue_times.json
2026-08-23T22:55:18.318Z,2026-08-23 15:55:18,2026-08-23,America/Los_Angeles,dca,Disney California Adventure,Pixar Pier,310,Jessie's Critter Carousel,TRUE,5,2026-08-23T22:50:43.000Z,2026-08-23 15:50:43,https://queue-times.com/parks/17/queue_times.json
2026-08-23T22:55:18.318Z,2026-08-23 15:55:18,2026-08-23,America/Los_Angeles,dca,Disney California Adventure,Pixar Pier,300,Jumpin' Jellyfish,TRUE,10,2026-08-23T22:50:43.000Z,2026-08-23 15:50:43,https://queue-times.com/parks/17/queue_times.json
2026-08-23T22:55:18.318Z,2026-08-23 15:55:18,2026-08-23,America/Los_Angeles,dca,Disney California Adventure,Pixar Pier,311,Pixar Pal-A-Round - Swinging,TRUE,5,2026-08-23T22:50:43.000Z,2026-08-23 15:50:43,https://queue-times.com/parks/17/queue_times.json
2026-08-23T22:55:18.318Z,2026-08-23 15:55:18,2026-08-23,America/Los_Angeles,dca,Disney California Adventure,Pixar Pier,5557,Pixar Pal-A-Round – Non-Swinging,TRUE,10,2026-08-23T22:50:43.000Z,2026-08-23 15:50:43,https://queue-times.com/parks/17/queue_times.json
2026-08-23T22:55:18.318Z,2026-08-23 15:55:18,2026-08-23,America/Los_Angeles,dca,Disney California Adventure,Pixar Pier,313,Toy Story Midway Mania!,TRUE,40,2026-08-23T22:50:43.000Z,2026-08-23 15:50:43,https://queue-times.com/parks/17/queue_times.json
2026-08-23T22:55:18.318Z,2026-08-23 15:55:18,2026-08-23,America/Los_Angeles,dca,Disney California Adventure,Halloween,5146,Guardians of the Galaxy - Monsters After Dark,TRUE,45,2026-08-23T22:50:43.000Z,2026-08-23 15:50:43,https://queue-times.com/parks/17/queue_times.json
2026-08-23T22:55:18.318Z,2026-08-23 15:55:18,2026-08-23,America/Los_Angeles,dca,Disney California Adventure,Halloween,4723,Mater's Graveyard JamBOOree,TRUE,15,2026-08-23T22:50:43.000Z,2026-08-23 15:50:43,https://queue-times.com/parks/17/queue_times.json
2026-08-23T22:55:18.318Z,2026-08-23 15:55:18,2026-08-23,America/Los_Angeles,dca,Disney California Adventure,Halloween,7292,Villains Grove at Oogie Boogie Bash,FALSE,0,2026-08-23T22:50:43.000Z,2026-08-23 15:50:43,https://queue-times.com/parks/17/queue_times.json
2026-08-23T23:00:25.096Z,2026-08-23 16:00:25,2026-08-23,America/Los_Angeles,disneyland,Disneyland,Adventureland,12428,Adventureland Treehouse inspired by Walt Disney’s Swiss Family Robinson,TRUE,0,2026-08-23T22:55:31.000Z,2026-08-23 15:55:31,https://queue-times.com/parks/16/queue_times.json
2026-08-23T23:00:25.096Z,2026-08-23 16:00:25,2026-08-23,America/Los_Angeles,disneyland,Disneyland,Adventureland,326,Indiana Jones™ Adventure,TRUE,40,2026-08-23T22:55:31.000Z,2026-08-23 15:55:31,https://queue-times.com/parks/16/queue_times.json
2026-08-23T23:00:25.096Z,2026-08-23 16:00:25,2026-08-23,America/Los_Angeles,disneyland,Disneyland,Adventureland,296,Jungle Cruise,TRUE,5,2026-08-23T22:55:31.000Z,2026-08-23 15:55:31,https://queue-times.com/parks/16/queue_times.json
2026-08-23T23:00:25.096Z,2026-08-23 16:00:25,2026-08-23,America/Los_Angeles,disneyland,Disneyland,Adventureland,288,Walt Disney's Enchanted Tiki Room,TRUE,0,2026-08-23T22:55:31.000Z,2026-08-23 15:55:31,https://queue-times.com/parks/16/queue_times.json
2026-08-23T23:00:25.096Z,2026-08-23 16:00:25,2026-08-23,America/Los_Angeles,disneyland,Disneyland,Bayou Country,304,Davy Crockett's Explorer Canoes,FALSE,0,2026-08-23T22:55:31.000Z,2026-08-23 15:55:31,https://queue-times.com/parks/16/queue_times.json
2026-08-23T23:00:25.096Z,2026-08-23 16:00:25,2026-08-23,America/Los_Angeles,disneyland,Disneyland,Bayou Country,306,The Many Adventures of Winnie the Pooh,TRUE,5,2026-08-23T22:55:31.000Z,2026-08-23 15:55:31,https://queue-times.com/parks/16/queue_times.json
2026-08-23T23:00:25.096Z,2026-08-23 16:00:25,2026-08-23,America/Los_Angeles,disneyland,Disneyland,Bayou Country,14168,Tiana's Bayou Adventure,FALSE,0,2026-08-23T22:55:31.000Z,2026-08-23 15:55:31,https://queue-times.com/parks/16/queue_times.json
2026-08-23T23:00:25.096Z,2026-08-23 16:00:25,2026-08-23,America/Los_Angeles,disneyland,Disneyland,Bayou Country,14326,Tiana's Bayou Adventure Single Rider,FALSE,0,2026-08-23T22:55:31.000Z,2026-08-23 15:55:31,https://queue-times.com/parks/16/queue_times.json
2026-08-23T23:00:25.096Z,2026-08-23 16:00:25,2026-08-23,America/Los_Angeles,disneyland,Disneyland,Fantasyland,307,"""it's a small world""",TRUE,5,2026-08-23T22:55:31.000Z,2026-08-23 15:55:31,https://queue-times.com/parks/16/queue_times.json
2026-08-23T23:00:25.096Z,2026-08-23 16:00:25,2026-08-23,America/Los_Angeles,disneyland,Disneyland,Fantasyland,285,Alice in Wonderland,TRUE,10,2026-08-23T22:55:31.000Z,2026-08-23 15:55:31,https://queue-times.com/parks/16/queue_times.json
2026-08-23T23:00:25.096Z,2026-08-23 16:00:25,2026-08-23,America/Los_Angeles,disneyland,Disneyland,Fantasyland,16254,Bluey’s Best Day Ever! at Fantasyland Theatre,TRUE,0,2026-08-23T22:55:31.000Z,2026-08-23 15:55:31,https://queue-times.com/parks/16/queue_times.json
2026-08-23T23:00:25.096Z,2026-08-23 16:00:25,2026-08-23,America/Los_Angeles,disneyland,Disneyland,Fantasyland,303,Casey Jr. Circus Train,TRUE,5,2026-08-23T22:55:31.000Z,2026-08-23 15:55:31,https://queue-times.com/parks/16/queue_times.json
2026-08-23T23:00:25.096Z,2026-08-23 16:00:25,2026-08-23,America/Los_Angeles,disneyland,Disneyland,Fantasyland,275,Dumbo the Flying Elephant,TRUE,5,2026-08-23T22:55:31.000Z,2026-08-23 15:55:31,https://queue-times.com/parks/16/queue_times.json
2026-08-23T23:00:25.096Z,2026-08-23 16:00:25,2026-08-23,America/Los_Angeles,disneyland,Disneyland,Fantasyland,277,King Arthur Carrousel,TRUE,5,2026-08-23T22:55:31.000Z,2026-08-23 15:55:31,https://queue-times.com/parks/16/queue_times.json
2026-08-23T23:00:25.096Z,2026-08-23 16:00:25,2026-08-23,America/Los_Angeles,disneyland,Disneyland,Fantasyland,278,Mad Tea Party,TRUE,5,2026-08-23T22:55:31.000Z,2026-08-23 15:55:31,https://queue-times.com/parks/16/queue_times.json
2026-08-23T23:00:25.096Z,2026-08-23 16:00:25,2026-08-23,America/Los_Angeles,disneyland,Disneyland,Fantasyland,279,Matterhorn Bobsleds,TRUE,10,2026-08-23T22:55:31.000Z,2026-08-23 15:55:31,https://queue-times.com/parks/16/queue_times.json
2026-08-23T23:00:25.096Z,2026-08-23 16:00:25,2026-08-23,America/Los_Angeles,disneyland,Disneyland,Fantasyland,6711,Meet Disney Princesses at Royal Hall,TRUE,30,2026-08-23T22:55:31.000Z,2026-08-23 15:55:31,https://queue-times.com/parks/16/queue_times.json
2026-08-23T23:00:25.096Z,2026-08-23 16:00:25,2026-08-23,America/Los_Angeles,disneyland,Disneyland,Fantasyland,280,Mr. Toad's Wild Ride,TRUE,5,2026-08-23T22:55:31.000Z,2026-08-23 15:55:31,https://queue-times.com/parks/16/queue_times.json
2026-08-23T23:00:25.096Z,2026-08-23 16:00:25,2026-08-23,America/Los_Angeles,disneyland,Disneyland,Fantasyland,281,Peter Pan's Flight,TRUE,15,2026-08-23T22:55:31.000Z,2026-08-23 15:55:31,https://queue-times.com/parks/16/queue_times.json
2026-08-23T23:00:25.096Z,2026-08-23 16:00:25,2026-08-23,America/Los_Angeles,disneyland,Disneyland,Fantasyland,282,Pinocchio's Daring Journey,TRUE,5,2026-08-23T22:55:31.000Z,2026-08-23 15:55:31,https://queue-times.com/parks/16/queue_times.json
2026-08-23T23:00:25.096Z,2026-08-23 16:00:25,2026-08-23,America/Los_Angeles,disneyland,Disneyland,Fantasyland,687,Sleeping Beauty Castle Walkthrough,FALSE,0,2026-08-23T22:55:31.000Z,2026-08-23 15:55:31,https://queue-times.com/parks/16/queue_times.json
2026-08-23T23:00:25.096Z,2026-08-23 16:00:25,2026-08-23,America/Los_Angeles,disneyland,Disneyland,Fantasyland,283,Snow White's Enchanted Wish,TRUE,10,2026-08-23T22:55:31.000Z,2026-08-23 15:55:31,https://queue-times.com/parks/16/queue_times.json
2026-08-23T23:00:25.096Z,2026-08-23 16:00:25,2026-08-23,America/Los_Angeles,disneyland,Disneyland,Fantasyland,305,Storybook Land Canal Boats,TRUE,5,2026-08-23T22:55:31.000Z,2026-08-23 15:55:31,https://queue-times.com/parks/16/queue_times.json
2026-08-23T23:00:25.096Z,2026-08-23 16:00:25,2026-08-23,America/Los_Angeles,disneyland,Disneyland,Frontierland,323,Big Thunder Mountain Railroad,TRUE,5,2026-08-23T22:55:31.000Z,2026-08-23 15:55:31,https://queue-times.com/parks/16/queue_times.json
2026-08-23T23:00:25.096Z,2026-08-23 16:00:25,2026-08-23,America/Los_Angeles,disneyland,Disneyland,Frontierland,679,Frontierland Shootin' Exposition,FALSE,0,2026-08-23T22:55:31.000Z,2026-08-23 15:55:31,https://queue-times.com/parks/16/queue_times.json
2026-08-23T23:00:25.096Z,2026-08-23 16:00:25,2026-08-23,America/Los_Angeles,disneyland,Disneyland,Frontierland,456,Mark Twain Riverboat,TRUE,10,2026-08-23T22:55:31.000Z,2026-08-23 15:55:31,https://queue-times.com/parks/16/queue_times.json
2026-08-23T23:00:25.096Z,2026-08-23 16:00:25,2026-08-23,America/Los_Angeles,disneyland,Disneyland,Frontierland,331,Pirate's Lair on Tom Sawyer Island,TRUE,5,2026-08-23T22:55:31.000Z,2026-08-23 15:55:31,https://queue-times.com/parks/16/queue_times.json
2026-08-23T23:00:25.096Z,2026-08-23 16:00:25,2026-08-23,America/Los_Angeles,disneyland,Disneyland,Frontierland,328,Sailing Ship Columbia,FALSE,0,2026-08-23T22:55:31.000Z,2026-08-23 15:55:31,https://queue-times.com/parks/16/queue_times.json
2026-08-23T23:00:25.096Z,2026-08-23 16:00:25,2026-08-23,America/Los_Angeles,disneyland,Disneyland,Main Street U.S.A,674,Disneyland Railroad,FALSE,0,2026-08-23T22:55:31.000Z,2026-08-23 15:55:31,https://queue-times.com/parks/16/queue_times.json
2026-08-23T23:00:25.096Z,2026-08-23 16:00:25,2026-08-23,America/Los_Angeles,disneyland,Disneyland,Main Street U.S.A,690,Great Moments with Mr. Lincoln,FALSE,0,2026-08-23T22:55:31.000Z,2026-08-23 15:55:31,https://queue-times.com/parks/16/queue_times.json
2026-08-23T23:00:25.096Z,2026-08-23 16:00:25,2026-08-23,America/Los_Angeles,disneyland,Disneyland,Main Street U.S.A,686,Main Street Cinema,FALSE,0,2026-08-23T22:55:31.000Z,2026-08-23 15:55:31,https://queue-times.com/parks/16/queue_times.json
2026-08-23T23:00:25.096Z,2026-08-23 16:00:25,2026-08-23,America/Los_Angeles,disneyland,Disneyland,Main Street U.S.A,691,Main Street Vehicles,FALSE,0,2026-08-23T22:55:31.000Z,2026-08-23 15:55:31,https://queue-times.com/parks/16/queue_times.json
2026-08-23T23:00:25.096Z,2026-08-23 16:00:25,2026-08-23,America/Los_Angeles,disneyland,Disneyland,Main Street U.S.A,14915,Opera House - Walt Disney - A Magical Life,TRUE,0,2026-08-23T22:55:31.000Z,2026-08-23 15:55:31,https://queue-times.com/parks/16/queue_times.json
2026-08-23T23:00:25.096Z,2026-08-23 16:00:25,2026-08-23,America/Los_Angeles,disneyland,Disneyland,Main Street U.S.A,695,The Disney Gallery,TRUE,0,2026-08-23T22:55:31.000Z,2026-08-23 15:55:31,https://queue-times.com/parks/16/queue_times.json
2026-08-23T23:00:25.096Z,2026-08-23 16:00:25,2026-08-23,America/Los_Angeles,disneyland,Disneyland,Main Street U.S.A,14923,Walt Disney - A Magical Life,TRUE,0,2026-08-23T22:55:31.000Z,2026-08-23 15:55:31,https://queue-times.com/parks/16/queue_times.json
2026-08-23T23:00:25.096Z,2026-08-23 16:00:25,2026-08-23,America/Los_Angeles,disneyland,Disneyland,Mickey's Toontown,324,Chip 'n' Dale's GADGETcoaster,TRUE,5,2026-08-23T22:55:31.000Z,2026-08-23 15:55:31,https://queue-times.com/parks/16/queue_times.json
2026-08-23T23:00:25.096Z,2026-08-23 16:00:25,2026-08-23,America/Los_Angeles,disneyland,Disneyland,Mickey's Toontown,13814,Donald's Duck Pond,TRUE,0,2026-08-23T22:55:31.000Z,2026-08-23 15:55:31,https://queue-times.com/parks/16/queue_times.json
2026-08-23T23:00:25.096Z,2026-08-23 16:00:25,2026-08-23,America/Los_Angeles,disneyland,Disneyland,Mickey's Toontown,11980,Goofy's How-to-Play Yard,TRUE,0,2026-08-23T22:55:31.000Z,2026-08-23 15:55:31,https://queue-times.com/parks/16/queue_times.json
2026-08-23T23:00:25.096Z,2026-08-23 16:00:25,2026-08-23,America/Los_Angeles,disneyland,Disneyland,Mickey's Toontown,11526,Mickey & Minnie's Runaway Railway,TRUE,20,2026-08-23T22:55:31.000Z,2026-08-23 15:55:31,https://queue-times.com/parks/16/queue_times.json
2026-08-23T23:00:25.096Z,2026-08-23 16:00:25,2026-08-23,America/Los_Angeles,disneyland,Disneyland,Mickey's Toontown,709,Mickey's House and Meet Mickey Mouse,TRUE,10,2026-08-23T22:55:31.000Z,2026-08-23 15:55:31,https://queue-times.com/parks/16/queue_times.json
2026-08-23T23:00:25.096Z,2026-08-23 16:00:25,2026-08-23,America/Los_Angeles,disneyland,Disneyland,Mickey's Toontown,327,Mickey's House and Meet Mickey Mouse,FALSE,0,2026-08-23T22:55:31.000Z,2026-08-23 15:55:31,https://queue-times.com/parks/16/queue_times.json
2026-08-23T23:00:25.096Z,2026-08-23 16:00:25,2026-08-23,America/Los_Angeles,disneyland,Disneyland,Mickey's Toontown,684,Minnie's House,TRUE,0,2026-08-23T22:55:31.000Z,2026-08-23 15:55:31,https://queue-times.com/parks/16/queue_times.json
2026-08-23T23:00:25.096Z,2026-08-23 16:00:25,2026-08-23,America/Los_Angeles,disneyland,Disneyland,Mickey's Toontown,332,Roger Rabbit's Car Toon Spin,TRUE,5,2026-08-23T22:55:31.000Z,2026-08-23 15:55:31,https://queue-times.com/parks/16/queue_times.json
2026-08-23T23:00:25.096Z,2026-08-23 16:00:25,2026-08-23,America/Los_Angeles,disneyland,Disneyland,New Orleans Square,13958,Haunted Mansion,FALSE,0,2026-08-21T05:25:59.000Z,2026-08-20 22:25:59,https://queue-times.com/parks/16/queue_times.json
2026-08-23T23:00:25.096Z,2026-08-23 16:00:25,2026-08-23,America/Los_Angeles,disneyland,Disneyland,New Orleans Square,325,Haunted Mansion Holiday,TRUE,35,2026-08-23T22:55:31.000Z,2026-08-23 15:55:31,https://queue-times.com/parks/16/queue_times.json
2026-08-23T23:00:25.096Z,2026-08-23 16:00:25,2026-08-23,America/Los_Angeles,disneyland,Disneyland,New Orleans Square,289,Pirates of the Caribbean,TRUE,15,2026-08-23T22:55:31.000Z,2026-08-23 15:55:31,https://queue-times.com/parks/16/queue_times.json
2026-08-23T23:00:25.096Z,2026-08-23 16:00:25,2026-08-23,America/Los_Angeles,disneyland,Disneyland,Star Wars: Galaxy's Edge,6339,Millennium Falcon: Smugglers Run,TRUE,10,2026-08-23T22:55:31.000Z,2026-08-23 15:55:31,https://queue-times.com/parks/16/queue_times.json
2026-08-23T23:00:25.096Z,2026-08-23 16:00:25,2026-08-23,America/Los_Angeles,disneyland,Disneyland,Star Wars: Galaxy's Edge,10903,Millennium Falcon: Smugglers Run Single Rider,TRUE,0,2026-08-23T22:55:31.000Z,2026-08-23 15:55:31,https://queue-times.com/parks/16/queue_times.json
2026-08-23T23:00:25.096Z,2026-08-23 16:00:25,2026-08-23,America/Los_Angeles,disneyland,Disneyland,Star Wars: Galaxy's Edge,6340,Star Wars: Rise of the Resistance,TRUE,35,2026-08-23T22:55:31.000Z,2026-08-23 15:55:31,https://queue-times.com/parks/16/queue_times.json
2026-08-23T23:00:25.096Z,2026-08-23 16:00:25,2026-08-23,America/Los_Angeles,disneyland,Disneyland,Tomorrowland,287,Astro Orbitor,TRUE,5,2026-08-23T22:55:31.000Z,2026-08-23 15:55:31,https://queue-times.com/parks/16/queue_times.json
2026-08-23T23:00:25.096Z,2026-08-23 16:00:25,2026-08-23,America/Los_Angeles,disneyland,Disneyland,Tomorrowland,317,Autopia,TRUE,5,2026-08-23T22:55:31.000Z,2026-08-23 15:55:31,https://queue-times.com/parks/16/queue_times.json
2026-08-23T23:00:25.096Z,2026-08-23 16:00:25,2026-08-23,America/Los_Angeles,disneyland,Disneyland,Tomorrowland,273,Buzz Lightyear Astro Blasters,TRUE,5,2026-08-23T22:55:31.000Z,2026-08-23 15:55:31,https://queue-times.com/parks/16/queue_times.json
2026-08-23T23:00:25.096Z,2026-08-23 16:00:25,2026-08-23,America/Los_Angeles,disneyland,Disneyland,Tomorrowland,274,Disneyland Monorail,FALSE,0,2026-08-23T22:55:31.000Z,2026-08-23 15:55:31,https://queue-times.com/parks/16/queue_times.json
2026-08-23T23:00:25.096Z,2026-08-23 16:00:25,2026-08-23,America/Los_Angeles,disneyland,Disneyland,Tomorrowland,276,Finding Nemo Submarine Voyage,TRUE,10,2026-08-23T22:55:31.000Z,2026-08-23 15:55:31,https://queue-times.com/parks/16/queue_times.json
2026-08-23T23:00:25.096Z,2026-08-23 16:00:25,2026-08-23,America/Los_Angeles,disneyland,Disneyland,Tomorrowland,16627,Pixar Short Film Spotlight,FALSE,0,2026-08-23T22:55:31.000Z,2026-08-23 15:55:31,https://queue-times.com/parks/16/queue_times.json
2026-08-23T23:00:25.096Z,2026-08-23 16:00:25,2026-08-23,America/Los_Angeles,disneyland,Disneyland,Tomorrowland,284,Space Mountain,TRUE,30,2026-08-23T22:55:31.000Z,2026-08-23 15:55:31,https://queue-times.com/parks/16/queue_times.json
2026-08-23T23:00:25.096Z,2026-08-23 16:00:25,2026-08-23,America/Los_Angeles,disneyland,Disneyland,Tomorrowland,286,Star Tours - The Adventures Continue,TRUE,5,2026-08-23T22:55:31.000Z,2026-08-23 15:55:31,https://queue-times.com/parks/16/queue_times.json
2026-08-23T23:00:25.096Z,2026-08-23 16:00:25,2026-08-23,America/Los_Angeles,dca,Disney California Adventure,Avengers Campus,329,Guardians of the Galaxy - Mission: BREAKOUT!,FALSE,0,2026-08-23T22:55:43.000Z,2026-08-23 15:55:43,https://queue-times.com/parks/17/queue_times.json
2026-08-23T23:00:25.096Z,2026-08-23 16:00:25,2026-08-23,America/Los_Angeles,dca,Disney California Adventure,Avengers Campus,8843,WEB SLINGERS: A Spider-Man Adventure,TRUE,45,2026-08-23T22:55:43.000Z,2026-08-23 15:55:43,https://queue-times.com/parks/17/queue_times.json
2026-08-23T23:00:25.096Z,2026-08-23 16:00:25,2026-08-23,America/Los_Angeles,dca,Disney California Adventure,Avengers Campus,10907,WEB SLINGERS: A Spider-Man Adventure Single Rider,TRUE,0,2026-08-23T22:55:43.000Z,2026-08-23 15:55:43,https://queue-times.com/parks/17/queue_times.json
2026-08-23T23:00:25.096Z,2026-08-23 16:00:25,2026-08-23,America/Los_Angeles,dca,Disney California Adventure,Cars Land,2608,Luigi's Honkin' Haul-O-Ween,TRUE,20,2026-08-23T22:55:43.000Z,2026-08-23 15:55:43,https://queue-times.com/parks/17/queue_times.json
2026-08-23T23:00:25.096Z,2026-08-23 16:00:25,2026-08-23,America/Los_Angeles,dca,Disney California Adventure,Cars Land,13961,Luigi's Rollickin' Roadsters,FALSE,0,2026-08-18T08:55:45.000Z,2026-08-18 01:55:45,https://queue-times.com/parks/17/queue_times.json
2026-08-23T23:00:25.096Z,2026-08-23 16:00:25,2026-08-23,America/Los_Angeles,dca,Disney California Adventure,Cars Land,315,Mater's Junkyard Jamboree,FALSE,0,2026-08-18T08:55:45.000Z,2026-08-18 01:55:45,https://queue-times.com/parks/17/queue_times.json
2026-08-23T23:00:25.096Z,2026-08-23 16:00:25,2026-08-23,America/Los_Angeles,dca,Disney California Adventure,Cars Land,295,Radiator Springs Racers,TRUE,65,2026-08-23T22:55:43.000Z,2026-08-23 15:55:43,https://queue-times.com/parks/17/queue_times.json
2026-08-23T23:00:25.096Z,2026-08-23 16:00:25,2026-08-23,America/Los_Angeles,dca,Disney California Adventure,Cars Land,10904,Radiator Springs Racers Single Rider,TRUE,0,2026-08-23T22:55:43.000Z,2026-08-23 15:55:43,https://queue-times.com/parks/17/queue_times.json
2026-08-23T23:00:25.096Z,2026-08-23 16:00:25,2026-08-23,America/Los_Angeles,dca,Disney California Adventure,Grizzly Peak,302,Grizzly River Run,TRUE,50,2026-08-23T22:55:43.000Z,2026-08-23 15:55:43,https://queue-times.com/parks/17/queue_times.json
2026-08-23T23:00:25.096Z,2026-08-23 16:00:25,2026-08-23,America/Los_Angeles,dca,Disney California Adventure,Grizzly Peak,293,Redwood Creek Challenge Trail,TRUE,5,2026-08-23T22:55:43.000Z,2026-08-23 15:55:43,https://queue-times.com/parks/17/queue_times.json
2026-08-23T23:00:25.096Z,2026-08-23 16:00:25,2026-08-23,America/Los_Angeles,dca,Disney California Adventure,Grizzly Peak,17129,Soarin’ Across America,TRUE,40,2026-08-23T22:55:43.000Z,2026-08-23 15:55:43,https://queue-times.com/parks/17/queue_times.json
2026-08-23T23:00:25.096Z,2026-08-23 16:00:25,2026-08-23,America/Los_Angeles,dca,Disney California Adventure,Hollywood Land,321,Animation Academy,TRUE,0,2026-08-23T22:55:43.000Z,2026-08-23 15:55:43,https://queue-times.com/parks/17/queue_times.json
2026-08-23T23:00:25.096Z,2026-08-23 16:00:25,2026-08-23,America/Los_Angeles,dca,Disney California Adventure,Hollywood Land,6440,Mickey's PhilharMagic,TRUE,10,2026-08-23T22:55:43.000Z,2026-08-23 15:55:43,https://queue-times.com/parks/17/queue_times.json
2026-08-23T23:00:25.096Z,2026-08-23 16:00:25,2026-08-23,America/Los_Angeles,dca,Disney California Adventure,Hollywood Land,291,"Monsters, Inc. Mike & Sulley to the Rescue!",TRUE,45,2026-08-23T22:55:43.000Z,2026-08-23 15:55:43,https://queue-times.com/parks/17/queue_times.json
2026-08-23T23:00:25.096Z,2026-08-23 16:00:25,2026-08-23,America/Los_Angeles,dca,Disney California Adventure,Hollywood Land,868,Sorcerer's Workshop,TRUE,0,2026-08-23T22:55:43.000Z,2026-08-23 15:55:43,https://queue-times.com/parks/17/queue_times.json
2026-08-23T23:00:25.096Z,2026-08-23 16:00:25,2026-08-23,America/Los_Angeles,dca,Disney California Adventure,Hollywood Land,294,Turtle Talk with Crush,TRUE,0,2026-08-23T22:55:43.000Z,2026-08-23 15:55:43,https://queue-times.com/parks/17/queue_times.json
2026-08-23T23:00:25.096Z,2026-08-23 16:00:25,2026-08-23,America/Los_Angeles,dca,Disney California Adventure,Pacific Wharf,869,The Bakery Tour,TRUE,0,2026-08-23T22:55:43.000Z,2026-08-23 15:55:43,https://queue-times.com/parks/17/queue_times.json
2026-08-23T23:00:25.096Z,2026-08-23 16:00:25,2026-08-23,America/Los_Angeles,dca,Disney California Adventure,Paradise Gardens Park,298,Golden Zephyr,FALSE,0,2026-08-23T22:55:43.000Z,2026-08-23 15:55:43,https://queue-times.com/parks/17/queue_times.json
2026-08-23T23:00:25.096Z,2026-08-23 16:00:25,2026-08-23,America/Los_Angeles,dca,Disney California Adventure,Paradise Gardens Park,319,Goofy's Sky School,FALSE,0,2026-08-23T22:55:43.000Z,2026-08-23 15:55:43,https://queue-times.com/parks/17/queue_times.json
2026-08-23T23:00:25.096Z,2026-08-23 16:00:25,2026-08-23,America/Los_Angeles,dca,Disney California Adventure,Paradise Gardens Park,301,Silly Symphony Swings,FALSE,0,2026-08-23T22:55:43.000Z,2026-08-23 15:55:43,https://queue-times.com/parks/17/queue_times.json
2026-08-23T23:00:25.096Z,2026-08-23 16:00:25,2026-08-23,America/Los_Angeles,dca,Disney California Adventure,Paradise Gardens Park,316,The Little Mermaid - Ariel's Undersea Adventure,FALSE,0,2026-08-23T22:55:43.000Z,2026-08-23 15:55:43,https://queue-times.com/parks/17/queue_times.json
2026-08-23T23:00:25.096Z,2026-08-23 16:00:25,2026-08-23,America/Los_Angeles,dca,Disney California Adventure,Paradise Gardens Park,11528,World of Color – ONE,FALSE,0,2026-08-23T22:55:43.000Z,2026-08-23 15:55:43,https://queue-times.com/parks/17/queue_times.json
2026-08-23T23:00:25.096Z,2026-08-23 16:00:25,2026-08-23,America/Los_Angeles,dca,Disney California Adventure,Pixar Pier,866,Games of Pixar Pier,TRUE,0,2026-08-23T22:55:43.000Z,2026-08-23 15:55:43,https://queue-times.com/parks/17/queue_times.json
2026-08-23T23:00:25.096Z,2026-08-23 16:00:25,2026-08-23,America/Los_Angeles,dca,Disney California Adventure,Pixar Pier,322,Incredicoaster,FALSE,0,2026-08-23T22:55:43.000Z,2026-08-23 15:55:43,https://queue-times.com/parks/17/queue_times.json
2026-08-23T23:00:25.096Z,2026-08-23 16:00:25,2026-08-23,America/Los_Angeles,dca,Disney California Adventure,Pixar Pier,10906,Incredicoaster Single Rider,FALSE,0,2026-08-23T22:55:43.000Z,2026-08-23 15:55:43,https://queue-times.com/parks/17/queue_times.json
2026-08-23T23:00:25.096Z,2026-08-23 16:00:25,2026-08-23,America/Los_Angeles,dca,Disney California Adventure,Pixar Pier,6643,Inside Out Emotional Whirlwind,TRUE,5,2026-08-23T22:55:43.000Z,2026-08-23 15:55:43,https://queue-times.com/parks/17/queue_times.json
2026-08-23T23:00:25.096Z,2026-08-23 16:00:25,2026-08-23,America/Los_Angeles,dca,Disney California Adventure,Pixar Pier,310,Jessie's Critter Carousel,TRUE,5,2026-08-23T22:55:43.000Z,2026-08-23 15:55:43,https://queue-times.com/parks/17/queue_times.json
2026-08-23T23:00:25.096Z,2026-08-23 16:00:25,2026-08-23,America/Los_Angeles,dca,Disney California Adventure,Pixar Pier,300,Jumpin' Jellyfish,TRUE,10,2026-08-23T22:55:43.000Z,2026-08-23 15:55:43,https://queue-times.com/parks/17/queue_times.json
2026-08-23T23:00:25.096Z,2026-08-23 16:00:25,2026-08-23,America/Los_Angeles,dca,Disney California Adventure,Pixar Pier,311,Pixar Pal-A-Round - Swinging,TRUE,5,2026-08-23T22:55:43.000Z,2026-08-23 15:55:43,https://queue-times.com/parks/17/queue_times.json
2026-08-23T23:00:25.096Z,2026-08-23 16:00:25,2026-08-23,America/Los_Angeles,dca,Disney California Adventure,Pixar Pier,5557,Pixar Pal-A-Round – Non-Swinging,TRUE,10,2026-08-23T22:55:43.000Z,2026-08-23 15:55:43,https://queue-times.com/parks/17/queue_times.json
2026-08-23T23:00:25.096Z,2026-08-23 16:00:25,2026-08-23,America/Los_Angeles,dca,Disney California Adventure,Pixar Pier,313,Toy Story Midway Mania!,TRUE,50,2026-08-23T22:55:43.000Z,2026-08-23 15:55:43,https://queue-times.com/parks/17/queue_times.json
2026-08-23T23:00:25.096Z,2026-08-23 16:00:25,2026-08-23,America/Los_Angeles,dca,Disney California Adventure,Halloween,5146,Guardians of the Galaxy - Monsters After Dark,TRUE,45,2026-08-23T22:55:43.000Z,2026-08-23 15:55:43,https://queue-times.com/parks/17/queue_times.json
2026-08-23T23:00:25.096Z,2026-08-23 16:00:25,2026-08-23,America/Los_Angeles,dca,Disney California Adventure,Halloween,4723,Mater's Graveyard JamBOOree,TRUE,15,2026-08-23T22:55:43.000Z,2026-08-23 15:55:43,https://queue-times.com/parks/17/queue_times.json
2026-08-23T23:00:25.096Z,2026-08-23 16:00:25,2026-08-23,America/Los_Angeles,dca,Disney California Adventure,Halloween,7292,Villains Grove at Oogie Boogie Bash,FALSE,0,2026-08-23T22:55:43.000Z,2026-08-23 15:55:43,https://queue-times.com/parks/17/queue_times.json
